row_id,split,actual_rent,predicted_rent,residual
1124,train,95000,68735.3740460473,26264.625953952695
3886,train,12000,25276.750564390324,-13276.750564390324
4122,train,14000,13691.724270788241,308.2757292117585
2762,train,6500,10357.311392498646,-3857.3113924986465
1963,train,30000,22276.501469381088,7723.498530618912
345,train,12000,10309.94997834843,1690.0500216515702
3892,train,20000,22023.6058377795,-2023.6058377795016
3420,train,6250,11327.235004856702,-5077.235004856702
2348,train,6000,5856.669703176865,143.33029682313463
4572,train,37000,29258.74773558435,7741.252264415649
288,train,7000,7993.06871173468,-993.0687117346797
3875,train,58000,45331.04015614028,12668.959843859717
4652,train,9000,13225.713248108354,-4225.713248108354
2920,train,10000,12498.135645576856,-2498.1356455768564
641,train,68000,59519.0645014841,8480.9354985159
3749,train,5000,4972.675435101686,27.324564898313838
3972,train,24000,14978.510331438223,9021.489668561777
1625,train,22000,23579.55462646228,-1579.554626462279
1703,train,20000,13600.370863862818,6399.629136137182
3288,train,35000,18553.809029779644,16446.190970220356
3553,train,13000,18554.801341239705,-5554.801341239705
1465,train,70000,57083.720778616575,12916.279221383425
3938,train,13000,11129.172534699614,1870.8274653003864
885,train,32000,33420.19385989424,-1420.1938598942434
3121,train,11000,8899.801681684608,2100.1983183153916
2055,train,18000,12679.389534191612,5320.610465808388
381,train,12000,16031.717650974371,-4031.7176509743713
2810,train,9500,15106.281680192693,-5606.281680192693
2885,train,33500,22136.50957151382,11363.49042848618
3883,train,16000,19784.511888219666,-3784.5118882196657
2801,train,13000,20673.680127519314,-7673.680127519314
2695,train,7500,12277.152039668294,-4777.152039668294
1899,train,75000,49889.03089923105,25110.969100768947
4455,train,16000,17477.977504323975,-1477.9775043239752
3793,train,10000,10642.209983969242,-642.2099839692419
3668,train,9000,15055.634259561853,-6055.6342595618535
1839,train,16500,19532.588888894865,-3032.588888894865
3894,train,12500,13075.742190193356,-575.7421901933558
1355,train,52000,45549.32660509778,6450.673394902216
2697,train,14000,13632.80344088457,367.1965591154294
514,train,22000,22332.099487955787,-332.0994879557875
927,train,30000,24231.29602468606,5768.70397531394
1104,train,17000,20313.414280751807,-3313.4142807518074
3360,train,8000,8407.983425551249,-407.98342555124873
2768,train,30000,49764.60766802301,-19764.60766802301
1165,train,52000,70391.45568757883,-18391.455687578826
2715,train,18000,15428.021569375302,2571.9784306246984
4305,train,6000,8272.072143998828,-2272.0721439988283
1257,train,100000,147923.89174154567,-47923.89174154567
2594,train,18000,22841.44994902085,-4841.449949020851
3217,train,20000,26398.577001493995,-6398.577001493995
3163,train,10000,14822.280867917,-4822.280867916999
1554,train,15000,15089.052177550451,-89.05217755045123
3088,train,26000,28665.82245971333,-2665.8224597133303
998,train,70000,97617.06941871495,-27617.06941871495
417,train,6500,7536.979989264264,-1036.979989264264
427,train,5500,5627.124590331637,-127.12459033163668
2632,train,40000,22432.12938122808,17567.87061877192
4519,train,18000,21480.608414794286,-3480.6084147942856
850,train,190000,257490.71001205457,-67490.71001205457
3968,train,11000,10735.8821433148,264.1178566851995
4003,train,6000,8207.521736757686,-2207.521736757686
3265,train,24000,37926.49601661535,-13926.496016615347
108,train,8000,9578.828937758795,-1578.8289377587953
3309,train,7500,8102.34403848803,-602.3440384880296
3872,train,60000,40552.60116275945,19447.39883724055
2286,train,15000,10728.494998314027,4271.505001685973
1950,train,40000,27837.641663461894,12162.358336538106
3657,train,20000,22172.176991430188,-2172.1769914301876
4546,train,10000,12007.704161180603,-2007.7041611806035
4600,train,20000,13075.61798980646,6924.38201019354
2379,train,80000,42589.296136902965,37410.703863097035
4379,train,12500,12687.09308073624,-187.09308073624015
3836,train,20000,18083.849420139653,1916.1505798603466
2806,train,14000,8844.006038721505,5155.993961278495
376,train,7000,7330.659811451929,-330.6598114519293
2051,train,7000,6983.546613921637,16.45338607836311
1805,train,15000,9845.847086726644,5154.152913273356
2744,train,12000,13597.905919454355,-1597.9059194543552
549,train,20000,20696.147980099613,-696.147980099613
1378,train,24000,34871.0516752431,-10871.0516752431
2728,train,13500,23076.048537231127,-9576.048537231127
3220,train,11000,11781.539574332995,-781.5395743329955
575,train,40000,39270.63944793686,729.360552063139
468,train,6500,6999.650372354611,-499.65037235461114
213,train,11000,9079.483020730378,1920.5169792696215
3526,train,15000,21656.17975966273,-6656.179759662729
4278,train,15000,14207.231407008003,792.7685929919971
677,train,55000,77632.29086299149,-22632.29086299149
3410,train,15000,27960.65579818325,-12960.655798183248
3041,train,12000,15702.47336212195,-3702.4733621219493
1994,train,22000,23519.740868345358,-1519.7408683453577
1222,train,21000,23476.55078096056,-2476.5507809605588
1570,train,8500,10353.67027112405,-1853.6702711240505
4271,train,13000,16073.82740736571,-3073.8274073657103
438,train,5000,5608.465761821516,-608.465761821516
821,train,34000,31422.77200880459,2577.22799119541
4449,train,9000,7560.38410446504,1439.6158955349601
3025,train,11200,11463.186099395101,-263.18609939510134
530,train,300000,404285.41374082107,-104285.41374082107
2702,train,4000,5893.870862555454,-1893.8708625554536
3884,train,18000,29122.329050499193,-11122.329050499193
2745,train,13500,10944.313239589274,2555.6867604107265
1722,train,19000,15630.905848270593,3369.094151729407
1704,train,28000,27331.52924738689,668.4707526131097
661,train,35000,50603.76134678363,-15603.761346783627
1243,train,72000,45613.35004740607,26386.64995259393
1027,train,230000,100102.83961470459,129897.16038529541
4463,train,20000,18584.749728960767,1415.2502710392328
2210,train,10000,13184.659167319025,-3184.659167319025
1607,train,6000,10606.590801216887,-4606.5908012168875
163,train,9000,11863.167384698958,-2863.167384698958
3591,train,7000,5206.469067982366,1793.5309320176339
4262,train,10000,7332.621834303613,2667.3781656963874
2722,train,20000,18549.833851159012,1450.1661488409882
4058,train,30000,36387.78717980317,-6387.78717980317
3627,train,15000,14517.506297239108,482.4937027608921
3187,train,13000,17404.02188231211,-4404.02188231211
812,train,36000,44462.08381668662,-8462.083816686623
1508,train,13500,9047.274170361117,4452.725829638883
2811,train,15000,18527.306653486532,-3527.306653486532
3362,train,12000,14437.813533240984,-2437.813533240984
4457,train,12000,13479.891189638725,-1479.8911896387253
421,train,12000,10927.912569149044,1072.0874308509556
1477,train,70000,65264.410431037955,4735.589568962045
1588,train,10000,10619.184218293874,-619.1842182938744
313,train,15000,15606.062167109698,-606.0621671096978
3945,train,12000,13694.254751117705,-1694.2547511177054
2161,train,24000,21814.330812563356,2185.6691874366443
277,train,15000,7362.422308793293,7637.577691206707
2750,train,9000,11883.949169217425,-2883.949169217425
140,train,12500,11455.233365507147,1044.766634492853
1383,train,37000,47675.06272042473,-10675.062720424728
2708,train,10000,8603.632985067376,1396.3670149326244
1881,train,15000,13744.206842479902,1255.7931575200982
4448,train,400000,133671.3215279547,266328.67847204534
310,train,9000,6987.096790442686,2012.9032095573139
3601,train,18000,16510.856080547524,1489.1439194524755
4279,train,15000,8006.825884503978,6993.174115496022
3190,train,15000,14392.970570230063,607.0294297699365
1347,train,20000,17193.3532197695,2806.6467802305015
2295,train,30000,23313.97597970798,6686.024020292021
189,train,6500,3854.1600501779394,2645.8399498220606
1923,train,24000,15622.786721575247,8377.213278424753
1842,train,17000,14565.354206830842,2434.6457931691584
1155,train,38000,50272.83573409065,-12272.835734090651
3933,train,23000,13009.997609665514,9990.002390334486
61,train,30000,27342.94227448202,2657.0577255179815
1691,train,20000,16929.494775331845,3070.5052246681553
499,train,6000,7522.189871645849,-1522.189871645849
1733,train,12500,12767.08237031684,-267.08237031684075
2555,train,6000,8892.457963469611,-2892.457963469611
2004,train,15000,8663.49365290766,6336.50634709234
1337,train,110000,102273.65210938634,7726.347890613659
2652,train,60000,53758.11033076321,6241.8896692367925
3823,train,22000,23392.712968851032,-1392.7129688510322
2193,train,34000,34222.668449002915,-222.6684490029147
1425,train,35000,39906.27850921426,-4906.2785092142585
2893,train,16000,23438.254723844973,-7438.254723844973
687,train,100000,67490.24649944427,32509.75350055573
1517,train,7500,8114.603798044944,-614.6037980449437
852,train,75000,105103.01629557056,-30103.01629557056
4726,train,35000,25042.724537471968,9957.275462528032
261,train,7000,8336.605340867387,-1336.605340867387
4487,train,18000,15315.923629212817,2684.076370787183
3852,train,15000,11999.24171999727,3000.7582800027303
4246,train,18000,13267.980065028732,4732.0199349712675
584,train,13000,26685.727712725533,-13685.727712725533
1305,train,51000,50710.99180525933,289.0081947406725
875,train,15000,11366.545570941187,3633.454429058813
4116,train,14000,14970.81494353669,-970.8149435366904
1608,train,17000,10794.30659080468,6205.693409195321
4302,train,18000,21056.13651103107,-3056.136511031069
1560,train,12000,6561.089758303101,5438.910241696899
827,train,40000,45345.96528762175,-5345.9652876217515
625,train,85000,73611.35832128233,11388.641678717671
4274,train,25000,15509.076520569957,9490.923479430043
1984,train,11000,8033.7402578117035,2966.2597421882965
1642,train,12000,17327.226829211064,-5327.226829211064
1278,train,15000,17035.864965836565,-2035.8649658365648
4468,train,24000,27968.559887816267,-3968.5598878162673
1742,train,14000,34131.584811245666,-20131.584811245666
4400,train,50000,71285.32824908438,-21285.328249084385
522,train,25000,12661.627113881192,12338.372886118808
4688,train,12000,11170.292141894153,829.7078581058468
614,train,120000,47676.5785413285,72323.42145867151
2223,train,28000,30433.28413916391,-2433.2841391639085
2483,train,12000,15690.763406816857,-3690.7634068168572
2281,train,22000,28813.9630899381,-6813.963089938101
3394,train,20000,22924.374368348763,-2924.374368348763
2698,train,18000,27135.582282433552,-9135.582282433552
935,train,18000,24950.57663458549,-6950.57663458549
1987,train,55000,38350.540845073825,16649.459154926175
483,train,5000,5337.461961213331,-337.46196121333105
4396,train,24000,15566.475675277557,8433.524324722443
2047,train,11000,9770.077628743125,1229.9223712568746
459,train,22500,16966.44320978517,5533.556790214829
4615,train,5000,7867.476440406344,-2867.4764404063444
4156,train,31000,38093.983597786464,-7093.983597786464
3871,train,10000,9853.3456792598,146.65432074019918
2116,train,14000,11250.779561586838,2749.220438413162
3081,train,12000,16922.310793851684,-4922.310793851684
4094,train,12000,11957.519326433949,42.48067356605134
4632,train,9000,10135.996407080216,-1135.9964070802162
4229,train,8000,7604.347745455498,395.6522545445023
3713,train,19000,13435.042676877072,5564.957323122928
2010,train,50000,25762.72675371541,24237.27324628459
1589,train,7000,3796.6955462314945,3203.3044537685055
1139,train,77000,106096.36507664989,-29096.36507664989
2494,train,14000,13762.271606864357,237.72839313564327
1552,train,84000,58698.583666293765,25301.416333706235
3294,train,65000,66419.24449942107,-1419.2444994210673
3145,train,8500,6422.188071875254,2077.8119281247464
1751,train,7500,9159.216447008484,-1659.2164470084845
30,train,7500,4718.500432901059,2781.499567098941
462,train,14000,11662.77487406666,2337.2251259333407
3110,train,9000,7743.169331284781,1256.830668715219
3479,train,12000,12229.131643026905,-229.1316430269053
2545,train,36000,35111.27219746694,888.7278025330597
2384,train,40000,23819.43142214541,16180.568577854589
1546,train,16000,14470.181057919788,1529.8189420802119
917,train,8000,22303.076755721733,-14303.076755721733
4601,train,10000,12537.81050811184,-2537.810508111839
432,train,5500,7793.381416961569,-2293.381416961569
4668,train,7000,12952.799631200991,-5952.799631200991
901,train,75000,115130.70728846289,-40130.70728846289
3599,train,22000,24630.75278383867,-2630.7527838386704
1882,train,11000,11452.20097860678,-452.20097860677924
1939,train,24000,20578.8129797673,3421.187020232701
2077,train,11000,10031.785548165979,968.214451834021
2662,train,35000,52285.17759037364,-17285.17759037364
1685,train,17500,16275.968256434633,1224.031743565367
1036,train,100000,157685.07420640078,-57685.07420640078
3856,train,20000,12889.251726410703,7110.748273589297
406,train,5500,7625.576300338523,-2125.5763003385227
3233,train,25000,20035.34714731209,4964.652852687908
1880,train,10000,13980.659214825537,-3980.6592148255368
3802,train,14000,15158.45302097982,-1158.4530209798195
1537,train,7500,7543.507751799574,-43.50775179957418
4389,train,15000,23267.378771045802,-8267.378771045802
1185,train,76000,42034.37125416826,33965.62874583174
418,train,4500,5523.732988849648,-1023.7329888496479
1068,train,130000,112890.51351776301,17109.486482236985
3838,train,15000,13664.902010607462,1335.0979893925378
4501,train,8000,8395.164029769909,-395.16402976990867
4548,train,10000,11044.149779842475,-1044.1497798424753
2082,train,10000,9548.387912759135,451.61208724086464
3558,train,24000,23198.447228228575,801.5527717714249
2248,train,12000,14163.867716846416,-2163.8677168464164
147,train,8000,10071.655557463326,-2071.6555574633257
4133,train,20000,14032.636271292527,5967.363728707473
137,train,17500,19455.7533744653,-1955.753374465301
76,train,5500,7576.737321601847,-2076.737321601847
4565,train,18000,16858.878371624887,1141.1216283751128
2218,train,40000,27235.744931663416,12764.255068336584
833,train,80000,151276.65237321734,-71276.65237321734
1188,train,39000,50653.3366200159,-11653.3366200159
43,train,8500,8298.40476595917,201.59523404082938
3680,train,8000,13298.316786214204,-5298.316786214204
2257,train,7000,7848.135213417052,-848.135213417052
2529,train,24000,10272.209339848961,13727.790660151039
4678,train,30000,16122.404730125341,13877.595269874659
4492,train,37000,27784.10540041698,9215.894599583022
2639,train,15000,13641.687306441561,1358.3126935584387
2492,train,14000,11365.296764171751,2634.7032358282486
3011,train,22000,14991.776799326562,7008.2232006734375
838,train,450000,539319.526993398,-89319.52699339797
3332,train,20000,25704.683179160915,-5704.683179160915
3720,train,40000,35757.696131332144,4242.303868667856
323,train,8500,11439.394192541924,-2939.394192541924
4023,train,12000,14166.836063106866,-2166.8360631068663
3733,train,20000,18855.212154108714,1144.7878458912855
274,train,30000,58519.83261993803,-28519.83261993803
1373,train,24000,34501.255558094475,-10501.255558094475
3336,train,23000,20169.37188817169,2830.6281118283114
2783,train,10000,12479.673966292874,-2479.673966292874
169,train,40000,18513.444327524467,21486.555672475533
2541,train,16000,20742.804634328946,-4742.804634328946
1461,train,30000,38227.887669957614,-8227.887669957614
2903,train,110000,74481.58079374376,35518.419206256236
2990,train,26000,25619.137707676047,380.8622923239527
4685,train,17000,13378.757868113702,3621.242131886298
894,train,15500,18440.05227828859,-2940.052278288589
4007,train,25000,16289.89572311875,8710.10427688125
631,train,50000,50063.42840154022,-63.428401540222694
2777,train,6500,7271.787433631039,-771.7874336310388
3455,train,45000,52210.32143309084,-7210.321433090838
2230,train,16000,11419.489664360122,4580.510335639878
3723,train,35000,16266.754649913286,18733.245350086712
2886,train,9500,8636.605530758321,863.394469241679
4472,train,15000,13798.323450182328,1201.676549817672
2408,train,9000,13404.41477491683,-4404.41477491683
730,train,95000,121572.30526263996,-26572.30526263996
2184,train,24000,20163.757522923723,3836.2424770762773
703,train,40000,46751.16909113419,-6751.169091134187
652,train,43000,49162.81035068586,-6162.810350685861
1280,train,13000,32081.77460805998,-19081.77460805998
4213,train,42000,39005.656262611716,2994.3437373882844
1905,train,6000,7924.4178464238885,-1924.4178464238885
4298,train,13000,14047.697638458654,-1047.6976384586542
484,train,10000,11715.215403687766,-1715.2154036877655
3146,train,20000,66242.38383065873,-46242.38383065873
1955,train,15000,14915.699786318935,84.30021368106463
4100,train,16500,21572.568030952683,-5072.568030952683
2053,train,4800,6934.433644831416,-2134.433644831416
4067,train,1200,27203.315746144992,-26003.315746144992
302,train,20000,11575.7411337895,8424.2588662105
2967,train,7500,7827.132291531533,-327.13229153153316
4127,train,10000,13126.218972567314,-3126.2189725673143
3285,train,8000,9620.052035253695,-1620.052035253695
1809,train,22000,10885.040220391707,11114.959779608293
4360,train,26000,20063.951426989785,5936.0485730102155
1973,train,70000,26936.742037576034,43063.257962423966
1614,train,7000,6369.203961144069,630.7960388559313
3192,train,19000,15835.624474874074,3164.3755251259263
3764,train,6000,5753.341510663665,246.65848933633515
2352,train,17500,14316.365753150554,3183.634246849446
4150,train,12000,14016.733812599643,-2016.733812599643
2241,train,14000,12036.258508511028,1963.7414914889723
2930,train,5500,8455.156067344333,-2955.1560673443328
610,train,50000,47526.08427164927,2473.91572835073
3791,train,12500,8627.528006575434,3872.471993424566
3056,train,22000,20822.20431164763,1177.7956883523693
1783,train,20000,15649.731555736982,4350.268444263018
776,train,150000,147439.351735868,2560.6482641320035
4513,train,60000,42420.25266079801,17579.74733920199
1116,train,55000,73703.42274315689,-18703.422743156887
2140,train,13900,12097.13727230291,1802.8627276970892
3468,train,26000,25187.751204711338,812.2487952886622
2106,train,12000,9796.108947817856,2203.8910521821435
1380,train,600000,816628.6923682257,-216628.69236822566
4201,train,10000,13127.151161650663,-3127.151161650663
2871,train,30000,25283.26560536051,4716.73439463949
191,train,9000,8021.949235540896,978.0507644591044
1046,train,27000,23658.630415234988,3341.3695847650124
973,train,85000,56692.02423567352,28307.975764326482
4499,train,35000,30834.777197862284,4165.222802137716
449,train,4000,4673.790279668249,-673.7902796682492
628,train,50000,64500.936272651306,-14500.936272651306
1403,train,20000,12607.047443412439,7392.952556587561
4311,train,9500,12443.736415127165,-2943.736415127165
3416,train,10000,10922.913903225606,-922.9139032256062
1303,train,50000,64318.494233065765,-14318.494233065765
3383,train,30000,25753.630978110432,4246.369021889568
4293,train,70000,49512.42853211651,20487.571467883492
616,train,110000,124024.39117685768,-14024.39117685768
745,train,100000,143059.95430908783,-43059.95430908783
193,train,12000,9720.443460215007,2279.556539784993
1862,train,8000,11881.5971777445,-3881.5971777444993
1449,train,45000,23296.81787615412,21703.18212384588
3064,train,40000,51623.07742188351,-11623.077421883507
46,train,4600,6973.962665795622,-2373.9626657956223
4291,train,12000,11476.29501423357,523.7049857664297
3950,train,4000,6747.6800258314215,-2747.6800258314215
3506,train,15000,18727.48283141261,-3727.48283141261
1107,train,35500,38160.99686380894,-2660.9968638089413
4102,train,8500,10800.34866076799,-2300.3486607679897
2143,train,13000,15610.510496951601,-2610.5104969516015
2369,train,7500,11133.407757403565,-3633.4077574035655
642,train,150000,144623.24100395665,5376.758996043354
3061,train,8000,8355.20037610805,-355.2003761080505
4074,train,35000,29321.71746315966,5678.282536840339
1225,train,65000,110441.80350703301,-45441.80350703301
777,train,230000,285917.6851096046,-55917.685109604616
3545,train,26000,37955.43230430686,-11955.432304306858
4154,train,6000,6155.562755383182,-155.56275538318187
3249,train,15000,12467.4854350107,2532.5145649893
3931,train,22000,30141.640660203953,-8141.640660203953
1158,train,180000,84608.15938422801,95391.84061577199
3168,train,14000,23644.02101617872,-9644.021016178722
815,train,42000,37741.43369907241,4258.566300927589
2381,train,14000,29580.78589794847,-15580.78589794847
4357,train,18000,12780.864586797947,5219.135413202053
1284,train,360000,411882.6190096001,-51882.61900960008
331,train,6500,5817.242337326599,682.7576626734008
788,train,170000,143130.17193603277,26869.82806396723
1834,train,12500,12200.429581231074,299.5704187689262
4054,train,14000,10739.344232455256,3260.655767544744
1746,train,55000,42723.95900690582,12276.040993094182
1292,train,65000,64863.05151333539,136.94848666460894
883,train,45000,36410.432630597985,8589.567369402015
2269,train,7000,8549.253874913136,-1549.2538749131363
4339,train,10000,13503.874584038846,-3503.8745840388456
4284,train,9500,7605.568635424094,1894.4313645759057
289,train,3500,3984.9388752737386,-484.93887527373863
4515,train,9000,11975.950285052795,-2975.950285052795
2879,train,28000,42870.319872141845,-14870.319872141845
2201,train,16500,14709.293411564011,1790.706588435989
1960,train,26969,30566.520369199327,-3597.5203691993265
4530,train,8000,10175.366149923875,-2175.366149923875
2824,train,9300,15427.486819991265,-6127.486819991265
263,train,6000,5460.539944061615,539.4600559383853
3020,train,5000,7425.268324883234,-2425.2683248832336
3299,train,26000,21731.604895673256,4268.395104326744
2006,train,27000,20032.77144506503,6967.228554934969
3547,train,15000,8414.253240242315,6585.746759757685
1864,train,15000,13255.433414999567,1744.5665850004334
441,train,5500,4561.883911462304,938.1160885376958
1515,train,7500,9700.380226683295,-2200.3802266832954
1412,train,45000,47606.50499220566,-2606.504992205657
2798,train,37000,15747.966535298434,21252.033464701566
4331,train,6000,7796.666226634162,-1796.6662266341618
4214,train,20000,14213.897701161397,5786.102298838603
1487,train,65000,55679.147662264506,9320.852337735494
295,train,10500,8545.77841024744,1954.2215897525602
2552,train,13000,12070.072405042605,929.9275949573948
2877,train,16000,17992.479804537412,-1992.4798045374118
364,train,10000,9662.738158857119,337.26184114288117
3948,train,9500,13089.819043614343,-3589.819043614343
3491,train,8500,8684.522504295617,-184.52250429561718
1658,train,14000,9397.081064047565,4602.918935952435
2324,train,12000,14332.926801956497,-2332.926801956497
761,train,36000,49570.401452348626,-13570.401452348626
4418,train,14000,11410.72329181789,2589.2767081821094
758,train,35000,34288.43802729474,711.5619727052617
1095,train,25000,15237.111764766187,9762.888235233813
2228,train,12000,11417.426800743702,582.5731992562978
4188,train,7500,7339.1440918806375,160.85590811936254
3456,train,5000,6972.225586992857,-1972.2255869928567
4618,train,9000,13648.957758234248,-4648.957758234248
2661,train,36000,58665.18451927947,-22665.18451927947
4063,train,15000,9781.292359097624,5218.707640902376
2050,train,9000,14369.381856274076,-5369.381856274076
496,train,14000,9185.460778674864,4814.539221325136
810,train,40000,44039.91988079717,-4039.9198807971698
1797,train,5000,8928.512847390837,-3928.512847390837
2599,train,25000,44149.88810430011,-19149.88810430011
471,train,7500,7164.751959200433,335.2480407995672
2071,train,35000,31968.370513790942,3031.629486209058
1504,train,8000,7899.408210587624,100.59178941237587
3330,train,12000,8040.398389192312,3959.6016108076883
1261,train,70000,98610.75302786184,-28610.753027861836
3578,train,18000,9383.336831249084,8616.663168750916
736,train,46000,48477.24964492668,-2477.2496449266764
2236,train,16000,17869.00118525173,-1869.001185251731
955,train,72000,53391.56237986015,18608.437620139848
2718,train,11000,10714.362626970269,285.63737302973095
1100,train,26000,32678.20354857787,-6678.203548577869
4028,train,10000,11924.751555800669,-1924.751555800669
2790,train,22000,25013.63023471676,-3013.6302347167584
480,train,6000,13079.561382394866,-7079.561382394866
2278,train,20000,8036.816141819279,11963.18385818072
3411,train,75000,41144.14775613531,33855.85224386469
4416,train,120000,60584.40443266434,59415.59556733566
3083,train,20000,22428.346471352677,-2428.3464713526773
910,train,24000,18505.06596176542,5494.93403823458
3098,train,13000,11728.574011576995,1271.425988423005
1200,train,25000,25158.96660245341,-158.966602453409
3917,train,25000,32544.42449706642,-7544.424497066419
1974,train,19000,15704.263770467946,3295.7362295320545
2878,train,20000,19129.263606394026,870.7363936059737
3317,train,45000,19769.239611103672,25230.760388896328
3775,train,18500,21463.82835897553,-2963.82835897553
1707,train,20000,15159.098721809554,4840.901278190446
1830,train,11000,8396.754774526227,2603.2452254737727
2883,train,8000,10711.440352103416,-2711.4403521034164
2121,train,15000,17549.933353942637,-2549.933353942637
2675,train,30000,44771.270407866126,-14771.270407866126
1142,train,40000,33603.043616141964,6396.956383858036
393,train,7000,6541.7119084388105,458.2880915611895
1586,train,7000,7225.404232494882,-225.4042324948823
884,train,35000,23379.760776650557,11620.239223349443
3443,train,16000,20490.300207695145,-4490.300207695145
3891,train,11000,12417.744881293382,-1417.7448812933817
3896,train,30000,27502.698194107896,2497.3018058921043
1680,train,12000,10271.095949451306,1728.9040505486937
3227,train,30000,29995.150450440906,4.849549559094157
398,train,8000,6693.955280587955,1306.0447194120452
598,train,55000,64033.672822671506,-9033.672822671506
4144,train,45000,40005.58317095296,4994.416829047041
2122,train,9500,6747.725616652614,2752.274383347386
408,train,11000,10510.086567889224,489.91343211077583
3850,train,8500,12591.943753682659,-4091.943753682659
811,train,40000,26851.926992061246,13148.073007938754
135,train,9000,9445.514395103364,-445.5143951033642
4,train,7500,10112.121539608048,-2612.121539608048
3112,train,17000,24741.665605329068,-7741.665605329068
2493,train,14000,19757.43447175982,-5757.4344717598215
4025,train,45000,35098.36127755118,9901.63872244882
987,train,75000,84425.8183279865,-9425.818327986504
996,train,75000,47333.19231631686,27666.80768368314
1828,train,7000,5950.246081068619,1049.7539189313811
4517,train,5800,10754.871511367402,-4954.8715113674025
2422,train,18000,12468.25072193448,5531.749278065519
3174,train,7000,7540.722737813292,-540.722737813292
2517,train,22000,19076.13658095918,2923.8634190408193
1562,train,16000,15992.323243762272,7.676756237728114
3748,train,12000,10061.624890896253,1938.3751091037466
2437,train,10000,10432.916844916,-432.9168449160006
3380,train,16000,16866.587083301783,-866.5870833017834
4627,train,5000,4996.050585521628,3.9494144783720913
4045,train,25000,13773.170679534203,11226.829320465797
2065,train,17681,18744.118131115112,-1063.1181311151122
764,train,7500,11778.23891444142,-4278.238914441419
237,train,5500,7650.149609560198,-2150.149609560198
3188,train,9000,8411.747632237057,588.2523677629433
3404,train,45000,29833.619756814605,15166.380243185395
893,train,40000,91719.81904328677,-51719.81904328677
3241,train,85000,58495.026674417524,26504.973325582476
2330,train,12500,16637.039181924625,-4137.039181924625
3815,train,100000,57596.254565091105,42403.745434908895
3058,train,6500,10400.257391360587,-3900.2573913605866
396,train,35000,17296.136665146576,17703.863334853424
3759,train,15000,13400.400057591089,1599.5999424089114
1996,train,15000,21522.732861676872,-6522.732861676872
479,train,10000,9739.635669219551,260.36433078044865
4304,train,9000,12346.88902833431,-3346.88902833431
2815,train,250000,64495.81165629423,185504.18834370578
3566,train,15000,7164.288547507705,7835.711452492295
4406,train,3000,5833.660381244037,-2833.660381244037
2617,train,140000,58473.98161669732,81526.01838330268
154,train,7000,7042.491340989388,-42.491340989387936
4182,train,16000,16665.82143069963,-665.8214306996306
705,train,230000,107568.58022984222,122431.41977015778
3611,train,8000,5920.09805013232,2079.90194986768
3017,train,12000,10279.725856150295,1720.274143849705
1045,train,46000,55979.14898136611,-9979.14898136611
2364,train,24000,26453.837415421494,-2453.8374154214944
1832,train,60000,43142.41409794433,16857.585902055667
188,train,7000,9414.287448541758,-2414.287448541758
4235,train,26000,17950.73582443505,8049.264175564949
2968,train,10000,10647.622660344214,-647.6226603442137
3207,train,14000,13827.974430225702,172.02556977429776
1247,train,8000,24300.309168085492,-16300.309168085492
2700,train,65000,33353.64345637553,31646.356543624468
3888,train,13000,10313.37756323931,2686.62243676069
344,train,7500,11973.592251100466,-4473.5922511004665
1289,train,130000,293660.7211965724,-163660.7211965724
2342,train,18000,24144.267128379863,-6144.267128379863
1851,train,40000,45729.28538948266,-5729.285389482662
533,train,33000,29372.463113806716,3627.536886193284
3954,train,13000,15333.745803525819,-2333.7458035258187
1354,train,55000,40974.15796413241,14025.842035867587
4684,train,22000,16288.298892771096,5711.701107228904
2985,train,29000,36744.015195328655,-7744.015195328655
1744,train,11000,12998.816146235033,-1998.8161462350326
1937,train,14000,13566.13004617931,433.86995382068926
1840,train,13000,8704.335762583436,4295.664237416564
2812,train,12000,11260.093978359046,739.9060216409544
4642,train,8000,12779.703854793222,-4779.7038547932225
1806,train,130000,121099.59732668597,8900.402673314034
3673,train,10000,11733.612959607995,-1733.6129596079954
3536,train,12500,14086.996193930037,-1586.9961939300374
341,train,12000,12853.269712304042,-853.2697123040416
2119,train,10000,8393.157812530702,1606.8421874692976
4735,train,45000,33226.98719047063,11773.01280952937
2782,train,13000,12972.29978902972,27.70021097028075
2665,train,20000,17817.511569646034,2182.4884303539657
4042,train,10000,12338.474449143325,-2338.474449143325
2343,train,70000,61619.910058500885,8380.089941499115
67,train,7500,6782.794369552571,717.205630447429
3629,train,7000,6299.123899804842,700.876100195158
2273,train,15000,16916.297866461322,-1916.297866461322
4242,train,12000,16772.655272565615,-4772.655272565615
206,train,5000,6972.837549054545,-1972.837549054545
3278,train,4500,7045.635331370702,-2545.6353313707023
4503,train,5500,4936.725374226988,563.2746257730123
1775,train,30000,23251.994034911284,6748.005965088716
1506,train,50000,45032.91333008412,4967.08666991588
1762,train,15000,23629.639333148607,-8629.639333148607
939,train,32000,59182.47252738862,-27182.47252738862
4243,train,15000,19651.831164848547,-4651.831164848547
4181,train,8000,10401.872768104511,-2401.872768104511
2464,train,6000,10106.198752659002,-4106.198752659002
63,train,30000,17845.745142744854,12154.254857255146
3610,train,25000,27822.609187151524,-2822.6091871515237
4352,train,12000,12927.855956503978,-927.8559565039777
1400,train,20000,37504.15621525533,-17504.15621525533
2044,train,250000,134728.65781651126,115271.34218348874
3478,train,30000,10281.075527435314,19718.924472564686
2575,train,8000,10735.501977064376,-2735.5019770643758
3919,train,45000,50355.06863102477,-5355.068631024769
3054,train,16000,12253.315993160855,3746.684006839145
3210,train,7000,9930.837832621364,-2930.837832621364
3494,train,18000,13528.753963065275,4471.2460369347245
1069,train,58000,57520.04408141011,479.95591858989064
4512,train,9000,20580.577656034035,-11580.577656034035
1389,train,310000,339963.89389585104,-29963.89389585104
4326,train,18000,11574.692455538567,6425.307544461433
1854,train,16000,18264.23552993259,-2264.23552993259
3312,train,12000,14145.78608643738,-2145.7860864373797
2928,train,30000,27635.176496646767,2364.823503353233
1408,train,55000,50623.48071854835,4376.519281451649
1136,train,40000,28920.791922171178,11079.208077828822
2748,train,200000,104564.15092613788,95435.84907386212
2668,train,14000,12150.844633808812,1849.1553661911876
2842,train,24000,30280.98612071798,-6280.986120717978
545,train,22000,16930.02765568563,5069.97234431437
3914,train,12000,12694.205109769673,-694.2051097696731
2528,train,140000,74055.56900174882,65944.43099825118
1564,train,11000,12601.810623580346,-1601.8106235803461
842,train,55000,79848.55606907292,-24848.556069072918
2513,train,20000,18899.40804375585,1100.5919562441486
2461,train,5000,8956.007398491234,-3956.007398491234
3832,train,11000,13743.176218447172,-2743.176218447172
541,train,270000,213307.73733694095,56692.26266305905
855,train,39000,36202.04978194244,2797.9502180575582
804,train,50000,46238.7486520637,3761.251347936297
372,train,35000,24478.8281319297,10521.171868070302
3457,train,30000,19506.93176394392,10493.068236056079
409,train,10000,9386.054833136217,613.945166863783
1153,train,45000,49803.923884961005,-4803.923884961005
4325,train,22000,22764.2072233843,-764.2072233842991
4504,train,5000,7542.172850654042,-2542.172850654042
3268,train,16000,12379.911084395102,3620.088915604898
2387,train,25000,22741.98241357675,2258.0175864232515
3729,train,12000,9843.205930131611,2156.7940698683888
1324,train,20000,45434.487268022174,-25434.487268022174
2358,train,4500,4627.653573531104,-127.65357353110358
4456,train,22000,23763.43246202982,-1763.4324620298212
4628,train,6000,5834.844445323254,165.15555467674585
4187,train,14000,18781.393872989094,-4781.393872989094
4032,train,130000,137380.66685911999,-7380.666859119985
4348,train,12000,10689.895069883842,1310.1049301161584
2840,train,150000,136882.85045308887,13117.149546911125
3144,train,30000,38562.42836522143,-8562.428365221429
1518,train,25000,30325.463148298062,-5325.463148298062
334,train,8000,6004.2605431771935,1995.7394568228065
1015,train,60000,47638.62894763914,12361.37105236086
3698,train,18000,17713.58160505652,286.41839494348096
3873,train,12000,8089.343593538441,3910.6564064615586
3238,train,22000,14328.407763742902,7671.592236257098
2378,train,20000,10246.334909258137,9753.665090741863
3184,train,12000,13614.00224859841,-1614.00224859841
2677,train,11000,10061.628348964716,938.3716510352842
2556,train,100000,35304.35492293206,64695.64507706794
4372,train,9000,7260.0035070101185,1739.9964929898815
2039,train,25000,13035.00300339241,11964.99699660759
223,train,12500,8287.842790271641,4212.157209728359
1183,train,18000,34053.883261129784,-16053.883261129784
2301,train,10000,13810.042680123208,-3810.042680123208
1244,train,180000,202743.40994522732,-22743.409945227322
4087,train,18000,24362.13539836116,-6362.135398361159
2925,train,80000,60056.73501781598,19943.264982184017
2126,train,10000,7996.817759217284,2003.1822407827158
2760,train,38000,16132.24210338826,21867.75789661174
3428,train,16000,27028.030719762486,-11028.030719762486
3008,train,27000,31983.47103368204,-4983.471033682039
4659,train,12500,12981.352208686661,-481.35220868666147
3724,train,4000,5341.715183612291,-1341.7151836122912
3296,train,13500,20132.435033920414,-6632.435033920414
2172,train,30000,31244.785692576956,-1244.7856925769556
1463,train,90000,86157.55653048362,3842.44346951638
662,train,15000,21335.25329133957,-6335.25329133957
3462,train,17000,31412.08719595505,-14412.08719595505
4641,train,15500,9878.922908361277,5621.077091638723
465,train,20000,14959.363701329166,5040.636298670834
1683,train,25000,25497.105742591866,-497.10574259186615
4138,train,12000,13123.526803976007,-1123.5268039760067
4132,train,6500,6643.923433584058,-143.92343358405833
2081,train,11000,11052.057468181096,-52.05746818109583
1334,train,25000,23135.142762263797,1864.8572377362034
711,train,15000,16825.28617974982,-1825.286179749819
1823,train,13500,11890.925899471393,1609.0741005286072
473,train,15000,11568.291787128564,3431.7082128714355
4059,train,12000,13378.535782534344,-1378.5357825343435
3074,train,15000,16592.80380901179,-1592.8038090117916
3433,train,6000,7419.384501899753,-1419.3845018997526
3862,train,32000,31909.0550558847,90.94494411530104
300,train,35000,17091.70814454284,17908.29185545716
2416,train,50000,41068.53620461614,8931.463795383861
1909,train,5500,6858.986840672892,-1358.986840672892
2769,train,16000,13746.667904971102,2253.332095028898
4607,train,15000,12727.974955690997,2272.0250443090026
3395,train,18000,7448.916060684474,10551.083939315526
24,train,8000,8761.868041609701,-761.8680416097013
3301,train,15000,7167.969709483191,7832.030290516809
2097,train,8500,8792.678359481613,-292.67835948161337
450,train,30000,13562.14625294538,16437.85374705462
709,train,300000,123276.34568937034,176723.65431062964
4273,train,8000,12007.977191245795,-4007.9771912457945
2355,train,22000,16316.395125344101,5683.604874655899
114,train,15000,14848.766495681053,151.23350431894687
923,train,43500,36284.41808559723,7215.58191440277
2625,train,10000,8503.517685508135,1496.4823144918646
1879,train,21000,35001.304772769705,-14001.304772769705
4640,train,15000,15413.241568712232,-413.24156871223204
4380,train,25000,20003.529875548542,4996.470124451458
969,train,60000,50155.382418755216,9844.617581244784
1326,train,850000,407238.05077542254,442761.94922457746
3392,train,130000,58811.28842163789,71188.71157836211
3612,train,12500,9140.269638302534,3359.730361697466
4460,train,15000,11765.691869440192,3234.308130559808
790,train,55000,54756.700268243614,243.29973175638588
4358,train,21000,20937.768888697447,62.23111130255347
1887,train,20000,16744.18660280652,3255.8133971934803
985,train,22000,23494.46480082299,-1494.4648008229888
933,train,65000,53696.726677825034,11303.273322174966
4126,train,6500,7923.2905008803855,-1423.2905008803855
2253,train,15000,13097.313985237724,1902.6860147622756
1308,train,30000,34016.595795548725,-4016.5957955487247
4613,train,15000,17741.61363132166,-2741.6136313216593
1295,train,22000,41846.60722064184,-19846.60722064184
1750,train,12000,9492.086551465141,2507.9134485348586
4429,train,8000,13447.945576891616,-5447.945576891616
3593,train,8000,10404.217300176248,-2404.2173001762476
2153,train,14000,6476.058072991369,7523.941927008631
3572,train,130000,78124.62217391902,51875.37782608098
3128,train,17000,24106.34126510489,-7106.341265104889
2155,train,20000,22270.058251687566,-2270.0582516875656
2621,train,6000,9770.5584216685,-3770.5584216685
1624,train,11500,13491.633069034342,-1991.633069034342
551,train,25000,14588.931577531972,10411.068422468028
3966,train,100000,87436.72662253126,12563.273377468737
1741,train,5000,7707.1867607680315,-2707.1867607680315
755,train,42000,53730.81024125137,-11730.810241251369
645,train,65000,116788.71604177808,-51788.71604177808
446,train,10000,10400.457302043214,-400.45730204321444
390,train,22000,20404.42216750288,1595.5778324971216
4259,train,25000,16801.29186476601,8198.708135233988
222,train,25000,15235.165923260944,9764.834076739056
869,train,200000,105582.01576589386,94417.98423410614
3528,train,35000,33714.532055746924,1285.467944253076
205,train,15000,13440.62895299166,1559.3710470083406
1593,train,16000,14646.028757050422,1353.9712429495776
1370,train,60000,127867.79385969158,-67867.79385969158
2202,train,14500,17148.814422990483,-2648.814422990483
1613,train,9000,8075.096739037469,924.903260962531
3246,train,15000,13569.415488849481,1430.5845111505187
495,train,10000,6470.69553023925,3529.30446976075
2380,train,9500,11826.504148680737,-2326.5041486807368
2477,train,10000,15568.076474445046,-5568.076474445046
123,train,8000,9593.721309551676,-1593.7213095516763
2297,train,9250,10967.891807067996,-1717.8918070679956
1908,train,20000,16031.363135436652,3968.6368645633484
359,train,15000,6807.583920678526,8192.416079321474
4137,train,12500,13690.007713169338,-1190.0077131693379
2022,train,35000,14063.86383727382,20936.13616272618
1187,train,45000,11955.15495629939,33044.84504370061
3902,train,9000,10105.775703192838,-1105.7757031928377
1736,train,10500,11283.866688606106,-783.8666886061055
822,train,93000,99282.4608645463,-6282.460864546301
1251,train,45000,69818.8417650337,-24818.841765033707
3817,train,16000,18257.82107631801,-2257.8210763180105
3451,train,15000,14190.643401323005,809.3565986769954
1557,train,9500,10592.339658040724,-1092.3396580407243
837,train,33003,47330.48256694418,-14327.482566944178
3617,train,27000,28036.885829277064,-1036.8858292770637
4610,train,15000,9269.501373177736,5730.498626822264
3848,train,70000,80976.89291784943,-10976.892917849429
4110,train,10000,6536.230972900059,3463.769027099941
892,train,25000,25972.44252129379,-972.4425212937895
1146,train,32000,19423.233581694312,12576.766418305688
1462,train,45000,41608.234214325355,3391.7657856746446
831,train,200000,105598.96505593517,94401.03494406483
4716,train,9000,13197.124761288433,-4197.124761288433
589,train,40000,51503.204124211625,-11503.204124211625
4730,train,25000,16411.61474244366,8588.38525755634
2366,train,16000,15060.84229464259,939.1577053574092
2274,train,8200,7863.380879185324,336.6191208146756
98,train,18000,17613.2550617638,386.74493823619923
2115,train,5000,6452.831166214632,-1452.8311662146316
3701,train,8000,11757.540198402088,-3757.540198402088
3415,train,24000,24487.395986110492,-487.39598611049223
4104,train,15000,17651.306432241643,-2651.306432241643
1028,train,180000,165376.59679007638,14623.403209923621
3376,train,38000,35707.9590026431,2292.0409973568967
1219,train,260000,258158.3835116662,1841.6164883337915
4723,train,7000,9986.657398285523,-2986.6573982855225
1693,train,15000,12067.53825949007,2932.4617405099307
4617,train,8500,6728.283554339527,1771.7164456604733
1922,train,20000,15840.942477294311,4159.057522705689
1684,train,7000,8491.069515701665,-1491.0695157016653
3602,train,8500,9332.29009352858,-832.2900935285797
1310,train,15000,13736.624939681535,1263.3750603184653
1047,train,95000,89742.11078311111,5257.889216888885
620,train,40000,45994.02563333555,-5994.02563333555
2734,train,80000,74932.93694942282,5067.063050577184
4329,train,13000,20324.621501770987,-7324.621501770987
490,train,8000,6838.7560552111545,1161.2439447888455
1205,train,150000,141037.01953955906,8962.980460440944
1853,train,18500,23123.155980134878,-4623.155980134878
2537,train,11000,12755.083378558566,-1755.0833785585655
250,train,12000,11152.528020726277,847.4719792737233
724,train,85000,94497.43179439391,-9497.43179439391
1444,train,36000,19883.895542172828,16116.104457827172
4568,train,16500,11999.01758886247,4500.982411137529
2643,train,6500,9495.052501662934,-2995.0525016629344
1160,train,300000,349227.6570892548,-49227.65708925482
3658,train,9000,11037.980898094975,-2037.9808980949747
3356,train,11500,12598.401948684355,-1098.4019486843554
1338,train,21000,14082.353716200098,6917.646283799902
2308,train,20000,24572.30296282155,-4572.302962821552
2875,train,18000,14865.834480318023,3134.1655196819775
4694,train,12000,16848.16514074595,-4848.16514074595
3803,train,8500,9865.95481921077,-1365.9548192107704
3313,train,45000,32687.263243398655,12312.736756601345
2390,train,22000,11599.019345438981,10400.980654561019
3534,train,16500,13521.378979524643,2978.621020475357
379,train,40000,30115.150231816962,9884.849768183038
2532,train,15000,13746.667904971102,1253.332095028898
684,train,150000,145011.26515843658,4988.734841563419
4035,train,9000,10608.126296557391,-1608.1262965573915
2475,train,11000,13641.534381910269,-2641.534381910269
36,train,12500,12376.222993963896,123.77700603610356
2642,train,10000,11820.471811828855,-1820.4718118288547
1576,train,15000,18369.525887482487,-3369.5258874824867
2619,train,12500,17246.373051998613,-4746.373051998613
3059,train,3000,6196.679729111729,-3196.679729111729
3633,train,15000,13270.427785474549,1729.5722145254513
658,train,32000,27011.000199346963,4988.999800653037
463,train,9500,7574.633865729546,1925.3661342704536
299,train,20000,13220.93053175953,6779.06946824047
3323,train,25000,22722.902999055,2277.0970009449993
2012,train,25000,43168.67716794487,-18168.677167944872
2503,train,12500,10761.763424955097,1738.2365750449026
3483,train,40000,39804.50034362471,195.49965637528658
2733,train,9300,10976.57970496108,-1676.5797049610792
2583,train,15000,12200.757731572676,2799.2422684273242
1249,train,52000,30132.638589022572,21867.361410977428
2135,train,25000,29416.320790756272,-4416.320790756272
3014,train,6500,9023.857977560316,-2523.8579775603157
3072,train,12000,14900.364428627297,-2900.3644286272975
2134,train,21000,19734.245095847178,1265.7549041528218
4330,train,6000,6759.387784144982,-759.3877841449821
1995,train,15000,13797.764283292523,1202.235716707477
981,train,23500,21744.594638887,1755.4053611130003
1167,train,140000,89429.201392771,50570.79860722899
1701,train,5000,9434.454323272492,-4434.454323272492
3868,train,23000,16002.804830255309,6997.195169744691
540,train,35000,38740.4484767586,-3740.4484767585964
919,train,230000,276041.33263789676,-46041.33263789676
4265,train,34000,37791.689748698416,-3791.689748698416
3142,train,6500,14543.088681541589,-8043.088681541589
179,train,15000,14544.858856999175,455.14114300082474
3690,train,8500,10072.61116050629,-1572.6111605062906
4070,train,17000,19228.9455757523,-2228.945575752299
1195,train,90000,52119.29323750193,37880.70676249807
1245,train,26000,30158.74244266853,-4158.742442668528
216,train,7000,9664.50986698337,-2664.5098669833696
753,train,170000,146178.19870932848,23821.801290671516
3604,train,40000,39131.94098150453,868.0590184954708
4462,train,9000,8525.733189920218,474.26681007978186
3496,train,10000,12236.018162183733,-2236.018162183733
1711,train,7500,7718.31380423345,-218.31380423345036
1398,train,140000,146599.60093255388,-6599.600932553876
4283,train,15000,13670.426474220785,1329.5735257792148
4085,train,16000,13806.608740226598,2193.3912597734015
1213,train,85000,73832.70995320391,11167.290046796086
3286,train,10000,7765.710278707911,2234.289721292089
2959,train,15000,9679.219898359615,5320.780101640385
3304,train,15000,11851.754546352706,3148.245453647294
120,train,6300,5902.427491614306,397.57250838569416
759,train,14000,20469.10017110567,-6469.100171105671
3969,train,24000,24940.08962367306,-940.0896236730587
3773,train,7500,7469.171771573012,30.828228426988062
2056,train,22500,16953.161344322678,5546.838655677322
2620,train,14000,10720.878641227879,3279.1213587721213
131,train,6000,5830.668151851255,169.33184814874494
2300,train,12000,8243.58216539696,3756.4178346030403
1096,train,110000,157157.8911273435,-47157.89112734349
2169,train,18000,17821.41825781905,178.58174218095155
4531,train,20000,9621.018861393635,10378.981138606365
4012,train,130000,44349.457621941576,85650.54237805842
743,train,25000,18151.15971830962,6848.84028169038
3916,train,9000,6537.817753243322,2462.182246756678
3527,train,12000,19070.20761795987,-7070.20761795987
680,train,30000,27131.35833623489,2868.641663765109
4398,train,8000,12407.034828101925,-4407.034828101925
4033,train,8500,8222.153555395229,277.846444604771
2490,train,45000,22596.03606018828,22403.96393981172
2375,train,8000,7531.114296181027,468.8857038189726
2889,train,10000,14362.337901602907,-4362.337901602907
2328,train,25000,21725.038293985475,3274.9617060145247
797,train,200000,157870.06129427432,42129.93870572568
4337,train,10000,11474.288555220595,-1474.2885552205953
2800,train,12000,17867.402580783953,-5867.402580783953
4478,train,9000,12853.59785177799,-3853.5978517779895
467,train,7500,8853.180441918134,-1353.1804419181335
1169,train,65000,97977.7665406517,-32977.766540651704
2616,train,14000,7539.247566892785,6460.752433107215
2624,train,8000,27778.459209501114,-19778.459209501114
3826,train,15000,15542.597665079082,-542.5976650790817
4500,train,30000,34208.102472292856,-4208.102472292856
1883,train,7500,8400.97378717663,-900.9737871766301
208,train,18000,15863.954452572956,2136.045547427044
281,train,6500,6164.304322313295,335.6956776867046
492,train,20000,11123.26151210299,8876.73848789701
4704,train,35000,19561.04775817966,15438.952241820341
2828,train,15000,21697.89401477856,-6697.8940147785615
3373,train,35000,29691.477594352342,5308.522405647658
3106,train,15000,13708.888018224328,1291.1119817756717
2350,train,8000,8354.897336490112,-354.89733649011214
1110,train,180000,164696.67585262263,15303.324147377367
1182,train,55000,51248.313904613504,3751.686095386496
1603,train,12000,10523.826260231519,1476.173739768481
2251,train,18500,14601.050011730687,3898.9499882693126
4714,train,17000,15374.51571772921,1625.4842822707906
1441,train,65000,108703.83064151625,-43703.83064151625
2817,train,30000,28110.07869193181,1889.9213080681911
512,train,11000,11222.058397836285,-222.0583978362847
1076,train,45000,44558.63157087495,441.36842912504653
1889,train,13000,15923.780026977147,-2923.780026977147
3955,train,12500,12176.526482531419,323.4735174685811
2689,train,30000,22424.699371765506,7575.300628234494
507,train,5000,6186.226686608321,-1186.226686608321
1813,train,60000,53544.98784707862,6455.012152921379
2523,train,15000,16645.100244832858,-1645.1002448328582
3237,train,4500,4619.213255742523,-119.21325574252296
1605,train,36000,40111.27440620571,-4111.27440620571
2032,train,9000,11346.180886380094,-2346.1808863800943
3175,train,18000,14762.079309674893,3237.920690325107
1306,train,140000,215793.6240863284,-75793.6240863284
3941,train,28000,27189.359659977945,810.6403400220552
2386,train,3500,7726.816038194267,-4226.816038194267
4533,train,14000,11306.903186927058,2693.0968130729416
497,train,10000,9811.128671935481,188.87132806451882
3485,train,8000,7532.1340483658305,467.8659516341695
3378,train,7500,5569.215019742963,1930.7849802570372
3438,train,12500,11580.773506196701,919.2264938032986
3540,train,72000,45559.453099645994,26440.546900354006
249,train,6000,7787.380659278949,-1787.3806592789488
954,train,40000,34124.57669407895,5875.423305921053
1649,train,22000,17296.164534366475,4703.835465633525
1415,train,25000,24772.16570068724,227.83429931275896
4254,train,15000,11666.554638074374,3333.4453619256255
45,train,10000,12431.928225377818,-2431.9282253778183
1132,train,75000,86996.05930298858,-11996.059302988579
3209,train,14000,10613.375853403202,3386.624146596798
3493,train,60000,45594.89360956623,14405.106390433772
3484,train,25000,22528.94019168801,2471.059808311991
2392,train,11000,11243.513630569347,-243.5136305693468
94,train,20000,11146.064383080062,8853.935616919938
3897,train,11000,8863.973183868762,2136.026816131238
4324,train,52000,63422.157549504744,-11422.157549504744
1387,train,210000,233783.99145045676,-23783.991450456757
1700,train,6000,6381.957377344304,-381.9573773443044
4473,train,8000,11121.01223894048,-3121.0122389404805
4413,train,10000,14497.25789661278,-4497.25789661278
3787,train,80000,82729.48486941644,-2729.4848694164393
2400,train,16000,12817.334157910585,3182.6658420894146
3007,train,12000,11562.675004677165,437.3249953228351
3641,train,11000,13646.020241815882,-2646.0202418158824
3659,train,18000,17002.908482735995,997.0915172640052
1816,train,11000,10594.137628614593,405.86237138540673
626,train,180000,266363.52375901194,-86363.52375901194
3588,train,18000,9284.120907133183,8715.879092866817
548,train,8000,30829.084187400043,-22829.084187400043
4586,train,37000,37731.352348623266,-731.3523486232662
1443,train,55000,47218.239355275444,7781.760644724556
2807,train,15000,16672.467504210817,-1672.4675042108174
4167,train,85000,63577.83269676063,21422.167303239366
73,train,6500,8829.830954516834,-2329.830954516834
2498,train,25000,12878.995493234783,12121.004506765217
2679,train,35000,25657.4332606051,9342.5667393949
980,train,40000,64924.18706576635,-24924.187065766353
1532,train,50000,35111.55580844537,14888.444191554627
2128,train,13000,15754.547752984166,-2754.5477529841664
971,train,130000,132235.03911441483,-2235.0391144148307
4013,train,27000,27162.03119465471,-162.03119465471173
195,train,6000,8848.73195372758,-2848.73195372758
260,train,25000,41676.22685707038,-16676.22685707038
1224,train,60000,45896.51155873109,14103.488441268913
162,train,3500,3349.662181195677,150.33781880432298
651,train,17500,21224.368079298096,-3724.368079298096
3584,train,22000,18394.52315460765,3605.47684539235
3900,train,23382,23173.266507935747,208.73349206425337
3998,train,18000,18268.30184300285,-268.30184300284964
4390,train,20000,15491.559586938936,4508.440413061064
2935,train,14000,26548.018248773027,-12548.018248773027
686,train,160000,127256.44523412183,32743.554765878172
1668,train,15000,20406.663599702963,-5406.6635997029625
2666,train,8500,11947.240374796376,-3447.2403747963763
3490,train,8500,11539.489464101953,-3039.4894641019528
3032,train,150000,64033.2103368837,85966.7896631163
4047,train,45000,42831.75903437076,2168.2409656292366
1342,train,18000,14749.211884345465,3250.7881156545354
1348,train,140000,57990.75255221065,82009.24744778936
902,train,8000,27177.571368076824,-19177.571368076824
3314,train,22000,15144.691195739582,6855.308804260418
913,train,21000,26093.2217108879,-5093.221710887901
2574,train,45000,28174.876166826114,16825.123833173886
1293,train,33000,31572.44026206725,1427.5597379327482
4228,train,16000,11688.746691465942,4311.253308534058
153,train,20000,16361.161200117986,3638.8387998820144
2974,train,9000,9066.97276961104,-66.97276961104035
4656,train,20000,11118.425056638853,8881.574943361147
586,train,38000,37563.01081681801,436.9891831819914
3492,train,11000,11412.992763176451,-412.99276317645126
1207,train,40000,27397.145532152008,12602.854467847992
1450,train,14000,19648.55762117068,-5648.557621170679
3639,train,10000,12784.653691780148,-2784.6536917801477
4578,train,15000,18661.308435080107,-3661.3084350801073
3344,train,8500,8223.956951890232,276.0430481097683
3847,train,40000,77368.94913881033,-37368.949138810334
4024,train,15000,14441.667020737856,558.3329792621444
3671,train,11000,10511.819932522456,488.18006747754407
3226,train,38000,32021.527904793937,5978.472095206063
829,train,75000,46162.19108133433,28837.808918665673
1133,train,45000,95076.4423886609,-50076.4423886609
2737,train,13000,9858.546675387148,3141.453324612852
4115,train,18000,12840.424820994645,5159.575179005355
3548,train,8500,11279.544529150917,-2779.544529150917
997,train,39000,38804.84189617547,195.15810382452764
276,train,5000,7434.591292892002,-2434.5912928920015
601,train,70000,84327.65687210798,-14327.656872107982
3203,train,80000,57469.450066281555,22530.549933718445
2360,train,6000,8942.082827296977,-2942.0828272969775
3912,train,25000,17945.099134865042,7054.900865134958
2293,train,9000,6157.158364196521,2842.841635803479
1745,train,5500,8392.343305107453,-2892.3433051074535
11,train,5000,6349.461922843214,-1349.4619228432139
3476,train,13000,8320.121618448922,4679.878381551078
1420,train,75000,55199.27949153839,19800.720508461607
554,train,23000,30087.421575507266,-7087.4215755072655
1268,train,43000,53994.02661198104,-10994.02661198104
4671,train,18000,20396.117321682686,-2396.1173216826865
1643,train,20000,19538.689818541232,461.31018145876806
4327,train,7000,13343.840971006372,-6343.840971006372
2515,train,85000,35880.17817011056,49119.82182988944
2941,train,10000,8169.536708894063,1830.463291105937
948,train,45000,51018.39176862688,-6018.391768626883
3379,train,12500,9814.703683793621,2685.296316206379
1480,train,680000,403248.09935957193,276751.90064042807
3464,train,22000,28240.813964583733,-6240.813964583733
2125,train,20000,16955.017185487595,3044.9828145124047
2285,train,24000,17703.51174628882,6296.488253711181
1315,train,40000,49459.54689847369,-9459.546898473687
983,train,110000,125602.77980040312,-15602.779800403121
3387,train,15000,15116.911339699656,-116.91133969965631
2814,train,70000,37728.69252244641,32271.307477553593
2780,train,33000,20645.611131003097,12354.388868996903
2771,train,9000,12018.004842502918,-3018.004842502918
2017,train,15000,6680.492970097034,8319.507029902965
2152,train,75000,48352.558700104586,26647.441299895414
3109,train,75000,58316.68416456692,16683.31583543308
3363,train,12000,12270.696428720099,-270.696428720099
1366,train,90000,99565.59068083578,-9565.590680835783
414,train,8500,7483.755046720234,1016.2449532797664
2658,train,29000,44771.270407866126,-15771.270407866126
2137,train,13000,16544.820494657768,-3544.820494657768
1033,train,400000,213441.7358378046,186558.2641621954
2549,train,10000,18535.264972847985,-8535.264972847985
950,train,160000,126454.09123951901,33545.90876048099
4004,train,9000,6859.071329196277,2140.9286708037234
4113,train,9000,12327.365533069604,-3327.3655330696038
1208,train,52000,44304.99722106971,7695.002778930291
1014,train,44000,62099.92218461919,-18099.922184619187
4080,train,18000,20614.623142902656,-2614.6231429026557
2398,train,350000,52092.49837356044,297907.50162643957
2420,train,13000,10807.498878379294,2192.501121620706
4231,train,10000,10051.422370594682,-51.422370594682434
113,train,12000,12689.376523588611,-689.3765235886112
2500,train,22000,22932.256365369496,-932.256365369496
2489,train,8000,13013.710743067904,-5013.710743067904
809,train,55000,54562.910963084716,437.08903691528394
1447,train,170000,218295.97446207178,-48295.97446207178
835,train,40000,31945.836037818524,8054.163962181476
3232,train,7000,5488.131644840482,1511.8683551595177
3596,train,9800,14056.16155648712,-4256.161556487121
4083,train,14000,12859.432041287302,1140.5679587126979
3160,train,12000,10359.475238805428,1640.5247611945724
27,train,6000,10829.455883778095,-4829.455883778095
4109,train,6500,8346.388228448575,-1846.3882284485753
3709,train,20000,30569.31923050825,-10569.319230508248
1949,train,22000,10754.566886913952,11245.433113086048
4039,train,17000,13474.723250508348,3525.2767494916516
3719,train,12000,13360.406156556557,-1360.406156556557
2221,train,18000,15540.123474947926,2459.8765250520737
1719,train,7000,6255.574381982642,744.4256180173579
3381,train,16000,14004.851735469307,1995.1482645306933
1971,train,10000,9962.726153689304,37.27384631069617
2306,train,8000,8862.297293435975,-862.297293435975
2110,train,8500,16702.204371081327,-8202.204371081327
3297,train,29000,31398.607320759496,-2398.6073207594964
4051,train,15000,12475.7027588353,2524.2972411647006
2681,train,30000,51488.80354199968,-21488.80354199968
3019,train,8000,9527.951274638646,-1527.9512746386463
2189,train,28000,37287.953631830074,-9287.953631830074
3767,train,6000,7348.356208207649,-1348.3562082076487
294,train,10000,11550.861542617948,-1550.8615426179476
115,train,14000,10863.655312775096,3136.344687224904
4016,train,10000,11212.195573715157,-1212.1955737151566
2447,train,5500,6955.395052896456,-1455.395052896456
2037,train,10000,5681.08671010474,4318.91328989526
3930,train,20000,21165.96011009647,-1165.9601100964683
4362,train,13000,12865.0958293241,134.90417067589988
3799,train,15000,14311.674536779805,688.3254632201952
1029,train,180000,160628.3744375264,19371.625562473608
88,train,6500,7710.019726780725,-1210.0197267807253
900,train,180000,147216.04552425005,32783.95447574995
1309,train,85000,54852.376569336,30147.623430664004
4065,train,8000,14471.233474307473,-6471.233474307473
2147,train,39000,48025.23869549592,-9025.238695495922
3509,train,110000,36213.32762582131,73786.67237417868
1371,train,49000,51541.27869668977,-2541.2786966897693
552,train,14000,18268.51483644288,-4268.514836442879
1692,train,10000,8526.472412854748,1473.5275871452523
989,train,150000,140882.97116373508,9117.028836264915
3361,train,16000,21551.788718569365,-5551.788718569365
646,train,80000,36601.95108660967,43398.04891339033
2243,train,4700,6148.908043597941,-1448.9080435979413
2058,train,12000,15234.000241807391,-3234.000241807391
1591,train,8000,7775.594171785515,224.40582821448515
3728,train,10000,11766.294841219113,-1766.2948412191126
4171,train,10000,14011.996402919354,-4011.9964029193543
2591,train,30000,25728.6218215958,4271.3781784042
4621,train,11500,12612.218038331053,-1112.2180383310533
739,train,65000,65428.85840547613,-428.85840547613043
4169,train,14000,12409.647222176001,1590.3527778239986
3806,train,5000,7325.811474768065,-2325.8114747680647
1108,train,24000,29162.74043269113,-5162.740432691131
2849,train,25000,15567.739332147557,9432.260667852443
4660,train,140000,135160.68479530243,4839.315204697574
726,train,150000,132564.78083683416,17435.219163165835
2070,train,8000,10070.04677179239,-2070.0467717923893
2543,train,6000,10597.993734336771,-4597.993734336771
4238,train,8500,15922.524930089452,-7422.524930089452
4249,train,12000,8412.635177250917,3587.364822749083
3469,train,9000,13402.96301213584,-4402.9630121358405
2851,train,14000,11115.53506577657,2884.4649342234297
2151,train,17500,24466.69922405738,-6966.699224057382
2395,train,11000,22584.367973576427,-11584.367973576427
2547,train,45000,31718.78999800156,13281.21000199844
1640,train,15000,17015.413557309716,-2015.4135573097155
3770,train,16000,20421.839719807755,-4421.839719807755
4212,train,12500,11610.873667568534,889.1263324314659
3935,train,18000,15063.983614562201,2936.016385437799
400,train,6000,8495.814508157195,-2495.8145081571947
59,train,8500,12654.773093470052,-4154.773093470052
563,train,40000,54246.211038530164,-14246.211038530164
3890,train,10500,9275.80643318234,1224.1935668176593
775,train,36000,42999.39605573786,-6999.39605573786
1737,train,6000,7045.0620043566605,-1045.0620043566605
4359,train,95000,62612.80802722499,32387.191972775006
1454,train,55000,48034.83004122857,6965.169958771432
2785,train,23000,15420.039612997018,7579.960387002982
2980,train,90000,54028.982581010125,35971.017418989875
1652,train,15000,14472.647968953603,527.3520310463973
4576,train,15000,13436.450805119157,1563.549194880843
2779,train,20000,29393.40941750274,-9393.409417502739
3425,train,14000,13490.560868355737,509.4391316442634
4674,train,19000,14286.756156770129,4713.243843229871
2898,train,11000,11091.706613980366,-91.70661398036646
2604,train,21000,35195.71087360203,-14195.710873602031
523,train,25000,14249.024430836738,10750.975569163262
3409,train,20000,16115.11112074006,3884.888879259939
2141,train,15000,19782.720202941833,-4782.720202941833
4720,train,13000,12460.425677940513,539.5743220594868
1086,train,200000,90424.79255761251,109575.20744238749
286,train,12000,8211.192930612644,3788.807069387356
1992,train,8500,16568.010117952148,-8068.010117952148
1841,train,12000,12943.902859392432,-943.9028593924322
2282,train,6500,7137.7647810022445,-637.7647810022445
1416,train,75000,90326.30833872009,-15326.30833872009
1452,train,7000,16850.45342852527,-9850.45342852527
4055,train,25000,17040.095099462484,7959.904900537516
2766,train,10000,10299.91637737142,-299.9163773714208
967,train,32000,38847.41113917949,-6847.411139179487
4135,train,14000,20610.105148462273,-6610.105148462273
2975,train,9000,14740.867523902218,-5740.867523902218
2683,train,13000,16252.282465204878,-3252.2824652048785
3347,train,7000,6312.519629861737,687.4803701382634
650,train,250000,386267.1482220258,-136267.14822202577
1650,train,6000,5228.165277114038,771.834722885962
4727,train,15000,19930.525626881812,-4930.525626881812
3669,train,13500,7695.934742523926,5804.065257476074
5,train,7000,7102.162783078413,-102.16278307841276
2294,train,7500,16374.717252364155,-8874.717252364155
4438,train,7000,9747.141611305702,-2747.141611305702
58,train,7000,8712.114761910496,-1712.1147619104959
2649,train,7000,10834.15523691937,-3834.1552369193705
754,train,29999,30305.113633090863,-306.113633090863
3522,train,15000,8593.511019176976,6406.488980823024
4310,train,9000,7847.807861857403,1152.1921381425973
2101,train,18000,18967.394646595018,-967.3946465950175
3321,train,20000,32927.81057679169,-12927.810576791693
1406,train,45000,61859.27199817262,-16859.27199817262
2511,train,45000,30067.665482819222,14932.334517180778
26,train,5300,6982.269225875373,-1682.2692258753732
4043,train,12000,10807.818486625049,1192.1815133749515
4026,train,20000,12531.630493338122,7468.369506661878
1843,train,15000,16812.97768227715,-1812.9776822771491
315,train,8000,13552.320239604303,-5552.320239604303
3489,train,15000,13790.733465224794,1209.2665347752063
660,train,47000,53987.90927610286,-6987.909276102859
2593,train,19500,12750.392982763524,6749.607017236476
325,train,14000,11566.19907955933,2433.80092044067
4481,train,15000,17211.236715239593,-2211.2367152395927
1394,train,12000,11131.924613408955,868.0753865910447
1233,train,55000,62610.03815221741,-7610.038152217407
4651,train,22000,35602.46303205842,-13602.463032058418
2710,train,16500,13048.411253390635,3451.5887466093645
1189,train,12500,18439.269113218143,-5939.269113218143
678,train,32000,22368.110723035796,9631.889276964204
536,train,49000,22637.930539843874,26362.069460156126
2829,train,20000,17758.305151158576,2241.6948488414237
2914,train,150000,110890.80235551619,39109.19764448381
2336,train,120000,38408.24517571607,81591.75482428394
1002,train,190000,167966.82197689757,22033.17802310243
2578,train,12000,14831.90862542412,-2831.9086254241192
2854,train,10000,9468.83640750806,531.1635924919392
4573,train,6500,10745.286078008594,-4245.286078008594
4244,train,6000,11518.770491574947,-5518.770491574947
2067,train,30000,54664.02018486491,-24664.02018486491
2225,train,110000,54515.65056576325,55484.34943423675
49,train,15000,14357.921734980075,642.0782650199253
2540,train,15000,13050.271529619997,1949.7284703800033
3994,train,9000,7700.708501617417,1299.291498382583
3510,train,8500,4958.507301085732,3541.4926989142677
2983,train,15000,17325.9883120824,-2325.9883120824015
1421,train,350000,85643.63054735448,264356.36945264554
4399,train,55000,22094.528422758536,32905.471577241464
460,train,12500,11063.766687991083,1436.233312008917
2759,train,15000,10833.108011167342,4166.891988832658
3120,train,8500,27065.152086870236,-18565.152086870236
2481,train,150000,75925.47352836876,74074.52647163124
3915,train,6500,6874.1230480625145,-374.1230480625145
2199,train,19500,15123.733199561726,4376.266800438274
4112,train,12000,12946.448525453725,-946.4485254537249
3042,train,30000,31410.719682465176,-1410.7196824651764
3327,train,13000,14832.138602221203,-1832.1386022212027
3292,train,14000,12062.548630386435,1937.4513696135655
3182,train,20000,15179.315323490202,4820.684676509798
1869,train,15000,21392.374599417406,-6392.374599417406
3368,train,10000,11599.743060078072,-1599.7430600780717
2469,train,45000,14476.58981554997,30523.41018445003
119,train,14000,15051.41918625035,-1051.4191862503503
3730,train,19397,21247.60676034795,-1850.6067603479496
367,train,21000,16222.566347312046,4777.433652687954
1986,train,17000,8187.163669606811,8812.83633039319
1912,train,9300,9592.467447703202,-292.4674477032022
3651,train,8000,9316.343233506625,-1316.3432335066245
2099,train,8000,9253.29086905856,-1253.290869058559
116,train,5000,3562.890921136312,1437.109078863688
3958,train,50000,42459.482960311296,7540.517039688704
3111,train,6500,7181.107052206946,-681.1070522069458
3521,train,30000,30641.093810109916,-641.0938101099164
3865,train,10677,13166.588864526397,-2489.5888645263967
4626,train,45000,42535.80098658028,2464.1990134197185
649,train,18000,25908.774922119574,-7908.774922119574
1519,train,54000,44484.95565513477,9515.04434486523
3697,train,12000,17397.448652530944,-5397.448652530944
1081,train,300000,216514.31658629008,83485.68341370992
2211,train,12000,16905.02825553094,-4905.028255530939
3372,train,16500,29769.466827481687,-13269.466827481687
1391,train,27000,42470.64198165417,-15470.641981654167
1811,train,23000,15973.918337058827,7026.081662941173
2063,train,12500,8124.338291788423,4375.661708211577
3467,train,10000,22236.47524839599,-12236.47524839599
4198,train,15000,13479.68222060956,1520.3177793904397
2156,train,12000,16729.622337749588,-4729.622337749588
3570,train,15000,21019.321651521885,-6019.321651521885
1654,train,10000,13659.020619606013,-3659.0206196060135
4056,train,36000,22313.186940040217,13686.813059959783
615,train,60000,39909.55326132222,20090.446738677783
4314,train,19500,16105.805212354646,3394.194787645354
4687,train,30000,81625.62249131907,-51625.62249131907
3946,train,12500,14372.190106061335,-1872.1901060613345
3043,train,10000,11893.584484493127,-1893.584484493127
509,train,6000,7796.3003428786,-1796.3003428785996
4424,train,35000,24310.41701095969,10689.582989040311
3173,train,10000,13045.851771008305,-3045.851771008305
1357,train,75000,118397.70285859611,-43397.70285859611
947,train,40000,50014.088062829775,-10014.088062829775
912,train,100000,28516.4069001447,71483.5930998553
532,train,130000,206554.96747644705,-76554.96747644705
3342,train,18999,18318.31289864311,680.6871013568889
3055,train,6000,8832.560843856643,-2832.5608438566433
1688,train,22000,21901.621437128684,98.37856287131581
3034,train,15000,13055.65346989307,1944.34653010693
2947,train,12000,13365.539615178042,-1365.5396151780424
447,train,12000,14750.860257703796,-2750.8602577037964
3542,train,17000,16176.459372059697,823.5406279403032
3918,train,12500,18140.887273292337,-5640.887273292337
2611,train,20500,33030.48488159215,-12530.48488159215
624,train,150000,204259.31389186415,-54259.31389186415
87,train,22000,17446.073023713303,4553.926976286697
1612,train,13500,13042.681779458144,457.31822054185614
1906,train,160000,100408.4696753289,59591.5303246711
3700,train,160000,53938.72523063408,106061.27476936592
2691,train,14500,16113.73092948123,-1613.7309294812294
2424,train,27000,26171.743654037273,828.2563459627272
789,train,180000,135492.51880147538,44507.48119852462
2932,train,10000,12400.682545664948,-2400.6825456649476
1536,train,15000,12869.352323161233,2130.6476768387674
4152,train,120000,60556.3806570665,59443.6193429335
1050,train,30000,36808.154832624394,-6808.154832624394
4698,train,25000,12749.266782809329,12250.733217190671
4464,train,6500,8523.483272303674,-2023.4832723036743
2337,train,7000,7789.394520111258,-789.3945201112583
864,train,18000,24820.881995042626,-6820.881995042626
2000,train,32000,11121.270499341565,20878.729500658435
2784,train,10000,18657.919637020797,-8657.919637020797
4162,train,7000,9361.190705657968,-2361.1907056579676
382,train,6500,8531.673474898585,-2031.6734748985855
2086,train,17500,12785.622712845692,4714.377287154308
1712,train,14000,14643.787268052649,-643.7872680526489
68,train,6500,9427.044930387607,-2927.0449303876067
1863,train,20000,22626.61402948781,-2626.6140294878096
2159,train,12000,13953.119753815232,-1953.119753815232
1601,train,55000,46929.71537454764,8070.284625452361
4040,train,9000,11229.853795266079,-2229.853795266079
926,train,77500,68732.43705315153,8767.56294684847
4272,train,45000,47335.12782500488,-2335.127825004878
602,train,150000,124742.46810033549,25257.531899664507
77,train,5000,7108.50430075312,-2108.5043007531203
2315,train,7000,7158.825553084302,-158.82555308430165
478,train,18000,15318.96126796039,2681.0387320396094
3266,train,35000,28243.51909095943,6756.480909040569
2188,train,12500,12605.494058749979,-105.49405874997865
4708,train,20000,20336.66400189922,-336.6640018992184
4711,train,17000,14092.119032618326,2907.880967381674
1785,train,9000,10584.481636101436,-1584.4816361014364
371,train,7000,11077.29651033801,-4077.29651033801
1392,train,26000,18468.545758323988,7531.454241676012
1316,train,650000,565019.3391686389,84980.66083136108
3242,train,15000,19935.43235491353,-4935.43235491353
1695,train,56000,48170.33530648087,7829.664693519131
2399,train,16000,13215.923569301596,2784.076430698404
895,train,45000,41437.440384590525,3562.5596154094746
1827,train,10000,12667.990643456149,-2667.990643456149
4015,train,13000,11674.748005638154,1325.2519943618463
1749,train,15000,17518.37026958595,-2518.37026958595
2309,train,12500,9971.573780593617,2528.426219406383
1799,train,6500,7674.257645651597,-1174.2576456515972
3239,train,10000,7688.486369881018,2311.5136301189823
2123,train,25000,19750.193825133483,5249.806174866517
1217,train,58000,64282.452738214124,-6282.452738214124
283,train,10000,8379.268854281518,1620.7311457184824
133,train,4700,5023.773813607773,-323.77381360777326
1855,train,8000,8007.422850783748,-7.42285078374789
3959,train,40000,36390.52752012072,3609.4724798792813
908,train,32000,41458.341302999565,-9458.341302999565
2826,train,20000,18580.19289713496,1419.807102865041
731,train,40000,31590.818705073725,8409.181294926275
3224,train,12000,14072.76909477806,-2072.7690947780593
3606,train,12000,9061.560382258587,2938.439617741413
1969,train,18000,17930.180162769117,69.81983723088342
3434,train,20000,18915.495794071892,1084.5042059281077
3450,train,5000,7482.597072153419,-2482.5970721534186
4665,train,14000,11050.143648095762,2949.856351904238
2036,train,12000,7672.708579516015,4327.291420483985
4350,train,26000,17751.922822178516,8248.077177821484
4068,train,8000,9036.311692092568,-1036.3116920925677
888,train,35000,42387.34154642529,-7387.34154642529
1283,train,21000,23974.470374258104,-2974.470374258104
4636,train,12000,11489.633222044935,510.3667779550651
15,train,40000,21109.08163489187,18890.91836510813
1000,train,25000,19165.851872944542,5834.148127055458
3205,train,23000,20949.368174940028,2050.6318250599725
4099,train,5400,7157.527847972575,-1757.5278479725748
403,train,5000,5637.919094069785,-637.9190940697854
847,train,300000,517084.18117182277,-217084.18117182277
2445,train,23000,11307.94923698106,11692.05076301894
1669,train,11500,8042.235972289026,3457.764027710974
4445,train,6000,5886.378648721486,113.62135127851434
350,train,5500,8082.758531920087,-2582.758531920087
278,train,6500,5636.260474737074,863.7395252629258
375,train,9900,10015.213422762636,-115.21342276263567
3620,train,45000,31004.67101441637,13995.32898558363
358,train,12000,10082.64478265534,1917.3552173446606
644,train,55000,41766.72255378393,13233.277446216067
617,train,84500,93676.88603641457,-9176.886036414566
1655,train,21000,18105.435929943505,2894.5640700564945
2961,train,40000,24697.7332683062,15302.266731693799
3090,train,15000,20412.695338337948,-5412.695338337948
2317,train,11000,10836.607744695886,163.39225530411386
3508,train,6800,5654.145738424503,1145.8542615754968
879,train,28000,38365.85755005934,-10365.857550059343
2942,train,35000,25222.22752418293,9777.77247581707
3216,train,7000,7165.242551800948,-165.2425518009477
2731,train,18000,24148.60141463551,-6148.601414635508
4227,train,12000,16572.016305207213,-4572.016305207213
3275,train,23000,29228.954167558753,-6228.954167558753
4440,train,9000,12665.040288596107,-3665.0402885961066
3670,train,26000,17885.78323394192,8114.216766058082
2577,train,25000,32774.45990243988,-7774.459902439878
2038,train,25000,21338.271494382865,3661.728505617135
4447,train,21000,12781.834748219464,8218.165251780536
407,train,35000,23641.99383742761,11358.00616257239
3996,train,8000,11942.544553199103,-3942.5445531991027
1730,train,29000,32591.718882832454,-3591.7188828324543
387,train,6000,6750.993090681313,-750.9930906813133
1781,train,20000,24765.090251741894,-4765.0902517418945
3702,train,6000,6851.598221730577,-851.5982217305773
4683,train,8000,13369.79598812502,-5369.795988125021
2510,train,11500,12858.737652154448,-1358.7376521544484
1764,train,4500,8209.930708221527,-3709.9307082215273
4419,train,6000,7470.435497195534,-1470.4354971955336
474,train,7000,9106.083596621249,-2106.083596621249
3339,train,12000,6339.880557519535,5660.119442480465
2235,train,12000,13975.128213277416,-1975.1282132774159
1042,train,14000,13427.514925166914,572.4850748330864
3828,train,70000,57471.66098223486,12528.339017765138
3093,train,15000,15987.381085224195,-987.381085224195
738,train,55100,61672.82384606848,-6572.823846068481
2412,train,20000,13378.63191396189,6621.36808603811
3810,train,28000,13993.37407260015,14006.62592739985
273,train,15000,7219.717243477487,7780.282756522513
4693,train,12000,14058.54691249191,-2058.546912491909
4384,train,13000,20226.70149136672,-7226.701491366719
1458,train,27000,23647.282214880495,3352.7177851195047
943,train,15000,37909.3264007112,-22909.3264007112
3194,train,16000,14784.766697849513,1215.2333021504874
1664,train,20000,19622.961462503532,377.03853749646805
134,train,14000,8191.314667728545,5808.685332271455
3236,train,7000,5945.578864854434,1054.421135145566
1171,train,54000,39889.98940522998,14110.010594770021
1818,train,10000,17576.2026537504,-7576.202653750399
413,train,6800,8631.300268518296,-1831.3002685182964
1273,train,65000,81127.6900115666,-16127.690011566607
2266,train,15000,13561.78260747801,1438.2173925219904
511,train,5000,7144.321635353651,-2144.321635353651
2966,train,18000,14664.290304944761,3335.7096950552386
3171,train,11500,14102.022063380284,-2602.0220633802837
569,train,65000,59855.5724822225,5144.427517777498
524,train,70000,83350.34761847543,-13350.347618475425
3646,train,12000,15007.938474564688,-3007.9384745646876
1966,train,10000,9307.43425043025,692.5657495697506
4205,train,7500,12152.00544556205,-4652.00544556205
2981,train,200000,131925.3189779068,68074.6810220932
825,train,55000,84812.22556596204,-29812.225565962042
2595,train,25000,13133.836977334775,11866.163022665225
3992,train,9500,14478.330519758967,-4978.330519758967
2638,train,45000,44530.323202570806,469.67679742919427
3276,train,11000,11345.443344736823,-345.44334473682284
394,train,8500,11218.142441691829,-2718.142441691829
81,train,8200,6138.892523740684,2061.107476259316
3975,train,10000,9812.259566256242,187.74043374375833
3049,train,15000,13573.350222566167,1426.6497774338332
1615,train,12000,14010.576072476833,-2010.5760724768334
72,train,16000,14992.285914850107,1007.7140851498934
2716,train,8000,9890.371143171364,-1890.3711431713637
3047,train,30000,27882.47041770621,2117.5295822937915
2087,train,6500,8554.471837924342,-2054.4718379243423
2971,train,12000,19332.26220426765,-7332.2622042676485
3170,train,25000,27657.526401500993,-2657.5264015009925
3878,train,13000,13253.085321823517,-253.085321823517
1089,train,6000,10232.577353522624,-4232.5773535226235
29,train,12500,11144.738056690205,1355.2619433097952
3114,train,15000,11100.70232802928,3899.2976719707203
3300,train,8200,11475.714941946464,-3275.714941946464
339,train,7500,6713.892630473537,786.1073695264631
3421,train,6000,8736.095147218855,-2736.0951472188553
1125,train,14000,20758.39967104106,-6758.399671041061
2072,train,8000,8077.150350220507,-77.15035022050688
3616,train,17500,19544.606415119095,-2044.606415119095
1748,train,8500,6555.482878923338,1944.517121076662
550,train,20000,41998.666433198305,-21998.666433198305
3287,train,7000,13424.52262400478,-6424.52262400478
2205,train,280000,67974.57803089081,212025.4219691092
785,train,85000,47031.252131002904,37968.747868997096
2124,train,14000,13894.999910321252,105.00008967874783
84,train,6700,11837.53890799083,-5137.538907990829
2504,train,15000,24888.254372288233,-9888.254372288233
1633,train,20000,14679.775935905605,5320.224064094395
3073,train,75000,41901.85879453529,33098.14120546471
2743,train,530000,168261.51006780012,361738.4899321999
2761,train,50000,39563.28362120623,10436.716378793768
2181,train,9500,12160.226598346455,-2660.226598346455
2973,train,31000,20258.615591834645,10741.384408165355
2455,train,5000,8583.558257248465,-3583.5582572484655
1163,train,40000,38772.6884238378,1227.311576162203
2289,train,4000,4914.285729723997,-914.2857297239971
4253,train,11000,10013.7049766224,986.2950233775991
3515,train,17000,20289.96462853069,-3289.9646285306917
4114,train,60000,51196.97354450663,8803.026455493367
1540,train,12000,12173.20303738563,-173.20303738563052
3513,train,10000,13073.91570382037,-3073.9157038203703
4692,train,7500,11211.092890418782,-3711.092890418782
1470,train,80000,73247.42152156212,6752.5784784378775
2068,train,25000,21985.525565066942,3014.4744349330576
3432,train,10500,12179.514037106554,-1679.5140371065536
679,train,150000,153004.36932484937,-3004.3693248493655
2633,train,22000,15367.462682620804,6632.537317379196
2915,train,13000,20840.83268182079,-7840.83268182079
543,train,21000,28456.37571488941,-7456.375714889411
1793,train,30000,41527.40475282394,-11527.404752823939
2402,train,8000,12876.208722539755,-4876.208722539755
940,train,36000,38869.78427961942,-2869.7842796194236
352,train,7000,7106.978858550561,-106.9788585505612
1023,train,45000,47941.386558105776,-2941.386558105776
786,train,75000,60504.510004196476,14495.489995803524
1964,train,6500,5358.423970988849,1141.5760290111511
3051,train,20000,13520.896787751366,6479.103212248634
2647,train,5500,11377.062603634871,-5877.062603634871
3520,train,8000,8303.072795243499,-303.07279524349906
2866,train,8000,12132.897423337508,-4132.897423337508
4136,train,25000,23683.781449953596,1316.2185500464038
1031,train,20000,20749.82959794922,-749.8295979492214
2472,train,9000,16172.158106121877,-7172.158106121877
284,train,1500,4107.60823081762,-2607.60823081762
3721,train,16000,23050.218589590728,-7050.218589590728
4554,train,7500,10725.396591650659,-3225.3965916506586
1667,train,14500,15167.98690182379,-667.9869018237896
2627,train,25000,17955.85757579431,7044.142424205689
2880,train,7000,7325.231793053068,-325.23179305306803
2076,train,6000,10021.454689646722,-4021.454689646722
4052,train,5500,5500.664678530214,-0.6646785302136777
4048,train,20000,21275.477993390094,-1275.4779933900936
3656,train,16000,18194.032875958972,-2194.032875958972
2260,train,100000,46858.83250646519,53141.16749353481
1945,train,30000,20650.926328628677,9349.073671371323
1486,train,45000,53793.45855907438,-8793.45855907438
308,train,13000,14636.276622660165,-1636.2766226601652
1150,train,65000,87696.89403314293,-22696.894033142933
762,train,53500,42530.78410831981,10969.215891680193
1638,train,30000,36169.84533722291,-6169.845337222912
599,train,120000,139786.99200554765,-19786.992005547654
3005,train,20000,14688.777714415322,5311.222285584678
253,train,12000,19991.998846272654,-7991.998846272654
143,train,8000,12469.487753526617,-4469.487753526617
1738,train,16000,18600.961059750625,-2600.9610597506253
2341,train,11000,12135.081807497716,-1135.081807497716
4219,train,9000,8361.967880639042,638.032119360958
4486,train,12000,12396.260057007257,-396.2600570072573
3129,train,8500,11406.969198164685,-2906.9691981646847
3388,train,7500,15350.597956015288,-7850.597956015288
1122,train,40000,36743.13825173939,3256.8617482606132
4370,train,30000,27135.517088091732,2864.482911908268
51,train,7500,4358.581985829863,3141.418014170137
1770,train,10000,16006.242909101491,-6006.242909101491
3554,train,16000,11853.641130544329,4146.358869455671
2564,train,14500,23819.43142214541,-9319.431422145411
3253,train,12000,11913.438034551287,86.56196544871273
2319,train,60000,50911.215143955094,9088.784856044906
2254,train,17600,17112.09677248746,487.90322751253916
2910,train,13000,13371.758967784479,-371.75896778447895
2929,train,42000,41428.17775945642,571.8222405435808
4378,train,12000,14611.313542683265,-2611.313542683265
4351,train,8000,8251.284850578462,-251.28485057846228
845,train,28000,53368.00105153853,-25368.00105153853
4130,train,12000,13648.957758234248,-1648.957758234248
3691,train,5000,6507.335636499499,-1507.3356364994988
674,train,32000,35911.758402227926,-3911.758402227926
1959,train,10000,6339.450233172862,3660.5497668271382
2752,train,7000,13305.493110245732,-6305.493110245732
1623,train,6500,7251.443790059653,-751.4437900596531
3964,train,16000,23228.407081146375,-7228.407081146375
4701,train,12500,12474.76889816853,25.23110183147037
1629,train,15000,15247.858625920999,-247.85862592099875
3085,train,16000,15066.868841522335,933.1311584776649
2354,train,17000,14256.453236688652,2743.5467633113476
4159,train,17500,18194.38465944506,-694.3846594450588
1621,train,18000,21143.687554461096,-3143.6875544610957
4614,train,9500,10737.080882461827,-1237.080882461827
1776,train,12000,14591.655259904219,-2591.655259904219
436,train,7000,10928.273744377757,-3928.273744377757
3384,train,16000,18324.706567380428,-2324.706567380428
732,train,180000,105903.62087833928,74096.37912166072
415,train,5000,6405.671648754803,-1405.6716487548028
3271,train,13000,12366.78845935346,633.21154064654
993,train,200000,282511.8932417829,-82511.8932417829
2419,train,16000,22190.741102934608,-6190.741102934608
529,train,160000,34128.10068981518,125871.89931018482
1594,train,4500,8483.865511397706,-3983.8655113977056
52,train,5000,7314.026852535156,-2314.0268525351557
354,train,10000,9539.47580697144,460.52419302855924
1218,train,130000,88075.304170008,41924.69582999199
3877,train,7000,4618.949733308359,2381.050266691641
4282,train,7000,8523.455653247922,-1523.4556532479219
4648,train,15000,12597.823714633667,2402.176285366333
2894,train,23000,22023.681949411864,976.3180505881355
454,train,8500,7759.06999320282,740.9300067971799
2789,train,30000,23726.7280886138,6273.2719113862
995,train,48000,31532.2341911438,16467.7658088562
2764,train,15000,16720.011332590155,-1720.0113325901548
152,train,5000,10531.294711427543,-5531.294711427543
813,train,45000,45570.90407321648,-570.9040732164794
82,train,15000,12012.398054012994,2987.601945987006
1662,train,8000,10427.312636304703,-2427.312636304703
2333,train,9000,14024.618185580515,-5024.618185580515
723,train,80000,95410.79913896573,-15410.799138965725
3863,train,15000,11584.563587913732,3415.4364120862683
2832,train,8000,16449.213555297007,-8449.213555297007
695,train,17000,29434.25342604536,-12434.253426045361
2844,train,28000,20999.72315502044,7000.2768449795585
3760,train,8000,5280.654674470038,2719.345325529962
4375,train,25000,27214.693333590036,-2214.6933335900358
2608,train,32000,45482.665102174025,-13482.665102174025
2684,train,11000,12218.993970472122,-1218.9939704721219
1007,train,39000,27587.521334214176,11412.478665785824
4354,train,10000,13095.283888771344,-3095.283888771344
1082,train,80000,42771.152475221825,37228.847524778175
2518,train,32000,19962.47225749411,12037.527742505888
1717,train,5500,8701.835791450085,-3201.835791450085
4639,train,80000,109779.13743818727,-29779.137438187274
3910,train,5500,5348.930856790292,151.06914320970827
4328,train,16500,19111.488429490837,-2611.488429490837
3804,train,35000,31649.333312246006,3350.6666877539938
1430,train,58000,54005.91282313742,3994.0871768625802
3505,train,6500,5015.949504421095,1484.0504955789047
3364,train,12000,11994.579299078601,5.420700921398748
2209,train,180000,59909.47000023224,120090.52999976775
4411,train,8000,8393.87658105957,-393.8765810595705
2231,train,11000,11825.237671718676,-825.2376717186762
2765,train,30000,15782.375677270007,14217.624322729993
2479,train,25000,28592.780522350255,-3592.7805223502546
1404,train,50000,42392.49891419544,7607.501085804557
246,train,10000,16362.581113234632,-6362.581113234632
2711,train,100000,70070.18081032104,29929.819189678965
3541,train,10000,6355.34317204539,3644.65682795461
1916,train,14000,13266.821750162286,733.1782498377142
2562,train,10000,10169.506355191257,-169.50635519125717
2831,train,40000,21106.14044907927,18893.85955092073
513,train,10000,14404.729989309353,-4404.729989309353
397,train,6000,4430.170192504921,1569.829807495079
581,train,28000,21779.151428048168,6220.848571951832
3311,train,280000,199216.54534838547,80783.45465161453
2130,train,24000,21449.130452531714,2550.8695474682863
3156,train,18000,18631.2907497535,-631.2907497535016
3837,train,12000,18337.713104365415,-6337.713104365415
984,train,150000,177809.82918131305,-27809.82918131305
4193,train,30000,25813.431514610624,4186.568485389376
3598,train,15000,13309.366389243463,1690.6336107565367
3665,train,15000,13990.315008309606,1009.6849916903939
244,train,15000,15822.220986482926,-822.2209864829256
327,train,7000,6769.375862288241,230.62413771175943
1569,train,12000,15510.3968427627,-3510.3968427627005
4388,train,10000,14450.5963872701,-4450.5963872700995
3310,train,14500,13195.609935739816,1304.3900642601839
161,train,10000,8467.823542662001,1532.1764573379987
2198,train,7500,10162.115215563783,-2662.115215563783
3913,train,23000,11823.372144868381,11176.627855131619
1180,train,25000,26236.70309844691,-1236.7030984469093
4111,train,12000,14160.098783290656,-2160.098783290656
1350,train,21000,19845.628195184203,1154.371804815797
4575,train,17500,16134.419531712898,1365.5804682871021
1794,train,120000,56583.31941891366,63416.68058108634
2859,train,40000,28096.040076088346,11903.959923911654
3161,train,16000,12658.210442641259,3341.789557358741
368,train,5000,4479.687132069486,520.3128679305137
4524,train,7500,12784.348715603988,-5284.348715603988
3686,train,25000,24302.07087765886,697.9291223411383
1697,train,25000,17904.809690442307,7095.190309557693
3358,train,4200,6885.1964383583745,-2685.1964383583745
4147,train,20000,23354.37667841469,-3354.37667841469
3579,train,18000,17286.589461725816,713.4105382741836
3472,train,7000,15305.816014908542,-8305.816014908542
4145,train,10500,13713.572203329675,-3213.572203329675
4103,train,14000,13191.858232651128,808.1417673488722
18,train,11000,11213.116121692587,-213.1161216925866
2256,train,8000,10936.411185224595,-2936.411185224595
2561,train,15000,12689.2137748239,2310.7862251761
498,train,10500,13600.371016172187,-3100.3710161721865
199,train,24000,13107.001823888135,10892.998176111865
1339,train,46700,39725.68170413411,6974.318295865887
657,train,160000,147401.6827619598,12598.31723804021
3893,train,14000,19100.00375865323,-5100.003758653231
2907,train,40000,31584.188262292922,8415.811737707078
139,train,15000,13033.863761210603,1966.1362387893969
3739,train,13500,14486.750235452717,-986.7502354527169
518,train,5000,5512.775912414919,-512.7759124149188
1057,train,45000,38914.25483264845,6085.745167351553
4216,train,45000,43013.13751516095,1986.8624848390464
3797,train,25000,19703.355068262004,5296.644931737996
3648,train,11000,12466.957238650924,-1466.9572386509244
958,train,50000,106895.74703038804,-56895.74703038804
1620,train,11000,9098.762246683233,1901.2377533167673
430,train,5000,6297.321138195087,-1297.3211381950869
734,train,140000,222855.3523627682,-82855.3523627682
1865,train,20000,23080.863244168348,-3080.8632441683476
2664,train,30000,49420.75257699952,-19420.75257699952
3833,train,12000,13112.227763314344,-1112.227763314344
440,train,8000,8637.920537388589,-637.9205373885889
4387,train,9000,11966.183879964803,-2966.183879964803
2720,train,9000,9100.717083515727,-100.7170835157267
2707,train,70000,77932.10362877083,-7932.103628770827
4174,train,25000,21557.134307978846,3442.8656920211542
4363,train,12000,13219.601332796985,-1219.601332796985
974,train,98000,166690.42982949398,-68690.42982949398
3488,train,17000,28786.171269017348,-11786.171269017348
3461,train,25000,28564.700647913178,-3564.700647913178
3264,train,14000,13420.904344943769,579.0956550562314
918,train,75000,42662.20487098841,32337.79512901159
3812,train,14000,11835.6105411841,2164.3894588159
2956,train,52000,21697.86506117546,30302.13493882454
2551,train,8000,10625.06299083357,-2625.0629908335704
1541,train,7000,7139.7748423724115,-139.7748423724115
3048,train,13000,13463.565988208537,-463.5659882085365
4676,train,10000,11421.324873502,-1421.3248735020006
1191,train,55000,58170.841439635995,-3170.841439635995
402,train,9000,8157.178612705831,842.8213872941687
4645,train,5000,5910.618235445545,-910.618235445545
1646,train,8000,8952.983602567818,-952.9836025678178
4525,train,25000,26143.259096426966,-1143.2590964269657
3605,train,17000,16432.608476351157,567.3915236488428
2485,train,17000,24888.254372288233,-7888.254372288233
4049,train,16000,12412.613705721851,3587.386294278149
3366,train,15723,20065.633983637006,-4342.633983637006
1514,train,17000,14258.485907140936,2741.5140928590645
1626,train,13000,10073.13543889232,2926.864561107681
2252,train,4750,5206.654631707029,-456.6546317070288
357,train,7000,6744.689382008948,255.3106179910519
4069,train,15000,22892.140475307322,-7892.140475307322
2572,train,200000,48263.38918088899,151736.610819111
4661,train,65000,44810.55817475464,20189.44182524536
2976,train,27000,27144.90403195553,-144.90403195553154
2136,train,8500,10005.260014677113,-1505.2600146771128
177,train,4000,8665.256724954455,-4665.256724954455
1325,train,26000,26312.959422125663,-312.95942212566297
1008,train,190000,162107.7899562082,27892.210043791798
2778,train,25000,20734.62182093357,4265.378179066429
4547,train,7500,6121.21754083175,1378.7824591682502
3369,train,3000,5505.92822134932,-2505.9282213493198
166,train,8000,12221.012249017902,-4221.012249017902
2030,train,15000,26031.461037203924,-11031.461037203924
3459,train,15000,16390.16624815244,-1390.16624815244
2034,train,22000,15835.004992543065,6164.995007456935
101,train,35000,38943.83761696418,-3943.837616964178
882,train,75000,38936.3051443404,36063.6948556596
2573,train,20000,22968.30397103847,-2968.303971038469
2265,train,7500,9251.20109174616,-1751.2010917461594
1239,train,100000,49059.1844719514,50940.8155280486
3816,train,18000,13959.318629010679,4040.6813709893213
4276,train,19000,12545.649879068525,6454.3501209314745
4637,train,14500,13752.50169032691,747.4983096730903
1009,train,84000,101882.79169121318,-17882.791691213177
3867,train,32500,34676.58797702997,-2176.5879770299725
3267,train,8000,11245.872191763858,-3245.8721917638577
870,train,20000,23288.42946133087,-3288.4294613308703
90,train,18000,17246.40111049669,753.5988895033115
2311,train,26000,28856.437360969205,-2856.4373609692047
2049,train,4300,6411.209919836219,-2111.2099198362193
3906,train,11000,9880.01040278263,1119.9895972173708
2796,train,10000,20210.75006210098,-10210.750062100979
34,train,22000,11686.813202656844,10313.186797343156
793,train,19000,14353.3733391707,4646.626660829301
780,train,61000,73961.11036783604,-12961.110367836038
3675,train,24000,15600.046631736584,8399.953368263416
2075,train,140000,144437.61388533385,-4437.613885333849
1121,train,57000,147948.2309281787,-90948.2309281787
972,train,25000,28716.612089477978,-3716.612089477978
3880,train,9500,13753.381275783253,-4253.381275783253
1844,train,35000,37473.15274230197,-2473.1527423019725
2288,train,8500,8786.521351591451,-286.5213515914511
3664,train,8500,11612.088025967212,-3112.088025967212
2598,train,12000,12454.625673316354,-454.62567331635364
1405,train,29000,27485.971165596933,1514.0288344030669
4405,train,15000,24749.132095355217,-9749.132095355217
2162,train,9000,8795.09895576868,204.90104423131925
1041,train,75000,64597.890329265974,10402.109670734026
3980,train,300000,51583.574386203676,248416.42561379634
2884,train,9000,18378.68625980135,-9378.68625980135
314,train,7000,8064.802260942566,-1064.8022609425661
1164,train,45000,45752.36891572764,-752.3689157276385
1990,train,16000,15623.001114130853,376.99888586914676
4602,train,13000,14032.625400669023,-1032.6254006690233
1831,train,9000,5674.035881308423,3325.964118691577
54,train,11000,11526.413904601255,-526.4139046012551
1272,train,330000,151916.7110848215,178083.2889151785
2196,train,16000,17821.48283359486,-1821.4828335948587
2742,train,40000,35069.73388399217,4930.266116007828
1788,train,7000,6586.752953359234,413.2470466407658
3235,train,6500,8363.581008645238,-1863.5810086452384
2476,train,35000,40168.34065996786,-5168.3406599678565
3157,train,9500,12176.784554605367,-2676.784554605367
2566,train,24000,23069.63442590133,930.3655740986687
3279,train,100000,84039.77329436754,15960.226705632464
3731,train,12000,13636.332743788684,-1636.3327437886837
3986,train,10000,12393.660394859085,-2393.6603948590855
1696,train,43000,44384.175984146954,-1384.1759841469539
1464,train,25000,21232.02613478895,3767.97386521105
1203,train,27000,30676.407762478342,-3676.407762478342
2634,train,4500,9399.30122524296,-4899.30122524296
3262,train,5250,5361.303510829205,-111.30351082920515
2822,train,6500,11790.262121574155,-5290.262121574155
2891,train,55000,48202.57091608026,6797.429083919742
1533,train,7000,8048.200823681859,-1048.2008236818592
3822,train,11500,8954.865092936636,2545.134907063364
1926,train,20000,20454.864742919286,-454.8647429192861
1753,train,20000,27127.690821929387,-7127.690821929387
3525,train,40000,25443.06262932939,14556.93737067061
1498,train,61500,78645.78323701076,-17145.783237010764
1807,train,15000,12827.612174521677,2172.387825478323
3989,train,9000,11154.130354709016,-2154.1303547090156
3050,train,12000,13727.942504323893,-1727.9425043238934
3283,train,18000,15969.861371503506,2030.1386284964938
2991,train,25000,25486.492169821937,-486.49216982193684
4307,train,36000,16674.506439322846,19325.493560677154
2229,train,11500,11069.757763705744,430.24223629425614
242,train,7500,7872.745277346217,-372.74527734621734
782,train,42000,82955.56179352904,-40955.561793529036
2410,train,13500,17020.719370244504,-3520.719370244504
4207,train,8000,6176.007637933385,1823.992362066615
960,train,65000,74338.19402870355,-9338.194028703554
4545,train,47000,46338.67461403509,661.3253859649121
3402,train,19000,13169.90956436721,5830.09043563279
801,train,45000,34532.954410351536,10467.045589648464
2825,train,7500,10664.344570386804,-3164.3445703868038
4319,train,13000,13449.697480924284,-449.6974809242838
3636,train,10000,8229.853485357939,1770.1465146420614
232,train,35000,28768.31363631284,6231.68636368716
1144,train,47000,53266.42380712597,-6266.423807125968
2534,train,30000,27770.321120226592,2229.678879773408
1059,train,50000,44913.34780246605,5086.652197533949
504,train,25000,12896.210486598815,12103.789513401185
751,train,92500,94768.63295179083,-2268.6329517908307
4038,train,26000,25189.153730861555,810.8462691384448
3097,train,8000,7121.262225023266,878.7377749767338
4584,train,13000,9272.563660680096,3727.4363393199037
2027,train,12000,11935.851594383093,64.14840561690653
4263,train,6000,7544.3777052988735,-1544.3777052988735
4340,train,8000,10740.495730500768,-2740.4957305007683
3350,train,21000,17659.911393795534,3340.0886062044665
823,train,69999,85042.89749743714,-15043.897497437138
1644,train,13000,14220.025294864827,-1220.0252948648267
2536,train,80000,71170.77739604206,8829.22260395794
3983,train,27000,48790.78958455572,-21790.78958455572
4170,train,10000,12394.778749824676,-2394.778749824676
346,train,20000,21061.81477196087,-1061.8147719608714
1048,train,94000,46220.81045042059,47779.18954957941
343,train,9500,6055.434765164818,3444.5652348351823
1682,train,23000,24650.4720490571,-1650.4720490571017
2275,train,8500,5960.753513308933,2539.246486691067
516,train,7500,6984.730393830238,515.2696061697616
781,train,70000,100476.67799195796,-30476.677991957957
2363,train,35000,45271.9344883012,-10271.934488301202
2020,train,14000,18369.513522208974,-4369.513522208974
4579,train,9000,9355.471218953873,-355.4712189538732
12,train,6500,6766.213940318723,-266.21394031872296
3624,train,34999,39446.977376927985,-4447.9773769279855
3929,train,30000,24960.356793424853,5039.643206575147
256,train,5000,8143.877280450781,-3143.8772804507807
2804,train,12000,14569.820739731584,-2569.8207397315837
3993,train,49000,36786.61989358478,12213.380106415221
4268,train,9500,11826.670302326125,-2326.6703023261252
3999,train,18000,18578.79205864041,-578.7920586404107
656,train,18000,22201.08199433724,-4201.081994337241
105,train,6000,8059.853947752057,-2059.853947752057
3814,train,33000,36227.39727567542,-3227.397275675423
1056,train,57000,48838.1519283317,8161.848071668297
3089,train,10000,12172.05016774335,-2172.0501677433494
1448,train,34000,23009.235066224857,10990.764933775143
3118,train,17500,16998.93696744226,501.06303255774037
3349,train,14000,11295.073374407417,2704.926625592583
4700,train,6000,5987.604224871028,12.395775128971763
1432,train,45000,50816.277345706105,-5816.277345706105
4589,train,44000,41512.82466144346,2487.175338556539
25,train,7000,9038.662071885889,-2038.6620718858885
4482,train,6800,7309.330877330258,-509.33087733025786
3625,train,7000,8816.515438961713,-1816.5154389617128
4397,train,13000,14377.935820236968,-1377.9358202369676
104,train,180000,11651.486314319354,168348.51368568063
3722,train,9000,12753.58708270374,-3753.5870827037397
332,train,20000,24279.004122588485,-4279.004122588485
4088,train,140000,137105.51466613953,2894.4853338604735
4317,train,16000,14674.858452628998,1325.1415473710022
168,train,6500,8204.792735580559,-1704.7927355805587
817,train,40000,39764.85256926571,235.1474307342869
2016,train,10000,7236.813986168847,2763.186013831153
3857,train,12000,12381.565669189791,-381.56566918979115
4106,train,14000,12634.792176211076,1365.2078237889236
4071,train,12000,13141.449875641487,-1141.4498756414869
500,train,12000,8736.437228848907,3263.5627711510933
4237,train,28000,19239.667364123216,8760.332635876784
1522,train,10500,13268.379685748838,-2768.379685748838
1094,train,20000,19544.09357364103,455.90642635897166
3529,train,8000,10149.255216766851,-2149.255216766851
2450,train,22000,30088.001819411144,-8088.0018194111435
621,train,34000,29244.175202456565,4755.824797543435
1215,train,21000,28541.8312328891,-7541.831232889101
2331,train,18000,16184.536114008293,1815.4638859917068
1304,train,18500,12487.106445879452,6012.893554120548
391,train,8500,10037.508708338293,-1537.5087083382932
1172,train,180000,285912.586938305,-105912.586938305
2382,train,65000,61032.510254674125,3967.4897453258745
3921,train,75000,58412.74151731127,16587.258482688732
2952,train,40000,26003.049343460596,13996.950656539404
3399,train,19000,16639.12532536206,2360.87467463794
2499,train,9000,8513.4146627128,486.5853372872007
1505,train,9500,9981.765350403184,-481.76535040318413
1759,train,18000,13424.798473976976,4575.201526023024
2019,train,17000,24434.320161732856,-7434.320161732856
4270,train,30000,33954.99634738924,-3954.996347389242
439,train,6500,8292.462115376222,-1792.4621153762218
2466,train,75000,38721.83957217643,36278.16042782357
4422,train,6000,7089.64165531635,-1089.64165531635
476,train,14000,12047.2674057172,1952.7325942827993
792,train,18000,15177.33203105677,2822.6679689432294
1018,train,65000,48793.278933342306,16206.721066657694
172,train,7000,4396.256268667715,2603.7437313322853
1847,train,10000,11261.002370684626,-1261.002370684626
1475,train,90000,57577.06907118138,32422.93092881862
633,train,210000,95903.77725175521,114096.22274824479
79,train,8000,5692.311828650514,2307.688171349486
2304,train,12000,10565.34178944562,1434.6582105543803
4475,train,22000,16285.202145870631,5714.797854129369
4528,train,7500,12638.705572027215,-5138.705572027215
2178,train,6500,8065.544289996752,-1565.544289996752
2338,train,28000,25102.859336432666,2897.140663567334
1241,train,100000,136334.33775903107,-36334.33775903107
4376,train,8500,7076.150407717386,1423.8495922826141
857,train,190000,105921.33177737701,84078.66822262299
4017,train,10000,13714.142075511614,-3714.142075511614
2370,train,16000,26096.202886150986,-10096.202886150986
2670,train,25000,28714.33872346246,-3714.3387234624606
2906,train,19000,16678.465895882993,2321.534104117007
3307,train,6500,7712.107441797658,-1212.1074417976579
1915,train,7000,6689.582923684419,310.41707631558074
567,train,32000,36255.372258542535,-4255.372258542535
4713,train,8000,7995.6215507534225,4.378449246577475
3015,train,9000,10644.222049186528,-1644.2220491865282
4142,train,65000,34774.56163430232,30225.43836569768
961,train,33000,38180.73362054225,-5180.733620542247
1184,train,100000,159552.41844176094,-59552.418441760936
4295,train,8500,6941.210083324907,1558.789916675093
1090,train,280000,344864.00807057566,-64864.008070575655
2802,train,22000,18998.848347152605,3001.151652847395
3984,train,10000,11397.306621431515,-1397.306621431515
3295,train,9000,12094.14750363663,-3094.14750363663
2519,train,20000,17209.586794767743,2790.4132052322566
3792,train,18000,13675.46733154718,4324.532668452821
710,train,6500,30382.146841987123,-23882.146841987123
2998,train,10000,9613.278290772634,386.72170922736586
3808,train,15000,9047.447351050043,5952.552648949957
3905,train,11000,11254.180614504216,-254.18061450421555
1118,train,50000,58973.87152280898,-8973.871522808979
1677,train,10000,7888.669155044725,2111.330844955275
2361,train,11000,8223.216244116573,2776.783755883427
988,train,41000,46756.16266476086,-5756.162664760857
562,train,25000,24011.932720832014,988.0672791679863
66,train,5000,4740.762421660573,259.2375783394273
3191,train,15000,13668.565806359957,1331.4341936400433
3037,train,10000,15571.760927934381,-5571.7609279343815
3926,train,24000,24478.417663872424,-478.4176638724239
3564,train,20000,10851.2857194366,9148.7142805634
3835,train,8000,11601.70966259926,-3601.70966259926
4165,train,10000,8441.51024124695,1558.4897587530504
515,train,65000,25284.330337341013,39715.669662658984
91,train,12000,7839.736700302093,4160.263299697907
4315,train,25000,16309.020114620693,8690.979885379307
1957,train,15000,30642.105685849714,-15642.105685849714
2432,train,38000,16930.83898207011,21069.16101792989
1954,train,15000,16302.556730885934,-1302.5567308859336
4157,train,7000,13576.506950001043,-6576.506950001043
1803,train,20000,24560.19868800271,-4560.198688002711
3458,train,17000,13635.283240567302,3364.7167594326984
3116,train,40000,47376.26373298803,-7376.263732988031
251,train,6000,7282.06642172953,-1282.0664217295298
4583,train,25000,19859.59491048752,5140.405089512478
527,train,14000,24695.416954166507,-10695.416954166507
938,train,32000,30645.982912364394,1354.017087635606
1777,train,9000,9479.096027321208,-479.09602732120766
876,train,40000,63590.25842647645,-23590.258426476452
3763,train,85000,56420.16637475296,28579.83362524704
1210,train,55000,58725.56958509339,-3725.5695850933917
1728,train,23000,13524.791723121998,9475.208276878002
3115,train,25000,20328.053292363205,4671.946707636795
2305,train,14000,10634.033384092309,3365.9666159076914
2740,train,45000,47803.58380723657,-2803.583807236573
3769,train,32000,24450.3271567246,7549.672843275399
1914,train,13000,11641.55386189506,1358.4461381049405
1457,train,42000,44919.63286853429,-2919.6328685342887
3704,train,6500,8158.530288507274,-1658.5302885072742
1427,train,400000,446898.91830852616,-46898.91830852616
3354,train,25000,17255.756101033945,7744.243898966055
3273,train,11000,8624.885583060439,2375.114416939561
437,train,5000,5191.637756407374,-191.63775640737367
3460,train,3500,7706.801809928693,-4206.801809928693
3149,train,19000,15529.225277286401,3470.7747227135987
909,train,50000,53168.86126834183,-3168.8612683418323
2213,train,22000,15334.06725934895,6665.932740651049
769,train,110000,56229.640503855124,53770.359496144876
1968,train,13000,12698.260811485608,301.73918851439157
3824,train,12000,24561.79972038613,-12561.79972038613
37,train,7000,6422.653804114937,577.346195885063
3638,train,12500,8201.149119897616,4298.850880102384
1678,train,8000,12145.789746996737,-4145.789746996737
4084,train,35000,27896.144283644957,7103.855716355043
2576,train,9500,16479.86844236762,-6979.86844236762
434,train,22000,16318.244067768828,5681.755932231172
936,train,48000,37850.52800752975,10149.471992470251
856,train,150000,231179.30809435245,-81179.30809435245
4717,train,16000,18061.357465358084,-2061.3574653580836
377,train,5000,6122.678957613141,-1122.6789576131414
2427,train,80000,56162.54806319749,23837.451936802507
144,train,8000,10587.746556429787,-2587.7465564297872
4474,train,6500,4569.578247237324,1930.421752762676
4444,train,16000,19366.58076207285,-3366.5807620728483
3643,train,15000,11159.994102808545,3840.005897191455
2024,train,130000,99303.18161975758,30696.818380242417
2770,train,22000,23159.673052818453,-1159.6730528184526
3341,train,33000,31008.52141392231,1991.4785860776901
3256,train,11000,11521.937911815272,-521.937911815272
4695,train,10500,6217.870684858542,4282.129315141458
546,train,100000,54365.08250278954,45634.91749721046
1307,train,80000,80874.17181728507,-874.1718172850669
3576,train,7000,7029.581774647549,-29.581774647548627
423,train,12000,7550.488025634558,4449.511974365442
1723,train,15000,17821.41825781905,-2821.4182578190484
2298,train,13000,11680.390358269144,1319.6096417308563
307,train,9000,8980.294765815152,19.70523418484845
2284,train,16000,18120.762404006528,-2120.7624040065275
544,train,150000,36143.411959009965,113856.58804099003
2093,train,8500,9983.79785411366,-1483.79785411366
779,train,190000,120829.13960137282,69170.86039862718
2672,train,28000,42224.23041149653,-14224.23041149653
2177,train,9500,14081.056299791751,-4581.056299791751
585,train,24000,28879.715283713085,-4879.715283713085
2203,train,16000,12750.992425612523,3249.007574387477
4631,train,10000,8413.450546445561,1586.5494535544385
2456,train,20500,18521.806974982293,1978.1930250177065
4239,train,12500,14352.620720176148,-1852.620720176148
2911,train,44000,47417.09955722244,-3417.099557222442
1956,train,10000,9890.465990552353,109.5340094476469
2405,train,15000,17409.16467930851,-2409.164679308509
2899,train,11500,16979.355433417353,-5479.355433417353
3053,train,10000,11729.35207965601,-1729.3520796560097
4346,train,30000,22609.288355697863,7390.711644302137
2833,train,95000,66513.24275532665,28486.757244673354
1967,train,6000,7934.791565979566,-1934.7915659795663
138,train,8500,9984.744148245567,-1484.744148245567
2431,train,35000,20859.13029936339,14140.86970063661
2977,train,12500,19899.064886128715,-7399.064886128715
1731,train,12000,14295.364131588234,-2295.364131588234
3502,train,17000,12976.94278036102,4023.0572196389803
4691,train,7500,10043.429236529906,-2543.429236529906
3427,train,30000,24557.374769309346,5442.625230690654
1884,train,22000,19733.38242560598,2266.6175743940184
1687,train,39000,29793.417244353306,9206.582755646694
1106,train,27000,31010.99068946104,-4010.9906894610394
4260,train,11500,12714.220804871333,-1214.2208048713328
715,train,16000,15180.911778025995,819.0882219740051
1332,train,39000,27380.24228769668,11619.757712303319
4225,train,25000,13801.12847593804,11198.87152406196
3649,train,10000,9861.349435434522,138.6505645654779
1377,train,32000,39118.51549219644,-7118.515492196442
157,train,12000,15692.73963620833,-3692.739636208329
198,train,9000,8769.964529189307,230.03547081069337
1039,train,30000,20788.98186468189,9211.01813531811
4353,train,15000,18699.693506736778,-3699.6935067367776
3672,train,18000,13029.886789801,4970.113210199001
760,train,45000,41339.710208161225,3660.2897918387753
23,train,6500,10924.224962588805,-4424.224962588805
1542,train,9000,8701.76828015792,298.23171984208057
4559,train,8000,5934.44681621592,2065.55318378408
4680,train,6500,7748.297361143979,-1248.2973611439793
3101,train,14000,26972.797300755185,-12972.797300755185
931,train,55000,47314.75974260174,7685.240257398262
1520,train,14500,13497.32419418167,1002.6758058183295
4506,train,8000,11353.753228488265,-3353.7532284882654
2480,train,8000,10942.178379846444,-2942.178379846444
2064,train,21000,24051.257270447135,-3051.257270447135
3708,train,17000,12268.427275412621,4731.572724587379
1531,train,13000,11606.790994358433,1393.2090056415673
3895,train,10500,8250.923974490759,2249.076025509241
525,train,45000,29991.8039519431,15008.1960480569
1661,train,13000,12412.813022424654,587.1869775753457
639,train,100000,111661.73697691274,-11661.73697691274
3705,train,10000,10573.760523749886,-573.7605237498865
3258,train,17500,16660.880147839627,839.1198521603728
2200,train,75000,46051.506091033225,28948.493908966775
3044,train,15000,13294.839934387666,1705.1600656123337
1509,train,13000,11020.22935351685,1979.77064648315
1070,train,65000,99355.49970423739,-34355.49970423739
419,train,6000,4876.1039315185835,1123.8960684814165
3135,train,10000,11338.800333911026,-1338.8003339110255
1467,train,110000,79229.94815709935,30770.051842900648
1952,train,15000,13358.22951912366,1641.7704808763392
2226,train,5500,11585.08168539722,-6085.081685397219
2175,train,9500,12980.340812245642,-3480.340812245642
1267,train,6000,22358.776509718336,-16358.776509718336
2041,train,60000,45749.43880229409,14250.561197705909
3549,train,10000,13242.635819849678,-3242.6358198496782
3208,train,13000,15714.464187094456,-2714.464187094456
4722,train,13000,12794.123136957902,205.8768630420982
3711,train,11500,16365.977183221941,-4865.977183221941
4417,train,25000,21154.821577255392,3845.178422744608
3761,train,220000,156108.29363953954,63891.70636046046
4484,train,12000,17659.593558288223,-5659.593558288223
2323,train,18000,21720.08736262629,-3720.087362626291
1577,train,21000,29087.473511506192,-8087.473511506192
392,train,35000,29150.577619153224,5849.422380846776
3441,train,28000,24038.067745157598,3961.9322548424025
4543,train,11000,10963.823901731297,36.176098268702845
3076,train,20500,15434.219226255385,5065.780773744615
951,train,36000,35278.567905815486,721.4320941845144
404,train,8000,20342.235090970094,-12342.235090970094
2823,train,17000,26611.85415349107,-9611.85415349107
1079,train,95000,55266.322206210185,39733.677793789815
1718,train,10000,12888.761501965371,-2888.7615019653713
1484,train,78000,53961.33001941958,24038.669980580416
321,train,12000,12782.291129529358,-782.2911295293579
2944,train,7000,10650.935646948503,-3650.935646948503
4318,train,15000,7841.342398994189,7158.657601005811
2585,train,70000,51670.10547127312,18329.89452872688
1878,train,45000,50199.30790609232,-5199.307906092319
4677,train,9000,13121.647242616027,-4121.647242616027
2066,train,28000,36102.106096638585,-8102.106096638585
3582,train,15000,12788.136202115758,2211.8637978842416
643,train,18000,20104.51875851142,-2104.5187585114218
2603,train,35000,42580.6338023405,-7580.633802340497
4597,train,9500,16664.023741302855,-7164.023741302855
2704,train,7500,10541.596759107919,-3041.596759107919
712,train,38000,36877.953597840045,1122.0464021599546
14,train,8500,14580.145493581858,-6080.145493581858
962,train,27000,39432.6616691043,-12432.661669104302
401,train,15000,12561.22913654063,2438.770863459369
2554,train,7500,9210.078728465201,-1710.0787284652015
4289,train,12000,9434.126626445928,2565.873373554072
2487,train,16000,17318.559152875245,-1318.5591528752448
3257,train,11000,13269.427906850486,-2269.4279068504857
2873,train,15000,8231.375935427415,6768.624064572585
2953,train,8500,9370.604202148354,-870.6042021483536
3788,train,22999,22117.01385426671,881.9861457332918
2073,train,10000,14419.18153284207,-4419.181532842071
3447,train,22000,15189.148986974515,6810.851013025485
3858,train,17000,12340.422428275777,4659.577571724223
1192,train,90000,72370.22428332316,17629.775716676842
1766,train,10000,13834.643874837117,-3834.6438748371165
156,train,7000,7610.05562856362,-610.0556285636203
1936,train,31000,24693.037160179603,6306.962839820397
3172,train,11000,12541.109527277282,-1541.1095272772818
1725,train,12000,13351.429844926568,-1351.429844926568
2397,train,60000,45451.84560872119,14548.154391278811
442,train,6000,8589.71984716412,-2589.7198471641204
1790,train,8500,12325.70451380905,-3825.7045138090507
4367,train,21467,6967.257611675087,14499.742388324914
4520,train,45000,49717.05736342499,-4717.057363424989
466,train,6500,6956.7097486823195,-456.7097486823195
3718,train,60000,76486.75410227418,-16486.75410227418
362,train,8000,12005.369885985612,-4005.369885985612
1270,train,280000,198114.49918474891,81885.50081525109
48,train,30000,16665.540560721714,13334.459439278286
2521,train,35000,25178.561041699046,9821.438958300954
4643,train,7500,7003.118794836962,496.88120516303843
2242,train,14000,16726.40812265417,-2726.408122654171
4199,train,22500,20547.61488526555,1952.3851147344503
820,train,50000,44517.01160724973,5482.988392750267
1468,train,20000,28029.66569838577,-8029.665698385768
2180,train,25000,20655.202443419133,4344.7975565808665
3052,train,36000,25260.27177653235,10739.72822346765
982,train,250000,297162.9125486395,-47162.91254863952
92,train,9000,7802.350819436423,1197.649180563577
867,train,170000,193425.4751260642,-23425.475126064208
4321,train,12000,11971.61469971223,28.385300287769496
1227,train,130000,89911.40886699969,40088.591133000315
1734,train,32000,31206.96579226397,793.0342077360292
597,train,14000,43215.234581399556,-29215.234581399556
3904,train,11000,12662.753797672078,-1662.7537976720778
2313,train,14000,10687.706367420356,3312.2936325796436
2908,train,8000,7601.975025314383,398.02497468561705
3022,train,6500,5515.604227536317,984.395772463683
1761,train,31000,28666.228150445302,2333.771849554698
702,train,21000,39717.9133486598,-18717.9133486598
3800,train,15000,13542.654336960379,1457.3456630396213
4230,train,14000,12118.021801660592,1881.9781983394078
4702,train,26000,17462.692989503772,8537.307010496228
1312,train,60000,45140.25265933753,14859.74734066247
2996,train,23000,15333.343387239898,7666.656612760102
603,train,62000,92115.52562560188,-30115.525625601877
2096,train,8000,7301.553362291834,698.4466377081662
2735,train,7500,11558.239442946935,-4058.239442946935
784,train,60000,51535.81258204917,8464.18741795083
2268,train,14000,9612.35804986588,4387.641950134121
2433,train,16000,16514.709092535602,-514.7090925356024
4658,train,11000,12953.531724464203,-1953.5317244642029
4057,train,20000,16869.469570257967,3130.5304297420334
1344,train,88000,48934.40752142422,39065.59247857578
4480,train,15000,17242.850048825712,-2242.8500488257123
1388,train,200000,90472.12281534239,109527.87718465761
1529,train,28000,34342.396292324695,-6342.3962923246945
2933,train,17000,18159.057428829274,-1159.0574288292737
783,train,27000,21179.021590065877,5820.978409934123
4561,train,17000,14026.831175276202,2973.168824723798
911,train,62000,57678.1619578048,4321.838042195202
1061,train,100000,87344.95970116626,12655.040298833745
878,train,15000,24471.542514742538,-9471.542514742538
342,train,8500,6800.7517047207475,1699.2482952792525
2739,train,44300,28705.855233614715,15594.144766385285
1539,train,65000,58668.964269237484,6331.035730762516
1199,train,300000,279841.6813838031,20158.31861619692
897,train,51000,50701.384156691245,298.61584330875485
3013,train,7000,8167.872736202712,-1167.872736202712
4194,train,16500,23801.464869807376,-7301.464869807376
1085,train,44000,36889.0275082698,7110.972491730201
2937,train,27000,22606.945563899862,4393.0544361001375
3842,train,25000,19787.274628517367,5212.725371482633
1141,train,35000,49360.491806161735,-14360.491806161735
2091,train,6500,5146.124571033722,1353.8754289662784
3774,train,10000,7601.016014968178,2398.983985031822
122,train,6800,5953.32288631504,846.6771136849602
3371,train,18000,13873.249839996004,4126.750160003996
880,train,25000,22860.46908382877,2139.5309161712285
2717,train,14000,17608.751367301145,-3608.7513673011454
2992,train,10000,11503.355261949919,-1503.3552619499187
3901,train,9500,13882.442793443093,-4382.442793443093
1571,train,9000,7973.507636049846,1026.492363950154
1259,train,38000,55893.645405037365,-17893.645405037365
4452,train,6000,8215.365362453516,-2215.3653624535164
3630,train,200000,73609.0429345844,126390.9570654156
3595,train,9000,6900.273304456943,2099.726695543057
303,train,12000,9222.42872304279,2777.571276957209
659,train,55000,46016.55049626907,8983.449503730932
1784,train,25000,22555.27559638161,2444.724403618391
1866,train,11000,16938.404591087423,-5938.404591087423
2676,train,10000,12471.900986680077,-2471.900986680077
1998,train,12500,17586.732832341135,-5086.732832341135
4108,train,37000,22687.86408626338,14312.13591373662
4241,train,10000,12786.160686273466,-2786.160686273466
3222,train,75000,50297.280468399,24702.719531600997
1488,train,65000,54206.14585756159,10793.85414243841
1810,train,9750,10056.105593249125,-306.1055932491254
4490,train,23000,24274.150689172016,-1274.1506891720164
4064,train,14000,15981.498663475135,-1981.498663475135
728,train,55000,72719.68570807732,-17719.68570807732
1198,train,70000,76944.02890345729,-6944.0289034572925
1800,train,10000,14698.132196937127,-4698.132196937127
3746,train,11000,14568.385281013192,-3568.385281013192
3750,train,7000,8432.599646582312,-1432.5996465823118
4437,train,9000,5261.332246431926,3738.6677535680737
2727,train,15000,14337.9658507227,662.0341492773005
141,train,13000,8541.241722252922,4458.758277747078
16,train,6000,6109.116288333215,-109.11628833321538
335,train,14000,13717.318087765088,282.6819122349116
4662,train,60000,27239.546101771415,32760.453898228585
1856,train,15000,13826.610328436456,1173.3896715635437
1021,train,500000,430982.0702025829,69017.92979741708
1102,train,180000,87790.62414285379,92209.37585714621
1341,train,280000,220431.33645170947,59568.663548290526
4218,train,15000,13400.013840798274,1599.986159201726
60,train,5000,4989.494841711851,10.505158288148778
2002,train,9000,8886.79642106373,113.20357893627079
452,train,12000,9777.817347736587,2222.182652263413
475,train,6000,8763.102431803592,-2763.1024318035925
2596,train,18000,16209.693591143854,1790.306408856146
3158,train,12000,13261.180066144465,-1261.180066144465
4709,train,12000,11154.612802828347,845.3871971716526
2964,train,6000,8851.556105998638,-2851.5561059986376
2307,train,11000,11997.566027667737,-997.5660276677372
212,train,12000,13880.533955905372,-1880.5339559053718
1328,train,35000,33550.21469122176,1449.7853087782423
1946,train,12000,12436.023991235703,-436.02399123570285
388,train,15000,11976.819855145817,3023.180144854183
1597,train,8000,7606.294687015296,393.7053129847036
2797,train,15000,13335.685523542605,1664.3144764573954
3423,train,6300,5912.705686152124,387.29431384787586
1478,train,380000,268517.6878982024,111482.31210179761
1246,train,72000,81261.17632666779,-9261.176326667788
4021,train,35000,24832.46857053713,10167.53142946287
4287,train,8000,7328.186608944298,671.8133910557017
2539,train,10500,17293.676987397568,-6793.676987397568
322,train,3200,3926.4240793002937,-726.4240793002937
1897,train,18000,19377.15777206856,-1377.15777206856
4139,train,10000,6187.941892308022,3812.058107691978
819,train,11000,13480.779043212635,-2480.779043212635
664,train,25500,41314.34470562245,-15814.344705622447
3860,train,19500,18107.3973318811,1392.6026681188996
282,train,17500,10109.742216733037,7390.257783266963
4420,train,15000,13229.36904020816,1770.6309597918407
3212,train,12000,9927.241348700249,2072.7586512997514
2856,train,25000,25951.85209297211,-951.852092972109
3151,train,16000,19097.39259817348,-3097.392598173479
3338,train,13500,14085.777728797784,-585.7777287977842
1240,train,13000,20503.45527821723,-7503.455278217229
1149,train,85000,79687.6475645337,5312.352435466295
1105,train,37000,53159.05243990512,-16159.052439905121
566,train,75000,54223.753734594,20776.246265406
3567,train,25000,36189.71413599478,-11189.714135994778
4435,train,25000,15388.861509005834,9611.138490994166
1983,train,7000,6448.260624305432,551.7393756945676
3717,train,45000,35952.2648070028,9047.7351929972
2776,train,13000,17221.260771540645,-4221.260771540645
380,train,40000,26438.317074217957,13561.682925782043
2104,train,100000,45010.128559112454,54989.871440887546
3742,train,5000,6144.278129576714,-1144.2781295767136
4240,train,25000,24056.58537407117,943.4146259288318
2615,train,8500,14893.367559527112,-6393.3675595271125
3040,train,24000,12830.00963741043,11169.99036258957
2339,train,55000,37199.7641975507,17800.2358024493
1423,train,32000,58162.93225819005,-26162.93225819005
3619,train,12000,14023.402404072862,-2023.4024040728618
1379,train,100000,150493.83285573646,-50493.83285573646
2951,train,45000,30664.767080061156,14335.232919938844
3768,train,24000,37990.080600320456,-13990.080600320456
2035,train,14000,15624.282862551187,-1624.2828625511866
2207,train,30000,41750.02865070531,-11750.02865070531
1374,train,270000,198502.36693351815,71497.63306648185
2474,train,13000,10794.326335948414,2205.6736640515865
4616,train,20000,31310.785542825535,-11310.785542825535
727,train,130000,206486.25996302633,-76486.25996302633
746,train,33000,31792.555794518317,1207.4442054816827
2660,train,37000,74443.5295238645,-37443.529523864505
1848,train,9000,11060.193514919489,-2060.1935149194887
4342,train,8000,10121.455306682281,-2121.455306682281
1063,train,52000,39379.019890565956,12620.980109434044
578,train,300000,326898.1202721192,-26898.12027211918
2612,train,60000,53359.412333432105,6640.587666567895
231,train,16000,14609.728448271504,1390.271551728496
3046,train,9000,11581.416585465073,-2581.416585465073
2986,train,20000,30788.839258548087,-10788.839258548087
2997,train,10000,12142.362774874733,-2142.362774874733
2637,train,23000,24594.45041010576,-1594.450410105761
547,train,60000,68046.02695746205,-8046.026957462047
2855,train,100000,61630.21812753296,38369.78187246704
38,train,21000,11730.602625709662,9269.397374290338
3741,train,15000,12742.823416888177,2257.1765831118228
1671,train,12000,14035.632620987122,-2035.6326209871222
4705,train,16000,19968.343064816938,-3968.343064816938
1538,train,45000,44385.92387876909,614.076121230908
312,train,10000,4869.759652216735,5130.240347783265
2443,train,30000,18211.474757926055,11788.525242073945
4619,train,15000,14534.648211660795,465.3517883392051
688,train,45002,42849.89934073242,2152.1006592675767
4585,train,20000,17407.897509132632,2592.102490867368
1010,train,68000,83420.07620251604,-15420.076202516037
4320,train,12000,14230.323888521147,-2230.3238885211467
2261,train,18000,23299.991557559,-5299.9915575589985
4258,train,12000,13836.656147500102,-1836.6561475001017
2185,train,15000,19684.399976936897,-4684.399976936897
4466,train,42000,27197.62921707522,14802.37078292478
968,train,42000,47283.3367457214,-5283.336745721397
2813,train,8000,10436.014242997859,-2436.0142429978587
2548,train,20000,12046.117092218492,7953.882907781508
3666,train,8200,13274.615089399542,-5074.615089399542
3973,train,12000,13966.40453599615,-1966.4045359961492
2630,train,7000,10773.997639045005,-3773.9976390450047
4044,train,14000,14057.235082357343,-57.235082357343344
3504,train,39000,22078.03411510895,16921.96588489105
1181,train,56000,58088.849785342434,-2088.849785342434
3143,train,18000,19790.153355898492,-1790.153355898492
2344,train,12000,12686.173503282456,-686.1735032824563
1483,train,32000,35888.389550619446,-3888.389550619446
976,train,65000,41833.3559266211,23166.6440733789
2351,train,20000,34939.79091530368,-14939.790915303682
4344,train,7500,11762.176623114654,-4262.176623114654
1248,train,130000,147187.77414408815,-17187.77414408815
85,train,10000,5327.173832188213,4672.826167811787
1653,train,10000,9996.089009277475,3.91099072252473
486,train,10000,30016.5576763846,-20016.5576763846
4558,train,11000,11151.210090754132,-151.21009075413167
905,train,16500,29045.168586722022,-12545.168586722022
2531,train,16000,18381.262905558593,-2381.262905558593
1890,train,38000,33865.288430255365,4134.711569744635
4669,train,16000,18422.575494023724,-2422.575494023724
3337,train,9500,11225.34118871058,-1725.3411887105794
853,train,83000,105962.1150527005,-22962.115052700494
194,train,5000,5829.249623180315,-829.2496231803152
2208,train,65000,62444.662905497666,2555.3370945023344
1598,train,6000,7812.11849927621,-1812.11849927621
3006,train,6500,7455.241349788141,-955.2413497881407
2,train,17000,11072.30927789918,5927.6907221008205
2949,train,25000,18410.692151456504,6589.307848543496
4625,train,15000,8558.227339038478,6441.772660961522
2362,train,20000,15417.59635987694,4582.4036401230605
4443,train,10500,13266.256934945604,-2766.2569349456044
1230,train,160000,120657.46126351085,39342.53873648915
929,train,20000,24621.677905360462,-4621.677905360462
2003,train,5500,15705.380681592367,-10205.380681592367
4483,train,5000,6179.238799684162,-1179.2387996841617
1202,train,120000,134757.13806424855,-14757.138064248546
1544,train,30000,17946.087300853418,12053.912699146582
2100,train,52000,46826.030630134956,5173.969369865044
937,train,10000,11724.937738191386,-1724.9377381913855
3585,train,10000,11856.577981055805,-1856.5779810558051
1419,train,30000,45829.39267861365,-15829.39267861365
4257,train,20000,20907.154401278356,-907.1544012783561
3150,train,12000,16721.108740245752,-4721.108740245752
1521,train,4500,7759.36697901485,-3259.3669790148497
3631,train,12000,12537.541557694063,-537.5415576940632
293,train,6500,6492.871948340924,7.128051659075936
2613,train,95000,43343.39697388254,51656.60302611746
178,train,10500,14664.104327549949,-4164.104327549949
1492,train,70000,74460.47715373676,-4460.477153736763
2626,train,8500,7849.988097577413,650.0119024225869
306,train,20000,16865.114437904173,3134.8855620958275
2618,train,8000,9465.681695626025,-1465.6816956260245
1472,train,350000,508695.8547897935,-158695.8547897935
2163,train,12000,13020.416479158546,-1020.4164791585463
1708,train,25000,42562.40747754014,-17562.40747754014
1232,train,80000,136055.2658588908,-56055.26585889081
1411,train,50000,37540.31402865335,12459.685971346647
1861,train,5000,7618.398057837944,-2618.398057837944
1170,train,50000,44296.323334081266,5703.676665918734
708,train,35000,40926.46804145573,-5926.46804145573
2496,train,10000,11036.81515599582,-1036.8151559958205
3333,train,12000,13259.880415641948,-1259.8804156419483
2516,train,15000,9141.69717705518,5858.302822944819
2924,train,32000,19206.78036055971,12793.219639440289
2936,train,17000,16644.947098736884,355.0529012631159
3211,train,3500,5872.135961612341,-2372.135961612341
722,train,65000,49639.62095230484,15360.379047695162
4663,train,26000,16247.249048897595,9752.750951102405
1510,train,15000,12388.435406015065,2611.5645939849346
1516,train,15000,15334.191926266742,-334.1919262667416
4303,train,12000,8319.485543784409,3680.514456215591
2978,train,15000,14070.538957700222,929.4610422997775
3762,train,22000,24530.327439394205,-2530.3274393942047
1083,train,380000,222929.78965919817,157070.21034080183
4098,train,15000,12358.419339945864,2641.5806600541364
320,train,5000,5613.88380383892,-613.8838038389204
165,train,16500,12807.43991373544,3692.5600862645606
2687,train,25000,21235.7483924229,3764.251607577098
2026,train,10000,10041.911846417488,-41.91184641748805
568,train,16000,27257.06456537573,-11257.064565375731
4294,train,10000,16288.21140920718,-6288.211409207181
3942,train,15000,11700.316443479405,3299.6835565205947
2401,train,12000,16637.028213872,-4637.0282138719995
4453,train,45000,34929.14866131718,10070.85133868282
62,train,10000,10447.990191329429,-447.99019132942885
1040,train,330000,233573.80312702619,96426.19687297381
2787,train,25000,46017.900822694115,-21017.900822694115
1699,train,31000,35347.832284762524,-4347.832284762524
2754,train,3500,7293.2211984948235,-3793.2211984948235
1410,train,18500,13489.948797051826,5010.051202948174
1236,train,100000,102240.18068218043,-2240.180682180435
78,train,6500,8829.830954516834,-2329.830954516834
2858,train,6000,12333.489292139846,-6333.489292139846
2368,train,14000,9975.854546942763,4024.1454530572373
718,train,60000,48054.19601875568,11945.803981244317
3231,train,8500,8987.112694881473,-487.11269488147263
1476,train,22000,16099.445327221265,5900.554672778735
1553,train,17000,16443.37932287373,556.6206771262696
1628,train,10000,14443.849438124676,-4443.849438124676
2685,train,13000,10157.358080942598,2842.6419190574015
4066,train,57000,49105.86870410235,7894.131295897649
3454,train,8000,6299.104933256368,1700.895066743632
1375,train,69000,111756.23473253084,-42756.23473253084
4255,train,17000,18632.778533736277,-1632.7785337362766
3036,train,12000,14518.494129943221,-2518.494129943221
2746,train,30000,16974.909200615763,13025.090799384237
4206,train,15000,14707.169180052782,292.8308199472176
3031,train,11000,13849.099389265763,-2849.0993892657625
3654,train,9300,8610.79177536121,689.2082246387909
110,train,8000,6583.896610024488,1416.103389975512
3694,train,7500,5859.63602435768,1640.36397564232
4580,train,13000,8421.158309206654,4578.841690793346
4516,train,11000,8950.19708530091,2049.8029146990903
4538,train,5000,10687.599260003273,-5687.599260003273
685,train,27000,27126.2361156699,-126.23611566990076
1929,train,22000,31734.06697180756,-9734.066971807559
8,train,26000,16214.055154210613,9785.944845789387
4442,train,15500,21402.344750635013,-5902.344750635013
2853,train,10000,9999.874232864533,0.12576713546695828
4511,train,45000,27351.89366967212,17648.10633032788
324,train,16000,22050.22802587661,-6050.228025876611
2635,train,15000,19855.198190313877,-4855.198190313877
2276,train,20000,24803.656318452315,-4803.656318452315
3794,train,18000,16604.856453243752,1395.1435467562478
1128,train,55000,68905.06528838155,-13905.06528838155
3308,train,26000,34659.02516352435,-8659.025163524348
4551,train,15000,18902.48611878665,-3902.486118786652
2103,train,12000,10561.317227013711,1438.682772986289
3562,train,8000,6180.613144229255,1819.3868557707447
2631,train,22000,18625.557958583995,3374.442041416005
1438,train,66000,115932.78386198758,-49932.783861987584
4149,train,18000,28406.353500435038,-10406.353500435038
1579,train,7000,13094.952022656484,-6094.952022656484
2133,train,6000,7231.236446630152,-1231.2364466301524
1364,train,20000,23025.382801674914,-3025.382801674914
3137,train,34500,20000.847520455107,14499.152479544893
2881,train,30000,14445.3209379741,15554.6790620259
1335,train,49500,37872.94820162697,11627.051798373031
1822,train,50000,43581.36462987575,6418.635370124248
636,train,26000,34819.140782006376,-8819.140782006376
4502,train,7000,11218.86134011611,-4218.861340116109
3706,train,12500,15321.053849741746,-2821.0538497417456
257,train,8500,13194.956145620012,-4694.956145620012
19,train,6000,7344.859780456702,-1344.8597804567016
860,train,90000,80548.50082754466,9451.49917245534
2357,train,12000,8663.615736411772,3336.3842635882284
183,train,11000,8627.25477461107,2372.7452253889296
3077,train,13500,17692.315099939005,-4192.315099939005
2912,train,11000,16361.923656155144,-5361.923656155144
1351,train,95000,113547.86153998383,-18547.86153998383
4697,train,4500,5106.378125579383,-606.3781255793829
4256,train,20000,25252.93821961714,-5252.938219617139
1660,train,6500,9756.336841035441,-3256.3368410354415
1656,train,63000,124195.0799705936,-61195.07997059359
3180,train,40000,37214.80041668342,2785.1995833165784
4675,train,7000,8693.76682499869,-1693.7668249986891
2303,train,35000,45664.70893741132,-10664.70893741132
3963,train,9000,7392.595463709902,1607.404536290098
83,train,20000,27485.26261913356,-7485.2626191335585
3125,train,150000,56189.07710050853,93810.92289949147
3530,train,11000,12015.899007915421,-1015.899007915421
142,train,8000,7925.119425440067,74.88057455993294
3831,train,10000,6664.505668051441,3335.494331948559
1417,train,190000,110958.18509739153,79041.81490260847
2609,train,30000,30318.73589535305,-318.7358953530493
846,train,150000,65094.55886584931,84905.4411341507
3155,train,17000,23884.174515709252,-6884.174515709252
742,train,33000,17202.701619717984,15797.298380282016
1526,train,12500,15530.300554695576,-3030.3005546955756
3386,train,18000,15677.972577319508,2322.0274226804922
1673,train,15000,15084.8717314632,-84.87173146319947
1166,train,90000,175814.37057054372,-85814.37057054372
1888,train,18000,10657.876673565293,7342.1233264347065
3200,train,45000,33401.32747072543,11598.672529274569
2467,train,36000,21263.195193365573,14736.804806634427
1716,train,15000,12527.730616770279,2472.269383229721
1507,train,13000,13901.406979315847,-901.4069793158469
4734,train,35000,35301.13624021635,-301.1362402163504
3140,train,22000,14035.681361814339,7964.318638185661
2605,train,31000,35326.87593220452,-4326.8759322045225
2641,train,10000,11374.971453300974,-1374.9714533009737
1346,train,38000,44382.848280708306,-6382.8482807083055
1645,train,17500,17667.494223677848,-167.4942236778479
311,train,9000,7330.253952700109,1669.746047299891
924,train,62000,45372.7018008262,16627.298199173798
4125,train,17000,18035.673147916772,-1035.673147916772
1062,train,130000,86464.8226648687,43535.1773351313
227,train,3000,3963.8443753173924,-963.8443753173924
966,train,48000,49088.81386844951,-1088.8138684495134
1385,train,190000,165268.3239921481,24731.6760078519
508,train,60000,35292.985224760734,24707.014775239266
2628,train,13000,10383.22397113383,2616.7760288661702
2538,train,21000,10403.454252001171,10596.545747998829
605,train,130000,88200.74977582751,41799.25022417249
1903,train,11000,11194.028852908405,-194.0288529084046
4172,train,13000,13273.008465029914,-273.0084650299141
774,train,50000,50035.41742309201,-35.41742309201072
3198,train,10000,18164.40829709693,-8164.408297096928
2581,train,18000,12606.639360259138,5393.360639740862
3480,train,10000,7786.165220255812,2213.8347797441884
6,train,10000,15135.564485979756,-5135.564485979756
692,train,50000,67304.11364194793,-17304.11364194793
2090,train,28000,22242.94640073715,5757.05359926285
1604,train,9000,17471.99389131233,-8471.99389131233
405,train,35000,22161.490583147646,12838.509416852354
2525,train,8000,10551.057045827105,-2551.057045827105
4184,train,9500,7732.95814463136,1767.0418553686404
3183,train,6500,7509.823279449813,-1009.8232794498126
2098,train,12500,14387.98680420944,-1887.9868042094404
844,train,55000,55822.14515851668,-822.1451585166797
2508,train,15000,18815.566987189184,-3815.566987189184
1709,train,35000,42539.94411747463,-7539.944117474632
4269,train,10000,10398.197511364997,-398.1975113649969
1871,train,11000,12289.842087638215,-1289.8420876382152
4673,train,18000,14441.496382585055,3558.5036174149445
510,train,7000,18677.32995003606,-11677.329950036059
167,train,12000,10451.59650532765,1548.4034946723496
3978,train,6500,6837.952180726393,-337.9521807263927
1549,train,110000,116649.84305402524,-6649.843054025245
922,train,62000,81833.52488901776,-19833.52488901776
3637,train,13000,14274.200151509149,-1274.2001515091488
1530,train,12000,19643.228246351006,-7643.2282463510055
124,train,10000,10037.52206796325,-37.522067963249356
200,train,5500,6098.320814607658,-598.3208146076577
121,train,13000,13426.853182776002,-426.85318277600163
1228,train,90000,147404.92711995967,-57404.92711995967
2955,train,100000,41976.24356911369,58023.75643088631
1630,train,8000,5011.306994565801,2988.693005434199
1961,train,8000,7965.30728803805,34.69271196195041
2736,train,30000,32901.54353549449,-2901.543535494493
1459,train,60000,85570.00117612112,-25570.00117612112
1927,train,17000,14797.5746419424,2202.4253580576005
238,train,8500,8472.169117505791,27.83088249420871
1285,train,60000,67576.8815354412,-7576.881535441207
4060,train,16000,21497.30223091031,-5497.302230910311
1481,train,140000,84869.49404050392,55130.50595949608
4690,train,11000,11703.094527690644,-703.0945276906441
4588,train,45000,41760.50237887271,3239.497621127288
3499,train,10000,16412.259673110315,-6412.259673110315
2150,train,28000,15759.26191303973,12240.73808696027
3477,train,30000,17050.283228458662,12949.716771541338
445,train,10000,15203.308623417008,-5203.308623417008
3234,train,8500,12743.051560616568,-4243.051560616568
4316,train,14000,18237.03165792234,-4237.03165792234
97,train,10000,7362.889048075236,2637.110951924764
3391,train,25000,17146.68840614016,7853.3115938598385
2584,train,13000,17766.937020244317,-4766.937020244317
604,train,42000,46386.70053481136,-4386.70053481136
2934,train,18000,10414.836634735728,7585.163365264272
1587,train,15000,15072.840371285298,-72.8403712852978
2757,train,23000,13053.005327668527,9946.994672331473
2283,train,6500,6874.534496108663,-374.534496108663
2287,train,18000,16614.909245567906,1385.0907544320944
4022,train,12000,9541.096059526693,2458.9039404733066
553,train,19411,27296.38243108267,-7885.382431082671
1384,train,210000,154325.25211860394,55674.74788139606
2246,train,12000,9442.774637082473,2557.2253629175266
3452,train,19000,13548.173007777717,5451.826992222283
3289,train,100000,87496.72036890025,12503.279631099751
4266,train,15000,16702.445325513243,-1702.445325513243
384,train,15000,6909.209745958719,8090.790254041281
482,train,10000,18891.482831021953,-8891.482831021953
3663,train,16000,17605.01278871122,-1605.0127887112212
472,train,10000,11287.505396468185,-1287.5053964681847
920,train,15000,28755.54881778778,-13755.548817787781
370,train,8000,13506.927899742046,-5506.927899742046
2648,train,20000,9181.68375502623,10818.31624497377
1390,train,26000,19028.055875980852,6971.944124019148
4036,train,13000,8597.475498826258,4402.5245011737425
3254,train,7500,11135.656857257403,-3635.6568572574033
4581,train,25000,20749.703688776408,4250.296311223592
1439,train,45000,29321.517434233705,15678.482565766295
21,train,9000,7175.220286363058,1824.7797136369418
3661,train,16000,11523.737035480495,4476.262964519505
1559,train,15000,15754.547752984166,-754.5477529841664
2927,train,6000,9301.235140845636,-3301.235140845636
1075,train,75000,59947.69257903592,15052.307420964084
1174,train,65000,52335.435493152356,12664.564506847644
3635,train,25000,18447.665570616573,6552.334429383427
211,train,7500,6946.423616103578,553.5763838964222
365,train,12000,5805.464380325105,6194.535619674895
4338,train,9000,10820.37542544418,-1820.3754254441792
3147,train,12000,12756.221124089456,-756.2211240894558
830,train,23000,31676.863832582927,-8676.863832582927
3987,train,18000,23382.127539128338,-5382.127539128338
160,train,9500,8948.660515262987,551.3394847370128
1772,train,3500,4939.347945144414,-1439.3479451444136
3189,train,10000,9548.31225863768,451.6877413623206
4306,train,32000,32663.80597307281,-663.8059730728091
1920,train,7000,8372.050493799392,-1372.050493799392
953,train,40000,29043.976805791026,10956.023194208974
637,train,60000,46056.20587354865,13943.79412645135
3068,train,7500,7891.118690780249,-391.1186907802494
623,train,25000,21991.972739200948,3008.027260799052
1551,train,20000,37523.99737149488,-17523.99737149488
756,train,330000,164405.98082989227,165594.01917010773
668,train,50000,44635.04426754606,5364.955732453942
1361,train,34000,50599.72403827916,-16599.724038279157
1600,train,10000,15439.702697377716,-5439.702697377716
2565,train,18500,18717.07977578831,-217.07977578830832
4542,train,25000,17464.45378614113,7535.54621385887
1525,train,7000,5240.864659755954,1759.1353402440463
2999,train,15000,14070.337845939173,929.6621540608267
319,train,5000,7099.074549969986,-2099.074549969986
3882,train,14000,13425.187336158202,574.812663841798
2451,train,35000,35002.19179415307,-2.1917941530700773
944,train,40000,29176.06113127592,10823.938868724079
4383,train,12000,19123.239873573562,-7123.239873573562
4224,train,10000,12796.2376015586,-2796.2376015585996
426,train,6000,7491.305520313653,-1491.3055203136528
4373,train,15000,11527.894613142955,3472.1053868570452
1502,train,25000,32111.006887670483,-7111.006887670483
3463,train,50000,82449.39821501705,-32449.39821501705
4301,train,10000,10506.5901027923,-506.59010279229915
4467,train,12000,9561.799284247609,2438.2007157523913
3139,train,330000,101033.35196285199,228966.648037148
1825,train,120000,46737.36925384958,73262.63074615042
3325,train,5000,8076.886644725,-3076.886644725
386,train,7000,6871.330215694241,128.6697843057591
2385,train,90000,86950.02055103624,3049.979448963757
3228,train,9000,8647.164606872733,352.8353931272668
1286,train,19000,17398.155702924003,1601.844297075997
385,train,5000,5459.280745277264,-459.28074527726403
3516,train,23000,17685.555176368056,5314.444823631944
4096,train,13000,11285.622171443134,1714.377828556866
1003,train,140000,98997.09105568327,41002.90894431673
4566,train,50000,41740.5189790308,8259.4810209692
2005,train,14000,15538.858985873168,-1538.8589858731684
4654,train,16000,20619.75339085359,-4619.753390853592
3951,train,8000,7324.74694590409,675.2530540959096
2805,train,9000,6107.182466256568,2892.8175337434323
2418,train,12000,14111.764719271056,-2111.7647192710556
1269,train,65000,26627.47150525104,38372.528494748956
461,train,34000,9870.967888607616,24129.032111392386
2217,train,11000,16050.092961237468,-5050.0929612374675
3471,train,8500,9771.275054145373,-1271.2750541453734
4034,train,4500,4927.159083830789,-427.1590838307893
3981,train,4000,5550.483736703368,-1550.4837367033679
640,train,35000,42931.997831978704,-7931.997831978704
559,train,110000,157900.11553081122,-47900.11553081122
3324,train,18000,13057.511581510957,4942.488418489043
3133,train,10000,9302.675518402792,697.3244815972084
3095,train,20000,20705.42613073355,-705.426130733551
1190,train,35000,17902.105177856156,17097.894822143844
1499,train,13000,19498.687967006448,-6498.687967006448
3716,train,9500,10293.364223822917,-793.3642238229168
3374,train,15000,20456.891783057636,-5456.891783057636
290,train,10000,13933.142846959323,-3933.142846959323
3586,train,6500,6615.396220660879,-115.39622066087941
2852,train,18000,11946.098535820973,6053.901464179027
1026,train,65000,51004.51468288031,13995.485317119688
1401,train,22000,47804.70017357713,-25804.700173577126
297,train,5000,6181.752868056121,-1181.7528680561209
4407,train,52000,41202.543484125425,10797.456515874575
1300,train,260000,387623.63020587293,-127623.63020587293
1323,train,22000,22415.422757199936,-415.4227571999363
2507,train,52000,22923.550094304974,29076.449905695026
3280,train,47500,44914.45312050001,2585.5468794999906
2061,train,9000,7240.295250557234,1759.7047494427661
4005,train,9500,12130.777211101173,-2630.7772111011727
3544,train,72000,81840.74050441972,-9840.740504419722
411,train,6000,10471.911606050993,-4471.911606050993
2009,train,30000,25069.494277775655,4930.505722224345
2187,train,34000,47444.42035107957,-13444.42035107957
2346,train,30000,28934.310099869206,1065.6899001307938
2709,train,15000,13524.09444921275,1475.9055507872508
3689,train,8500,19524.089716912593,-11024.089716912593
3087,train,30000,26096.4768385398,3903.5231614602017
4041,train,8000,6945.524189816545,1054.475810183455
891,train,55000,29274.88376987254,25725.11623012746
3795,train,37000,42036.945668586166,-5036.945668586166
2567,train,11000,9641.721422937793,1358.2785770622068
3517,train,17000,9339.068859660885,7660.931140339115
1234,train,100000,129316.13626827144,-29316.13626827144
224,train,8500,10467.954059361386,-1967.9540593613856
1256,train,28500,28464.55555081046,35.44444918954105
3559,train,6166,7040.412408422022,-874.412408422022
3523,train,25000,24780.347190809644,219.6528091903565
2296,train,14000,20926.107224155476,-6926.107224155476
2512,train,16000,18327.158381960777,-2327.1583819607768
2863,train,20000,18693.463786944616,1306.536213055384
816,train,45000,42450.561468009495,2549.438531990505
750,train,10000,22117.470253848853,-12117.470253848853
2622,train,10000,15350.749749574896,-5350.749749574896
719,train,20000,21691.878949463575,-1691.8789494635748
9,train,10000,13655.365887087304,-3655.365887087304
1353,train,34000,38878.08464692052,-4878.084646920521
2582,train,17000,15746.92745506663,1253.0725449333695
2018,train,5000,5806.38937900092,-806.3893790009197
1921,train,13000,17703.995154254346,-4703.995154254346
254,train,8000,7521.0658112129,478.93418878709963
881,train,34000,48046.60899195194,-14046.608991951944
3075,train,6000,4940.221879317097,1059.7781206829031
3687,train,12000,16754.78334401123,-4754.78334401123
3269,train,28000,20336.94715973674,7663.052840263259
766,train,95000,42573.47372375527,52426.52627624473
2646,train,17401,27286.562714045762,-9885.562714045762
3844,train,18000,19300.396579601973,-1300.396579601973
740,train,33000,23623.61604845669,9376.38395154331
378,train,6500,9560.499099924093,-3060.4990999240927
2872,train,12000,14277.721691048486,-2277.721691048486
2850,train,16500,32011.528227444487,-15511.528227444487
2473,train,12000,11619.349189249058,380.6508107509417
1497,train,10000,13365.23280724466,-3365.23280724466
4000,train,32000,19084.90125349438,12915.09874650562
3988,train,14500,11977.976392877985,2522.023607122015
1698,train,9000,8527.254633169528,472.74536683047154
2255,train,35000,41196.93295377926,-6196.932953779258
2247,train,30000,24806.248591166994,5193.751408833006
1631,train,12000,15422.912564209188,-3422.9125642091876
1641,train,12000,15347.572577249648,-3347.572577249648
4408,train,9500,12348.360695944144,-2848.360695944144
3696,train,26000,27546.247926188254,-1546.2479261882545
2868,train,28000,19287.497057168028,8712.502942831972
1252,train,180000,156110.94593475576,23889.054065244243
3751,train,15000,12840.312929741494,2159.6870702585056
1451,train,75000,50290.68848325208,24709.31151674792
4050,train,35000,19960.976925992614,15039.023074007386
2314,train,22000,16068.140915634038,5931.859084365962
111,train,6000,7053.029400796522,-1053.0294007965222
2367,train,100000,73861.83227863738,26138.167721362624
4232,train,150000,74351.63532474315,75648.36467525685
670,train,50000,84049.63393360202,-34049.63393360202
317,train,5000,6423.634902164838,-1423.6349021648384
1779,train,20000,11713.31975157804,8286.68024842196
3674,train,40000,43072.519048626586,-3072.5190486265856
4672,train,20000,11943.534115857961,8056.465884142039
1648,train,7500,7962.00205822854,-462.0020582285397
338,train,7000,5871.812374085653,1128.1876259143473
1296,train,17000,22197.53684732716,-5197.536847327159
218,train,7500,8051.432905745037,-551.4329057450368
4591,train,37000,47680.63480603723,-10680.634806037233
4587,train,40000,43142.618552415806,-3142.6185524158063
802,train,30000,20259.785100426212,9740.214899573788
1555,train,6000,7055.364792725033,-1055.364792725033
4477,train,9000,6783.155558465392,2216.8444415346084
673,train,25000,23880.576563286384,1119.423436713616
3782,train,11000,11348.328582470234,-348.3285824702343
2310,train,35000,25977.374125765255,9022.625874234745
1982,train,20000,14835.32428953908,5164.6757104609205
4494,train,25000,24090.10231416014,909.8976858398601
1469,train,35000,15211.372109688129,19788.627890311873
1592,train,35000,43943.2562809408,-8943.256280940797
1958,train,7000,9876.731594738681,-2876.7315947386815
1176,train,43000,44185.35148955974,-1185.35148955974
4611,train,7500,6728.283554339527,771.7164456604733
593,train,30000,19539.02330377959,10460.976696220408
2117,train,60000,49163.50706808425,10836.492931915753
3685,train,13000,13529.827314075306,-529.8273140753063
2571,train,22000,26399.88900226958,-4399.889002269581
3176,train,7500,6998.846958357698,501.153041642302
309,train,7000,6178.0459366215755,821.9540633784245
4608,train,11000,10280.439823461486,719.5601765385145
3259,train,8000,13170.817988264587,-5170.817988264587
4393,train,10000,13065.999390827563,-3065.999390827563
1030,train,120000,197894.13103837596,-77894.13103837596
3367,train,6000,5705.643497928552,294.3565020714477
469,train,9500,8417.988644175943,1082.0113558240573
2299,train,12000,14074.294956021122,-2074.294956021122
787,train,200000,156527.27884756925,43472.72115243075
2623,train,15000,16338.37373426026,-1338.3737342602599
2819,train,35000,37774.3061667345,-2774.3061667345028
3293,train,46000,48286.182761321375,-2286.1827613213754
2111,train,32000,44411.300874538734,-12411.300874538734
4562,train,16000,13677.668025274956,2322.3319747250443
3389,train,9000,12885.912428209918,-3885.9124282099183
1619,train,18000,15728.928624618704,2271.071375381296
1962,train,52000,54438.07695311806,-2438.076953118063
4179,train,12000,8774.651311655438,3225.348688344562
4131,train,52000,58669.438328351076,-6669.438328351076
2031,train,25000,31288.92425241801,-6288.924252418012
1919,train,12500,8094.738049218972,4405.261950781028
4123,train,14000,14935.080387217902,-935.0803872179022
3028,train,45000,38144.08008648536,6855.919913514641
1705,train,18000,18616.592119546058,-616.5921195460578
800,train,35000,32375.14036813519,2624.8596318648088
2756,train,19000,12287.569539643777,6712.430460356223
2264,train,6000,7432.505574713746,-1432.5055747137458
1115,train,24000,26967.053019574534,-2967.053019574534
3779,train,9000,10907.251593646532,-1907.2515936465315
229,train,18000,10164.44198110571,7835.5580188942895
259,train,7000,10192.32973084028,-3192.32973084028
1395,train,180000,87865.11851513847,92134.88148486153
1720,train,11500,15274.002194013245,-3774.0021940132447
1186,train,270000,134109.90961821223,135890.09038178777
681,train,150000,155840.5240752005,-5840.52407520049
3783,train,140000,74923.71352657092,65076.28647342908
2250,train,6000,6971.051292375539,-971.0512923755387
904,train,100000,121898.74948242342,-21898.749482423416
3776,train,12000,13078.826402729299,-1078.826402729299
360,train,5000,4388.654241107545,611.3457588924548
1287,train,140000,92910.42858895731,47089.57141104269
3660,train,10000,9765.141987854347,234.85801214565254
3113,train,49000,58374.05431451825,-9374.054314518253
2227,train,50000,41053.3902327161,8946.609767283902
4605,train,10000,14792.039557120996,-4792.039557120996
2960,train,5000,12076.947256979685,-7076.947256979685
3622,train,14000,26629.98223413004,-12629.982234130039
2376,train,30000,23369.121815091403,6630.878184908597
305,train,3000,6447.201147670127,-3447.2011476701273
505,train,2200,5849.328484918087,-3649.3284849180873
3274,train,5000,8981.705682348978,-3981.7056823489784
1112,train,200000,115792.36295534225,84207.63704465775
2799,train,90000,73276.75688004252,16723.24311995748
214,train,6000,4707.136844239905,1292.8631557600947
3592,train,15000,14752.11148354878,247.8885164512194
1947,train,15000,13066.988125996415,1933.011874003585
865,train,75000,100262.03416821796,-25262.034168217957
3524,train,16500,13368.136237770164,3131.8637622298356
326,train,8000,8688.504854072655,-688.5048540726548
3154,train,11000,12499.940132462325,-1499.940132462325
2788,train,21000,10647.622660344214,10352.377339655786
1111,train,18500,37135.616589146586,-18635.616589146586
4153,train,28000,29514.56398505208,-1514.5639850520784
2657,train,27000,47648.42011498311,-20648.420114983113
834,train,220000,129868.69825100529,90131.30174899471
839,train,65000,33811.83614123939,31188.163858760607
2694,train,15000,26147.68315159412,-11147.68315159412
1836,train,30000,26730.49933983912,3269.50066016088
3397,train,16000,8710.630401899596,7289.369598100404
328,train,8000,7707.857399621711,292.142600378289
1376,train,120000,95287.13486887893,24712.86513112107
942,train,5500,19509.8585543976,-14009.8585543976
1223,train,46000,53375.64154986745,-7375.641549867447
3537,train,25000,15733.65637310571,9266.34362689429
1690,train,23000,22163.74954062608,836.2504593739213
2563,train,12000,8826.009343101394,3173.990656898606
1975,train,20000,15564.095202837947,4435.904797162053
2836,train,130000,291910.8297289684,-161910.82972896838
351,train,7000,6174.216644700625,825.7833552993752
4290,train,20000,14820.764602492567,5179.235397507433
2046,train,42500,36505.14569004197,5994.854309958027
4510,train,8000,27704.572802689116,-19704.572802689116
1618,train,8500,7928.948647656148,571.0513523438522
1066,train,30000,15265.252343031216,14734.747656968784
1276,train,23000,23036.309166886058,-36.30916688605794
1558,train,8000,6214.731907073032,1785.2680929269682
39,train,10000,5597.115367595834,4402.884632404166
270,train,5500,5164.449909182661,335.55009081733897
2435,train,9500,12843.850404091398,-3343.8504040913976
4635,train,45000,33267.84526548987,11732.154734510128
1035,train,350000,307971.85525975993,42028.144740240066
854,train,32000,30181.203712698458,1818.7962873015422
69,train,7500,5781.629731463894,1718.3702685361059
3066,train,8000,13573.350222566167,-5573.350222566167
1838,train,8000,6851.255930475003,1148.744069524997
2795,train,8000,13542.962545494323,-5542.962545494323
1238,train,84500,90740.62626756859,-6240.626267568587
1599,train,13000,14965.178524118628,-1965.178524118628
3796,train,18000,13283.275645349091,4716.724354650909
4633,train,16000,12063.733552017788,3936.2664479822124
3225,train,8500,9047.800247515352,-547.8002475153517
991,train,53000,69160.5689156236,-16160.568915623604
1091,train,46000,28518.733631752373,17481.266368247627
3571,train,15000,12187.572700048646,2812.427299951354
2463,train,12500,11244.871439657001,1255.1285603429988
4401,train,32000,22223.631230600266,9776.368769399734
1466,train,90000,50177.30294237001,39822.69705762999
665,train,350000,501632.92577958014,-151632.92577958014
1288,train,30000,40738.336620126065,-10738.336620126065
3977,train,22000,16048.422366692334,5951.5776333076665
1080,train,40000,45980.21793190726,-5980.21793190726
1849,train,6000,5532.08859350666,467.9114064933401
3577,train,23000,14152.901485585162,8847.098514414838
4529,train,42000,48170.65143695077,-6170.651436950771
4300,train,30000,24673.999688541222,5326.000311458778
698,train,140000,119409.31098035301,20590.68901964699
3778,train,35000,38706.470901340916,-3706.4709013409156
921,train,260000,317355.2020933147,-57355.20209331473
1674,train,12000,14308.850665271302,-2308.850665271302
2107,train,6500,6843.401699819473,-343.4016998194729
2446,train,70000,34750.53779101663,35249.46220898337
2861,train,13000,17093.960480469526,-4093.9604804695264
2459,train,25000,19464.69440107473,5535.305598925272
2008,train,43000,44134.57459763342,-1134.574597633422
4476,train,6200,6661.2023104368145,-461.2023104368145
3179,train,12000,9818.533994965483,2181.4660050345174
3497,train,20000,18234.72966904476,1765.2703309552417
3533,train,9000,11292.853913001813,-2292.8539130018125
1782,train,15000,15550.709490731777,-550.7094907317769
2118,train,8500,8523.243993076949,-23.243993076948755
1789,train,30000,20176.83497743629,9823.16502256371
215,train,20000,21031.22102041984,-1031.2210204198418
2699,train,14000,12751.456761062494,1248.5432389375055
1804,train,16500,12880.060365395975,3619.939634604025
1386,train,25000,35684.48959326471,-10684.489593264712
859,train,25000,34312.13181492768,-9312.131814927678
3405,train,20000,12421.543871491629,7578.456128508371
582,train,89000,119969.0183368247,-30969.018336824694
4285,train,6500,7955.631327533878,-1455.631327533878
3565,train,14000,8889.350110583888,5110.649889416112
3798,train,10000,10937.54962475231,-937.5496247523097
1489,train,35000,19030.923805067814,15969.076194932186
964,train,95000,68882.43921838311,26117.560781616892
1543,train,23000,15696.12870128146,7303.871298718541
4428,train,7000,6637.440644724212,362.5593552757882
2108,train,13500,22582.82727378515,-9082.827273785151
1431,train,85000,107327.35841841281,-22327.358418412812
296,train,10000,13766.397891306375,-3766.3978913063747
2164,train,11000,14989.905497769785,-3989.905497769785
4732,train,15000,14190.773356747837,809.2266432521628
1092,train,35000,30910.55560748058,4089.444392519421
2989,train,29000,16215.122487109742,12784.877512890258
1372,train,34000,53100.18721116541,-19100.18721116541
2271,train,6000,8890.214944270698,-2890.2149442706977
2491,train,27000,22815.02529985025,4184.974700149749
557,train,68000,33928.811714591735,34071.188285408265
849,train,180000,152383.67807745654,27616.32192254346
4208,train,25000,25798.69239986229,-798.6923998622915
3162,train,8000,10818.344740109771,-2818.344740109771
3,train,10000,9605.70100008278,394.2989999172205
4395,train,10000,16322.935386784455,-6322.935386784455
930,train,150000,108966.92819581536,41033.07180418464
1670,train,15000,23961.002290069828,-8961.002290069828
128,train,4700,5144.094276303295,-444.0942763032954
4564,train,20000,10866.854964308093,9133.145035691907
192,train,10000,19667.321307574526,-9667.321307574526
4221,train,11000,13475.929223234925,-2475.9292232349253
3688,train,25000,28936.48306376214,-3936.4830637621417
3359,train,9500,9015.80269640351,484.1973035964893
4180,train,10000,11564.783698349429,-1564.783698349429
196,train,5200,6261.077951349642,-1061.0779513496418
455,train,7000,6520.757052611353,479.2429473886468
3936,train,55000,45965.231787717355,9034.768212282645
2190,train,12000,15411.01155420686,-3411.0115542068597
3365,train,13000,15047.886812654757,-2047.8868126547568
2237,train,35000,54095.985420144214,-19095.985420144214
487,train,6000,9908.098221280345,-3908.0982212803447
520,train,25000,30076.761578898462,-5076.761578898462
501,train,14000,22857.0792984485,-8857.079298448502
4495,train,14000,13685.331965575993,314.6680344240067
957,train,16000,20220.133229037972,-4220.133229037972
2816,train,31500,40986.97598265911,-9486.97598265911
4505,train,8500,11644.07673076041,-3144.076730760409
3429,train,22000,35134.39663429924,-13134.396634299243
1870,train,11000,13097.595068614904,-2097.5950686149044
1812,train,12000,12939.797845065073,-939.7978450650735
682,train,27000,16896.04488197173,10103.955118028269
2629,train,6000,8876.646677281988,-2876.6466772819876
3100,train,9000,9833.065741877925,-833.0657418779247
2692,train,50000,36072.65076423919,13927.349235760812
799,train,70000,56595.28648805128,13404.713511948721
2897,train,9000,17674.28950347146,-8674.28950347146
4018,train,17000,12485.718879118567,4514.281120881433
3908,train,9000,9247.12808580896,-247.12808580895944
2506,train,35000,15171.813470981548,19828.18652901845
125,train,18000,10718.088749992223,7281.911250007777
1072,train,54500,26369.318920712492,28130.681079287508
2568,train,52000,56296.23062316942,-4296.2306231694165
180,train,15000,9725.29609312854,5274.70390687146
1755,train,6000,8970.272180203874,-2970.272180203874
1258,train,270000,258341.8692907479,11658.130709252087
1201,train,35000,17165.66280999153,17834.33719000847
843,train,56000,62375.08137025207,-6375.081370252068
3281,train,7500,14532.627451218626,-7032.627451218626
241,train,9000,9210.160625131233,-210.16062513123325
717,train,8500,18480.424319766404,-9980.424319766404
3127,train,18000,17153.867626867646,846.1323731323537
2212,train,9000,8598.973576931337,401.02642306866255
4309,train,20000,24900.44182924751,-4900.441829247509
4092,train,11000,13547.965698823064,-2547.9656988230636
619,train,50000,98015.98939414388,-48015.98939414388
3023,train,10000,14330.158207522687,-4330.158207522687
2705,train,17000,11223.767233637896,5776.232766362104
798,train,150000,90113.84966328109,59886.150336718914
749,train,80000,78432.34456837749,1567.6554316225083
1130,train,33000,45555.79077054078,-12555.790770540778
1758,train,27500,17335.727196447566,10164.272803552434
2651,train,13000,10425.849051134277,2574.150948865723
2224,train,6200,6647.916180509102,-447.91618050910165
596,train,47000,43979.142415302376,3020.8575846976237
235,train,15000,9620.383626811872,5379.616373188128
458,train,15000,17222.49143239947,-2222.491432399471
2011,train,15000,13082.096312013446,1917.9036879865544
318,train,14000,7233.290601438609,6766.709398561391
3683,train,13500,13558.512361274008,-58.51236127400807
4461,train,15000,22505.849150173886,-7505.849150173886
22,train,4000,4475.370119719999,-475.3701197199989
4471,train,15000,12601.565992157386,2398.434007842614
1795,train,7000,7847.052754795472,-847.0527547954716
4177,train,12000,13758.135429439784,-1758.1354294397843
4163,train,15000,22240.866096339283,-7240.866096339283
2396,train,10000,11754.168210269516,-1754.1682102695158
4190,train,5500,7728.194743593069,-2228.194743593069
2939,train,23000,18264.769487464724,4735.230512535276
836,train,35000,40135.548887015786,-5135.548887015786
1686,train,10000,11243.681156065344,-1243.681156065344
1024,train,9400,19492.192852996253,-10092.192852996253
3328,train,30000,17509.023872237547,12490.976127762453
3486,train,6000,6742.973969659748,-742.973969659748
3079,train,15000,23638.32589152722,-8638.32589152722
2867,train,25000,37214.10021026153,-12214.100210261531
1739,train,45000,42274.48724815046,2725.512751849543
4425,train,16000,11375.892440300682,4624.107559699318
3758,train,11500,14978.618504846974,-3478.6185048469742
519,train,12000,8262.9387306288,3737.061269371199
291,train,14000,17111.088562624896,-3111.0885626248964
2377,train,14000,17122.65273137201,-3122.6527313720107
1161,train,85000,60982.420874866715,24017.579125133285
4211,train,3000,5824.357146237449,-2824.3571462374493
693,train,55000,54500.135172668306,499.86482733169396
1572,train,180000,89085.92908805177,90914.07091194823
4569,train,25000,22275.336191127997,2724.663808872003
1582,train,15000,16444.215833577986,-1444.215833577986
2291,train,22000,22908.216255379954,-908.2162553799535
2869,train,22000,19029.408679591266,2970.5913204087337
1250,train,13000,19728.005832634666,-6728.005832634666
538,train,33500,43638.315422813284,-10138.315422813284
841,train,280000,368849.04810022935,-88849.04810022935
1635,train,11000,11653.044860177877,-653.0448601778771
1162,train,110000,104915.1168553228,5084.883144677195
3221,train,65000,53748.40715203436,11251.592847965643
1032,train,130000,113338.14578771974,16661.85421228026
2919,train,30000,22061.871851353073,7938.128148646927
1767,train,9000,6119.00675660663,2880.99324339337
464,train,7000,9288.011386227163,-2288.011386227163
3765,train,14000,14666.221589737435,-666.2215897374354
2322,train,15000,12375.533361441148,2624.4666385588516
4086,train,20000,20693.79195205976,-693.7919520597607
3247,train,9000,12664.344239631244,-3664.344239631244
3924,train,24000,24817.52147370256,-817.5214737025599
4439,train,20000,11716.800384326862,8283.199615673138
3012,train,7000,6105.199252058995,894.8007479410053
3466,train,10000,9303.151115360153,696.8488846398468
591,train,45000,42729.33812307052,2270.66187692948
2987,train,12000,12602.920462037215,-602.9204620372147
470,train,1800,5733.5078084198985,-3933.5078084198985
1440,train,22000,16378.978148125268,5621.0218518747315
840,train,45000,35650.88975243259,9349.110247567412
3518,train,8500,14186.522343979232,-5686.522343979232
2918,train,24000,29029.244246064045,-5029.244246064045
488,train,18000,10016.227729761615,7983.772270238385
3016,train,4500,4623.2052805069425,-123.20528050694247
3442,train,9500,13201.696842600546,-3701.696842600546
3997,train,13000,16274.808406250393,-3274.808406250393
4458,train,13000,13050.801508736293,-50.80150873629282
2724,train,5000,9039.361487072458,-4039.3614870724577
1103,train,70000,83586.96949094789,-13586.969490947886
4001,train,15000,12397.619425797046,2602.3805742029544
3940,train,7000,12815.464525817613,-5815.464525817613
795,train,18500,30212.070182446172,-11712.070182446172
4288,train,3300,4553.382475305802,-1253.3824753058016
704,train,40000,40946.86308386614,-946.8630838661411
4347,train,7500,7930.736634452113,-430.7366344521133
3790,train,70000,17201.845883444457,52798.15411655554
3676,train,18000,12448.925780775045,5551.0742192249545
1319,train,12000,17369.554101018548,-5369.554101018548
2270,train,60000,45320.22962979212,14679.77037020788
3786,train,250000,153197.04539440406,96802.95460559594
1291,train,85000,79633.0816830888,5366.918316911193
1414,train,85000,54889.09015234956,30110.909847650437
2139,train,7500,7443.058447729077,56.94155227092324
3119,train,11000,14990.645249428344,-3990.645249428344
1965,train,22000,30285.106181270865,-8285.106181270865
4725,train,18000,20993.099263113203,-2993.099263113203
2173,train,12000,14330.05577034932,-2330.0557703493196
558,train,30000,22558.52939017958,7441.470609820419
1845,train,13000,14699.967827910288,-1699.9678279102882
1634,train,8000,6104.1168863120365,1895.8831136879635
431,train,23000,13160.305490030805,9839.694509969195
2439,train,30000,14296.902326014511,15703.097673985489
3543,train,12000,9801.663800193908,2198.336199806092
349,train,6000,9951.639455663553,-3951.6394556635532
53,train,15000,10975.07176243981,4024.9282375601906
3632,train,10000,13513.665633800108,-3513.6656338001085
50,train,7500,5684.882867524686,1815.117132475314
4412,train,9000,6718.085797322513,2281.914202677487
3284,train,7000,10924.154442275818,-3924.154442275818
2905,train,12100,18857.982785574535,-6757.982785574535
1418,train,20000,19837.892312435873,162.10768756412654
2157,train,12000,11347.586597150448,652.4134028495519
1302,train,45000,53573.58899267731,-8573.588992677309
1859,train,50000,51585.93825408512,-1585.938254085122
3539,train,14000,20940.007388540627,-6940.007388540627
1993,train,30000,37373.753189965035,-7373.753189965035
28,train,8500,8145.409619192829,354.59038080717073
2092,train,9000,10389.011710665032,-1389.0117106650323
3243,train,25000,41027.44048061349,-16027.440480613492
3682,train,9500,8645.776535861842,854.2234641381583
3453,train,37500,34880.85599595909,2619.144004040907
1260,train,26000,26680.07464491797,-680.0746449179715
1424,train,22000,18448.478189069858,3551.5218109301422
3440,train,14000,13456.231283448766,543.7687165512343
1933,train,8000,8518.647171009865,-518.6471710098649
204,train,5000,5999.706983427571,-999.7069834275708
3010,train,20000,52062.555040560525,-32062.555040560525
4540,train,7000,5573.397649180382,1426.6023508196176
2803,train,4000,9135.603218743734,-5135.603218743734
3854,train,26000,15772.841313058832,10227.158686941168
1301,train,32000,31538.86846889783,461.1315311021717
4160,train,14000,9609.163728397569,4390.836271602431
1237,train,79500,45207.840345171455,34292.159654828545
3057,train,6000,10664.923548040073,-4664.923548040073
1792,train,20000,16873.517382486232,3126.4826175137678
977,train,23000,28649.60551106634,-5649.60551106634
2216,train,11000,10092.117952398574,907.8820476014262
2913,train,40000,53559.46387810946,-13559.463878109462
1437,train,75000,97662.0795924042,-22662.079592404203
2693,train,20000,14424.473413824897,5575.526586175103
4679,train,20000,17841.421061189743,2158.5789388102567
1639,train,8000,8967.011217375988,-967.011217375988
3449,train,15000,12515.111937712243,2484.888062287757
542,train,400000,557143.1552890228,-157143.15528902283
1362,train,170000,101093.15597546379,68906.84402453621
2415,train,80000,42868.46076838496,37131.53923161504
3002,train,15000,13284.855561754162,1715.1444382458376
2404,train,14900,13158.608145951435,1741.3918540485647
4664,train,8000,15958.017451436988,-7958.017451436988
2259,train,30000,30378.758731128222,-378.7587311282223
2901,train,23000,29266.3201066747,-6266.320106674699
2497,train,7000,9898.51863085784,-2898.5186308578395
1330,train,16000,10421.832724103617,5578.167275896383
2993,train,14000,15111.4649455595,-1111.4649455595008
3712,train,23000,22678.637549967953,321.3624500320475
3756,train,16000,12739.69798395512,3260.3020160448796
2238,train,9000,10532.549281255962,-1532.5492812559623
330,train,3800,6916.733936050921,-3116.7339360509213
1067,train,45000,68818.30449914737,-23818.304499147373
1127,train,43000,42932.03269586739,67.96730413260957
3834,train,40000,31380.662076798213,8619.337923201787
3343,train,18000,18022.04325491256,-22.04325491256168
630,train,310000,226066.58927519704,83933.41072480296
713,train,35000,45419.484431575795,-10419.484431575795
2747,train,9500,10278.587557665973,-778.5875576659728
2094,train,20000,14886.515788990604,5113.484211009396
268,train,6500,9833.890556901813,-3333.8905569018134
3928,train,27000,26305.66126565981,694.3387343401882
2535,train,16000,9324.728644764496,6675.2713552355035
2105,train,6000,15829.25875403051,-9829.25875403051
3851,train,27500,31960.243329225803,-4460.243329225803
1617,train,12000,14338.420483058055,-2338.4204830580547
2895,train,150000,28751.960053776318,121248.03994622368
265,train,40000,29377.848726217362,10622.151273782638
4120,train,80000,65934.87275682164,14065.127243178358
2533,train,28500,26249.73587993902,2250.2641200609796
4250,train,15000,14165.07714950981,834.9228504901894
2249,train,21000,26542.632754226965,-5542.632754226965
3419,train,10500,13269.531112594637,-2769.5311125946373
506,train,3300,3303.9766749196606,-3.9766749196605815
2994,train,6000,8268.22885145089,-2268.228851450889
4426,train,14000,11115.737156156667,2884.262843843333
1345,train,90000,101971.62561464355,-11971.625614643548
1485,train,280000,342843.87186354015,-62843.871863540146
1796,train,10000,16195.876038811244,-6195.876038811244
233,train,21000,9220.125918341728,11779.874081658272
622,train,220000,212925.94772239917,7074.052277600829
1074,train,67000,91942.46013039928,-24942.460130399282
2821,train,20000,9832.910591756532,10167.089408243468
2601,train,30000,27565.62173232225,2434.378267677748
1976,train,9000,10049.508405289222,-1049.5084052892216
4689,train,53000,51463.21319539225,1536.7868046077492
3223,train,15000,16723.561039529508,-1723.561039529508
220,train,3000,3554.700414561279,-554.7004145612791
4729,train,17000,18897.183496915426,-1897.183496915426
1294,train,36000,33801.195666826956,2198.804333173044
3840,train,13000,14095.707593669973,-1095.707593669973
428,train,5500,5700.367395766224,-200.36739576622404
429,train,8500,12341.776797387254,-3841.776797387254
1590,train,9000,10346.127031319955,-1346.1270313199548
2460,train,13000,15041.080837518843,-2041.0808375188426
2191,train,8000,6787.568786673189,1212.4312133268113
872,train,130000,136938.90825197333,-6938.908251973335
107,train,8000,8670.274949056586,-670.2749490565857
2234,train,6000,9059.830318979815,-3059.8303189798153
613,train,30000,16825.414472710952,13174.585527289048
1760,train,10000,15326.440630832041,-5326.440630832041
4649,train,6000,7217.710041681026,-1217.7100416810263
4366,train,10000,12716.597150421367,-2716.5971504213667
1340,train,400000,377983.79311188275,22016.206888117245
4715,train,15000,11479.75805480183,3520.2419451981696
1211,train,30000,31179.30091300273,-1179.3009130027312
2132,train,8000,7759.8803749232875,240.1196250767125
1168,train,150000,192552.83178637875,-42552.83178637875
861,train,95000,62833.73129574131,32166.26870425869
1567,train,14500,13381.091049533876,1118.9089504661242
2667,train,11000,12213.289241102118,-1213.2892411021185
689,train,48000,45854.26635109351,2145.733648906491
2690,train,9000,14299.396755135233,-5299.3967551352325
2165,train,15000,13288.347454575533,1711.6525454244675
348,train,20000,20378.903125520104,-378.90312552010437
2413,train,7500,11469.455240666237,-3969.455240666237
4280,train,10000,7126.500741839567,2873.499258160433
3329,train,9000,10758.319450289997,-1758.319450289997
3551,train,25000,28924.991905858715,-3924.9919058587147
2054,train,15000,12562.961684975333,2437.038315024667
3298,train,23999,17900.105403382044,6098.894596617956
3029,train,35000,35623.13254268049,-623.1325426804906
494,train,12000,11855.553517096949,144.44648290305122
2558,train,10000,13310.599492011426,-3310.5994920114263
4361,train,53000,33140.39479995685,19859.605200043152
3519,train,10000,13696.50571204714,-3696.5057120471392
2429,train,55000,55582.03305685546,-582.0330568554564
2168,train,42000,28661.075275016752,13338.924724983248
4030,train,19800,12380.436574761483,7419.563425238517
1561,train,10000,8764.474597886652,1235.5254021133478
4415,train,9000,11389.746761080545,-2389.746761080545
3907,train,8000,14138.832884366744,-6138.832884366744
3970,train,12000,12433.157992724451,-433.1579927244511
2148,train,18000,14398.921412783322,3601.078587216678
3953,train,65000,32131.930231318525,32868.069768681475
2166,train,5500,9041.093898246903,-3541.0938982469033
720,train,38000,27459.04586722345,10540.954132776551
863,train,18500,20638.396917520196,-2138.3969175201964
399,train,5000,6399.088935591657,-1399.088935591657
2214,train,10000,8857.661621160514,1142.3383788394858
3594,train,7000,6331.999219671668,668.0007803283324
2430,train,20000,20431.817383045065,-431.81738304506507
3771,train,13000,15105.610449958733,-2105.6104499587327
2112,train,42000,44167.5079047308,-2167.5079047308027
3734,train,15000,24651.635535891477,-9651.635535891477
4176,train,200000,117226.62835921184,82773.37164078816
2428,train,15500,16238.916887999012,-738.916887999012
925,train,400000,247311.90062409439,152688.09937590561
2950,train,6000,12594.142082850003,-6594.142082850003
109,train,6000,5772.350767020837,227.64923297916266
2719,train,25000,14403.417382142063,10596.582617857937
4386,train,25000,18113.916356727812,6886.083643272188
2644,train,7000,8278.070132004852,-1278.070132004852
3398,train,18000,16553.933551922717,1446.066448077283
4563,train,12000,14288.21756798165,-2288.21756798165
4296,train,8000,7897.337503404977,102.66249659502319
1511,train,15000,22092.96028181402,-7092.960281814019
4195,train,24000,25005.02915142826,-1005.0291514282617
3784,train,12000,8146.803491207956,3853.1965087920444
4634,train,16000,11403.731630917306,4596.268369082694
2723,train,6000,8422.899034208665,-2422.8990342086654
1940,train,8000,7184.629924340103,815.3700756598973
1494,train,13000,12523.291966745217,476.708033254783
4557,train,23000,21777.42129832163,1222.5787016783688
2194,train,32000,43248.67529743273,-11248.675297432732
1500,train,7500,6907.253306668467,592.7466933315327
2921,train,10000,13279.760560964278,-3279.760560964278
2948,train,30000,28605.893274443093,1394.106725556907
2465,train,15500,24640.41954552954,-9140.419545529541
2488,train,9000,8189.142873729867,810.8571262701334
86,train,7000,11837.790383702317,-4837.790383702317
1659,train,14500,11443.433260702326,3056.566739297674
2457,train,7500,14997.440917123295,-7497.440917123295
3196,train,11000,13138.185643233572,-2138.1856432335717
1676,train,150000,102597.85604822845,47402.14395177155
4308,train,17000,14997.458981927492,2002.5410180725085
1148,train,240000,225352.28391115266,14647.716088847345
3437,train,7000,7908.3485466015345,-908.3485466015345
3785,train,13000,11594.600063729626,1405.3999362703744
1934,train,9500,9017.91522531025,482.0847746897507
1135,train,40000,26192.94268456608,13807.057315433922
2808,train,12500,17518.46774920106,-5018.46774920106
3607,train,30000,15001.554947277118,14998.445052722882
561,train,20000,23208.44919206029,-3208.4491920602886
3481,train,13000,14360.572048820522,-1360.5720488205225
4148,train,20000,21640.95815668513,-1640.9581566851302
826,train,1000000,208463.3602765023,791536.6397234977
949,train,180000,110982.52475888692,69017.47524111308
898,train,60000,81916.46519522271,-21916.465195222714
3511,train,65000,64193.15289675437,806.8471032456291
80,train,14500,16444.52706698708,-1944.5270669870806
453,train,7000,9569.444321220208,-2569.4443212202077
2560,train,12000,16931.91540161954,-4931.915401619539
1396,train,30000,25462.670942554265,4537.329057445735
3250,train,14000,20578.498217851455,-6578.498217851455
570,train,45000,63489.46557151938,-18489.46557151938
1606,train,37000,26322.784162980093,10677.215837019907
1399,train,70000,76156.10740882762,-6156.107408827622
1523,train,5500,6253.2423124156785,-753.2423124156785
4281,train,10000,11999.944262425799,-1999.944262425799
240,train,8500,7437.1536164871295,1062.8463835128705
451,train,5146,7201.726634207234,-2055.7266342072344
1311,train,50000,50387.77033591774,-387.77033591773943
258,train,22000,16322.914685217853,5677.085314782147
3138,train,8000,7527.547320662104,472.45267933789637
102,train,21000,11343.283928111194,9656.716071888806
794,train,150000,169304.79036301354,-19304.79036301354
3575,train,60000,127331.95184634885,-67331.95184634885
1528,train,18000,17682.170503443434,317.8294965565656
4596,train,6000,7133.9964777308705,-1133.9964777308705
818,train,50000,73106.27253636107,-23106.272536361066
2781,train,18000,18534.650587876196,-534.6505878761964
1088,train,50000,49181.78217734774,818.2178226522592
219,train,6500,7976.402581610966,-1476.402581610966
245,train,7000,10191.962470595485,-3191.962470595485
210,train,13000,11998.263406587314,1001.7365934126865
4371,train,40000,39606.02326006833,393.9767399316697
706,train,20000,32417.20975086322,-12417.209750863221
874,train,250000,231506.04924115282,18493.950758847175
2120,train,8500,8300.680183454375,199.31981654562514
1873,train,120000,91404.47542962141,28595.52457037859
337,train,7000,10734.017740247165,-3734.0177402471654
1948,train,14000,12788.288779411992,1211.7112205880076
1951,train,12000,8232.712815437344,3767.287184562656
1134,train,36000,27082.74653076999,8917.25346923001
1563,train,11000,7149.254305892101,3850.745694107899
2909,train,42000,50283.88772440927,-8283.887724409273
44,train,6000,6650.311049905972,-650.3110499059721
2892,train,20000,27633.799703135996,-7633.7997031359955
1622,train,17000,20542.93693725331,-3542.936937253311
4313,train,17000,12018.450315469414,4981.549684530586
3444,train,120000,75435.41289215175,44564.587107848245
697,train,43000,46726.912998834036,-3726.9129988340355
298,train,9000,7545.31523878209,1454.68476121791
4233,train,16000,13281.481487457057,2718.5185125429434
1054,train,100000,115839.7009722859,-15839.700972285893
2406,train,10000,20876.11174184849,-10876.11174184849
2725,train,20000,14390.73217097566,5609.26782902434
4470,train,20000,45945.58946752578,-25945.58946752578
129,train,4700,5848.37176348968,-1148.3717634896802
4292,train,20000,17537.69409532975,2462.305904670251
4736,val,15000,13540.038019882672,1459.9619801173285
1052,val,130000,82391.61223916728,47608.38776083272
2600,val,40000,54825.53493088743,-14825.534930887428
2818,val,60000,31076.05467260272,28923.94532739728
2820,val,55000,44608.64526907723,10391.354730922772
1037,val,55000,69375.92872432635,-14375.928724326353
2610,val,42000,76911.63773051891,-34911.63773051891
1382,val,80000,68259.28537171695,11740.71462828305
2755,val,65000,54380.58708884966,10619.412911150343
2674,val,35000,42850.21740550156,-7850.217405501557
1397,val,100000,189314.98996506323,-89314.98996506323
2206,val,21000,33166.52506593427,-12166.525065934271
1980,val,12000,8032.455272676029,3967.5447273239706
4277,val,22000,24080.83505515326,-2080.8350551532603
4121,val,7500,5899.0526810318115,1600.9473189681885
2033,val,30000,19658.361686240063,10341.638313759937
1446,val,22000,26715.876099319907,-4715.876099319907
3807,val,23000,15084.96262283608,7915.037377163921
2045,val,19000,12722.162874776646,6277.837125223354
4571,val,12000,13888.40222101514,-1888.4022210151397
1574,val,12000,13484.346647018527,-1484.3466470185267
4681,val,9000,11568.544352958219,-2568.544352958219
2335,val,22000,25555.229150017298,-3555.229150017298
1817,val,19000,18470.385581295373,529.6144187046266
2553,val,15000,11045.579619364264,3954.4203806357364
3498,val,16000,14101.92427341033,1898.07572658967
2864,val,5500,10001.634063642892,-4501.634063642892
3777,val,17000,16006.563505540309,993.436494459691
4599,val,16000,19273.294006996268,-3273.294006996268
2502,val,11000,19735.01053084111,-8735.010530841111
765,val,140000,109334.10712155818,30665.892878441824
3974,val,12000,19769.57996493035,-7769.579964930352
1503,val,10500,12888.934156000678,-2388.934156000678
1876,val,5000,4697.383248476671,302.6167515233292
1886,val,6000,7803.9060864878975,-1803.9060864878975
866,val,100000,109083.1639764874,-9083.163976487398
862,val,30000,18062.75284970546,11937.247150294541
347,val,8500,7110.665933223554,1389.334066776446
1271,val,98000,70488.41472745441,27511.58527254559
1129,val,35000,36587.57589691955,-1587.5758969195522
2738,val,8500,11808.046196334482,-3308.0461963344824
1197,val,55000,25990.856788150017,29009.143211849983
3181,val,5000,5277.584083363806,-277.5840833638058
768,val,45000,43659.27996760448,1340.7200323955185
1025,val,100000,87009.06886701995,12990.931132980055
4556,val,11000,14447.83874032881,-3447.8387403288107
2453,val,6000,11724.33351874812,-5724.333518748121
1,val,20000,10106.064015762913,9893.935984237087
2843,val,28000,23499.37961757187,4500.620382428129
1281,val,95000,47479.4761634288,47520.5238365712
4377,val,20000,22451.632658988736,-2451.632658988736
1904,val,65000,39819.4017690724,25180.5982309276
3263,val,25000,14911.204834803828,10088.795165196172
2965,val,85000,42851.593163966325,42148.406836033675
4414,val,39000,25533.873507034918,13466.126492965082
209,val,8000,7884.086453419007,115.91354658099317
1147,val,8000,36099.04514672345,-28099.045146723452
3385,val,5700,5623.150118203331,76.84988179666925
3839,val,27000,39385.257144197494,-12385.257144197494
4143,val,60000,43227.052255385184,16772.947744614816
2926,val,5500,10635.371259585929,-5135.371259585929
3195,val,12000,12389.797075089024,-389.79707508902356
2597,val,10000,13504.24718200772,-3504.2471820077208
2302,val,60000,52876.80450512967,7123.195494870328
4469,val,16000,13583.582772629752,2416.417227370248
638,val,190000,135431.58186560968,54568.41813439032
4489,val,15000,16666.391250040382,-1666.3912500403821
3213,val,8000,5570.322741034439,2429.677258965561
3495,val,70000,74878.18152792033,-4878.181527920329
285,val,25000,19626.217591796656,5373.782408203344
4667,val,15000,13657.70755269538,1342.2924473046205
3725,val,11000,8387.48026122787,2612.519738772129
3846,val,14000,14157.090174498782,-157.0901744987823
3331,val,30000,18665.841683413306,11334.158316586694
2220,val,6500,7854.238377265838,-1354.2383772658377
4622,val,13000,15778.220312152804,-2778.2203121528037
667,val,25000,14421.217545001871,10578.782454998129
1773,val,16000,22791.18770037279,-6791.18770037279
744,val,300000,106218.7168627762,193781.2831372238
3849,val,15000,9659.953026819909,5340.046973180091
4514,val,70000,51216.33282630098,18783.667173699017
2023,val,16000,16117.521992952077,-117.5219929520772
1732,val,10000,14462.425322878513,-4462.425322878513
2277,val,8000,7480.92573946031,519.0742605396899
1801,val,18000,10097.999892713911,7902.000107286089
3715,val,17000,19055.74412342743,-2055.74412342743
4134,val,25000,23657.51627015437,1342.4837298456296
3500,val,100000,53323.03615951123,46676.96384048877
3326,val,12000,14604.265978838243,-2604.2659788382425
3583,val,10000,11330.728524700666,-1330.7285247006657
3370,val,7500,11915.361709579862,-4415.361709579862
2142,val,30000,40123.99174834147,-10123.991748341468
433,val,8500,9557.247572425942,-1057.247572425942
634,val,150000,89128.4974706069,60871.502529393096
2239,val,8000,6145.563023561645,1854.4369764383546
3413,val,30000,41189.60589837697,-11189.605898376969
262,val,15000,10852.785876045575,4147.214123954425
2007,val,14000,15848.495903201094,-1848.4959032010938
733,val,25000,28481.135225233214,-3481.1352252332144
2069,val,13000,12650.168654567136,349.8313454328636
3960,val,30000,35820.016586895625,-5820.016586895625
814,val,100000,95982.93575964755,4017.0642403524544
4706,val,12000,11299.3092113653,700.6907886346999
1077,val,98000,175160.1419626653,-77160.14196266531
975,val,100000,36307.36430991642,63692.63569008358
4335,val,30000,27314.05101923864,2685.948980761361
146,val,2200,10565.874218445098,-8365.874218445098
2021,val,35000,35541.20615483616,-541.2061548361598
1895,val,6500,8287.424170963606,-1787.4241709636062
3218,val,18000,15153.566413950794,2846.4335860492065
2195,val,14500,11356.873063044486,3143.126936955514
4312,val,7000,12965.146060534707,-5965.146060534707
2923,val,280000,103063.28727439177,176936.71272560823
64,val,3500,4080.649944632144,-580.6499446321441
4118,val,17000,18300.312850473925,-1300.3128504739252
1131,val,47000,55041.09315674666,-8041.093156746661
1196,val,120000,157811.6114662012,-37811.6114662012
336,val,7200,7317.152179032411,-117.15217903241137
1815,val,12000,11421.657683564164,578.3423164358355
4582,val,37000,41984.087180518654,-4984.087180518654
2887,val,10000,12534.128089208527,-2534.128089208527
2154,val,9000,8540.350570599952,459.64942940004767
3944,val,45000,36676.8582026552,8323.141797344797
1290,val,80000,47349.129885700844,32650.870114299156
747,val,35000,40507.73712847687,-5507.737128476867
2449,val,9000,9419.394541650072,-419.3945416500719
221,val,5200,9107.448123369759,-3907.448123369759
3102,val,55000,70548.10746304442,-15548.10746304442
2079,val,14000,13534.139820196715,465.86017980328506
1049,val,40000,41821.33736234335,-1821.3373623433508
1051,val,95000,56745.976640543544,38254.023359456456
4014,val,16000,12489.317124403497,3510.6828755965034
2860,val,250000,58517.55330241149,191482.44669758852
1433,val,7500,33713.38147293966,-26213.38147293966
4421,val,8000,12001.081624169285,-4001.0816241692846
3009,val,15000,15622.415485149577,-622.4154851495769
4728,val,15000,20357.65594638401,-5357.655946384009
3305,val,14000,15512.329533049005,-1512.3295330490055
2057,val,9500,7003.540832323529,2496.459167676471
992,val,140000,203910.95238510365,-63910.95238510365
994,val,65000,82233.11067829277,-17233.110678292767
4536,val,38000,20800.758930410975,17199.241069589025
1216,val,43000,65284.68282056005,-22284.682820560047
1277,val,55000,55305.67485629035,-305.6748562903522
2052,val,15000,15617.266089409855,-617.2660894098553
3991,val,18000,8983.468371045527,9016.531628954473
3169,val,10000,12078.82886670382,-2078.8288667038196
965,val,68000,89390.50896362998,-21390.50896362998
2182,val,190000,97118.43293223175,92881.56706776825
99,val,15000,18179.07658203343,-3179.076582033431
2970,val,24000,23917.082453909137,82.91754609086274
226,val,7000,6872.7924594924325,127.2075405075675
74,val,40000,14709.17223926879,25290.827760731212
752,val,57000,61638.72384042877,-4638.723840428771
4670,val,17000,18663.277962594588,-1663.2779625945877
3126,val,25000,16116.756745684575,8883.243254315425
1299,val,140000,267730.0001360707,-127730.00013607071
3448,val,120000,99331.74986149557,20668.25013850443
3193,val,15000,12361.53564824731,2638.4643517526893
4650,val,32000,23715.721514255256,8284.278485744744
3573,val,7500,6091.282901842791,1408.717098157209
2326,val,11000,11879.087223821702,-879.0872238217016
1988,val,13000,11204.642262059597,1795.3577379404032
791,val,600000,350474.0206998962,249525.9793001038
3039,val,40000,46813.08031174808,-6813.080311748083
170,val,5000,3547.0546936197397,1452.9453063802603
3866,val,50000,50070.14473965722,-70.14473965721845
2846,val,27000,36951.83259996371,-9951.832599963709
3982,val,12000,12150.827848527162,-150.82784852716213
2758,val,12000,13887.025624688138,-1887.0256246881381
2712,val,7500,11017.534402209292,-3517.5344022092922
3925,val,15000,11194.051172854222,3805.9488271457776
3130,val,15000,15612.824880082619,-612.8248800826186
2588,val,4000,7819.602642646144,-3819.602642646144
906,val,4500,15984.009608867369,-11484.009608867369
4234,val,6000,4536.28409117614,1463.7159088238604
890,val,80000,63878.55220575481,16121.447794245192
1482,val,40000,30512.196656387176,9487.803343612824
535,val,30000,35266.702868140885,-5266.702868140885
1329,val,50000,30433.36321423394,19566.63678576606
2444,val,12000,8838.15601923783,3161.8439807621708
1442,val,55000,67005.54438234027,-12005.544382340275
1943,val,5000,7765.101056453219,-2765.101056453219
4151,val,12000,8339.59330319447,3660.4066968055304
2902,val,30000,65772.28618829363,-35772.28618829363
2943,val,27000,22557.467475814112,4442.532524185888
271,val,9000,19314.19229724039,-10314.192297240392
1527,val,10000,14471.519134210228,-4471.519134210228
2373,val,8000,13072.4001941175,-5072.400194117499
3474,val,12000,10575.871682036484,1424.1283179635157
4189,val,13900,8239.074359249336,5660.925640750664
4567,val,23000,19617.190377660412,3382.809622339588
1892,val,7500,5964.086594621833,1535.9134053781672
3291,val,10000,8032.039369278059,1967.960630721941
3864,val,28000,34518.769575804894,-6518.769575804894
858,val,160000,120888.27369749545,39111.726302504554
3353,val,20000,27019.890216011023,-7019.890216011023
1715,val,21000,15390.065283142765,5609.934716857235
3445,val,20000,19575.72319026722,424.27680973277893
3932,val,25000,28202.229982381836,-3202.2299823818357
2040,val,16000,13353.069770142316,2646.930229857684
663,val,50000,42719.668511380456,7280.331488619544
4192,val,4700,10456.594359034954,-5756.594359034954
3202,val,12000,12632.880903064764,-632.8809030647644
1266,val,85000,42771.58624587716,42228.41375412284
217,val,30000,30671.524781652755,-671.5247816527553
1978,val,27500,20766.180961482478,6733.819038517522
2749,val,30000,28293.344221193973,1706.6557788060272
3609,val,14000,17107.589860173313,-3107.5898601733134
1473,val,45000,48255.01500768759,-3255.015007687587
2059,val,9000,14352.387723972108,-5352.387723972108
4539,val,25000,11391.804483833468,13608.195516166532
653,val,13500,24895.945952688766,-11395.945952688766
2048,val,18000,17927.22301647377,72.77698352622974
42,val,5000,6110.818499594692,-1110.8184995946922
4454,val,15000,13110.788174049734,1889.2118259502658
1989,val,11000,10077.798684610148,922.2013153898515
2671,val,20500,26990.284665970405,-6490.284665970405
580,val,13000,17373.163416438376,-4373.163416438376
2792,val,7000,11904.743719680742,-4904.743719680742
916,val,90000,48660.01797901952,41339.98202098048
3789,val,36000,39889.128615847105,-3889.128615847105
410,val,6500,8980.98252312219,-2480.9825231221894
2089,val,30000,44521.949664486456,-14521.949664486456
3735,val,28000,13879.67402863574,14120.32597136426
201,val,10000,6631.744423570196,3368.255576429804
2546,val,12000,10124.195430015747,1875.8045699842532
2084,val,12000,15919.061238727763,-3919.0612387277633
1710,val,7000,6406.55073007995,593.44926992005
4079,val,27000,24961.66020772178,2038.3397922782206
4488,val,25000,23464.613191694556,1535.386808305444
3035,val,10000,9814.742971870377,185.257028129623
3920,val,27000,17026.73815532712,9973.261844672881
3277,val,25000,29996.635145497366,-4996.6351454973665
3949,val,35000,36330.95957561108,-1330.9595756110793
2656,val,5000,9659.776687780153,-4659.776687780153
1941,val,22000,8340.717200425684,13659.282799574316
2383,val,18500,15934.742698030474,2565.2573019695265
2423,val,8500,7372.956704532983,1127.0432954670168
4653,val,12000,7465.496338188022,4534.503661811978
3962,val,25000,26374.198619840154,-1374.1986198401537
565,val,44000,54239.87035331904,-10239.870353319042
3248,val,14000,17524.391026275654,-3524.3910262756544
1428,val,31000,30410.826284091152,589.173715908848
1193,val,250000,124067.4359933195,125932.5640066805
2448,val,35000,43240.035393475446,-8240.035393475446
1512,val,7000,8231.3870638768,-1231.3870638768003
2841,val,10000,10861.215846557587,-861.2158465575867
3400,val,7500,10857.885498262749,-3357.885498262749
395,val,6000,7994.474598805716,-1994.4745988057157
2607,val,15500,12910.017813553077,2589.982186446923
1097,val,29500,44303.21803599055,-14803.218035990547
1917,val,14000,15937.175300365829,-1937.1753003658287
1491,val,250000,383677.78136755986,-133677.78136755986
1453,val,55000,63499.68704256723,-8499.687042567231
1877,val,18000,10904.624843624693,7095.375156375307
3436,val,13500,15392.781026934457,-1892.7810269344573
1566,val,24000,21945.40599941097,2054.5940005890297
757,val,24000,25953.427768702666,-1953.427768702666
3956,val,45000,39169.269631394716,5830.730368605284
4251,val,15500,12932.886317030378,2567.1136829696225
3603,val,6500,7104.1379361356985,-604.1379361356985
1496,val,21000,28103.59362768387,-7103.593627683869
3377,val,20000,14701.202369640538,5298.797630359462
3507,val,17000,13708.83813265597,3291.16186734403
2197,val,7500,8277.573552991165,-777.5735529911653
1858,val,17000,19268.445333137795,-2268.4453331377954
3841,val,9000,15479.069730337853,-6479.069730337853
1578,val,12000,14822.350671144184,-2822.350671144184
247,val,7000,12246.225815593783,-5246.225815593783
2170,val,15000,16138.847444628105,-1138.8474446281052
3069,val,14000,6392.998643715722,7607.001356284278
1093,val,75000,114011.36658653516,-39011.366586535165
808,val,60000,25171.782448039376,34828.217551960624
2837,val,150000,183694.74782678438,-33694.74782678438
4061,val,13000,12877.720758899955,122.2792411000446
2703,val,10000,13348.600233790678,-3348.6002337906775
2417,val,13000,16555.210474722135,-3555.2104747221347
2590,val,20000,27947.525729838566,-7947.525729838566
4409,val,46000,62598.47597141672,-16598.475971416723
2245,val,11000,11429.00987969499,-429.00987969498965
3560,val,20000,14555.363104920674,5444.636895079326
4029,val,15000,22158.02223327472,-7158.022233274722
2409,val,7000,12545.63276845644,-5545.63276845644
3568,val,26000,26282.781086917796,-282.7810869177956
592,val,170000,154250.77847192576,15749.221528074238
1979,val,16000,14670.642501601376,1329.3574983986236
373,val,15000,14986.541223390748,13.4587766092518
2732,val,20000,11818.793422911742,8181.206577088258
2678,val,17000,13774.518440873302,3225.481559126698
2751,val,13000,15052.70814578063,-2052.7081457806307
1826,val,7000,8079.313215474275,-1079.3132154742752
301,val,15000,16366.12196793782,-1366.1219679378191
2900,val,16000,26128.56005757401,-10128.56005757401
3316,val,7000,7620.594626542277,-620.5946265422772
648,val,80000,80553.28376029388,-553.2837602938816
3645,val,20000,16233.687684316274,3766.3123156837264
457,val,8000,7361.839316809932,638.1606831900681
1679,val,40000,29480.781688412102,10519.218311587898
3219,val,15000,17577.537058042315,-2577.537058042315
3030,val,34999,43159.70151917101,-8160.701519171009
3261,val,12000,9241.138066484948,2758.8619335150524
1016,val,45000,53731.4774634579,-8731.4774634579
3033,val,15000,9208.962719661671,5791.037280338329
4369,val,7000,7667.814068022107,-667.8140680221068
3318,val,20000,35546.51166544382,-15546.511665443817
3662,val,13500,7155.465324264703,6344.534675735297
2830,val,12000,23975.78507257882,-11975.78507257882
4077,val,25000,14773.44725547695,10226.55274452305
1019,val,20000,13997.896202386535,6002.103797613465
3446,val,21000,14051.91748160179,6948.082518398211
1891,val,36000,31888.171036714033,4111.828963285967
1336,val,21000,14600.005951438945,6399.994048561055
3927,val,12000,12543.139356388472,-543.1393563884722
4703,val,60000,39336.353458640726,20663.646541359274
4522,val,9500,8685.09786395477,814.9021360452298
2655,val,9500,12474.715329960185,-2974.715329960185
187,val,8000,12538.39472091451,-4538.39472091451
1584,val,27000,24454.287548058503,2545.7124519414974
2726,val,10000,10490.3546046508,-490.35460465079996
287,val,7500,18935.027402776297,-11435.027402776297
1156,val,260000,128504.24156477192,131495.75843522808
3348,val,53000,53249.04891577088,-249.04891577087983
3679,val,11000,10752.209250314956,247.79074968504392
3740,val,36000,41316.525861134345,-5316.525861134345
1263,val,27000,40256.03793376743,-13256.037933767431
503,val,40000,26096.77936516623,13903.220634833771
1747,val,15000,13226.420488947899,1773.5795110521012
4410,val,12000,13587.870269290213,-1587.8702692902134
2329,val,8500,9392.260694501841,-892.2606945018415
600,val,300000,137305.194918916,162694.805081084
2592,val,150000,37652.84128279531,112347.1587172047
4497,val,12500,12853.466308832149,-353.46630883214857
3934,val,12000,13172.280474908093,-1172.2804749080933
675,val,21000,18461.898730605444,2538.101269394556
4724,val,5000,9062.571887454866,-4062.5718874548656
4019,val,12500,10123.993382211875,2376.0066177881254
2542,val,45000,25830.484262147715,19169.515737852285
2478,val,20000,16819.256413425206,3180.743586574794
2522,val,65000,27644.032971890134,37355.967028109866
2809,val,30000,39831.623057139455,-9831.623057139455
2501,val,10000,8676.416700536205,1323.583299463795
2280,val,30000,33033.481364706466,-3033.4813647064657
1868,val,22500,42853.529097230836,-20353.529097230836
3422,val,7500,4695.855157274916,2804.1448427250843
999,val,1200000,273002.7537980353,926997.2462019647
2786,val,150000,86820.31426757408,63179.68573242592
2870,val,21000,12824.52679582424,8175.47320417576
4345,val,5000,7297.406124875876,-2297.4061248758762
1837,val,17000,30770.349290673326,-13770.349290673326
4431,val,12000,13377.049639003742,-1377.0496390037424
3653,val,10000,8222.943443153936,1777.0565568460643
1317,val,80000,50687.58752586848,29312.412474131517
1456,val,140000,201182.70201865456,-61182.702018654556
2470,val,2000,7957.056194657119,-5957.056194657119
1545,val,8000,8157.7027444807145,-157.7027444807145
595,val,75000,120200.67708319331,-45200.67708319331
230,val,3500,6290.439515219595,-2790.439515219595
4623,val,11000,5895.967190085194,5104.032809914806
4441,val,30000,18299.94891361116,11700.051086388841
4105,val,6000,8903.650869539819,-2903.650869539819
3024,val,13000,10901.888299793152,2098.1117002068477
2232,val,150000,119033.61867452595,30966.381325474053
2721,val,47000,40907.7142049502,6092.2857950498
3876,val,14000,13398.333849405512,601.6661505944885
40,val,7200,6488.351108921855,711.6488910781454
3322,val,10000,6735.990282594592,3264.009717405408
3781,val,27999,28905.75677532732,-906.7567753273215
1681,val,16000,19537.026302281767,-3537.026302281767
3396,val,8000,10060.419430966414,-2060.4194309664144
4541,val,10000,11096.761692521339,-1096.7616925213388
1857,val,27000,18006.44331848746,8993.556681512538
2158,val,24000,22875.865129606762,1124.134870393238
3589,val,7000,11345.33751568958,-4345.33751568958
3244,val,9000,8651.319228284774,348.680771715226
4391,val,13500,10614.349762240481,2885.650237759519
824,val,48000,43901.303069218615,4098.696930781385
55,val,7000,5862.6918645153855,1137.3081354846145
2267,val,10000,12861.376083260033,-2861.376083260033
3531,val,20000,24723.537536575717,-4723.537536575717
3092,val,9000,12214.323918804737,-3214.3239188047373
2407,val,40000,22914.215173423006,17085.784826576994
3563,val,18000,15172.164515780929,2827.835484219071
1896,val,6000,8216.011864722353,-2216.0118647223535
333,val,30000,17935.037940051156,12064.962059948844
32,val,6000,6839.20981463655,-839.2098146365497
1235,val,200000,320736.9075111168,-120736.90751111682
4485,val,12000,9622.484589124142,2377.515410875858
1991,val,23500,16268.29915409467,7231.70084590533
1367,val,55000,36132.747455682045,18867.252544317955
4638,val,8000,7258.505814141926,741.4941858580742
2347,val,10000,12280.875118818209,-2280.8751188182086
2454,val,22000,23411.960368183416,-1411.960368183416
1221,val,6500,18801.759585499265,-12301.759585499265
2371,val,65000,79337.13512928097,-14337.13512928097
1893,val,9000,7988.522717421245,1011.477282578755
1126,val,50000,46789.5667854555,3210.4332145445005
2171,val,6000,7504.617491252213,-1504.6174912522129
2131,val,10000,9259.222985803677,740.7770141963229
2468,val,13000,13934.163063171272,-934.1630631712724
1065,val,18000,15380.225088267614,2619.7749117323856
3634,val,19000,21701.77223193268,-2701.7722319326786
1636,val,40000,38150.283078241846,1849.716921758154
1262,val,41000,44584.520039503004,-3584.520039503004
3845,val,9500,9140.632003176745,359.36799682325545
3408,val,5000,10101.653159752435,-5101.653159752435
1616,val,100000,137830.5794993819,-37830.579499381915
2729,val,5500,8819.613522612315,-3319.613522612315
2509,val,32000,28898.753100452224,3101.2468995477757
1548,val,20000,29318.580165004478,-9318.580165004478
3714,val,45000,21719.929873837664,23280.070126162336
2530,val,20000,16470.210791901594,3529.7892080984057
4446,val,15000,18353.938843518405,-3353.9388435184046
2972,val,10500,19367.878516238812,-8867.878516238812
3141,val,13000,11712.209458708923,1287.7905412910768
3197,val,8000,9166.689534220814,-1166.6895342208136
4647,val,16000,17147.009523243098,-1147.0095232430976
1206,val,32000,37600.92496441907,-5600.924964419071
4089,val,10000,12204.951247829242,-2204.9512478292418
1935,val,9000,22031.232111310674,-13031.232111310674
2793,val,18500,18633.830646546,-133.83064654600093
873,val,40000,33660.1339361501,6339.866063849899
772,val,120000,89869.21758162738,30130.78241837262
1953,val,9500,13296.202466041186,-3796.202466041186
3532,val,17000,17664.266699576878,-664.2666995768777
3401,val,15000,11652.884906664021,3347.1150933359786
207,val,6000,8657.074555609419,-2657.074555609419
3825,val,10000,12208.375507198702,-2208.3755071987016
20,val,7900,6807.986081143445,1092.0139188565554
3556,val,9500,14036.22846154823,-4536.2284615482295
952,val,59000,42771.35746042492,16228.642539575078
4215,val,40000,35474.56585609112,4525.434143908882
4686,val,7000,6529.67203010691,470.3279698930901
3561,val,13000,11741.134993983176,1258.8650060168238
3818,val,8500,5779.790669343283,2720.2093306567167
1666,val,50000,74397.34844207393,-24397.348442073926
1925,val,15000,13159.389217107695,1840.610782892305
3752,val,10000,7040.415473612842,2959.584526387158
1735,val,8000,6223.6867359620255,1776.3132640379745
444,val,10000,11694.905176177952,-1694.905176177952
3608,val,4000,6791.552330432204,-2791.552330432204
556,val,32000,21997.431367116824,10002.568632883176
1078,val,16000,13924.99222326762,2075.00777673238
75,val,12500,13108.551997389843,-608.5519973898427
197,val,15000,15861.563276292067,-861.5632762920668
1120,val,90100,69774.83784672056,20325.162153279438
2845,val,18000,25076.287038056602,-7076.287038056602
10,val,25000,24785.577888913194,214.42211108680567
4093,val,12000,13284.822507106988,-1284.8225071069883
181,val,50000,17539.24608383014,32460.75391616986
4404,val,12000,16612.327559504534,-4612.327559504534
1609,val,8000,8651.217113925017,-651.2171139250167
96,val,12000,16874.583250769032,-4874.583250769032
4141,val,15500,12201.377909505796,3298.622090494204
4707,val,110000,67843.12709523097,42156.87290476903
355,val,5200,6101.6687723855275,-901.6687723855275
2127,val,10000,8131.455259975796,1868.5447400242037
1740,val,6000,7919.041232109123,-1919.0412321091226
292,val,15000,11925.03816386545,3074.9618361345492
806,val,19500,39321.07832656931,-19821.07832656931
1114,val,55000,79602.13021081881,-24602.13021081881
2389,val,90000,75270.06632688594,14729.933673114065
2263,val,9000,8170.875397447631,829.1246025523687
158,val,14500,12762.79050592543,1737.20949407457
4053,val,35000,17074.532324149044,17925.467675850956
3251,val,8000,10837.185542274035,-2837.1855422740355
3080,val,11000,11952.272643057371,-952.2726430573712
2772,val,20200,19302.614387922524,897.3856120774763
2557,val,12000,15855.224449622467,-3855.2244496224666
127,val,8000,8091.527541980273,-91.52754198027287
1930,val,18000,23513.950229766157,-5513.950229766157
654,val,18000,43616.10015124599,-25616.10015124599
2505,val,35000,10333.21151429201,24666.78848570799
4186,val,20000,22018.078424662905,-2018.0784246629046
1429,val,60000,45776.200413188526,14223.799586811474
4721,val,8000,11401.828747927182,-3401.828747927182
443,val,5500,6525.518109309651,-1025.5181093096508
4646,val,10000,10534.826137364336,-534.8261373643363
2394,val,260000,159703.39017921698,100296.60982078302
1145,val,50000,28258.11256986635,21741.88743013365
4128,val,22000,22096.301020420444,-96.30102042044382
1583,val,19000,21850.471319478213,-2850.4713194782125
3414,val,12500,8855.376165338981,3644.623834661019
4392,val,21000,18026.43363036174,2973.5663696382617
2015,val,5000,6929.289931415861,-1929.2899314158612
978,val,40000,41219.540856383064,-1219.5408563830642
4430,val,22000,19077.020049273553,2922.979950726447
3186,val,14000,14284.495805538396,-284.49580553839587
1729,val,6500,8413.79159289979,-1913.79159289979
275,val,30000,15705.12100412287,14294.87899587713
1113,val,70000,68246.3784513054,1753.621548694602
3535,val,12000,12820.412965685802,-820.4129656858022
2945,val,5000,11844.011266272122,-6844.011266272122
117,val,7000,7201.417818226569,-201.41781822656867
671,val,65000,83465.52513413313,-18465.52513413313
3315,val,7000,6175.28122430425,824.7187756957501
574,val,55000,54791.41766307815,208.58233692184876
3406,val,7500,12018.426157461987,-4518.426157461987
3096,val,15000,29894.544423580883,-14894.544423580883
2888,val,20000,18038.31218164634,1961.687818353661
1436,val,80000,32226.621865277313,47773.37813472269
3177,val,7500,11170.686547227353,-3670.686547227353
647,val,53000,48438.15097409688,4561.849025903117
2244,val,17000,16599.0812428997,400.91875710029854
2078,val,4000,5250.369861638543,-1250.3698616385427
1932,val,10000,12891.346455055167,-2891.346455055167
175,val,5500,8100.460476938225,-2600.460476938225
1137,val,32000,41364.750951156726,-9364.750951156726
1356,val,74999,39102.930072493706,35896.069927506294
13,val,5500,6272.101209920917,-772.1012099209174
915,val,10000,18775.784804482944,-8775.784804482944
3922,val,9000,18203.770506272172,-9203.770506272172
3943,val,14000,22854.97245054922,-8854.97245054922
234,val,4500,4928.24548799456,-428.2454879945599
1343,val,80000,106001.14897355072,-26001.14897355072
3167,val,16000,13189.742087713947,2810.2579122860534
1850,val,8900,19750.11708692435,-10850.11708692435
3122,val,12500,15808.927851915321,-3308.9278519153213
3678,val,23000,24505.742408911054,-1505.7424089110536
236,val,4500,3475.3052462163555,1024.6947537836445
4191,val,9000,12342.746692176263,-3342.7466921762625
1824,val,16500,22198.84057483238,-5698.8405748323785
2938,val,25000,34400.607385367395,-9400.607385367395
3710,val,22000,17533.77333325583,4466.226666744169
4595,val,12000,8431.25158302714,3568.7484169728596
2222,val,22000,34096.00933906768,-12096.009339067678
3569,val,9000,12420.19641738573,-3420.1964173857305
149,val,20000,18552.908032152893,1447.0919678471073
4020,val,25000,27839.292547079396,-2839.292547079396
4598,val,10000,7056.365255979937,2943.6347440200634
3132,val,15000,11668.862342069302,3331.137657930698
2458,val,5500,13268.491588664128,-7768.491588664128
383,val,10000,8859.789988152132,1140.2100118478684
4185,val,16000,13866.633680784862,2133.366319215138
4731,val,12000,13201.559975126816,-1201.5599751268164
3320,val,18000,12144.147310901173,5855.852689098827
4592,val,12000,14243.5349496512,-2243.534949651201
3346,val,9000,12552.074165361879,-3552.074165361879
1808,val,70000,9998.742767628746,60001.25723237125
2013,val,25500,34622.015530983954,-9122.015530983954
3065,val,15000,16613.81291237913,-1613.8129123791296
737,val,22000,26982.446785776385,-4982.446785776385
1757,val,7000,5590.692471523613,1409.3075284763872
803,val,50000,129052.78345932378,-79052.78345932378
1226,val,15000,30337.206964857338,-15337.206964857338
3879,val,11000,13707.933139231412,-2707.9331392314125
1580,val,15000,13278.035103262931,1721.9648967370686
3780,val,13000,14628.054454902618,-1628.054454902618
2353,val,22000,15038.64079926337,6961.35920073663
4247,val,8500,10571.647544168836,-2071.6475441688362
4594,val,30000,36133.83443397152,-6133.834433971519
1265,val,65000,82134.45016466126,-17134.450164661263
4364,val,28000,20543.398341744094,7456.601658255906
3393,val,13000,10319.028536202473,2680.9714637975267
4166,val,14000,17585.935040187895,-3585.9350401878946
118,val,3900,4758.710899306509,-858.7108993065094
725,val,600000,200035.2329302209,399964.7670697791
2129,val,13000,16408.013463877985,-3408.0134638779855
1791,val,8000,7832.017212520332,167.98278747966833
1426,val,47000,39834.40638317669,7165.593616823309
521,val,18000,18705.112441606856,-705.112441606856
3952,val,12500,14483.247622702365,-1983.2476227023653
583,val,28000,29425.800471474766,-1425.8004714747658
361,val,8000,7979.827401389678,20.172598610321984
1602,val,15000,22434.18574226579,-7434.185742265789
3647,val,600000,14287.21285197819,585712.7871480219
4718,val,30000,26541.9210815788,3458.078918421201
95,val,5000,4180.892115597015,819.1078844029853
4394,val,10000,12283.715622100663,-2283.7156221006626
956,val,40000,37662.31263400566,2337.6873659943376
1894,val,18000,30279.43053394851,-12279.43053394851
1727,val,15000,13582.438940595683,1417.5610594043173
228,val,14000,14814.532177467121,-814.5321774671211
1944,val,6000,6183.581353197372,-183.58135319737175
1402,val,32000,24195.179399571498,7804.820600428502
1743,val,20000,18334.210036515644,1665.7899634843561
2669,val,55000,45196.57697383772,9803.42302616228
4555,val,15000,16916.980841582274,-1916.9808415822736
2332,val,6000,6760.8470182037645,-760.8470182037645
1721,val,22000,35287.437808483504,-13287.437808483504
3229,val,25000,25306.803256597563,-306.8032565975627
3692,val,8500,9173.571323317026,-673.5713233170263
4078,val,35000,26333.946507264052,8666.053492735948
934,val,310000,328488.91407653654,-18488.914076536545
3976,val,45000,18922.079077586943,26077.920922413057
4129,val,15000,11848.16446862984,3151.8355313701595
4433,val,15000,24085.548949447188,-9085.548949447188
1117,val,150000,100494.50977076154,49505.490229238465
3995,val,130000,7966.002385097417,122033.99761490259
185,val,8000,10201.77658059793,-2201.7765805979307
489,val,8000,7768.845771641297,231.15422835870322
560,val,44000,62468.23970324263,-18468.23970324263
868,val,45000,43483.240798361585,1516.759201638415
2145,val,25000,15323.705304367264,9676.294695632736
1713,val,20000,18087.207099000552,1912.7929009994477
3681,val,15000,11834.48801387735,3165.5119861226503
3552,val,10000,7688.628639984476,2311.3713600155243
1902,val,8000,17866.241821391595,-9866.241821391595
2388,val,9000,10997.186657449418,-1997.186657449418
3108,val,15000,9235.988390429968,5764.011609570032
3745,val,8500,13695.053843114212,-5195.053843114212
130,val,4500,5127.0760461659975,-627.0760461659975
2559,val,10000,17377.917090590912,-7377.917090590912
3230,val,9000,11534.371306513729,-2534.371306513729
4550,val,21000,15131.849246729556,5868.150753270444
2138,val,5000,4611.851118669193,388.14888133080694
1752,val,16000,21398.14405422004,-5398.14405422004
3345,val,20000,24391.797397441012,-4391.797397441012
1931,val,120000,116261.80389576426,3738.1961042357434
1573,val,10500,15405.716465396588,-4905.716465396588
171,val,9000,9210.43354103791,-210.4335410379099
3027,val,12000,6240.9813907878215,5759.0186092121785
1637,val,10000,14925.261578339105,-4925.261578339105
2848,val,350000,43330.38856287042,306669.61143712956
3821,val,19000,13386.879231671315,5613.120768328685
2753,val,18000,18018.741055337563,-18.74105533756301
3727,val,25000,20215.908336937482,4784.091663062518
4427,val,10000,5552.237677868332,4447.762322131668
3737,val,3500,4595.197363189191,-1095.1973631891906
3302,val,10000,14613.471203791069,-4613.471203791069
3557,val,18000,18087.8868882938,-87.88688829380044
2835,val,18000,14299.42586410233,3700.57413589767
1381,val,45000,47326.24604109713,-2326.2460410971325
534,val,32000,39150.164664581476,-7150.164664581476
3086,val,10000,8367.459987791097,1632.5400122089031
1910,val,12000,27170.971755362058,-15170.971755362058
4333,val,10000,18271.50487278533,-8271.504872785328
2043,val,21000,28334.577496684506,-7334.577496684506
3303,val,20000,15720.414918918439,4279.585081081561
1214,val,40000,30345.636036940145,9654.363963059855
374,val,6200,9652.692150247442,-3452.6921502474415
1055,val,35000,13454.422175912032,21545.577824087966
3255,val,20000,26912.610321615342,-6912.610321615342
1907,val,11000,8764.59202684961,2235.40797315039
100,val,22000,28546.0319949081,-6546.031994908099
3201,val,60000,48099.0622560199,11900.937743980103
2425,val,18000,15845.968132276279,2154.031867723721
255,val,5300,6796.2110923467235,-1496.2110923467235
1798,val,30000,61730.71534039604,-31730.71534039604
3961,val,7000,10264.948840816241,-3264.9488408162415
828,val,130000,199739.91863227147,-69739.91863227147
1610,val,7500,7431.660629354221,68.33937064577913
1647,val,8500,15712.394808190882,-7212.394808190882
1672,val,18000,17366.67976169024,633.3202383097596
1726,val,7000,5694.765217046656,1305.2347829533437
4450,val,30000,24826.865843684445,5173.134156315555
606,val,170000,202618.32949237857,-32618.329492378572
2969,val,9000,9797.637423457794,-797.6374234577943
1632,val,20000,7306.751410761026,12693.248589238974
2882,val,15000,14566.110864953032,433.88913504696757
4203,val,7000,8463.470374368853,-1463.4703743688533
4666,val,15000,23905.764314288477,-8905.764314288477
1209,val,80000,84009.87650289155,-4009.8765028915514
3282,val,16500,21819.981192253483,-5319.981192253483
3911,val,12000,14827.539993597935,-2827.539993597935
3482,val,13000,14468.445047781224,-1468.4450477812243
2074,val,11500,8384.71790206947,3115.2820979305307
1835,val,16000,16516.561755253344,-516.561755253344
4299,val,15500,20312.07015609738,-4812.070156097379
1123,val,80000,47761.604579435094,32238.395420564906
3306,val,11000,12213.713566739883,-1213.7135667398834
2240,val,13500,10393.389298958158,3106.610701041842
1178,val,57000,53338.2424045017,3661.7575954982967
1314,val,14500,22247.904806069128,-7747.9048060691275
1981,val,75000,69738.2903665269,5261.709633473103
4124,val,10000,11503.119328048875,-1503.119328048875
3754,val,7000,12020.700520046092,-5020.700520046092
70,val,7500,5710.686994201734,1789.3130057982662
1918,val,6000,9803.297095673073,-3803.2970956730733
896,val,180000,214534.08196389946,-34534.08196389946
3430,val,14000,13953.79471978516,46.20528021483915
1157,val,300000,324205.1978184866,-24205.197818486602
4202,val,13000,8132.558010680399,4867.441989319601
3684,val,11000,8906.327344602505,2093.672655397495
4161,val,9500,7067.792648854504,2432.2073511454964
577,val,85000,48486.34294589418,36513.65705410582
3503,val,17000,14084.440049115401,2915.559950884599
690,val,18000,22684.053685997173,-4684.053685997173
2962,val,17000,13428.846295247953,3571.153704752047
3412,val,30000,33335.52556843857,-3335.52556843857
2741,val,30000,26109.405601160295,3890.594398839705
416,val,6500,7157.634204779984,-657.6342047799844
555,val,190000,234484.01988260078,-44484.01988260078
3131,val,22000,15062.61572785394,6937.3842721460605
3667,val,20000,14467.286229803081,5532.713770196919
1013,val,35000,29329.510295895157,5670.4897041048425
2979,val,6500,13001.703841723693,-6501.703841723693
4521,val,55000,43740.66024704252,11259.33975295748
1422,val,70000,40780.22533224769,29219.77466775231
4537,val,67000,37187.31342516216,29812.68657483784
3581,val,13000,12697.448247223583,302.55175277641683
4090,val,12000,9098.498223455053,2901.5017765449466
1657,val,6900,5561.875750964216,1338.1242490357836
71,val,16000,15688.703650767311,311.29634923268895
4336,val,15000,21583.318704229292,-6583.318704229292
3580,val,6000,6920.1695830071785,-920.1695830071785
1101,val,33000,31933.259923683843,1066.7400763161568
3512,val,7500,6319.6709890803995,1180.3290109196005
1802,val,30000,32357.28733152787,-2357.2873315278703
481,val,10000,7900.702011147213,2099.297988852787
3923,val,12000,12494.728873931212,-494.72887393121164
1368,val,15000,14412.649434584982,587.3505654150176
1970,val,30000,32706.039780269086,-2706.039780269086
2028,val,10500,12550.235771314321,-2050.235771314321
1393,val,60000,80204.31353158157,-20204.313531581574
4527,val,22000,20965.497613181138,1034.5023868188619
2827,val,18000,23220.67281466081,-5220.672814660811
3623,val,17000,11270.935736438236,5729.064263561764
2374,val,11000,15550.930377777817,-4550.930377777817
1460,val,17000,14695.250110668101,2304.749889331899
4612,val,11000,12401.691835181082,-1401.6918351810818
4009,test,38000,29920.070900222097,8079.929099777903
3431,test,18000,14962.220556064934,3037.7794439350655
3613,test,100000,130193.4285690065,-30193.4285690065
1455,test,700000,281529.22701509745,418470.77298490255
4349,test,15500,13658.653295195514,1841.3467048044859
1004,test,35000,18270.453670127317,16729.546329872683
3898,test,9000,11365.179927025909,-2365.179927025909
2060,test,25000,40925.155090709144,-15925.155090709144
3677,test,11000,9846.984331680493,1153.0156683195073
3204,test,23999,19327.007656022866,4671.992343977134
608,test,41000,54962.39390620374,-13962.393906203739
1098,test,53000,68690.17143195457,-15690.171431954572
3165,test,7500,7727.564869780792,-227.56486978079192
3819,test,10000,16977.591466969254,-6977.591466969254
435,test,5500,6689.23177020577,-1189.2317702057699
848,test,50000,20296.528197978918,29703.471802021082
531,test,22000,17853.18865581913,4146.811344180871
3153,test,15000,8072.241986752884,6927.758013247116
4712,test,5500,4566.093008042773,933.9069919572266
4101,test,12000,18410.605065410586,-6410.605065410586
3082,test,15000,19323.53750698948,-4323.53750698948
2896,test,25000,14260.69788821019,10739.30211178981
145,test,7000,13294.907936988242,-6294.907936988242
2025,test,35000,18809.87316048554,16190.126839514462
700,test,120000,100889.85964702546,19110.140352974544
2794,test,8500,14205.64610295818,-5705.646102958181
2327,test,42000,28619.88716195899,13380.112838041008
632,test,65000,75201.01342025556,-10201.013420255564
150,test,7000,10520.31927975397,-3520.3192797539705
3152,test,5700,6579.621845384688,-879.6218453846877
3026,test,8900,7346.543027948728,1553.4569720512718
3805,test,10000,10730.307628504865,-730.3076285048646
2441,test,16500,17210.90124507462,-710.9012450746195
694,test,26000,21589.200703375172,4410.799296624828
1814,test,11000,14565.872494988993,-3565.872494988993
2062,test,11000,14039.703618820226,-3039.7036188202255
928,test,110000,89791.84571750513,20208.15428249487
485,test,7000,7076.347168879571,-76.34716887957075
2290,test,5000,5363.857832745702,-363.85783274570167
1043,test,130000,74946.85808402648,55053.14191597352
2614,test,16000,10339.785033991802,5660.214966008198
3889,test,22000,19269.02250733676,2730.9774926632417
2763,test,35000,27967.225111873686,7032.774888126314
3555,test,5000,7691.0076897111885,-2691.0076897111885
3811,test,32000,35673.784004610556,-3673.7840046105557
959,test,24000,20573.750525189233,3426.2494748107674
279,test,4500,10888.153519873395,-6388.1535198733945
1360,test,32000,23915.174698542713,8084.825301457287
4381,test,10000,16774.63632147834,-6774.636321478341
676,test,20000,27706.348389428345,-7706.348389428345
735,test,55000,59128.651559679325,-4128.651559679325
2042,test,7000,9441.696658073206,-2441.696658073206
2550,test,5000,12145.376265035155,-7145.376265035155
4606,test,25000,16572.542974750344,8427.457025249656
2359,test,5000,7001.660102775718,-2001.6601027757179
627,test,40000,43447.18161840244,-3447.181618402443
3652,test,7000,7185.722687019121,-185.7226870191207
31,test,15000,11825.499341991874,3174.5006580081263
4091,test,5300,6473.27647882242,-1173.2764788224204
2321,test,4000,6357.492025884697,-2357.492025884697
3439,test,15000,12266.912980383646,2733.087019616354
1942,test,12000,12358.30303389325,-358.30303389324945
1575,test,32000,22175.256248937643,9824.743751062357
2890,test,15000,11381.239524381406,3618.760475618594
3134,test,5000,4150.291986859898,849.7080131401017
2219,test,10000,8558.581929267852,1441.4180707321484
887,test,230000,260792.42640357174,-30792.426403571735
672,test,160000,101651.91947428175,58348.08052571825
2272,test,17000,20857.48931704243,-3857.4893170424293
422,test,12000,9435.450063746785,2564.5499362532155
1318,test,55000,41804.13336079584,13195.866639204163
1331,test,55000,60759.36440133734,-5759.364401337341
174,test,9000,9858.127165494629,-858.1271654946286
182,test,12000,12465.165253752073,-465.1652537520731
2940,test,24500,22732.57531059588,1767.4246894041207
2183,test,90000,16104.16980767044,73895.83019232957
502,test,3700,4740.937183135273,-1040.9371831352728
2426,test,11500,11506.259738098517,-6.2597380985171185
4365,test,57000,41799.28140264174,15200.71859735826
1060,test,35000,43411.68712486861,-8411.687124868607
184,test,12000,11753.081570951264,246.91842904873556
3166,test,30000,36531.27949459344,-6531.2794945934365
714,test,32000,36669.58688199669,-4669.586881996693
2663,test,37000,44348.25219279758,-7348.252192797583
4604,test,15000,11884.850486399397,3115.1495136006033
571,test,57000,54586.615110108214,2413.384889891786
587,test,32000,33647.55270731945,-1647.5527073194535
272,test,6000,4536.973449194878,1463.0265508051216
4507,test,16000,11305.126084914584,4694.873915085416
203,test,5000,5117.377960952248,-117.37796095224803
2436,test,90000,71655.50618003137,18344.49381996863
3772,test,14000,11842.161613976921,2157.838386023079
1349,test,78000,85777.94852350428,-7777.948523504281
243,test,7000,12160.170448587514,-5160.170448587514
3809,test,18500,16699.324764721627,1800.6752352783733
155,test,10000,10577.714478081629,-577.7144780816288
3164,test,15000,14662.625396660125,337.37460333987474
590,test,150000,121998.68915030667,28001.310849693327
4657,test,9000,7569.791290258564,1430.208709741436
805,test,42000,20786.879028586103,21213.120971413897
1913,test,6000,7150.263874288895,-1150.2638742888948
1627,test,20000,29523.078977034365,-9523.078977034365
4210,test,15000,13438.123286442287,1561.8767135577127
1321,test,90000,83199.90203828318,6800.09796171682
2393,test,20000,9259.6898668079,10740.3101331921
3021,test,14000,14206.400429247442,-206.40042924744193
4140,test,17000,14805.744116887467,2194.2558831125334
3355,test,10000,5234.91620937112,4765.08379062888
2438,test,25000,13616.891974520231,11383.108025479769
1044,test,40000,42273.556962435505,-2273.556962435505
2484,test,8500,10008.159307374424,-1508.1593073744243
1020,test,75000,71373.50760131389,3626.4923986861104
4403,test,8500,10321.223980409612,-1821.2239804096116
3382,test,8500,7094.639817457531,1405.3601825424694
2186,test,22000,27683.866164041392,-5683.866164041392
4609,test,7500,6981.942576055633,518.0574239443667
1173,test,60000,41939.34308363318,18060.656916366817
4423,test,10000,6812.880299351253,3187.1197006487473
93,test,6000,5091.1244640094,908.8755359905999
3148,test,18000,16056.54035405858,1943.4596459414206
1352,test,90000,56231.11281211593,33768.88718788407
1011,test,26000,29746.43780508593,-3746.4378050859304
266,test,6000,10744.941611223867,-4744.941611223867
1242,test,35000,35591.202114045554,-591.2021140455545
363,test,5000,6423.773458209494,-1423.7734582094936
3597,test,14500,20855.159729528445,-6355.159729528445
4097,test,22000,21403.652467086587,596.3475329134126
4459,test,10000,11330.885998191403,-1330.885998191403
2356,test,24000,29678.277123858406,-5678.277123858406
2589,test,100000,44379.95179116298,55620.04820883702
3123,test,90000,56174.92422106359,33825.07577893641
3600,test,9000,11003.39782568099,-2003.3978256809896
2791,test,14000,14143.414472982751,-143.41447298275125
579,test,80000,65742.7200947298,14257.279905270203
1138,test,17000,15646.573158471865,1353.426841528135
1154,test,95000,88882.76192604317,6117.2380739568325
701,test,400000,216081.79023391407,183918.20976608593
669,test,65000,101609.51243875225,-36609.51243875225
3252,test,13500,19493.122457444788,-5993.122457444788
1001,test,45000,40058.30772027191,4941.692279728093
1322,test,43000,46836.57075046141,-3836.570750461411
618,test,80000,80441.45986322407,-441.4598632240668
1867,test,8500,11168.291867286975,-2668.2918672869746
4027,test,15000,11147.327310536657,3852.672689463343
3615,test,7500,6357.217106884904,1142.7828931150962
3813,test,7000,9670.637733296036,-2670.6377332960365
4496,test,10000,9979.732697173758,20.267302826241576
767,test,130000,172878.58186213166,-42878.58186213166
3403,test,10000,11708.607054905488,-1708.6070549054875
4549,test,11000,17844.94203948488,-6844.9420394848785
2847,test,17000,21073.367037281114,-4073.367037281114
4479,test,15000,13530.061262853711,1469.938737146289
4209,test,26000,27644.038398252604,-1644.0383982526037
629,test,38000,58453.07211824807,-20453.07211824807
4322,test,7500,11586.182881272885,-4086.1828812728854
2391,test,12000,15052.70814578063,-3052.7081457806307
304,test,8000,7525.546799507744,474.45320049225575
3260,test,25000,25371.347521548727,-371.34752154872695
4560,test,13000,12507.467046935224,492.53295306477594
2916,test,17500,22202.954037101634,-4702.954037101634
3063,test,11000,11063.370456511273,-63.370456511273005
3642,test,13000,13855.898740328455,-855.8987403284555
1140,test,290000,142859.63946626626,147140.36053373374
4204,test,12000,20879.573203886423,-8879.573203886423
3214,test,25000,8242.91558982434,16757.08441017566
2279,test,11500,6499.936646707711,5000.063353292289
4217,test,8500,6819.314575705599,1680.685424294401
2654,test,16000,11808.046196334482,4191.953803665518
3240,test,16000,13013.777828855093,2986.2221711449074
252,test,10000,16076.021915175548,-6076.021915175548
970,test,51500,81292.03665605691,-29792.03665605691
3743,test,10000,12341.775469428287,-2341.7754694282867
3124,test,14000,12302.26556701211,1697.7344329878906
448,test,5200,3370.7458602374004,1829.2541397625996
173,test,18000,8518.990237486003,9481.009762513997
3874,test,48000,36233.300989558484,11766.699010441516
132,test,16000,11054.906280904306,4945.093719095694
1369,test,22000,42389.58866838369,-20389.588668383687
707,test,60000,66978.88548872896,-6978.8854887289635
3755,test,6500,7491.310517544077,-991.3105175440769
683,test,47000,41010.78275635133,5989.217243648673
986,test,150000,235127.81799360563,-85127.81799360563
3827,test,35000,27884.740588829176,7115.259411170824
4434,test,6500,6479.752424412881,20.247575587119172
3107,test,15000,13101.761072027452,1898.2389279725485
729,test,23000,31005.37584256095,-8005.3758425609485
4382,test,18000,17656.254640484553,343.7453595154475
691,test,7500,17883.926413635087,-10383.926413635087
899,test,36000,48824.137600646405,-12824.137600646405
1282,test,25000,28536.85205473065,-3536.8520547306507
3621,test,15000,14560.372296634792,439.6277033652077
2963,test,15000,31447.73615224574,-16447.73615224574
773,test,40000,21843.904081836292,18156.095918163708
2318,test,20000,23316.556642101423,-3316.5566421014228
2372,test,18000,18905.953547990808,-905.9535479908081
3830,test,35000,41460.55873297965,-6460.558732979647
1901,test,20000,15552.926540169903,4447.073459830097
3078,test,10000,9210.439931362136,789.5600686378639
4075,test,6500,6557.129903700488,-57.129903700488285
778,test,25000,30703.942505110244,-5703.942505110244
2001,test,19000,14855.0895785995,4144.9104214005
2653,test,17000,24504.98207450009,-7504.982074500091
103,test,25000,23036.549049430047,1963.4509505699534
3105,test,16000,13994.3096522493,2005.6903477507003
1087,test,65000,43085.672588142195,21914.327411857805
1997,test,10000,10310.1523653395,-310.15236533949974
3887,test,10000,8497.803050288985,1502.196949711015
1706,test,12000,12658.913317368917,-658.913317368917
3487,test,17000,18293.460491430928,-1293.4604914309275
3707,test,22000,33556.157228464326,-11556.157228464326
17,test,10000,7656.984818140811,2343.0151818591894
564,test,43000,56813.31611504163,-13813.316115041627
2838,test,75000,84396.62205162994,-9396.622051629936
763,test,80000,111253.23733420792,-31253.237334207923
2088,test,16000,12698.231459802368,3301.7685401976323
3640,test,16000,14619.274386810972,1380.725613189028
3695,test,7000,10026.02673948941,-3026.026739489411
1585,test,48000,62232.6172615329,-14232.617261532898
3644,test,15000,16543.832463744075,-1543.8324637440746
1034,test,75000,70108.76887269213,4891.231127307867
4603,test,17000,15655.807284350258,1344.1927156497422
4037,test,18000,15673.235051306105,2326.7649486938953
3753,test,37500,42021.777517671246,-4521.777517671246
851,test,8000,32944.92262354303,-24944.922623543032
366,test,8000,9491.252004126132,-1491.2520041261323
239,test,5000,6677.9416491307575,-1677.9416491307575
412,test,36125,18337.726785279432,17787.273214720568
56,test,6000,8152.862613109364,-2152.8626131093642
607,test,20000,73656.52768672693,-53656.52768672693
3726,test,9500,14217.305257817761,-4717.305257817761
4593,test,8000,13355.554572628589,-5355.554572628589
1493,test,10500,15107.00985531348,-4607.009855313479
2659,test,29000,45373.107366757285,-16373.107366757285
1474,test,38000,44968.888438485556,-6968.8884384855555
176,test,7500,9652.692150247442,-2152.6921502474415
3018,test,18000,16263.07595146006,1736.9240485399405
2452,test,12000,10515.798798783173,1484.201201216827
3538,test,15000,12995.545525641774,2004.4544743582264
2414,test,9000,15439.233286496801,-6439.233286496801
932,test,70000,63651.623949507964,6348.376050492036
1694,test,17000,14470.372685824825,2529.6273141751753
1663,test,18000,12684.732989557167,5315.2670104428325
526,test,75000,71985.97513609641,3014.0248639035854
4197,test,12000,13770.68733794458,-1770.6873379445806
2701,test,22000,19191.695312906475,2808.304687093525
2345,test,18000,15163.912118917033,2836.087881082967
2471,test,28000,13135.190679381367,14864.809320618633
1253,test,63000,81942.76482178917,-18942.76482178917
4095,test,20000,25069.32979301997,-5069.32979301997
65,test,8000,10942.860937231537,-2942.860937231537
2865,test,32000,29962.75493921128,2037.2450607887185
2149,test,15000,8106.073441258213,6893.926558741787
1765,test,10000,11257.474092166034,-1257.474092166034
3939,test,9000,13977.33088711888,-4977.33088711888
4200,test,32000,36426.89999247306,-4426.89999247306
4629,test,8000,8939.512198976943,-939.5121989769432
4031,test,8500,8604.554087385959,-104.55408738595906
186,test,18000,10614.558084864828,7385.441915135172
1568,test,4000,6770.35875285224,-2770.3587528522403
4010,test,20000,17036.068859568157,2963.9311404318432
1064,test,28000,40442.42194559057,-12442.42194559057
990,test,150000,159223.48460557027,-9223.484605570266
573,test,57000,28478.829140126276,28521.170859873724
2876,test,10000,6733.828032674649,3266.171967325351
2706,test,18000,19193.409732884567,-1193.4097328845673
3418,test,45000,43403.98356040451,1596.0164395954926
2946,test,5000,10954.89607050939,-5954.8960705093905
1763,test,11000,5957.943609011715,5042.056390988285
106,test,14000,6842.066531236204,7157.933468763796
3859,test,75000,32836.3106820951,42163.6893179049
248,test,3200,18062.04805313048,-14862.048053130478
796,test,35000,35414.930930087394,-414.9309300873938
4655,test,13000,14978.695987865836,-1978.6959878658363
3103,test,50000,51901.76351556095,-1901.7635155609532
4261,test,6500,9583.682135384166,-3083.682135384166
4252,test,20000,15225.37898894581,4774.621011054191
3070,test,15000,17758.64021021708,-2758.6402102170796
3971,test,20000,13794.790480831292,6205.209519168708
356,test,13000,16685.804431584445,-3685.8044315844454
4402,test,22000,23880.42206062519,-1880.422060625191
3909,test,8000,11129.66743820981,-3129.66743820981
4451,test,6500,7658.609327801658,-1158.6093278016579
517,test,45000,16199.616120276902,28800.3838797231
2080,test,24000,21361.54684410636,2638.4531558936396
1274,test,85000,75432.50919380576,9567.49080619424
3626,test,10500,8896.485856263784,1603.5141437362163
1006,test,15000,13417.827932722768,1582.1720672772317
4223,test,55000,40175.446059355,14824.553940644997
609,test,65000,55787.611926242134,9212.388073757866
1780,test,30000,25175.94529376538,4824.0547062346195
3159,test,8000,13437.5589718231,-5437.5589718231
2834,test,68000,42832.41356390663,25167.58643609337
1756,test,14000,24149.783411609904,-10149.783411609904
2102,test,15000,10538.168240290943,4461.831759709057
2839,test,110000,135736.58902994622,-25736.58902994622
2014,test,6000,5349.845985961712,650.1540140382876
1022,test,140000,71251.955589513,68748.044410487
269,test,8000,11370.133094225765,-3370.1330942257646
1254,test,7500,18553.09136033212,-11053.09136033212
2179,test,13500,18470.652284251468,-4970.652284251468
2570,test,12000,13725.959287130981,-1725.9592871309815
148,test,5500,6422.1022939594395,-922.1022939594395
696,test,40000,41982.34693226375,-1982.3469322637466
4119,test,9000,12093.847975472921,-3093.8479754729215
4286,test,10000,9567.967170792394,432.0328292076065
4267,test,20000,14458.454175456203,5541.545824543797
2514,test,7000,8878.004147891235,-1878.0041478912353
1119,test,300000,310366.43166670256,-10366.431666702556
41,test,12000,22674.947906917656,-10674.947906917656
3104,test,8000,6652.022806044238,1347.9771939557622
3590,test,22000,14115.576185457869,7884.423814542131
316,test,8000,7869.1390907485265,130.86090925147346
1053,test,14000,24712.292055696882,-10712.292055696882
886,test,17000,34001.38814610352,-17001.38814610352
2334,test,54000,46666.09633790291,7333.903662097087
4343,test,8500,12749.182938810362,-4249.1829388103615
4465,test,45000,36832.370820867916,8167.629179132084
1702,test,16000,13365.071748265495,2634.9282517345055
3990,test,14000,15249.207093257719,-1249.207093257719
539,test,85000,69524.31038851758,15475.68961148242
340,test,8500,8820.490694251377,-320.49069425137714
477,test,22000,15087.033955352963,6912.966044647037
3099,test,6800,7058.125218278301,-258.12521827830096
3185,test,12000,7262.628333016369,4737.371666983631
1875,test,7000,6354.019521139906,645.9804788600941
2204,test,8000,10944.385466419548,-2944.385466419548
1327,test,34999,35681.7096350864,-682.7096350864012
1550,test,30000,18443.646405715954,11556.353594284046
946,test,11000,19279.046071917208,-8279.046071917208
3881,test,7500,10163.068358130322,-2663.068358130322
1714,test,380000,150879.13524119978,229120.86475880022
1359,test,22000,16561.222793971705,5438.777206028295
267,test,15000,9276.368112327107,5723.631887672893
4046,test,22000,21419.441546704555,580.5584532954454
2495,test,7500,8957.528404199362,-1457.5284041993618
3587,test,7000,12921.877927824406,-5921.877927824406
1264,test,53000,25256.659012965687,27743.340987034313
0,test,10000,9484.053828567057,515.9461714329427
1885,test,17000,14162.25942203617,2837.74057796383
2365,test,10000,14378.864728921044,-4378.864728921044
3407,test,14000,16116.185071885158,-2116.1850718851583
4011,test,15000,23161.23851272464,-8161.238512724642
2527,test,12000,15893.026187578474,-3893.0261875784745
1071,test,24000,20845.397107744084,3154.6028922559162
4236,test,13000,13559.53527295163,-559.5352729516308
2995,test,40000,19280.471069677897,20719.528930322103
57,test,6000,10982.322568826674,-4982.322568826674
1524,test,16000,12580.701660502496,3419.2983394975035
4332,test,21000,22128.687486109247,-1128.6874861092474
1434,test,250000,192406.72054080456,57593.279459195444
2686,test,33000,24539.95872529339,8460.041274706611
1675,test,25000,16748.522171171215,8251.477828828785
3550,test,10000,15046.152198253783,-5046.152198253783
3899,test,35000,23472.61539542818,11527.38460457182
225,test,3500,8848.071312316464,-5348.071312316464
3736,test,10000,26239.62869105318,-16239.628691053182
2258,test,15000,9444.545281053917,5555.454718946083
4222,test,10000,10872.879501063813,-872.8795010638132
2083,test,62000,37087.71659446352,24912.28340553648
3628,test,10000,13467.696919575863,-3467.696919575863
3465,test,12000,11532.442969067797,467.5570309322029
3424,test,7000,8183.883125589344,-1183.8831255893438
1479,test,50000,24589.41322932218,25410.58677067782
3703,test,12500,13086.642872868455,-586.642872868455
2482,test,36000,31045.643245390973,4954.356754609027
2440,test,12000,11494.129568471493,505.87043152850674
2673,test,5000,8526.817386334653,-3526.817386334653
1005,test,60000,30779.759333427868,29220.240666572132
699,test,140000,80216.90246336773,59783.09753663227
3650,test,30000,40061.05447124874,-10061.054471248739
3290,test,13000,10837.972283725137,2162.0277162748625
1073,test,70000,92409.13255726335,-22409.13255726335
2640,test,13000,15403.830471546216,-2403.8304715462164
3001,test,20000,10514.719007621676,9485.280992378324
4498,test,15000,12929.91733370024,2070.0826662997606
3000,test,11000,8462.4125353632,2537.5874646367993
1535,test,10000,9944.105619189608,55.89438081039225
424,test,9000,15959.84905460033,-6959.84905460033
3693,test,100000,81967.62392499861,18032.37607500139
1255,test,30000,21479.600142812982,8520.399857187018
2774,test,21000,24264.80067328451,-3264.8006732845097
4532,test,19000,21113.746361421992,-2113.7463614219923
3319,test,14000,9914.838450023835,4085.1615499761647
1358,test,45000,40137.3966490286,4862.603350971403
1058,test,11000,30109.147962924766,-19109.147962924766
3985,test,10000,6868.855918234993,3131.1440817650073
2434,test,50000,41476.15914620837,8523.840853791633
588,test,350000,554628.188582448,-204628.18858244806
3071,test,21000,25212.31026579808,-4212.310265798082
1977,test,5000,8112.024654800395,-3112.024654800395
1665,test,14000,10614.051826011431,3385.9481739885687
4696,test,6000,9426.326955963019,-3426.326955963019
3614,test,14000,13114.335451462586,885.6645485374138
35,test,15000,8521.966746788405,6478.033253211595
3843,test,12000,9236.727354049506,2763.272645950494
2421,test,29000,12689.979571271764,16310.020428728236
2233,test,9000,7438.263785118667,1561.7362148813327
4624,test,6000,7866.079504304203,-1866.0795043042026
112,test,20000,7794.0402321333895,12205.95976786661
3937,test,5000,4917.84930632064,82.1506936793603
2526,test,11000,11096.917135012472,-96.9171350124725
594,test,210000,82631.12086547185,127368.87913452815
877,test,48000,29635.858912956373,18364.141087043627
2904,test,3500,6630.472235185879,-3130.472235185879
1611,test,9500,11769.069914297503,-2269.0699142975027
2569,test,70000,43814.73386388889,26185.26613611111
3470,test,12000,16957.250407129926,-4957.250407129926
2917,test,14500,35689.74555785682,-21189.74555785682
4082,test,8500,6516.684488900534,1983.3155110994658
3045,test,33000,18706.528647355193,14293.471352644807
3766,test,11500,11741.134993983176,-241.13499398317617
4107,test,15000,11880.123695969447,3119.876304030553
1911,test,21500,23255.930360577622,-1755.9303605776222
4355,test,20000,20697.186092978864,-697.1860929788636
979,test,45000,77401.03002635136,-32401.030026351364
1513,test,25000,19582.419965729394,5417.580034270606
2109,test,10000,7065.514407874038,2934.4855921259623
4436,test,12000,11062.63950997003,937.3604900299706
1820,test,55000,53452.742643428166,1547.257356571834
126,test,8000,6761.2051716776905,1238.7948283223095
4544,test,17000,31280.378749105457,-14280.378749105457
807,test,90000,116609.81662878166,-26609.816628781657
2325,test,8500,9445.186584690728,-945.1865846907276
3206,test,16000,15419.434028930347,580.5659710696527
2349,test,4500,6862.361879490658,-2362.361879490658
491,test,13000,11778.965709990509,1221.034290009491
3618,test,16500,7272.2142456239935,9227.785754376007
1445,test,230000,268353.80225261406,-38353.802252614056
2587,test,32000,26447.41648490989,5552.583515090111
1109,test,250000,175224.46009198288,74775.53990801712
1778,test,6000,5883.842733755775,116.15726624422496
2403,test,14000,28558.929576810377,-14558.929576810377
1017,test,250000,200660.67651470308,49339.32348529692
2957,test,12500,16963.228300533523,-4463.228300533523
2988,test,10500,14426.41939685431,-3926.4193968543095
4062,test,22000,28036.125251339294,-6036.125251339294
3272,test,35000,32045.91127326866,2954.088726731341
3335,test,22000,20516.59318400127,1483.4068159987291
2486,test,7500,7536.561006833222,-36.561006833221654
3003,test,22000,63698.365599212186,-41698.365599212186
7,test,5000,5848.342367171709,-848.3423671717092
4508,test,7500,10667.955936986331,-3167.955936986331
4630,test,15000,11783.365717988238,3216.6342820117625
3417,test,12000,11421.711966327564,578.2880336724356
3979,test,40000,24116.215089804333,15883.784910195667
4196,test,9500,9027.396470820015,472.60352917998534
3546,test,10500,11456.265756735846,-956.2657567358456
3215,test,12000,12275.023164511073,-275.02316451107254
4117,test,50000,38208.71184348822,11791.288156511779
3861,test,10000,17596.442716715344,-7596.442716715344
1581,test,11400,17155.163254315074,-5755.163254315074
3351,test,16000,17645.287917049067,-1645.287917049067
4002,test,35000,34095.14955255644,904.8504474435613
1229,test,62000,39068.01911798114,22931.980882018863
4178,test,9500,13337.389224206669,-3837.3892242066686
4158,test,22000,13745.191373327794,8254.808626672206
771,test,60000,31882.111338792663,28117.888661207337
945,test,28000,17173.29025619404,10826.70974380596
4570,test,13000,9837.895882661101,3162.1041173388985
655,test,75000,60026.933141831505,14973.066858168495
3094,test,12000,12465.878718403721,-465.878718403721
89,test,8500,12632.659247146245,-4132.6592471462445
2680,test,30000,24864.519110044548,5135.480889955452
1595,test,16000,10116.060273882633,5883.939726117367
3732,test,10000,18790.445541848174,-8790.445541848174
4323,test,13000,14611.775859166404,-1611.7758591664042
4173,test,20000,19093.384409924987,906.6155900750127
941,test,22000,18009.14580445674,3990.8541955432593
3829,test,32000,26018.978326371667,5981.021673628333
889,test,8500,16016.66129516972,-7516.661295169721
2730,test,14000,10376.418665266003,3623.581334733997
1413,test,85000,109173.89550677786,-24173.89550677786
4553,test,6500,7991.756239576589,-1491.756239576589
2544,test,40000,29649.243843293516,10350.756156706484
1556,test,16000,20256.409562470075,-4256.409562470075
1495,test,17000,18826.067728552774,-1826.0677285527745
164,test,40000,17779.395086343528,22220.604913656472
1829,test,18000,10539.891243000693,7460.108756999307
1159,test,40000,43876.66773303465,-3876.66773303465
2215,test,48000,46342.81351817885,1657.186481821147
3334,test,9500,13846.34837493046,-4346.34837493046
3062,test,12500,9428.278590829144,3071.7214091708556
190,test,13000,14577.39205963354,-1577.3920596335392
4297,test,8000,6023.322001837428,1976.6779981625723
4220,test,14000,11386.299927669106,2613.700072330894
4491,test,10500,12714.520895037804,-2214.5208950378037
3957,test,6000,8086.930195152749,-2086.9301951527486
4146,test,9000,7553.927700329859,1446.0722996701406
33,test,5000,7296.770276268584,-2296.770276268584
3270,test,16000,14631.21397321517,1368.78602678483
1972,test,15000,10779.15449792828,4220.845502071719
3738,test,8000,9433.046573670219,-1433.046573670219
2442,test,4500,8421.612077628031,-3921.6120776280313
1175,test,35000,36769.8402553453,-1769.840255345298
914,test,27000,23294.67070754528,3705.3292924547204
2192,test,7500,9844.977018985292,-2344.9770189852916
1220,test,46000,44582.50220656111,1417.497793438888
4341,test,60000,127835.46377323775,-67835.46377323775
4356,test,12500,11756.48226915275,743.5177308472503
2682,test,13000,21918.198560262288,-8918.198560262288
1724,test,10500,10514.160856136124,-14.160856136124494
2650,test,190000,102308.8955441009,87691.1044558991
151,test,3500,6205.2706104406625,-2705.2706104406625
420,test,10000,6507.934230320496,3492.0657696795042
4518,test,9000,9894.259241525604,-894.259241525604
1874,test,15000,11631.515494223933,3368.4845057760667
136,test,5000,6180.862093052541,-1180.8620930525412
3853,test,5000,5737.378029361099,-737.3780293610989
3435,test,90000,54786.58317819203,35213.41682180797
3357,test,15000,10551.5878964194,4448.4121035806
3038,test,35000,28826.071193685973,6173.928806314027
4008,test,15000,13339.529368310836,1660.4706316891643
4710,test,25000,22584.791173853908,2415.208826146092
2580,test,27000,11677.764468170699,15322.235531829301
3757,test,34000,37409.398321758265,-3409.3983217582645
4574,test,13000,11535.665261886796,1464.3347381132044
2524,test,12000,23853.60993030741,-11853.609930307412
1774,test,17000,22828.027220733693,-5828.027220733693
389,test,10000,9751.494688768444,248.50531123155633
716,test,33000,35919.91582856454,-2919.915828564539
2954,test,16500,20869.849024045696,-4369.849024045696
3885,test,8200,6976.355866471947,1223.6441335280533
721,test,100000,44543.02695845384,55456.97304154616
1194,test,25000,48405.8661257681,-23405.8661257681
1852,test,24000,28710.515596749345,-4710.515596749345
3869,test,75000,84270.69440216283,-9270.69440216283
3084,test,24000,14769.919277419835,9230.080722580165
1534,test,30000,10875.056094258618,19124.943905741384
1999,test,24000,24981.492631489222,-981.4926314892218
3965,test,10500,9536.78296800808,963.2170319919205
1819,test,7500,7479.517586519566,20.482413480433934
1084,test,160000,93522.93341377882,66477.06658622118
1771,test,15000,11971.989176829222,3028.010823170778
3060,test,27000,26915.380171942452,84.61982805754815
4526,test,12500,15791.960241192117,-3291.960241192117
3375,test,7000,11527.725503204822,-4527.7255032048215
1231,test,80000,83687.22830154613,-3687.228301546129
2586,test,14000,11955.30564022389,2044.6943597761092
1768,test,16000,14650.179558906855,1349.8204410931448
202,test,15000,10985.229185976781,4014.770814023219
2862,test,14000,17022.275642791745,-3022.2756427917448
47,test,12000,6570.719116223017,5429.280883776983
1365,test,350000,260415.31692398584,89584.68307601416
4226,test,27000,17220.647098242447,9779.352901757553
4072,test,25000,18019.77656013037,6980.223439869631
2958,test,14000,15694.504715814805,-1694.5047158148045
2688,test,70000,47071.916484376714,22928.083515623286
1279,test,52000,30342.567542658515,21657.432457341485
4509,test,35000,97108.31621159094,-62108.316211590936
1204,test,25000,19268.604754130098,5731.395245869902
3655,test,10500,14162.432121986236,-3662.432121986236
2167,test,18000,13960.048871763509,4039.951128236491
2931,test,7000,11867.959094361868,-4867.959094361868
3091,test,9000,7442.32693331819,1557.6730666818103
1900,test,25000,12762.20298205514,12237.79701794486
2146,test,17000,17313.59553539445,-313.59553539444823
4590,test,15000,11010.959536561359,3989.0404634386414
2982,test,15000,8694.800798516755,6305.199201483245
2602,test,29000,39676.78161711306,-10676.781617113062
528,test,60000,26954.491953576828,33045.50804642317
3136,test,15000,21546.793451940663,-6546.793451940663
1143,test,250000,394923.29505198845,-144923.29505198845
3199,test,70000,37952.743005905155,32047.256994094845
493,test,6000,5425.0878755936865,574.9121244063135
2176,test,16000,17346.587053547388,-1346.5870535473878
4699,test,13000,12396.72355389632,603.2764461036804
1471,test,54500,48917.910987827534,5582.089012172466
2636,test,130000,90962.4604911572,39037.539508842805
4183,test,12333,11357.857169136081,975.1428308639188
2411,test,95000,65459.097347927534,29540.902652072466
1038,test,70000,108525.77933817903,-38525.779338179025
4164,test,15000,19103.164284938124,-4103.164284938124
4374,test,18000,10711.396295107228,7288.603704892772
2160,test,10000,8107.132592457313,1892.867407542687
4682,test,20000,21715.742540785453,-1715.7425407854535
2174,test,10000,15829.552522926682,-5829.552522926682
2312,test,85000,71468.76949413995,13531.230505860047
3903,test,60000,30814.17304268765,29185.82695731235
2085,test,18000,16599.0812428997,1400.9187571002985
4535,test,18500,14431.039391125261,4068.9606088747387
1099,test,85000,71976.98082317966,13023.019176820337
1407,test,6500,27315.317453007203,-20815.317453007203
1179,test,130000,113737.3121576782,16262.6878423218
353,test,6500,4415.15958437841,2084.84041562159
741,test,320000,435694.27407260827,-115694.27407260827
4245,test,30000,25249.00591650293,4750.994083497069
1490,test,90000,106041.81059537567,-16041.810595375675
264,test,8000,9302.98446388752,-1302.9844638875202
2520,test,35000,11213.557161691884,23786.442838308118
4719,test,30000,32726.956731834685,-2726.9567318346853
1846,test,12000,18902.716428439144,-6902.716428439144
611,test,85000,70617.99441045633,14382.005589543667
4620,test,20000,13509.546719222151,6490.453280777849
3245,test,20000,13864.107882004768,6135.892117995232
4523,test,35000,28202.173077105697,6797.826922894303
4006,test,12500,14318.558596588016,-1818.5585965880164
3004,test,6000,12165.058648880655,-6165.058648880655
2029,test,8000,7761.513557786312,238.48644221368795
2262,test,8000,9985.039255327449,-1985.0392553274487
572,test,27000,26673.77270028757,326.227299712431
1787,test,16500,16945.556771529453,-445.5567715294528
1547,test,7500,7322.6988762415895,177.30112375841054
871,test,85000,108085.36334637314,-23085.36334637314
1928,test,35000,20099.702717166056,14900.297282833944
4432,test,10000,19832.466306167316,-9832.466306167316
1924,test,6000,7283.050796109677,-1283.0507961096773
456,test,9500,8178.45411934828,1321.54588065172
3870,test,250000,70520.55179443634,179479.44820556365
4264,test,14000,14158.639951449984,-158.63995144998444
329,test,3000,4986.551861024898,-1986.5518610248982
1786,test,17000,11693.917417318546,5306.082582681454
280,test,7000,7729.16326903208,-729.1632690320803
2095,test,26000,26393.44111344357,-393.4411134435686
2773,test,19500,15326.082061905641,4173.917938094359
2857,test,22999,28766.65098493327,-5767.650984933269
3801,test,9000,6578.871467836075,2421.1285321639252
635,test,32000,21127.261553122058,10872.738446877942
1152,test,26500,32235.128369824844,-5735.128369824844
1985,test,13500,6689.510383647392,6810.489616352608
3390,test,13000,18991.06517242088,-5991.06517242088
3747,test,8000,6770.999107379046,1229.000892620954
1177,test,20000,16226.649630025033,3773.350369974967
2144,test,7700,9076.921876706863,-1376.9218767068633
4733,test,29000,24652.839665716812,4347.160334283188
832,test,55000,63423.50856078555,-8423.50856078555
425,test,5000,6033.153942582279,-1033.1539425822793
1821,test,11000,13860.863925871789,-2860.8639258717885
3426,test,10000,9744.784028663573,255.21597133642717
1212,test,20000,24910.157917872904,-4910.157917872904
3473,test,12000,17611.170243162545,-5611.170243162545
1898,test,12000,15685.996547803992,-3685.996547803992
4552,test,7500,7787.994092909937,-287.9940929099366
1872,test,9000,13855.52641156878,-4855.5264115687805
1754,test,14500,19784.212543618156,-5284.212543618156
1320,test,45000,47261.171942492016,-2261.1719424920157
1012,test,42000,46265.31957260315,-4265.319572603148
3067,test,34000,34665.5588522197,-665.5588522196995
1435,test,150000,94748.20618074859,55251.79381925141
903,test,50000,38079.713973414844,11920.286026585156
2775,test,20000,23399.546072891048,-3399.5460728910475
1275,test,40000,32995.8064306647,7004.193569335301
2874,test,18000,12951.398428221268,5048.601571778732
1565,test,20000,15300.945397521005,4699.054602478995
963,test,52000,55820.38471539099,-3820.3847153909883
2984,test,7600,10411.104371195455,-2811.1043711954553
2922,test,90000,59519.105288653176,30480.894711346824
1501,test,17000,16058.372485007867,941.627514992133
3178,test,12000,10813.50362434182,1186.49637565818
159,test,6000,7319.873270493498,-1319.8732704934982
2579,test,24000,19070.39328878492,4929.606711215081
3967,test,9000,10376.871246892002,-1376.871246892002
1151,test,75000,102556.60822541761,-27556.608225417614
3855,test,14000,14199.94163892744,-199.94163892743927
3947,test,13000,13211.045575061624,-211.04557506162382
2462,test,40000,25114.546057781903,14885.453942218097
4248,test,7500,6738.904928294367,761.095071705633
4168,test,5500,7311.507096355308,-1811.507096355308
1860,test,14000,14914.056165265041,-914.0561652650413
666,test,55000,128911.51802983516,-73911.51802983516
770,test,120000,93909.37853339418,26090.621466605822
4076,test,11000,13263.941917956716,-2263.9419179567158
1938,test,7000,8200.403998790158,-1200.4039987901579
3514,test,34000,22025.881502238914,11974.118497761086
4175,test,7500,8035.88641888275,-535.8864188827501
2713,test,6000,11871.456832315764,-5871.456832315764
1363,test,23000,28328.90035250059,-5328.90035250059
3475,test,26000,13425.264577137224,12574.735422862776
2714,test,18000,14042.69953765206,3957.300462347939
4334,test,12000,11719.261223329644,280.73877667035595
2696,test,13500,11320.909152662603,2179.0908473373966
1297,test,55000,69609.41239096901,-14609.41239096901
2316,test,16000,18921.111227202175,-2921.1112272021746
537,test,28000,29039.752089541238,-1039.752089541238
1409,test,69999,101210.11428156699,-31211.11428156699
3574,test,9500,11710.489642437582,-2210.489642437582
1651,test,32900,24291.62263242652,8608.377367573481
3117,test,8000,5108.85936918993,2891.1406308100704
1769,test,5000,6952.045384857281,-1952.0453848572806
3820,test,13500,13311.882128194733,188.117871805267
1333,test,25000,19298.480616459554,5701.519383540446
4275,test,12000,15102.909269258957,-3102.9092692589566
1596,test,10000,11667.066952167543,-1667.0669521675427
369,test,9000,6744.032859922273,2255.967140077727
4368,test,32000,18948.57650784329,13051.423492156711
2606,test,8000,9166.451945912628,-1166.4519459126277
4385,test,13000,8554.865253132182,4445.134746867818
3352,test,26000,30050.98204809315,-4050.9820480931485
1298,test,66000,47506.558097966124,18493.441902033876
748,test,130000,87003.3687822929,42996.631217707094
2320,test,5000,13573.975923147234,-8573.975923147234
4534,test,200000,92871.77867733456,107128.22132266544
2767,test,18000,14452.506295447973,3547.4937045520273
4155,test,12500,12718.536875057489,-218.53687505748894
2113,test,7500,7128.385851332214,371.61414866778614
2114,test,16000,14198.14934628057,1801.8506537194298
4073,test,13000,9403.666132871505,3596.3338671284946
576,test,95000,71001.41247245838,23998.58752754162
2645,test,7000,15870.853016689705,-8870.853016689705
907,test,34000,36880.058157869134,-2880.0581578691344
1689,test,18000,13792.754310934808,4207.245689065192
3501,test,7000,6571.737986290888,428.26201370911167
3699,test,13000,7280.95394584942,5719.04605415058
4577,test,4000,7087.819250775115,-3087.8192507751146
612,test,50000,41344.04534879211,8655.954651207889
2340,test,19000,16319.947951287299,2680.0520487127014
2292,test,12000,8205.548761502476,3794.451238497524
1313,test,23000,22672.72027456186,327.2797254381403
3744,test,10000,12251.703089449846,-2251.7030894498457
4081,test,20000,24728.619551594027,-4728.619551594027
3340,test,33000,45340.50149520328,-12340.50149520328
4493,test,16000,13270.18305511846,2729.8169448815406
