row_id,split,actual_rent,predicted_rent,residual
1124,train,95000,80873.27705104476,14126.722948955241
3886,train,12000,14916.291728938599,-2916.2917289385987
4122,train,14000,13791.015118580679,208.98488141932103
2762,train,6500,7555.264850721725,-1055.2648507217255
1963,train,30000,26946.863557544053,3053.136442455947
345,train,12000,11001.305595162541,998.6944048374589
3892,train,20000,19917.393540424007,82.60645957599263
3420,train,6250,7091.967369894657,-841.9673698946572
2348,train,6000,6325.318323982789,-325.31832398278857
4572,train,37000,30675.679084262185,6324.320915737815
288,train,7000,6796.526780354105,203.47321964589537
3875,train,58000,53911.19348634015,4088.8065136598525
4652,train,9000,9833.73336838864,-833.7333683886409
2920,train,10000,10581.66060328285,-581.6606032828495
641,train,68000,61331.939297677374,6668.060702322626
3749,train,5000,5697.542645979529,-697.542645979529
3972,train,24000,19201.21749557743,4798.782504422568
1625,train,22000,23150.41260411524,-1150.4126041152413
1703,train,20000,17069.672317546905,2930.327682453095
3288,train,35000,23557.973581588067,11442.026418411933
3553,train,13000,13354.910652921437,-354.91065292143685
1465,train,70000,62154.54186162939,7845.45813837061
3938,train,13000,12829.561288976196,170.438711023804
885,train,32000,29105.17786701828,2894.8221329817206
3121,train,11000,10903.374789642852,96.62521035714781
2055,train,18000,17594.754669843936,405.2453301560636
381,train,12000,16884.815583889285,-4884.815583889285
2810,train,9500,11002.312085557141,-1502.3120855571415
2885,train,33500,30426.384062728153,3073.6159372718466
3883,train,16000,17924.304692091315,-1924.3046920913148
2801,train,13000,13794.962071901933,-794.9620719019331
2695,train,7500,8030.624558769204,-530.6245587692038
1899,train,75000,64227.79553124794,10772.204468752061
4455,train,16000,16494.029024366282,-494.0290243662821
3793,train,10000,10579.355197456249,-579.3551974562488
3668,train,9000,9991.842337594951,-991.8423375949515
1839,train,16500,17429.94499809502,-929.9449980950194
3894,train,12500,12882.605684631339,-382.6056846313386
1355,train,52000,46829.97887734838,5170.0211226516185
2697,train,14000,13918.059876492689,81.940123507311
514,train,22000,21709.159926644945,290.8400733550552
927,train,30000,23471.919635772756,6528.080364227244
1104,train,17000,18156.862091872703,-1156.8620918727029
3360,train,8000,8228.448381511813,-228.44838151181284
2768,train,30000,32545.747684109843,-2545.7476841098432
1165,train,52000,51129.63424117475,870.3657588252536
2715,train,18000,18640.90425606012,-640.9042560601192
4305,train,6000,7136.637718798445,-1136.6377187984453
1257,train,100000,140330.63534128747,-40330.635341287474
2594,train,18000,19266.515744001023,-1266.5157440010225
3217,train,20000,21193.660232361657,-1193.660232361657
3163,train,10000,11830.75554562635,-1830.7555456263508
1554,train,15000,13555.930113058204,1444.0698869417956
3088,train,26000,24706.94103351981,1293.0589664801882
998,train,70000,71255.42114777863,-1255.4211477786303
417,train,6500,5926.236699112449,573.7633008875509
427,train,5500,5522.992528879424,-22.992528879423844
2632,train,40000,38046.21689944193,1953.7831005580665
4519,train,18000,18522.097252108524,-522.0972521085241
850,train,190000,234015.11708073787,-44015.117080737866
3968,train,11000,10304.348016045535,695.6519839544653
4003,train,6000,6589.497445571239,-589.497445571239
3265,train,24000,28150.400812423097,-4150.400812423097
108,train,8000,7854.111660522843,145.8883394771574
3309,train,7500,7555.191958472224,-55.19195847222363
3872,train,60000,61533.128168440846,-1533.128168440846
2286,train,15000,14808.847887771424,191.1521122285758
1950,train,40000,38906.43991492851,1093.560085071491
3657,train,20000,20785.748381936035,-785.748381936035
4546,train,10000,10129.849007905954,-129.84900790595384
4600,train,20000,17198.214561409386,2801.785438590614
2379,train,80000,67144.12155705118,12855.878442948815
4379,train,12500,11821.783447102953,678.2165528970472
3836,train,20000,18665.210166258654,1334.7898337413462
2806,train,14000,12307.306562833492,1692.6934371665084
376,train,7000,7422.610146095087,-422.61014609508675
2051,train,7000,7068.802269571717,-68.80226957171726
1805,train,15000,13214.001960767862,1785.9980392321377
2744,train,12000,12454.74260622674,-454.74260622674046
549,train,20000,19697.45555470411,302.5444452958909
1378,train,24000,25862.147682380946,-1862.1476823809462
2728,train,13500,15220.337156357322,-1720.3371563573219
3220,train,11000,11664.004136262283,-664.0041362622833
575,train,40000,40094.991031147445,-94.99103114744503
468,train,6500,7123.424031226751,-623.4240312267511
213,train,11000,9397.080904195669,1602.919095804331
3526,train,15000,15717.541405670154,-717.5414056701538
4278,train,15000,14691.784855209695,308.2151447903052
677,train,55000,59221.07409824905,-4221.074098249053
3410,train,15000,17857.686926085677,-2857.6869260856765
3041,train,12000,13028.509536117068,-1028.509536117068
1994,train,22000,21832.769206982724,167.23079301727557
1222,train,21000,21577.885151019884,-577.8851510198838
1570,train,8500,9206.261135615037,-706.2611356150373
4271,train,13000,13298.1582732556,-298.15827325559985
438,train,5000,4967.113930877729,32.88606912227078
821,train,34000,33112.60978116815,887.3902188318534
4449,train,9000,8738.086935304018,261.91306469598203
3025,train,11200,10725.807266340751,474.1927336592489
530,train,300000,279734.54955785896,20265.45044214104
2702,train,4000,4505.09006644978,-505.09006644978035
3884,train,18000,20744.998063718933,-2744.998063718933
2745,train,13500,12249.833411003,1250.1665889970009
1722,train,19000,17984.986417433895,1015.0135825661055
1704,train,28000,25594.51406539139,2405.4859346086087
661,train,35000,37513.56955455633,-2513.5695545563285
1243,train,72000,60495.17673040922,11504.82326959078
1027,train,230000,172048.72220121603,57951.277798783965
4463,train,20000,21189.058805006105,-1189.058805006105
2210,train,10000,10932.45248582122,-932.4524858212208
1607,train,6000,7182.9541920689435,-1182.9541920689435
163,train,9000,9723.16026622519,-723.1602662251898
3591,train,7000,6267.328952584676,732.6710474153242
4262,train,10000,9299.527235726959,700.4727642730413
2722,train,20000,19819.845864263843,180.1541357361566
4058,train,30000,31080.450783265194,-1080.4507832651943
3627,train,15000,15438.913227648902,-438.91322764890174
3187,train,13000,14579.398388372521,-1579.3983883725214
812,train,36000,37386.74620249114,-1386.7462024911365
1508,train,13500,10715.942276919208,2784.057723080792
2811,train,15000,16893.678670201196,-1893.678670201196
3362,train,12000,12291.429932418696,-291.4299324186959
4457,train,12000,12097.943984217998,-97.94398421799815
421,train,12000,11580.922947745586,419.0770522544135
1477,train,70000,60289.499738068975,9710.500261931025
1588,train,10000,10359.883081346232,-359.88308134623185
313,train,15000,15696.517719930132,-696.5177199301324
3945,train,12000,13161.222352481038,-1161.222352481038
2161,train,24000,23970.063303492476,29.936696507524175
277,train,15000,11424.637579939468,3575.362420060532
2750,train,9000,9011.834354661289,-11.834354661288671
140,train,12500,12357.436010655434,142.56398934456593
1383,train,37000,41098.78035328207,-4098.780353282069
2708,train,10000,9609.031892781879,390.9681072181211
1881,train,15000,15039.819307052103,-39.819307052102886
4448,train,400000,265570.7379661261,134429.26203387388
310,train,9000,8118.019242635278,881.9807573647222
3601,train,18000,18185.252504846507,-185.25250484650678
4279,train,15000,13062.952818239071,1937.0471817609287
3190,train,15000,14849.587090787209,150.41290921279142
1347,train,20000,19605.062523829994,394.93747617000554
2295,train,30000,26032.860620945994,3967.139379054006
189,train,6500,5710.851458614668,789.1485413853316
1923,train,24000,20654.51906067389,3345.4809393261094
1842,train,17000,15735.809655317356,1264.1903446826436
1155,train,38000,39398.45486399511,-1398.45486399511
3933,train,23000,19582.98962673615,3417.010373263849
61,train,30000,35054.040492810236,-5054.040492810236
1691,train,20000,19287.80575191337,712.194248086631
499,train,6000,6664.627311285932,-664.6273112859317
1733,train,12500,13323.884086049824,-823.884086049824
2555,train,6000,6273.6737622136325,-273.6737622136325
2004,train,15000,11937.332039707517,3062.6679602924833
1337,train,110000,111282.7105259185,-1282.7105259185046
2652,train,60000,63616.625092044684,-3616.6250920446837
3823,train,22000,20633.624518579138,1366.3754814208623
2193,train,34000,38651.5016513014,-4651.501651301398
1425,train,35000,34663.939092928886,336.06090707111434
2893,train,16000,15948.866841300787,51.1331586992128
687,train,100000,96279.48706853736,3720.5129314626392
1517,train,7500,7412.195205845755,87.80479415424543
852,train,75000,93974.06774513448,-18974.06774513448
4726,train,35000,28359.72989037349,6640.270109626508
261,train,7000,7293.518226443968,-293.51822644396816
4487,train,18000,16577.038900980584,1422.961099019416
3852,train,15000,13561.495773260309,1438.5042267396911
4246,train,18000,14259.502853700782,3740.497146299218
584,train,13000,20366.603427408838,-7366.603427408838
1305,train,51000,56734.74584904589,-5734.7458490458885
875,train,15000,16769.279651069854,-1769.2796510698536
4116,train,14000,13847.7139881578,152.2860118421995
1608,train,17000,15543.4777813254,1456.5222186745996
4302,train,18000,19533.82472965264,-1533.8247296526388
1560,train,12000,9766.277146931876,2233.722853068124
827,train,40000,41630.33706269576,-1630.3370626957621
625,train,85000,76792.81878618512,8207.181213814882
4274,train,25000,21951.468190189615,3048.5318098103853
1984,train,11000,9375.74772495947,1624.2522750405296
1642,train,12000,13751.836505399368,-1751.8365053993675
1278,train,15000,15352.750169259862,-352.75016925986165
4468,train,24000,26346.287828492666,-2346.2878284926664
1742,train,14000,21454.474870851107,-7454.474870851107
4400,train,50000,61638.76989475214,-11638.769894752142
522,train,25000,20933.025394412256,4066.974605587744
4688,train,12000,12097.174440931432,-97.1744409314324
614,train,120000,91786.34333589255,28213.656664107446
2223,train,28000,27296.445974770537,703.5540252294632
2483,train,12000,12795.65081895322,-795.6508189532196
2281,train,22000,23045.66186332603,-1045.6618633260296
3394,train,20000,20794.978247609964,-794.9782476099645
2698,train,18000,18844.749859265907,-844.7498592659067
935,train,18000,20243.458396247417,-2243.458396247417
1987,train,55000,51229.195773877334,3770.8042261226656
483,train,5000,5285.650959060862,-285.6509590608621
4396,train,24000,20826.81734218347,3173.182657816531
2047,train,11000,10984.567088870745,15.432911129255444
459,train,22500,20589.70717955602,1910.2928204439813
4615,train,5000,6017.153945744866,-1017.1539457448662
4156,train,31000,34108.607374048406,-3108.607374048406
3871,train,10000,9798.913357875892,201.08664212410804
2116,train,14000,13053.579271730772,946.4207282692278
3081,train,12000,13506.538712980635,-1506.538712980635
4094,train,12000,11594.742260102115,405.2577398978847
4632,train,9000,9831.416265700771,-831.416265700771
4229,train,8000,8483.924154019389,-483.9241540193889
3713,train,19000,16187.799111695074,2812.2008883049257
2010,train,50000,33628.7390493636,16371.260950636402
1589,train,7000,6255.401088214602,744.5989117853978
1139,train,77000,75907.10423997704,1092.8957600229623
2494,train,14000,12769.998733099286,1230.0012669007137
1552,train,84000,83617.27842736979,382.72157263020927
3294,train,65000,69529.82497019939,-4529.824970199392
3145,train,8500,7704.303770865896,795.6962291341042
1751,train,7500,8403.796822254533,-903.7968222545333
30,train,7500,6696.8381221060545,803.1618778939455
462,train,14000,14307.555061676509,-307.55506167650856
3110,train,9000,8128.94702116812,871.05297883188
3479,train,12000,11773.95341682795,226.0465831720503
2545,train,36000,37847.277979713646,-1847.2779797136463
2384,train,40000,23282.359759032068,16717.640240967932
1546,train,16000,16225.816365910912,-225.81636591091228
917,train,8000,11218.617161127204,-3218.617161127204
4601,train,10000,10443.728763287363,-443.7287632873631
432,train,5500,6468.916002242708,-968.9160022427077
4668,train,7000,8399.412264246028,-1399.412264246028
901,train,75000,76693.7393483051,-1693.7393483050982
3599,train,22000,22921.260056008592,-921.2600560085921
1882,train,11000,11582.923249816384,-582.9232498163838
1939,train,24000,21631.60366718977,2368.396332810229
2077,train,11000,10379.49644292886,620.5035570711407
2662,train,35000,39934.099365809,-4934.099365809001
1685,train,17500,16685.566182693758,814.4338173062424
1036,train,100000,125589.568086198,-25589.568086198007
3856,train,20000,17938.0676203359,2061.9323796641
406,train,5500,6160.343921504984,-660.3439215049839
3233,train,25000,23307.952405727276,1692.0475942727244
1880,train,10000,10669.551468121372,-669.5514681213717
3802,train,14000,14534.97817402218,-534.9781740221806
1537,train,7500,7396.2037791971725,103.79622080282752
4389,train,15000,16504.4777103191,-1504.4777103191009
1185,train,76000,62797.66953580165,13202.330464198349
418,train,4500,4808.664901292955,-308.6649012929547
1068,train,130000,119798.52863346568,10201.471366534315
3838,train,15000,14096.47909907151,903.5209009284899
4501,train,8000,8349.343154539787,-349.34315453978707
4548,train,10000,10128.298508444028,-128.2985084440279
2082,train,10000,9807.561175840323,192.4388241596771
3558,train,24000,22107.41885519361,1892.5811448063905
2248,train,12000,12634.260203794907,-634.2602037949073
147,train,8000,7964.066427996145,35.93357200385526
4133,train,20000,19969.36419512733,30.635804872668814
137,train,17500,17718.35685037556,-218.3568503755596
76,train,5500,6030.398502789456,-530.398502789456
4565,train,18000,18405.834614194988,-405.8346141949878
2218,train,40000,31523.898541303617,8476.101458696383
833,train,80000,103610.59592581807,-23610.595925818066
1188,train,39000,40908.25441498888,-1908.2544149888781
43,train,8500,8708.853093724629,-208.8530937246287
3680,train,8000,9666.160692657968,-1666.160692657968
2257,train,7000,7245.529072103293,-245.5290721032934
2529,train,24000,20115.18220534531,3884.8177946546894
4678,train,30000,24837.38438163555,5162.615618364449
4492,train,37000,33207.26524459655,3792.7347554034495
2639,train,15000,13545.188754030793,1454.8112459692074
2492,train,14000,12531.555600502497,1468.4443994975027
3011,train,22000,19937.98671225593,2062.01328774407
838,train,450000,474528.08040771965,-24528.08040771965
3332,train,20000,19613.173477787255,386.82652221274475
3720,train,40000,37738.817976225626,2261.182023774374
323,train,8500,8993.14065128113,-493.14065128113
4023,train,12000,13276.941728091957,-1276.941728091957
3733,train,20000,20427.64070051008,-427.64070051008093
274,train,30000,43104.35616226558,-13104.356162265583
1373,train,24000,27412.735494983634,-3412.7354949836335
3336,train,23000,19607.562930799224,3392.437069200776
2783,train,10000,9752.292952608066,247.70704739193388
169,train,40000,28206.6663169658,11793.333683034201
2541,train,16000,20619.219080447765,-4619.219080447765
1461,train,30000,29702.272339143325,297.72766085667536
2903,train,110000,102347.33854356551,7652.661456434493
2990,train,26000,23923.58114778628,2076.418852213719
4685,train,17000,15281.602455999262,1718.397544000738
894,train,15500,16500.367481147972,-1000.3674811479723
4007,train,25000,21083.530174376407,3916.4698256235934
631,train,50000,46761.652369596275,3238.347630403725
2777,train,6500,7678.379939314238,-1178.379939314238
3455,train,45000,48808.1534264182,-3808.1534264181973
2230,train,16000,16039.5325756228,-39.53257562279941
3723,train,35000,25261.100839293722,9738.899160706278
2886,train,9500,8999.780536218066,500.2194637819339
4472,train,15000,14017.50113956151,982.4988604384907
2408,train,9000,9546.436781890416,-546.4367818904157
730,train,95000,100659.85362502513,-5659.8536250251345
2184,train,24000,23214.463173247448,785.5368267525519
703,train,40000,40072.36696347591,-72.36696347591351
652,train,43000,44486.565669944175,-1486.5656699441752
1280,train,13000,16730.294148980473,-3730.2941489804725
4213,train,42000,42864.945336407385,-864.9453364073852
1905,train,6000,6955.376884251764,-955.3768842517638
4298,train,13000,13944.569029181885,-944.5690291818846
484,train,10000,10713.73756157479,-713.7375615747897
3146,train,20000,30887.62809409953,-10887.628094099531
1955,train,15000,14452.022883456026,547.9771165439743
4100,train,16500,19464.457122724354,-2964.457122724354
2053,train,4800,5584.367641756357,-784.3676417563574
4067,train,1200,3733.9054073365546,-2533.9054073365546
302,train,20000,17020.53483844548,2979.465161554519
2967,train,7500,8144.831044180566,-644.8310441805661
4127,train,10000,10439.46071672849,-439.4607167284903
3285,train,8000,8247.325309045638,-247.32530904563828
1809,train,22000,19938.37993324125,2061.620066758751
4360,train,26000,24854.319534961585,1145.6804650384147
1973,train,70000,54920.87234426926,15079.127655730743
1614,train,7000,6883.9678358928895,116.03216410711048
3192,train,19000,19314.94067445807,-314.94067445807013
3764,train,6000,5658.982546708312,341.01745329168807
2352,train,17500,16218.381429043919,1281.6185709560814
4150,train,12000,12581.654629376944,-581.6546293769443
2241,train,14000,13927.280438028638,72.71956197136205
2930,train,5500,6202.773128445604,-702.773128445604
610,train,50000,51285.835683253645,-1285.8356832536447
3791,train,12500,10596.817256798635,1903.1827432013652
3056,train,22000,22132.521536537486,-132.5215365374861
1783,train,20000,17426.17550386734,2573.82449613266
776,train,150000,151351.52541879786,-1351.5254187978571
4513,train,60000,57867.50088737047,2132.499112629528
1116,train,55000,57207.13091162512,-2207.1309116251214
2140,train,13900,13723.467616123778,176.5323838762215
3468,train,26000,25199.83901713389,800.1609828661094
2106,train,12000,11042.237639863377,957.7623601366231
1380,train,600000,487711.66415556625,112288.33584443375
4201,train,10000,9979.410043100017,20.589956899983008
2871,train,30000,29124.958940844546,875.0410591554537
191,train,9000,8036.461278542575,963.5387214574248
1046,train,27000,24849.65353049816,2150.346469501841
973,train,85000,84318.67275684704,681.3272431529622
4499,train,35000,35409.16687998507,-409.16687998506677
449,train,4000,4553.599897806234,-553.5998978062344
628,train,50000,55692.62573264295,-5692.625732642948
1403,train,20000,18126.91247568729,1873.0875243127084
4311,train,9500,9683.475354712476,-183.47535471247647
3416,train,10000,11562.692752572359,-1562.6927525723586
1303,train,50000,51566.765573463344,-1566.7655734633445
3383,train,30000,26553.264467039884,3446.735532960116
4293,train,70000,72856.7648594607,-2856.7648594607017
616,train,110000,114906.64324276293,-4906.643242762933
745,train,100000,104110.45729600891,-4110.4572960089135
193,train,12000,11350.406794552737,649.5932054472632
1862,train,8000,9210.102168613992,-1210.102168613992
1449,train,45000,37883.98986000175,7116.010139998252
3064,train,40000,38606.61627156599,1393.3837284340116
46,train,4600,5272.194353280696,-672.1943532806963
4291,train,12000,12413.45741135228,-413.45741135227945
3950,train,4000,4748.317594983442,-748.3175949834422
3506,train,15000,16518.81880736306,-1518.818807363059
1107,train,35500,37797.86864250265,-2297.8686425026535
4102,train,8500,9567.87790218836,-1067.8779021883602
2143,train,13000,14124.178947938517,-1124.178947938517
2369,train,7500,8564.591675595742,-1064.5916755957423
642,train,150000,154245.57960525152,-4245.579605251522
3061,train,8000,9467.41123986936,-1467.4112398693596
4074,train,35000,27640.018778105106,7359.981221894894
1225,train,65000,65275.330074919286,-275.33007491928583
777,train,230000,310715.2154856111,-80715.21548561112
3545,train,26000,30960.094388696954,-4960.094388696954
4154,train,6000,6437.010727119177,-437.0107271191773
3249,train,15000,13557.46226648777,1442.5377335122303
3931,train,22000,23649.090951720795,-1649.0909517207947
1158,train,180000,141847.0961567576,38152.90384324241
3168,train,14000,16301.279909251638,-2301.279909251638
815,train,42000,43263.94142548395,-1263.9414254839503
2381,train,14000,19436.346226185222,-5436.346226185222
4357,train,18000,14597.856533048986,3402.1434669510145
1284,train,360000,334203.3575143176,25796.642485682387
331,train,6500,6129.573100012033,370.42689998796686
788,train,170000,162592.6416450092,7407.358354990807
1834,train,12500,11941.653561741803,558.3464382581969
4054,train,14000,13376.255380921999,623.744619078001
1746,train,55000,55891.46871160767,-891.4687116076675
1292,train,65000,66207.10094867452,-1207.100948674517
883,train,45000,42006.39758038826,2993.6024196117432
2269,train,7000,7673.858915447129,-673.8589154471292
4339,train,10000,11059.439451528031,-1059.439451528031
4284,train,9500,9107.386628344426,392.61337165557416
289,train,3500,3633.796902447923,-133.796902447923
4515,train,9000,10245.765959869968,-1245.7659598699684
2879,train,28000,30772.96762539193,-2772.9676253919315
2201,train,16500,17215.42541305731,-715.4254130573099
1960,train,26969,25893.800950465426,1075.1990495345744
4530,train,8000,8618.861434582612,-618.8614345826118
2824,train,9300,9596.331388366125,-296.3313883661249
263,train,6000,5894.4111537732315,105.58884622676851
3020,train,5000,5605.173410202182,-605.1734102021819
3299,train,26000,23587.302960872854,2412.697039127146
2006,train,27000,23011.762863589764,3988.2371364102364
3547,train,15000,12761.266031472547,2238.733968527453
1864,train,15000,14444.555752348639,555.4442476513614
441,train,5500,4643.3030922538965,856.6969077461035
1515,train,7500,7890.078985387788,-390.0789853877877
1412,train,45000,49327.711449650196,-4327.711449650196
2798,train,37000,32489.30271206961,4510.69728793039
4331,train,6000,5998.203796591314,1.7962034086858694
4214,train,20000,18277.50639426634,1722.49360573366
1487,train,65000,68869.74038655839,-3869.740386558391
295,train,10500,10283.51520609407,216.4847939059291
2552,train,13000,11048.848483943837,1951.151516056163
2877,train,16000,15856.5928295306,143.40717046939972
364,train,10000,8846.48227306214,1153.51772693786
3948,train,9500,11153.349862861003,-1653.3498628610032
3491,train,8500,9229.546507282723,-729.5465072827228
1658,train,14000,11565.909511745222,2434.0904882547784
2324,train,12000,12276.452483759089,-276.45248375908886
761,train,36000,38816.28267559185,-2816.2826755918504
4418,train,14000,13752.22650104403,247.77349895597035
758,train,35000,35701.42885114524,-701.4288511452396
1095,train,25000,24552.219094265558,447.78090573444206
2228,train,12000,11932.626482628342,67.37351737165773
4188,train,7500,6988.996054126536,511.00394587346364
3456,train,5000,5290.97075962685,-290.97075962684994
4618,train,9000,10507.367992975269,-1507.3679929752689
2661,train,36000,44190.12348029028,-8190.123480290284
4063,train,15000,12852.032657553067,2147.967342446933
2050,train,9000,10199.345174347123,-1199.3451743471232
496,train,14000,13143.365147757388,856.6348522426124
810,train,40000,44300.065819835654,-4300.065819835654
1797,train,5000,6114.9851007800025,-1114.9851007800025
2599,train,25000,30051.42140187353,-5051.421401873529
471,train,7500,7424.554755854228,75.44524414577245
2071,train,35000,34430.27635545659,569.72364454341
1504,train,8000,7937.298264895513,62.70173510448694
3330,train,12000,9660.866474047352,2339.1335259526477
1261,train,70000,86452.40097716988,-16452.400977169877
3578,train,18000,14956.769663778035,3043.2303362219645
736,train,46000,42151.093524815406,3848.9064751845945
2236,train,16000,17357.989267509012,-1357.9892675090123
955,train,72000,57118.84431720655,14881.155682793447
2718,train,11000,11323.232392284657,-323.2323922846572
1100,train,26000,27009.571352238334,-1009.5713522383339
4028,train,10000,11474.53163000797,-1474.5316300079703
2790,train,22000,26601.201940339204,-4601.201940339204
480,train,6000,8502.672557925367,-2502.672557925367
2278,train,20000,15701.715893886912,4298.284106113088
3411,train,75000,62034.589876850514,12965.410123149486
4416,train,120000,107590.19464522167,12409.805354778335
3083,train,20000,20781.328509520194,-781.3285095201936
910,train,24000,22640.057483202323,1359.942516797677
3098,train,13000,12552.34208638934,447.6579136106593
1200,train,25000,26480.33524743296,-1480.3352474329586
3917,train,25000,27050.055608249142,-2050.055608249142
1974,train,19000,17557.883699657858,1442.1163003421425
2878,train,20000,19613.489947954844,386.51005204515604
3317,train,45000,30492.90761516613,14507.092384833872
3775,train,18500,19751.408037886817,-1251.4080378868166
1707,train,20000,18011.391460652554,1988.608539347446
1830,train,11000,9733.566396484217,1266.433603515783
2883,train,8000,8814.18147083438,-814.1814708343809
2121,train,15000,15450.321057798188,-450.3210577981881
2675,train,30000,30805.963880357336,-805.9638803573362
1142,train,40000,39349.385919436514,650.6140805634859
393,train,7000,6488.809918206934,511.1900817930664
1586,train,7000,7263.996982613852,-263.9969826138522
884,train,35000,32110.507803908036,2889.4921960919637
3443,train,16000,16971.54393037489,-971.5439303748899
3891,train,11000,11161.53425844024,-161.5342584402406
3896,train,30000,21831.172283122833,8168.827716877167
1680,train,12000,10748.618875224549,1251.381124775451
3227,train,30000,33163.50453592264,-3163.5045359226424
398,train,8000,7634.6991235770365,365.3008764229635
598,train,55000,54670.83716327431,329.1628367256926
4144,train,45000,42996.164522501014,2003.8354774989857
2122,train,9500,11535.331582195704,-2035.331582195704
408,train,11000,12722.964356249422,-1722.964356249422
3850,train,8500,9719.33566796052,-1219.3356679605204
811,train,40000,35562.56012071786,4437.439879282138
135,train,9000,9202.047770289866,-202.0477702898661
4,train,7500,7485.110307545413,14.88969245458702
3112,train,17000,21732.033191719147,-4732.033191719147
2493,train,14000,13867.322830957406,132.67716904259396
4025,train,45000,42289.74102808874,2710.2589719112584
987,train,75000,73547.95828894008,1452.0417110599228
996,train,75000,66215.75914580509,8784.240854194912
1828,train,7000,6980.979561099257,19.020438900743102
4517,train,5800,7107.477388628264,-1307.4773886282637
2422,train,18000,15842.743160286705,2157.2568397132945
3174,train,7000,7282.221374759078,-282.22137475907766
2517,train,22000,20631.87361103526,1368.1263889647416
1562,train,16000,16950.452987896726,-950.452987896726
3748,train,12000,11362.327992989938,637.6720070100619
2437,train,10000,9415.130133000397,584.8698669996029
3380,train,16000,15603.88879010887,396.1112098911308
4627,train,5000,4995.263494952232,4.736505047768333
4045,train,25000,21521.119673725185,3478.880326274815
2065,train,17681,17993.646305264603,-312.64630526460314
764,train,7500,12077.887382446392,-4577.887382446392
237,train,5500,6601.832205732631,-1101.8322057326313
3188,train,9000,8708.184746705592,291.81525329440774
3404,train,45000,38977.02701575642,6022.972984243577
893,train,40000,47907.14871282168,-7907.148712821683
3241,train,85000,71060.44341169416,13939.556588305844
2330,train,12500,12644.49187195196,-144.49187195195918
3815,train,100000,82689.41814189844,17310.581858101563
3058,train,6500,7413.956625616949,-913.9566256169492
396,train,35000,23696.910690610574,11303.089309389426
3759,train,15000,13725.670618028824,1274.3293819711762
1996,train,15000,15673.89995931145,-673.8999593114495
479,train,10000,11008.893702903111,-1008.8937029031113
4304,train,9000,9833.153685910556,-833.1536859105563
2815,train,250000,150419.20025108123,99580.79974891877
3566,train,15000,14231.85511443708,768.1448855629205
4406,train,3000,3627.610430087413,-627.6104300874131
2617,train,140000,111110.53584097094,28889.464159029056
154,train,7000,6856.878039997048,143.1219600029517
4182,train,16000,16429.729928193185,-429.7299281931846
705,train,230000,196588.9956393742,33411.00436062581
3611,train,8000,8040.599844472303,-40.59984447230272
3017,train,12000,11265.230957955555,734.7690420444451
1045,train,46000,47994.18359709269,-1994.1835970926913
2364,train,24000,23394.678299498875,605.3217005011247
1832,train,60000,57954.809876232044,2045.1901237679558
188,train,7000,7426.633024384844,-426.63302438484425
4235,train,26000,23594.02609914031,2405.9739008596916
2968,train,10000,14707.693745218354,-4707.693745218354
3207,train,14000,13893.773759519434,106.22624048056605
1247,train,8000,10224.337494873535,-2224.3374948735345
2700,train,65000,45937.61090636839,19062.38909363161
3888,train,13000,12197.40381859039,802.5961814096099
344,train,7500,7758.195287545303,-258.19528754530256
1289,train,130000,139487.2963881323,-9487.296388132294
2342,train,18000,20334.78476253677,-2334.7847625367685
1851,train,40000,46085.95051138908,-6085.950511389077
533,train,33000,33716.08096093056,-716.0809609305579
3954,train,13000,13672.35603935673,-672.3560393567295
1354,train,55000,50936.12452085325,4063.875479146751
4684,train,22000,21277.216897920236,722.7831020797639
2985,train,29000,32208.45108227159,-3208.4510822715893
1744,train,11000,11381.539821152843,-381.5398211528427
1937,train,14000,13452.087708530604,547.9122914693962
1840,train,13000,11693.649623059344,1306.3503769406561
2812,train,12000,12577.411518451643,-577.4115184516431
4642,train,8000,9596.43572609848,-1596.4357260984798
1806,train,130000,148797.85288582134,-18797.85288582134
3673,train,10000,9756.91658837803,243.0834116219703
3536,train,12500,12976.75162334956,-476.75162334956076
341,train,12000,11621.619641850713,378.3803581492866
2119,train,10000,10061.827232669153,-61.82723266915309
4735,train,45000,46549.26557620736,-1549.2655762073628
2782,train,13000,13190.89011652863,-190.89011652862973
2665,train,20000,17770.629996076474,2229.3700039235264
4042,train,10000,10291.562437134266,-291.56243713426556
2343,train,70000,70776.59494580787,-776.5949458078685
67,train,7500,8419.840668169818,-919.840668169818
3629,train,7000,6691.7952666992915,308.20473330070854
2273,train,15000,14979.751538627479,20.24846137252098
4242,train,12000,12789.701555557915,-789.7015555579146
206,train,5000,5062.130616561671,-62.13061656167065
3278,train,4500,5510.626074465009,-1010.626074465009
4503,train,5500,5210.895297348889,289.10470265111144
1775,train,30000,24942.403061532346,5057.596938467654
1506,train,50000,53894.333828756906,-3894.333828756906
1762,train,15000,17297.163436561263,-2297.1634365612626
939,train,32000,45157.946276184906,-13157.946276184906
4243,train,15000,15910.364869524767,-910.3648695247666
4181,train,8000,8953.42201094705,-953.4220109470498
2464,train,6000,6614.733305812579,-614.7333058125787
63,train,30000,27796.302279888758,2203.6977201112422
3610,train,25000,23181.76745215883,1818.2325478411694
4352,train,12000,12326.764915779184,-326.76491577918387
1400,train,20000,22595.591194543544,-2595.5911945435437
2044,train,250000,194135.04489479045,55864.95510520955
3478,train,30000,23017.427452825745,6982.572547174255
2575,train,8000,7794.159850317979,205.84014968202064
3919,train,45000,48754.23774102695,-3754.2377410269473
3054,train,16000,15163.421681917574,836.5783180824255
3210,train,7000,7743.871478180724,-743.8714781807239
3494,train,18000,16357.048177465673,1642.9518225343272
1069,train,58000,53756.235478282324,4243.764521717676
4512,train,9000,9901.550909017766,-901.5509090177657
1389,train,310000,347450.6856178633,-37450.68561786332
4326,train,18000,14558.004003095373,3441.9959969046267
1854,train,16000,16299.38723456797,-299.38723456797015
3312,train,12000,12818.215530887075,-818.2155308870751
2928,train,30000,28168.19786314142,1831.8021368585796
1408,train,55000,56448.46651224281,-1448.4665122428123
1136,train,40000,35389.45413295081,4610.5458670491935
2748,train,200000,158632.3708588386,41367.62914116139
2668,train,14000,12958.266672417141,1041.7333275828587
2842,train,24000,23921.333177604298,78.66682239570218
545,train,22000,20273.514501021684,1726.4854989783162
3914,train,12000,11483.439033963226,516.5609660367736
2528,train,140000,118724.29396229834,21275.70603770166
1564,train,11000,11377.531832112958,-377.531832112958
842,train,55000,53570.35958753929,1429.640412460707
2513,train,20000,20175.587257632953,-175.58725763295297
2461,train,5000,6730.891567176961,-1730.891567176961
3832,train,11000,11304.907990682283,-304.9079906822826
541,train,270000,271301.8446985353,-1301.8446985352784
855,train,39000,36216.161663627965,2783.838336372035
804,train,50000,46750.74023414629,3249.2597658537125
372,train,35000,35639.595871039746,-639.5958710397463
3457,train,30000,29109.49658281196,890.5034171880397
409,train,10000,9322.510149399088,677.4898506009122
1153,train,45000,42877.19961519056,2122.8003848094377
4325,train,22000,21592.23192870652,407.7680712934816
4504,train,5000,5461.144008255267,-461.1440082552672
3268,train,16000,14356.428830471548,1643.5711695284517
2387,train,25000,23828.51565753446,1171.484342465541
3729,train,12000,10714.80980656096,1285.1901934390407
1324,train,20000,24441.581932795973,-4441.5819327959725
2358,train,4500,5015.216687133284,-515.2166871332838
4456,train,22000,23217.775399147744,-1217.7753991477439
4628,train,6000,5285.6169201698485,714.3830798301515
4187,train,14000,15291.342760828607,-1291.3427608286074
4032,train,130000,123623.17962925295,6376.820370747053
4348,train,12000,11838.954096577387,161.04590342261326
2840,train,150000,139050.6700546402,10949.329945359787
3144,train,30000,36633.808441294364,-6633.8084412943645
1518,train,25000,23905.241964453457,1094.7580355465434
334,train,8000,7419.720850599948,580.2791494000521
1015,train,60000,54204.70557115282,5795.294428847177
3698,train,18000,19214.420074225112,-1214.4200742251123
3873,train,12000,10193.31261884272,1806.6873811572805
3238,train,22000,19637.54613748248,2362.453862517519
2378,train,20000,13681.398594800658,6318.6014051993425
3184,train,12000,11726.17067908401,273.82932091598923
2677,train,11000,9981.6914337558,1018.3085662442008
2556,train,100000,63302.56843110129,36697.43156889871
4372,train,9000,8714.535372011653,285.4646279883473
2039,train,25000,19783.361121336093,5216.638878663907
223,train,12500,11684.664070854016,815.3359291459838
1183,train,18000,24134.505092806572,-6134.505092806572
2301,train,10000,10985.401822220005,-985.4018222200048
1244,train,180000,182718.58103974123,-2718.581039741228
4087,train,18000,17329.886596556622,670.113403443378
2925,train,80000,77099.95518960089,2900.0448103991075
2126,train,10000,9234.51546286058,765.4845371394204
2760,train,38000,34896.216229806574,3103.783770193426
3428,train,16000,18361.00661082431,-2361.006610824312
3008,train,27000,30099.307649732466,-3099.3076497324655
4659,train,12500,13956.520356637953,-1456.5203566379532
3724,train,4000,4285.30092119237,-285.30092119236997
3296,train,13500,14129.425038508023,-629.4250385080231
2172,train,30000,29786.647685114858,213.35231488514182
1463,train,90000,83970.03439680327,6029.9656031967315
662,train,15000,17265.064386452126,-2265.064386452126
3462,train,17000,18358.544945029604,-1358.5449450296037
4641,train,15500,12098.24035956835,3401.75964043165
465,train,20000,17717.553156573715,2282.4468434262853
1683,train,25000,23713.56503041443,1286.4349695855708
4138,train,12000,11044.393406940324,955.606593059676
4132,train,6500,6770.468308322539,-270.4683083225391
2081,train,11000,10844.75084751688,155.24915248312027
1334,train,25000,27409.902084511425,-2409.9020845114246
711,train,15000,15661.581519233308,-661.5815192333084
1823,train,13500,12847.566892459332,652.4331075406681
473,train,15000,13745.447881443077,1254.5521185569232
4059,train,12000,12338.97422844989,-338.9742284498898
3074,train,15000,15683.008599648274,-683.008599648274
3433,train,6000,6366.892361401188,-366.8923614011883
3862,train,32000,32055.286496661418,-55.286496661417914
300,train,35000,27318.128330626616,7681.871669373384
2416,train,50000,51627.82182769888,-1627.8218276988773
1909,train,5500,5993.648038566176,-493.6480385661762
2769,train,16000,14872.464562849895,1127.5354371501053
4607,train,15000,15101.354715721036,-101.35471572103597
3395,train,18000,13171.174059457911,4828.825940542089
24,train,8000,8477.324845793744,-477.3248457937443
3301,train,15000,10118.781443786504,4881.218556213496
2097,train,8500,8321.92379879452,178.07620120548017
450,train,30000,22982.829604240527,7017.170395759473
709,train,300000,189163.31146823821,110836.68853176179
4273,train,8000,9726.142010816862,-1726.1420108168622
2355,train,22000,18412.375686139392,3587.624313860608
114,train,15000,15571.34853013839,-571.3485301383898
923,train,43500,45960.839191215615,-2460.839191215615
2625,train,10000,9508.061219688683,491.9387803113168
1879,train,21000,27024.421097940714,-6024.421097940714
4640,train,15000,14475.336996684508,524.6630033154925
4380,train,25000,22784.9119262826,2215.088073717401
969,train,60000,60560.83769983629,-560.8376998362874
1326,train,850000,618422.683369644,231577.316630356
3392,train,130000,100047.21194637704,29952.788053622964
3612,train,12500,11492.672571808364,1007.3274281916365
4460,train,15000,14383.812578261886,616.1874217381137
790,train,55000,49399.42523688463,5600.574763115372
4358,train,21000,20059.095058495794,940.9049415042064
1887,train,20000,19364.608888825584,635.3911111744164
985,train,22000,23709.60473223431,-1709.604732234311
933,train,65000,59882.501317356844,5117.498682643156
4126,train,6500,6790.133302457066,-290.13330245706584
2253,train,15000,14409.366521085021,590.6334789149787
1308,train,30000,30313.254102997056,-313.2541029970562
4613,train,15000,16366.976062151532,-1366.9760621515325
1295,train,22000,23400.917407535962,-1400.9174075359624
1750,train,12000,10546.520610948744,1453.4793890512556
4429,train,8000,9973.0088762643,-1973.0088762643009
3593,train,8000,8388.660876338685,-388.66087633868483
2153,train,14000,12902.47560321054,1097.5243967894603
3572,train,130000,94013.59794376491,35986.40205623509
3128,train,17000,17438.000198039976,-438.00019803997566
2155,train,20000,20594.965389884102,-594.9653898841025
2621,train,6000,7575.543234340507,-1575.5432343405073
1624,train,11500,11961.167286707061,-461.16728670706107
551,train,25000,23190.550589172653,1809.4494108273466
3966,train,100000,113232.4550135716,-13232.455013571598
1741,train,5000,6094.624985916225,-1094.6249859162253
755,train,42000,43346.01650188512,-1346.0165018851185
645,train,65000,69061.74914545273,-4061.7491454527335
446,train,10000,10332.807624916035,-332.8076249160349
390,train,22000,21567.439743594747,432.5602564052533
4259,train,25000,25445.88809263384,-445.8880926338388
222,train,25000,21033.06248081199,3966.93751918801
869,train,200000,187877.45518936336,12122.544810636638
3528,train,35000,34586.99072700824,413.00927299175964
205,train,15000,13488.387890873826,1511.612109126174
1593,train,16000,14398.705321683143,1601.2946783168572
1370,train,60000,76516.97711372568,-16516.977113725676
2202,train,14500,16459.81631335308,-1959.8163133530797
1613,train,9000,8542.84686434767,457.1531356523301
3246,train,15000,14571.12307392346,428.87692607654026
495,train,10000,8761.26851430492,1238.7314856950798
2380,train,9500,9336.856838160427,163.1431618395727
2477,train,10000,9660.684880094337,339.31511990566287
123,train,8000,8346.043096784886,-346.0430967848861
2297,train,9250,9918.058385752529,-668.0583857525289
1908,train,20000,19315.402684053664,684.5973159463356
359,train,15000,9692.440037677196,5307.5599623228045
4137,train,12500,12087.201329095144,412.7986709048564
2022,train,35000,24534.27792520453,10465.72207479547
1187,train,45000,26797.96545926581,18202.03454073419
3902,train,9000,10034.840951024136,-1034.8409510241363
1736,train,10500,10021.72261401386,478.27738598614087
822,train,93000,104806.7885221093,-11806.788522109302
1251,train,45000,49642.809326686904,-4642.809326686904
3817,train,16000,16265.433418976738,-265.4334189767378
3451,train,15000,14615.166225425617,384.8337745743829
1557,train,9500,9259.184773258428,240.81522674157168
837,train,33003,34777.41736632492,-1774.4173663249167
3617,train,27000,27209.44647572959,-209.44647572959002
4610,train,15000,12591.410995881259,2408.5890041187413
3848,train,70000,86195.96045490132,-16195.960454901317
4110,train,10000,9704.66981180124,295.3301881987609
892,train,25000,24264.36091571712,735.6390842828805
1146,train,32000,24735.46166620272,7264.538333797282
1462,train,45000,46021.90788304073,-1021.9078830407307
831,train,200000,185773.0195362537,14226.980463746295
4716,train,9000,10734.392126959749,-1734.3921269597486
589,train,40000,42411.61503641248,-2411.615036412477
4730,train,25000,23390.282847663027,1609.7171523369725
2366,train,16000,14998.082389522564,1001.917610477436
2274,train,8200,7861.979430939862,338.02056906013786
98,train,18000,16447.625533200993,1552.3744667990068
2115,train,5000,5842.324892102879,-842.324892102879
3701,train,8000,8562.850582654586,-562.8505826545861
3415,train,24000,23386.057871156685,613.942128843315
4104,train,15000,16635.007572431223,-1635.0075724312228
1028,train,180000,174631.8561556768,5368.143844323204
3376,train,38000,35009.94524519801,2990.0547548019895
1219,train,260000,278690.8640498736,-18690.864049873606
4723,train,7000,8062.113736091977,-1062.1137360919774
1693,train,15000,13970.557589853754,1029.4424101462464
4617,train,8500,7770.129836178875,729.8701638211251
1922,train,20000,18824.173661033466,1175.8263389665335
1684,train,7000,7038.811616983264,-38.811616983263775
3602,train,8500,8943.966744011155,-443.96674401115524
1310,train,15000,16924.106930637805,-1924.106930637805
1047,train,95000,112220.61509358208,-17220.615093582077
620,train,40000,42483.646455336144,-2483.646455336144
2734,train,80000,76203.67465921959,3796.325340780415
4329,train,13000,14880.09515111697,-1880.0951511169696
490,train,8000,7819.351588424505,180.64841157549472
1205,train,150000,146807.4329023853,3192.567097614694
1853,train,18500,19705.738461096673,-1205.7384610966728
2537,train,11000,11324.422594442123,-324.4225944421232
250,train,12000,13130.768020062233,-1130.7680200622326
724,train,85000,94978.78991956612,-9978.789919566116
1444,train,36000,28414.076326946848,7585.923673053152
4568,train,16500,15117.887987795788,1382.112012204212
2643,train,6500,6995.320074435275,-495.3200744352753
1160,train,300000,317276.2743420427,-17276.274342042685
3658,train,9000,9540.124581315607,-540.1245813156074
3356,train,11500,11320.632728265655,179.3672717343452
1338,train,21000,20951.287415234987,48.71258476501316
2308,train,20000,20985.8438228131,-985.8438228131017
2875,train,18000,15170.63559807421,2829.36440192579
4694,train,12000,12276.234144145355,-276.23414414535546
3803,train,8500,8919.071680829096,-419.0716808290963
3313,train,45000,41378.16504141605,3621.8349585839533
2390,train,22000,17096.301934355008,4903.698065644992
3534,train,16500,16279.074825018264,220.92517498173584
379,train,40000,37832.34602451368,2167.653975486319
2532,train,15000,14872.464562849895,127.53543715010528
684,train,150000,156037.1703808287,-6037.170380828698
4035,train,9000,9248.149079573339,-248.1490795733389
2475,train,11000,11323.154375441836,-323.15437544183624
36,train,12500,11878.965989211096,621.0340107889042
2642,train,10000,11275.09644187705,-1275.096441877051
1576,train,15000,14863.756037407074,136.24396259292553
2619,train,12500,12327.14318258668,172.85681741331973
3059,train,3000,3500.597225063535,-500.597225063535
3633,train,15000,15204.180428590855,-204.18042859085472
658,train,32000,29525.318410273092,2474.681589726908
463,train,9500,8591.567962612058,908.4320373879418
299,train,20000,17819.21818956117,2180.7818104388316
3323,train,25000,24274.388792271915,725.611207728085
2012,train,25000,28908.27646075412,-3908.276460754121
2503,train,12500,10917.981500924308,1582.0184990756916
3483,train,40000,42129.03549463928,-2129.0354946392836
2733,train,9300,9160.413539829206,139.58646017079445
2583,train,15000,14758.056395143067,241.94360485693323
1249,train,52000,40134.242073121284,11865.757926878716
2135,train,25000,26783.49342730213,-1783.4934273021317
3014,train,6500,8492.574844916942,-1992.5748449169423
3072,train,12000,13354.744675211077,-1354.7446752110773
2134,train,21000,20956.529239012027,43.470760987973335
4330,train,6000,6795.354614037531,-795.3546140375311
1995,train,15000,14681.104237468704,318.895762531296
981,train,23500,23960.275597498792,-460.2755974987922
1167,train,140000,144504.9143805178,-4504.914380517788
1701,train,5000,6375.277542404085,-1375.2775424040847
3868,train,23000,18429.39494465725,4570.6050553427485
540,train,35000,35742.30117589161,-742.3011758916109
919,train,230000,265138.86596334766,-35138.86596334766
4265,train,34000,37124.167610875025,-3124.1676108750253
3142,train,6500,8008.146301549613,-1508.1463015496129
179,train,15000,14214.970204362526,785.0297956374743
3690,train,8500,8572.74216459317,-72.74216459316995
4070,train,17000,18786.10565328574,-1786.1056532857401
1195,train,90000,82021.76619567901,7978.233804320989
1245,train,26000,25107.59148181389,892.4085181861083
216,train,7000,8008.344353232455,-1008.3443532324554
753,train,170000,163200.31419861884,6799.685801381158
3604,train,40000,39672.24792284539,327.75207715461147
4462,train,9000,8403.911639501548,596.088360498452
3496,train,10000,10278.739875394089,-278.7398753940888
1711,train,7500,7317.76733344378,182.23266655621956
1398,train,140000,127214.1544333768,12785.845566623204
4283,train,15000,12931.863790782068,2068.1362092179315
4085,train,16000,14973.64915416539,1026.3508458346096
1213,train,85000,90600.68754135993,-5600.687541359934
3286,train,10000,9245.138890394253,754.8611096057466
2959,train,15000,13004.443933964401,1995.5560660355986
3304,train,15000,13784.825791054483,1215.1742089455165
120,train,6300,6071.090999879928,228.90900012007205
759,train,14000,14820.518882154536,-820.5188821545362
3969,train,24000,23480.29301076186,519.7069892381405
3773,train,7500,7200.852905889428,299.14709411057174
2056,train,22500,20711.29438808348,1788.7056119165209
2620,train,14000,13477.034184551068,522.9658154489316
131,train,6000,6253.3922253156925,-253.39222531569249
2300,train,12000,10223.610784903169,1776.3892150968313
1096,train,110000,111129.98148544642,-1129.9814854464203
2169,train,18000,16379.596403470634,1620.403596529366
4531,train,20000,16031.774278307437,3968.2257216925627
4012,train,130000,108473.86262467345,21526.13737532655
743,train,25000,19984.604386208957,5015.395613791043
3916,train,9000,7936.839817104381,1063.160182895619
3527,train,12000,13023.857559335005,-1023.8575593350051
680,train,30000,29254.824724351074,745.1752756489259
4398,train,8000,8911.03863339794,-911.0386333979404
4033,train,8500,8576.145290230774,-76.14529023077375
2490,train,45000,38136.54403588798,6863.455964112021
2375,train,8000,7809.266173445697,190.73382655430305
2889,train,10000,10045.788729282438,-45.788729282438
2328,train,25000,23340.135040025736,1659.864959974264
797,train,200000,204492.1722323344,-4492.172232334386
4337,train,10000,10271.439072296074,-271.4390722960743
2800,train,12000,12218.77971395826,-218.7797139582599
4478,train,9000,9740.186005557618,-740.186005557618
467,train,7500,8068.1361670241195,-568.1361670241195
1169,train,65000,71345.14043245214,-6345.140432452143
2616,train,14000,10747.545182902833,3252.4548170971666
2624,train,8000,14275.307538022593,-6275.307538022593
3826,train,15000,15457.082793608839,-457.082793608839
4500,train,30000,31575.75837733416,-1575.7583773341612
1883,train,7500,7459.137896410677,40.86210358932294
208,train,18000,16982.455467656575,1017.5445323434251
281,train,6500,6482.161395754377,17.838604245623173
492,train,20000,15070.980784093419,4929.019215906581
4704,train,35000,32959.124057100125,2040.8759428998746
2828,train,15000,17315.221085493064,-2315.2210854930636
3373,train,35000,33865.02773863147,1134.9722613685299
3106,train,15000,14720.537008791625,279.46299120837466
2350,train,8000,8357.340710757373,-357.340710757373
1110,train,180000,163141.868921957,16858.131078042992
1182,train,55000,61050.23195280574,-6050.2319528057415
1603,train,12000,12131.019512498146,-131.01951249814556
2251,train,18500,16131.765094570892,2368.234905429108
4714,train,17000,14082.456080674023,2917.543919325977
1441,train,65000,66171.3036245691,-1171.3036245691037
2817,train,30000,32591.113886829364,-2591.1138868293638
512,train,11000,9398.8714801817,1601.1285198182995
1076,train,45000,52095.166096621906,-7095.166096621906
1889,train,13000,12764.33446737041,235.6655326295895
3955,train,12500,12510.752398840752,-10.752398840751994
2689,train,30000,26287.207598457237,3712.7924015427634
507,train,5000,4680.609773800368,319.3902261996318
1813,train,60000,54642.69515692983,5357.304843070167
2523,train,15000,14447.782540848131,552.2174591518688
3237,train,4500,4860.762745100223,-360.7627451002227
1605,train,36000,35131.22718086234,868.7728191376591
2032,train,9000,9586.116580434089,-586.116580434089
3175,train,18000,16300.48665938642,1699.5133406135792
1306,train,140000,153316.8404088138,-13316.84040881379
3941,train,28000,28084.86962714826,-84.86962714825859
2386,train,3500,3881.469870118426,-381.4698701184261
4533,train,14000,13307.185509843175,692.8144901568248
497,train,10000,10194.071983330172,-194.07198333017186
3485,train,8000,7758.300979388851,241.69902061114863
3378,train,7500,7359.334480393676,140.66551960632387
3438,train,12500,12181.759598080731,318.24040191926906
3540,train,72000,63810.90604304728,8189.093956952718
249,train,6000,6780.630811684013,-780.6308116840128
954,train,40000,32114.80897004527,7885.191029954731
1649,train,22000,21782.025142779017,217.9748572209828
1415,train,25000,24631.51665352183,368.48334647816955
4254,train,15000,14030.26482882787,969.7351711721294
45,train,10000,11194.32427355726,-1194.3242735572603
1132,train,75000,88048.89035710295,-13048.890357102951
3209,train,14000,12789.842855554456,1210.157144445544
3493,train,60000,51762.34265646417,8237.65734353583
3484,train,25000,23698.53980488452,1301.46019511548
2392,train,11000,10399.358886289658,600.6411137103423
94,train,20000,16796.96530175374,3203.0346982462615
3897,train,11000,10772.73069821184,227.26930178815928
4324,train,52000,59347.38204694782,-7347.382046947823
1387,train,210000,234898.0029280011,-24898.002928001108
1700,train,6000,6121.077864021347,-121.07786402134661
4473,train,8000,9163.197859519734,-1163.1978595197343
4413,train,10000,12438.33671685013,-2438.33671685013
3787,train,80000,86116.101881713,-6116.101881712995
2400,train,16000,13032.425725487898,2967.5742745121024
3007,train,12000,12165.117637454028,-165.11763745402823
3641,train,11000,11909.411647540539,-909.411647540539
3659,train,18000,17049.300120928998,950.6998790710022
1816,train,11000,11348.996713975097,-348.996713975097
626,train,180000,201393.44515888023,-21393.445158880233
3588,train,18000,14151.965398121605,3848.034601878395
548,train,8000,10851.020991356489,-2851.0209913564886
4586,train,37000,39292.31649167878,-2292.316491678779
1443,train,55000,54131.73954700591,868.2604529940872
2807,train,15000,14251.439097299348,748.5609027006522
4167,train,85000,79154.93870573632,5845.06129426368
73,train,6500,6759.925340256827,-259.92534025682744
2498,train,25000,20378.521086997007,4621.478913002993
2679,train,35000,29963.91481722357,5036.085182776431
980,train,40000,46060.55191235107,-6060.551912351068
1532,train,50000,46211.79991745212,3788.2000825478826
2128,train,13000,13924.498979617058,-924.4989796170576
971,train,130000,164849.11112017903,-34849.11112017903
4013,train,27000,28340.098636843373,-1340.0986368433732
195,train,6000,6242.3921649876775,-242.39216498767746
260,train,25000,30627.50583532128,-5627.505835321281
1224,train,60000,59078.51013888833,921.4898611116732
162,train,3500,3562.3329306813393,-62.33293068133935
651,train,17500,22009.3108275728,-4509.310827572801
3584,train,22000,21516.861603265173,483.13839673482653
3900,train,23382,24434.03375041782,-1052.0337504178206
3998,train,18000,18352.306816434142,-352.3068164341421
4390,train,20000,16245.285971491627,3754.7140285083733
2935,train,14000,17047.98665092851,-3047.9866509285093
686,train,160000,136414.47203262924,23585.527967370756
1668,train,15000,15657.832353990807,-657.832353990807
2666,train,8500,9911.699384739619,-1411.6993847396188
3490,train,8500,9579.10495913748,-1079.1049591374795
3032,train,150000,116473.35905374102,33526.64094625898
4047,train,45000,51149.905318179444,-6149.905318179444
1342,train,18000,19718.977935933493,-1718.9779359334934
1348,train,140000,104396.03744734058,35603.96255265942
902,train,8000,10637.335688742747,-2637.335688742747
3314,train,22000,20591.09473725031,1408.9052627496894
913,train,21000,22466.365414318854,-1466.3654143188542
2574,train,45000,44042.70811545598,957.2918845440217
1293,train,33000,32204.24361299396,795.7563870060403
4228,train,16000,13766.050472815487,2233.9495271845135
153,train,20000,21349.032573930028,-1349.0325739300279
2974,train,9000,8253.550878624063,746.4491213759375
4656,train,20000,16093.32563911969,3906.67436088031
586,train,38000,40743.76390329036,-2743.7639032903608
3492,train,11000,10806.613539808799,193.38646019120097
1207,train,40000,29184.012496266703,10815.987503733297
1450,train,14000,14624.556313562078,-624.5563135620778
3639,train,10000,11118.852522435933,-1118.8525224359328
4578,train,15000,18270.706614601688,-3270.7066146016878
3344,train,8500,9546.666029016078,-1046.666029016078
3847,train,40000,59300.76254287356,-19300.762542873563
4024,train,15000,14254.856899016142,745.143100983858
3671,train,11000,10865.211145903617,134.78885409638315
3226,train,38000,31252.329353393383,6747.670646606617
829,train,75000,59022.09898154719,15977.901018452809
1133,train,45000,54936.96423391154,-9936.964233911538
2737,train,13000,11982.342804285889,1017.6571957141114
4115,train,18000,16690.932090637933,1309.0679093620674
3548,train,8500,9314.748335351735,-814.7483353517346
997,train,39000,41709.894598587525,-2709.8945985875253
276,train,5000,5454.042003208063,-454.04200320806285
601,train,70000,76599.8360958461,-6599.836095846098
3203,train,80000,73886.6776879731,6113.322312026896
2360,train,6000,6931.434762154314,-931.4347621543138
3912,train,25000,22321.444005137095,2678.555994862905
2293,train,9000,8124.648100384975,875.3518996150251
1745,train,5500,5991.140564176709,-491.1405641767087
11,train,5000,5494.542010041598,-494.5420100415977
3476,train,13000,13389.923620548434,-389.923620548434
1420,train,75000,67179.70017973213,7820.299820267872
554,train,23000,26976.520529351044,-3976.5205293510444
1268,train,43000,45022.855005850855,-2022.8550058508554
4671,train,18000,18197.66402418194,-197.66402418194048
1643,train,20000,19449.80031512332,550.1996848766794
4327,train,7000,9031.67297043205,-2031.6729704320496
2515,train,85000,74080.29613084934,10919.70386915066
2941,train,10000,8381.090715332115,1618.909284667885
948,train,45000,46232.91604790355,-1232.916047903549
3379,train,12500,12759.383882553586,-259.38388255358586
1480,train,680000,493063.9442182087,186936.05578179128
3464,train,22000,21387.36939203823,612.6306079617716
2125,train,20000,19106.869203918377,893.130796081623
2285,train,24000,21580.07087027942,2419.929129720578
1315,train,40000,40461.31406233619,-461.31406233619055
983,train,110000,115215.96468676199,-5215.964686761989
3387,train,15000,13542.619223977514,1457.3807760224863
2814,train,70000,55448.28627449075,14551.713725509253
2780,train,33000,35272.49724195415,-2272.497241954152
2771,train,9000,8946.31969666857,53.68030333142997
2017,train,15000,11516.867078321471,3483.132921678529
2152,train,75000,56263.39544105103,18736.604558948973
3109,train,75000,56024.354465216435,18975.645534783565
3363,train,12000,11806.370773629647,193.62922637035263
1366,train,90000,83331.3878628949,6668.612137105098
414,train,8500,9071.856960465455,-571.8569604654549
2658,train,29000,30805.963880357336,-1805.9638803573362
2137,train,13000,14280.366308801047,-1280.3663088010471
1033,train,400000,320106.7274106923,79893.27258930769
2549,train,10000,13651.956300716305,-3651.956300716305
950,train,160000,181372.4530761791,-21372.45307617911
4004,train,9000,8113.535911779673,886.4640882203266
4113,train,9000,9876.128228042902,-876.1282280429023
1208,train,52000,56798.16179108312,-4798.161791083119
1014,train,44000,48210.85156178937,-4210.851561789372
4080,train,18000,17936.114344628633,63.88565537136674
2398,train,350000,154976.95474925768,195023.04525074232
2420,train,13000,14182.349537232038,-1182.3495372320376
4231,train,10000,9959.844339356203,40.15566064379709
113,train,12000,10764.264999339472,1235.7350006605284
2500,train,22000,22704.656119503263,-704.6561195032627
2489,train,8000,9421.88105350966,-1421.88105350966
809,train,55000,63837.641190491166,-8837.641190491166
1447,train,170000,192008.6749811888,-22008.674981188786
835,train,40000,36253.05767270078,3746.942327299221
3232,train,7000,5994.624687518513,1005.3753124814866
3596,train,9800,11515.031671287199,-1715.031671287199
4083,train,14000,12886.808793985876,1113.191206014124
3160,train,12000,12538.102177777711,-538.1021777777114
27,train,6000,7183.184921975804,-1183.1849219758042
4109,train,6500,6871.166733088067,-371.1667330880673
3709,train,20000,24090.022856268766,-4090.022856268766
1949,train,22000,19618.400000738056,2381.5999992619436
4039,train,17000,16684.88428876217,315.1157112378314
3719,train,12000,12189.678106666981,-189.67810666698097
2221,train,18000,16965.589193092426,1034.4108069075737
1719,train,7000,6971.244913645833,28.75508635416736
3381,train,16000,15537.54162049671,462.4583795032904
1971,train,10000,11067.394190163172,-1067.3941901631715
2306,train,8000,8121.845507555167,-121.84550755516739
2110,train,8500,9633.320241217909,-1133.320241217909
3297,train,29000,26143.540120474157,2856.4598795258426
4051,train,15000,13584.623176669915,1415.3768233300852
2681,train,30000,37041.50984480567,-7041.509844805667
3019,train,8000,8608.77529734411,-608.7752973441093
2189,train,28000,29067.74981372706,-1067.7498137270595
3767,train,6000,6114.143299167455,-114.14329916745464
294,train,10000,11193.106125654262,-1193.1061256542616
115,train,14000,14012.882769214159,-12.882769214158543
4016,train,10000,10771.912353943584,-771.9123539435841
2447,train,5500,6154.649853300061,-654.6498533000613
2037,train,10000,9269.097442570872,730.9025574291281
3930,train,20000,20097.611244861288,-97.61124486128756
4362,train,13000,13182.127497460458,-182.12749746045847
3799,train,15000,15064.82471493318,-64.82471493318008
1029,train,180000,166028.48875675283,13971.511243247165
88,train,6500,6708.694724148315,-208.6947241483149
900,train,180000,165111.76238834296,14888.237611657038
1309,train,85000,75424.53386565605,9575.466134343951
4065,train,8000,9607.921668876395,-1607.9216688763954
2147,train,39000,38802.63525745414,197.3647425458621
3509,train,110000,67092.65136613714,42907.34863386286
1371,train,49000,50285.211382013935,-1285.2113820139348
552,train,14000,18159.31697944738,-4159.31697944738
1692,train,10000,9762.299323388086,237.70067661191388
989,train,150000,138700.63214192205,11299.367858077952
3361,train,16000,16354.13822057955,-354.13822057955076
646,train,80000,57024.995151218616,22975.004848781384
2243,train,4700,5446.828930365173,-746.8289303651727
2058,train,12000,12919.233910609604,-919.2339106096042
1591,train,8000,7289.141742744885,710.858257255115
3728,train,10000,10062.16775724305,-62.1677572430508
4171,train,10000,10945.531949465436,-945.5319494654359
2591,train,30000,30109.403621817197,-109.40362181719684
4621,train,11500,10888.82021683496,611.1797831650401
739,train,65000,58760.48596611924,6239.514033880761
4169,train,14000,13519.15654189004,480.8434581099591
3806,train,5000,5867.978006679467,-867.9780066794674
1108,train,24000,26268.23469886578,-2268.234698865781
2849,train,25000,20870.757126656954,4129.242873343046
4660,train,140000,145251.7706814761,-5251.770681476104
726,train,150000,179230.3960964733,-29230.396096473298
2070,train,8000,9940.176941674456,-1940.1769416744555
2543,train,6000,7284.702413184561,-1284.702413184561
4238,train,8500,10350.020805220654,-1850.0208052206544
4249,train,12000,9714.329652197544,2285.6703478024556
3469,train,9000,10079.63075741537,-1079.6307574153707
2851,train,14000,13918.698733462184,81.30126653781554
2151,train,17500,20870.62972477027,-3370.6297247702714
2395,train,11000,12935.726942897873,-1935.7269428978725
2547,train,45000,28288.914982003174,16711.085017996826
1640,train,15000,15568.568161270681,-568.5681612706812
3770,train,16000,17755.662522195806,-1755.6625221958056
4212,train,12500,12544.016879253859,-44.01687925385886
3935,train,18000,16130.3204739249,1869.6795260751005
400,train,6000,6448.090773922872,-448.09077392287236
59,train,8500,10258.316561624157,-1758.3165616241567
563,train,40000,45912.47986812146,-5912.47986812146
3890,train,10500,10197.05761840632,302.9423815936807
775,train,36000,40210.50911596569,-4210.509115965688
1737,train,6000,6292.359942441604,-292.3599424416043
4359,train,95000,84968.153053263,10031.846946737001
1454,train,55000,58087.60839346171,-3087.6083934617127
2785,train,23000,23409.87451119592,-409.8745111959215
2980,train,90000,90759.81041527573,-759.8104152757296
1652,train,15000,12612.211974247783,2387.7880257522174
4576,train,15000,14247.5360604054,752.4639395945997
2779,train,20000,22285.000124473292,-2285.000124473292
3425,train,14000,14193.676431793187,-193.67643179318657
4674,train,19000,18376.92053937794,623.0794606220588
2898,train,11000,10635.256990587408,364.7430094125921
2604,train,21000,27078.896523779425,-6078.8965237794255
523,train,25000,22887.9923231409,2112.007676859099
3409,train,20000,19897.91187603145,102.08812396855137
2141,train,15000,15499.900902800984,-499.9009028009841
4720,train,13000,13852.8071391821,-852.8071391820995
1086,train,200000,164222.13951635847,35777.86048364153
286,train,12000,10144.879184958925,1855.1208150410748
1992,train,8500,10566.515729432665,-2066.5157294326655
1841,train,12000,11836.322412228084,163.67758777191557
2282,train,6500,6810.935849384864,-310.935849384864
1416,train,75000,72617.21650235674,2382.783497643264
1452,train,7000,10594.750719256403,-3594.7507192564026
4055,train,25000,25578.39520748634,-578.395207486341
2766,train,10000,10888.533476100445,-888.5334761004451
967,train,32000,34014.83210718544,-2014.832107185437
4135,train,14000,14982.684300500192,-982.684300500192
2975,train,9000,10215.889999616056,-1215.8899996160562
2683,train,13000,15219.548308568512,-2219.548308568512
3347,train,7000,6686.470376144041,313.52962385595856
650,train,250000,256800.63400575766,-6800.63400575766
1650,train,6000,5974.051980239683,25.948019760317038
4727,train,15000,17015.593094002506,-2015.5930940025064
3669,train,13500,10899.72596086379,2600.2740391362095
5,train,7000,7055.188815252611,-55.188815252610766
2294,train,7500,10243.39673386753,-2743.39673386753
4438,train,7000,7477.386758401027,-477.3867584010268
58,train,7000,8239.070842283862,-1239.0708422838616
2649,train,7000,7443.19042586011,-443.1904258601098
754,train,29999,29461.388605826527,537.611394173473
3522,train,15000,12975.360688613899,2024.6393113861013
4310,train,9000,9059.227133834838,-59.22713383483824
2101,train,18000,18112.28100446204,-112.28100446203825
3321,train,20000,22095.022365955065,-2095.0223659550647
1406,train,45000,49644.02530323953,-4644.025303239527
2511,train,45000,32601.45422722376,12398.54577277624
26,train,5300,5623.6740892609405,-323.6740892609405
4043,train,12000,11652.137762022247,347.86223797775347
4026,train,20000,17551.26493266592,2448.7350673340807
1843,train,15000,15629.869111007454,-629.8691110074542
315,train,8000,9079.660785959286,-1079.660785959286
3489,train,15000,14425.801308725397,574.1986912746033
660,train,47000,44187.99111725466,2812.0088827453365
2593,train,19500,18869.869294704335,630.1307052956654
325,train,14000,12937.176704612144,1062.823295387856
4481,train,15000,16612.37886084204,-1612.37886084204
1394,train,12000,12129.122108585389,-129.12210858538856
1233,train,55000,57929.95105457223,-2929.9510545722296
4651,train,22000,27387.54580967465,-5387.5458096746515
2710,train,16500,16294.740409453687,205.25959054631312
1189,train,12500,13334.545931479068,-834.5459314790678
678,train,32000,27036.01731892689,4963.98268107311
536,train,49000,32940.626230456626,16059.373769543374
2829,train,20000,20607.040888632684,-607.0408886326841
2914,train,150000,144775.19589828787,5224.804101712129
2336,train,120000,84976.25287483702,35023.747125162976
1002,train,190000,200314.61595436247,-10314.615954362467
2578,train,12000,10931.453388007234,1068.546611992766
2854,train,10000,9879.69453301206,120.30546698794024
4573,train,6500,7866.652800033086,-1366.6528000330864
4244,train,6000,7324.694912608951,-1324.6949126089512
2067,train,30000,37293.491645114904,-7293.491645114904
2225,train,110000,77806.8365401171,32193.163459882897
49,train,15000,14670.200337306833,329.7996626931672
2540,train,15000,15224.305270584246,-224.3052705842456
3994,train,9000,8634.308681179815,365.6913188201852
3510,train,8500,7510.0526436164355,989.9473563835645
2983,train,15000,15310.869220484503,-310.8692204845029
1421,train,350000,265264.7655583324,84735.23444166762
4399,train,55000,41151.83192514906,13848.168074850939
460,train,12500,12232.676635648775,267.3233643512249
2759,train,15000,14089.70722083908,910.29277916092
3120,train,8500,12236.805116005198,-3736.805116005198
2481,train,150000,120293.29415898239,29706.70584101761
3915,train,6500,7621.782581838735,-1121.7825818387346
2199,train,19500,17705.249088809574,1794.7509111904255
4112,train,12000,12413.352393294306,-413.35239329430624
3042,train,30000,30122.424110689844,-122.42411068984438
3327,train,13000,12208.111938960828,791.8880610391716
3292,train,14000,13796.65301328023,203.34698671976912
3182,train,20000,16325.233289711685,3674.766710288315
1869,train,15000,17475.503818303805,-2475.503818303805
3368,train,10000,9934.39120368671,65.60879631329044
2469,train,45000,35640.239443929866,9359.760556070134
119,train,14000,12669.26720896576,1330.7327910342392
3730,train,19397,19339.00728982904,57.9927101709618
367,train,21000,21109.009192368383,-109.00919236838308
1986,train,17000,13216.114957934662,3783.885042065338
1912,train,9300,9530.03514555986,-230.0351455598593
3651,train,8000,8617.0114484877,-617.0114484876995
2099,train,8000,8325.14288686509,-325.14288686508917
116,train,5000,4417.333377631579,582.6666223684206
3958,train,50000,52329.99379940945,-2329.9937994094507
3111,train,6500,6683.766286599191,-183.7662865991906
3521,train,30000,31722.27577500615,-1722.27577500615
3865,train,10677,11243.424226193996,-566.4242261939962
4626,train,45000,47193.91512630006,-2193.9151263000604
649,train,18000,20406.718341091844,-2406.718341091844
1519,train,54000,53523.26138056062,476.73861943937663
3697,train,12000,13462.787855869123,-1462.7878558691227
1081,train,300000,286440.74192980665,13559.258070193348
2211,train,12000,12589.131167759802,-589.1311677598023
3372,train,16500,19348.37122607707,-2848.37122607707
1391,train,27000,34047.80918176087,-7047.809181760873
1811,train,23000,20340.477831980606,2659.5221680193936
2063,train,12500,10118.430755720728,2381.5692442792715
3467,train,10000,12502.404108980656,-2502.404108980656
4198,train,15000,14908.100768598219,91.89923140178144
2156,train,12000,13134.127567033122,-1134.1275670331215
3570,train,15000,15765.69803506776,-765.6980350677604
1654,train,10000,10585.274673445372,-585.2746734453722
4056,train,36000,25586.346833539534,10413.653166460466
615,train,60000,52526.876043676915,7473.123956323085
4314,train,19500,19726.210450469254,-226.21045046925428
4687,train,30000,48983.133062445006,-18983.133062445006
3946,train,12500,13241.905848336333,-741.9058483363333
3043,train,10000,11018.826063245966,-1018.826063245966
509,train,6000,5987.724359170147,12.275640829852819
4424,train,35000,37497.49744632355,-2497.4974463235485
3173,train,10000,10841.280681735547,-841.2806817355468
1357,train,75000,81659.63323043521,-6659.633230435211
947,train,40000,47634.57143773282,-7634.571437732819
912,train,100000,52697.50691297663,47302.49308702337
532,train,130000,144365.7766144152,-14365.776614415197
3342,train,18999,18366.8788884841,632.1211115158985
3055,train,6000,7007.940917013093,-1007.940917013093
1688,train,22000,21466.606435018257,533.3935649817431
3034,train,15000,13899.92300128131,1100.0769987186904
2947,train,12000,12463.660448880148,-463.66044888014767
447,train,12000,14270.147328932193,-2270.147328932193
3542,train,17000,17254.09339662172,-254.09339662171988
3918,train,12500,14138.79989484809,-1638.7998948480908
2611,train,20500,20414.24553283574,85.75446716426086
624,train,150000,150171.63418704565,-171.63418704565265
87,train,22000,20331.078863392155,1668.9211366078453
1612,train,13500,13088.60593454178,411.3940654582202
1906,train,160000,148376.6837450563,11623.316254943697
3700,train,160000,120172.07618374005,39827.92381625995
2691,train,14500,13691.705062941679,808.294937058321
2424,train,27000,27849.458370267563,-849.4583702675627
789,train,180000,164081.21036367078,15918.789636329224
2932,train,10000,11259.429259322991,-1259.4292593229911
1536,train,15000,14118.837294280098,881.1627057199021
4152,train,120000,110483.71946399643,9516.28053600357
1050,train,30000,34863.63107978201,-4863.6310797820115
4698,train,25000,18443.794180294768,6556.205819705232
4464,train,6500,7364.5820168571445,-864.5820168571445
2337,train,7000,7201.9145973602435,-201.91459736024353
864,train,18000,19492.16995197963,-1492.1699519796312
2000,train,32000,21094.101394573678,10905.898605426322
2784,train,10000,11206.446584804335,-1206.4465848043346
4162,train,7000,8638.453955252762,-1638.4539552527622
382,train,6500,5874.206913121002,625.7930868789981
2086,train,17500,14081.013047693512,3418.986952306488
1712,train,14000,13706.254845950962,293.7451540490383
68,train,6500,6968.574091744436,-468.5740917444364
1863,train,20000,18230.75113332948,1769.2488666705212
2159,train,12000,12221.25342097336,-221.25342097336033
1601,train,55000,52824.57819402393,2175.421805976068
4040,train,9000,9844.803830361341,-844.8038303613412
926,train,77500,73422.68161324563,4077.3183867543703
4272,train,45000,46224.1751491402,-1224.1751491402028
602,train,150000,139515.88692237897,10484.113077621034
77,train,5000,5653.932612567053,-653.9326125670532
2315,train,7000,7227.062553115646,-227.06255311564564
478,train,18000,18047.91314037453,-47.913140374530485
3266,train,35000,32755.811648042905,2244.1883519570947
2188,train,12500,12507.731353541352,-7.731353541352291
4708,train,20000,20499.915060467207,-499.9150604672068
4711,train,17000,15741.569039763708,1258.4309602362919
1785,train,9000,8937.798161063887,62.201838936112836
371,train,7000,7339.443206614231,-339.4432066142308
1392,train,26000,22422.024558579968,3577.9754414200324
1316,train,650000,560762.0834377976,89237.91656220239
3242,train,15000,16541.97005372237,-1541.970053722369
1695,train,56000,58482.600386294835,-2482.6003862948346
2399,train,16000,15993.361491574327,6.638508425672626
895,train,45000,44020.974594396444,979.0254056035556
1827,train,10000,10318.651422538267,-318.65142253826707
4015,train,13000,13117.087869452613,-117.08786945261272
1749,train,15000,16623.49860499146,-1623.4986049914587
2309,train,12500,11818.246170251577,681.7538297484225
1799,train,6500,6989.10961794353,-489.1096179435299
3239,train,10000,9159.995623675362,840.0043763246376
2123,train,25000,23011.525025289888,1988.4749747101123
1217,train,58000,64970.071130563476,-6970.071130563476
283,train,10000,9223.810685896773,776.1893141032269
133,train,4700,4932.4914895218,-232.49148952179985
1855,train,8000,7588.554167990459,411.44583200954094
3959,train,40000,40498.625990696775,-498.62599069677526
908,train,32000,32191.12625609287,-191.12625609286988
2826,train,20000,18818.047776602503,1181.9522233974967
731,train,40000,35986.764372745216,4013.235627254784
3224,train,12000,12258.632610839937,-258.6326108399371
3606,train,12000,10374.601941939005,1625.398058060995
1969,train,18000,16423.01766834631,1576.9823316536895
3434,train,20000,18658.80655696333,1341.193443036671
3450,train,5000,5638.708826023815,-638.7088260238152
4665,train,14000,12777.29229338511,1222.7077066148904
2036,train,12000,10799.256683033229,1200.743316966771
4350,train,26000,23837.883566701563,2162.116433298437
4068,train,8000,8548.12184076946,-548.1218407694596
888,train,35000,38429.776868772686,-3429.7768687726857
1283,train,21000,22506.49931765884,-1506.4993176588396
4636,train,12000,12978.03917826597,-978.0391782659699
15,train,40000,28801.585773784467,11198.414226215533
1000,train,25000,23264.265755090102,1735.7342449098978
3205,train,23000,23315.322260989502,-315.32226098950196
4099,train,5400,5611.6659492390945,-211.66594923909452
403,train,5000,5760.0206891789185,-760.0206891789185
847,train,300000,358246.2979112329,-58246.29791123292
2445,train,23000,17042.61545239763,5957.384547602371
1669,train,11500,10129.430691773254,1370.5693082267462
4445,train,6000,5944.006301528658,55.99369847134221
350,train,5500,6438.974194693981,-938.9741946939812
278,train,6500,5505.096916901093,994.9030830989068
375,train,9900,9442.846550389044,457.15344961095616
3620,train,45000,39822.10498613978,5177.895013860223
358,train,12000,10474.936728868253,1525.0632711317467
644,train,55000,52682.67834575456,2317.3216542454393
617,train,84500,78210.2248859563,6289.775114043703
1655,train,21000,19302.51857553319,1697.4814244668087
2961,train,40000,34917.596706830744,5082.403293169256
3090,train,15000,16756.231468436752,-1756.231468436752
2317,train,11000,10297.47710709547,702.5228929045297
3508,train,6800,6735.233020914636,64.76697908536426
879,train,28000,28591.208416996895,-591.2084169968948
2942,train,35000,33523.091315398844,1476.908684601156
3216,train,7000,7551.311655812943,-551.3116558129432
2731,train,18000,18606.93374664168,-606.93374664168
4227,train,12000,12317.365614095133,-317.3656140951334
3275,train,23000,24866.633474682087,-1866.6334746820867
4440,train,9000,10498.944996060267,-1498.944996060267
3670,train,26000,21437.93466041555,4562.065339584449
2577,train,25000,23317.079893298458,1682.920106701542
2038,train,25000,21361.112993297244,3638.8870067027565
4447,train,21000,17947.736485548416,3052.2635144515843
407,train,35000,35402.98197053142,-402.9819705314221
3996,train,8000,9235.264367884236,-1235.264367884236
1730,train,29000,28754.820681614714,245.17931838528602
387,train,6000,6746.474781787727,-746.4747817877269
1781,train,20000,21217.442751037674,-1217.4427510376736
3702,train,6000,6251.0481834193315,-251.0481834193315
4683,train,8000,8983.821606374091,-983.8216063740911
2510,train,11500,11432.140719068078,67.8592809319216
1764,train,4500,5363.983121898219,-863.983121898219
4419,train,6000,5964.907360717676,35.092639282323944
474,train,7000,7408.387334294506,-408.3873342945062
3339,train,12000,9095.762155905797,2904.237844094203
2235,train,12000,12328.923654683318,-328.9236546833181
1042,train,14000,14550.46288193842,-550.4628819384197
3828,train,70000,69476.25378776611,523.7462122338911
3093,train,15000,14839.739966397996,160.2600336020041
738,train,55100,55726.058914993046,-626.0589149930456
2412,train,20000,16685.12208639864,3314.877913601362
3810,train,28000,21365.515617644156,6634.484382355844
273,train,15000,10813.180147774703,4186.819852225297
4693,train,12000,12082.172382142058,-82.17238214205827
4384,train,13000,14581.264346079739,-1581.264346079739
1458,train,27000,27254.77699737198,-254.77699737198054
943,train,15000,19792.942877360005,-4792.942877360005
3194,train,16000,15963.735684730415,36.264315269585495
1664,train,20000,18371.48814727267,1628.5118527273298
134,train,14000,11940.23040648469,2059.7695935153097
3236,train,7000,6934.647154551805,65.35284544819478
1171,train,54000,52190.20989602274,1809.7901039772623
1818,train,10000,12962.27347117292,-2962.273471172921
413,train,6800,7010.995533446325,-210.99553344632477
1273,train,65000,62340.29211956359,2659.7078804364064
2266,train,15000,14932.9498197671,67.05018023289995
511,train,5000,5898.3651838222295,-898.3651838222295
2966,train,18000,18089.57086135335,-89.57086135334976
3171,train,11500,12535.1090277757,-1035.1090277756994
569,train,65000,58370.6701925741,6629.3298074259
524,train,70000,71337.65933861917,-1337.659338619167
3646,train,12000,13608.922559473765,-1608.9225594737654
1966,train,10000,10216.757504688792,-216.75750468879232
4205,train,7500,9024.682181370283,-1524.6821813702827
2981,train,200000,183557.42872254702,16442.571277452982
825,train,55000,59128.06326687441,-4128.063266874407
2595,train,25000,19908.389307582373,5091.610692417627
3992,train,9500,10503.479340800366,-1003.4793408003661
2638,train,45000,44963.66804001099,36.33195998900919
3276,train,11000,10708.192788726512,291.80721127348806
394,train,8500,8588.843712238666,-88.84371223866583
81,train,8200,7106.854221516953,1093.1457784830473
3975,train,10000,10166.61711693067,-166.61711693067082
3049,train,15000,10539.160654418492,4460.839345581508
1615,train,12000,11797.78963564151,202.21036435849055
72,train,16000,15012.57534822639,987.4246517736101
2716,train,8000,9375.969035851827,-1375.9690358518274
3047,train,30000,27524.4957698031,2475.5042301969006
2087,train,6500,7319.251541009235,-819.2515410092346
2971,train,12000,12911.490375624218,-911.4903756242184
3170,train,25000,24077.052987383966,922.947012616034
3878,train,13000,13356.642581868073,-356.64258186807274
1089,train,6000,7438.994123294436,-1438.9941232944357
29,train,12500,12166.526629360276,333.4733706397237
3114,train,15000,13140.169085137382,1859.8309148626176
3300,train,8200,8810.744661822091,-610.7446618220911
339,train,7500,7803.8130952699,-303.81309526990026
3421,train,6000,7731.104901585282,-1731.1049015852823
1125,train,14000,15910.092531702467,-1910.0925317024667
2072,train,8000,7962.51776498222,37.48223501778011
3616,train,17500,16801.74647147421,698.2535285257909
1748,train,8500,8336.13884799396,163.86115200604036
550,train,20000,23327.871739847127,-3327.871739847127
3287,train,7000,9448.584944852146,-2448.584944852146
2205,train,280000,162934.1394304048,117065.86056959521
785,train,85000,58684.05033364786,26315.949666352142
2124,train,14000,14313.413685170335,-313.41368517033516
84,train,6700,7421.989522860052,-721.9895228600517
2504,train,15000,16601.773610392003,-1601.7736103920033
1633,train,20000,16630.746764403277,3369.2532355967232
3073,train,75000,61230.88490769527,13769.115092304732
2743,train,530000,353959.4782711373,176040.52172886272
2761,train,50000,44992.36337438537,5007.636625614628
2181,train,9500,10084.422931307052,-584.4229313070518
2973,train,31000,29897.418453600905,1102.5815463990948
2455,train,5000,5794.296507308445,-794.2965073084451
1163,train,40000,43179.90926935628,-3179.909269356278
2289,train,4000,4577.936818416386,-577.9368184163859
4253,train,11000,11861.784194220532,-861.7841942205323
3515,train,17000,17404.80215546346,-404.80215546346153
4114,train,60000,62238.1340945836,-2238.134094583598
1540,train,12000,12073.657050393815,-73.65705039381464
3513,train,10000,11435.110126608755,-1435.1101266087553
4692,train,7500,8326.330500025762,-826.3305000257624
1470,train,80000,79220.04637584576,779.9536241542373
2068,train,25000,23130.41165016711,1869.5883498328913
3432,train,10500,10869.699082987781,-369.69908298778137
679,train,150000,148738.07591723985,1261.9240827601461
2633,train,22000,16735.647064474026,5264.352935525974
2915,train,13000,14118.989460387636,-1118.9894603876364
543,train,21000,24808.804913299762,-3808.804913299762
1793,train,30000,30697.51335486564,-697.5133548656413
2402,train,8000,8524.157799603208,-524.1577996032083
940,train,36000,30237.288918950715,5762.711081049285
352,train,7000,7515.4382320806435,-515.4382320806435
1023,train,45000,47267.03951680793,-2267.0395168079267
786,train,75000,76192.32163354795,-1192.321633547952
1964,train,6500,6817.247105663457,-317.24710566345675
3051,train,20000,17750.90554679869,2249.094453201309
2647,train,5500,7971.570473810741,-2471.5704738107406
3520,train,8000,8472.7684386999,-472.7684386999008
2866,train,8000,9825.77551484243,-1825.7755148424294
4136,train,25000,24168.86427869331,831.1357213066913
1031,train,20000,18683.703577813267,1316.2964221867333
2472,train,9000,9142.938707901956,-142.93870790195615
284,train,1500,2236.348129214723,-736.348129214723
3721,train,16000,18126.101674700556,-2126.101674700556
4554,train,7500,8507.360452632322,-1007.3604526323215
1667,train,14500,14937.19297912186,-437.19297912186084
2627,train,25000,23396.53739456189,1603.4626054381115
2880,train,7000,7092.017095113678,-92.0170951136779
2076,train,6000,7715.434414284107,-1715.4344142841073
4052,train,5500,6122.6681926906895,-622.6681926906895
4048,train,20000,19603.009522125743,396.9904778742566
3656,train,16000,16560.860425768064,-560.8604257680636
2260,train,100000,79437.4121046997,20562.587895300298
1945,train,30000,26166.28104066332,3833.7189593366784
1486,train,45000,47348.54651514156,-2348.546515141563
308,train,13000,14015.669100469344,-1015.6691004693439
1150,train,65000,66549.33831515492,-1549.3383151549206
762,train,53500,47943.8632857381,5556.136714261898
1638,train,30000,32278.888164700813,-2278.888164700813
599,train,120000,134243.6336806214,-14243.633680621395
3005,train,20000,18859.19446065886,1140.8055393411414
253,train,12000,12298.398248232514,-298.39824823251365
143,train,8000,8667.872245852635,-667.8722458526354
1738,train,16000,17527.85814247193,-1527.8581424719305
2341,train,11000,12799.157275565169,-1799.1572755651687
4219,train,9000,9834.854031099929,-834.8540310999288
4486,train,12000,11457.396541721795,542.6034582782049
3129,train,8500,8979.697051257683,-479.6970512576827
3388,train,7500,10124.937561344957,-2624.9375613449574
1122,train,40000,38366.06634418114,1633.9336558188588
4370,train,30000,35050.95679458463,-5050.956794584628
51,train,7500,6896.904207279188,603.0957927208119
1770,train,10000,11471.340306456083,-1471.3403064560825
3554,train,16000,13869.28793607439,2130.71206392561
2564,train,14500,23282.359759032068,-8782.359759032068
3253,train,12000,12482.53952758349,-482.5395275834908
2319,train,60000,51232.237215577734,8767.762784422266
2254,train,17600,16365.950803675836,1234.0491963241639
2910,train,13000,13345.567511695173,-345.5675116951734
2929,train,42000,41172.35610092028,827.6438990797178
4378,train,12000,12582.929094035608,-582.9290940356077
4351,train,8000,7514.944167648537,485.0558323514633
845,train,28000,34483.689229834345,-6483.689229834345
4130,train,12000,10507.367992975269,1492.6320070247311
3691,train,5000,5679.828684140019,-679.8286841400186
674,train,32000,31448.610773131655,551.3892268683448
1959,train,10000,8164.8407552304925,1835.1592447695075
2752,train,7000,8103.525598733501,-1103.5255987335013
1623,train,6500,7173.260093743766,-673.2600937437664
3964,train,16000,18002.219182403624,-2002.2191824036236
4701,train,12500,12116.813628482229,383.1863715177715
1629,train,15000,15103.221391485344,-103.2213914853437
3085,train,16000,16755.813944455764,-755.8139444557637
2354,train,17000,16184.394008746656,815.6059912533437
4159,train,17500,17278.089893895856,221.91010610414378
1621,train,18000,17553.76568981455,446.23431018544943
4614,train,9500,11211.572021060858,-1711.5720210608579
1776,train,12000,13553.618302644338,-1553.6183026443377
436,train,7000,8391.912756111566,-1391.9127561115656
3384,train,16000,17025.050732014126,-1025.050732014126
732,train,180000,165197.28771396086,14802.71228603914
415,train,5000,5862.084081625372,-862.0840816253722
3271,train,13000,12886.902962788985,113.09703721101505
993,train,200000,208454.2362260143,-8454.236226014298
2419,train,16000,15539.764876750865,460.23512324913463
529,train,160000,86780.46364864227,73219.53635135773
1594,train,4500,5399.216835964837,-899.2168359648367
52,train,5000,6055.281998706139,-1055.2819987061393
354,train,10000,10209.379131889422,-209.37913188942184
1218,train,130000,113813.52492995623,16186.475070043773
3877,train,7000,5813.480859392683,1186.5191406073172
4282,train,7000,9279.001026990767,-2279.001026990767
4648,train,15000,13341.735215588234,1658.2647844117655
2894,train,23000,24095.787523625753,-1095.7875236257532
454,train,8500,8364.509934957037,135.49006504296267
2789,train,30000,28596.50421213626,1403.4957878637397
995,train,48000,42831.054279550204,5168.945720449796
2764,train,15000,16763.859559998396,-1763.8595599983964
152,train,5000,6002.798839467435,-1002.7988394674348
813,train,45000,48767.40867520176,-3767.408675201761
82,train,15000,13917.159798990835,1082.840201009165
1662,train,8000,8608.645872175683,-608.6458721756826
2333,train,9000,10205.424612559264,-1205.4246125592636
723,train,80000,77526.79367049619,2473.2063295038097
3863,train,15000,14111.979846446862,888.0201535531378
2832,train,8000,9936.639193185332,-1936.6391931853323
695,train,17000,19739.79085907619,-2739.790859076191
2844,train,28000,25853.43644902093,2146.56355097907
3760,train,8000,7022.379348060474,977.6206519395264
4375,train,25000,22648.672443142612,2351.327556857388
2608,train,32000,32330.419801779233,-330.41980177923324
2684,train,11000,10679.8834096069,320.1165903930996
1007,train,39000,38750.46834337537,249.5316566246329
4354,train,10000,11522.284271413195,-1522.2842714131948
1082,train,80000,65470.725976577065,14529.274023422935
2518,train,32000,30059.14264108491,1940.857358915091
1717,train,5500,5942.343767831205,-442.3437678312048
4639,train,80000,76023.32660026217,3976.6733997378324
3910,train,5500,5686.285738243921,-186.2857382439206
4328,train,16500,17753.07717600856,-1253.077176008559
3804,train,35000,33318.05424996758,1681.9457500324206
1430,train,58000,53165.32060073838,4834.679399261622
3505,train,6500,6047.935347382511,452.0646526174887
3364,train,12000,12521.357388092265,-521.357388092265
2209,train,180000,119150.08850754514,60849.91149245486
4411,train,8000,9193.430196732388,-1193.4301967323881
2231,train,11000,11376.813801044065,-376.81380104406526
2765,train,30000,25815.017679865792,4184.982320134208
2479,train,25000,23522.36388212848,1477.6361178715197
1404,train,50000,45348.34850869537,4651.651491304627
246,train,10000,11967.44777092541,-1967.4477709254097
2711,train,100000,103169.1633297962,-3169.163329796196
3541,train,10000,8950.991324251703,1049.0086757482968
1916,train,14000,13924.68611449154,75.31388550845986
2562,train,10000,8632.951778597651,1367.0482214023486
2831,train,40000,36013.668663607,3986.331336392999
513,train,10000,10175.807017631298,-175.80701763129764
397,train,6000,5958.350423026446,41.64957697355385
581,train,28000,26843.584132757223,1156.4158672427766
3311,train,280000,217037.98344132592,62962.01655867408
2130,train,24000,21811.423131085754,2188.576868914246
3156,train,18000,18275.093198550327,-275.09319855032663
3837,train,12000,12935.825936391362,-935.8259363913621
984,train,150000,179293.0591694821,-29293.05916948209
4193,train,30000,28613.248505095613,1386.751494904387
3598,train,15000,15941.289666058547,-941.2896660585466
3665,train,15000,14433.987281321615,566.0127186783848
244,train,15000,16960.145654393527,-1960.1456543935274
327,train,7000,7254.359232525202,-254.35923252520206
1569,train,12000,12466.204434801333,-466.20443480133326
4388,train,10000,11171.898130135382,-1171.8981301353815
3310,train,14500,13806.194081398282,693.8059186017181
161,train,10000,10100.228734482293,-100.22873448229257
2198,train,7500,8115.370443568195,-615.3704435681948
3913,train,23000,21997.93679035524,1002.0632096447589
1180,train,25000,24892.20810946194,107.79189053806112
4111,train,12000,12766.15344720262,-766.1534472026196
1350,train,21000,21060.279740950813,-60.27974095081299
4575,train,17500,18004.296289185702,-504.29628918570234
1794,train,120000,110099.91307280018,9900.086927199824
2859,train,40000,37608.356844102724,2391.6431558972763
3161,train,16000,14168.698481324762,1831.3015186752382
368,train,5000,5345.286734292372,-345.2867342923719
4524,train,7500,8565.422078733838,-1065.4220787338381
3686,train,25000,23994.975743492414,1005.024256507586
1697,train,25000,22745.40944208813,2254.59055791187
3358,train,4200,5310.332269387528,-1110.332269387528
4147,train,20000,19244.037133722344,755.9628662776558
3579,train,18000,16818.765808209588,1181.2341917904123
3472,train,7000,9616.545596241718,-2616.545596241718
4145,train,10500,11397.058720941954,-897.0587209419537
4103,train,14000,13905.041320569853,94.95867943014673
18,train,11000,11064.364429295189,-64.36442929518853
2256,train,8000,9057.635232795164,-1057.6352327951645
2561,train,15000,12653.902066017035,2346.0979339829646
498,train,10500,11804.028392111668,-1304.028392111668
199,train,24000,18118.948116868818,5881.051883131182
1339,train,46700,47501.66149230929,-801.661492309293
657,train,160000,144003.04663433117,15996.953365668829
3893,train,14000,14762.302249691767,-762.3022496917674
2907,train,40000,36649.816739525806,3350.183260474194
139,train,15000,16268.489655445315,-1268.4896554453153
3739,train,13500,13046.470186726558,453.5298132734424
518,train,5000,5596.297889983464,-596.2978899834643
1057,train,45000,40161.80174941398,4838.1982505860215
4216,train,45000,50135.80442524569,-5135.804425245689
3797,train,25000,22054.48919833353,2945.510801666471
3648,train,11000,10947.910418124722,52.08958187527787
958,train,50000,57197.41406997897,-7197.414069978971
1620,train,11000,10224.204637790468,775.795362209532
430,train,5000,5548.879730524215,-548.8797305242151
734,train,140000,136016.48751911163,3983.51248088837
1865,train,20000,19147.497174273165,852.502825726835
2664,train,30000,31114.922019077923,-1114.9220190779233
3833,train,12000,13118.963277617933,-1118.9632776179333
440,train,8000,7495.165893405282,504.8341065947179
4387,train,9000,9382.220619298972,-382.22061929897245
2720,train,9000,8496.737911108134,503.26208889186637
2707,train,70000,79936.25913775044,-9936.259137750443
4174,train,25000,22085.014878299437,2914.9851217005635
4363,train,12000,14580.20477473497,-2580.2047747349698
974,train,98000,104384.66243954055,-6384.662439540552
3488,train,17000,20197.625320136303,-3197.6253201363033
3461,train,25000,24850.12873504093,149.8712649590707
3264,train,14000,14851.031126217837,-851.0311262178366
918,train,75000,62475.76268234201,12524.237317657993
3812,train,14000,13188.960633608693,811.0393663913073
2956,train,52000,45212.736074081455,6787.263925918545
2551,train,8000,10243.658738338696,-2243.658738338696
1541,train,7000,7534.621948241596,-534.6219482415963
3048,train,13000,14753.002324529949,-1753.002324529949
4676,train,10000,10198.844966775205,-198.84496677520474
1191,train,55000,52492.27816738294,2507.7218326170623
402,train,9000,8890.215496485918,109.78450351408173
4645,train,5000,5471.405096487361,-471.40509648736133
1646,train,8000,7916.831389834922,83.16861016507755
4525,train,25000,24310.268805374286,689.7311946257141
3605,train,17000,15286.039830351228,1713.9601696487716
2485,train,17000,16601.773610392003,398.2263896079967
4049,train,16000,13310.170808313753,2689.829191686247
3366,train,15723,16505.869047284512,-782.8690472845119
1514,train,17000,16287.052963892098,712.947036107902
1626,train,13000,11519.533063958947,1480.4669360410535
2252,train,4750,5469.111060042441,-719.1110600424408
357,train,7000,6817.029332828559,182.97066717144116
4069,train,15000,17122.81678151135,-2122.8167815113484
2572,train,200000,112697.39232928897,87302.60767071103
4661,train,65000,63439.39658562705,1560.6034143729485
2976,train,27000,24525.956483120972,2474.043516879028
2136,train,8500,8442.533549001282,57.466450998717846
177,train,4000,5109.527020219503,-1109.5270202195034
1325,train,26000,25501.7291963558,498.2708036442018
1008,train,190000,187556.57341387987,2443.4265861201275
2778,train,25000,23211.64320233573,1788.3567976642698
4547,train,7500,7510.57067627951,-10.570676279509826
3369,train,3000,3908.1094760486544,-908.1094760486544
166,train,8000,8981.973185876244,-981.9731858762443
2030,train,15000,17031.645802008086,-2031.6458020080863
3459,train,15000,14980.237720581743,19.762279418257094
2034,train,22000,19560.150495794773,2439.8495042052273
101,train,35000,36900.81112712343,-1900.8111271234302
882,train,75000,62079.7554720973,12920.244527902702
2573,train,20000,18669.114567192704,1330.8854328072957
2265,train,7500,8491.701874566503,-991.7018745665027
1239,train,100000,82327.15951839768,17672.840481602325
3816,train,18000,15367.946626144894,2632.0533738551057
4276,train,19000,15443.42054565002,3556.5794543499796
4637,train,14500,14978.017270009326,-478.01727000932624
1009,train,84000,79406.7592847474,4593.240715252599
3867,train,32500,38826.80765753954,-6326.807657539539
3267,train,8000,8936.075125618352,-936.0751256183521
870,train,20000,21100.780609402023,-1100.7806094020234
90,train,18000,18061.357423587335,-61.35742358733478
2311,train,26000,27612.059179224892,-1612.0591792248924
2049,train,4300,5128.605015472309,-828.6050154723089
3906,train,11000,10630.235800584733,369.7641994152673
2796,train,10000,10764.029894933994,-764.029894933994
34,train,22000,18455.297111625252,3544.702888374748
793,train,19000,17236.872641583836,1763.1273584161645
780,train,61000,85006.14984904577,-24006.149849045774
3675,train,24000,22971.338723038392,1028.6612769616077
2075,train,140000,137019.07427067772,2980.9257293222763
1121,train,57000,85844.86469512507,-28844.86469512507
972,train,25000,25126.94077843084,-126.94077843083869
3880,train,9500,10366.768960546713,-866.7689605467131
1844,train,35000,34323.77974362356,676.2202563764367
2288,train,8500,8126.983327986898,373.0166720131019
3664,train,8500,9807.698929499413,-1307.6989294994128
2598,train,12000,11728.892963609795,271.1070363902054
1405,train,29000,26018.65873285551,2981.3412671444894
4405,train,15000,17980.601289404167,-2980.601289404167
2162,train,9000,9216.876469471226,-216.8764694712263
1041,train,75000,68304.92938446488,6695.070615535122
3980,train,300000,142387.7980342744,157612.2019657256
2884,train,9000,11190.30282617296,-2190.3028261729596
314,train,7000,7313.122427963095,-313.1224279630951
1164,train,45000,42675.23745688252,2324.762543117482
1990,train,16000,14547.708801226627,1452.2911987733733
4602,train,13000,12731.997686113342,268.00231388665816
1831,train,9000,7789.344781855301,1210.6552181446987
54,train,11000,10598.932926063067,401.0670739369325
1272,train,330000,241460.76241737406,88539.23758262594
2196,train,16000,18059.867298239173,-2059.8672982391727
2742,train,40000,41777.700044751524,-1777.7000447515238
1788,train,7000,7096.974528943059,-96.97452894305934
3235,train,6500,7143.2342492336165,-643.2342492336165
2476,train,35000,30357.626250189376,4642.373749810624
3157,train,9500,10248.124882684107,-748.1248826841074
2566,train,24000,19348.93557282542,4651.0644271745805
3279,train,100000,95351.56752562303,4648.4324743769685
3731,train,12000,12132.52220767304,-132.5222076730406
3986,train,10000,9320.83531410804,679.1646858919594
1696,train,43000,41043.97962693504,1956.0203730649591
1464,train,25000,25356.18870720911,-356.18870720910854
1203,train,27000,27591.195444686397,-591.1954446863965
2634,train,4500,5294.578226004628,-794.578226004628
3262,train,5250,5260.198213629287,-10.198213629287238
2822,train,6500,7428.16034001473,-928.1603400147296
2891,train,55000,50412.54142070388,4587.4585792961225
1533,train,7000,7010.2040150948815,-10.20401509488147
3822,train,11500,11561.278936671642,-61.27893667164244
1926,train,20000,20578.41754005981,-578.4175400598106
1753,train,20000,22862.221358360297,-2862.221358360297
3525,train,40000,32594.529849844643,7405.470150155357
1498,train,61500,65652.92218083808,-4152.922180838083
1807,train,15000,13426.19064687056,1573.8093531294398
3989,train,9000,9914.925963845124,-914.925963845124
3050,train,12000,11876.851236551704,123.14876344829645
3283,train,18000,15469.178286600161,2530.8217133998387
2991,train,25000,23267.735826726293,1732.2641732737065
4307,train,36000,31216.092930940278,4783.907069059722
2229,train,11500,12005.435959698772,-505.4359596987724
242,train,7500,7554.299544398401,-54.29954439840094
782,train,42000,48108.44551490776,-6108.445514907762
2410,train,13500,13156.663753354649,343.3362466453509
4207,train,8000,7409.389898266885,590.6101017331148
960,train,65000,80862.43986977777,-15862.439869777765
4545,train,47000,50932.63884228885,-3932.6388422888485
3402,train,19000,15701.030720978779,3298.969279021221
801,train,45000,38732.69352101333,6267.306478986669
2825,train,7500,8795.771591149341,-1295.7715911493415
4319,train,13000,12916.732143371379,83.2678566286213
3636,train,10000,9551.317509623872,448.68249037612804
232,train,35000,35514.92576614706,-514.925766147062
1144,train,47000,47113.05526539413,-113.05526539412676
2534,train,30000,27956.728201815786,2043.2717981842143
1059,train,50000,48036.06870724437,1963.9312927556311
504,train,25000,19707.810092127904,5292.189907872096
751,train,92500,84268.73465819011,8231.265341809893
4038,train,26000,24565.374373290666,1434.625626709334
3097,train,8000,7221.568460832479,778.4315391675209
4584,train,13000,11611.843422915306,1388.1565770846937
2027,train,12000,12010.86535831197,-10.86535831197034
4263,train,6000,6427.098165338987,-427.0981653389872
4340,train,8000,9065.987575735882,-1065.9875757358823
3350,train,21000,20183.241221601762,816.7587783982381
823,train,69999,66806.77784168062,3192.222158319375
1644,train,13000,12896.650832008478,103.34916799152234
2536,train,80000,76866.23668924008,3133.763310759925
3983,train,27000,33953.495564381585,-6953.495564381585
4170,train,10000,10564.333177387512,-564.3331773875125
346,train,20000,19706.659040525064,293.3409594749355
1048,train,94000,75598.50469567481,18401.495304325188
343,train,9500,8471.491521935814,1028.5084780641864
1682,train,23000,22594.296124988625,405.7038750113752
2275,train,8500,8040.080653061115,459.9193469388847
516,train,7500,7284.680079357359,215.31992064264068
781,train,70000,68564.25219654955,1435.7478034504456
2363,train,35000,37942.49065851291,-2942.4906585129065
2020,train,14000,16382.699510696542,-2382.6995106965423
4579,train,9000,8932.439449562802,67.56055043719789
12,train,6500,6651.739931268499,-151.73993126849928
3624,train,34999,37501.54744682509,-2502.5474468250904
3929,train,30000,26574.770988690932,3425.2290113090676
256,train,5000,5495.194215724589,-495.1942157245894
2804,train,12000,13829.505784615149,-1829.5057846151485
3993,train,49000,46880.48409829314,2119.515901706858
4268,train,9500,10552.201988569594,-1052.2019885695936
3999,train,18000,17757.12689460146,242.87310539853934
656,train,18000,18715.696467231475,-715.6964672314753
105,train,6000,6494.155977026908,-494.15597702690775
3814,train,33000,33789.65165431456,-789.6516543145626
1056,train,57000,60352.00654654484,-3352.0065465448424
3089,train,10000,10357.968312711815,-357.9683127118151
1448,train,34000,28374.307122834627,5625.692877165373
3118,train,17500,17067.385322675153,432.61467732484743
3349,train,14000,12797.65867317189,1202.3413268281092
4700,train,6000,6039.518409154265,-39.5184091542651
1432,train,45000,50764.55066314711,-5764.550663147107
4589,train,44000,44246.85381892001,-246.8538189200117
25,train,7000,7598.384048048363,-598.3840480483632
4482,train,6800,7129.903647536016,-329.90364753601625
3625,train,7000,8314.529900635638,-1314.5299006356381
4397,train,13000,13634.611271143083,-634.6112711430833
104,train,180000,62126.148997716846,117873.85100228316
3722,train,9000,9744.438535905912,-744.4385359059124
332,train,20000,21006.293952325374,-1006.2939523253735
4088,train,140000,146902.7689162195,-6902.768916219502
4317,train,16000,16053.05371511413,-53.05371511413068
168,train,6500,7176.779404565022,-676.7794045650217
817,train,40000,37098.52670649209,2901.4732935079082
2016,train,10000,9174.708945406868,825.2910545931318
3857,train,12000,11512.818643197921,487.1813568020789
4106,train,14000,13606.237754451622,393.7622455483779
4071,train,12000,11882.755508257598,117.2444917424018
500,train,12000,12513.41158378334,-513.4115837833397
4237,train,28000,25679.5775843445,2320.422415655499
1522,train,10500,11260.379857292368,-760.3798572923679
1094,train,20000,21498.161483038613,-1498.1614830386134
3529,train,8000,8757.537802791636,-757.5378027916358
2450,train,22000,27258.027413859098,-5258.027413859098
621,train,34000,30187.24012483549,3812.759875164509
1215,train,21000,25791.727816207414,-4791.727816207414
2331,train,18000,16322.780381170747,1677.2196188292528
1304,train,18500,16001.95123767288,2498.04876232712
391,train,8500,8483.904090148013,16.095909851987017
1172,train,180000,183303.2998169044,-3303.299816904386
2382,train,65000,66286.80915488687,-1286.8091548868688
3921,train,75000,77653.14446869382,-2653.1444686938194
2952,train,40000,38439.50918623521,1560.4908137647872
3399,train,19000,21896.917932109413,-2896.9179321094125
2499,train,9000,9393.207589498894,-393.20758949889387
1505,train,9500,9156.835761426308,343.1642385736923
1759,train,18000,15181.713697566804,2818.2863024331964
2019,train,17000,18647.883934089616,-1647.8839340896157
4270,train,30000,28884.058902082357,1115.9410979176428
439,train,6500,6899.891779549578,-399.89177954957813
2466,train,75000,67561.7059475218,7438.2940524782025
4422,train,6000,6064.257760854613,-64.25776085461257
476,train,14000,12310.701260288512,1689.2987397114885
792,train,18000,17281.9331348795,718.0668651205015
1018,train,65000,61932.363228727925,3067.636771272075
172,train,7000,6503.612794789333,496.38720521066716
1847,train,10000,10055.278470746805,-55.2784707468054
1475,train,90000,87421.07778840308,2578.922211596917
633,train,210000,161432.36387676903,48567.63612323097
79,train,8000,7314.751771503281,685.2482284967191
2304,train,12000,11485.797514310087,514.2024856899134
4475,train,22000,22033.305790718223,-33.30579071822285
4528,train,7500,8212.691302544134,-712.6913025441336
2178,train,6500,7438.098147693029,-938.0981476930292
2338,train,28000,25958.197946324264,2041.8020536757358
1241,train,100000,107268.8704842326,-7268.870484232597
4376,train,8500,7890.690193288242,609.309806711758
857,train,190000,155544.58839790485,34455.41160209515
4017,train,10000,10740.877426604417,-740.8774266044165
2370,train,16000,17668.34496850805,-1668.3449685080486
2670,train,25000,24473.18373807876,526.8162619212417
2906,train,19000,15546.938141300725,3453.061858699275
3307,train,6500,6799.6723930351,-299.67239303509996
1915,train,7000,6883.652074016976,116.34792598302374
567,train,32000,34253.52444917931,-2253.524449179313
4713,train,8000,8074.509475207374,-74.50947520737373
3015,train,9000,9582.83943190224,-582.8394319022409
4142,train,65000,58253.41624495273,6746.583755047272
961,train,33000,34497.579021871876,-1497.5790218718757
1184,train,100000,106776.91912033221,-6776.919120332212
4295,train,8500,7756.928323761543,743.0716762384573
1090,train,280000,297953.63764284103,-17953.63764284103
2802,train,22000,22773.678240723806,-773.6782407238061
3984,train,10000,10835.814015992737,-835.814015992737
3295,train,9000,9967.387275612255,-967.3872756122546
2519,train,20000,17135.14578398693,2864.854216013071
3792,train,18000,17053.847681691714,946.1523183082863
710,train,6500,12471.588346647135,-5971.588346647135
2998,train,10000,9947.395509549726,52.60449045027417
3808,train,15000,13818.815188377845,1181.1848116221554
3905,train,11000,11255.346907455332,-255.34690745533226
1118,train,50000,54165.87876067194,-4165.878760671942
1677,train,10000,9075.566139542045,924.4338604579552
2361,train,11000,9740.073383684668,1259.9266163153316
988,train,41000,45606.03534517374,-4606.035345173739
562,train,25000,29595.01981701965,-4595.019817019649
66,train,5000,5243.426184960875,-243.4261849608747
3191,train,15000,14792.560294300703,207.4397056992966
3037,train,10000,12078.73946918716,-2078.7394691871596
3926,train,24000,23203.63821403709,796.3617859629085
3564,train,20000,15456.541032820462,4543.458967179538
3835,train,8000,9227.389253621299,-1227.3892536212988
4165,train,10000,10510.836799142535,-510.8367991425348
515,train,65000,52826.66045313611,12173.339546863892
91,train,12000,11101.758309756073,898.2416902439272
4315,train,25000,22460.328139086258,2539.6718609137424
1957,train,15000,18028.30262045049,-3028.3026204504895
2432,train,38000,31797.452290812762,6202.547709187238
1954,train,15000,14949.134579344583,50.86542065541653
4157,train,7000,8432.52501720014,-1432.5250172001397
1803,train,20000,20929.59162856535,-929.5916285653511
3458,train,17000,14282.074285776902,2717.925714223098
3116,train,40000,44495.847322604546,-4495.847322604546
251,train,6000,7269.372127168449,-1269.372127168449
4583,train,25000,22816.090242154347,2183.909757845653
527,train,14000,16711.993303357885,-2711.9933033578855
938,train,32000,33423.93035769777,-1423.930357697769
1777,train,9000,8949.054508789877,50.94549121012278
876,train,40000,41386.02320241409,-1386.0232024140932
3763,train,85000,91324.23341640345,-6324.233416403455
1210,train,55000,62051.04744368949,-7051.047443689487
1728,train,23000,17503.521903814275,5496.478096185725
3115,train,25000,23684.99651837961,1315.0034816203915
2305,train,14000,13896.151974292728,103.84802570727152
2740,train,45000,47521.22252936194,-2521.2225293619413
3769,train,32000,29452.940069454882,2547.059930545118
1914,train,13000,12401.293770989945,598.7062290100548
1457,train,42000,44137.70148445065,-2137.7014844506484
3704,train,6500,6308.381749741918,191.6182502580823
1427,train,400000,382566.7678242714,17433.232175728597
3354,train,25000,20581.62055772351,4418.379442276491
3273,train,11000,10199.128341822468,800.8716581775316
437,train,5000,5317.7742883919655,-317.77428839196546
3460,train,3500,4595.933024502749,-1095.9330245027486
3149,train,19000,16625.069508010816,2374.930491989184
909,train,50000,60757.09407654379,-10757.094076543792
2213,train,22000,19905.502111639595,2094.4978883604053
769,train,110000,91622.26230562838,18377.737694371623
1968,train,13000,12984.622749166589,15.37725083341138
3824,train,12000,14170.263398974035,-2170.263398974035
37,train,7000,6890.866904445939,109.13309555406067
3638,train,12500,10851.485246919812,1648.5147530801878
1678,train,8000,9105.333195734203,-1105.3331957342034
4084,train,35000,33636.79880285763,1363.2011971423708
2576,train,9500,9812.976486549194,-312.9764865491943
434,train,22000,21954.00640437395,45.99359562604877
936,train,48000,45451.14205201821,2548.8579479817927
856,train,150000,180145.6654104996,-30145.665410499612
4717,train,16000,16190.836936565971,-190.83693656597097
377,train,5000,5622.229479500486,-622.2294795004864
2427,train,80000,84996.44453327736,-4996.444533277361
144,train,8000,7802.742054832711,197.2579451672891
4474,train,6500,5893.45278205494,606.5472179450599
4444,train,16000,17147.11500139305,-1147.1150013930492
3643,train,15000,13366.29245259563,1633.7075474043704
2024,train,130000,132350.32399335474,-2350.3239933547447
2770,train,22000,24439.563017391807,-2439.563017391807
3341,train,33000,31297.65545009297,1702.3445499070294
3256,train,11000,11151.28232359161,-151.28232359160938
4695,train,10500,8744.074694234168,1755.9253057658316
546,train,100000,79672.15127468332,20327.848725316682
1307,train,80000,80958.407058538,-958.4070585379959
3576,train,7000,7330.575912353335,-330.5759123533353
423,train,12000,10802.56959422256,1197.4304057774407
1723,train,15000,16379.596403470634,-1379.596403470634
2298,train,13000,12925.353895343593,74.64610465640726
307,train,9000,9641.249414887761,-641.2494148877613
2284,train,16000,15864.605834369155,135.39416563084524
544,train,150000,90947.13052763703,59052.869472362974
2093,train,8500,9188.998440190764,-688.9984401907641
779,train,190000,181390.7833315056,8609.216668494395
2672,train,28000,30537.06359739688,-2537.0635973968783
2177,train,9500,10959.738311530287,-1459.7383115302873
585,train,24000,25309.690765930816,-1309.6907659308163
2203,train,16000,14973.547461408549,1026.4525385914512
4631,train,10000,10042.597345529295,-42.597345529295126
2456,train,20500,20118.152520962623,381.8474790373766
4239,train,12500,12516.873074434543,-16.873074434543014
2911,train,44000,41012.43503119713,2987.5649688028716
1956,train,10000,10959.659478783009,-959.659478783009
2405,train,15000,15794.065201410749,-794.0652014107491
2899,train,11500,11681.9987146919,-181.9987146918993
3053,train,10000,10349.736239756241,-349.73623975624105
4346,train,30000,28947.9218300788,1052.0781699211984
2833,train,95000,80247.43812316889,14752.56187683111
1967,train,6000,7493.314031265345,-1493.314031265345
138,train,8500,8926.857448394598,-426.85744839459767
2431,train,35000,31268.866928385665,3731.1330716143348
2977,train,12500,12991.964645420881,-491.9646454208814
1731,train,12000,12831.702623512878,-831.7026235128778
3502,train,17000,15293.622739602779,1706.377260397221
4691,train,7500,7673.362516383526,-173.36251638352587
3427,train,30000,26985.44948624346,3014.5505137565415
1884,train,22000,20258.72238632277,1741.27761367723
1687,train,39000,30037.363990283688,8962.636009716312
1106,train,27000,25651.171917351294,1348.8280826487062
4260,train,11500,11793.347829437316,-293.34782943731625
715,train,16000,17972.997823183665,-1972.9978231836649
1332,train,39000,35095.74749384295,3904.2525061570486
4225,train,25000,21038.20468953,3961.795310469999
3649,train,10000,9834.52532582009,165.47467417990993
1377,train,32000,30285.89929081318,1714.1007091868196
157,train,12000,13405.27786516082,-1405.2778651608205
198,train,9000,9412.551673323303,-412.5516733233035
1039,train,30000,27993.832616773485,2006.167383226515
4353,train,15000,16267.891904072832,-1267.8919040728324
3672,train,18000,15437.912099066592,2562.0879009334076
760,train,45000,42610.36562156161,2389.6343784383935
23,train,6500,7611.192548514646,-1111.1925485146458
1542,train,9000,8524.84746471309,475.1525352869103
4559,train,8000,7347.702498172242,652.2975018277584
4680,train,6500,6766.153230899587,-266.15323089958656
3101,train,14000,16858.208888033547,-2858.208888033547
931,train,55000,55955.77423943998,-955.7742394399829
1520,train,14500,13535.047418497496,964.9525815025045
4506,train,8000,9082.834021604354,-1082.8340216043543
2480,train,8000,7935.791974501137,64.20802549886321
2064,train,21000,22445.662215220425,-1445.6622152204254
3708,train,17000,15624.72566676782,1375.2743332321807
1531,train,13000,11892.18919902993,1107.81080097007
3895,train,10500,9692.765757095567,807.2342429044329
525,train,45000,38751.09625875842,6248.903741241578
1661,train,13000,13132.155691924014,-132.1556919240138
639,train,100000,110046.00435989222,-10046.00435989222
3705,train,10000,10000.023149544502,-0.023149544502302888
3258,train,17500,16693.25132033317,806.7486796668309
2200,train,75000,59581.95354948698,15418.046450513022
3044,train,15000,14850.514631339693,149.48536866030736
1509,train,13000,12997.582914985283,2.4170850147165766
1070,train,65000,69203.20049666535,-4203.200496665348
419,train,6000,5738.050357652911,261.94964234708914
3135,train,10000,10168.762537970028,-168.76253797002755
1467,train,110000,106528.59509461492,3471.404905385076
1952,train,15000,13494.136588475356,1505.863411524644
2226,train,5500,6831.303643308961,-1331.303643308961
2175,train,9500,10096.292905032984,-596.292905032984
1267,train,6000,9062.462238737395,-3062.4622387373947
2041,train,60000,54604.570227232005,5395.429772767995
3549,train,10000,11060.382444013025,-1060.3824440130247
3208,train,13000,13287.486651687157,-287.48665168715706
4722,train,13000,13146.469436942312,-146.4694369423123
3711,train,11500,12898.200362845968,-1398.200362845968
4417,train,25000,22734.70441995821,2265.2955800417913
3761,train,220000,226132.70276088532,-6132.702760885324
4484,train,12000,13308.924976683867,-1308.9249766838675
2323,train,18000,18063.07332210147,-63.073322101470694
1577,train,21000,20608.36221097894,391.6377890210606
392,train,35000,33951.64997133779,1048.3500286622075
3441,train,28000,25680.165589657277,2319.8344103427225
4543,train,11000,11003.799248480484,-3.799248480483584
3076,train,20500,17569.553536094576,2930.446463905424
951,train,36000,34944.467388474935,1055.5326115250646
404,train,8000,10192.84788455156,-2192.84788455156
2823,train,17000,18805.561149132307,-1805.561149132307
1079,train,95000,86029.78048989094,8970.219510109062
1718,train,10000,10588.656612247745,-588.6566122477452
1484,train,78000,62005.69507985633,15994.304920143673
321,train,12000,14285.736858317738,-2285.7368583177376
2944,train,7000,7169.1033265403885,-169.10332654038848
4318,train,15000,12385.638791274776,2614.361208725224
2585,train,70000,60429.63303601064,9570.366963989363
1878,train,45000,54283.48165405469,-9283.481654054689
4677,train,9000,9786.062830034658,-786.062830034658
2066,train,28000,37516.30268907573,-9516.302689075732
3582,train,15000,14361.463805278909,638.5361947210913
643,train,18000,18090.385555230558,-90.38555523055766
2603,train,35000,40265.45748331813,-5265.457483318132
4597,train,9500,10883.439863612546,-1383.439863612546
2704,train,7500,7617.0983156947395,-117.09831569473954
712,train,38000,33642.48928339154,4357.510716608464
14,train,8500,9630.042718064618,-1130.0427180646184
962,train,27000,33300.38466194617,-6300.384661946169
401,train,15000,14545.895635129771,454.1043648702289
2554,train,7500,7802.71486177657,-302.7148617765697
4289,train,12000,12612.77296936086,-612.7729693608599
2487,train,16000,17349.012555766232,-1349.0125557662323
3257,train,11000,12037.311804164507,-1037.3118041645066
2873,train,15000,13034.196061426142,1965.8039385738575
2953,train,8500,9923.048374702243,-1423.0483747022427
3788,train,22999,22039.08112744705,959.9188725529493
2073,train,10000,11398.454609996988,-1398.4546099969884
3447,train,22000,18693.996064636554,3306.0039353634456
3858,train,17000,14243.631017824064,2756.3689821759363
1192,train,90000,81868.45905915648,8131.540940843523
1766,train,10000,11003.225926081277,-1003.2259260812771
156,train,7000,7343.076334603033,-343.0763346030326
1936,train,31000,26543.133129149737,4456.866870850263
3172,train,11000,12230.104421912905,-1230.1044219129053
1725,train,12000,12837.092044070652,-837.0920440706523
2397,train,60000,64840.25878834876,-4840.258788348758
442,train,6000,6974.2749489637645,-974.2749489637645
1790,train,8500,9976.977829557682,-1476.9778295576816
4367,train,21467,15465.205171964353,6001.794828035647
4520,train,45000,47789.49090444285,-2789.4909044428496
466,train,6500,6648.258428159434,-148.2584281594336
3718,train,60000,80973.98571416119,-20973.985714161186
362,train,8000,8682.905616527429,-682.9056165274287
1270,train,280000,225609.64018397595,54390.35981602405
48,train,30000,26182.818964254522,3817.181035745478
2521,train,35000,31065.970042841906,3934.0299571580945
4643,train,7500,6969.6320796497375,530.3679203502625
2242,train,14000,15953.272928700711,-1953.2729287007114
4199,train,22500,21138.042234255263,1361.9577657447371
820,train,50000,48894.6590765274,1105.3409234725987
1468,train,20000,21066.41651329345,-1066.4165132934504
2180,train,25000,22331.717764397796,2668.2822356022043
3052,train,36000,30383.754225696637,5616.245774303363
982,train,250000,268402.3692787646,-18402.369278764585
92,train,9000,8903.963241645031,96.0367583549687
867,train,170000,162686.00087541746,7313.999124582537
4321,train,12000,11695.143833229227,304.8561667707727
1227,train,130000,130111.42480523822,-111.42480523821723
1734,train,32000,32087.48215200557,-87.48215200557024
597,train,14000,19997.253766919504,-5997.253766919504
3904,train,11000,11638.775939547784,-638.7759395477842
2313,train,14000,13728.875671095933,271.1243289040667
2908,train,8000,8079.198453538377,-79.19845353837718
3022,train,6500,6898.847419607171,-398.8474196071711
1761,train,31000,30815.839659067056,184.16034093294365
702,train,21000,26512.843343257937,-5512.843343257937
3800,train,15000,15199.154950005108,-199.15495000510782
4230,train,14000,11641.767086015105,2358.2329139848953
4702,train,26000,23672.914940095663,2327.085059904337
1312,train,60000,57069.88933116682,2930.1106688331784
2996,train,23000,19297.170997268342,3702.829002731658
603,train,62000,68462.94285694638,-6462.942856946378
2096,train,8000,7854.418108846248,145.5818911537517
2735,train,7500,8346.319408046862,-846.319408046862
784,train,60000,58138.99789025986,1861.0021097401404
2268,train,14000,11960.556838277489,2039.443161722511
2433,train,16000,14926.34971906248,1073.6502809375197
4658,train,11000,11716.783403334,-716.7834033340005
4057,train,20000,21392.82461069272,-1392.8246106927218
1344,train,88000,77011.83608463022,10988.163915369776
4480,train,15000,17268.93847124016,-2268.938471240159
1388,train,200000,180974.0819069464,19025.918093053595
1529,train,28000,26220.973733168434,1779.0262668315663
2933,train,17000,16313.802224872297,686.1977751277027
783,train,27000,25361.773040552325,1638.2269594476747
4561,train,17000,15062.450211206862,1937.5497887931379
911,train,62000,58189.050804154,3810.9491958459985
1061,train,100000,97550.06114794496,2449.938852055042
878,train,15000,19287.818392977973,-4287.818392977973
342,train,8500,8827.10878570122,-327.10878570122077
2739,train,44300,43130.432828153804,1169.5671718461963
1539,train,65000,63062.48873061509,1937.5112693849078
1199,train,300000,287784.2793241303,12215.720675869728
897,train,51000,55962.51111317161,-4962.511113171611
3013,train,7000,7835.129959772982,-835.1299597729821
4194,train,16500,18157.85232732998,-1657.8523273299797
1085,train,44000,50262.883009690006,-6262.883009690006
2937,train,27000,26179.94777796389,820.052222036109
3842,train,25000,21457.046716259807,3542.953283740193
1141,train,35000,37105.38384017982,-2105.3838401798203
2091,train,6500,5461.4803711910745,1038.5196288089255
3774,train,10000,9602.964829529521,397.035170470479
122,train,6800,6664.953548085894,135.046451914106
3371,train,18000,17204.421368692816,795.578631307184
880,train,25000,24244.976743659743,755.0232563402569
2717,train,14000,14711.177533639124,-711.1775336391238
2992,train,10000,10590.140156087167,-590.1401560871673
3901,train,9500,11112.625461191627,-1612.6254611916265
1571,train,9000,8227.691825912532,772.3081740874677
1259,train,38000,41674.90744683402,-3674.9074468340186
4452,train,6000,6929.237782331437,-929.2377823314373
3630,train,200000,130478.56417411924,69521.43582588076
3595,train,9000,8481.942213467324,518.0577865326759
303,train,12000,10631.311424990838,1368.6885750091624
659,train,55000,51282.36069636234,3717.639303637661
1784,train,25000,24287.783068569624,712.2169314303756
1866,train,11000,12115.513717680848,-1115.5137176808475
2676,train,10000,10008.644590440777,-8.644590440777392
1998,train,12500,12673.557879958486,-173.5578799584855
4108,train,37000,39198.12759905458,-2198.1275990545764
4241,train,10000,10336.013444116717,-336.01344411671744
3222,train,75000,74354.67141701096,645.3285829890374
1488,train,65000,66584.5151054685,-1584.5151054684975
1810,train,9750,10002.143653177423,-252.1436531774234
4490,train,23000,24012.9978128332,-1012.9978128332004
4064,train,14000,15106.279555566696,-1106.2795555666962
728,train,55000,57200.32394288938,-2200.3239428893794
1198,train,70000,66964.62362802665,3035.3763719733543
1800,train,10000,11612.874623933802,-1612.8746239338016
3746,train,11000,11118.620575617797,-118.62057561779693
3750,train,7000,7927.562082723631,-927.5620827236307
4437,train,9000,8148.3726495525625,851.6273504474375
2727,train,15000,16094.901034098151,-1094.9010340981513
141,train,13000,11091.181909819838,1908.8180901801625
16,train,6000,6473.212923717244,-473.21292371724394
335,train,14000,13351.651547376467,648.3484526235334
4662,train,60000,47492.34073909063,12507.659260909371
1856,train,15000,14497.442353629369,502.5576463706311
1021,train,500000,440636.5984448479,59363.401555152086
1102,train,180000,145027.76973018018,34972.23026981982
1341,train,280000,231660.15638350465,48339.843616495345
4218,train,15000,13682.623993211215,1317.3760067887852
60,train,5000,5312.899383122631,-312.89938312263075
2002,train,9000,8886.339112226871,113.6608877731287
452,train,12000,11077.137797373085,922.862202626915
475,train,6000,6440.551391028964,-440.55139102896374
2596,train,18000,18278.05156348228,-278.05156348228047
3158,train,12000,13641.549062759806,-1641.5490627598065
4709,train,12000,12248.543073883138,-248.54307388313828
2964,train,6000,6712.241591397815,-712.2415913978148
2307,train,11000,12051.748745569601,-1051.748745569601
212,train,12000,13670.940967565317,-1670.940967565317
1328,train,35000,32224.46384357585,2775.5361564241502
1946,train,12000,11759.217635070763,240.7823649292368
388,train,15000,13323.920644352947,1676.0793556470526
1597,train,8000,8227.988084321094,-227.988084321094
2797,train,15000,12334.728547536182,2665.2714524638177
3423,train,6300,6141.454219232887,158.54578076711277
1478,train,380000,356204.0378516472,23795.962148352817
1246,train,72000,73978.20780684364,-1978.2078068436385
4021,train,35000,29575.119287173442,5424.880712826558
4287,train,8000,7849.430666275645,150.5693337243547
2539,train,10500,13397.222392925294,-2897.222392925294
322,train,3200,3796.360835381875,-596.360835381875
1897,train,18000,19187.18752220346,-1187.1875222034614
4139,train,10000,8678.273098288779,1321.7269017112212
819,train,11000,10731.324378227631,268.6756217723687
664,train,25500,33898.93682973818,-8398.93682973818
3860,train,19500,18095.29985717938,1404.7001428206204
282,train,17500,13015.271762877426,4484.728237122574
4420,train,15000,13847.485294970975,1152.5147050290252
3212,train,12000,12176.569949135277,-176.56994913527706
2856,train,25000,21014.435350656684,3985.564649343316
3151,train,16000,16760.735210474126,-760.7352104741258
3338,train,13500,13683.459635975138,-183.45963597513764
1240,train,13000,12284.71267806864,715.2873219313606
1149,train,85000,84856.98957530277,143.01042469723325
1105,train,37000,39337.685593938986,-2337.685593938986
566,train,75000,67315.08471678363,7684.915283216367
3567,train,25000,26095.645709219985,-1095.6457092199853
4435,train,25000,23662.12013932024,1337.879860679761
1983,train,7000,6960.550754681426,39.44924531857396
3717,train,45000,41754.41841338738,3245.5815866126213
2776,train,13000,14017.486235824024,-1017.4862358240243
380,train,40000,39020.87362164022,979.1263783597824
2104,train,100000,76070.78864213328,23929.21135786672
3742,train,5000,5497.077959947684,-497.07795994768367
4240,train,25000,24716.024964109158,283.97503589084226
2615,train,8500,9068.363093764669,-568.3630937646685
3040,train,24000,19721.330911874036,4278.669088125964
2339,train,55000,52709.86816129585,2290.1318387041465
1423,train,32000,37623.629648660164,-5623.629648660164
3619,train,12000,12993.139643504246,-993.1396435042461
1379,train,100000,113401.67344684951,-13401.673446849512
2951,train,45000,40248.646806887475,4751.353193112525
3768,train,24000,22640.97373974233,1359.0262602576695
2035,train,14000,14285.367345993756,-285.3673459937563
2207,train,30000,34669.31822668821,-4669.318226688207
1374,train,270000,227695.66794152628,42304.33205847372
2474,train,13000,11479.179958282535,1520.8200417174648
4616,train,20000,21683.93932488169,-1683.9393248816887
727,train,130000,139635.3399590407,-9635.339959040692
746,train,33000,31554.489829787337,1445.510170212663
2660,train,37000,47880.82365143834,-10880.823651438339
1848,train,9000,9295.592212775895,-295.59221277589495
4342,train,8000,8891.71451571493,-891.7145157149298
1063,train,52000,46290.59444591137,5709.405554088633
578,train,300000,287268.8488098597,12731.151190140285
2612,train,60000,62909.326701854945,-2909.326701854945
231,train,16000,16937.98745108464,-937.9874510846385
3046,train,9000,10020.866927420397,-1020.8669274203967
2986,train,20000,22486.440975737412,-2486.4409757374124
2997,train,10000,10429.90541155277,-429.9054115527706
2637,train,23000,22224.739948543287,775.260051456713
547,train,60000,58653.31156377949,1346.6884362205092
2855,train,100000,106058.62551210327,-6058.625512103274
38,train,21000,18429.51602367392,2570.483976326079
3741,train,15000,14462.756096791196,537.2439032088041
1671,train,12000,12733.567725370567,-733.5677253705671
4705,train,16000,16744.06113750783,-744.0611375078297
1538,train,45000,41153.953555397886,3846.046444602114
312,train,10000,9533.239927699922,466.7600723000778
2443,train,30000,24097.964749115537,5902.035250884463
4619,train,15000,15258.119038832014,-258.11903883201376
688,train,45002,45112.99035136,-110.9903513600002
4585,train,20000,20409.824130954814,-409.8241309548139
1010,train,68000,79828.4331022419,-11828.433102241906
4320,train,12000,12528.227857987702,-528.227857987702
2261,train,18000,18345.952192305092,-345.95219230509247
4258,train,12000,12125.607646195049,-125.6076461950488
2185,train,15000,16840.45364404247,-1840.4536440424708
4466,train,42000,41109.210025390246,890.7899746097537
968,train,42000,49467.62923770415,-7467.629237704146
2813,train,8000,7697.539408450227,302.4605915497732
2548,train,20000,15521.548100100645,4478.451899899355
3666,train,8200,9220.235629491548,-1020.235629491548
3973,train,12000,11992.880700871154,7.119299128846251
2630,train,7000,8511.791482157452,-1511.7914821574523
4044,train,14000,13782.470684344442,217.5293156555581
3504,train,39000,32599.741324217142,6400.258675782858
1181,train,56000,53187.723985443336,2812.2760145566644
3143,train,18000,18864.99741939679,-864.9974193967901
2344,train,12000,12338.390081265556,-338.39008126555564
1483,train,32000,29121.410357054123,2878.589642945877
976,train,65000,53812.186050751916,11187.813949248084
2351,train,20000,22231.407674650734,-2231.4076746507344
4344,train,7500,8885.001098279467,-1385.0010982794665
1248,train,130000,135222.00721781893,-5222.007217818929
85,train,10000,8230.733938443322,1769.2660615566783
1653,train,10000,9888.836832179457,111.1631678205431
486,train,10000,14356.335020488772,-4356.335020488772
4558,train,11000,11213.877057387634,-213.8770573876336
905,train,16500,18814.913605640697,-2314.913605640697
2531,train,16000,18897.63029278306,-2897.6302927830584
1890,train,38000,38689.54301794856,-689.5430179485629
4669,train,16000,16959.660605672405,-959.6606056724049
3337,train,9500,9853.161713308942,-353.1617133089421
853,train,83000,75236.30769608535,7763.6923039146495
194,train,5000,5331.993106053056,-331.9931060530562
2208,train,65000,62969.258700644794,2030.7412993552061
1598,train,6000,6774.778337690723,-774.7783376907228
3006,train,6500,6921.041965281718,-421.04196528171815
2,train,17000,13300.29063550936,3699.70936449064
2949,train,25000,23092.216704711172,1907.7832952888275
4625,train,15000,12882.813401134643,2117.186598865357
2362,train,20000,17832.315162959636,2167.684837040364
4443,train,10500,10883.247988045869,-383.2479880458686
1230,train,160000,138155.2530886825,21844.74691131749
929,train,20000,25149.820731543256,-5149.8207315432555
2003,train,5500,7703.186097766226,-2203.1860977662263
4483,train,5000,5474.992090152716,-474.9920901527157
1202,train,120000,133815.26166036667,-13815.261660366668
1544,train,30000,23619.584895529457,6380.415104470543
2100,train,52000,61351.65869499512,-9351.658694995123
937,train,10000,11501.26422631251,-1501.2642263125108
3585,train,10000,10298.477257749868,-298.47725774986793
1419,train,30000,36489.51113737093,-6489.51113737093
4257,train,20000,20406.82653319863,-406.8265331986295
3150,train,12000,11941.360764282354,58.63923571764644
1521,train,4500,6181.817454993308,-1681.8174549933083
3631,train,12000,11926.899582550637,73.1004174493628
293,train,6500,6918.836930139288,-418.8369301392877
2613,train,95000,77691.20181246767,17308.79818753233
178,train,10500,10795.81573983163,-295.8157398316307
1492,train,70000,87068.26393127687,-17068.263931276873
2626,train,8500,7560.097221744966,939.9027782550338
306,train,20000,18794.384111188487,1205.6158888115133
2618,train,8000,8407.313018753768,-407.3130187537681
1472,train,350000,354694.3650497914,-4694.365049791406
2163,train,12000,11478.050189813855,521.9498101861445
1708,train,25000,28235.899515131186,-3235.8995151311865
1232,train,80000,91330.45575827073,-11330.455758270735
1411,train,50000,51707.525617332125,-1707.525617332125
1861,train,5000,5683.648162622153,-683.648162622153
1170,train,50000,52011.72482976341,-2011.724829763407
708,train,35000,37764.134365932645,-2764.134365932645
2496,train,10000,10771.11491778073,-771.1149177807292
3333,train,12000,12789.22278677071,-789.2227867707097
2516,train,15000,12741.859629877054,2258.1403701229465
2924,train,32000,30380.968139583438,1619.0318604165623
2936,train,17000,15426.570191359628,1573.4298086403724
3211,train,3500,4244.258973148753,-744.2589731487533
722,train,65000,66017.9172592219,-1017.9172592218965
4663,train,26000,22806.449837918073,3193.550162081927
1510,train,15000,14199.97762197904,800.0223780209599
1516,train,15000,14760.33178128688,239.66821871311913
4303,train,12000,10947.598443648343,1052.4015563516568
2978,train,15000,14504.637130654355,495.36286934564487
3762,train,22000,23237.774545401717,-1237.7745454017168
1083,train,380000,341542.1294834915,38457.87051650853
4098,train,15000,14545.392020137817,454.60797986218313
320,train,5000,5306.067750877193,-306.06775087719325
165,train,16500,16810.969788141236,-310.96978814123577
2687,train,25000,24990.314185860065,9.685814139935246
2026,train,10000,9093.333133622997,906.6668663770033
568,train,16000,19365.443829743355,-3365.4438297433553
4294,train,10000,10459.65865216092,-459.6586521609206
3942,train,15000,13334.785160036008,1665.2148399639918
2401,train,12000,13443.34192099687,-1443.3419209968706
4453,train,45000,45398.63845869522,-398.638458695219
62,train,10000,10049.342977667082,-49.34297766708187
1040,train,330000,294532.46430661686,35467.535693383135
2787,train,25000,29529.465873240508,-4529.465873240508
1699,train,31000,34592.71188043384,-3592.711880433839
2754,train,3500,4537.47130858559,-1037.4713085855901
1410,train,18500,17785.048533663645,714.9514663363552
1236,train,100000,106724.99055009535,-6724.990550095346
78,train,6500,6759.925340256827,-259.92534025682744
2858,train,6000,7126.742037776663,-1126.742037776663
2368,train,14000,12429.762413195878,1570.2375868041217
718,train,60000,51956.207049972065,8043.792950027935
3231,train,8500,8652.12070636074,-152.12070636073986
1476,train,22000,20867.169799278035,1132.8302007219645
1553,train,17000,16166.162648219282,833.8373517807177
1628,train,10000,11073.219840360873,-1073.2198403608727
2685,train,13000,11415.847748786446,1584.1522512135543
4066,train,57000,54936.51542009506,2063.4845799049435
3454,train,8000,7238.428606108379,761.5713938916206
1375,train,69000,69679.91369286666,-679.9136928666558
4255,train,17000,17455.09685965825,-455.09685965824974
3036,train,12000,11742.397519928732,257.60248007126756
2746,train,30000,25386.830299218163,4613.169700781837
4206,train,15000,14569.180927971422,430.8190720285784
3031,train,11000,11948.815713547323,-948.815713547323
3654,train,9300,9549.664672904797,-249.66467290479704
110,train,8000,7587.600543600091,412.39945639990856
3694,train,7500,7159.222231044763,340.77776895523675
4580,train,13000,12273.764747194144,726.2352528058564
4516,train,11000,11887.456241985288,-887.4562419852882
4538,train,5000,6585.40321540723,-1585.4032154072302
685,train,27000,26387.43381724097,612.5661827590302
1929,train,22000,23907.54976505989,-1907.5497650598918
8,train,26000,23361.1169330282,2638.883066971801
4442,train,15500,17491.849046099735,-1991.8490460997346
2853,train,10000,10806.994378213494,-806.9943782134942
4511,train,45000,42493.71756879502,2506.282431204978
324,train,16000,17427.765353908842,-1427.7653539088424
2635,train,15000,16701.984989924767,-1701.9849899247674
2276,train,20000,21367.893556839295,-1367.8935568392953
3794,train,18000,18830.48250356687,-830.4825035668691
1128,train,55000,52556.50856320496,2443.4914367950405
3308,train,26000,25622.131959651026,377.8680403489743
4551,train,15000,15812.856757320289,-812.856757320289
2103,train,12000,11616.988046987351,383.0119530126485
3562,train,8000,7504.609640273686,495.3903597263143
2631,train,22000,22256.36140891537,-256.3614089153707
1438,train,66000,67092.38011035229,-1092.3801103522856
4149,train,18000,18873.20684826295,-873.2068482629511
1579,train,7000,8415.664123962428,-1415.6641239624278
2133,train,6000,6357.267083811761,-357.26708381176104
1364,train,20000,19642.90149019247,357.0985098075289
3137,train,34500,33075.32282815102,1424.6771718489836
2881,train,30000,19964.054611502048,10035.945388497952
1335,train,49500,41379.06709009877,8120.932909901232
1822,train,50000,46088.62646763739,3911.3735323626097
636,train,26000,29026.390452171345,-3026.390452171345
4502,train,7000,7533.080859434769,-533.0808594347691
3706,train,12500,13529.335174733302,-1029.3351747333018
257,train,8500,9088.463414722153,-588.4634147221532
19,train,6000,6497.890739642537,-497.8907396425366
860,train,90000,96734.81626530031,-6734.816265300309
2357,train,12000,11099.345462032992,900.6545379670079
183,train,11000,9531.057563449709,1468.942436550291
3077,train,13500,14707.123043943559,-1207.1230439435585
2912,train,11000,10876.87401336595,123.1259866340497
1351,train,95000,112938.0594879028,-17938.059487902807
4697,train,4500,5297.03226377364,-797.0322637736399
4256,train,20000,22453.730769466594,-2453.730769466594
1660,train,6500,7305.477057581633,-805.4770575816328
1656,train,63000,78649.60893742173,-15649.608937421726
3180,train,40000,35185.65775915243,4814.342240847567
4675,train,7000,7514.84953544471,-514.8495354447105
2303,train,35000,36657.20258710353,-1657.2025871035294
3963,train,9000,8795.489767338555,204.51023266144512
83,train,20000,18203.33594242631,1796.6640575736892
3125,train,150000,123800.14729894469,26199.852701055308
3530,train,11000,10849.2133483563,150.78665164370068
142,train,8000,7475.2442932357235,524.7557067642765
3831,train,10000,8980.797920258588,1019.2020797414116
1417,train,190000,163547.66843558036,26452.33156441964
2609,train,30000,35258.46206583487,-5258.462065834872
846,train,150000,118102.26903194367,31897.730968056334
3155,train,17000,18297.22756160091,-1297.2275616009101
742,train,33000,29666.426667288175,3333.573332711825
1526,train,12500,13286.224510243454,-786.2245102434536
3386,train,18000,17570.244656412997,429.75534358700315
1673,train,15000,15895.325953947426,-895.3259539474257
1166,train,90000,96962.59888270055,-6962.598882700549
1888,train,18000,14431.166495036228,3568.8335049637717
3200,train,45000,50265.20122703565,-5265.20122703565
2467,train,36000,31751.882326507723,4248.117673492277
1716,train,15000,13920.559477273606,1079.4405227263942
1507,train,13000,12826.848293831477,173.15170616852265
4734,train,35000,36746.358368281755,-1746.3583682817552
3140,train,22000,20776.19053263434,1223.8094673656597
2605,train,31000,29651.82430628701,1348.1756937129903
2641,train,10000,11016.97579347035,-1016.9757934703503
1346,train,38000,38809.409814308034,-809.4098143080337
1645,train,17500,17189.259787469266,310.7402125307344
311,train,9000,8653.123486693878,346.87651330612243
924,train,62000,56874.45008490028,5125.54991509972
4125,train,17000,18489.816486659343,-1489.8164866593434
1062,train,130000,115974.7085012043,14025.291498795705
227,train,3000,3446.8919692928093,-446.89196929280934
966,train,48000,51446.96625956366,-3446.966259563662
1385,train,190000,180340.87758761918,9659.12241238082
508,train,60000,50427.25865646206,9572.741343537942
2628,train,13000,12974.315505328976,25.684494671024368
2538,train,21000,17882.123882122516,3117.876117877484
605,train,130000,118848.37675597458,11151.623244025424
1903,train,11000,10835.611709832094,164.38829016790623
4172,train,13000,12960.15188987431,39.848110125689345
774,train,50000,49986.12950467625,13.870495323746582
3198,train,10000,13187.476331054402,-3187.476331054402
2581,train,18000,16015.069169287934,1984.9308307120664
3480,train,10000,8715.56132980567,1284.4386701943295
6,train,10000,11852.326270047222,-1852.3262700472224
692,train,50000,52965.9691926519,-2965.969192651901
2090,train,28000,24759.066740917213,3240.933259082787
1604,train,9000,12123.653230960976,-3123.6532309609756
405,train,35000,34445.412806294975,554.5871937050251
2525,train,8000,8892.679457227023,-892.6794572270228
4184,train,9500,8764.12699376084,735.8730062391605
3183,train,6500,6807.50583241333,-307.5058324133297
2098,train,12500,12590.983635604269,-90.98363560426878
844,train,55000,54560.38425871867,439.6157412813336
2508,train,15000,15663.383414230126,-663.3834142301257
1709,train,35000,42645.65505123737,-7645.655051237372
4269,train,10000,10005.537166214077,-5.537166214076933
1871,train,11000,11423.35341471819,-423.35341471819083
4673,train,18000,16504.414922105803,1495.5850778941967
510,train,7000,9202.228041468901,-2202.228041468901
167,train,12000,10181.186955848618,1818.8130441513822
3978,train,6500,6834.749243402114,-334.7492434021142
1549,train,110000,111619.60910772697,-1619.6091077269666
922,train,62000,62804.08710027792,-804.0871002779168
3637,train,13000,13334.759768918924,-334.75976891892424
1530,train,12000,14512.812603856662,-2512.8126038566625
124,train,10000,9201.587667497524,798.4123325024757
200,train,5500,5572.117720488117,-72.1177204881169
121,train,13000,10991.83940382037,2008.1605961796304
1228,train,90000,93696.6606460703,-3696.660646070304
2955,train,100000,71541.29674896384,28458.70325103616
1630,train,8000,6908.898985249067,1091.1010147509332
1961,train,8000,7426.904024758769,573.0959752412309
2736,train,30000,33187.89586481652,-3187.8958648165208
1459,train,60000,62033.749392617065,-2033.7493926170646
1927,train,17000,16892.912087611116,107.08791238888443
238,train,8500,8864.625962008691,-364.6259620086912
1285,train,60000,62111.1806167136,-2111.180616713602
4060,train,16000,18060.492812277385,-2060.4928122773854
1481,train,140000,114780.10547154455,25219.89452845545
4690,train,11000,11144.148907267823,-144.14890726782323
4588,train,45000,44590.30755540552,409.69244459448237
3499,train,10000,11885.764073806013,-1885.7640738060127
2150,train,28000,24094.69243119339,3905.307568806609
3477,train,30000,26944.31071060695,3055.689289393049
445,train,10000,11551.324339136696,-1551.324339136696
3234,train,8500,9826.365176224826,-1326.3651762248264
4316,train,14000,15215.070576869064,-1215.070576869064
97,train,10000,8724.958995659004,1275.0410043409956
3391,train,25000,21482.932655121764,3517.0673448782363
2584,train,13000,12079.317348213906,920.6826517860936
604,train,42000,44205.36657385384,-2205.3665738538402
2934,train,18000,14616.737867811875,3383.262132188125
1587,train,15000,16305.041464803953,-1305.0414648039532
2757,train,23000,21032.324914486286,1967.6750855137143
2283,train,6500,6572.645879419471,-72.64587941947138
2287,train,18000,16632.216893020708,1367.783106979292
4022,train,12000,10660.075062391743,1339.924937608257
553,train,19411,19846.007377914866,-435.0073779148661
1384,train,210000,182878.37599544282,27121.624004557176
2246,train,12000,10514.046540821711,1485.9534591782885
3452,train,19000,16849.70384516947,2150.2961548305284
3289,train,100000,101774.49467747203,-1774.4946774720302
4266,train,15000,15632.697705693228,-632.6977056932283
384,train,15000,11406.00552100931,3593.9944789906895
482,train,10000,13355.91001298512,-3355.9100129851195
3663,train,16000,18121.914904041143,-2121.914904041143
472,train,10000,10735.62776614842,-735.62776614842
920,train,15000,18460.458303460164,-3460.4583034601637
370,train,8000,9325.7021217615,-1325.7021217615002
2648,train,20000,15764.800370242587,4235.199629757413
1390,train,26000,24767.33309532211,1232.6669046778916
4036,train,13000,11300.02048685953,1699.9795131404699
3254,train,7500,8694.805253067536,-1194.805253067536
4581,train,25000,22058.29446161091,2941.705538389091
1439,train,45000,36430.527993022544,8569.472006977456
21,train,9000,9210.010425072325,-210.01042507232523
3661,train,16000,13549.76546595369,2450.2345340463107
1559,train,15000,13924.498979617058,1075.5010203829424
2927,train,6000,7026.6246336173035,-1026.6246336173035
1075,train,75000,66375.84221678347,8624.157783216535
1174,train,65000,58754.895719977794,6245.104280022206
3635,train,25000,20914.286197344267,4085.713802655733
211,train,7500,6917.5802944983225,582.4197055016775
365,train,12000,9373.578339842461,2626.421660157539
4338,train,9000,9653.427233692917,-653.4272336929171
3147,train,12000,13035.275333909107,-1035.2753339091068
830,train,23000,28013.498749008195,-5013.498749008195
3987,train,18000,20517.417388643546,-2517.4173886435456
160,train,9500,9448.29837811629,51.701621883710686
1772,train,3500,4726.631083590734,-1226.6310835907343
3189,train,10000,10571.450357449254,-571.4503574492537
4306,train,32000,32999.16449735621,-999.164497356207
1920,train,7000,7571.15169270897,-571.1516927089697
953,train,40000,37988.20997598978,2011.7900240102172
637,train,60000,50969.61644873867,9030.38355126133
3068,train,7500,8430.75313421924,-930.7531342192397
623,train,25000,23026.97022880325,1973.0297711967505
1551,train,20000,28537.130598735475,-8537.130598735475
756,train,330000,267296.8999646361,62703.100035363925
668,train,50000,50512.012289865546,-512.0122898655463
1361,train,34000,39459.37340617201,-5459.37340617201
1600,train,10000,11846.384653740777,-1846.3846537407771
2565,train,18500,20239.808541713803,-1739.8085417138027
4542,train,25000,24769.817441438765,230.18255856123506
1525,train,7000,6508.697652966871,491.3023470331291
2999,train,15000,13945.197246346203,1054.8027536537975
319,train,5000,5752.602420254972,-752.6024202549715
3882,train,14000,12541.152485663124,1458.847514336876
2451,train,35000,32098.85507507939,2901.144924920609
944,train,40000,34241.18627795387,5758.8137220461285
4383,train,12000,15131.2555572477,-3131.2555572476995
4224,train,10000,11068.834742819517,-1068.8347428195175
426,train,6000,6801.891541725916,-801.8915417259159
4373,train,15000,14431.554390833104,568.4456091668962
1502,train,25000,24116.85457350068,883.145426499319
3463,train,50000,53576.01994694161,-3576.019946941611
4301,train,10000,10581.769223784995,-581.7692237849951
4467,train,12000,11887.902956031743,112.09704396825691
3139,train,330000,232198.1426466974,97801.85735330259
1825,train,120000,87624.98087369451,32375.019126305488
3325,train,5000,5949.979853242466,-949.9798532424657
386,train,7000,6892.074181163856,107.92581883614366
2385,train,90000,93250.28772556165,-3250.2877255616477
3228,train,9000,8383.569804084484,616.4301959155164
1286,train,19000,22268.61943530658,-3268.6194353065803
385,train,5000,5238.393091035034,-238.39309103503365
3516,train,23000,18391.215379812445,4608.7846201875545
4096,train,13000,12507.07671926966,492.9232807303397
1003,train,140000,130966.23737430944,9033.762625690564
4566,train,50000,48924.10704761959,1075.8929523804109
2005,train,14000,13971.195271669792,28.80472833020758
4654,train,16000,18356.361649463674,-2356.3616494636735
3951,train,8000,7702.554432460435,297.44556753956476
2805,train,9000,7563.633846588041,1436.3661534119592
2418,train,12000,11703.975514439051,296.02448556094896
1269,train,65000,46753.36407974142,18246.63592025858
461,train,34000,21336.26735749346,12663.73264250654
2217,train,11000,12525.066647148285,-1525.0666471482855
3471,train,8500,8656.848509468417,-156.84850946841652
4034,train,4500,4626.644710386685,-126.64471038668489
3981,train,4000,4756.186160744598,-756.186160744598
640,train,35000,35715.05805179199,-715.058051791988
559,train,110000,118185.63538148227,-8185.635381482265
3324,train,18000,16063.653779091605,1936.3462209083955
3133,train,10000,9640.181958869362,359.81804113063845
3095,train,20000,20171.41565137563,-171.41565137563157
1190,train,35000,32574.61012176858,2425.389878231421
1499,train,13000,15567.710489563731,-2567.7104895637312
3716,train,9500,9987.163138203465,-487.16313820346477
3374,train,15000,16073.162089183066,-1073.1620891830662
290,train,10000,12052.074457553183,-2052.0744575531826
3586,train,6500,6899.502019539863,-399.5020195398629
2852,train,18000,16603.116793902835,1396.8832060971654
1026,train,65000,60295.23350243974,4704.76649756026
1401,train,22000,26500.084330747526,-4500.084330747526
297,train,5000,5487.444163211352,-487.44416321135213
4407,train,52000,49051.688914049555,2948.311085950445
1300,train,260000,282829.3021896393,-22829.302189639304
1323,train,22000,22311.084955907754,-311.0849559077542
2507,train,52000,44073.0459357938,7926.954064206198
3280,train,47500,48026.92722231296,-526.9272223129592
2061,train,9000,8235.019249058785,764.9807509412149
4005,train,9500,10927.65776135064,-1427.6577613506397
3544,train,72000,87643.61146683434,-15643.611466834336
411,train,6000,7328.6290155468805,-1328.6290155468805
2009,train,30000,26403.33233646856,3596.6676635314398
2187,train,34000,35123.881687954614,-1123.8816879546139
2346,train,30000,28414.475455094354,1585.5245449056456
2709,train,15000,13514.509473445061,1485.4905265549387
3689,train,8500,11248.780620143532,-2748.7806201435324
3087,train,30000,28867.4935928914,1132.5064071086017
4041,train,8000,7311.9469486521675,688.0530513478325
891,train,55000,49017.50451604113,5982.495483958868
3795,train,37000,39168.99250472886,-2168.9925047288634
2567,train,11000,10706.974182326036,293.0258176739644
3517,train,17000,14160.990841604094,2839.0091583959056
1234,train,100000,105281.84387423737,-5281.843874237369
224,train,8500,8879.725966938146,-379.7259669381456
1256,train,28500,30351.12549406198,-1851.1254940619801
3559,train,6166,6560.282077445521,-394.2820774455213
3523,train,25000,26390.09585224316,-1390.095852243161
2296,train,14000,14855.03845751791,-855.0384575179105
2512,train,16000,14715.655175995957,1284.3448240040434
2863,train,20000,19936.892065892283,63.107934107716574
816,train,45000,40561.9734495178,4438.026550482202
750,train,10000,12980.754161820656,-2980.754161820656
2622,train,10000,11203.332856967787,-1203.332856967787
719,train,20000,20572.73200025854,-572.7320002585402
9,train,10000,12403.531872564088,-2403.531872564088
1353,train,34000,35229.79462221354,-1229.7946222135433
2582,train,17000,15939.680178518127,1060.319821481873
2018,train,5000,5704.733713437373,-704.7337134373729
1921,train,13000,14720.977924319643,-1720.9779243196426
254,train,8000,7807.973199008654,192.02680099134614
881,train,34000,31784.392892669603,2215.6071073303974
3075,train,6000,5619.2735489907745,380.72645100922546
3687,train,12000,14785.630748165757,-2785.630748165757
3269,train,28000,23795.68861097451,4204.31138902549
766,train,95000,75748.76790839528,19251.232091604717
2646,train,17401,16747.290625504902,653.709374495098
3844,train,18000,17777.120634823514,222.87936517648632
740,train,33000,30412.582578417212,2587.417421582788
378,train,6500,7826.250123460498,-1326.250123460498
2872,train,12000,12102.342300899027,-102.34230089902667
2850,train,16500,18626.48950795741,-2126.489507957409
2473,train,12000,12189.51085193364,-189.51085193364088
1497,train,10000,10529.133065577056,-529.1330655770562
4000,train,32000,27601.105001336564,4398.894998663436
3988,train,14500,13960.02708299576,539.9729170042392
1698,train,9000,9666.843499195094,-666.8434991950944
2255,train,35000,32493.981581747295,2506.0184182527046
2247,train,30000,29164.811016521988,835.1889834780122
1631,train,12000,12615.656711366297,-615.6567113662968
1641,train,12000,12739.75309818398,-739.7530981839791
4408,train,9500,9778.682507985504,-278.68250798550434
3696,train,26000,23737.324857423187,2262.6751425768125
2868,train,28000,26342.111720544788,1657.888279455212
1252,train,180000,159922.9467092268,20077.053290773212
3751,train,15000,15389.016163899269,-389.0161638992686
1451,train,75000,66457.10272544154,8542.897274558462
4050,train,35000,27086.774292233622,7913.225707766378
2314,train,22000,19199.384708170543,2800.6152918294574
111,train,6000,6374.003941654691,-374.0039416546906
2367,train,100000,94688.82230979699,5311.177690203011
4232,train,150000,147206.06612927341,2793.933870726585
670,train,50000,57554.66074931625,-7554.660749316252
317,train,5000,4552.01716408372,447.98283591628024
1779,train,20000,17624.511053348728,2375.4889466512723
3674,train,40000,42075.27798801504,-2075.277988015041
4672,train,20000,15242.355592862561,4757.644407137439
1648,train,7500,7543.78503455559,-43.785034555589846
338,train,7000,7396.863516761536,-396.8635167615357
1296,train,17000,16247.222277614532,752.7777223854682
218,train,7500,7883.551260094313,-383.55126009431297
4591,train,37000,41113.50741476438,-4113.507414764383
4587,train,40000,40601.57008148456,-601.5700814845623
802,train,30000,29967.57410141304,32.4258985869601
1555,train,6000,6452.918466418564,-452.9184664185641
4477,train,9000,8656.36149927074,343.63850072925925
673,train,25000,23684.399667081423,1315.600332918577
3782,train,11000,11206.576050157732,-206.57605015773152
2310,train,35000,29919.130570215704,5080.869429784296
1982,train,20000,17290.935526233177,2709.0644737668226
4494,train,25000,23419.861386978,1580.1386130220017
1469,train,35000,28121.458546792142,6878.541453207858
1592,train,35000,32771.342372001694,2228.6576279983055
1958,train,7000,7701.07821924265,-701.0782192426504
1176,train,43000,45682.50174816277,-2682.501748162773
4611,train,7500,7770.129836178875,-270.12983617887494
593,train,30000,26375.501784865024,3624.498215134976
2117,train,60000,50436.856530714525,9563.143469285475
3685,train,13000,12434.47823846237,565.5217615376296
2571,train,22000,22004.645637068068,-4.645637068068027
3176,train,7500,7284.837852032793,215.1621479672067
309,train,7000,6703.5931306481825,296.4068693518175
4608,train,11000,10534.480504666793,465.5194953332066
3259,train,8000,9677.676749084989,-1677.6767490849888
4393,train,10000,10821.681637632442,-821.6816376324423
1030,train,120000,137412.55635153828,-17412.556351538282
3367,train,6000,5686.631027735519,313.3689722644813
469,train,9500,9739.214372743809,-239.21437274380878
2299,train,12000,13728.764130754136,-1728.7641307541362
787,train,200000,170597.65766348483,29402.34233651517
2623,train,15000,13768.667565831352,1231.3324341686475
2819,train,35000,30415.09646697117,4584.903533028832
3293,train,46000,47602.05768915257,-1602.0576891525707
2111,train,32000,35995.18231492056,-3995.1823149205593
4562,train,16000,14012.778313162522,1987.221686837478
3389,train,9000,10439.953153081691,-1439.9531530816912
1619,train,18000,15287.384499601636,2712.615500398364
1962,train,52000,49793.80134083462,2206.1986591653767
4179,train,12000,10648.439785292869,1351.5602147071313
4131,train,52000,64403.50472776584,-12403.504727765838
2031,train,25000,26479.30002779019,-1479.3000277901883
1919,train,12500,10055.665744894115,2444.334255105885
4123,train,14000,14029.932329697289,-29.93232969728888
3028,train,45000,38322.29485682783,6677.70514317217
1705,train,18000,17510.608640820094,489.39135917990643
800,train,35000,33045.051127782244,1954.9488722177557
2756,train,19000,15693.839541968995,3306.160458031005
2264,train,6000,6109.989553019616,-109.98955301961632
1115,train,24000,25233.62047970808,-1233.620479708079
3779,train,9000,9779.118574229375,-779.1185742293746
229,train,18000,14417.150527905953,3582.849472094047
259,train,7000,7147.446572346214,-147.44657234621445
1395,train,180000,136156.9313170602,43843.068682939804
1720,train,11500,12624.26305715229,-1124.2630571522895
1186,train,270000,226059.12902069002,43940.870979309984
681,train,150000,151676.05130434743,-1676.0513043474348
3783,train,140000,115572.35166235476,24427.648337645238
2250,train,6000,6535.927891605879,-535.9278916058793
904,train,100000,113457.13440821262,-13457.134408212616
3776,train,12000,12090.958036239163,-90.95803623916254
360,train,5000,5101.979401671321,-101.97940167132128
1287,train,140000,107264.67001407521,32735.329985924793
3660,train,10000,9476.052102502197,523.9478974978028
3113,train,49000,50230.00640175638,-1230.0064017563782
2227,train,50000,48152.021740295,1847.9782597049998
4605,train,10000,14148.719901549804,-4148.7199015498045
2960,train,5000,6575.235123077642,-1575.2351230776421
3622,train,14000,18326.90193584563,-4326.901935845632
2376,train,30000,26410.162329955383,3589.837670044617
305,train,3000,3568.618383025335,-568.6183830253349
505,train,2200,3079.742473905949,-879.7424739059488
3274,train,5000,5902.125018001028,-902.1250180010284
1112,train,200000,165234.59961753958,34765.400382460415
2799,train,90000,85656.18616011993,4343.813839880066
214,train,6000,5994.2245811657085,5.775418834291486
3592,train,15000,13509.39053588001,1490.6094641199907
1947,train,15000,12973.75345594453,2026.2465440554697
865,train,75000,79947.28776174744,-4947.287761747444
3524,train,16500,15408.486660201163,1091.5133397988375
326,train,8000,8036.1106539641605,-36.11065396416052
3154,train,11000,11655.79884476944,-655.7988447694406
2788,train,21000,14707.693745218354,6292.306254781646
1111,train,18500,23486.17203631656,-4986.172036316559
4153,train,28000,30686.841220779108,-2686.841220779108
2657,train,27000,28228.03337304968,-1228.0333730496786
834,train,220000,186039.78111360763,33960.218886392366
839,train,65000,54874.53871959705,10125.461280402953
2694,train,15000,16943.713494663283,-1943.7134946632832
1836,train,30000,27637.00692592943,2362.9930740705713
3397,train,16000,13282.94617835638,2717.05382164362
328,train,8000,8438.430313935012,-438.43031393501224
1376,train,120000,110138.77383148667,9861.226168513327
942,train,5500,7241.5759146479195,-1741.5759146479195
1223,train,46000,46405.25452782064,-405.25452782063803
3537,train,25000,23759.919902379042,1240.0800976209575
1690,train,23000,20009.555121542868,2990.4448784571323
2563,train,12000,10778.540008686554,1221.4599913134462
1975,train,20000,18862.68840769414,1137.3115923058613
2836,train,130000,161575.84742217453,-31575.847422174527
351,train,7000,6693.0578562821265,306.9421437178735
4290,train,20000,16993.087706528557,3006.9122934714433
2046,train,42500,37793.67727328159,4706.322726718412
4510,train,8000,10344.503580354085,-2344.503580354085
1618,train,8500,8711.057875854189,-211.05787585418875
1066,train,30000,26767.632668203925,3232.3673317960747
1276,train,23000,23109.568288946695,-109.56828894669525
1558,train,8000,7250.665772402302,749.3342275976984
39,train,10000,8580.366306729535,1419.6336932704653
270,train,5500,5654.308215937226,-154.30821593722612
2435,train,9500,9833.680995505925,-333.68099550592524
4635,train,45000,50767.40727946482,-5767.407279464816
1035,train,350000,427974.3367824404,-77974.33678244043
854,train,32000,30757.256078404233,1242.7439215957675
69,train,7500,5199.667779733819,2300.332220266181
3066,train,8000,10539.160654418492,-2539.1606544184924
1838,train,8000,7782.278992466796,217.7210075332041
2795,train,8000,8655.599287786476,-655.5992877864755
1238,train,84500,85695.59818921876,-1195.5981892187556
1599,train,13000,12884.40035813737,115.59964186262914
3796,train,18000,17561.72488722141,438.27511277858866
4633,train,16000,15189.260785766797,810.7392142332028
3225,train,8500,9064.803611221605,-564.803611221605
991,train,53000,55287.329749833756,-2287.329749833756
1091,train,46000,42658.17953552302,3341.8204644769794
3571,train,15000,13165.127146152146,1834.8728538478535
2463,train,12500,11339.50692310083,1160.4930768991708
4401,train,32000,26429.81913501577,5570.180864984231
1466,train,90000,74062.2979690979,15937.702030902103
665,train,350000,325035.7061292411,24964.293870758906
1288,train,30000,33723.41488213938,-3723.414882139383
3977,train,22000,21084.543957803966,915.4560421960341
1080,train,40000,45020.556177184204,-5020.556177184204
1849,train,6000,5965.422113025928,34.57788697407159
3577,train,23000,18889.714280551674,4110.285719448326
4529,train,42000,48130.39570470915,-6130.3957047091535
4300,train,30000,29669.406470036458,330.5935299635421
698,train,140000,125731.32078054544,14268.679219454556
3778,train,35000,34756.654449987276,243.34555001272383
921,train,260000,280898.71346810757,-20898.71346810757
1674,train,12000,13077.850233232455,-1077.8502332324551
2107,train,6500,7168.856045543132,-668.8560455431316
2446,train,70000,48421.17975481142,21578.82024518858
2861,train,13000,12806.810685156937,193.18931484306268
2459,train,25000,25567.25550100168,-567.2555010016804
2008,train,43000,42169.9328677307,830.0671322693015
4476,train,6200,6943.425946769106,-743.4259467691063
3179,train,12000,12663.648715109035,-663.648715109035
3497,train,20000,19395.760961145912,604.239038854088
3533,train,9000,10048.453744765071,-1048.453744765071
1782,train,15000,14089.75762902252,910.2423709774794
2118,train,8500,7996.990017432716,503.00998256728417
1789,train,30000,26976.18875540001,3023.8112445999905
215,train,20000,19982.122066909415,17.87793309058543
2699,train,14000,12510.142074179814,1489.8579258201862
1804,train,16500,15312.648554336889,1187.351445663111
1386,train,25000,28306.740387383634,-3306.740387383634
859,train,25000,27340.597195286664,-2340.597195286664
3405,train,20000,17144.71013510789,2855.289864892111
582,train,89000,90873.62198373862,-1873.621983738616
4285,train,6500,6535.12633174212,-35.12633174211987
3565,train,14000,11974.74547766391,2025.2545223360903
3798,train,10000,9810.053583793162,189.94641620683797
1489,train,35000,30549.678326884776,4450.321673115224
964,train,95000,87390.73558837535,7609.264411624652
1543,train,23000,21415.494512803056,1584.5054871969442
4428,train,7000,7063.837243161505,-63.837243161505285
2108,train,13500,15721.914457556519,-2221.9144575565188
1431,train,85000,85787.68569472384,-787.6856947238412
296,train,10000,10359.065220876277,-359.0652208762767
2164,train,11000,11683.475671362667,-683.4756713626666
4732,train,15000,14680.97033952802,319.0296604719806
1092,train,35000,31253.884919073258,3746.115080926742
2989,train,29000,21824.79285037303,7175.207149626971
1372,train,34000,46680.84222457476,-12680.842224574757
2271,train,6000,6631.839381560379,-631.8393815603786
2491,train,27000,24895.562766726904,2104.4372332730964
557,train,68000,52471.64226166198,15528.357738338018
849,train,180000,179237.44381588034,762.5561841196613
4208,train,25000,27134.07938725225,-2134.0793872522518
3162,train,8000,8498.473780722119,-498.47378072211905
3,train,10000,11098.591080787855,-1098.5910807878554
4395,train,10000,10424.002306284865,-424.00230628486497
930,train,150000,142179.32294612512,7820.677053874882
1670,train,15000,18140.729995434358,-3140.729995434358
128,train,4700,4914.545530263285,-214.5455302632854
4564,train,20000,18619.544453903767,1380.4555460962329
192,train,10000,12261.093792240936,-2261.0937922409357
4221,train,11000,11024.062614517925,-24.062614517924885
3688,train,25000,25150.55958118801,-150.55958118800845
3359,train,9500,9408.747443833548,91.25255616645154
4180,train,10000,11614.994590434235,-1614.9945904342349
196,train,5200,5144.568130022624,55.431869977375754
455,train,7000,6548.745223997228,451.2547760027719
3936,train,55000,63276.42895372054,-8276.42895372054
2190,train,12000,12931.630600376984,-931.6306003769841
3365,train,13000,12633.823928313652,366.1760716863482
2237,train,35000,38139.76196849025,-3139.761968490253
487,train,6000,7513.853878002847,-1513.8538780028466
520,train,25000,26308.42531120295,-1308.425311202951
501,train,14000,16440.56602067483,-2440.566020674829
4495,train,14000,13287.555307594983,712.4446924050171
957,train,16000,17162.47491253456,-1162.4749125345588
2816,train,31500,33689.010438126534,-2189.0104381265337
4505,train,8500,9918.453631006305,-1418.453631006305
3429,train,22000,22335.229174981225,-335.2291749812248
1870,train,11000,11272.023258159345,-272.02325815934455
1812,train,12000,11188.80479430443,811.1952056955706
682,train,27000,22576.019944460546,4423.980055539454
2629,train,6000,6220.91881013886,-220.91881013885995
3100,train,9000,9306.62801649609,-306.6280164960899
2692,train,50000,42411.013497769716,7588.986502230284
799,train,70000,72317.24642806497,-2317.246428064973
2897,train,9000,10300.509666869026,-1300.5096668690258
4018,train,17000,14806.079378855655,2193.920621144345
3908,train,9000,9634.11656106387,-634.1165610638709
2506,train,35000,27135.67761314498,7864.322386855019
125,train,18000,15169.085185218371,2830.9148147816286
1072,train,54500,44792.394700507335,9707.605299492665
2568,train,52000,56756.89488249254,-4756.894882492539
180,train,15000,11453.118607810942,3546.881392189058
1755,train,6000,6761.798046260034,-761.7980462600344
1258,train,270000,243510.85442790308,26489.145572096924
1201,train,35000,29555.81907776332,5444.180922236679
843,train,56000,56024.22664881798,-24.226648817981186
3281,train,7500,8834.928403767295,-1334.928403767295
241,train,9000,8500.375396866591,499.6246031334085
717,train,8500,12171.824745069694,-3671.8247450696945
3127,train,18000,18042.545977124522,-42.545977124522324
2212,train,9000,8878.018981619687,121.98101838031289
4309,train,20000,19477.535475583256,522.4645244167441
4092,train,11000,11448.293794912335,-448.2937949123352
619,train,50000,56422.72697752493,-6422.72697752493
3023,train,10000,10851.06494885473,-851.0649488547297
2705,train,17000,14686.307876380493,2313.6921236195067
798,train,150000,106421.1444891197,43578.8555108803
749,train,80000,74970.61387953603,5029.386120463969
1130,train,33000,37131.28572329306,-4131.285723293062
1758,train,27500,24657.358422356567,2842.6415776434333
2651,train,13000,12918.450323216264,81.54967678373578
2224,train,6200,6733.638134389044,-533.6381343890444
596,train,47000,45452.49885766419,1547.5011423358083
235,train,15000,13151.221550991873,1848.7784490081267
458,train,15000,13962.909790117834,1037.0902098821662
2011,train,15000,14970.888165703833,29.111834296167217
318,train,14000,10271.147476087714,3728.8525239122864
3683,train,13500,13979.06844436685,-479.0684443668506
4461,train,15000,16388.051188427904,-1388.051188427904
22,train,4000,4570.088290635346,-570.0882906353463
4471,train,15000,12740.80159825648,2259.1984017435207
1795,train,7000,7314.841365460569,-314.84136546056925
4177,train,12000,11947.23388037248,52.76611962752031
4163,train,15000,16279.161776003897,-1279.161776003897
2396,train,10000,9918.051634609139,81.948365390861
4190,train,5500,6083.4935416380395,-583.4935416380395
2939,train,23000,21722.265226905598,1277.734773094402
836,train,35000,37482.03256046514,-2482.032560465137
1686,train,10000,9869.58404067674,130.4159593232598
1024,train,9400,12115.466650708837,-2715.466650708837
3328,train,30000,27253.375904173216,2746.6240958267845
3486,train,6000,5964.710704596599,35.28929540340141
3079,train,15000,16407.655610998343,-1407.655610998343
2867,train,25000,30774.98324249987,-5774.983242499871
1739,train,45000,45386.45850781226,-386.4585078122618
4425,train,16000,14429.9636393658,1570.0363606341998
3758,train,11500,12802.170387065977,-1302.1703870659767
519,train,12000,11050.408794701118,949.5912052988824
291,train,14000,15551.103437105934,-1551.103437105934
2377,train,14000,15390.838523656836,-1390.8385236568356
1161,train,85000,75894.13770187658,9105.862298123422
4211,train,3000,3550.24866228511,-550.2486622851102
693,train,55000,57237.58186704334,-2237.5818670433364
1572,train,180000,154629.1406916323,25370.85930836771
4569,train,25000,23516.895493658845,1483.1045063411548
1582,train,15000,13489.03256490435,1510.9674350956502
2291,train,22000,21853.98045732514,146.01954267486144
2869,train,22000,22744.480114556747,-744.4801145567471
1250,train,13000,14433.872395384793,-1433.872395384793
538,train,33500,37124.97605834526,-3624.976058345259
841,train,280000,286777.21602444246,-6777.2160244424595
1635,train,11000,11986.129679895928,-986.1296798959283
1162,train,110000,108726.10084651648,1273.8991534835222
3221,train,65000,71616.4719548341,-6616.4719548340945
1032,train,130000,137939.2680997491,-7939.268099749112
2919,train,30000,28885.053676155974,1114.9463238440258
1767,train,9000,8465.805971025015,534.1940289749855
464,train,7000,7006.954127541846,-6.954127541845992
3765,train,14000,12575.42041107091,1424.5795889290894
2322,train,15000,15588.887419595434,-588.887419595434
4086,train,20000,21675.233714764865,-1675.233714764865
3247,train,9000,10310.057686527554,-1310.0576865275543
3924,train,24000,27141.68255378563,-3141.682553785631
4439,train,20000,15873.418778158479,4126.581221841521
3012,train,7000,7082.88020159551,-82.88020159550979
3466,train,10000,12467.051282977367,-2467.051282977367
591,train,45000,46595.58657839599,-1595.586578395989
2987,train,12000,11948.108690644085,51.89130935591493
470,train,1800,2664.7769971523735,-864.7769971523735
1440,train,22000,20184.57679000094,1815.4232099990586
840,train,45000,47921.1600387471,-2921.160038747097
3518,train,8500,10581.32943896239,-2081.3294389623898
2918,train,24000,22818.525860029327,1181.4741399706727
488,train,18000,14870.927452731701,3129.072547268299
3016,train,4500,4362.163673001378,137.8363269986221
3442,train,9500,10816.80245849805,-1316.8024584980503
3997,train,13000,15411.012061204763,-2411.012061204763
4458,train,13000,11471.375731961207,1528.6242680387932
2724,train,5000,6083.4862826044255,-1083.4862826044255
1103,train,70000,64596.26863133342,5403.73136866658
4001,train,15000,13492.133826483298,1507.8661735167025
3940,train,7000,8453.75975710205,-1453.7597571020506
795,train,18500,19091.07913635276,-591.0791363527605
4288,train,3300,3792.683729383718,-492.68372938371795
704,train,40000,40252.843783083066,-252.84378308306623
4347,train,7500,7468.806427409807,31.19357259019307
3790,train,70000,44433.66004718652,25566.339952813483
3676,train,18000,16075.519890757521,1924.4801092424786
1319,train,12000,16064.989576208312,-4064.9895762083124
2270,train,60000,55587.93799429689,4412.062005703112
3786,train,250000,212014.36292678813,37985.63707321187
1291,train,85000,100330.37293811188,-15330.372938111876
1414,train,85000,85009.06367161307,-9.063671613068436
2139,train,7500,7780.332397340366,-280.3323973403658
3119,train,11000,11613.309863843504,-613.309863843504
1965,train,22000,22108.83759178376,-108.8375917837584
4725,train,18000,18180.853947092244,-180.8539470922442
2173,train,12000,12382.789495141744,-382.7894951417438
558,train,30000,27415.711396370054,2584.288603629946
1845,train,13000,14085.12711786996,-1085.1271178699608
1634,train,8000,7475.842877912913,524.1571220870874
431,train,23000,20098.400813667526,2901.5991863324743
2439,train,30000,23138.459728280446,6861.540271719554
3543,train,12000,10842.282267438144,1157.7177325618559
349,train,6000,8499.750744739273,-2499.7507447392727
53,train,15000,14916.081655530394,83.91834446960638
3632,train,10000,11322.71931921267,-1322.7193192126706
50,train,7500,7544.5099834197035,-44.50998341970353
4412,train,9000,9260.307457680348,-260.3074576803483
3284,train,7000,8536.115189340493,-1536.115189340493
2905,train,12100,12365.254207676122,-265.25420767612195
1418,train,20000,21191.66438272235,-1191.6643827223488
2157,train,12000,11411.483959416739,588.5160405832612
1302,train,45000,45785.851307147874,-785.8513071478737
1859,train,50000,48433.53703794222,1566.4629620577834
3539,train,14000,14670.259319377546,-670.2593193775465
1993,train,30000,28200.787081146478,1799.2129188535218
28,train,8500,9055.760710597706,-555.7607105977058
2092,train,9000,9863.206337964997,-863.2063379649971
3243,train,25000,30010.33458640592,-5010.334586405919
3682,train,9500,8827.909850852142,672.090149147858
3453,train,37500,36918.01072073035,581.9892792696483
1260,train,26000,25931.41583145984,68.58416854016104
1424,train,22000,18465.37863335054,3534.6213666494587
3440,train,14000,12908.341809533835,1091.6581904661653
1933,train,8000,8129.352203455601,-129.35220345560083
204,train,5000,5222.8509540035175,-222.85095400351747
3010,train,20000,21951.202326504084,-1951.2023265040843
4540,train,7000,6595.486268440881,404.51373155911915
2803,train,4000,5860.509437273024,-1860.5094372730237
3854,train,26000,22797.45817268477,3202.541827315232
1301,train,32000,28256.00527167873,3743.9947283212714
4160,train,14000,11356.222437797804,2643.7775622021963
1237,train,79500,72887.12747411642,6612.872525883577
3057,train,6000,6884.993025969459,-884.9930259694593
1792,train,20000,19020.902335860766,979.0976641392335
977,train,23000,27035.56399668869,-4035.5639966886883
2216,train,11000,10780.112102337245,219.88789766275477
2913,train,40000,46474.15559133527,-6474.155591335271
1437,train,75000,91971.19631189624,-16971.196311896245
2693,train,20000,15756.979234186656,4243.020765813344
4679,train,20000,22275.32919302892,-2275.3291930289197
1639,train,8000,8744.111619240706,-744.1116192407062
3449,train,15000,14028.038140307037,971.9618596929631
542,train,400000,362983.1391622272,37016.86083777278
1362,train,170000,156479.2478740407,13520.75212595929
2415,train,80000,65644.71920962822,14355.280790371777
3002,train,15000,13621.634970274345,1378.3650297256554
2404,train,14900,11970.901502951354,2929.098497048646
4664,train,8000,9688.395490348745,-1688.3954903487447
2259,train,30000,29397.133212163164,602.866787836836
2901,train,23000,22973.79661627962,26.20338372038168
2497,train,7000,7469.291410649602,-469.29141064960186
1330,train,16000,13221.91108877324,2778.0889112267596
2993,train,14000,14716.310510602145,-716.3105106021449
3712,train,23000,19620.949379589714,3379.050620410286
3756,train,16000,13839.704101997799,2160.2958980022013
2238,train,9000,10618.437876209267,-1618.4378762092674
330,train,3800,4666.207225353272,-866.2072253532724
1067,train,45000,49496.154049751014,-4496.154049751014
1127,train,43000,45528.324386058535,-2528.3243860585353
3834,train,40000,32890.26541942151,7109.7345805784935
3343,train,18000,17697.4277744024,302.57222559759975
630,train,310000,300277.30092237185,9722.699077628145
713,train,35000,42112.945509455625,-7112.945509455625
2747,train,9500,8376.64424639232,1123.3557536076805
2094,train,20000,17030.225848879065,2969.774151120935
268,train,6500,8404.00319727423,-1904.0031972742308
3928,train,27000,28551.154343315324,-1551.1543433153238
2535,train,16000,13135.061538743605,2864.9384612563954
2105,train,6000,8155.704354225856,-2155.704354225856
3851,train,27500,28440.18204418142,-940.1820441814198
1617,train,12000,12751.478814683906,-751.4788146839055
2895,train,150000,84710.95951983686,65289.04048016314
265,train,40000,41301.16999947695,-1301.1699994769515
4120,train,80000,69138.28699965558,10861.713000344418
2533,train,28500,26321.54946860197,2178.45053139803
4250,train,15000,14666.575561674419,333.4244383255809
2249,train,21000,21959.832269669856,-959.832269669856
3419,train,10500,10821.03841381733,-321.03841381733037
506,train,3300,3304.428295576166,-4.428295576165965
2994,train,6000,7055.517582984566,-1055.5175829845657
4426,train,14000,12825.858018287283,1174.141981712717
1345,train,90000,93616.14075316598,-3616.140753165979
1485,train,280000,305815.69233312336,-25815.692333123356
1796,train,10000,10196.71428271172,-196.71428271172044
233,train,21000,14844.095347731252,6155.904652268748
622,train,220000,214350.9334706118,5649.06652938819
1074,train,67000,70353.2690200517,-3353.2690200516954
2821,train,20000,16357.742418127997,3642.2575818720034
2601,train,30000,31815.646047380073,-1815.6460473800726
1976,train,9000,9559.714176321142,-559.7141763211421
4689,train,53000,57316.13424352334,-4316.134243523338
3223,train,15000,18143.76777996495,-3143.76777996495
220,train,3000,3298.943008769096,-298.9430087690962
4729,train,17000,18094.22606102908,-1094.2260610290796
1294,train,36000,37006.81007510371,-1006.8100751037127
3840,train,13000,12988.612701747232,11.387298252768232
428,train,5500,5414.641714869801,85.35828513019896
429,train,8500,11875.528030317404,-3375.528030317404
1590,train,9000,9054.416339387486,-54.416339387486005
2460,train,13000,13711.542583038843,-711.5425830388431
2191,train,8000,7478.786003436284,521.2139965637161
872,train,130000,138934.69959819474,-8934.69959819474
107,train,8000,8618.630450988274,-618.6304509882739
2234,train,6000,6727.89103077839,-727.8910307783899
613,train,30000,25391.639448589587,4608.360551410413
1760,train,10000,10936.916329486025,-936.9163294860246
4649,train,6000,6469.669353779843,-469.6693537798428
4366,train,10000,10691.944138774266,-691.9441387742663
1340,train,400000,350451.4748197483,49548.52518025169
4715,train,15000,13307.058627314549,1692.941372685451
1211,train,30000,27528.91419312347,2471.08580687653
2132,train,8000,7690.669344034112,309.3306559658877
1168,train,150000,158115.44827959975,-8115.4482795997465
861,train,95000,84027.75855419644,10972.241445803564
1567,train,14500,14089.192632574097,410.80736742590307
2667,train,11000,10688.426794422512,311.5732055774879
689,train,48000,47425.04024810771,574.9597518922892
2690,train,9000,9939.108998789103,-939.1089987891028
2165,train,15000,13534.261171233627,1465.7388287663725
348,train,20000,19939.738842511724,60.261157488275785
2413,train,7500,8090.441681325896,-590.4416813258958
4280,train,10000,9865.29139083966,134.70860916033962
3329,train,9000,9527.039258469968,-527.0392584699675
3551,train,25000,26681.932467936203,-1681.9324679362035
2054,train,15000,14189.276790037029,810.7232099629709
3298,train,23999,21399.242075771977,2599.7579242280226
3029,train,35000,36933.99442949801,-1933.9944294980087
494,train,12000,13283.966119402592,-1283.966119402592
2558,train,10000,11125.38194708661,-1125.3819470866092
4361,train,53000,47742.34774845588,5257.6522515441175
3519,train,10000,11043.207798940277,-1043.207798940277
2429,train,55000,49145.26385026174,5854.736149738259
2168,train,42000,33546.96493427466,8453.035065725337
4030,train,19800,15869.344645059162,3930.655354940838
1561,train,10000,8920.88703803638,1079.1129619636195
4415,train,9000,9284.393648928653,-284.3936489286534
3907,train,8000,10514.034384206812,-2514.0343842068123
3970,train,12000,13219.336556724376,-1219.3365567243764
2148,train,18000,16256.041253404339,1743.958746595661
3953,train,65000,46720.720400851555,18279.279599148445
2166,train,5500,6062.603392813133,-562.6033928131328
720,train,38000,36308.716773049084,1691.2832269509163
863,train,18500,18913.220004407947,-413.2200044079473
399,train,5000,5426.970243785768,-426.9702437857677
2214,train,10000,9398.921908540033,601.0780914599673
3594,train,7000,7213.817305709052,-213.81730570905165
2430,train,20000,20290.27086822273,-290.2708682227312
3771,train,13000,12401.202220580222,598.7977794197777
2112,train,42000,41202.77301047755,797.2269895224526
3734,train,15000,17083.275729179397,-2083.275729179397
4176,train,200000,122250.80490839614,77749.19509160386
2428,train,15500,14230.857083645813,1269.142916354187
925,train,400000,353639.9520101558,46360.04798984423
2950,train,6000,7253.534453197461,-1253.5344531974606
109,train,6000,5484.004129064593,515.9958709354069
2719,train,25000,22572.217578535656,2427.782421464344
4386,train,25000,22578.98725261791,2421.0127473820903
2644,train,7000,6623.909710289407,376.0902897105934
3398,train,18000,16789.67875109876,1210.3212489012403
4563,train,12000,12741.321544964205,-741.3215449642048
4296,train,8000,9674.225487658065,-1674.2254876580646
1511,train,15000,15255.233372060788,-255.2333720607876
4195,train,24000,23912.947545594812,87.05245440518775
3784,train,12000,10314.297571865112,1685.7024281348877
4634,train,16000,14177.880545027236,1822.1194549727643
2723,train,6000,6333.929003396313,-333.9290033963134
1940,train,8000,7996.276783203168,3.7232167968322756
1494,train,13000,13313.755835431879,-313.75583543187895
4557,train,23000,21572.080614175495,1427.9193858245053
2194,train,32000,39592.43993335368,-7592.4399333536785
1500,train,7500,7044.603654966374,455.39634503362595
2921,train,10000,9912.763640690864,87.23635930913588
2948,train,30000,25007.76746325302,4992.232536746978
2465,train,15500,18306.84422336816,-2806.84422336816
2488,train,9000,8004.470878067404,995.5291219325964
86,train,7000,7924.115240631508,-924.1152406315077
1659,train,14500,14544.772345282692,-44.772345282692186
2457,train,7500,9640.577256678422,-2140.5772566784217
3196,train,11000,11062.39507391336,-62.39507391335974
1676,train,150000,139025.2600034458,10974.739996554214
4308,train,17000,16935.715734899753,64.28426510024656
1148,train,240000,225875.05630840728,14124.943691592722
3437,train,7000,7825.054395116014,-825.0543951160143
3785,train,13000,12652.33414650776,347.6658534922408
1934,train,9500,9959.721896178626,-459.7218961786257
1135,train,40000,40603.95356692997,-603.953566929973
2808,train,12500,15687.637615788453,-3187.6376157884533
3607,train,30000,24416.3757031106,5583.6242968894
561,train,20000,23062.794079952644,-3062.794079952644
3481,train,13000,13021.646155717706,-21.64615571770628
4148,train,20000,19481.203680288945,518.7963197110548
826,train,1000000,694920.9420923224,305079.0579076776
949,train,180000,164361.35545492056,15638.644545079442
898,train,60000,65164.10501220058,-5164.105012200584
3511,train,65000,61057.65200167066,3942.3479983293364
80,train,14500,18137.214153138822,-3637.2141531388224
453,train,7000,8848.496316133796,-1848.4963161337964
2560,train,12000,13884.121845940877,-1884.1218459408774
1396,train,30000,26537.856022477437,3462.1439775225626
3250,train,14000,16249.631094921573,-2249.631094921573
570,train,45000,48071.38923993889,-3071.3892399388933
1606,train,37000,31020.049732104744,5979.950267895256
1399,train,70000,68830.79377198897,1169.2062280110258
1523,train,5500,6238.046878169545,-738.0468781695454
4281,train,10000,11462.909968912663,-1462.9099689126633
240,train,8500,7829.455695708853,670.5443042911465
451,train,5146,5997.020655296255,-851.0206552962554
1311,train,50000,50480.48579384642,-480.48579384641926
258,train,22000,18296.79388214346,3703.206117856538
3138,train,8000,7763.378894679234,236.62110532076622
102,train,21000,20129.488164264963,870.5118357350366
794,train,150000,150150.66197606176,-150.66197606176138
3575,train,60000,49064.4701983936,10935.529801606397
1528,train,18000,17343.642344591386,656.3576554086139
4596,train,6000,6144.403913718581,-144.40391371858095
818,train,50000,48495.516821932724,1504.4831780672757
2781,train,18000,17105.534050640177,894.4659493598228
1088,train,50000,58759.50069622499,-8759.50069622499
219,train,6500,7068.268033296428,-568.2680332964283
245,train,7000,7977.396615469364,-977.3966154693644
210,train,13000,12835.571653186278,164.42834681372187
4371,train,40000,41800.38092295957,-1800.3809229595718
706,train,20000,26409.153499713146,-6409.153499713146
874,train,250000,238615.37414603058,11384.625853969424
2120,train,8500,7952.951810931704,547.0481890682959
1873,train,120000,124752.42100122981,-4752.421001229814
337,train,7000,7768.962617990981,-768.962617990981
1948,train,14000,13249.079663322587,750.9203366774127
1951,train,12000,10417.036504246184,1582.9634957538165
1134,train,36000,29594.59927108747,6405.400728912529
1563,train,11000,9037.870823928175,1962.129176071825
2909,train,42000,40047.26149501028,1952.7385049897202
44,train,6000,6081.302831407041,-81.30283140704069
2892,train,20000,21560.233387813878,-1560.233387813878
1622,train,17000,18635.121237407828,-1635.1212374078277
4313,train,17000,16824.605620080543,175.3943799194567
3444,train,120000,113367.53043887242,6632.469561127582
697,train,43000,40957.106429766194,2042.8935702338058
298,train,9000,7729.250022109088,1270.7499778909123
4233,train,16000,15273.199033443547,726.8009665564532
1054,train,100000,95529.9158847645,4470.084115235499
2406,train,10000,10340.73245589452,-340.73245589452017
2725,train,20000,16125.029901107524,3874.970098892476
4470,train,20000,26955.29525546534,-6955.295255465338
129,train,4700,5323.3684928087405,-623.3684928087405
4292,train,20000,18560.132951680338,1439.867048319662
4736,val,15000,13361.56827419028,1638.4317258097199
1052,val,130000,131490.27703736155,-1490.2770373615494
2600,val,40000,73830.6110510824,-33830.61105108239
2818,val,60000,29849.00947350221,30150.99052649779
2820,val,55000,44139.04947373871,10860.950526261287
1037,val,55000,57954.21815122611,-2954.2181512261086
2610,val,42000,61985.000963302824,-19985.000963302824
1382,val,80000,65132.90121616984,14867.098783830159
2755,val,65000,106867.55231866003,-41867.55231866003
2674,val,35000,49743.75684522008,-14743.75684522008
1397,val,100000,153800.775432565,-53800.77543256499
2206,val,21000,23458.687539630304,-2458.687539630304
1980,val,12000,7695.56799288643,4304.43200711357
4277,val,22000,23301.727111127668,-1301.7271111276677
4121,val,7500,5801.584425690072,1698.4155743099282
2033,val,30000,21212.831148766905,8787.168851233095
1446,val,22000,28707.8505913269,-6707.8505913269
3807,val,23000,15708.668025544588,7291.331974455412
2045,val,19000,12518.821432241382,6481.178567758618
4571,val,12000,16417.68683436359,-4417.686834363591
1574,val,12000,13702.109683911049,-1702.1096839110487
4681,val,9000,10170.707984164477,-1170.7079841644772
2335,val,22000,20326.644778389593,1673.3552216104072
1817,val,19000,14023.919718909136,4976.080281090864
2553,val,15000,13273.675115518381,1726.324884481619
3498,val,16000,14028.573213580235,1971.4267864197645
2864,val,5500,10045.355501150168,-4545.3555011501685
3777,val,17000,15345.994758104047,1654.005241895953
4599,val,16000,15717.03994623662,282.9600537633796
2502,val,11000,19048.861343687917,-8048.861343687917
765,val,140000,107978.52000750195,32021.479992498047
3974,val,12000,19858.254377744863,-7858.254377744863
1503,val,10500,13753.352452318997,-3253.352452318997
1876,val,5000,5203.779040309366,-203.77904030936588
1886,val,6000,6977.0048305807895,-977.0048305807895
866,val,100000,107212.07181388096,-7212.071813880961
862,val,30000,19295.96434099967,10704.035659000328
347,val,8500,8724.401714592355,-224.40171459235535
1271,val,98000,146385.23102763938,-48385.231027639384
1129,val,35000,35926.669390203075,-926.6693902030747
2738,val,8500,12444.908008417904,-3944.908008417904
1197,val,55000,39281.329468064156,15718.670531935844
3181,val,5000,4840.5236108683985,159.47638913160154
768,val,45000,37124.97605834526,7875.023941654741
1025,val,100000,100855.67406259339,-855.674062593389
4556,val,11000,12780.27427735984,-1780.2742773598402
2453,val,6000,11563.249166980051,-5563.249166980051
1,val,20000,8785.305070040624,11214.694929959376
2843,val,28000,26915.514604136974,1084.4853958630265
1281,val,95000,61420.54042604615,33579.45957395385
4377,val,20000,22823.948814895433,-2823.9488148954333
1904,val,65000,48117.36610819497,16882.63389180503
3263,val,25000,15910.145484006382,9089.854515993618
2965,val,85000,70610.35198797939,14389.64801202061
4414,val,39000,37428.990322203375,1571.0096777966246
209,val,8000,5845.670709930577,2154.329290069423
1147,val,8000,36032.15177613942,-28032.15177613942
3385,val,5700,6080.428521402751,-380.42852140275136
3839,val,27000,53923.34043156931,-26923.34043156931
4143,val,60000,46492.42626648791,13507.573733512087
2926,val,5500,7427.920832546962,-1927.9208325469617
3195,val,12000,11160.50290564487,839.4970943551307
2597,val,10000,13126.11723148838,-3126.1172314883806
2302,val,60000,63610.12127692084,-3610.1212769208432
4469,val,16000,11362.982743766537,4637.017256233463
638,val,190000,156360.02496391677,33639.975036083226
4489,val,15000,13773.90152762672,1226.09847237328
3213,val,8000,5327.997549886374,2672.002450113626
3495,val,70000,84654.7410707965,-14654.741070796503
285,val,25000,12651.944197393714,12348.055802606286
4667,val,15000,10545.776490953838,4454.223509046162
3725,val,11000,9874.600408821514,1125.399591178486
3846,val,14000,12593.266963906734,1406.7330360932665
3331,val,30000,23495.43184232395,6504.568157676051
2220,val,6500,6722.472843892524,-222.472843892524
4622,val,13000,19240.015114008587,-6240.015114008587
667,val,25000,17629.583180306465,7370.416819693535
1773,val,16000,21586.36365405671,-5586.3636540567095
744,val,300000,120854.13751297316,179145.86248702684
3849,val,15000,12407.760979004326,2592.239020995674
4514,val,70000,80102.94356051706,-10102.943560517058
2023,val,16000,15223.973295248972,776.0267047510279
1732,val,10000,15160.254128256718,-5160.254128256718
2277,val,8000,7637.33439640421,362.66560359579034
1801,val,18000,8999.33782519279,9000.66217480721
3715,val,17000,17299.578438257096,-299.5784382570964
4134,val,25000,18772.07254467031,6227.927455329689
3500,val,100000,64467.62442097726,35532.37557902274
3326,val,12000,14448.048713159867,-2448.0487131598675
3583,val,10000,9818.90904071427,181.0909592857297
3370,val,7500,11342.293904054863,-3842.2939040548627
2142,val,30000,27864.251215904053,2135.7487840959475
433,val,8500,7299.005926988347,1200.9940730116532
634,val,150000,124231.29845355252,25768.701546447483
2239,val,8000,6032.341951830246,1967.6580481697538
3413,val,30000,31415.0462902254,-1415.0462902254003
262,val,15000,9226.98114973971,5773.0188502602905
2007,val,14000,14205.216435251064,-205.21643525106447
733,val,25000,22720.801286468308,2279.198713531692
2069,val,13000,12014.47731049591,985.5226895040905
3960,val,30000,41664.941908135144,-11664.941908135144
814,val,100000,108509.64482707065,-8509.644827070646
4706,val,12000,11970.72247282883,29.277527171170732
1077,val,98000,107414.17522422085,-9414.175224220846
975,val,100000,41055.47957004338,58944.52042995662
4335,val,30000,29891.012186520475,108.98781347952536
146,val,2200,8623.448559846405,-6423.448559846405
2021,val,35000,25954.6437766949,9045.356223305102
1895,val,6500,7892.782359665711,-1392.7823596657108
3218,val,18000,17177.575246007407,822.4247539925927
2195,val,14500,9000.018775106208,5499.981224893792
4312,val,7000,14243.2502019279,-7243.2502019279
2923,val,280000,146476.52407827385,133523.47592172615
64,val,3500,4716.121474135545,-1216.1214741355452
4118,val,17000,17271.65758333487,-271.65758333486883
1131,val,47000,60867.874281042365,-13867.874281042365
1196,val,120000,110155.22383717712,9844.776162822876
336,val,7200,6728.782002799564,471.217997200436
1815,val,12000,10603.558456591758,1396.441543408242
4582,val,37000,43847.68297508651,-6847.682975086507
2887,val,10000,9735.421706401257,264.5782935987427
2154,val,9000,9407.943475453703,-407.9434754537033
3944,val,45000,38534.60976351898,6465.39023648102
1290,val,80000,51430.41778774114,28569.582212258858
747,val,35000,40613.8753749664,-5613.875374966403
2449,val,9000,11152.9865462504,-2152.9865462504004
221,val,5200,7761.541697918481,-2561.541697918481
3102,val,55000,92009.94872148811,-37009.94872148811
2079,val,14000,11784.909174707778,2215.090825292222
1049,val,40000,38672.25320190408,1327.746798095919
1051,val,95000,58773.0254792605,36226.9745207395
4014,val,16000,14393.868844942885,1606.1311550571154
2860,val,250000,59042.41405730681,190957.5859426932
1433,val,7500,34451.22973955092,-26951.229739550923
4421,val,8000,11541.44431862101,-3541.44431862101
3009,val,15000,16093.609553743328,-1093.6095537433284
4728,val,15000,19000.538022663903,-4000.5380226639027
3305,val,14000,14199.478536021663,-199.47853602166288
2057,val,9500,7324.154408747855,2175.845591252145
992,val,140000,162481.69633454192,-22481.69633454192
994,val,65000,65868.01083602526,-868.0108360252634
4536,val,38000,19651.09250226964,18348.90749773036
1216,val,43000,57897.95844118414,-14897.958441184142
1277,val,55000,38508.025049586984,16491.974950413016
2052,val,15000,16843.979468719615,-1843.9794687196154
3991,val,18000,11393.075320847198,6606.924679152802
3169,val,10000,11961.855755250499,-1961.855755250499
965,val,68000,70464.07905118975,-2464.0790511897503
2182,val,190000,71411.52297024119,118588.47702975881
99,val,15000,20175.803527466684,-5175.803527466684
2970,val,24000,24706.829807080823,-706.8298070808232
226,val,7000,6886.968512844213,113.03148715578664
74,val,40000,16846.373343314062,23153.626656685938
752,val,57000,54091.46761645994,2908.532383540063
4670,val,17000,17962.28329448012,-962.2832944801194
3126,val,25000,15972.769288371077,9027.230711628923
1299,val,140000,222155.4608141007,-82155.46081410069
3448,val,120000,102464.97766599084,17535.02233400916
3193,val,15000,13432.192056846368,1567.8079431536316
4650,val,32000,25097.98170741931,6902.018292580691
3573,val,7500,7120.6369261366135,379.3630738633865
2326,val,11000,11740.494202524394,-740.4942025243945
1988,val,13000,9892.793714695,3107.2062853049993
791,val,600000,517565.4646298451,82434.53537015489
3039,val,40000,54306.628928105245,-14306.628928105245
170,val,5000,2602.0892784273196,2397.9107215726804
3866,val,50000,34235.49726358564,15764.50273641436
2846,val,27000,27900.276073168858,-900.2760731688577
3982,val,12000,11732.844864895798,267.1551351042017
2758,val,12000,18476.72534111068,-6476.725341110679
2712,val,7500,7394.128742270141,105.87125772985928
3925,val,15000,10969.486903678922,4030.5130963210777
3130,val,15000,13098.378216896392,1901.6217831036083
2588,val,4000,4720.853261940958,-720.853261940958
906,val,4500,19459.988782151606,-14959.988782151606
4234,val,6000,4539.940852517335,1460.0591474826651
890,val,80000,79546.56593076517,453.43406923483417
1482,val,40000,36435.336009353014,3564.6639906469863
535,val,30000,33251.66166308812,-3251.661663088118
1329,val,50000,27502.152186710686,22497.847813289314
2444,val,12000,9240.504004065926,2759.495995934074
1442,val,55000,62692.26277680262,-7692.262776802621
1943,val,5000,9481.763361818172,-4481.763361818172
4151,val,12000,10479.003114657122,1520.9968853428782
2902,val,30000,44463.48265369325,-14463.482653693252
2943,val,27000,32739.114924989604,-5739.114924989604
271,val,9000,20121.381368965725,-11121.381368965725
1527,val,10000,12623.473162973538,-2623.473162973538
2373,val,8000,10112.772586842168,-2112.7725868421676
3474,val,12000,9766.583020736145,2233.416979263855
4189,val,13900,7299.63309816175,6600.36690183825
4567,val,23000,20789.992426133434,2210.0075738665655
1892,val,7500,6847.4159961606765,652.5840038393235
3291,val,10000,8057.878008342038,1942.121991657962
3864,val,28000,27595.48409630255,404.515903697451
858,val,160000,130287.32199278094,29712.67800721906
3353,val,20000,20810.365347818297,-810.3653478182969
1715,val,21000,17458.08104592004,3541.91895407996
3445,val,20000,25315.306782755448,-5315.306782755448
3932,val,25000,25218.310482846307,-218.31048284630742
2040,val,16000,13458.390648821805,2541.6093511781946
663,val,50000,54964.37652849163,-4964.37652849163
4192,val,4700,9524.930815770926,-4824.930815770926
3202,val,12000,13902.414504141214,-1902.414504141214
1266,val,85000,36954.12213719359,48045.87786280641
217,val,30000,36802.13751572564,-6802.137515725641
1978,val,27500,18336.228622845876,9163.771377154124
2749,val,30000,32082.993431188734,-2082.9934311887337
3609,val,14000,13336.466908275048,663.5330917249521
1473,val,45000,44663.577582985105,336.4224170148955
2059,val,9000,16237.050439848555,-7237.0504398485555
4539,val,25000,10850.43647108205,14149.56352891795
653,val,13500,29148.267826878662,-15648.267826878662
2048,val,18000,21027.614016164836,-3027.6140161648364
42,val,5000,6504.1291913942105,-1504.1291913942105
4454,val,15000,13321.219273226501,1678.7807267734988
1989,val,11000,10031.68552565132,968.3144743486791
2671,val,20500,19827.29912456574,672.7008754342605
580,val,13000,17210.27558067619,-4210.275580676189
2792,val,7000,11950.96422195909,-4950.96422195909
916,val,90000,78243.52258468859,11756.477415311412
3789,val,36000,50681.982112846985,-14681.982112846985
410,val,6500,10935.831814335235,-4435.831814335235
2089,val,30000,38681.47831256695,-8681.47831256695
3735,val,28000,15034.307072297905,12965.692927702095
201,val,10000,5786.024845366291,4213.975154633709
2546,val,12000,12244.291944360242,-244.29194436024227
2084,val,12000,13008.331243863302,-1008.331243863302
1710,val,7000,6823.806683899233,176.19331610076733
4079,val,27000,29593.909872690525,-2593.909872690525
4488,val,25000,26133.05807263768,-1133.0580726376793
3035,val,10000,11065.082692522854,-1065.082692522854
3920,val,27000,25607.55816073092,1392.4418392690786
3277,val,25000,26122.980362299364,-1122.980362299364
3949,val,35000,41683.31204252886,-6683.312042528858
2656,val,5000,7342.242119306621,-2342.242119306621
1941,val,22000,6781.040798532433,15218.959201467567
2383,val,18500,14215.049657138801,4284.950342861199
2423,val,8500,7532.686542078882,967.3134579211182
4653,val,12000,9299.152495487591,2700.8475045124087
3962,val,25000,19593.158732472326,5406.841267527674
565,val,44000,67039.51516482524,-23039.515164825236
3248,val,14000,16068.943708527688,-2068.9437085276877
1428,val,31000,35512.65622815085,-4512.656228150852
1193,val,250000,192920.8661520148,57079.13384798521
2448,val,35000,49542.80287747528,-14542.802877475282
1512,val,7000,5123.82790146707,1876.1720985329302
2841,val,10000,9690.748540498456,309.25145950154365
3400,val,7500,10533.146939815351,-3033.1469398153513
395,val,6000,6991.729893762869,-991.7298937628693
2607,val,15500,15776.412020775293,-276.41202077529306
1097,val,29500,37810.14487236614,-8310.144872366138
1917,val,14000,11736.283795371965,2263.7162046280355
1491,val,250000,351265.9350901824,-101265.93509018241
1453,val,55000,65682.65269936936,-10682.652699369355
1877,val,18000,9585.13832638849,8414.86167361151
3436,val,13500,11906.832841298785,1593.1671587012152
1566,val,24000,22762.033847313596,1237.9661526864038
757,val,24000,25478.48842693926,-1478.4884269392605
3956,val,45000,51918.19522188058,-6918.195221880582
4251,val,15500,10555.055261499852,4944.944738500148
3603,val,6500,8957.286246826798,-2457.2862468267977
1496,val,21000,25446.94078886522,-4446.94078886522
3377,val,20000,13964.99648702776,6035.00351297224
3507,val,17000,14496.12311736148,2503.8768826385203
2197,val,7500,9314.872389361328,-1814.8723893613278
1858,val,17000,17117.515648264485,-117.51564826448521
3841,val,9000,12766.483759273095,-3766.4837592730946
1578,val,12000,10701.330496305198,1298.6695036948022
247,val,7000,10757.591328721626,-3757.5913287216263
2170,val,15000,15911.230917834355,-911.2309178343548
3069,val,14000,7543.599083290216,6456.400916709784
1093,val,75000,72372.0875366843,2627.9124633157044
808,val,60000,29711.860215356097,30288.139784643903
2837,val,150000,167074.45439726528,-17074.454397265275
4061,val,13000,17255.817758846544,-4255.817758846544
2703,val,10000,10271.47631203603,-271.4763120360294
2417,val,13000,10404.453898961898,2595.5461010381023
2590,val,20000,29156.540851688576,-9156.540851688576
4409,val,46000,77894.33371392686,-31894.333713926855
2245,val,11000,10655.0732448685,344.9267551315006
3560,val,20000,16204.00974021266,3795.9902597873406
4029,val,15000,20792.072736803948,-5792.072736803948
2409,val,7000,7480.900984882911,-480.90098488291096
3568,val,26000,22896.896095548982,3103.103904451018
592,val,170000,164332.05803039574,5667.9419696042605
1979,val,16000,13608.757929564854,2391.242070435146
373,val,15000,18436.305733514637,-3436.305733514637
2732,val,20000,13531.349216471603,6468.650783528397
2678,val,17000,19230.764260274274,-2230.7642602742744
2751,val,13000,10683.570288112998,2316.4297118870018
1826,val,7000,7811.344761849823,-811.344761849823
301,val,15000,16210.520279788947,-1210.520279788947
2900,val,16000,20945.782025695087,-4945.782025695087
3316,val,7000,6098.435688495386,901.5643115046141
648,val,80000,109430.72929563964,-29430.72929563964
3645,val,20000,13183.655190471623,6816.344809528377
457,val,8000,7685.831240208635,314.1687597913651
1679,val,40000,33787.45419309855,6212.545806901449
3219,val,15000,15756.463662603886,-756.4636626038864
3030,val,34999,53945.44461875239,-18946.444618752394
3261,val,12000,11781.808302941752,218.19169705824788
1016,val,45000,49245.86615096971,-4245.866150969712
3033,val,15000,10009.326032623532,4990.673967376468
4369,val,7000,8636.765194984411,-1636.7651949844112
3318,val,20000,26370.715964115287,-6370.715964115287
3662,val,13500,9085.98101536772,4414.018984632279
2830,val,12000,20835.168831362564,-8835.168831362564
4077,val,25000,15563.31596329753,9436.68403670247
1019,val,20000,22145.235552751874,-2145.235552751874
3446,val,21000,18122.637105826787,2877.362894173213
1891,val,36000,25502.35721510648,10497.64278489352
1336,val,21000,18517.539598827323,2482.460401172677
3927,val,12000,11359.8497380508,640.1502619492003
4703,val,60000,56348.16580942155,3651.8341905784473
4522,val,9500,10024.497307532787,-524.4973075327871
2655,val,9500,9440.666096119636,59.33390388036423
187,val,8000,11333.784023559347,-3333.7840235593467
1584,val,27000,21114.842486983416,5885.157513016584
2726,val,10000,11749.448944251248,-1749.4489442512477
287,val,7500,17278.7495283618,-9778.749528361801
1156,val,260000,168342.86582792245,91657.13417207755
3348,val,53000,45735.08899029394,7264.911009706062
3679,val,11000,12149.055781287474,-1149.055781287474
3740,val,36000,42378.06788822897,-6378.067888228972
1263,val,27000,33872.11524756428,-6872.115247564281
503,val,40000,37032.92161997456,2967.078380025443
1747,val,15000,13113.117218069612,1886.8827819303879
4410,val,12000,13036.48076092457,-1036.4807609245709
2329,val,8500,8280.925234409431,219.07476559056886
600,val,300000,290841.43061051716,9158.569389482844
2592,val,150000,35783.44905039949,114216.55094960051
4497,val,12500,11825.176777715382,674.8232222846182
3934,val,12000,15058.088807926788,-3058.088807926788
675,val,21000,16143.939248721503,4856.060751278497
4724,val,5000,8284.615422229273,-3284.6154222292735
4019,val,12500,10024.66653704431,2475.3334629556903
2542,val,45000,35886.80045606987,9113.199543930132
2478,val,20000,10515.0346784756,9484.9653215244
2522,val,65000,42652.69034394761,22347.30965605239
2809,val,30000,37771.17467219175,-7771.174672191752
2501,val,10000,10783.313474501447,-783.3134745014468
2280,val,30000,30585.85524507628,-585.85524507628
1868,val,22500,44284.99521346179,-21784.995213461792
3422,val,7500,6153.903324329899,1346.096675670101
999,val,1200000,377273.81636225333,822726.1836377466
2786,val,150000,122739.57014455812,27260.42985544188
2870,val,21000,8829.456466421607,12170.543533578393
4345,val,5000,9106.90991065993,-4106.90991065993
1837,val,17000,27257.251450029813,-10257.251450029813
4431,val,12000,13953.5174390505,-1953.5174390505
3653,val,10000,7485.489600503963,2514.5103994960373
1317,val,80000,56831.08311743581,23168.91688256419
1456,val,140000,191529.27043703696,-51529.27043703696
2470,val,2000,9496.127471119056,-7496.127471119056
1545,val,8000,7935.64037645352,64.35962354648018
595,val,75000,81244.60617389363,-6244.606173893626
230,val,3500,6218.911011039269,-2718.9110110392694
4623,val,11000,5679.218980375053,5320.781019624947
4441,val,30000,18641.252080886865,11358.747919113135
4105,val,6000,8888.338428023666,-2888.338428023666
3024,val,13000,11788.521084380394,1211.4789156196057
2232,val,150000,166098.667944258,-16098.667944257992
2721,val,47000,42283.58920479028,4716.410795209718
3876,val,14000,10820.671575883584,3179.3284241164165
40,val,7200,7826.449598334173,-626.4495983341731
3322,val,10000,7359.341544141415,2640.6584558585846
3781,val,27999,28710.108878073373,-711.1088780733735
1681,val,16000,15338.718055103493,661.2819448965074
3396,val,8000,8640.44746794843,-640.4474679484301
4541,val,10000,14686.535876985201,-4686.535876985201
1857,val,27000,19174.219389807622,7825.780610192378
2158,val,24000,19872.974170036316,4127.025829963684
3589,val,7000,9569.906857385484,-2569.906857385484
3244,val,9000,8383.569804084469,616.4301959155309
4391,val,13500,14027.453500273235,-527.4535002732355
824,val,48000,45591.64669302805,2408.3533069719488
55,val,7000,6531.839484362292,468.16051563770816
2267,val,10000,12041.032696951797,-2041.0326969517973
3531,val,20000,17593.209415542104,2406.7905844578963
3092,val,9000,10997.75525116372,-1997.7552511637205
2407,val,40000,19607.28028845578,20392.71971154422
3563,val,18000,17799.051537242336,200.94846275766395
1896,val,6000,11396.220602623489,-5396.220602623489
333,val,30000,18901.610415176758,11098.389584823242
32,val,6000,8616.835456738787,-2616.835456738787
1235,val,200000,328234.5351141681,-128234.53511416807
4485,val,12000,13054.043830472656,-1054.0438304726558
1991,val,23500,13585.537663035027,9914.462336964973
1367,val,55000,39762.652356687686,15237.347643312314
4638,val,8000,7687.709065304046,312.2909346959541
2347,val,10000,13779.588851553322,-3779.5888515533225
2454,val,22000,21276.72207105283,723.2779289471691
1221,val,6500,13989.335616284554,-7489.335616284554
2371,val,65000,95534.68477341296,-30534.684773412955
1893,val,9000,7757.403690398593,1242.5963096014066
1126,val,50000,64660.14255555483,-14660.142555554827
2171,val,6000,8111.375478401659,-2111.375478401659
2131,val,10000,8236.63186344461,1763.3681365553894
2468,val,13000,10296.487994966647,2703.5120050333535
1065,val,18000,21744.60670084779,-3744.606700847791
3634,val,19000,19230.616273118874,-230.61627311887423
1636,val,40000,38113.68316958941,1886.316830410593
1262,val,41000,24234.068205395823,16765.931794604177
3845,val,9500,9143.482503648123,356.5174963518766
3408,val,5000,10801.692884464459,-5801.692884464459
1616,val,100000,128459.88230278106,-28459.882302781058
2729,val,5500,7688.935825591266,-2188.9358255912657
2509,val,32000,24052.734480329247,7947.265519670753
1548,val,20000,28090.223568743022,-8090.223568743022
3714,val,45000,25108.878269806453,19891.121730193547
2530,val,20000,15995.617873870384,4004.382126129616
4446,val,15000,15048.609182252878,-48.60918225287787
2972,val,10500,12172.702101732544,-1672.7021017325442
3141,val,13000,10036.819288060367,2963.1807119396326
3197,val,8000,9072.673546789312,-1072.6735467893122
4647,val,16000,17180.805849050546,-1180.8058490505464
1206,val,32000,32968.511994314555,-968.5119943145546
4089,val,10000,16029.950575343886,-6029.950575343886
1935,val,9000,17427.359938767957,-8427.359938767957
2793,val,18500,19435.038097932007,-935.0380979320071
873,val,40000,36857.358511561164,3142.641488438836
772,val,120000,114965.30909292061,5034.690907079392
1953,val,9500,13773.969344036606,-4273.969344036606
3532,val,17000,14263.645766129852,2736.354233870148
3401,val,15000,10458.56621011488,4541.433789885121
207,val,6000,8474.221566912129,-2474.2215669121288
3825,val,10000,11299.624556769175,-1299.624556769175
20,val,7900,7524.731744211727,375.26825578827265
3556,val,9500,11915.932063397891,-2415.9320633978914
952,val,59000,40144.46057467937,18855.539425320632
4215,val,40000,40862.00214884793,-862.0021488479324
4686,val,7000,5642.805101396045,1357.1948986039552
3561,val,13000,9286.570133901854,3713.429866098146
3818,val,8500,7222.867418708938,1277.1325812910618
1666,val,50000,81197.57795759426,-31197.577957594258
1925,val,15000,13191.507343590625,1808.4926564093748
3752,val,10000,7809.327065917203,2190.672934082797
1735,val,8000,8212.309556390246,-212.30955639024614
444,val,10000,12261.3682266674,-2261.3682266674004
3608,val,4000,6455.087150659039,-2455.0871506590393
556,val,32000,23289.63890419817,8710.361095801829
1078,val,16000,17466.954276604498,-1466.9542766044979
75,val,12500,20339.84584311504,-7839.845843115039
197,val,15000,17482.51255990513,-2482.5125599051316
1120,val,90100,83634.70823476133,6465.291765238668
2845,val,18000,22636.822893471348,-4636.822893471348
10,val,25000,18367.22282980098,6632.7771701990205
4093,val,12000,11743.57835582988,256.4216441701192
181,val,50000,34545.32341030646,15454.67658969354
4404,val,12000,17616.078386292862,-5616.078386292862
1609,val,8000,8367.727232933903,-367.727232933903
96,val,12000,16309.772367908907,-4309.772367908907
4141,val,15500,11848.865360117363,3651.134639882637
4707,val,110000,71038.50823360881,38961.49176639119
355,val,5200,5990.439795250549,-790.4397952505487
2127,val,10000,8997.390039873555,1002.609960126445
1740,val,6000,8016.241905715543,-2016.241905715543
292,val,15000,15543.779936163175,-543.7799361631751
806,val,19500,77144.86412807785,-57644.864128077854
1114,val,55000,56153.31583209526,-1153.315832095257
2389,val,90000,110341.23928982105,-20341.239289821053
2263,val,9000,9909.986446804252,-909.9864468042524
158,val,14500,16529.946516613145,-2029.946516613145
4053,val,35000,18108.51207979534,16891.48792020466
3251,val,8000,9639.543060753944,-1639.5430607539438
3080,val,11000,9994.05905131504,1005.94094868496
2772,val,20200,26225.849695456818,-6025.849695456818
2557,val,12000,13858.15220178372,-1858.1522017837196
127,val,8000,6589.588389868648,1410.411610131352
1930,val,18000,21826.77013743235,-3826.7701374323515
654,val,18000,55824.57478173241,-37824.57478173241
2505,val,35000,11221.886089968022,23778.113910031978
4186,val,20000,19628.188436750537,371.8115632494628
1429,val,60000,40895.15462777173,19104.845372228272
4721,val,8000,10292.107608298684,-2292.1076082986838
443,val,5500,5663.765001736973,-163.76500173697332
4646,val,10000,11022.208896997885,-1022.208896997885
2394,val,260000,164578.9240614853,95421.0759385147
1145,val,50000,31181.25213910658,18818.74786089342
4128,val,22000,18334.998239823803,3665.0017601761974
1583,val,19000,17197.6161434782,1802.3838565217993
3414,val,12500,7412.837538915398,5087.162461084602
4392,val,21000,17665.874824089133,3334.1251759108673
2015,val,5000,6446.565667401134,-1446.5656674011343
978,val,40000,50217.83026268931,-10217.830262689313
4430,val,22000,21191.23763328627,808.7623667137304
3186,val,14000,16568.091438894357,-2568.0914388943565
1729,val,6500,8543.851080482884,-2043.8510804828838
275,val,30000,14696.584730766235,15303.415269233765
1113,val,70000,73486.47391205224,-3486.4739120522427
3535,val,12000,11885.595676702711,114.40432329728901
2945,val,5000,7342.948008466362,-2342.948008466362
117,val,7000,6248.993672723668,751.0063272763318
671,val,65000,69907.64054241437,-4907.640542414374
3315,val,7000,5840.53445179171,1159.4655482082899
574,val,55000,57766.79108042722,-2766.791080427218
3406,val,7500,10522.271045252948,-3022.271045252948
3096,val,15000,45698.12527741742,-30698.12527741742
2888,val,20000,15322.308762286755,4677.691237713245
1436,val,80000,38060.27845550056,41939.72154449944
3177,val,7500,9961.055968217679,-2461.055968217679
647,val,53000,53194.056726822644,-194.05672682264412
2244,val,17000,16163.50626387168,836.4937361283191
2078,val,4000,5940.918699727357,-1940.9186997273573
1932,val,10000,13292.22291000133,-3292.22291000133
175,val,5500,7976.268920643964,-2476.2689206439636
1137,val,32000,47400.46359325725,-15400.46359325725
1356,val,74999,48967.622634638756,26031.377365361244
13,val,5500,6525.504098762971,-1025.504098762971
915,val,10000,16710.24885672452,-6710.24885672452
3922,val,9000,14579.815185340796,-5579.815185340796
3943,val,14000,18656.634587074142,-4656.6345870741425
234,val,4500,5960.519238895926,-1460.5192388959258
1343,val,80000,182277.7128496718,-102277.7128496718
3167,val,16000,11731.194514390421,4268.805485609579
1850,val,8900,20932.596797460053,-12032.596797460053
3122,val,12500,13527.776192287636,-1027.7761922876361
3678,val,23000,24102.650660415286,-1102.6506604152855
236,val,4500,4511.8824031679915,-11.88240316799147
4191,val,9000,8953.744126755864,46.25587324413573
1824,val,16500,23315.08945804823,-6815.089458048231
2938,val,25000,23016.73307236236,1983.26692763764
3710,val,22000,19219.23360025522,2780.7663997447817
4595,val,12000,8808.784564328136,3191.215435671864
2222,val,22000,42926.86774619684,-20926.86774619684
3569,val,9000,10432.429064450378,-1432.429064450378
149,val,20000,12443.10079698306,7556.899203016939
4020,val,25000,26659.747514944065,-1659.7475149440652
4598,val,10000,7492.820896794248,2507.1791032057517
3132,val,15000,10335.608971753043,4664.391028246957
2458,val,5500,10273.968896753286,-4773.968896753286
383,val,10000,12103.123610586066,-2103.123610586066
4185,val,16000,12734.662923356802,3265.337076643198
4731,val,12000,12178.533980150383,-178.5339801503833
3320,val,18000,15031.149331851157,2968.8506681488434
4592,val,12000,14628.986230860728,-2628.986230860728
3346,val,9000,11673.515069943789,-2673.515069943789
1808,val,70000,7104.62838598033,62895.37161401967
2013,val,25500,41804.81951961857,-16304.81951961857
3065,val,15000,16998.930616096513,-1998.9306160965134
737,val,22000,30084.138539558568,-8084.138539558568
1757,val,7000,6629.4457832581165,370.55421674188347
803,val,50000,102185.00795585634,-52185.007955856345
1226,val,15000,26439.078663700355,-11439.078663700355
3879,val,11000,13074.042720387766,-2074.042720387766
1580,val,15000,11407.77843484975,3592.22156515025
3780,val,13000,17090.055866492105,-4090.0558664921045
2353,val,22000,14120.5848219096,7879.415178090399
4247,val,8500,10131.817939202047,-1631.8179392020465
4594,val,30000,23001.443958853644,6998.556041146356
1265,val,65000,70601.30437225224,-5601.304372252242
4364,val,28000,20674.734381308877,7325.265618691123
3393,val,13000,10971.711506765398,2028.2884932346024
4166,val,14000,19715.757921286182,-5715.757921286182
118,val,3900,4581.359434303795,-681.3594343037948
725,val,600000,328429.4281113466,271570.5718886534
2129,val,13000,16461.68406240017,-3461.6840624001707
1791,val,8000,8282.734612466511,-282.73461246651095
1426,val,47000,37940.837706095364,9059.162293904636
521,val,18000,12896.01739302204,5103.982606977959
3952,val,12500,13621.321353950303,-1121.321353950303
583,val,28000,32830.72407337504,-4830.724073375037
361,val,8000,6115.385509434831,1884.614490565169
1602,val,15000,23682.417648567716,-8682.417648567716
3647,val,600000,12861.676043565074,587138.323956435
4718,val,30000,33790.012231007924,-3790.012231007924
95,val,5000,5573.769637426264,-573.7696374262641
4394,val,10000,11596.249844213198,-1596.2498442131982
956,val,40000,32635.584611239003,7364.415388760997
1894,val,18000,23539.83170384712,-5539.831703847121
1727,val,15000,12338.600201620384,2661.399798379616
228,val,14000,12932.805933884743,1067.1940661152566
1944,val,6000,7140.790751914252,-1140.7907519142518
1402,val,32000,32608.25093078003,-608.2509307800283
1743,val,20000,15778.732451102742,4221.267548897258
2669,val,55000,33511.300727939444,21488.699272060556
4555,val,15000,16150.821481615993,-1150.8214816159925
2332,val,6000,7582.86502877435,-1582.8650287743503
1721,val,22000,34670.070219738496,-12670.070219738496
3229,val,25000,26043.7344416215,-1043.7344416214983
3692,val,8500,10718.644872348586,-2218.6448723485864
4078,val,35000,25500.349697706493,9499.650302293507
934,val,310000,294288.491981938,15711.508018061984
3976,val,45000,18768.572516114767,26231.427483885233
4129,val,15000,12706.594837352864,2293.4051626471355
4433,val,15000,21106.740099578026,-6106.740099578026
1117,val,150000,149853.1847430161,146.81525698388577
3995,val,130000,9475.869799723363,120524.13020027663
185,val,8000,9758.426416691003,-1758.4264166910034
489,val,8000,6164.845325213502,1835.1546747864977
560,val,44000,61151.4799173953,-17151.4799173953
868,val,45000,45005.730445055626,-5.730445055625751
2145,val,25000,14739.128536069693,10260.871463930307
1713,val,20000,18653.03308463813,1346.9669153618706
3681,val,15000,10573.894345529066,4426.105654470934
3552,val,10000,6159.654484176944,3840.3455158230563
1902,val,8000,19692.213013310116,-11692.213013310116
2388,val,9000,9808.523039690821,-808.523039690821
3108,val,15000,10113.704281232209,4886.295718767791
3745,val,8500,17963.614792714037,-9463.614792714037
130,val,4500,6580.0666063871295,-2080.0666063871295
2559,val,10000,15893.20289008394,-5893.20289008394
3230,val,9000,12054.665040117778,-3054.6650401177776
4550,val,21000,15261.627890761632,5738.372109238368
2138,val,5000,5411.235409355675,-411.2354093556751
1752,val,16000,22303.77681537859,-6303.776815378591
3345,val,20000,26278.892203403673,-6278.892203403673
1931,val,120000,151059.3808382663,-31059.380838266312
1573,val,10500,11299.60551437983,-799.6055143798294
171,val,9000,9337.591905108844,-337.591905108844
3027,val,12000,7154.273298986405,4845.726701013595
1637,val,10000,14140.22090716682,-4140.22090716682
2848,val,350000,94450.80617067595,255549.19382932404
3821,val,19000,14484.829782478544,4515.170217521456
2753,val,18000,13859.535130956487,4140.464869043513
3727,val,25000,15982.69068237666,9017.30931762334
4427,val,10000,9735.312862224535,264.6871377754651
3737,val,3500,4967.148932365243,-1467.1489323652431
3302,val,10000,17405.88330899016,-7405.88330899016
3557,val,18000,18494.47054374327,-494.47054374327126
2835,val,18000,19283.91289349905,-1283.9128934990513
1381,val,45000,58006.932260064554,-13006.932260064554
534,val,32000,32486.703763146677,-486.7037631466774
3086,val,10000,9887.750046017572,112.24995398242754
1910,val,12000,23986.291144260544,-11986.291144260544
4333,val,10000,17964.61013468503,-7964.61013468503
2043,val,21000,24539.206396355858,-3539.2063963558576
3303,val,20000,14769.738850311369,5230.261149688631
1214,val,40000,24001.939827136885,15998.060172863115
374,val,6200,7289.875869298794,-1089.875869298794
1055,val,35000,20318.881101098854,14681.118898901146
3255,val,20000,29831.86292664726,-9831.86292664726
1907,val,11000,6767.129227795704,4232.870772204296
100,val,22000,36608.84941804493,-14608.849418044927
3201,val,60000,47223.47924110531,12776.520758894687
2425,val,18000,13638.137658658125,4361.862341341875
255,val,5300,7151.050457122879,-1851.0504571228794
1798,val,30000,81059.24295040812,-51059.24295040812
3961,val,7000,8623.854242423164,-1623.8542424231637
828,val,130000,138891.84177624434,-8891.841776244342
1610,val,7500,7816.6509270225315,-316.6509270225315
1647,val,8500,14833.720352275895,-6333.7203522758955
1672,val,18000,13476.334594752414,4523.665405247586
1726,val,7000,6677.590051408733,322.4099485912666
4450,val,30000,24195.144494776247,5804.855505223753
606,val,170000,149630.02802479183,20369.971975208173
2969,val,9000,7356.6979739472,1643.3020260528
1632,val,20000,7263.333849802092,12736.666150197907
2882,val,15000,13050.637794092878,1949.3622059071222
4203,val,7000,9024.635886770988,-2024.6358867709878
4666,val,15000,22971.590334447425,-7971.5903344474245
1209,val,80000,67854.6100924175,12145.389907582503
3282,val,16500,25506.89715094196,-9006.89715094196
3911,val,12000,19301.77309371113,-7301.77309371113
3482,val,13000,14065.911793192869,-1065.9117931928686
2074,val,11500,8766.89929050035,2733.1007094996494
1835,val,16000,16655.529128578983,-655.5291285789826
4299,val,15500,20091.109043952394,-4591.109043952394
1123,val,80000,33561.42013519674,46438.57986480326
3306,val,11000,9424.739058543162,1575.2609414568378
2240,val,13500,10530.216038122404,2969.783961877596
1178,val,57000,45888.84217456448,11111.157825435519
1314,val,14500,18770.835144203833,-4270.835144203833
1981,val,75000,79224.14108547317,-4224.141085473166
4124,val,10000,8754.558166967421,1245.4418330325789
3754,val,7000,12805.418001785121,-5805.418001785121
70,val,7500,5530.069297476703,1969.9307025232974
1918,val,6000,10043.928077855866,-4043.928077855866
896,val,180000,190163.59924488183,-10163.599244881829
3430,val,14000,12435.667591767755,1564.3324082322451
1157,val,300000,301342.41789323895,-1342.4178932389477
4202,val,13000,10662.230883407266,2337.7691165927336
3684,val,11000,7674.091411531765,3325.9085884682354
4161,val,9500,10054.019568992488,-554.0195689924876
577,val,85000,41794.27393213409,43205.72606786591
3503,val,17000,14207.554586505119,2792.445413494881
690,val,18000,17303.98057134606,696.0194286539408
2962,val,17000,13151.899490208445,3848.100509791555
3412,val,30000,20080.887162392337,9919.112837607663
2741,val,30000,21137.139946419415,8862.860053580585
416,val,6500,7317.683751518981,-817.6837515189809
555,val,190000,269640.3974672334,-79640.39746723342
3131,val,22000,15270.35983440643,6729.64016559357
3667,val,20000,13458.311139644067,6541.688860355933
1013,val,35000,36218.58780462948,-1218.587804629482
2979,val,6500,13447.688071747163,-6947.688071747163
4521,val,55000,52906.48291203852,2093.5170879614816
1422,val,70000,36083.0292042658,33916.9707957342
4537,val,67000,53576.90278053971,13423.097219460287
3581,val,13000,11602.912905200576,1397.0870947994244
4090,val,12000,9179.944388483758,2820.0556115162417
1657,val,6900,6851.912835644667,48.08716435533279
71,val,16000,13352.088054225545,2647.9119457744546
4336,val,15000,30461.000158242077,-15461.000158242077
3580,val,6000,7417.569524444046,-1417.5695244440458
1101,val,33000,21100.776483994905,11899.223516005095
3512,val,7500,6185.947246535609,1314.0527534643907
1802,val,30000,41413.930270947836,-11413.930270947836
481,val,10000,7922.750139242089,2077.249860757911
3923,val,12000,10713.987734474284,1286.0122655257164
1368,val,15000,21243.38016007081,-6243.38016007081
1970,val,30000,30726.438829801016,-726.4388298010163
2028,val,10500,12457.650983419102,-1957.650983419102
1393,val,60000,66008.77918375058,-6008.779183750579
4527,val,22000,21597.575045535745,402.4249544642553
2827,val,18000,23114.876800492642,-5114.876800492642
3623,val,17000,12125.429225133847,4874.570774866153
2374,val,11000,12784.307939372013,-1784.3079393720127
1460,val,17000,22689.770344523473,-5689.770344523473
4612,val,11000,13488.396575703138,-2488.3965757031383
4009,test,38000,41889.06729375248,-3889.0672937524796
3431,test,18000,14221.930196417426,3778.0698035825735
3613,test,100000,148987.12181199604,-48987.12181199604
1455,test,700000,517724.3832025863,182275.61679741368
4349,test,15500,12821.099716116682,2678.9002838833185
1004,test,35000,17160.04984401989,17839.95015598011
3898,test,9000,10802.652702331685,-1802.6527023316848
2060,test,25000,33497.266507214255,-8497.266507214255
3677,test,11000,9889.439828127855,1110.5601718721446
3204,test,23999,19177.504669251706,4821.495330748294
608,test,41000,47261.10793957394,-6261.107939573943
1098,test,53000,78083.11631645563,-25083.116316455635
3165,test,7500,8757.343845327432,-1257.343845327432
3819,test,10000,14659.140688247762,-4659.140688247762
435,test,5500,6541.1876944976875,-1041.1876944976875
848,test,50000,22707.559009954457,27292.440990045543
531,test,22000,26694.130932752334,-4694.130932752334
3153,test,15000,7818.14236626506,7181.85763373494
4712,test,5500,5507.243715039733,-7.243715039732706
4101,test,12000,18591.191638173255,-6591.191638173255
3082,test,15000,29987.08338850219,-14987.08338850219
2896,test,25000,19497.676216461783,5502.323783538217
145,test,7000,9901.397112153642,-2901.3971121536415
2025,test,35000,19381.904959995933,15618.095040004067
700,test,120000,91049.71048252902,28950.289517470985
2794,test,8500,11160.93109677965,-2660.93109677965
2327,test,42000,27982.0364628099,14017.963537190099
632,test,65000,60508.63609054183,4491.363909458167
150,test,7000,8910.693316882169,-1910.6933168821688
3152,test,5700,6394.686785517104,-694.686785517104
3026,test,8900,5868.8849495696995,3031.1150504303005
3805,test,10000,9879.860664894039,120.13933510596144
2441,test,16500,16272.05178456315,227.94821543685066
694,test,26000,21781.536378586865,4218.463621413135
1814,test,11000,15636.109290671278,-4636.109290671278
2062,test,11000,12093.063010497306,-1093.063010497306
928,test,110000,76926.69104647436,33073.308953525644
485,test,7000,9978.633387774616,-2978.6333877746165
2290,test,5000,6419.636622683276,-1419.636622683276
1043,test,130000,61834.94708033732,68165.05291966267
2614,test,16000,10986.887778195993,5013.112221804007
3889,test,22000,17171.382513408156,4828.617486591844
2763,test,35000,37612.657691930886,-2612.6576919308864
3555,test,5000,5985.176291907948,-985.1762919079483
3811,test,32000,35345.039066155696,-3345.0390661556958
959,test,24000,15174.574054257026,8825.425945742974
279,test,4500,8780.421216300685,-4280.421216300685
1360,test,32000,25933.932289823715,6066.067710176285
4381,test,10000,15825.10163690245,-5825.101636902449
676,test,20000,18134.476951467426,1865.5230485325737
735,test,55000,59637.4201193129,-4637.420119312897
2042,test,7000,9352.429072414425,-2352.429072414425
2550,test,5000,7687.664294008301,-2687.664294008301
4606,test,25000,22845.11613236564,2154.8838676343585
2359,test,5000,7717.0300378465945,-2717.0300378465945
627,test,40000,37892.00248454425,2107.997515455747
3652,test,7000,7395.356039827969,-395.35603982796874
31,test,15000,17266.567377576775,-2266.5673775767755
4091,test,5300,6120.545412653075,-820.5454126530749
2321,test,4000,10017.371214199722,-6017.371214199722
3439,test,15000,10751.254611220626,4248.7453887793745
1942,test,12000,12610.198931901117,-610.1989319011172
1575,test,32000,20262.55104904114,11737.44895095886
2890,test,15000,14504.842388960993,495.15761103900695
3134,test,5000,4737.5970675441395,262.40293245586054
2219,test,10000,7319.251541009235,2680.7484589907654
887,test,230000,223586.10284201452,6413.897157985484
672,test,160000,67967.71315187213,92032.28684812787
2272,test,17000,18173.84120142831,-1173.8412014283094
422,test,12000,8136.550641780164,3863.4493582198356
1318,test,55000,48032.88756866815,6967.1124313318505
1331,test,55000,57079.0070640477,-2079.007064047699
174,test,9000,24187.613875472915,-15187.613875472915
182,test,12000,47434.81220977687,-35434.81220977687
2940,test,24500,24874.62149033762,-374.62149033762034
2183,test,90000,14486.613249344826,75513.38675065518
502,test,3700,7216.671968280445,-3516.671968280445
2426,test,11500,10218.601073092292,1281.3989269077083
4365,test,57000,44448.86954975012,12551.130450249882
1060,test,35000,43320.68318455343,-8320.683184553433
184,test,12000,15349.097399721213,-3349.097399721213
3166,test,30000,33832.479681928104,-3832.4796819281037
714,test,32000,37078.34116424793,-5078.341164247933
2663,test,37000,41916.17932627542,-4916.179326275422
4604,test,15000,17176.744730734063,-2176.7447307340626
571,test,57000,60744.83181014186,-3744.8318101418627
587,test,32000,27476.902704968543,4523.097295031457
272,test,6000,4165.839513447107,1834.1604865528934
4507,test,16000,12552.280271857024,3447.7197281429762
203,test,5000,6550.459779913835,-1550.4597799138346
2436,test,90000,83105.62785342941,6894.372146570589
3772,test,14000,10750.969818949787,3249.0301810502133
1349,test,78000,75600.98844158488,2399.011558415121
243,test,7000,13132.999657362945,-6132.999657362945
3809,test,18500,18337.095159633034,162.9048403669658
155,test,10000,9007.762009053395,992.2379909466054
3164,test,15000,18076.71381571198,-3076.7138157119807
590,test,150000,149418.9086479924,581.0913520076138
4657,test,9000,6571.568254994689,2428.4317450053113
805,test,42000,21119.08124288175,20880.91875711825
1913,test,6000,7220.819127046259,-1220.8191270462594
1627,test,20000,23420.689292293133,-3420.689292293133
4210,test,15000,18539.826602001285,-3539.826602001285
1321,test,90000,70223.02709767534,19776.972902324662
2393,test,20000,7842.13047490449,12157.86952509551
3021,test,14000,14435.376032831087,-435.3760328310873
4140,test,17000,14237.37722119948,2762.62277880052
3355,test,10000,5413.846462654093,4586.153537345907
2438,test,25000,16680.195883571534,8319.804116428466
1044,test,40000,58095.43803300249,-18095.438033002487
2484,test,8500,9373.858552953985,-873.858552953985
1020,test,75000,96054.40939343088,-21054.409393430877
4403,test,8500,10032.17717422244,-1532.1771742224391
3382,test,8500,7456.165121848078,1043.8348781519217
2186,test,22000,20140.787907902282,1859.2120920977177
4609,test,7500,5659.324052567788,1840.6759474322116
1173,test,60000,41960.540629136856,18039.459370863144
4423,test,10000,9993.77932035413,6.220679645870405
93,test,6000,3866.5092723557727,2133.4907276442273
3148,test,18000,18035.68750681312,-35.6875068131194
1352,test,90000,62478.6564399866,27521.343560013403
1011,test,26000,33802.99690800793,-7802.996908007932
266,test,6000,10578.263427425683,-4578.263427425683
1242,test,35000,36827.2260357138,-1827.2260357138002
363,test,5000,6387.3664603534935,-1387.3664603534935
3597,test,14500,17429.11119859459,-2929.11119859459
4097,test,22000,20226.672907149517,1773.3270928504826
4459,test,10000,11236.948790688719,-1236.9487906887189
2356,test,24000,25342.40048195847,-1342.4004819584698
2589,test,100000,57867.510109855066,42132.489890144934
3123,test,90000,92563.5304257809,-2563.530425780904
3600,test,9000,10931.508114134178,-1931.508114134178
2791,test,14000,15086.719682155186,-1086.719682155186
579,test,80000,65240.8029506078,14759.197049392198
1138,test,17000,15676.451487397911,1323.5485126020885
1154,test,95000,105536.0061978272,-10536.006197827199
701,test,400000,276229.0764059675,123770.92359403247
669,test,65000,64507.62364264821,492.37635735179356
3252,test,13500,14513.615768463706,-1013.6157684637055
1001,test,45000,46129.924985276724,-1129.9249852767243
1322,test,43000,58084.71554844525,-15084.715548445252
618,test,80000,73066.7787212449,6933.221278755096
1867,test,8500,10665.198241204384,-2165.1982412043835
4027,test,15000,9840.654336604344,5159.345663395656
3615,test,7500,7637.76786055881,-137.76786055880984
3813,test,7000,8729.465876058615,-1729.4658760586153
4496,test,10000,9710.933201176606,289.0667988233945
767,test,130000,153032.76332745622,-23032.763327456225
3403,test,10000,13803.086190656357,-3803.086190656357
4549,test,11000,13517.177470725932,-2517.177470725932
2847,test,17000,14495.643826199408,2504.356173800592
4479,test,15000,12999.683672643288,2000.3163273567116
4209,test,26000,30607.657543281188,-4607.657543281188
629,test,38000,34517.52054092451,3482.47945907549
4322,test,7500,10796.29600309148,-3296.29600309148
2391,test,12000,10683.570288112998,1316.4297118870018
304,test,8000,7289.987591268123,710.0124087318773
3260,test,25000,26316.8036172452,-1316.8036172452012
4560,test,13000,8735.114878417322,4264.885121582678
2916,test,17500,15539.764876750865,1960.2351232491346
3063,test,11000,12027.450523663509,-1027.4505236635086
3642,test,13000,10407.187680157003,2592.8123198429967
1140,test,290000,144960.40363135355,145039.59636864645
4204,test,12000,21015.027976006873,-9015.027976006873
3214,test,25000,9424.555170266101,15575.444829733899
2279,test,11500,7190.8901642810715,4309.1098357189285
4217,test,8500,8142.838890354002,357.1611096459983
2654,test,16000,12444.908008417904,3555.091991582096
3240,test,16000,11633.144711178433,4366.855288821567
252,test,10000,15285.95494281156,-5285.954942811561
970,test,51500,105187.76589009259,-53687.76589009259
3743,test,10000,13032.809115703487,-3032.809115703487
3124,test,14000,11383.132057607798,2616.867942392202
448,test,5200,3814.7440194873325,1385.2559805126675
173,test,18000,9555.99064141542,8444.00935858458
3874,test,48000,33854.03887244349,14145.961127556511
132,test,16000,11024.310502112594,4975.689497887406
1369,test,22000,33062.70753147264,-11062.707531472639
707,test,60000,65405.65079735476,-5405.650797354763
3755,test,6500,6250.952583725625,249.04741627437488
683,test,47000,45653.47748882889,1346.5225111711115
986,test,150000,226430.68136214567,-76430.68136214567
3827,test,35000,32935.408496302385,2064.591503697615
4434,test,6500,6417.343758230004,82.65624176999609
3107,test,15000,12776.128253803012,2223.871746196988
729,test,23000,27508.582259909876,-4508.582259909876
4382,test,18000,18020.440438720867,-20.44043872086695
691,test,7500,16110.359930769757,-8610.359930769757
899,test,36000,40496.96651972382,-4496.966519723821
1282,test,25000,31102.649477667877,-6102.649477667877
3621,test,15000,13281.910533836717,1718.0894661632829
2963,test,15000,29289.01996040461,-14289.01996040461
773,test,40000,15336.906333596908,24663.093666403092
2318,test,20000,21724.59451505719,-1724.5945150571897
2372,test,18000,22438.39940224254,-4438.3994022425395
3830,test,35000,52744.424007320886,-17744.424007320886
1901,test,20000,16646.37285246998,3353.62714753002
3078,test,10000,8855.36729633193,1144.6327036680705
4075,test,6500,6269.193762287551,230.80623771244882
778,test,25000,26138.483962771195,-1138.4839627711954
2001,test,19000,13537.553627837944,5462.446372162056
2653,test,17000,22669.885354229267,-5669.885354229267
103,test,25000,22666.98658738914,2333.0134126108605
3105,test,16000,13574.448769864262,2425.5512301357376
1087,test,65000,43655.78009142278,21344.219908577223
1997,test,10000,11628.344472162527,-1628.3444721625274
3887,test,10000,10361.392457258095,-361.3924572580945
1706,test,12000,11666.19888400532,333.80111599468
3487,test,17000,17948.137893245967,-948.1378932459666
3707,test,22000,25677.410952837414,-3677.410952837414
17,test,10000,8329.101785213004,1670.8982147869956
564,test,43000,89231.68111974804,-46231.68111974804
2838,test,75000,100142.62415972499,-25142.62415972499
763,test,80000,73144.65188111446,6855.348118885537
2088,test,16000,17132.090445251473,-1132.0904452514733
3640,test,16000,14454.030774755249,1545.9692252447512
3695,test,7000,7082.780974093244,-82.78097409324437
1585,test,48000,66007.37683241088,-18007.376832410882
3644,test,15000,18506.81668709682,-3506.81668709682
1034,test,75000,91266.55259758465,-16266.552597584654
4603,test,17000,16052.50957857393,947.4904214260696
4037,test,18000,18796.121064281713,-796.1210642817132
3753,test,37500,43256.38490832088,-5756.384908320877
851,test,8000,70825.21742173274,-62825.21742173274
366,test,8000,11431.203947252388,-3431.2039472523884
239,test,5000,4502.090227353515,497.9097726464852
412,test,36125,23498.42850642493,12626.57149357507
56,test,6000,8955.704445185444,-2955.7044451854435
607,test,20000,49761.48239218823,-29761.482392188227
3726,test,9500,11904.817880205637,-2404.8178802056373
4593,test,8000,11513.100816310847,-3513.100816310847
1493,test,10500,15706.240074445412,-5206.240074445412
2659,test,29000,44606.57773302348,-15606.577733023478
1474,test,38000,47059.475850164985,-9059.475850164985
176,test,7500,7289.875869298781,210.12413070121875
3018,test,18000,13550.186472592564,4449.813527407436
2452,test,12000,7885.652176323562,4114.347823676438
3538,test,15000,10882.661906476103,4117.3380935238965
2414,test,9000,15232.180487035908,-6232.180487035908
932,test,70000,65673.97180068716,4326.028199312845
1694,test,17000,14903.763249805585,2096.2367501944154
1663,test,18000,11456.611687778683,6543.388312221317
526,test,75000,62690.59984486773,12309.400155132273
4197,test,12000,13742.785390090745,-1742.7853900907448
2701,test,22000,26550.710080595694,-4550.710080595694
2345,test,18000,17781.717625865247,218.2823741347529
2471,test,28000,17296.93485482232,10703.06514517768
1253,test,63000,65182.90323185593,-2182.903231855933
4095,test,20000,26078.06439723811,-6078.064397238111
65,test,8000,11113.20004562678,-3113.2000456267797
2865,test,32000,26455.174905201337,5544.8250947986635
2149,test,15000,7283.876503765251,7716.123496234749
1765,test,10000,13171.086110735558,-3171.0861107355577
3939,test,9000,12104.812921692317,-3104.812921692317
4200,test,32000,38801.656478313744,-6801.656478313744
4629,test,8000,8581.531554448118,-581.5315544481182
4031,test,8500,11802.671445448068,-3302.671445448068
186,test,18000,9716.12419622617,8283.87580377383
1568,test,4000,6858.749486316432,-2858.749486316432
4010,test,20000,25133.25849913171,-5133.258499131709
1064,test,28000,32703.00094027906,-4703.00094027906
990,test,150000,138942.26607428474,11057.733925715263
573,test,57000,39308.1569574777,17691.843042522298
2876,test,10000,6228.085421331677,3771.914578668323
2706,test,18000,13587.399850664695,4412.600149335305
3418,test,45000,72987.34712278326,-27987.347122783263
2946,test,5000,10781.94884560836,-5781.94884560836
1763,test,11000,6808.380486311156,4191.619513688844
106,test,14000,10151.917065661095,3848.082934338905
3859,test,75000,32772.604287988645,42227.395712011355
248,test,3200,11121.488568509136,-7921.488568509136
796,test,35000,36543.92759949213,-1543.9275994921336
4655,test,13000,14499.076172768084,-1499.0761727680838
3103,test,50000,47770.85558326619,2229.1444167338122
4261,test,6500,10237.471834924352,-3737.471834924352
4252,test,20000,16349.725170569556,3650.274829430444
3070,test,15000,16569.13760963096,-1569.1376096309614
3971,test,20000,15537.993981849313,4462.006018150687
356,test,13000,13649.294337971023,-649.2943379710232
4402,test,22000,22594.39358780114,-594.3935878011398
3909,test,8000,11313.988591372865,-3313.988591372865
4451,test,6500,7067.412826162214,-567.4128261622136
517,test,45000,13777.81742671101,31222.182573288992
2080,test,24000,17141.04875976505,6858.95124023495
1274,test,85000,64778.09921957283,20221.900780427168
3626,test,10500,13297.325392181261,-2797.325392181261
1006,test,15000,18480.001933758336,-3480.0019337583362
4223,test,55000,51979.01435252408,3020.9856474759217
609,test,65000,57812.493505233295,7187.506494766705
1780,test,30000,21490.768130307955,8509.231869692045
3159,test,8000,12673.359961644659,-4673.359961644659
2834,test,68000,43471.13751172044,24528.862488279563
1756,test,14000,21207.17453473156,-7207.174534731559
2102,test,15000,13162.64452145181,1837.3554785481901
2839,test,110000,121455.4644463719,-11455.464446371901
2014,test,6000,5873.6022742220775,126.39772577792246
1022,test,140000,78124.26710185676,61875.73289814324
269,test,8000,10825.543045111179,-2825.543045111179
1254,test,7500,16960.83785603699,-9460.83785603699
2179,test,13500,17191.796172006438,-3691.7961720064377
2570,test,12000,12915.137601909897,-915.1376019098971
148,test,5500,8319.410849107278,-2819.4108491072784
696,test,40000,49682.52940934839,-9682.52940934839
4119,test,9000,11145.767163083137,-2145.7671630831373
4286,test,10000,9277.125381632455,722.8746183675448
4267,test,20000,18809.910244598785,1190.0897554012154
2514,test,7000,7374.601714724467,-374.60171472446655
1119,test,300000,293972.9480673105,6027.051932689501
41,test,12000,18386.17776353112,-6386.177763531119
3104,test,8000,7228.080447499646,771.9195525003543
3590,test,22000,11906.258916504466,10093.741083495534
316,test,8000,6610.7604933702905,1389.2395066297095
1053,test,14000,25015.41742593127,-11015.417425931271
886,test,17000,37379.47621508452,-20379.47621508452
2334,test,54000,81705.25789689222,-27705.257896892217
4343,test,8500,12486.3744512459,-3986.3744512458998
4465,test,45000,46043.989773896334,-1043.9897738963336
1702,test,16000,12566.55415430327,3433.4458456967295
3990,test,14000,16893.635425623812,-2893.635425623812
539,test,85000,70439.9140137785,14560.0859862215
340,test,8500,11535.302055315335,-3035.3020553153347
477,test,22000,16101.142402313957,5898.857597686043
3099,test,6800,7115.998129719518,-315.99812971951815
3185,test,12000,7007.400199972674,4992.599800027326
1875,test,7000,6570.041265741997,429.95873425800255
2204,test,8000,11341.299066070453,-3341.2990660704527
1327,test,34999,32970.77990569655,2028.2200943034477
1550,test,30000,18374.373244425937,11625.626755574063
946,test,11000,16590.43611499558,-5590.43611499558
3881,test,7500,11481.713068262816,-3981.713068262816
1714,test,380000,138915.7108229399,241084.2891770601
1359,test,22000,16180.48714459503,5819.51285540497
267,test,15000,8749.966562485675,6250.033437514325
4046,test,22000,27126.11393305245,-5126.113933052449
2495,test,7500,7745.553958606437,-245.55395860643694
3587,test,7000,13118.915396214905,-6118.915396214905
1264,test,53000,23647.177858526615,29352.822141473385
0,test,10000,10527.984577930725,-527.9845779307252
1885,test,17000,14566.523237447485,2433.4767625525146
2365,test,10000,13669.954019126564,-3669.954019126564
3407,test,14000,13937.813514952795,62.18648504720477
4011,test,15000,20559.59030368845,-5559.590303688448
2527,test,12000,15654.068976459599,-3654.068976459599
1071,test,24000,20344.883293766467,3655.1167062335335
4236,test,13000,11490.019502203162,1509.9804977968379
2995,test,40000,28087.76178020594,11912.23821979406
57,test,6000,13150.89639884906,-7150.89639884906
1524,test,16000,12510.1615414925,3489.8384585075
4332,test,21000,18813.76235721904,2186.2376427809613
1434,test,250000,277196.10597653437,-27196.105976534367
2686,test,33000,18648.288989247318,14351.711010752682
1675,test,25000,18003.6133522801,6996.386647719901
3550,test,10000,12834.116372635886,-2834.1163726358864
3899,test,35000,27631.828297466218,7368.171702533782
225,test,3500,8006.009779558494,-4506.009779558494
3736,test,10000,29151.37836142237,-19151.37836142237
2258,test,15000,11114.427588342502,3885.5724116574984
4222,test,10000,12260.02938440341,-2260.0293844034095
2083,test,62000,33684.98630669563,28315.01369330437
3628,test,10000,15479.328010703151,-5479.328010703151
3465,test,12000,10285.703349240923,1714.2966507590772
3424,test,7000,7915.1555638616355,-915.1555638616355
1479,test,50000,22524.60300200908,27475.39699799092
3703,test,12500,10854.003779625895,1645.9962203741052
2482,test,36000,26181.50394870749,9818.49605129251
2440,test,12000,14886.993907368098,-2886.993907368098
2673,test,5000,10260.936155782347,-5260.936155782347
1005,test,60000,39781.3203285985,20218.6796714015
699,test,140000,68304.0201504093,71695.9798495907
3650,test,30000,34531.02260206903,-4531.022602069032
3290,test,13000,11317.651395061288,1682.348604938712
1073,test,70000,72005.36364866252,-2005.3636486625182
2640,test,13000,22487.317156678295,-9487.317156678295
3001,test,20000,13705.729692393683,6294.270307606317
4498,test,15000,14368.725165296213,631.2748347037868
3000,test,11000,10171.494360815821,828.505639184179
1535,test,10000,10709.806434614264,-709.8064346142637
424,test,9000,17841.359113714265,-8841.359113714265
3693,test,100000,101044.50390045044,-1044.503900450436
1255,test,30000,18462.42863367246,11537.571366327538
2774,test,21000,14731.344971723141,6268.6550282768585
4532,test,19000,19413.70609593284,-413.706095932841
3319,test,14000,11395.302479743594,2604.6975202564063
1358,test,45000,32770.168972919935,12229.831027080065
1058,test,11000,31267.747864401936,-20267.747864401936
3985,test,10000,9623.935506551865,376.0644934481352
2434,test,50000,47366.40657901788,2633.5934209821207
588,test,350000,550368.0149130055,-200368.01491300552
3071,test,21000,25390.520852394882,-4390.520852394882
1977,test,5000,8386.933174269274,-3386.933174269274
1665,test,14000,9359.32310204731,4640.67689795269
4696,test,6000,9611.351964761736,-3611.351964761736
3614,test,14000,13389.391107108619,610.6088928913814
35,test,15000,10556.45718388906,4443.542816110939
3843,test,12000,12023.260326452608,-23.260326452607842
2421,test,29000,15716.973984753073,13283.026015246927
2233,test,9000,7417.131575054018,1582.868424945982
4624,test,6000,6367.233129499231,-367.2331294992309
112,test,20000,6402.08629699782,13597.913703002181
3937,test,5000,5374.410577967702,-374.410577967702
2526,test,11000,11308.949188871164,-308.94918887116364
594,test,210000,151091.20403932472,58908.795960675285
877,test,48000,31021.740405204473,16978.259594795527
2904,test,3500,6506.617849044105,-3006.6178490441052
1611,test,9500,10157.044036375579,-657.0440363755788
2569,test,70000,41587.85321552365,28412.146784476347
3470,test,12000,15419.501518225834,-3419.501518225834
2917,test,14500,31653.214475312663,-17153.214475312663
4082,test,8500,8674.537946761848,-174.5379467618477
3045,test,33000,20239.02069799619,12760.979302003809
3766,test,11500,9286.570133901854,2213.429866098146
4107,test,15000,10615.048066337122,4384.951933662878
1911,test,21500,24223.843961394527,-2723.8439613945266
4355,test,20000,20420.626143217905,-420.62614321790534
979,test,45000,64269.675077265456,-19269.675077265456
1513,test,25000,13118.930601801121,11881.069398198879
2109,test,10000,6810.568407241879,3189.431592758121
4436,test,12000,13376.875931182556,-1376.875931182556
1820,test,55000,56949.200880578144,-1949.2008805781443
126,test,8000,8567.676947161886,-567.6769471618863
4544,test,17000,22944.611144864095,-5944.611144864095
807,test,90000,143887.62113967148,-53887.62113967148
2325,test,8500,7898.513343811603,601.4866561883973
3206,test,16000,14670.080831567899,1329.9191684321013
2349,test,4500,7138.910021743838,-2638.910021743838
491,test,13000,12311.030224893495,688.969775106505
3618,test,16500,11628.079553226387,4871.920446773613
1445,test,230000,273649.26024912915,-43649.26024912915
2587,test,32000,33317.603619163725,-1317.603619163725
1109,test,250000,276275.72656451433,-26275.726564514334
1778,test,6000,6304.912724683429,-304.9127246834287
2403,test,14000,20239.157595117136,-6239.157595117136
1017,test,250000,200642.04113928645,49357.95886071355
2957,test,12500,12122.613465058592,377.3865349414082
2988,test,10500,13959.188079500582,-3459.188079500582
4062,test,22000,43265.17927632314,-21265.179276323142
3272,test,35000,26617.945590085437,8382.054409914563
3335,test,22000,23974.626233925723,-1974.6262339257228
2486,test,7500,7078.129697330578,421.870302669422
3003,test,22000,44327.04092875448,-22327.040928754483
7,test,5000,5885.056618069932,-885.0566180699316
4508,test,7500,10559.326610439943,-3059.3266104399427
4630,test,15000,10337.041154730556,4662.958845269444
3417,test,12000,11724.63623178231,275.36376821769045
3979,test,40000,23090.74201732489,16909.25798267511
4196,test,9500,10235.858515612768,-735.8585156127683
3546,test,10500,10604.245082700969,-104.24508270096885
3215,test,12000,11624.613547452409,375.38645254759103
4117,test,50000,50653.418036681214,-653.4180366812143
3861,test,10000,20858.588976969993,-10858.588976969993
1581,test,11400,18817.41694036622,-7417.41694036622
3351,test,16000,16991.65985840367,-991.6598584036692
4002,test,35000,34339.703315985375,660.2966840146255
1229,test,62000,37718.281171957824,24281.718828042176
4178,test,9500,11319.155444600483,-1819.155444600483
4158,test,22000,15045.930822582917,6954.069177417083
771,test,60000,45940.30071429226,14059.699285707742
945,test,28000,23185.278820618376,4814.721179381624
4570,test,13000,8537.427048964448,4462.572951035552
655,test,75000,79714.0936819646,-4714.093681964601
3094,test,12000,11563.612432471453,436.38756752854715
89,test,8500,11166.068556328524,-2666.068556328524
2680,test,30000,25664.430750213938,4335.569249786062
1595,test,16000,8700.493310127049,7299.506689872951
3732,test,10000,16852.122550077875,-6852.122550077875
4323,test,13000,10949.26713873309,2050.73286126691
4173,test,20000,19017.39738294803,982.602617051969
941,test,22000,17407.841066946214,4592.158933053786
3829,test,32000,22094.85578263227,9905.144217367731
889,test,8500,16285.16618771018,-7785.16618771018
2730,test,14000,8550.27065307921,5449.729346920791
1413,test,85000,122905.53095464778,-37905.53095464778
4553,test,6500,6395.919864034364,104.08013596563615
2544,test,40000,39438.79747556325,561.2025244367469
1556,test,16000,15570.164625818152,429.83537418184824
1495,test,17000,16456.943678261367,543.0563217386334
164,test,40000,20609.724514109264,19390.275485890736
1829,test,18000,9423.853822572593,8576.146177427407
1159,test,40000,42703.99562653469,-2703.995626534692
2215,test,48000,39645.2488522537,8354.751147746298
3334,test,9500,13736.656525796729,-4236.656525796729
3062,test,12500,9109.158326212997,3390.841673787003
190,test,13000,13076.515105539029,-76.51510553902881
4297,test,8000,6441.00849883691,1558.99150116309
4220,test,14000,10985.13239684263,3014.8676031573705
4491,test,10500,11096.363665318255,-596.3636653182548
3957,test,6000,9178.312528307035,-3178.312528307035
4146,test,9000,10349.238246376968,-1349.2382463769682
33,test,5000,8982.752207791005,-3982.7522077910053
3270,test,16000,14498.49722633707,1501.5027736629308
1972,test,15000,12525.572113401575,2474.427886598425
3738,test,8000,10973.662280485929,-2973.662280485929
2442,test,4500,5584.147303033892,-1084.147303033892
1175,test,35000,34953.44424770805,46.55575229194801
914,test,27000,27798.500873829587,-798.5008738295874
2192,test,7500,8320.284776942863,-820.2847769428627
1220,test,46000,45285.977004079934,714.022995920066
4341,test,60000,52044.38078553151,7955.61921446849
4356,test,12500,12157.235756168806,342.7642438311941
2682,test,13000,18066.27494432945,-5066.274944329449
1724,test,10500,10641.794753818582,-141.79475381858174
2650,test,190000,108093.83593679896,81906.16406320104
151,test,3500,5771.681811358013,-2271.681811358013
420,test,10000,7132.363133438451,2867.636866561549
4518,test,9000,9716.465911272178,-716.4659112721783
1874,test,15000,11005.098349390273,3994.901650609727
136,test,5000,5942.729788260376,-942.7297882603762
3853,test,5000,6757.793636325334,-1757.7936363253339
3435,test,90000,69494.99878606814,20505.001213931857
3357,test,15000,10333.051002334822,4666.9489976651785
3038,test,35000,24949.563358468436,10050.436641531564
4008,test,15000,16631.310055760434,-1631.310055760434
4710,test,25000,20645.673280945262,4354.326719054738
2580,test,27000,14342.996837068964,12657.003162931036
3757,test,34000,34188.885496883275,-188.88549688327475
4574,test,13000,14808.4617744025,-1808.4617744025
2524,test,12000,27070.263182031103,-15070.263182031103
1774,test,17000,17463.546586922537,-463.54658692253724
389,test,10000,11308.202494089348,-1308.202494089348
716,test,33000,32006.107942046816,993.8920579531841
2954,test,16500,13039.143414951337,3460.856585048663
3885,test,8200,7432.0763292451375,767.9236707548625
721,test,100000,49256.27918866249,50743.72081133751
1194,test,25000,52063.395725552225,-27063.395725552225
1852,test,24000,21157.569895478642,2842.430104521358
3869,test,75000,138961.78517024897,-63961.78517024897
3084,test,24000,17500.204009669975,6499.795990330025
1534,test,30000,11835.559824379858,18164.44017562014
1999,test,24000,22405.764995594327,1594.235004405673
3965,test,10500,11553.67371119224,-1053.6737111922394
1819,test,7500,7833.609756025394,-333.60975602539384
1084,test,160000,93726.8526090836,66273.1473909164
1771,test,15000,15282.1609469683,-282.1609469683008
3060,test,27000,28699.794424732314,-1699.794424732314
4526,test,12500,10897.425016282556,1602.5749837174444
3375,test,7000,11316.696633271307,-4316.696633271307
1231,test,80000,72948.66441289525,7051.335587104753
2586,test,14000,11029.02528328196,2970.9747167180394
1768,test,16000,14965.095419728163,1034.9045802718374
202,test,15000,7724.358538367538,7275.641461632462
2862,test,14000,12793.799994034764,1206.2000059652364
47,test,12000,8104.182040476034,3895.8179595239662
1365,test,350000,298563.9032692803,51436.09673071973
4226,test,27000,18947.66371057214,8052.336289427862
4072,test,25000,16904.666388381676,8095.333611618324
2958,test,14000,13097.079147245706,902.9208527542942
2688,test,70000,32047.672092449113,37952.32790755089
1279,test,52000,23989.17061152657,28010.82938847343
4509,test,35000,54673.78673015589,-19673.786730155887
1204,test,25000,17086.612114776355,7913.387885223645
3655,test,10500,12728.46892905926,-2228.4689290592596
2167,test,18000,14234.459217212954,3765.540782787046
2931,test,7000,11662.61290872164,-4662.6129087216395
3091,test,9000,7378.991971448734,1621.0080285512659
1900,test,25000,14255.741357029932,10744.258642970068
2146,test,17000,18651.772768392722,-1651.7727683927224
4590,test,15000,12310.72370446194,2689.2762955380604
2982,test,15000,8123.200820217439,6876.799179782561
2602,test,29000,33927.0030373159,-4927.0030373159025
528,test,60000,35236.823878034775,24763.176121965225
3136,test,15000,20282.971505922484,-5282.971505922484
1143,test,250000,306697.9988973731,-56697.998897373094
3199,test,70000,40032.351864423195,29967.648135576805
493,test,6000,5506.162182611148,493.8378173888523
2176,test,16000,16040.59027156498,-40.59027156498087
4699,test,13000,13190.93972684037,-190.93972684036999
1471,test,54500,52767.210626074666,1732.789373925334
2636,test,130000,139031.69978934954,-9031.699789349543
4183,test,12333,10244.652228576671,2088.3477714233286
2411,test,95000,81518.85112366421,13481.148876335792
1038,test,70000,67215.48357597622,2784.516424023779
4164,test,15000,23289.003567218217,-8289.003567218217
4374,test,18000,11064.028594420053,6935.971405579947
2160,test,10000,8588.381716681377,1411.618283318623
4682,test,20000,19471.475897747776,528.5241022522241
2174,test,10000,13779.762632985656,-3779.7626329856557
2312,test,85000,85560.86783212856,-560.8678321285552
3903,test,60000,35368.02656480755,24631.97343519245
2085,test,18000,16163.50626387168,1836.4937361283191
4535,test,18500,16565.248214995532,1934.7517850044678
1099,test,85000,67096.15787435944,17903.842125640556
1407,test,6500,23322.513776961154,-16822.513776961154
1179,test,130000,108423.20461747688,21576.795382523123
353,test,6500,6103.712636765419,396.2873632345809
741,test,320000,381313.2663106894,-61313.26631068939
4245,test,30000,25998.361437613592,4001.638562386408
1490,test,90000,89995.3226696779,4.677330322097987
264,test,8000,8831.41745449182,-831.4174544918205
2520,test,35000,9953.2852648156,25046.7147351844
4719,test,30000,39488.34873172802,-9488.348731728023
1846,test,12000,18843.98936402473,-6843.989364024728
611,test,85000,78949.37340001446,6050.626599985539
4620,test,20000,13173.848542612246,6826.151457387754
3245,test,20000,14824.921315438622,5175.078684561378
4523,test,35000,26549.53065576366,8450.469344236339
4006,test,12500,18421.157798130258,-5921.157798130258
3004,test,6000,13260.852742239293,-7260.852742239293
2029,test,8000,8044.250396847271,-44.25039684727108
2262,test,8000,10027.972004425475,-2027.9720044254755
572,test,27000,34266.25436607844,-7266.254366078443
1787,test,16500,14718.36136784188,1781.6386321581194
1547,test,7500,8961.589046527022,-1461.5890465270222
871,test,85000,74411.812815644,10588.187184355993
1928,test,35000,18947.890790049623,16052.109209950377
4432,test,10000,10781.538120511676,-781.5381205116755
1924,test,6000,7987.083556017711,-1987.083556017711
456,test,9500,7077.852662417157,2422.1473375828427
3870,test,250000,200568.4436241787,49431.556375821296
4264,test,14000,15556.576881152816,-1556.576881152816
329,test,3000,5056.536830354594,-2056.536830354594
1786,test,17000,11668.88095837249,5331.119041627509
280,test,7000,6129.601995113597,870.3980048864032
2095,test,26000,26210.27872885195,-210.2787288519503
2773,test,19500,15716.673169393458,3783.326830606542
2857,test,22999,23670.498392299385,-671.4983922993852
3801,test,9000,8560.237152733882,439.7628472661181
635,test,32000,29065.084383913923,2934.9156160860766
1152,test,26500,28412.474137230467,-1912.474137230467
1985,test,13500,7036.6416984060525,6463.3583015939475
3390,test,13000,20538.917240579744,-7538.9172405797435
3747,test,8000,6071.693801573282,1928.3061984267179
1177,test,20000,18994.76516796722,1005.2348320327801
2144,test,7700,7222.895806070189,477.1041939298111
4733,test,29000,22114.67207416117,6885.327925838828
832,test,55000,71194.73935611948,-16194.739356119477
425,test,5000,6472.031783676801,-1472.0317836768008
1821,test,11000,16143.936185900031,-5143.936185900031
3426,test,10000,9653.544265257297,346.4557347427035
1212,test,20000,19762.80426761714,237.19573238286102
3473,test,12000,14871.88907043633,-2871.8890704363293
1898,test,12000,14312.329717979032,-2312.3297179790316
4552,test,7500,7580.09922596112,-80.09922596112028
1872,test,9000,13247.056248799143,-4247.056248799143
1754,test,14500,17701.184102902993,-3201.184102902993
1320,test,45000,63908.086868305734,-18908.086868305734
1012,test,42000,34845.43410553628,7154.565894463718
3067,test,34000,23810.49724811026,10189.50275188974
1435,test,150000,58226.672758006134,91773.32724199386
903,test,50000,42574.47341772905,7425.526582270948
2775,test,20000,15547.248331217215,4452.751668782785
1275,test,40000,32722.664742619945,7277.335257380055
2874,test,18000,10694.567976059496,7305.432023940504
1565,test,20000,17960.309085258046,2039.6909147419537
963,test,52000,55889.3286865219,-3889.328686521898
2984,test,7600,10047.096543520067,-2447.096543520067
2922,test,90000,63507.71614081749,26492.283859182513
1501,test,17000,14372.068239584565,2627.931760415435
3178,test,12000,9822.46255536455,2177.537444635451
159,test,6000,5842.94995484646,157.05004515353994
2579,test,24000,23329.627706751045,670.3722932489545
3967,test,9000,10385.421782893201,-1385.4217828932015
1151,test,75000,59427.34178655548,15572.65821344452
3855,test,14000,12734.58340717101,1265.4165928289895
3947,test,13000,13826.044721484035,-826.0447214840351
2462,test,40000,23415.59070657935,16584.40929342065
4248,test,7500,10524.68271924521,-3024.6827192452092
4168,test,5500,6146.28899896359,-646.2889989635896
1860,test,14000,15085.265139066076,-1085.2651390660758
666,test,55000,110786.52031401586,-55786.520314015856
770,test,120000,105983.03038162539,14016.969618374613
4076,test,11000,13008.723456465616,-2008.7234564656155
1938,test,7000,7836.974913420547,-836.9749134205467
3514,test,34000,24325.274513464217,9674.725486535783
4175,test,7500,6982.682496856701,517.3175031432993
2713,test,6000,8420.757574243247,-2420.7575742432473
1363,test,23000,29268.59597469715,-6268.595974697149
3475,test,26000,15516.044864617868,10483.955135382132
2714,test,18000,15379.779047979642,2620.220952020358
4334,test,12000,12817.201852032797,-817.2018520327965
2696,test,13500,11811.848743038023,1688.1512569619772
1297,test,55000,52088.76453532867,2911.2354646713284
2316,test,16000,17509.24338781069,-1509.2433878106895
537,test,28000,19845.021937842746,8154.978062157254
1409,test,69999,87472.8547722674,-17473.854772267397
3574,test,9500,11635.910343409962,-2135.9103434099616
1651,test,32900,30142.609489328213,2757.3905106717866
3117,test,8000,4733.755681141734,3266.2443188582656
1769,test,5000,6855.580517091545,-1855.5805170915446
3820,test,13500,11823.664133356873,1676.3358666431268
1333,test,25000,25112.010473636714,-112.01047363671387
4275,test,12000,12068.224102485827,-68.22410248582673
1596,test,10000,9198.300439057803,801.6995609421974
369,test,9000,6716.445751895225,2283.554248104775
4368,test,32000,14939.470286863065,17060.529713136937
2606,test,8000,11995.28923686473,-3995.28923686473
4385,test,13000,6757.069277270659,6242.930722729341
3352,test,26000,35311.55112962588,-9311.551129625877
1298,test,66000,46360.70804553144,19639.291954468557
748,test,130000,81412.96697901616,48587.03302098384
2320,test,5000,13784.987601976403,-8784.987601976403
4534,test,200000,108158.32185383345,91841.67814616655
2767,test,18000,11452.66776690708,6547.33223309292
4155,test,12500,13303.805519148062,-803.8055191480616
2113,test,7500,7884.624016611929,-384.6240166119287
2114,test,16000,15450.350666661787,549.6493333382132
4073,test,13000,9121.506384406499,3878.493615593501
576,test,95000,78305.22110097753,16694.778899022465
2645,test,7000,13792.740451447109,-6792.740451447109
907,test,34000,32278.299963753318,1721.7000362466824
1689,test,18000,14646.272402823006,3353.727597176994
3501,test,7000,6390.887432889548,609.1125671104519
3699,test,13000,9080.923828605204,3919.076171394796
4577,test,4000,7028.365730741267,-3028.365730741267
612,test,50000,40852.724820314106,9147.275179685894
2340,test,19000,18653.419187882206,346.58081211779427
2292,test,12000,8634.010297264194,3365.9897027358056
1313,test,23000,22624.008675439465,375.99132456053485
3744,test,10000,11879.937949595767,-1879.9379495957673
4081,test,20000,26301.042631991477,-6301.042631991477
3340,test,33000,42987.06534087386,-9987.065340873858
4493,test,16000,10493.003270499077,5506.996729500923
