row_id,split,actual_rent,predicted_rent,residual
1124,train,95000,68388.90329205646,26611.096707943536
3886,train,12000,25927.36088998934,-13927.36088998934
4122,train,14000,13655.178337784313,344.82166221568696
2762,train,6500,9816.88233399153,-3316.8823339915307
1963,train,30000,21483.909961225057,8516.090038774943
345,train,12000,9754.161660391837,2245.8383396081626
3892,train,20000,22742.643971544494,-2742.643971544494
3420,train,6250,12012.968583004751,-5762.968583004751
2348,train,6000,6203.709191115964,-203.70919111596413
4572,train,37000,30848.0718308344,6151.9281691656
288,train,7000,7638.712048530383,-638.7120485303831
3875,train,58000,47213.11763665685,10786.882363343153
4652,train,9000,12335.29728525636,-3335.29728525636
2920,train,10000,11777.983372827339,-1777.9833728273388
641,train,68000,60070.957052259204,7929.042947740796
3749,train,5000,5803.29791696517,-803.2979169651699
3972,train,24000,15059.580818542445,8940.419181457555
1625,train,22000,23325.173787454336,-1325.173787454336
1703,train,20000,13148.707058758158,6851.292941241842
3288,train,35000,18370.098160036054,16629.901839963946
3553,train,13000,18215.13443305989,-5215.134433059891
1465,train,70000,56730.25758318128,13269.74241681872
3938,train,13000,11308.04498466541,1691.95501533459
885,train,32000,33066.0150168473,-1066.0150168472974
3121,train,11000,9899.689351868466,1100.3106481315335
2055,train,18000,12727.832455688349,5272.167544311651
381,train,12000,15818.699420628787,-3818.6994206287873
2810,train,9500,15531.148498851737,-6031.148498851737
2885,train,33500,20586.49489558021,12913.50510441979
3883,train,16000,20309.73824548012,-4309.738245480119
2801,train,13000,20779.796883020885,-7779.796883020885
2695,train,7500,11619.056780013581,-4119.056780013581
1899,train,75000,46384.08127235759,28615.918727642413
4455,train,16000,18054.13148509915,-2054.131485099151
3793,train,10000,10537.373687516141,-537.3736875161412
3668,train,9000,15173.329822009882,-6173.329822009882
1839,train,16500,19371.452617517654,-2871.4526175176543
3894,train,12500,13399.169269736449,-899.1692697364488
1355,train,52000,46437.70694552854,5562.293054471462
2697,train,14000,13299.154424807508,700.8455751924921
514,train,22000,22306.280656958086,-306.2806569580862
927,train,30000,23008.12913243397,6991.870867566031
1104,train,17000,20514.352034834785,-3514.3520348347847
3360,train,8000,8969.734654232137,-969.7346542321375
2768,train,30000,55287.60382964078,-25287.60382964078
1165,train,52000,71852.37828453702,-19852.378284537015
2715,train,18000,15565.434261038521,2434.565738961479
4305,train,6000,8071.827059235174,-2071.8270592351737
1257,train,100000,144033.57568812472,-44033.57568812472
2594,train,18000,23529.377590158478,-5529.377590158478
3217,train,20000,25604.946427064482,-5604.946427064482
3163,train,10000,15188.496433380915,-5188.496433380915
1554,train,15000,14718.13239199917,281.86760800082993
3088,train,26000,28573.178520244608,-2573.178520244608
998,train,70000,95774.06220182791,-25774.06220182791
417,train,6500,7229.959588605874,-729.9595886058742
427,train,5500,5830.329861424683,-330.32986142468326
2632,train,40000,23816.911017886676,16183.088982113324
4519,train,18000,21733.377490103063,-3733.377490103063
850,train,190000,246810.61167502607,-56810.61167502607
3968,train,11000,10788.292881191843,211.70711880815725
4003,train,6000,7686.707858654521,-1686.7078586545213
3265,train,24000,37401.50655391934,-13401.506553919338
108,train,8000,9232.83671499463,-1232.8367149946298
3309,train,7500,8137.107048455136,-637.1070484551356
3872,train,60000,42806.595164647384,17193.404835352616
2286,train,15000,11043.879282735816,3956.1207172641843
1950,train,40000,26498.47017842032,13501.52982157968
3657,train,20000,20648.648724230203,-648.6487242302028
4546,train,10000,12013.584599626234,-2013.5845996262342
4600,train,20000,13246.062674938943,6753.937325061057
2379,train,80000,47129.575441576846,32870.424558423154
4379,train,12500,12777.760770056726,-277.76077005672596
3836,train,20000,17867.070930128877,2132.929069871123
2806,train,14000,7880.908779292377,6119.091220707623
376,train,7000,7144.757222242403,-144.75722224240326
2051,train,7000,7255.6315620121695,-255.63156201216952
1805,train,15000,9845.850093055074,5154.1499069449255
2744,train,12000,13719.64878722244,-1719.6487872224407
549,train,20000,21309.01703045356,-1309.0170304535604
1378,train,24000,34897.60011759396,-10897.60011759396
2728,train,13500,23149.98016622494,-9649.980166224941
3220,train,11000,12246.057301358418,-1246.057301358418
575,train,40000,39751.66975845252,248.33024154748273
468,train,6500,6994.853141750647,-494.8531417506474
213,train,11000,8866.065173383175,2133.9348266168254
3526,train,15000,21270.500834262577,-6270.500834262577
4278,train,15000,14352.771511896277,647.2284881037231
677,train,55000,78241.25074705137,-23241.250747051366
3410,train,15000,26977.66023198822,-11977.660231988219
3041,train,12000,15983.017100331701,-3983.017100331701
1994,train,22000,22374.662617827864,-374.66261782786387
1222,train,21000,22556.93580797496,-1556.9358079749618
1570,train,8500,11057.444754231421,-2557.444754231421
4271,train,13000,16178.61263780825,-3178.61263780825
438,train,5000,5706.446109577776,-706.446109577776
821,train,34000,31651.311313493545,2348.6886865064553
4449,train,9000,7056.349250360095,1943.6507496399054
3025,train,11200,12118.280546670896,-918.280546670896
530,train,300000,401285.7680435404,-101285.76804354042
2702,train,4000,5194.339983728919,-1194.339983728919
3884,train,18000,30446.670602683716,-12446.670602683716
2745,train,13500,10860.331956992351,2639.6680430076485
1722,train,19000,15002.072788569225,3997.927211430775
1704,train,28000,26848.946652245457,1151.0533477545432
661,train,35000,50572.64791209611,-15572.647912096108
1243,train,72000,46423.78455297143,25576.215447028568
1027,train,230000,97015.10785770213,132984.89214229787
4463,train,20000,19265.65250024796,734.3474997520389
2210,train,10000,13963.44849811759,-3963.44849811759
1607,train,6000,10636.995284579905,-4636.995284579905
163,train,9000,12106.82124534214,-3106.82124534214
3591,train,7000,5305.403721415886,1694.5962785841139
4262,train,10000,6976.407041024755,3023.592958975245
2722,train,20000,19532.246503321043,467.75349667895716
4058,train,30000,38028.62096172583,-8028.620961725828
3627,train,15000,14718.936952102853,281.06304789714704
3187,train,13000,18479.422245838334,-5479.422245838334
812,train,36000,44783.866283722375,-8783.866283722375
1508,train,13500,9039.707904296874,4460.292095703126
2811,train,15000,19327.828302609356,-4327.828302609356
3362,train,12000,14626.45755790473,-2626.4575579047305
4457,train,12000,13660.253909359733,-1660.2539093597334
421,train,12000,11125.41217174125,874.5878282587491
1477,train,70000,65578.96066809513,4421.039331904874
1588,train,10000,11336.425060825679,-1336.4250608256789
313,train,15000,15463.19412399056,-463.1941239905591
3945,train,12000,13702.311364980658,-1702.3113649806583
2161,train,24000,21071.955113540374,2928.0448864596256
277,train,15000,7160.022484136936,7839.977515863064
2750,train,9000,11377.68499042636,-2377.68499042636
140,train,12500,11675.19238390012,824.8076160998808
1383,train,37000,47835.2895335837,-10835.289533583702
2708,train,10000,7514.88565518762,2485.1143448123803
1881,train,15000,13519.490859173562,1480.509140826438
4448,train,400000,134336.11167057653,265663.8883294235
310,train,9000,7146.469671609527,1853.5303283904732
3601,train,18000,16398.42403423068,1601.5759657693197
4279,train,15000,7715.04272435622,7284.95727564378
3190,train,15000,14713.038001233379,286.96199876662104
1347,train,20000,16813.328096303656,3186.671903696344
2295,train,30000,21976.791458943106,8023.208541056894
189,train,6500,4325.695119698016,2174.3048803019838
1923,train,24000,15055.918534917626,8944.081465082374
1842,train,17000,15125.8490679516,1874.1509320484001
1155,train,38000,51646.833218841915,-13646.833218841915
3933,train,23000,12576.627380697197,10423.372619302803
61,train,30000,27336.426791619437,2663.5732083805633
1691,train,20000,16423.02876878378,3576.971231216219
499,train,6000,7385.146625688503,-1385.1466256885033
1733,train,12500,13703.242013096156,-1203.2420130961564
2555,train,6000,8348.82473996131,-2348.82473996131
2004,train,15000,8750.43221045892,6249.567789541081
1337,train,110000,100408.74225713736,9591.25774286264
2652,train,60000,52746.75053548385,7253.24946451615
3823,train,22000,23257.749050949868,-1257.7490509498675
2193,train,34000,32235.639607829973,1764.360392170027
1425,train,35000,40449.197517550456,-5449.197517550456
2893,train,16000,23422.68344331056,-7422.683443310561
687,train,100000,65523.66371632129,34476.33628367871
1517,train,7500,8310.30757171637,-810.3075717163701
852,train,75000,102742.51078333806,-27742.51078333806
4726,train,35000,25598.481136492388,9401.518863507612
261,train,7000,8253.93337295815,-1253.9333729581504
4487,train,18000,15456.11201980348,2543.8879801965195
3852,train,15000,12284.119755095619,2715.8802449043815
4246,train,18000,13117.327951462636,4882.672048537364
584,train,13000,27069.483180181258,-14069.483180181258
1305,train,51000,50116.83544709284,883.1645529071611
875,train,15000,11771.061229961251,3228.9387700387488
4116,train,14000,14955.228352973716,-955.228352973716
1608,train,17000,10698.250090604182,6301.749909395818
4302,train,18000,21101.886987311555,-3101.8869873115545
1560,train,12000,6832.921175444111,5167.078824555889
827,train,40000,45640.14042968179,-5640.140429681793
625,train,85000,76021.36253741026,8978.637462589744
4274,train,25000,15745.778649515205,9254.221350484795
1984,train,11000,8140.998351060169,2859.0016489398313
1642,train,12000,17509.385918053977,-5509.385918053977
1278,train,15000,18052.68392132195,-3052.68392132195
4468,train,24000,28704.807434530554,-4704.807434530554
1742,train,14000,32054.312597745924,-18054.312597745924
4400,train,50000,71170.18281944258,-21170.182819442576
522,train,25000,12519.11635049272,12480.88364950728
4688,train,12000,11342.101315825623,657.8986841743772
614,train,120000,47686.20950215292,72313.79049784708
2223,train,28000,29072.785080749254,-1072.7850807492541
2483,train,12000,16209.823629308588,-4209.823629308588
2281,train,22000,28023.17254105095,-6023.17254105095
3394,train,20000,22009.739261880648,-2009.739261880648
2698,train,18000,27985.27644151017,-9985.27644151017
935,train,18000,27267.97412152962,-9267.97412152962
1987,train,55000,34695.662413148,20304.337586852
483,train,5000,5695.285168314948,-695.2851683149484
4396,train,24000,15645.44957293445,8354.55042706555
2047,train,11000,9928.799658841519,1071.200341158481
459,train,22500,17968.65971878674,4531.340281213259
4615,train,5000,7361.359063635061,-2361.359063635061
4156,train,31000,40001.25194453695,-9001.251944536947
3871,train,10000,10055.651479851735,-55.65147985173462
2116,train,14000,11797.512126552432,2202.487873447568
3081,train,12000,17044.70638855177,-5044.706388551771
4094,train,12000,11367.132205587284,632.8677944127157
4632,train,9000,10213.80083582191,-1213.8008358219104
4229,train,8000,7399.871994149659,600.1280058503407
3713,train,19000,13848.116247906326,5151.883752093674
2010,train,50000,23780.588872964312,26219.411127035688
1589,train,7000,4413.0604279064355,2586.9395720935645
1139,train,77000,103664.06517605702,-26664.065176057018
2494,train,14000,13921.033671924628,78.96632807537208
1552,train,84000,51362.523577748725,32637.476422251275
3294,train,65000,62047.57581108043,2952.424188919569
3145,train,8500,6826.868891700278,1673.1311082997217
1751,train,7500,8998.24789470537,-1498.2478947053696
30,train,7500,4921.146041210646,2578.853958789354
462,train,14000,11782.05220151977,2217.9477984802306
3110,train,9000,8013.636942452743,986.3630575472571
3479,train,12000,12803.926391265863,-803.9263912658625
2545,train,36000,37570.65145132006,-1570.65145132006
2384,train,40000,24800.274984290205,15199.725015709795
1546,train,16000,14227.286284120488,1772.7137158795122
917,train,8000,22631.59516793606,-14631.595167936059
4601,train,10000,12740.013194405372,-2740.013194405372
432,train,5500,7736.223138216595,-2236.2231382165946
4668,train,7000,13257.440026748833,-6257.440026748833
901,train,75000,114287.41088777277,-39287.41088777277
3599,train,22000,24089.632476615636,-2089.632476615636
1882,train,11000,11578.292222908161,-578.2922229081614
1939,train,24000,20330.161022996657,3669.8389770033427
2077,train,11000,10085.908461139477,914.0915388605226
2662,train,35000,57916.85369465616,-22916.853694656158
1685,train,17500,15606.195177680054,1893.8048223199457
1036,train,100000,147390.59771711074,-47390.59771711074
3856,train,20000,13212.039620944985,6787.960379055015
406,train,5500,7997.083077704857,-2497.083077704857
3233,train,25000,20461.1352600374,4538.864739962599
1880,train,10000,13691.174166513618,-3691.174166513618
3802,train,14000,14891.07411256588,-891.0741125658806
1537,train,7500,7747.26235942338,-247.26235942338008
4389,train,15000,24450.04937455609,-9450.049374556089
1185,train,76000,43727.50677907781,32272.493220922188
418,train,4500,5748.327838864483,-1248.327838864483
1068,train,130000,108289.74020359117,21710.259796408835
3838,train,15000,13641.125281358218,1358.8747186417822
4501,train,8000,7830.656422116744,169.34357788325633
4548,train,10000,11141.393175888674,-1141.3931758886738
2082,train,10000,9870.439087959769,129.56091204023141
3558,train,24000,22432.704378529706,1567.2956214702936
2248,train,12000,14120.579109966202,-2120.579109966202
147,train,8000,9724.033206681135,-1724.0332066811352
4133,train,20000,14329.95436996689,5670.04563003311
137,train,17500,19319.419270432307,-1819.4192704323068
76,train,5500,7816.191594753064,-2316.1915947530642
4565,train,18000,17398.36864735181,601.6313526481899
2218,train,40000,26017.56897874174,13982.43102125826
833,train,80000,150360.1803813387,-70360.1803813387
1188,train,39000,51918.068354468094,-12918.068354468094
43,train,8500,8175.401375419431,324.59862458056887
3680,train,8000,13780.747424883932,-5780.747424883932
2257,train,7000,7773.833745160213,-773.8337451602129
2529,train,24000,9119.512507024207,14880.487492975793
4678,train,30000,16392.19571064861,13607.804289351388
4492,train,37000,28805.841194988378,8194.158805011622
2639,train,15000,12869.488217796817,2130.5117822031825
2492,train,14000,10528.39695352207,3471.6030464779305
3011,train,22000,15681.28080501576,6318.71919498424
838,train,450000,471217.4968435832,-21217.496843583183
3332,train,20000,25154.326499932937,-5154.326499932937
3720,train,40000,34027.33825986135,5972.661740138647
323,train,8500,11709.14602055918,-3209.1460205591793
4023,train,12000,14371.643984383232,-2371.6439843832322
3733,train,20000,17565.995711706277,2434.004288293723
274,train,30000,52918.22998762825,-22918.22998762825
1373,train,24000,35414.625427643645,-11414.625427643645
3336,train,23000,20813.62855607092,2186.3714439290816
2783,train,10000,11891.654645795936,-1891.6546457959357
169,train,40000,18766.050317855403,21233.949682144597
2541,train,16000,19618.25028662603,-3618.2502866260293
1461,train,30000,39588.896819380294,-9588.896819380294
2903,train,110000,80811.71669435698,29188.283305643025
2990,train,26000,25652.76634165932,347.23365834067954
4685,train,17000,13540.29304687209,3459.7069531279103
894,train,15500,19370.715468997318,-3870.7154689973177
4007,train,25000,16510.505914718462,8489.494085281538
631,train,50000,50725.14244830006,-725.1424483000592
2777,train,6500,6453.788418425607,46.21158157439277
3455,train,45000,49843.21715013761,-4843.217150137607
2230,train,16000,11502.279087044955,4497.720912955045
3723,train,35000,16051.195022618745,18948.804977381253
2886,train,9500,8059.833718869363,1440.166281130637
4472,train,15000,13915.572148470364,1084.4278515296355
2408,train,9000,12563.47569196546,-3563.475691965459
730,train,95000,115982.94469056003,-20982.944690560034
2184,train,24000,20712.610670461494,3287.389329538506
703,train,40000,47319.031818208314,-7319.031818208314
652,train,43000,50709.56538684519,-7709.565386845192
1280,train,13000,32673.242411518044,-19673.242411518044
4213,train,42000,40327.841758496754,1672.1582415032462
1905,train,6000,8304.740328994985,-2304.7403289949852
4298,train,13000,14240.184271384831,-1240.184271384831
484,train,10000,11507.53436753061,-1507.5343675306103
3146,train,20000,62948.59497870179,-42948.59497870179
1955,train,15000,15239.52605499364,-239.52605499363926
4100,train,16500,22636.442123246627,-6136.442123246627
2053,train,4800,7011.073022482583,-2211.073022482583
4067,train,1200,28287.695574367837,-27087.695574367837
302,train,20000,11475.238065840296,8524.761934159704
2967,train,7500,6979.372756883423,520.6272431165771
4127,train,10000,13199.73980325483,-3199.73980325483
3285,train,8000,10007.259251036121,-2007.259251036121
1809,train,22000,11203.19521921343,10796.80478078657
4360,train,26000,20927.179076494278,5072.820923505722
1973,train,70000,25925.932178677132,44074.06782132287
1614,train,7000,6838.021226488483,161.97877351151692
3192,train,19000,15134.995249509122,3865.004750490878
3764,train,6000,6255.629571091112,-255.62957109111176
2352,train,17500,14253.256241647983,3246.743758352017
4150,train,12000,14185.301288495655,-2185.301288495655
2241,train,14000,12441.290620840775,1558.7093791592251
2930,train,5500,7493.8158403655625,-1993.8158403655625
610,train,50000,47614.10606432498,2385.8939356750197
3791,train,12500,8935.970453824992,3564.0295461750084
3056,train,22000,19588.018003209192,2411.981996790808
1783,train,20000,15467.185747228259,4532.814252771741
776,train,150000,142971.5328940298,7028.467105970194
4513,train,60000,45693.330136864155,14306.669863135845
1116,train,55000,73200.42720249128,-18200.42720249128
2140,train,13900,12039.537161368538,1860.4628386314616
3468,train,26000,25545.4699677427,454.53003225729844
2106,train,12000,9954.806605524169,2045.1933944758312
1380,train,600000,701861.216398631,-101861.21639863099
4201,train,10000,13338.230707500832,-3338.230707500832
2871,train,30000,26818.111186635324,3181.888813364676
191,train,9000,8141.537194449376,858.4628055506237
1046,train,27000,23809.826806929235,3190.1731930707647
973,train,85000,56520.07992944338,28479.920070556618
4499,train,35000,31558.41605203627,3441.583947963729
449,train,4000,4938.505187741525,-938.5051877415253
628,train,50000,63157.53502125085,-13157.53502125085
1403,train,20000,13024.63484477703,6975.365155222969
4311,train,9500,12558.728687761066,-3058.728687761066
3416,train,10000,11303.117804502845,-1303.1178045028446
1303,train,50000,64460.59622277208,-14460.596222772081
3383,train,30000,25747.462244536448,4252.5377554635525
4293,train,70000,52503.313923006695,17496.686076993305
616,train,110000,122055.45162743103,-12055.45162743103
745,train,100000,134840.74223985142,-34840.74223985142
193,train,12000,9760.710187596835,2239.2898124031653
1862,train,8000,12604.564824896308,-4604.564824896308
1449,train,45000,22684.974745976375,22315.025254023625
3064,train,40000,49294.646093429845,-9294.646093429845
46,train,4600,7189.815629596053,-2589.8156295960534
4291,train,12000,11590.199135486044,409.8008645139562
3950,train,4000,6238.728213592869,-2238.728213592869
3506,train,15000,18589.63273840975,-3589.6327384097494
1107,train,35500,38823.84617976467,-3323.846179764667
4102,train,8500,10923.8257722355,-2423.8257722354992
2143,train,13000,16037.301329296366,-3037.301329296366
2369,train,7500,11155.436109578113,-3655.4361095781132
642,train,150000,139838.37298889383,10161.627011106175
3061,train,8000,8338.393155184585,-338.39315518458534
4074,train,35000,30198.511518084575,4801.488481915425
1225,train,65000,109138.26023466358,-44138.26023466358
777,train,230000,256984.39326506792,-26984.39326506792
3545,train,26000,35237.549362689584,-9237.549362689584
4154,train,6000,5792.531841726004,207.46815827399587
3249,train,15000,13079.755152034973,1920.2448479650266
3931,train,22000,31167.026953487788,-9167.026953487788
1158,train,180000,82836.3227198234,97163.6772801766
3168,train,14000,23472.184327585794,-9472.184327585794
815,train,42000,36965.10475510223,5034.8952448977725
2381,train,14000,30512.50256259044,-16512.50256259044
4357,train,18000,12956.72322923347,5043.27677076653
1284,train,360000,400060.6376913028,-40060.63769130281
331,train,6500,6051.699068491575,448.3009315084246
788,train,170000,139522.12149195268,30477.878508047317
1834,train,12500,12232.818695025297,267.1813049747034
4054,train,14000,9947.841592779261,4052.158407220739
1746,train,55000,40085.46269220132,14914.53730779868
1292,train,65000,64841.382963989185,158.61703601081535
883,train,45000,35319.8190571342,9680.180942865802
2269,train,7000,8581.692863352095,-1581.6928633520947
4339,train,10000,13410.730455810684,-3410.7304558106844
4284,train,9500,7401.045963614386,2098.954036385614
289,train,3500,4423.954788243115,-923.9547882431152
4515,train,9000,12071.751054647553,-3071.7510546475532
2879,train,28000,47721.68634639099,-19721.68634639099
2201,train,16500,14474.969843948964,2025.030156051036
1960,train,26969,29857.04266215691,-2888.0426621569095
4530,train,8000,9655.804472031246,-1655.8044720312464
2824,train,9300,14319.961411009686,-5019.961411009686
263,train,6000,5734.9152641980645,265.0847358019355
3020,train,5000,7651.425580741914,-2651.425580741914
3299,train,26000,21860.45110542294,4139.548894577059
2006,train,27000,19778.510532336953,7221.4894676630465
3547,train,15000,8396.62563431006,6603.3743656899405
1864,train,15000,13678.190444773696,1321.809555226304
441,train,5500,5072.584181890535,427.41581810946536
1515,train,7500,9938.950701798405,-2438.950701798405
1412,train,45000,47292.65436568767,-2292.6543656876675
2798,train,37000,14700.166618949213,22299.833381050787
4331,train,6000,7293.207124726676,-1293.2071247266758
4214,train,20000,14485.559190733067,5514.440809266933
1487,train,65000,56146.43871174055,8853.56128825945
295,train,10500,8747.745654854707,1752.254345145293
2552,train,13000,11558.618789102682,1441.381210897318
2877,train,16000,16631.138398787396,-631.138398787396
364,train,10000,9576.63299131287,423.3670086871298
3948,train,9500,13285.238810060382,-3785.238810060382
3491,train,8500,9202.001761901272,-702.0017619012724
1658,train,14000,9419.683357670494,4580.316642329506
2324,train,12000,13329.461112425184,-1329.4611124251842
761,train,36000,49462.1385163544,-13462.138516354396
4418,train,14000,10626.568372687592,3373.4316273124077
758,train,35000,34163.51456751158,836.4854324884218
1095,train,25000,15123.213227109372,9876.786772890628
2228,train,12000,11272.673040518377,727.3269594816229
4188,train,7500,6773.557591653123,726.4424083468766
3456,train,5000,7194.166523850211,-2194.166523850211
4618,train,9000,13877.082622067897,-4877.082622067897
2661,train,36000,68541.32059578088,-32541.320595780882
4063,train,15000,9279.357303294482,5720.642696705518
2050,train,9000,13965.47196965992,-4965.47196965992
496,train,14000,9414.732833905837,4585.267166094163
810,train,40000,43980.59031152088,-3980.5903115208785
1797,train,5000,8926.207876488274,-3926.2078764882735
2599,train,25000,50093.96391117341,-25093.963911173407
471,train,7500,7129.568216864696,370.4317831353037
2071,train,35000,31040.35241662986,3959.6475833701406
1504,train,8000,8422.832201182113,-422.83220118211284
3330,train,12000,8085.609101633243,3914.390898366757
1261,train,70000,98314.36478621249,-28314.364786212493
3578,train,18000,9721.154143893975,8278.845856106025
736,train,46000,48622.29749918348,-2622.297499183478
2236,train,16000,17134.035547395244,-1134.035547395244
955,train,72000,53413.79242592873,18586.207574071268
2718,train,11000,9924.517832113674,1075.4821678863264
1100,train,26000,33423.64154006906,-7423.64154006906
4028,train,10000,12124.130291546613,-2124.130291546613
2790,train,22000,26211.721695336073,-4211.721695336073
480,train,6000,12867.11605699943,-6867.11605699943
2278,train,20000,8900.789104480466,11099.210895519534
3411,train,75000,39602.84440487469,35397.15559512531
4416,train,120000,65259.86661945659,54740.13338054341
3083,train,20000,23168.050715405938,-3168.050715405938
910,train,24000,17872.399392432002,6127.600607567998
3098,train,13000,11663.529547254942,1336.4704527450576
1200,train,25000,24756.3908493026,243.60915069740076
3917,train,25000,34029.18220106725,-9029.182201067248
1974,train,19000,15632.660606003285,3367.3393939967154
2878,train,20000,19663.702179933873,336.2978200661273
3317,train,45000,19341.988989611466,25658.011010388534
3775,train,18500,21730.617137109915,-3230.6171371099153
1707,train,20000,15237.410714271544,4762.589285728456
1830,train,11000,8441.157773782756,2558.8422262172444
2883,train,8000,10047.084918304417,-2047.0849183044174
2121,train,15000,16827.749507468106,-1827.7495074681065
2675,train,30000,49986.0720188845,-19986.0720188845
1142,train,40000,34090.41104840182,5909.5889515981835
393,train,7000,6743.9500985737095,256.0499014262905
1586,train,7000,7317.526537866691,-317.5265378666909
884,train,35000,23881.86464333576,11118.13535666424
3443,train,16000,20123.05865790607,-4123.058657906069
3891,train,11000,12471.287200349749,-1471.2872003497487
3896,train,30000,28898.474021814694,1101.5259781853056
1680,train,12000,10476.53281539425,1523.46718460575
3227,train,30000,28118.821102085487,1881.178897914513
398,train,8000,6736.506153069175,1263.4938469308254
598,train,55000,64488.47373430828,-9488.473734308282
4144,train,45000,41881.632487710405,3118.3675122895947
2122,train,9500,7787.284887843213,1712.7151121567867
408,train,11000,10573.897390896527,426.1026091034728
3850,train,8500,12962.170992669997,-4462.170992669997
811,train,40000,27746.875447299815,12253.124552700185
135,train,9000,8997.079851872437,2.9201481275631522
4,train,7500,9712.621495342823,-2212.6214953428225
3112,train,17000,23901.357395114086,-6901.357395114086
2493,train,14000,19986.182005904262,-5986.182005904262
4025,train,45000,37534.44381237057,7465.5561876294305
987,train,75000,84123.02055465263,-9123.020554652627
996,train,75000,47335.3684031771,27664.631596822903
1828,train,7000,6296.82355522196,703.1764447780397
4517,train,5800,10923.35697097335,-5123.356970973349
2422,train,18000,12676.89504826199,5323.104951738011
3174,train,7000,7537.4846691682105,-537.4846691682105
2517,train,22000,19798.749102212416,2201.250897787584
1562,train,16000,15782.623135240503,217.37686475949704
3748,train,12000,10332.131513737311,1667.8684862626887
2437,train,10000,9760.251866217657,239.74813378234285
3380,train,16000,17439.33383673032,-1439.3338367303186
4627,train,5000,4651.405505097054,348.5944949029463
4045,train,25000,14094.17894299915,10905.82105700085
2065,train,17681,18674.700865626317,-993.700865626317
764,train,7500,12283.977991952643,-4783.977991952643
237,train,5500,6840.212562286862,-1340.2125622868616
3188,train,9000,8297.36657089355,702.6334291064504
3404,train,45000,28248.954063625217,16751.045936374783
893,train,40000,91545.93945235347,-51545.93945235347
3241,train,85000,55572.25637597532,29427.743624024683
2330,train,12500,16656.675527579417,-4156.675527579417
3815,train,100000,53399.310366874095,46600.689633125905
3058,train,6500,11074.075964219777,-4574.075964219777
396,train,35000,18372.950112758113,16627.049887241887
3759,train,15000,13313.522901254126,1686.4770987458742
1996,train,15000,22477.176256179213,-7477.176256179213
479,train,10000,9846.981748412594,153.01825158740576
4304,train,9000,12428.55568065434,-3428.555680654341
2815,train,250000,73927.48010758564,176072.51989241436
3566,train,15000,9001.327475857208,5998.672524142792
4406,train,3000,5305.191874051751,-2305.1918740517513
2617,train,140000,67246.7016908014,72753.2983091986
154,train,7000,7088.095406235466,-88.09540623546582
4182,train,16000,17305.481624299202,-1305.481624299202
705,train,230000,103444.08040030977,126555.91959969023
3611,train,8000,6584.4331795443995,1415.5668204556005
3017,train,12000,10690.83716101467,1309.1628389853304
1045,train,46000,56281.27051721895,-10281.270517218953
2364,train,24000,25300.149593798473,-1300.1495937984728
1832,train,60000,39568.740957386966,20431.259042613034
188,train,7000,9470.685926261487,-2470.685926261487
4235,train,26000,18357.531790520123,7642.468209479877
2968,train,10000,9419.264887570418,580.7351124295819
3207,train,14000,14189.186614521604,-189.1866145216045
1247,train,8000,24295.290731053377,-16295.290731053377
2700,train,65000,36951.94786252228,28048.052137477724
3888,train,13000,10376.601259790028,2623.398740209972
344,train,7500,12606.666250907085,-5106.666250907085
1289,train,130000,288697.46913685335,-158697.46913685335
2342,train,18000,22972.880094642973,-4972.880094642973
1851,train,40000,42539.577347858176,-2539.577347858176
533,train,33000,29798.128311902507,3201.8716880974935
3954,train,13000,15346.425437755697,-2346.425437755697
1354,train,55000,41815.88016343315,13184.119836566853
4684,train,22000,16866.13212688207,5133.867873117932
2985,train,29000,36303.78708165135,-7303.787081651353
1744,train,11000,13040.671598261502,-2040.6715982615024
1937,train,14000,13652.074315506909,347.92568449309147
1840,train,13000,8857.757089814526,4142.242910185474
2812,train,12000,10998.934341967917,1001.0656580320829
4642,train,8000,12693.69935956353,-4693.69935956353
1806,train,130000,100720.90428749066,29279.09571250934
3673,train,10000,12409.665658989874,-2409.665658989874
3536,train,12500,14368.064943945717,-1868.0649439457175
341,train,12000,12689.143441055814,-689.143441055814
2119,train,10000,8493.562534632365,1506.437465367635
4735,train,45000,35044.87971435424,9955.12028564576
2782,train,13000,12162.569084743676,837.4309152563237
2665,train,20000,19385.07121637992,614.9287836200783
4042,train,10000,12281.72379725562,-2281.7237972556195
2343,train,70000,58222.76201965128,11777.23798034872
67,train,7500,6853.662569174539,646.3374308254606
3629,train,7000,6723.198983754507,276.801016245493
2273,train,15000,16944.567095146376,-1944.5670951463762
4242,train,12000,17028.648875254083,-5028.648875254083
206,train,5000,6974.174181035713,-1974.1741810357134
3278,train,4500,7165.429094924548,-2665.429094924548
4503,train,5500,4512.188214579149,987.8117854208513
1775,train,30000,22692.254778067745,7307.745221932255
1506,train,50000,41767.555429408785,8232.444570591215
1762,train,15000,23101.238150682137,-8101.238150682137
939,train,32000,58007.26802027342,-26007.26802027342
4243,train,15000,20642.074041961874,-5642.074041961874
4181,train,8000,10097.644192128331,-2097.6441921283313
2464,train,6000,9333.271680251113,-3333.271680251113
63,train,30000,16851.398489863946,13148.601510136054
3610,train,25000,27150.62826541079,-2150.628265410789
4352,train,12000,13013.28477714609,-1013.2847771460893
1400,train,20000,39059.61608036389,-19059.616080363892
2044,train,250000,109419.50743860722,140580.49256139278
3478,train,30000,11113.680409516417,18886.31959048358
2575,train,8000,9441.095694892732,-1441.0956948927324
3919,train,45000,52336.10151169887,-7336.101511698871
3054,train,16000,12586.40575038396,3413.5942496160405
3210,train,7000,10326.656879539469,-3326.6568795394687
3494,train,18000,13441.240909710725,4558.759090289275
1069,train,58000,58834.40424351817,-834.4042435181691
4512,train,9000,20145.55993226605,-11145.55993226605
1389,train,310000,310125.7936049581,-125.79360495810397
4326,train,18000,11546.07096073202,6453.9290392679795
1854,train,16000,17609.4010753977,-1609.4010753977018
3312,train,12000,14408.231259356799,-2408.2312593567985
2928,train,30000,29994.827715106923,5.172284893076721
1408,train,55000,50371.79002339839,4628.209976601611
1136,train,40000,29636.09625851067,10363.903741489328
2748,train,200000,119763.46503169127,80236.53496830873
2668,train,14000,11238.327713008905,2761.6722869910955
2842,train,24000,32804.37559955847,-8804.375599558472
545,train,22000,17632.304980370667,4367.695019629333
3914,train,12000,12842.991217532766,-842.9912175327663
2528,train,140000,85385.65012232967,54614.349877670335
1564,train,11000,13196.42487598431,-2196.4248759843103
842,train,55000,79807.69483288283,-24807.69483288283
2513,train,20000,19689.94230364573,310.05769635426986
2461,train,5000,7850.7499623164185,-2850.7499623164185
3832,train,11000,13923.976639258706,-2923.976639258706
541,train,270000,196837.4806197939,73162.5193802061
855,train,39000,36974.95132377176,2025.048676228238
804,train,50000,45387.66374217347,4612.33625782653
372,train,35000,23946.076976829467,11053.923023170533
3457,train,30000,18451.79728664831,11548.20271335169
409,train,10000,9195.364104267657,804.6358957323428
1153,train,45000,50303.285595632035,-5303.2855956320345
4325,train,22000,23217.98277861978,-1217.9827786197784
4504,train,5000,7074.876955522196,-2074.876955522196
3268,train,16000,12788.39070523768,3211.60929476232
2387,train,25000,21184.593122297694,3815.406877702306
3729,train,12000,10469.370791268106,1530.6292087318943
1324,train,20000,46356.902599618996,-26356.902599618996
2358,train,4500,5325.141289305416,-825.1412893054157
4456,train,22000,24815.698146576404,-2815.698146576404
4628,train,6000,5418.4499591242675,581.5500408757325
4187,train,14000,19265.985170572945,-5265.985170572945
4032,train,130000,140179.81904240418,-10179.819042404182
4348,train,12000,10855.155870856997,1144.8441291430026
2840,train,150000,148444.32336425927,1555.6766357407323
3144,train,30000,35205.47525421481,-5205.475254214813
1518,train,25000,29991.99832217022,-4991.9983221702205
334,train,8000,6379.0930528629015,1620.9069471370985
1015,train,60000,47781.774517220954,12218.225482779046
3698,train,18000,16953.99968292296,1046.0003170770397
3873,train,12000,7779.827381654265,4220.172618345735
3238,train,22000,14735.910440380627,7264.089559619373
2378,train,20000,9035.787888199156,10964.212111800844
3184,train,12000,14112.128258810446,-2112.128258810446
2677,train,11000,9558.013483711644,1441.9865162883561
2556,train,100000,34779.53466572724,65220.46533427276
4372,train,9000,6921.26725048298,2078.7327495170202
2039,train,25000,13465.935301050298,11534.064698949702
223,train,12500,8576.60431245344,3923.395687546559
1183,train,18000,34064.29563036067,-16064.29563036067
2301,train,10000,13939.169337240308,-3939.169337240308
1244,train,180000,193144.35931027145,-13144.359310271451
4087,train,18000,25336.79077263472,-7336.790772634718
2925,train,80000,67595.48628978254,12404.513710217463
2126,train,10000,7795.495173732529,2204.504826267471
2760,train,38000,14899.040244964874,23100.959755035125
3428,train,16000,26676.110656787452,-10676.110656787452
3008,train,27000,30243.903346564104,-3243.903346564104
4659,train,12500,13171.021860954743,-671.0218609547428
3724,train,4000,5921.37074937472,-1921.3707493747197
3296,train,13500,20500.927406168863,-7000.927406168863
2172,train,30000,29191.55284013421,808.447159865791
1463,train,90000,84900.3170095401,5099.6829904599
662,train,15000,21153.73386177876,-6153.733861778761
3462,train,17000,30620.900592145805,-13620.900592145805
4641,train,15500,9278.852040912143,6221.147959087857
465,train,20000,14918.736217578215,5081.263782421785
1683,train,25000,24988.87537074542,11.124629254580213
4138,train,12000,12988.187445152418,-988.1874451524181
4132,train,6500,6255.446097589026,244.55390241097393
2081,train,11000,10780.395473491679,219.60452650832121
1334,train,25000,23616.87442932711,1383.1255706728916
711,train,15000,16701.44007521307,-1701.4400752130714
1823,train,13500,12436.97127663414,1063.02872336586
473,train,15000,11989.43676208806,3010.5632379119397
4059,train,12000,13625.11528577109,-1625.1152857710895
3074,train,15000,16280.422151465767,-1280.4221514657675
3433,train,6000,7504.843956461372,-1504.8439564613718
3862,train,32000,30871.671714381962,1128.3282856180376
300,train,35000,17050.547652595193,17949.452347404807
2416,train,50000,45623.288352935764,4376.711647064236
1909,train,5500,6913.603755744534,-1413.6037557445343
2769,train,16000,12699.64793942938,3300.35206057062
4607,train,15000,12575.276648449762,2424.7233515502376
3395,train,18000,7736.665013768797,10263.334986231202
24,train,8000,9065.776198168522,-1065.7761981685217
3301,train,15000,7472.664417649764,7527.335582350236
2097,train,8500,8577.574646418649,-77.57464641864863
450,train,30000,12878.618526262537,17121.381473737463
709,train,300000,113271.78213249292,186728.21786750708
4273,train,8000,11985.922497075731,-3985.9224970757314
2355,train,22000,15859.468806865274,6140.531193134726
114,train,15000,14422.615875798358,577.3841242016424
923,train,43500,36902.75016582131,6597.249834178692
2625,train,10000,7440.344999393072,2559.6550006069283
1879,train,21000,34663.30866161034,-13663.30866161034
4640,train,15000,15463.522809518214,-463.52280951821376
4380,train,25000,20598.447173825494,4401.552826174506
969,train,60000,50176.06883221145,9823.931167788549
1326,train,850000,363659.33795464365,486340.66204535635
3392,train,130000,52441.239258243455,77558.76074175655
3612,train,12500,9236.288158410343,3263.7118415896566
4460,train,15000,11925.889337796576,3074.110662203424
790,train,55000,54798.60087072688,201.39912927312253
4358,train,21000,21603.897012145106,-603.8970121451057
1887,train,20000,16279.731731481308,3720.268268518692
985,train,22000,23350.75849692519,-1350.7584969251911
933,train,65000,53671.152483031314,11328.847516968686
4126,train,6500,7258.895279660654,-758.8952796606536
2253,train,15000,13629.388910670566,1370.6110893294335
1308,train,30000,34181.62406999565,-4181.624069995647
4613,train,15000,17968.046657949686,-2968.046657949686
1295,train,22000,43206.90248010977,-21206.90248010977
1750,train,12000,9904.826123374958,2095.173876625042
4429,train,8000,13685.638489024625,-5685.6384890246245
3593,train,8000,10564.899618233892,-2564.8996182338924
2153,train,14000,7617.087180087475,6382.912819912525
3572,train,130000,66400.60304044282,63599.39695955718
3128,train,17000,23932.75802645813,-6932.75802645813
2155,train,20000,21580.19982852362,-1580.1998285236186
2621,train,6000,8700.150532891608,-2700.1505328916082
1624,train,11500,14056.290113534611,-2556.290113534611
551,train,25000,14974.568656289168,10025.431343710832
3966,train,100000,93173.13776213839,6826.862237861613
1741,train,5000,7933.19684168227,-2933.19684168227
755,train,42000,54205.487961429964,-12205.487961429964
645,train,65000,118605.57871010009,-53605.57871010009
446,train,10000,10215.407659350407,-215.4076593504069
390,train,22000,20102.688460381592,1897.3115396184076
4259,train,25000,17023.190137290156,7976.809862709844
222,train,25000,15251.36350599545,9748.63649400455
869,train,200000,101870.54782997459,98129.45217002541
3528,train,35000,31219.623808824574,3780.3761911754264
205,train,15000,12655.129848086424,2344.8701519135757
1593,train,16000,14893.77763857948,1106.2223614205195
1370,train,60000,123885.82877360347,-63885.82877360347
2202,train,14500,16934.835700981075,-2434.835700981075
1613,train,9000,7996.119811298285,1003.8801887017153
3246,train,15000,13640.119971594902,1359.8800284050976
495,train,10000,6578.732059131453,3421.267940868547
2380,train,9500,11001.022165067516,-1501.0221650675157
2477,train,10000,14780.047107527525,-4780.047107527525
123,train,8000,9882.145514595872,-1882.1455145958716
2297,train,9250,11376.219238463196,-2126.2192384631962
1908,train,20000,15833.507003087856,4166.492996912144
359,train,15000,6437.536798881712,8562.463201118288
4137,train,12500,13802.471093164948,-1302.471093164948
2022,train,35000,13557.117516670343,21442.882483329657
1187,train,45000,12347.744281609785,32652.255718390217
3902,train,9000,10275.416311238283,-1275.416311238283
1736,train,10500,11433.296015550546,-933.2960155505461
822,train,93000,96521.03829788449,-3521.0382978844864
1251,train,45000,70867.64418686992,-25867.64418686992
3817,train,16000,18368.094092159565,-2368.0940921595648
3451,train,15000,14291.829680424626,708.1703195753744
1557,train,9500,10801.837609949269,-1301.8376099492689
837,train,33003,47843.132483491136,-14840.132483491136
3617,train,27000,26962.125006181694,37.87499381830639
4610,train,15000,8897.573907051657,6102.426092948343
3848,train,70000,69360.43254886348,639.5674511365214
4110,train,10000,6288.082175539196,3711.917824460804
892,train,25000,27379.590930567625,-2379.590930567625
1146,train,32000,19381.725618010332,12618.274381989668
1462,train,45000,41791.217801422645,3208.7821985773553
831,train,200000,101886.70728882926,98113.29271117074
4716,train,9000,12518.721093104325,-3518.7210931043246
589,train,40000,51693.33952236899,-11693.339522368988
4730,train,25000,16342.358192902964,8657.641807097036
2366,train,16000,15579.603786530739,420.39621346926106
2274,train,8200,7656.3580547179545,543.6419452820455
98,train,18000,17990.772018914715,9.227981085285137
2115,train,5000,6610.958879550097,-1610.9588795500968
3701,train,8000,12209.492074961698,-4209.492074961698
3415,train,24000,23978.873260874694,21.126739125305903
4104,train,15000,18155.19394191136,-3155.1939419113587
1028,train,180000,157034.07365236353,22965.926347636472
3376,train,38000,35518.33675310452,2481.6632468954776
1219,train,260000,239283.0485849631,20716.951415036892
4723,train,7000,9699.447067906116,-2699.447067906116
1693,train,15000,11972.263315729986,3027.736684270014
4617,train,8500,6319.963804888768,2180.036195111232
1922,train,20000,15401.850779308517,4598.149220691483
1684,train,7000,8523.978320417855,-1523.9783204178548
3602,train,8500,9897.617360039718,-1397.6173600397178
1310,train,15000,13715.320507260749,1284.6794927392511
1047,train,95000,86760.13125673887,8239.868743261133
620,train,40000,46401.59525410667,-6401.595254106673
2734,train,80000,83696.28424426792,-3696.284244267925
4329,train,13000,20945.33168688902,-7945.3316868890215
490,train,8000,7017.232547825106,982.7674521748941
1205,train,150000,148221.71112980804,1778.2888701919583
1853,train,18500,22593.393231998547,-4093.393231998547
2537,train,11000,11854.157832275641,-854.1578322756413
250,train,12000,11295.764137649696,704.2358623503042
724,train,85000,92551.26148909886,-7551.2614890988625
1444,train,36000,20274.737639024803,15725.262360975197
4568,train,16500,11273.14582506229,5226.854174937709
2643,train,6500,8653.650176022149,-2153.650176022149
1160,train,300000,322891.0258620087,-22891.025862008682
3658,train,9000,11533.367780846238,-2533.367780846238
3356,train,11500,13131.72037379986,-1631.7203737998607
1338,train,21000,14167.002984450117,6832.997015549883
2308,train,20000,24704.079986356737,-4704.079986356737
2875,train,18000,14770.329332663334,3229.670667336666
4694,train,12000,16941.28573174717,-4941.285731747172
3803,train,8500,10500.854125083843,-2000.8541250838425
3313,train,45000,31489.930187671616,13510.069812328384
2390,train,22000,11163.517860366002,10836.482139633998
3534,train,16500,14199.761863446285,2300.238136553715
379,train,40000,29603.483541969446,10396.516458030554
2532,train,15000,12699.64793942938,2300.35206057062
684,train,150000,139681.31914289165,10318.680857108353
4035,train,9000,10603.986688609839,-1603.986688609839
2475,train,11000,13660.26254669379,-2660.26254669379
36,train,12500,12048.454397784792,451.5456022152084
2642,train,10000,10983.418510029238,-983.418510029238
1576,train,15000,18450.986184353264,-3450.9861843532635
2619,train,12500,17098.09268983901,-4598.09268983901
3059,train,3000,6755.847089223898,-3755.8470892238984
3633,train,15000,13954.470298817032,1045.529701182968
658,train,32000,27697.776848827245,4302.223151172755
463,train,9500,7529.134360801693,1970.8656391983068
299,train,20000,12449.001227076764,7550.998772923236
3323,train,25000,22186.797906233773,2813.2020937662273
2012,train,25000,40832.99671425947,-15832.996714259469
2503,train,12500,9495.092583806332,3004.907416193668
3483,train,40000,38586.31914604367,1413.680853956328
2733,train,9300,10590.962369134106,-1290.9623691341058
2583,train,15000,11314.471041775014,3685.528958224986
1249,train,52000,30673.964870895972,21326.035129104028
2135,train,25000,27502.909547976706,-2502.9095479767057
3014,train,6500,9342.493178285235,-2842.4931782852345
3072,train,12000,15435.397325194926,-3435.3973251949265
2134,train,21000,19491.860341932665,1508.1396580673354
4330,train,6000,6362.811076674971,-362.81107667497145
1995,train,15000,13599.690058511442,1400.3099414885583
981,train,23500,21688.648839978556,1811.3511600214442
1167,train,140000,86722.92513050308,53277.07486949692
1701,train,5000,9626.452294469742,-4626.452294469742
3868,train,23000,16239.937644943902,6760.062355056098
540,train,35000,39438.823381956114,-4438.823381956114
919,train,230000,260598.28667525126,-30598.286675251264
4265,train,34000,39562.25276335771,-5562.252763357712
3142,train,6500,14606.78456684789,-8106.784566847889
179,train,15000,14520.102574223123,479.89742577687684
3690,train,8500,10519.36573531658,-2019.36573531658
4070,train,17000,19437.809309206677,-2437.8093092066774
1195,train,90000,51615.80639805961,38384.19360194039
1245,train,26000,31488.21406284802,-5488.214062848019
216,train,7000,10258.343581490984,-3258.3435814909844
753,train,170000,140888.97873052006,29111.02126947994
3604,train,40000,37986.51708477128,2013.4829152287202
4462,train,9000,8078.208243619431,921.7917563805686
3496,train,10000,12548.609986730544,-2548.609986730544
1711,train,7500,7656.641948883733,-156.64194888373277
1398,train,140000,151704.6157563389,-11704.615756338899
4283,train,15000,13905.449560539868,1094.550439460132
4085,train,16000,13958.56455012741,2041.4354498725897
1213,train,85000,72564.38873090595,12435.61126909405
3286,train,10000,7770.056577790355,2229.943422209645
2959,train,15000,8948.787545946137,6051.2124540538625
3304,train,15000,12178.963873878234,2821.036126121766
120,train,6300,6310.242866016124,-10.242866016124026
759,train,14000,21138.21305320031,-7138.21305320031
3969,train,24000,25380.024257999594,-1380.0242579995938
3773,train,7500,7210.55343534951,289.44656465048956
2056,train,22500,16633.72840506678,5866.27159493322
2620,train,14000,9524.123584458419,4475.876415541581
131,train,6000,6145.336518951364,-145.33651895136427
2300,train,12000,8294.15218599422,3705.8478140057796
1096,train,110000,153787.4380426884,-43787.43804268839
2169,train,18000,17237.60885777895,762.3911422210513
4531,train,20000,9409.563513259405,10590.436486740595
4012,train,130000,47095.68230331901,82904.31769668098
743,train,25000,17714.041183348985,7285.958816651015
3916,train,9000,6126.245416385512,2873.754583614488
3527,train,12000,19233.474278204336,-7233.474278204336
680,train,30000,27962.153358185395,2037.8466418146054
4398,train,8000,12517.765351108079,-4517.765351108079
4033,train,8500,7808.103918612031,691.8960813879694
2490,train,45000,23623.972371117266,21376.027628882734
2375,train,8000,7377.095861183413,622.904138816587
2889,train,10000,13449.414363978394,-3449.4143639783942
2328,train,25000,20889.85529113431,4110.14470886569
797,train,200000,150977.80166531826,49022.19833468174
4337,train,10000,11710.396743825946,-1710.396743825946
2800,train,12000,17478.50514101569,-5478.505141015688
4478,train,9000,12916.020004079457,-3916.020004079457
467,train,7500,8684.956676996266,-1184.9566769962657
1169,train,65000,97031.38491622047,-32031.38491622047
2616,train,14000,6604.38928705178,7395.61071294822
2624,train,8000,30710.347104950095,-22710.347104950095
3826,train,15000,14682.03470377623,317.96529622377057
4500,train,30000,35300.317747624045,-5300.317747624045
1883,train,7500,8504.490535373976,-1004.490535373976
208,train,18000,14900.707366387594,3099.2926336124056
281,train,6500,6376.609244081789,123.39075591821074
492,train,20000,11365.157944972027,8634.842055027973
4704,train,35000,20653.04223410081,14346.957765899191
2828,train,15000,20674.469416735723,-5674.469416735723
3373,train,35000,27729.580398890703,7270.419601109297
3106,train,15000,14602.410916979014,397.58908302098644
2350,train,8000,8550.303551517614,-550.3035515176143
1110,train,180000,163158.28534302412,16841.714656975877
1182,train,55000,52137.18066654171,2862.81933345829
1603,train,12000,10940.029409888986,1059.9705901110137
2251,train,18500,14782.691166985338,3717.308833014662
4714,train,17000,15432.399612724354,1567.6003872756464
1441,train,65000,107251.80530573508,-42251.80530573508
2817,train,30000,30127.754637333663,-127.75463733366269
512,train,11000,11441.877723458047,-441.8777234580466
1076,train,45000,44859.449070610855,140.55092938914459
1889,train,13000,15595.46530324802,-2595.46530324802
3955,train,12500,12184.351786213978,315.6482137860221
2689,train,30000,24079.195611401818,5920.804388598182
507,train,5000,6334.078790358053,-1334.078790358053
1813,train,60000,50978.75252396479,9021.247476035212
2523,train,15000,16831.195327571295,-1831.195327571295
3237,train,4500,5504.500848505301,-1004.5008485053013
1605,train,36000,38389.88451482316,-2389.884514823163
2032,train,9000,12066.020258174245,-3066.020258174245
3175,train,18000,15068.194128635945,2931.805871364055
1306,train,140000,211523.75175134823,-71523.75175134823
3941,train,28000,28169.247263573987,-169.24726357398686
2386,train,3500,6821.72687373436,-3321.72687373436
4533,train,14000,10536.710095871045,3463.2899041289547
497,train,10000,9806.128157360834,193.87184263916606
3485,train,8000,7472.554417464163,527.4455825358373
3378,train,7500,5895.01016467647,1604.9898353235303
3438,train,12500,11705.601091124465,794.3989088755352
3540,train,72000,43604.574130171015,28395.425869828985
249,train,6000,7760.139433539889,-1760.139433539889
954,train,40000,34643.8815774615,5356.1184225385
1649,train,22000,16980.552930725353,5019.447069274647
1415,train,25000,24697.366464344148,302.63353565585203
4254,train,15000,11853.290174521093,3146.709825478907
45,train,10000,12204.976230137305,-2204.976230137305
1132,train,75000,85664.7216180333,-10664.721618033305
3209,train,14000,11017.566341991074,2982.4336580089257
3493,train,60000,42984.49781298328,17015.50218701672
3484,train,25000,21709.030990621308,3290.969009378692
2392,train,11000,10599.988169838089,400.01183016191135
94,train,20000,11171.676325906676,8828.323674093324
3897,train,11000,8607.459763102901,2392.540236897099
4324,train,52000,66570.59741823365,-14570.59741823365
1387,train,210000,212678.4890973146,-2678.4890973145957
1700,train,6000,6972.524122765078,-972.5241227650777
4473,train,8000,11324.3898532118,-3324.3898532118
4413,train,10000,14733.915886518036,-4733.915886518036
3787,train,80000,72745.23833327892,7254.761666721082
2400,train,16000,11721.656986430457,4278.3430135695435
3007,train,12000,11424.578795339621,575.4212046603789
3641,train,11000,13757.901171400636,-2757.9011714006356
3659,train,18000,17329.107818398574,670.8921816014263
1816,train,11000,10930.23987452869,69.76012547130995
626,train,180000,242800.76512541642,-62800.76512541642
3588,train,18000,9521.832482032407,8478.167517967593
548,train,8000,31561.437042066565,-23561.437042066565
4586,train,37000,40147.068355347306,-3147.0683553473064
1443,train,55000,47325.99388897486,7674.006111025141
2807,train,15000,14839.187899271994,160.81210072800604
4167,train,85000,66472.09767460631,18527.90232539369
73,train,6500,8760.2830820557,-2260.283082055699
2498,train,25000,13170.423728361147,11829.576271638853
2679,train,35000,27088.995676689046,7911.004323310954
980,train,40000,64085.860656464225,-24085.860656464225
1532,train,50000,33837.103348822515,16162.896651177485
2128,train,13000,15692.841844556518,-2692.8418445565185
971,train,130000,126921.4421787299,3078.557821270093
4013,train,27000,28278.5050240563,-1278.5050240562996
195,train,6000,8811.7605414262,-2811.7605414262
260,train,25000,40383.14637199187,-15383.146371991868
1224,train,60000,45743.396383124506,14256.603616875494
162,train,3500,3800.154345293407,-300.154345293407
651,train,17500,21106.92975837256,-3606.92975837256
3584,train,22000,17940.26796240961,4059.732037590391
3900,train,23382,24189.26661036189,-807.2666103618903
3998,train,18000,18933.156847073686,-933.1568470736856
4390,train,20000,15776.149551345978,4223.850448654022
2935,train,14000,27728.48005002696,-13728.48005002696
686,train,160000,125914.2035527877,34085.7964472123
1668,train,15000,19716.784108110256,-4716.784108110256
2666,train,8500,11249.315767245596,-2749.3157672455964
3490,train,8500,11590.828622824825,-3090.8286228248253
3032,train,150000,58181.82162642516,91818.17837357483
4047,train,45000,45174.33613461587,-174.33613461587083
1342,train,18000,15137.033564374027,2862.9664356259727
1348,train,140000,59476.72508981739,80523.2749101826
902,train,8000,28263.85992630756,-20263.85992630756
3314,train,22000,15476.77039409933,6523.229605900669
913,train,21000,26015.42218665665,-5015.422186656651
2574,train,45000,26649.42319208432,18350.57680791568
1293,train,33000,32809.198013757225,190.80198624277546
4228,train,16000,11948.632652031762,4051.3673479682384
153,train,20000,16392.037117832824,3607.962882167176
2974,train,9000,8148.044770388157,851.9552296118427
4656,train,20000,11363.903575879442,8636.096424120558
586,train,38000,38008.94351063333,-8.943510633333062
3492,train,11000,11808.755215630914,-808.7552156309139
1207,train,40000,27914.106791088307,12085.893208911693
1450,train,14000,20460.509201017794,-6460.509201017794
3639,train,10000,12975.113210669124,-2975.113210669124
4578,train,15000,19518.525130107093,-4518.525130107093
3344,train,8500,8364.839141924533,135.16085807546733
3847,train,40000,71087.73833214496,-31087.73833214496
4024,train,15000,14571.570658869494,428.42934113050615
3671,train,11000,10987.948287904434,12.051712095566472
3226,train,38000,29696.194200670867,8303.805799329133
829,train,75000,46369.12842177167,28630.871578228333
1133,train,45000,100046.8771091094,-55046.877109109395
2737,train,13000,8773.668979244083,4226.331020755917
4115,train,18000,12874.209298757438,5125.790701242562
3548,train,8500,10899.71137848777,-2399.7113784877693
997,train,39000,39035.20262494123,-35.20262494123017
276,train,5000,7209.32348987817,-2209.32348987817
601,train,70000,86947.3302910125,-16947.330291012506
3203,train,80000,53437.88732925774,26562.11267074226
2360,train,6000,9411.804831777767,-3411.8048317777666
3912,train,25000,18134.753852918264,6865.246147081736
2293,train,9000,6617.999566650306,2382.0004333496936
1745,train,5500,8404.41207751667,-2904.4120775166703
11,train,5000,6595.277443369906,-1595.277443369906
3476,train,13000,10609.0789981235,2390.9210018765007
1420,train,75000,55339.08573525767,19660.91426474233
554,train,23000,29595.54437437794,-6595.54437437794
1268,train,43000,55030.33318686709,-12030.333186867087
4671,train,18000,20496.395889657553,-2496.395889657553
1643,train,20000,19094.66183877324,905.3381612267585
4327,train,7000,13579.40827281163,-6579.40827281163
2515,train,85000,33948.3677641288,51051.6322358712
2941,train,10000,7179.922507720856,2820.0774922791443
948,train,45000,51285.220380030936,-6285.220380030936
3379,train,12500,11133.910719317377,1366.0892806826232
1480,train,680000,363959.68521764677,316040.31478235323
3464,train,22000,27228.180333196167,-5228.180333196167
2125,train,20000,16819.799370958757,3180.200629041243
2285,train,24000,17200.928106163323,6799.071893836677
1315,train,40000,49819.87605730091,-9819.876057300913
983,train,110000,119697.55575360777,-9697.555753607769
3387,train,15000,15148.077202678423,-148.07720267842342
2814,train,70000,41786.81877678606,28213.181223213942
2780,train,33000,23059.072550278324,9940.927449721676
2771,train,9000,11506.880233536223,-2506.8802335362234
2017,train,15000,7062.475990205408,7937.524009794592
2152,train,75000,45775.5364885241,29224.4635114759
3109,train,75000,52324.19057483361,22675.809425166393
3363,train,12000,12455.035449150966,-455.0354491509661
1366,train,90000,101721.05008528075,-11721.050085280745
414,train,8500,7627.545694578462,872.4543054215383
2658,train,29000,49986.0720188845,-20986.0720188845
2137,train,13000,16521.731949487952,-3521.731949487952
1033,train,400000,196817.11702993754,203182.88297006246
2549,train,10000,17230.971316791707,-7230.971316791707
950,train,160000,123344.79143162393,36655.20856837607
4004,train,9000,6431.740042087021,2568.259957912979
4113,train,9000,12343.777332171465,-3343.777332171465
1208,train,52000,45018.382163156275,6981.617836843725
1014,train,44000,62195.394683486345,-18195.394683486345
4080,train,18000,21493.416613872043,-3493.416613872043
2398,train,350000,55618.85093752942,294381.1490624706
2420,train,13000,9578.117924998125,3421.882075001875
4231,train,10000,10349.239193610247,-349.23919361024673
113,train,12000,13265.920050567012,-1265.9200505670124
2500,train,22000,25201.93949836696,-3201.939498366959
2489,train,8000,12794.749528348484,-4794.749528348484
809,train,55000,53484.28716320564,1515.7128367943587
1447,train,170000,214971.3534895932,-44971.353489593195
835,train,40000,33010.00854769183,6989.991452308168
3232,train,7000,6127.675532825347,872.3244671746534
3596,train,9800,13842.387458416248,-4042.3874584162477
4083,train,14000,13114.482216375682,885.5177836243183
3160,train,12000,9837.605177525053,2162.3948224749474
27,train,6000,10342.927734917159,-4342.927734917159
4109,train,6500,7913.718341142719,-1413.7183411427186
3709,train,20000,30106.964514798947,-10106.964514798947
1949,train,22000,11047.170625545772,10952.829374454228
4039,train,17000,12632.269803367388,4367.730196632612
3719,train,12000,13591.020926306393,-1591.0209263063934
2221,train,18000,15742.56599082571,2257.4340091742906
1719,train,7000,6970.761057196653,29.238942803346617
3381,train,16000,14011.54437828755,1988.45562171245
1971,train,10000,11391.740936828786,-1391.7409368287863
2306,train,8000,8715.229735147019,-715.2297351470188
2110,train,8500,17374.143134800903,-8874.143134800903
3297,train,29000,31334.30895094887,-2334.308950948871
4051,train,15000,12719.085379522543,2280.914620477457
2681,train,30000,57482.64190656104,-27482.64190656104
3019,train,8000,9659.14237161254,-1659.1423716125391
2189,train,28000,34694.04376044554,-6694.0437604455365
3767,train,6000,7559.828912926946,-1559.828912926946
294,train,10000,11509.750430040413,-1509.7504300404125
115,train,14000,10773.23557649432,3226.7644235056796
4016,train,10000,11331.053259685561,-1331.053259685561
2447,train,5500,6040.49767725907,-540.4976772590699
2037,train,10000,7050.1125560384935,2949.8874439615065
3930,train,20000,22081.869388881954,-2081.8693888819544
4362,train,13000,13025.042738437198,-25.04273843719784
3799,train,15000,14442.809395481283,557.190604518717
1029,train,180000,153712.8972280963,26287.10277190371
88,train,6500,8019.08739980954,-1519.0873998095403
900,train,180000,142740.1883168838,37259.81168311619
1309,train,85000,54185.01253494998,30814.98746505002
4065,train,8000,14602.54572418229,-6602.54572418229
2147,train,39000,46129.97113633086,-7129.97113633086
3509,train,110000,35463.8897163625,74536.1102836375
1371,train,49000,51515.07875588118,-2515.078755881179
552,train,14000,18077.32255625958,-4077.32255625958
1692,train,10000,8712.216434857812,1287.7835651421883
989,train,150000,136926.04856087142,13073.951439128577
3361,train,16000,20441.07925415798,-4441.079254157979
646,train,80000,37502.56837297725,42497.43162702275
2243,train,4700,6335.3204956094,-1635.3204956093996
2058,train,12000,14676.146024628513,-2676.1460246285133
1591,train,8000,7825.85490504924,174.1450949507598
3728,train,10000,11975.503604596495,-1975.5036045964953
4171,train,10000,14292.99427001518,-4292.9942700151805
2591,train,30000,29119.5292723466,880.4707276533991
4621,train,11500,12435.013375777326,-935.0133757773256
739,train,65000,65090.795610776244,-90.79561077624385
4169,train,14000,12467.879779362014,1532.1202206379858
3806,train,5000,7632.286304625551,-2632.2863046255507
1108,train,24000,28097.677113638576,-4097.677113638576
2849,train,25000,15585.126116989131,9414.873883010869
4660,train,140000,140450.6114255512,-450.6114255512075
726,train,150000,123834.70261428152,26165.297385718484
2070,train,8000,12120.43329259875,-4120.433292598749
2543,train,6000,9226.76114528757,-3226.76114528757
4238,train,8500,16338.463587257622,-7838.463587257622
4249,train,12000,7730.456675200056,4269.543324799944
3469,train,9000,14579.88087444194,-5579.88087444194
2851,train,14000,10128.676449060133,3871.3235509398673
2151,train,17500,23907.30591461969,-6407.30591461969
2395,train,11000,22640.690289267954,-11640.690289267954
2547,train,45000,34910.021964788866,10089.978035211134
1640,train,15000,16514.27252307595,-1514.2725230759497
3770,train,16000,19719.27257260445,-3719.272572604448
4212,train,12500,11859.524883780528,640.4751162194716
3935,train,18000,15387.9721706232,2612.0278293768006
400,train,6000,8585.767546010551,-2585.767546010551
59,train,8500,12842.570273414318,-4342.570273414318
563,train,40000,54592.678565898386,-14592.678565898386
3890,train,10500,8677.914677263945,1822.0853227360549
775,train,36000,44331.52953550219,-8331.529535502188
1737,train,6000,7446.170401255216,-1446.1704012552163
4359,train,95000,66198.43924128261,28801.560758717387
1454,train,55000,47218.03040970567,7781.969590294328
2785,train,23000,14462.098871617565,8537.901128382435
2980,train,90000,48922.606355379736,41077.393644620264
1652,train,15000,14190.117358448893,809.8826415511066
4576,train,15000,13669.606028973085,1330.393971026915
2779,train,20000,30393.612777106086,-10393.612777106086
3425,train,14000,13526.244067086578,473.75593291342193
4674,train,19000,14499.845185101562,4500.154814898438
2898,train,11000,10324.58912125148,675.4108787485202
2604,train,21000,39869.415814342894,-18869.415814342894
523,train,25000,14469.002700370365,10530.997299629635
3409,train,20000,15398.920595864856,4601.079404135144
2141,train,15000,19140.001609530445,-4140.001609530445
4720,train,13000,12784.8635525417,215.1364474583006
1086,train,200000,87444.10458855338,112555.89541144662
286,train,12000,7988.6959664414235,4011.3040335585765
1992,train,8500,16529.26664534744,-8029.266645347441
1841,train,12000,13391.418226532469,-1391.418226532469
2282,train,6500,7767.55867698275,-1267.5586769827496
1416,train,75000,89232.15947328383,-14232.159473283828
1452,train,7000,16388.421756270178,-9388.421756270178
4055,train,25000,17247.162792954838,7752.837207045162
2766,train,10000,9593.942058645634,406.05794135436554
967,train,32000,39722.53035582038,-7722.530355820381
4135,train,14000,21218.62217987842,-7218.622179878421
2975,train,9000,14456.69863902163,-5456.69863902163
2683,train,13000,17041.58624138776,-4041.5862413877585
3347,train,7000,6311.829381377922,688.1706186220781
650,train,250000,379802.7830264739,-129802.78302647389
1650,train,6000,5750.1590620289235,249.84093797107653
4727,train,15000,20963.527749837736,-5963.527749837736
3669,train,13500,7897.612324803207,5602.387675196793
5,train,7000,7554.733412327477,-554.7334123274768
2294,train,7500,16118.022275547712,-8618.022275547712
4438,train,7000,9743.535752629428,-2743.5357526294283
58,train,7000,9102.530403479685,-2102.5304034796845
2649,train,7000,10434.741664332738,-3434.741664332738
754,train,29999,31471.29083120196,-1472.2908312019608
3522,train,15000,8832.303569695172,6167.696430304828
4310,train,9000,7343.263971937894,1656.736028062106
2101,train,18000,18126.130630430052,-126.1306304300524
3321,train,20000,31182.091870426982,-11182.091870426982
1406,train,45000,62545.79791881781,-17545.797918817807
2511,train,45000,31333.697783112846,13666.302216887154
26,train,5300,7297.532737262807,-1997.5327372628071
4043,train,12000,11057.43292117192,942.5670788280804
4026,train,20000,12692.492057999672,7307.507942000328
1843,train,15000,17633.895511933366,-2633.895511933366
315,train,8000,14088.151865569647,-6088.151865569647
3489,train,15000,13749.67756861273,1250.3224313872706
660,train,47000,55938.720897453306,-8938.720897453306
2593,train,19500,12002.135255049916,7497.864744950084
325,train,14000,11722.092161098115,2277.907838901885
4481,train,15000,17688.81698751106,-2688.8169875110616
1394,train,12000,11596.733042816782,403.2669571832175
1233,train,55000,62903.50729612045,-7903.50729612045
4651,train,22000,36918.03121019805,-14918.031210198053
2710,train,16500,12039.090027190736,4460.909972809264
1189,train,12500,17815.988020116372,-5315.988020116372
678,train,32000,22416.428462507338,9583.571537492662
536,train,49000,21759.977500651385,27240.022499348615
2829,train,20000,18409.79432556452,1590.2056744354813
2914,train,150000,127456.97192201776,22543.028077982235
2336,train,120000,35261.72062753316,84738.27937246684
1002,train,190000,159416.6658212631,30583.3341787369
2578,train,12000,13960.830028822955,-1960.8300288229548
2854,train,10000,8450.630517153722,1549.3694828462776
4573,train,6500,11200.814267504362,-4700.814267504362
4244,train,6000,11898.56709064647,-5898.567090646469
2067,train,30000,52030.209648899356,-22030.209648899356
2225,train,110000,52628.94101018523,57371.05898981477
49,train,15000,14460.44647041878,539.5535295812206
2540,train,15000,11926.00085204991,3073.9991479500895
3994,train,9000,7174.092447395141,1825.9075526048591
3510,train,8500,5718.280154305146,2781.7198456948536
2983,train,15000,17402.108596512026,-2402.1085965120255
1421,train,350000,90890.80114093942,259109.1988590606
4399,train,55000,22360.418020545767,32639.581979454233
460,train,12500,10819.824112376933,1680.175887623067
2759,train,15000,10068.45574151791,4931.54425848209
3120,train,8500,26453.18799018524,-17953.18799018524
2481,train,150000,87909.17838510922,62090.82161489078
3915,train,6500,6624.596060718933,-124.59606071893268
2199,train,19500,14872.780974199935,4627.219025800065
4112,train,12000,13149.390834050322,-1149.3908340503222
3042,train,30000,30435.316382874378,-435.3163828743782
3327,train,13000,14882.897912370634,-1882.897912370634
3292,train,14000,12431.124737101793,1568.8752628982074
3182,train,20000,15382.600917587482,4617.399082412518
1869,train,15000,20776.561982612413,-5776.561982612413
3368,train,10000,11879.908563973562,-1879.9085639735622
2469,train,45000,13476.265233148335,31523.734766851667
119,train,14000,15315.692986556496,-1315.6929865564962
3730,train,19397,19455.624967771095,-58.624967771094816
367,train,21000,16427.11801942388,4572.8819805761195
1986,train,17000,8502.890609273361,8497.109390726639
1912,train,9300,10003.878134852952,-703.8781348529519
3651,train,8000,9530.899300512052,-1530.899300512052
2099,train,8000,9228.53276530008,-1228.5327653000804
116,train,5000,4032.9152040335903,967.0847959664097
3958,train,50000,45546.393874981295,4453.606125018705
3111,train,6500,7150.610628851703,-650.610628851703
3521,train,30000,31254.382822203574,-1254.3828222035736
3865,train,10677,13546.120686265203,-2869.1206862652034
4626,train,45000,43986.05140464012,1013.9485953598778
649,train,18000,25925.148296654068,-7925.148296654068
1519,train,54000,41832.97805047089,12167.02194952911
3697,train,12000,16753.030960802433,-4753.030960802433
1081,train,300000,202447.79225602717,97552.20774397283
2211,train,12000,17785.187575240514,-5785.187575240514
3372,train,16500,28413.47197556844,-11913.471975568438
1391,train,27000,43231.402415561104,-16231.402415561104
1811,train,23000,15811.624901249246,7188.375098750754
2063,train,12500,8317.113503482058,4182.886496517942
3467,train,10000,22500.20322560627,-12500.20322560627
4198,train,15000,13814.4197589561,1185.5802410438992
2156,train,12000,16557.143729767853,-4557.143729767853
3570,train,15000,21169.90123089845,-6169.901230898449
1654,train,10000,14047.261054981262,-4047.2610549812616
4056,train,36000,23678.69357057066,12321.30642942934
615,train,60000,40360.25152340187,19639.748476598128
4314,train,19500,16342.68131244347,3157.3186875565298
4687,train,30000,87142.41188230227,-57142.41188230227
3946,train,12500,14469.475114466151,-1969.4751144661514
3043,train,10000,11774.025385970432,-1774.0253859704317
509,train,6000,8056.193858799243,-2056.1938587992427
4424,train,35000,25852.1921071557,9147.8078928443
3173,train,10000,13500.492123624637,-3500.4921236246373
1357,train,75000,119335.61845938378,-44335.61845938378
947,train,40000,50806.47978554873,-10806.479785548727
912,train,100000,28197.79692072037,71802.20307927963
532,train,130000,196110.97586674202,-66110.97586674202
3342,train,18999,19476.346719403664,-477.3467194036639
3055,train,6000,8752.457730142229,-2752.4577301422287
1688,train,22000,21317.694819218515,682.3051807814845
3034,train,15000,13626.283548716146,1373.7164512838535
2947,train,12000,13415.957872662086,-1415.9578726620857
447,train,12000,14940.500763319505,-2940.5007633195055
3542,train,17000,16190.313758354618,809.6862416453823
3918,train,12500,18382.961809885248,-5882.961809885248
2611,train,20500,35355.52271915808,-14855.522719158078
624,train,150000,202770.94982848933,-52770.949828489334
87,train,22000,17103.75384935387,4896.2461506461295
1612,train,13500,13367.935674998294,132.06432500170558
1906,train,160000,83595.18592576239,76404.81407423761
3700,train,160000,48129.60969357564,111870.39030642435
2691,train,14500,16655.30923599783,-2155.309235997829
2424,train,27000,29167.750347810088,-2167.750347810088
789,train,180000,136226.0974545096,43773.90254549039
2932,train,10000,12270.043278914089,-2270.0432789140887
1536,train,15000,13177.645111752543,1822.354888247457
4152,train,120000,64379.339007081195,55620.660992918805
1050,train,30000,37595.06729730706,-7595.067297307061
4698,train,25000,13056.920768173928,11943.079231826072
4464,train,6500,8562.897114258778,-2062.897114258778
2337,train,7000,7800.003485510216,-800.0034855102158
864,train,18000,25038.89999301666,-7038.899993016661
2000,train,32000,11158.453855360814,20841.546144639186
2784,train,10000,18605.083373400972,-8605.083373400972
4162,train,7000,8890.729440292544,-1890.7294402925436
382,train,6500,8053.983471096051,-1553.9834710960513
2086,train,17500,12943.341290405702,4556.658709594298
1712,train,14000,14288.498696615965,-288.49869661596495
68,train,6500,9163.192409939851,-2663.192409939851
1863,train,20000,23157.670067225314,-3157.6700672253137
2159,train,12000,14406.456273749209,-2406.456273749209
1601,train,55000,44954.985858976426,10045.014141023574
4040,train,9000,11300.781018695934,-2300.781018695934
926,train,77500,68295.34700844354,9204.65299155646
4272,train,45000,49345.015297306585,-4345.015297306585
602,train,150000,117422.99981402425,32577.000185975747
77,train,5000,7146.958283482307,-2146.958283482307
2315,train,7000,7418.166976257723,-418.16697625772304
478,train,18000,15755.612842232598,2244.3871577674017
3266,train,35000,27214.722121452065,7785.277878547935
2188,train,12500,13455.725178118882,-955.7251781188825
4708,train,20000,21139.657566344853,-1139.657566344853
4711,train,17000,14190.821116704605,2809.1788832953953
1785,train,9000,10081.742603203704,-1081.7426032037038
371,train,7000,10455.845415216118,-3455.8454152161175
1392,train,26000,17741.739110990613,8258.260889009387
1316,train,650000,497486.39777638024,152513.60222361976
3242,train,15000,19074.4332498641,-4074.4332498641015
1695,train,56000,45129.75363973637,10870.246360263627
2399,train,16000,12205.242864691689,3794.7571353083113
895,train,45000,42110.68418730281,2889.3158126971903
1827,train,10000,12309.726190264768,-2309.726190264768
4015,train,13000,11973.9970792412,1026.0029207587995
1749,train,15000,17057.03512904746,-2057.035129047461
2309,train,12500,9965.425080674358,2534.5749193256415
1799,train,6500,7950.615802679513,-1450.6158026795129
3239,train,10000,7971.123770304407,2028.8762296955929
2123,train,25000,20312.798328971257,4687.201671028743
1217,train,58000,67605.98457282947,-9605.984572829475
283,train,10000,8144.884218993785,1855.115781006215
133,train,4700,5459.084294885737,-759.0842948857371
1855,train,8000,8021.839680656352,-21.839680656352357
3959,train,40000,37785.53888042617,2214.4611195738325
908,train,32000,42899.14754923668,-10899.14754923668
2826,train,20000,18442.025495765694,1557.9745042343056
731,train,40000,32188.3308302161,7811.669169783901
3224,train,12000,14226.1266147225,-2226.1266147224997
3606,train,12000,9606.17524930099,2393.82475069901
1969,train,18000,17273.853781934657,726.1462180653434
3434,train,20000,18695.288462029304,1304.7115379706956
3450,train,5000,7273.6776602732225,-2273.6776602732225
4665,train,14000,11281.947016821356,2718.0529831786444
2036,train,12000,7651.627257619984,4348.372742380016
4350,train,26000,18453.52362782318,7546.476372176821
4068,train,8000,8486.585522900368,-486.58552290036823
888,train,35000,42698.22461749231,-7698.224617492313
1283,train,21000,23940.154516330214,-2940.1545163302144
4636,train,12000,11641.445916011166,358.55408398883446
15,train,40000,20671.91928406181,19328.08071593819
1000,train,25000,18484.676757725087,6515.323242274913
3205,train,23000,20707.696594737357,2292.3034052626426
4099,train,5400,6710.160337613444,-1310.1603376134444
403,train,5000,6007.381525296196,-1007.3815252961958
847,train,300000,466714.4524345302,-166714.4524345302
2445,train,23000,10533.492960070971,12466.507039929029
1669,train,11500,8037.894584101913,3462.105415898087
4445,train,6000,5512.143241807997,487.8567581920033
350,train,5500,8418.443331934435,-2918.4433319344353
278,train,6500,5571.041179655751,928.958820344249
375,train,9900,9705.823199722801,194.1768002771987
3620,train,45000,29023.701597089057,15976.298402910943
358,train,12000,9793.851102351338,2206.1488976486617
644,train,55000,41923.408036361085,13076.591963638915
617,train,84500,92572.48479600759,-8072.484796007586
1655,train,21000,18015.493843301618,2984.5061566983823
2961,train,40000,22633.258444586336,17366.741555413664
3090,train,15000,20153.821885862384,-5153.821885862384
2317,train,11000,10870.180952827457,129.81904717254292
3508,train,6800,5898.808981419614,901.1910185803863
879,train,28000,39682.893813952345,-11682.893813952345
2942,train,35000,27303.22561657519,7696.77438342481
3216,train,7000,7368.343429127047,-368.3434291270469
2731,train,18000,26133.366064823633,-8133.366064823633
4227,train,12000,16758.382942787593,-4758.3829427875935
3275,train,23000,28728.582243212564,-5728.582243212564
4440,train,9000,12755.81366104314,-3755.8136610431393
3670,train,26000,17922.386322990304,8077.613677009696
2577,train,25000,33502.94630501441,-8502.946305014411
2038,train,25000,22050.050316896693,2949.9496831033066
4447,train,21000,12930.451646649111,8069.548353350889
407,train,35000,23196.923129062765,11803.076870937235
3996,train,8000,11979.674277137838,-3979.6742771378376
1730,train,29000,30308.74770196718,-1308.7477019671787
387,train,6000,7197.046307991134,-1197.0463079911342
1781,train,20000,24274.84884976702,-4274.848849767019
3702,train,6000,7259.642826266966,-1259.642826266966
4683,train,8000,13581.825388453872,-5581.825388453872
2510,train,11500,11949.343859132196,-449.3438591321956
1764,train,4500,8257.671983481567,-3757.6719834815667
4419,train,6000,7016.626590032464,-1016.6265900324643
474,train,7000,9266.022593571315,-2266.022593571315
3339,train,12000,6695.615402225856,5304.384597774144
2235,train,12000,14531.354757235922,-2531.354757235922
1042,train,14000,13626.830359548969,373.1696404510312
3828,train,70000,52864.606886830254,17135.393113169746
3093,train,15000,15711.19376385419,-711.1937638541895
738,train,55100,62291.560604226426,-7191.560604226426
2412,train,20000,11643.788215830247,8356.211784169753
3810,train,28000,14018.11404332461,13981.88595667539
273,train,15000,7292.949702500064,7707.050297499936
4693,train,12000,14284.791938871758,-2284.7919388717582
4384,train,13000,20940.855619324942,-7940.855619324942
1458,train,27000,23721.42304598247,3278.5769540175315
943,train,15000,38851.09835392929,-23851.098353929287
3194,train,16000,13938.603332480167,2061.3966675198335
1664,train,20000,19397.478631782913,602.521368217087
134,train,14000,7961.813263470918,6038.186736529082
3236,train,7000,6205.892131318329,794.1078686816709
1171,train,54000,40036.210731756386,13963.789268243614
1818,train,10000,16915.14207751356,-6915.142077513559
413,train,6800,8598.484056393476,-1798.4840563934758
1273,train,65000,87385.9107543916,-22385.910754391603
2266,train,15000,13436.090586219736,1563.909413780264
511,train,5000,7363.3153205203225,-2363.3153205203225
2966,train,18000,13532.812062396199,4467.187937603801
3171,train,11500,13624.120333278704,-2124.1203332787045
569,train,65000,59754.55598112854,5245.444018871458
524,train,70000,82876.89832436081,-12876.898324360809
3646,train,12000,15010.08958322603,-3010.0895832260303
1966,train,10000,9300.444331764656,699.5556682353435
4205,train,7500,12331.352241238219,-4831.352241238219
2981,train,200000,116010.18902914184,83989.81097085816
825,train,55000,83394.06840980037,-28394.06840980037
2595,train,25000,11997.605712082197,13002.394287917803
3992,train,9500,14263.09902752614,-4763.099027526139
2638,train,45000,48460.30908290587,-3460.309082905871
3276,train,11000,11894.748086019405,-894.7480860194046
394,train,8500,10537.573841444897,-2037.573841444897
81,train,8200,6127.2165416009675,2072.7834583990325
3975,train,10000,9921.307969969239,78.69203003076109
3049,train,15000,14021.757254535643,978.2427454643566
1615,train,12000,14387.055304569365,-2387.055304569365
72,train,16000,14424.725851458015,1575.2741485419847
2716,train,8000,8933.116604252747,-933.1166042527475
3047,train,30000,26954.091298499658,3045.9087015003424
2087,train,6500,8734.902065330427,-2234.902065330427
2971,train,12000,19309.3275132064,-7309.327513206401
3170,train,25000,27919.428034415076,-2919.4280344150757
3878,train,13000,13427.522551021437,-427.5225510214368
1089,train,6000,10877.4265961105,-4877.426596110499
29,train,12500,11371.99323796526,1128.00676203474
3114,train,15000,11450.031327940633,3549.9686720593672
3300,train,8200,11830.566934079061,-3630.566934079061
339,train,7500,6472.930167240954,1027.0698327590462
3421,train,6000,9130.44268251484,-3130.4426825148403
1125,train,14000,21361.182697645923,-7361.182697645923
2072,train,8000,7911.451141488124,88.54885851187555
3616,train,17500,19722.17186204178,-2222.1718620417814
1748,train,8500,7010.712863112714,1489.2871368872857
550,train,20000,43107.76644627227,-23107.766446272268
3287,train,7000,13967.878440121929,-6967.878440121929
2205,train,280000,62036.17891586946,217963.82108413056
785,train,85000,47351.125261811234,37648.874738188766
2124,train,14000,14015.798427547883,-15.798427547882966
84,train,6700,11580.156995021947,-4880.156995021947
2504,train,15000,26119.36187988265,-11119.36187988265
1633,train,20000,14343.468882327976,5656.531117672024
3073,train,75000,39366.41773235447,35633.58226764553
2743,train,530000,191581.1114980082,338418.8885019918
2761,train,50000,42629.08725032667,7370.912749673327
2181,train,9500,12896.599782419738,-3396.5997824197384
2973,train,31000,21598.015299515133,9401.984700484867
2455,train,5000,7430.156138529341,-2430.1561385293408
1163,train,40000,39185.68202718961,814.3179728103933
2289,train,4000,5528.048535129589,-1528.0485351295893
4253,train,11000,10135.230377599164,864.7696224008359
3515,train,17000,20414.003209419137,-3414.0032094191374
4114,train,60000,53058.86137794508,6941.1386220549175
1540,train,12000,12326.442972224655,-326.442972224655
3513,train,10000,13496.556118035398,-3496.556118035398
4692,train,7500,10520.955757785963,-3020.955757785963
1470,train,80000,70446.387105163,9553.612894837002
2068,train,25000,21934.71390064235,3065.2860993576505
3432,train,10500,12863.983370493184,-2363.9833704931843
679,train,150000,146477.22161994534,3522.7783800546604
2633,train,22000,15881.962411052964,6118.037588947036
2915,train,13000,21292.790514031774,-8292.790514031774
543,train,21000,29713.062014213738,-8713.062014213738
1793,train,30000,39461.97513316541,-9461.975133165412
2402,train,8000,11923.487284508039,-3923.487284508039
940,train,36000,39924.66672273904,-3924.6667227390426
352,train,7000,7662.1052453188895,-662.1052453188895
1023,train,45000,49701.14656375273,-4701.146563752729
786,train,75000,59327.51561771403,15672.48438228597
1964,train,6500,6101.726924905083,398.27307509491675
3051,train,20000,13730.943137246777,6269.056862753223
2647,train,5500,10985.458279330862,-5485.458279330862
3520,train,8000,8631.549087319163,-631.5490873191629
2866,train,8000,12018.101480826504,-4018.1014808265045
4136,train,25000,24759.396762373868,240.6032376261319
1031,train,20000,21481.64152074599,-1481.6415207459904
2472,train,9000,15334.537118719176,-6334.537118719176
284,train,1500,4561.986832738997,-3061.986832738997
3721,train,16000,22723.221188954278,-6723.221188954278
4554,train,7500,10790.565179387346,-3290.565179387346
1667,train,14500,15180.70683261238,-680.7068326123808
2627,train,25000,18596.706293846622,6403.293706153378
2880,train,7000,6401.661826151723,598.3381738482767
2076,train,6000,10063.818363238845,-4063.8183632388445
4052,train,5500,6545.862703233818,-1045.8627032338181
4048,train,20000,22170.874710044,-2170.8747100440014
3656,train,16000,18274.338922245064,-2274.338922245064
2260,train,100000,43456.78331822559,56543.21668177441
1945,train,30000,20291.26118304453,9708.738816955469
1486,train,45000,54582.15210698882,-9582.152106988819
308,train,13000,14820.328901054923,-1820.3289010549233
1150,train,65000,87016.39895864327,-22016.398958643273
762,train,53500,43328.93335395917,10171.066646040832
1638,train,30000,34440.11035565956,-4440.110355659563
599,train,120000,137796.69885652233,-17796.69885652233
3005,train,20000,14785.931322769908,5214.068677230092
253,train,12000,20314.105973959104,-8314.105973959104
143,train,8000,12165.373280039577,-4165.373280039577
1738,train,16000,18384.1756221286,-2384.1756221286014
2341,train,11000,12048.125004231964,-1048.1250042319643
4219,train,9000,8087.765202534438,912.2347974655622
4486,train,12000,12473.190964965352,-473.19096496535167
3129,train,8500,11693.222248612523,-3193.222248612523
3388,train,7500,15367.682056078465,-7867.682056078465
1122,train,40000,36918.80001195227,3081.1999880477306
4370,train,30000,27697.844635902457,2302.1553640975435
51,train,7500,4414.061610437132,3085.938389562868
1770,train,10000,15928.360070910836,-5928.360070910836
3554,train,16000,12264.93683779967,3735.0631622003293
2564,train,14500,24800.274984290205,-10300.274984290205
3253,train,12000,12366.497083333325,-366.49708333332455
2319,train,60000,47101.401562334155,12898.598437665845
2254,train,17600,16744.254009490767,855.7459905092328
2910,train,13000,12591.9991091187,408.0008908812997
2929,train,42000,45029.96359560414,-3029.9635956041384
4378,train,12000,14687.982729239657,-2687.9827292396567
4351,train,8000,7720.284844391089,279.7151556089111
845,train,28000,53751.95414838059,-25751.954148380588
4130,train,12000,13877.082622067897,-1877.0826220678973
3691,train,5000,6891.4018531669935,-1891.4018531669935
674,train,32000,36838.976679019645,-4838.9766790196445
1959,train,10000,6938.271314356956,3061.7286856430437
2752,train,7000,12764.221425033837,-5764.221425033837
1623,train,6500,7667.541464648933,-1167.5414646489326
3964,train,16000,24087.085950904857,-8087.085950904857
4701,train,12500,12541.795513074472,-41.79551307447218
1629,train,15000,15236.098431689496,-236.09843168949556
3085,train,16000,15925.844520346684,74.15547965331643
2354,train,17000,14155.91063648696,2844.0893635130396
4159,train,17500,18493.350432547904,-993.3504325479043
1621,train,18000,21660.938767382635,-3660.938767382635
4614,train,9500,10462.917937246388,-962.9179372463877
1776,train,12000,14396.699035029218,-2396.699035029218
436,train,7000,11606.945490601021,-4606.945490601021
3384,train,16000,18108.901920601216,-2108.9019206012163
732,train,180000,101693.50545256774,78306.49454743226
415,train,5000,6446.433412419632,-1446.433412419632
3271,train,13000,12484.864943556031,515.135056443969
993,train,200000,260247.94624335406,-60247.94624335406
2419,train,16000,22557.993615302577,-6557.993615302577
529,train,160000,33677.42485666375,126322.57514333626
1594,train,4500,8519.75877058108,-4019.75877058108
52,train,5000,7147.456317335506,-2147.4563173355064
354,train,10000,9701.52727332438,298.4727266756199
1218,train,130000,87775.01543377133,42224.98456622867
3877,train,7000,4233.338125897654,2766.661874102346
4282,train,7000,8247.79179678117,-1247.79179678117
4648,train,15000,12681.053712691133,2318.946287308867
2894,train,23000,22786.817123215566,213.18287678443448
454,train,8500,7711.0871186396635,788.9128813603365
2789,train,30000,25252.87976693922,4747.120233060781
995,train,48000,30563.08996463972,17436.91003536028
2764,train,15000,15406.06072651574,-406.0607265157396
152,train,5000,9958.817361739431,-4958.817361739431
813,train,45000,45528.526544857996,-528.5265448579958
82,train,15000,12771.786199594491,2228.2138004055087
1662,train,8000,10592.02635095256,-2592.0263509525594
2333,train,9000,14263.326528921021,-5263.326528921021
723,train,80000,96995.4762293267,-16995.476229326698
3863,train,15000,11787.63136606603,3212.3686339339692
2832,train,8000,16732.038084278633,-8732.038084278633
695,train,17000,30184.6348740473,-13184.6348740473
2844,train,28000,22045.722860425176,5954.277139574824
3760,train,8000,5689.684657927481,2310.3153420725193
4375,train,25000,28302.26031701214,-3302.26031701214
2608,train,32000,50730.856012486875,-18730.856012486875
2684,train,11000,11502.503883895954,-502.50388389595355
1007,train,39000,27066.603296699755,11933.396703300245
4354,train,10000,13293.681971744803,-3293.6819717448034
1082,train,80000,43446.54483957375,36553.45516042625
2518,train,32000,21124.108832466965,10875.891167533035
1717,train,5500,8613.824699612069,-3113.824699612069
4639,train,80000,112698.65674090925,-32698.656740909253
3910,train,5500,4970.513701848554,529.4862981514461
4328,train,16500,20057.285701616223,-3557.2857016162234
3804,train,35000,29705.591863046142,5294.408136953858
1430,train,58000,55519.26219373442,2480.737806265577
3505,train,6500,5499.1282168523685,1000.8717831476315
3364,train,12000,12274.909496993736,-274.90949699373596
2209,train,180000,53777.59749975324,126222.40250024677
4411,train,8000,8096.212241801533,-96.21224180153331
2231,train,11000,12155.732862973866,-1155.7328629738658
2765,train,30000,15284.741820974468,14715.258179025532
2479,train,25000,29446.605705410104,-4446.605705410104
1404,train,50000,42981.11093984587,7018.889060154128
246,train,10000,15563.07998246031,-5563.079982460309
2711,train,100000,81730.22137971454,18269.778620285462
3541,train,10000,6539.7900960760935,3460.2099039239065
1916,train,14000,13283.058135771871,716.9418642281289
2562,train,10000,9471.998194156791,528.0018058432088
2831,train,40000,22532.669539543986,17467.330460456014
513,train,10000,14813.294955510297,-4813.294955510297
397,train,6000,4612.218628363893,1387.781371636107
581,train,28000,21780.773543660463,6219.2264563395365
3311,train,280000,165535.12293676523,114464.87706323477
2130,train,24000,21504.53700687429,2495.4629931257114
3156,train,18000,18764.436117924168,-764.4361179241678
3837,train,12000,18484.904479700825,-6484.904479700825
984,train,150000,167955.7310551046,-17955.73105510461
4193,train,30000,26848.58140015845,3151.4185998415487
3598,train,15000,13535.896039230183,1464.1039607698167
3665,train,15000,14042.787403530361,957.2125964696388
244,train,15000,15550.026125602108,-550.0261256021076
327,train,7000,6740.6713096159,259.3286903840999
1569,train,12000,15200.228476725028,-3200.2284767250276
4388,train,10000,14666.82884146801,-4666.82884146801
3310,train,14500,12913.301093762604,1586.698906237396
161,train,10000,9067.498907705134,932.5010922948659
2198,train,7500,10452.581563013047,-2952.5815630130473
3913,train,23000,11460.44590548129,11539.55409451871
1180,train,25000,25807.235339450865,-807.2353394508646
4111,train,12000,14308.421987915264,-2308.4219879152643
1350,train,21000,19595.28001987963,1404.7199801203715
4575,train,17500,16436.45916587346,1063.5408341265393
1794,train,120000,49730.95182527611,70269.0481747239
2859,train,40000,29030.112935990048,10969.887064009952
3161,train,16000,13128.697375581964,2871.3026244180364
368,train,5000,4662.2970746217,337.7029253783003
4524,train,7500,13140.223691692003,-5640.223691692003
3686,train,25000,24164.722621135865,835.2773788641352
1697,train,25000,17375.666591656496,7624.333408343504
3358,train,4200,7137.34709881943,-2937.3470988194304
4147,train,20000,24190.542449115983,-4190.542449115983
3579,train,18000,17619.581291818056,380.41870818194366
3472,train,7000,15187.42684909639,-8187.42684909639
4145,train,10500,13912.467322255012,-3412.467322255012
4103,train,14000,13117.621444284126,882.3785557158735
18,train,11000,9937.51987017791,1062.48012982209
2256,train,8000,11099.071437767194,-3099.071437767194
2561,train,15000,12053.55620582773,2946.44379417227
498,train,10500,14368.079241510404,-3868.0792415104042
199,train,24000,12833.644409070583,11166.355590929417
1339,train,46700,39905.8229100208,6794.177089979203
657,train,160000,155937.12821066115,4062.871789338853
3893,train,14000,19458.21884701443,-5458.218847014428
2907,train,40000,33145.1626610937,6854.837338906298
139,train,15000,12684.939405511668,2315.060594488332
3739,train,13500,14629.044211400944,-1129.0442114009438
518,train,5000,5993.296611990112,-993.2966119901121
1057,train,45000,38802.22034296813,6197.779657031868
4216,train,45000,45059.37376414973,-59.37376414972823
3797,train,25000,19488.7323714356,5511.267628564401
3648,train,11000,12969.566890179922,-1969.5668901799218
958,train,50000,103962.84411708813,-53962.84411708813
1620,train,11000,8846.182385712977,2153.8176142870234
430,train,5000,6449.783920272644,-1449.7839202726436
734,train,140000,214359.059187211,-74359.05918721101
1865,train,20000,22359.010853467385,-2359.0108534673855
2664,train,30000,55136.93956805175,-25136.93956805175
3833,train,12000,13060.01923476732,-1060.01923476732
440,train,8000,8637.296643442774,-637.2966434427744
4387,train,9000,12000.031681750686,-3000.0316817506864
2720,train,9000,8652.32766390673,347.67233609327013
2707,train,70000,89650.64202710768,-19650.64202710768
4174,train,25000,21918.589792257597,3081.410207742403
4363,train,12000,13493.025250101422,-1493.025250101422
974,train,98000,173573.7821155813,-75573.7821155813
3488,train,17000,27393.659507249584,-10393.659507249584
3461,train,25000,28846.92052155383,-3846.9205215538313
3264,train,14000,13394.851447891982,605.1485521080176
918,train,75000,41163.08315644688,33836.91684355312
3812,train,14000,12302.272438163856,1697.7275618361436
2956,train,52000,20402.15518512776,31597.84481487224
2551,train,8000,9904.688779043814,-1904.688779043814
1541,train,7000,7204.249362043789,-204.249362043789
3048,train,13000,14292.976154308551,-1292.9761543085515
4676,train,10000,11453.681616918979,-1453.6816169189788
1191,train,55000,59246.47754771253,-4246.4775477125295
402,train,9000,7983.487522424612,1016.5124775753884
4645,train,5000,5553.773457750966,-553.7734577509664
1646,train,8000,8953.65821812029,-953.6582181202903
4525,train,25000,27336.9598284414,-2336.9598284413987
3605,train,17000,17106.336421425178,-106.33642142517783
2485,train,17000,26119.36187988265,-9119.36187988265
4049,train,16000,12499.80225216462,3500.19774783538
3366,train,15723,19996.56224734494,-4273.56224734494
1514,train,17000,14331.200214666604,2668.7997853333964
1626,train,13000,10307.38238181695,2692.6176181830506
2252,train,4750,5910.1434555440965,-1160.1434555440965
357,train,7000,6877.297155775647,122.7028442243527
4069,train,15000,23849.01474764889,-8849.01474764889
2572,train,200000,55302.14777573767,144697.85222426231
4661,train,65000,46971.69847354284,18028.30152645716
2976,train,27000,29407.907978714637,-2407.9079787146366
2136,train,8500,10215.257196091978,-1715.2571960919777
177,train,4000,8664.306066657475,-4664.306066657475
1325,train,26000,27377.918509838695,-1377.9185098386952
1008,train,190000,154196.9873446376,35803.0126553624
2778,train,25000,22310.074053933204,2689.9259460667963
4547,train,7500,5890.214394638917,1609.785605361083
3369,train,3000,6015.529306941697,-3015.5293069416966
166,train,8000,12838.483667560085,-4838.483667560085
2030,train,15000,25347.659979503464,-10347.659979503464
3459,train,15000,17242.665909610885,-2242.665909610885
2034,train,22000,15880.996116196886,6119.003883803114
101,train,35000,38267.74284923382,-3267.742849233822
882,train,75000,39173.25659697233,35826.74340302767
2573,train,20000,21199.990605478597,-1199.990605478597
2265,train,7500,9432.108321340056,-1932.1083213400561
1239,train,100000,49690.04751562314,50309.95248437686
3816,train,18000,14550.359286578674,3449.640713421326
4276,train,19000,12611.010791912699,6388.989208087301
4637,train,14500,13913.968439210013,586.0315607899865
1009,train,84000,101488.46923407944,-17488.469234079443
3867,train,32500,33947.72035652314,-1447.7203565231393
3267,train,8000,11869.294187175576,-3869.2941871755756
870,train,20000,23306.340646670782,-3306.340646670782
90,train,18000,17497.689391047872,502.31060895212795
2311,train,26000,27948.489115013865,-1948.4891150138646
2049,train,4300,7012.755919836555,-2712.755919836555
3906,train,11000,10015.480247913045,984.5197520869551
2796,train,10000,20686.687640238746,-10686.687640238746
34,train,22000,11150.093379995493,10849.906620004507
793,train,19000,15189.170637415187,3810.8293625848128
780,train,61000,71154.63331719332,-10154.633317193322
3675,train,24000,15518.692891832587,8481.307108167413
2075,train,140000,128532.9840332907,11467.015966709296
1121,train,57000,145274.67694550572,-88274.67694550572
972,train,25000,29209.184445305655,-4209.184445305655
3880,train,9500,13810.805141209608,-4310.805141209608
1844,train,35000,36019.71544074756,-1019.7154407475609
2288,train,8500,8795.86902728106,-295.86902728105997
3664,train,8500,12008.542147776529,-3508.5421477765285
2598,train,12000,11549.93599138173,450.06400861827024
1405,train,29000,27708.38498342537,1291.6150165746294
4405,train,15000,25364.182965376243,-10364.182965376243
2162,train,9000,8731.683929012997,268.3160709870026
1041,train,75000,64663.11154775767,10336.888452242332
3980,train,300000,56078.119005081164,243921.88099491884
2884,train,9000,17802.52037628401,-8802.52037628401
314,train,7000,8024.715201267516,-1024.715201267516
1164,train,45000,45628.83317759881,-628.8331775988117
1990,train,16000,15777.718186941056,222.28181305894395
4602,train,13000,14127.706324409819,-1127.706324409819
1831,train,9000,5923.845188018001,3076.154811981999
54,train,11000,11016.089727204064,-16.08972720406382
1272,train,330000,149006.48952753446,180993.51047246554
2196,train,16000,17308.54907743795,-1308.5490774379505
2742,train,40000,38343.44108845216,1656.5589115478433
1788,train,7000,6861.532875380471,138.4671246195294
3235,train,6500,8652.306457716504,-2152.306457716504
2476,train,35000,42446.56816489705,-7446.568164897049
3157,train,9500,12299.806587549901,-2799.8065875499015
2566,train,24000,21797.36076718385,2202.639232816149
3279,train,100000,75878.23909096721,24121.76090903279
3731,train,12000,13762.271347382013,-1762.2713473820131
3986,train,10000,12699.229355942247,-2699.229355942247
1696,train,43000,41851.600044718805,1148.3999552811947
1464,train,25000,20404.639092704147,4595.360907295853
1203,train,27000,31226.722922455676,-4226.722922455676
2634,train,4500,8791.932457871602,-4291.932457871602
3262,train,5250,6095.824257609649,-845.8242576096491
2822,train,6500,10717.13838249425,-4217.1383824942495
2891,train,55000,52536.41163835282,2463.5883616471765
1533,train,7000,8254.94594293236,-1254.9459429323597
3822,train,11500,8914.700704703204,2585.299295296796
1926,train,20000,20068.129086990342,-68.12908699034233
1753,train,20000,26574.128483702138,-6574.128483702138
3525,train,40000,24914.88055701386,15085.119442986139
1498,train,61500,70981.72857113638,-9481.72857113638
1807,train,15000,12254.734213660811,2745.2657863391887
3989,train,9000,10962.475230001679,-1962.475230001679
3050,train,12000,13948.293886872563,-1948.2938868725632
3283,train,18000,14705.227469935651,3294.7725300643488
2991,train,25000,25315.154286893285,-315.15428689328473
4307,train,36000,16881.474885325628,19118.525114674372
2229,train,11500,11056.262737205916,443.737262794084
242,train,7500,7942.813200270593,-442.81320027059337
782,train,42000,82799.1687099998,-40799.168709999794
2410,train,13500,16414.704791935732,-2914.704791935732
4207,train,8000,5762.0118143055,2237.9881856945003
960,train,65000,76578.92007024991,-11578.920070249907
4545,train,47000,49133.090460007246,-2133.0904600072463
3402,train,19000,13491.3373357551,5508.662664244899
801,train,45000,34674.24312037967,10325.756879620327
2825,train,7500,10138.545177174034,-2638.5451771740336
4319,train,13000,13714.711658196251,-714.7116581962509
3636,train,10000,8567.827649489353,1432.1723505106474
232,train,35000,28417.60312062194,6582.396879378059
1144,train,47000,53853.35490471777,-6853.354904717773
2534,train,30000,30753.947917738104,-753.9479177381036
1059,train,50000,45715.7295901514,4284.270409848599
504,train,25000,12537.96672552588,12462.03327447412
751,train,92500,93857.60213147965,-1357.6021314796526
4038,train,26000,25990.09423767777,9.905762322228838
3097,train,8000,7430.174358016805,569.825641983195
4584,train,13000,8749.119322950488,4250.880677049512
2027,train,12000,12294.770906947862,-294.7709069478624
4263,train,6000,7054.19064091958,-1054.19064091958
4340,train,8000,10977.899892308005,-2977.8998923080053
3350,train,21000,17669.9293853355,3330.070614664499
823,train,69999,85623.06420498436,-15624.06420498436
1644,train,13000,13798.584785627147,-798.5847856271466
2536,train,80000,78622.91321959185,1377.08678040815
3983,train,27000,49581.879212218664,-22581.879212218664
4170,train,10000,12457.677665031959,-2457.677665031959
346,train,20000,21113.710382176356,-1113.7103821763558
1048,train,94000,46259.52301602871,47740.47698397129
343,train,9500,6151.067276775017,3348.9327232249834
1682,train,23000,24087.358686720305,-1087.3586867203048
2275,train,8500,6500.5920278112035,1999.4079721887965
516,train,7500,7004.870935631676,495.1290643683242
781,train,70000,98861.89922831471,-28861.89922831471
2363,train,35000,43587.598753398845,-8587.598753398845
2020,train,14000,17664.175909796017,-3664.1759097960166
4579,train,9000,9219.085584394168,-219.0855843941681
12,train,6500,7201.663233825704,-701.6632338257041
3624,train,34999,38319.05165348629,-3320.051653486291
3929,train,30000,25616.184351577187,4383.815648422813
256,train,5000,8327.103951607474,-3327.1039516074743
2804,train,12000,15468.851602361763,-3468.851602361763
3993,train,49000,39294.727168042904,9705.272831957096
4268,train,9500,11703.107064304615,-2203.107064304615
3999,train,18000,19237.4456103514,-1237.4456103513985
656,train,18000,22637.436314131934,-4637.436314131934
105,train,6000,7875.545008206157,-1875.545008206157
3814,train,33000,36686.48045942111,-3686.480459421109
1056,train,57000,49063.86130119552,7936.138698804483
3089,train,10000,12298.18640540419,-2298.1864054041907
1448,train,34000,23141.30849106706,10858.691508932941
3118,train,17500,16447.07332218161,1052.9266778183883
3349,train,14000,11561.588476081773,2438.4115239182265
4700,train,6000,5599.461575223268,400.5384247767324
1432,train,45000,51009.69317513211,-6009.69317513211
4589,train,44000,44574.78299863839,-574.7829986383877
25,train,7000,8713.075554033763,-1713.0755540337632
4482,train,6800,6912.160178412261,-112.1601784122613
3625,train,7000,8902.054102087406,-1902.0541020874061
4397,train,13000,14538.753325952868,-1538.7533259528682
104,train,180000,11651.460008398299,168348.5399916017
3722,train,9000,13174.34031012589,-4174.34031012589
332,train,20000,23316.13711428005,-3316.137114280049
4088,train,140000,141508.20562119797,-1508.2056211979652
4317,train,16000,14901.563901265486,1098.4360987345135
168,train,6500,8256.361462129044,-1756.3614621290435
817,train,40000,40507.747493165705,-507.74749316570524
2016,train,10000,7370.040620074999,2629.9593799250006
3857,train,12000,12959.604462892748,-959.6044628927484
4106,train,14000,12805.801166073245,1194.1988339267555
4071,train,12000,13056.147902529283,-1056.1479025292829
500,train,12000,8785.647660045077,3214.352339954923
4237,train,28000,19895.756386216643,8104.243613783357
1522,train,10500,12963.98296751857,-2463.98296751857
1094,train,20000,19486.641210665905,513.3587893340955
3529,train,8000,10812.559280367734,-2812.5592803677337
2450,train,22000,31320.287974176303,-9320.287974176303
621,train,34000,30411.258750527144,3588.741249472856
1215,train,21000,29410.713567302868,-8410.713567302868
2331,train,18000,15848.422857461665,2151.5771425383355
1304,train,18500,13025.268618703467,5474.731381296533
391,train,8500,9761.664627480042,-1261.6646274800423
1172,train,180000,257009.547621797,-77009.54762179701
2382,train,65000,66901.76178794599,-1901.7617879459867
3921,train,75000,61304.15039914731,13695.849600852693
2952,train,40000,24546.557987869397,15453.442012130603
3399,train,19000,16310.076885080694,2689.9231149193056
2499,train,9000,7566.355475076136,1433.644524923864
1505,train,9500,9511.242563361759,-11.242563361758585
1759,train,18000,13164.58344019582,4835.41655980418
2019,train,17000,24367.38099286183,-7367.380992861828
4270,train,30000,35012.764711120675,-5012.764711120675
439,train,6500,8577.496725456209,-2077.496725456209
2466,train,75000,43655.03389234413,31344.96610765587
4422,train,6000,6619.516525312357,-619.5165253123569
476,train,14000,11924.338400731698,2075.661599268302
792,train,18000,15478.295206556604,2521.704793443396
1018,train,65000,47299.283314429136,17700.716685570864
172,train,7000,4731.9691316497065,2268.0308683502935
1847,train,10000,10918.017241659856,-918.0172416598562
1475,train,90000,59316.04638028913,30683.95361971087
633,train,210000,92550.94356529666,117449.05643470334
79,train,8000,5781.768774326196,2218.231225673804
2304,train,12000,11284.923693811736,715.0763061882644
4475,train,22000,16543.96481976867,5456.035180231331
4528,train,7500,12673.94442048595,-5173.94442048595
2178,train,6500,8383.877710831177,-1883.877710831177
2338,train,28000,24598.28143659285,3401.71856340715
1241,train,100000,131196.2974395813,-31196.297439581307
4376,train,8500,6644.457501183694,1855.5424988163059
857,train,190000,102587.33487940693,87412.66512059307
4017,train,10000,13761.839483512314,-3761.8394835123145
2370,train,16000,25579.596921874218,-9579.596921874218
2670,train,25000,29676.286200499493,-4676.286200499493
2906,train,19000,17425.356456247537,1574.6435437524633
3307,train,6500,7918.084067212543,-1418.0840672125432
1915,train,7000,7229.971816824497,-229.97181682449718
567,train,32000,37047.876490089766,-5047.876490089766
4713,train,8000,7624.65290673291,375.3470932670898
3015,train,9000,11080.69891357323,-2080.698913573229
4142,train,65000,36322.79252955613,28677.20747044387
961,train,33000,37974.24822255746,-4974.248222557457
1184,train,100000,156364.14008982613,-56364.140089826134
4295,train,8500,6552.986969488287,1947.0130305117127
1090,train,280000,311055.69386565324,-31055.693865653244
2802,train,22000,17420.169432218445,4579.830567781555
3984,train,10000,10620.007193185327,-620.0071931853272
3295,train,9000,12409.730965001743,-3409.7309650017432
2519,train,20000,16914.10010296849,3085.8998970315115
3792,train,18000,13908.49839503157,4091.501604968429
710,train,6500,30453.75856420681,-23953.75856420681
2998,train,10000,9436.719315788228,563.2806842117716
3808,train,15000,9487.51245537241,5512.487544627589
3905,train,11000,11380.434080377414,-380.4340803774139
1118,train,50000,58257.48341892675,-8257.48341892675
1677,train,10000,8101.043729541129,1898.9562704588707
2361,train,11000,8500.412066907023,2499.5879330929765
988,train,41000,46801.63660976421,-5801.636609764209
562,train,25000,24499.719819706086,500.2801802939139
66,train,5000,5018.706692452282,-18.70669245228237
3191,train,15000,13800.877290808956,1199.1227091910441
3037,train,10000,15385.28969613836,-5385.289696138359
3926,train,24000,25157.894939158086,-1157.8949391580863
3564,train,20000,11359.526673447866,8640.473326552134
3835,train,8000,11890.461047891415,-3890.4610478914146
4165,train,10000,8160.157415897375,1839.8425841026246
515,train,65000,23587.41602966565,41412.58397033435
91,train,12000,8301.842179857842,3698.157820142158
4315,train,25000,16509.759363237783,8490.240636762217
1957,train,15000,31040.510949531694,-16040.510949531694
2432,train,38000,15682.02932865225,22317.97067134775
1954,train,15000,15855.437454004386,-855.4374540043864
4157,train,7000,13628.226845151448,-6628.226845151448
1803,train,20000,24128.92284141978,-4128.922841419779
3458,train,17000,13764.478196208634,3235.5218037913655
3116,train,40000,45385.14840864563,-5385.148408645633
251,train,6000,7241.909277297908,-1241.9092772979084
4583,train,25000,20582.736623928275,4417.263376071725
527,train,14000,23586.99680693565,-9586.996806935651
938,train,32000,31310.320835168593,689.6791648314065
1777,train,9000,9353.387526492956,-353.38752649295566
876,train,40000,64448.073057609625,-24448.073057609625
3763,train,85000,48900.63994355808,36099.36005644192
1210,train,55000,57965.282443318785,-2965.282443318785
1728,train,23000,14307.996567255026,8692.003432744974
3115,train,25000,19671.625591127708,5328.374408872292
2305,train,14000,10998.107264179931,3001.892735820069
2740,train,45000,51627.101650326134,-6627.101650326134
3769,train,32000,23359.766462799606,8640.233537200394
1914,train,13000,11747.722603139186,1252.2773968608144
1457,train,42000,45371.263361834564,-3371.2633618345644
3704,train,6500,8279.476615191752,-1779.476615191752
1427,train,400000,412856.3158454074,-12856.315845407371
3354,train,25000,16828.257790117445,8171.7422098825555
3273,train,11000,8727.91853100449,2272.0814689955096
437,train,5000,5294.470529624603,-294.47052962460293
3460,train,3500,7979.3650126230805,-4479.3650126230805
3149,train,19000,15262.951351257048,3737.0486487429516
909,train,50000,52745.23589203037,-2745.235892030367
2213,train,22000,15290.515739457569,6709.484260542431
769,train,110000,55271.768190813345,54728.231809186655
1968,train,13000,13120.256954438644,-120.25695443864424
3824,train,12000,23935.467700617337,-11935.467700617337
37,train,7000,6383.35691318728,616.64308681272
3638,train,12500,8661.476940584573,3838.5230594154273
1678,train,8000,11736.599073124558,-3736.5990731245583
4084,train,35000,29223.655290982973,5776.344709017027
2576,train,9500,15610.516225078696,-6110.516225078696
434,train,22000,16380.511420050669,5619.488579949331
936,train,48000,38804.83203256761,9195.16796743239
856,train,150000,226342.15812694596,-76342.15812694596
4717,train,16000,18560.895795189343,-2560.8957951893426
377,train,5000,6474.63802485889,-1474.6380248588903
2427,train,80000,62436.24273185358,17563.757268146423
144,train,8000,10125.779513169442,-2125.779513169442
4474,train,6500,4198.437622067274,2301.562377932726
4444,train,16000,19944.143624806282,-3944.143624806282
3643,train,15000,10873.145220482153,4126.854779517847
2024,train,130000,83471.59370716788,46528.40629283212
2770,train,22000,25197.395840611323,-3197.3958406113234
3341,train,33000,29291.94900242233,3708.0509975776695
3256,train,11000,11776.465935433958,-776.4659354339583
4695,train,10500,5595.7657847023675,4904.2342152976325
546,train,100000,53269.003693730105,46730.996306269895
1307,train,80000,83217.02064298483,-3217.020642984833
3576,train,7000,7283.47665950064,-283.4766595006404
423,train,12000,7435.825687466007,4564.174312533993
1723,train,15000,17237.60885777895,-2237.6088577789487
2298,train,13000,11951.99013522424,1048.0098647757604
307,train,9000,9126.916972936557,-126.9169729365567
2284,train,16000,18518.521101813916,-2518.521101813916
544,train,150000,35634.44797386795,114365.55202613205
2093,train,8500,10726.830922293753,-2226.8309222937532
779,train,190000,122579.79422406545,67420.20577593455
2672,train,28000,46763.79140150892,-18763.79140150892
2177,train,9500,14735.538815618023,-5235.538815618023
585,train,24000,30119.16145583562,-6119.16145583562
2203,train,16000,13315.247571136477,2684.752428863523
4631,train,10000,8045.796052813024,1954.2039471869757
2456,train,20500,19432.064335910516,1067.935664089484
4239,train,12500,14539.356237575072,-2039.3562375750716
2911,train,44000,52397.452914135465,-8397.452914135465
1956,train,10000,9720.223084935305,279.77691506469455
2405,train,15000,17994.499820096586,-2994.4998200965856
2899,train,11500,16409.248425639616,-4909.2484256396165
3053,train,10000,11959.316332891092,-1959.3163328910923
4346,train,30000,23543.69710029241,6456.302899707589
2833,train,95000,72044.79536109875,22955.204638901254
1967,train,6000,9243.537674860761,-3243.5376748607614
138,train,8500,9512.476597440142,-1012.4765974401416
2431,train,35000,19552.24252320187,15447.757476798131
2977,train,12500,19853.00147495534,-7353.001474955341
1731,train,12000,14353.506076682559,-2353.506076682559
3502,train,17000,13199.701592862977,3800.298407137023
4691,train,7500,9370.67697364769,-1870.6769736476908
3427,train,30000,24282.13130653746,5717.86869346254
1884,train,22000,19583.9198529022,2416.0801470978004
1687,train,39000,29577.466516638924,9422.533483361076
1106,train,27000,32032.825033391557,-5032.825033391557
4260,train,11500,12692.113030078252,-1192.1130300782515
715,train,16000,14947.290627673203,1052.7093723267972
1332,train,39000,28092.677443704913,10907.322556295087
4225,train,25000,14048.577941800295,10951.422058199705
3649,train,10000,10180.893553611471,-180.89355361147136
1377,train,32000,40322.67436108017,-8322.674361080171
157,train,12000,15889.59394606279,-3889.5939460627906
198,train,9000,8945.388052890068,54.61194710993186
1039,train,30000,20318.62832548289,9681.371674517111
4353,train,15000,19035.556688594155,-4035.5566885941553
3672,train,18000,12938.706622417032,5061.293377582968
760,train,45000,42802.21825052984,2197.7817494701594
23,train,6500,10196.730692077286,-3696.730692077286
1542,train,9000,8437.236624893761,562.7633751062385
4559,train,8000,5480.016182283463,2519.9838177165366
4680,train,6500,7304.9840145358285,-804.9840145358285
3101,train,14000,25761.296543028886,-11761.296543028886
931,train,55000,48076.577549631445,6923.422450368555
1520,train,14500,13361.463479915386,1138.5365200846136
4506,train,8000,10995.644466680238,-2995.644466680238
2480,train,8000,9613.102955730776,-1613.1029557307756
2064,train,21000,23353.869666554896,-2353.869666554896
3708,train,17000,12407.206774886537,4592.7932251134625
1531,train,13000,11005.113053784646,1994.8869462153543
3895,train,10500,7698.031028179502,2801.968971820498
525,train,45000,29414.949309892465,15585.050690107535
1661,train,13000,13222.757859190535,-222.75785919053487
639,train,100000,110022.14798721051,-10022.147987210512
3705,train,10000,11227.31133516236,-1227.3113351623597
3258,train,17500,17466.207535326404,33.79246467359553
2200,train,75000,42284.87181972926,32715.128180270738
3044,train,15000,13578.55929037665,1421.44070962335
1509,train,13000,10910.588171284839,2089.4118287151614
1070,train,65000,104241.15955125907,-39241.15955125907
419,train,6000,5437.787168530983,562.2128314690171
3135,train,10000,11585.370544593083,-1585.3705445930827
1467,train,110000,77818.75618214362,32181.243817856375
1952,train,15000,13716.37423498292,1283.6257650170792
2226,train,5500,11404.290464326981,-5904.290464326981
2175,train,9500,12437.498224185032,-2937.498224185032
1267,train,6000,22760.139543426787,-16760.139543426787
2041,train,60000,43580.063638621876,16419.936361378124
3549,train,10000,13522.342741977227,-3522.342741977227
3208,train,13000,16119.889986290571,-3119.889986290571
4722,train,13000,12965.67414250495,34.32585749505051
3711,train,11500,15944.580276073833,-4444.580276073833
4417,train,25000,21938.09363100246,3061.906368997541
3761,train,220000,132897.57441225887,87102.42558774113
4484,train,12000,18051.560886102892,-6051.560886102892
2323,train,18000,21213.43010817673,-3213.43010817673
1577,train,21000,29240.08109673019,-8240.081096730191
392,train,35000,29290.620511357978,5709.379488642022
3441,train,28000,21318.83241731666,6681.167582683342
4543,train,11000,11144.926338601583,-144.92633860158276
3076,train,20500,15050.6776638671,5449.3223361329
951,train,36000,36012.39702256925,-12.397022569246474
404,train,8000,20372.507166644195,-12372.507166644195
2823,train,17000,27312.07548672605,-10312.075486726051
1079,train,95000,54936.9144147525,40063.0855852475
1718,train,10000,13478.053876811317,-3478.0538768113165
1484,train,78000,55129.49442178579,22870.505578214208
321,train,12000,12296.417409421074,-296.4174094210739
2944,train,7000,9374.985487299136,-2374.9854872991364
4318,train,15000,7537.656725966782,7462.343274033218
2585,train,70000,56609.02952962178,13390.970470378219
1878,train,45000,45659.402644851434,-659.4026448514342
4677,train,9000,13193.353048731875,-4193.353048731875
2066,train,28000,32760.022225776196,-4760.022225776196
3582,train,15000,12988.541200046328,2011.4587999536725
643,train,18000,20390.691526654,-2390.691526654002
2603,train,35000,49056.60815175048,-14056.608151750479
4597,train,9500,17002.58731457214,-7502.587314572142
2704,train,7500,9272.572855422517,-1772.572855422517
712,train,38000,37720.009604336454,279.9903956635462
14,train,8500,14775.945719663112,-6275.945719663112
962,train,27000,39846.63475854784,-12846.634758547843
401,train,15000,12507.635174274334,2492.3648257256664
2554,train,7500,8860.810834217713,-1360.810834217713
4289,train,12000,9053.703432624947,2946.296567375053
2487,train,16000,17033.036636409885,-1033.0366364098845
3257,train,11000,12915.421459970228,-1915.4214599702282
2873,train,15000,7212.075206020976,7787.924793979024
2953,train,8500,8308.741927473187,191.2580725268126
3788,train,22999,21760.686845639993,1238.3131543600066
2073,train,10000,14694.506918560492,-4694.506918560492
3447,train,22000,15115.016720459442,6884.983279540558
3858,train,17000,12921.779477070093,4078.220522929907
1192,train,90000,71250.45923389307,18749.540766106933
1766,train,10000,13566.61092181327,-3566.6109218132697
156,train,7000,7471.283542831717,-471.28354283171666
1936,train,31000,23858.971923572863,7141.028076427137
3172,train,11000,12435.67380865125,-1435.6738086512505
1725,train,12000,13757.377435789456,-1757.3774357894563
2397,train,60000,52040.91591695364,7959.084083046357
442,train,6000,8705.915203674063,-2705.9152036740634
1790,train,8500,12792.171645229386,-4292.171645229386
4367,train,21467,6628.622335001092,14838.377664998909
4520,train,45000,52639.857549779204,-7639.857549779204
466,train,6500,7174.662414608715,-674.6624146087152
3718,train,60000,70393.35539681367,-10393.35539681367
362,train,8000,12517.854392611509,-4517.854392611509
1270,train,280000,188471.4880955449,91528.51190445511
48,train,30000,15778.91856272903,14221.08143727097
2521,train,35000,26354.211857150993,8645.788142849007
4643,train,7500,6531.995211114185,968.0047888858153
2242,train,14000,16180.740244928722,-2180.740244928722
4199,train,22500,21332.177431866254,1167.8225681337462
820,train,50000,42798.28097040757,7201.71902959243
1468,train,20000,28968.218828068086,-8968.218828068086
2180,train,25000,19713.245412913413,5286.754587086587
3052,train,36000,24477.96054677058,11522.03945322942
982,train,250000,288611.3557150807,-38611.35571508069
92,train,9000,7728.010269451157,1271.989730548843
867,train,170000,187087.32549586,-17087.325495859986
4321,train,12000,12078.21430219629,-78.21430219628928
1227,train,130000,86921.86034765834,43078.13965234166
1734,train,32000,29408.443362304763,2591.5566376952374
597,train,14000,44405.49680020815,-30405.49680020815
3904,train,11000,12901.77481190269,-1901.7748119026892
2313,train,14000,11046.701020632638,2953.2989793673623
2908,train,8000,6873.056250055884,1126.9437499441156
3022,train,6500,6249.563735101243,250.43626489875714
1761,train,31000,27426.76667600259,3573.2333239974105
702,train,21000,40466.90152185059,-19466.90152185059
3800,train,15000,13621.97233472365,1378.0276652763496
4230,train,14000,12233.596079545929,1766.4039204540713
4702,train,26000,18032.94125261045,7967.05874738955
1312,train,60000,45625.97560088797,14374.02439911203
2996,train,23000,15357.977065820243,7642.022934179757
603,train,62000,91629.30630402431,-29629.306304024314
2096,train,8000,7478.55732452379,521.4426754762098
2735,train,7500,10745.731810987452,-3245.7318109874523
784,train,60000,51455.760215886556,8544.239784113444
2268,train,14000,10464.488751244002,3535.511248755998
2433,train,16000,16726.53017105625,-726.530171056249
4658,train,11000,13092.451657422054,-2092.4516574220543
4057,train,20000,17431.217501475523,2568.782498524477
1344,train,88000,49159.41340086725,38840.58659913275
4480,train,15000,17165.728482220427,-2165.7284822204274
1388,train,200000,94559.88739389021,105440.11260610979
1529,train,28000,34025.36699884259,-6025.36699884259
2933,train,17000,16770.063674307938,229.93632569206238
783,train,27000,21131.136603154922,5868.863396845078
4561,train,17000,14210.651936451577,2789.348063548423
911,train,62000,62410.343031970726,-410.34303197072586
1061,train,100000,86282.3948193176,13717.605180682396
878,train,15000,23556.855055173764,-8556.855055173764
342,train,8500,6763.810459414238,1736.1895405857622
2739,train,44300,27145.641413079746,17154.358586920254
1539,train,65000,55562.526877228884,9437.473122771116
1199,train,300000,257365.69490807166,42634.30509192834
897,train,51000,49870.59723741268,1129.4027625873205
3013,train,7000,8720.638531228175,-1720.6385312281745
4194,train,16500,24342.19921763314,-7842.1992176331405
1085,train,44000,36684.4449120999,7315.555087900102
2937,train,27000,24583.64320275069,2416.356797249311
3842,train,25000,19575.622598388793,5424.3774016112075
1141,train,35000,49626.6597476179,-14626.659747617901
2091,train,6500,6026.928315322128,473.0716846778723
3774,train,10000,7996.908878721956,2003.0911212780438
122,train,6800,6348.272801783572,451.7271982164284
3371,train,18000,13840.555600157724,4159.444399842276
880,train,25000,23307.37230329924,1692.6276967007616
2717,train,14000,18185.503828734963,-4185.5038287349635
2992,train,10000,11773.176703427293,-1773.1767034272925
3901,train,9500,14036.20803897699,-4536.208038976991
1571,train,9000,8275.916758029805,724.0832419701946
1259,train,38000,57791.74076661324,-19791.740766613242
4452,train,6000,7872.36455160679,-1872.36455160679
3630,train,200000,66974.76237070057,133025.23762929943
3595,train,9000,7099.03739147463,1900.9626085253703
303,train,12000,8818.142583053972,3181.857416946028
659,train,55000,46029.7927288355,8970.207271164501
1784,train,25000,21687.853736784655,3312.1462632153452
1866,train,11000,16499.380830561862,-5499.380830561862
2676,train,10000,11783.845120448497,-1783.8451204484973
1998,train,12500,17994.41911595404,-5494.419115954039
4108,train,37000,22117.042591104742,14882.957408895258
4241,train,10000,12574.691855381041,-2574.691855381041
3222,train,75000,45735.471205395006,29264.528794604994
1488,train,65000,51352.536899214676,13647.463100785324
1810,train,9750,10604.737516634154,-854.7375166341535
4490,train,23000,25296.09764646003,-2296.0976464600317
4064,train,14000,16647.657526929375,-2647.6575269293753
728,train,55000,73216.30355440573,-18216.303554405735
1198,train,70000,76887.2274421436,-6887.227442143601
1800,train,10000,14356.818835246353,-4356.818835246353
3746,train,11000,14715.885682248289,-3715.8856822482885
3750,train,7000,8521.026461875554,-1521.0264618755537
4437,train,9000,4757.515731180816,4242.484268819184
2727,train,15000,13458.854795891231,1541.1452041087687
141,train,13000,7876.085135217364,5123.914864782636
16,train,6000,6176.161364276512,-176.16136427651236
335,train,14000,13532.995857715205,467.0041422847953
4662,train,60000,28189.674391325156,31810.325608674844
1856,train,15000,14064.957198975913,935.0428010240867
1021,train,500000,374127.0849135028,125872.9150864972
1102,train,180000,86058.95903173069,93941.04096826931
1341,train,280000,215068.6980226055,64931.3019773945
4218,train,15000,13491.052760179775,1508.9472398202251
60,train,5000,5245.5656457964515,-245.56564579645146
2002,train,9000,8751.474433146564,248.52556685343552
452,train,12000,9447.378068835593,2552.621931164407
475,train,6000,8614.792439965726,-2614.792439965726
2596,train,18000,17227.260884287545,772.7391157124548
3158,train,12000,13351.788247413373,-1351.788247413373
4709,train,12000,11319.634749485936,680.3652505140635
2964,train,6000,7702.1678691171755,-1702.1678691171755
2307,train,11000,12386.963630479726,-1386.963630479726
212,train,12000,14184.245059951216,-2184.245059951216
1328,train,35000,34609.55363604459,390.44636395540874
1946,train,12000,13054.035975495235,-1054.035975495235
388,train,15000,11796.529520418177,3203.4704795818234
1597,train,8000,7971.49929967637,28.500700323629644
2797,train,15000,13130.913850003262,1869.0861499967377
3423,train,6300,6446.794664396914,-146.7946643969144
1478,train,380000,259211.58035806526,120788.41964193474
1246,train,72000,80511.06778768735,-8511.067787687352
4021,train,35000,25946.331619038177,9053.668380961823
4287,train,8000,6915.852921122149,1084.1470788778506
2539,train,10500,18828.282370560468,-8328.282370560468
322,train,3200,4324.873867625089,-1124.8738676250887
1897,train,18000,18639.47299646276,-639.4729964627586
4139,train,10000,5797.679263933745,4202.320736066255
819,train,11000,14218.922701946763,-3218.9227019467635
664,train,25500,40829.303980533026,-15329.303980533026
3860,train,19500,17821.659713122266,1678.340286877734
282,train,17500,10533.402361265358,6966.597638734642
4420,train,15000,13448.203284119923,1551.7967158800766
3212,train,12000,10309.761409393723,1690.2385906062773
2856,train,25000,25215.05546225722,-215.05546225721992
3151,train,16000,18832.220987716628,-2832.220987716628
3338,train,13500,14219.22099558581,-719.2209955858107
1240,train,13000,20882.534815648887,-7882.534815648887
1149,train,85000,79259.5666975858,5740.433302414196
1105,train,37000,53385.46135147814,-16385.461351478138
566,train,75000,51940.285792330425,23059.714207669575
3567,train,25000,35829.5941481528,-10829.594148152799
4435,train,25000,15635.829345720625,9364.170654279375
1983,train,7000,6650.3215853252,349.67841467479957
3717,train,45000,34810.16261541992,10189.837384580082
2776,train,13000,17705.33046231438,-4705.330462314381
380,train,40000,23557.222002278777,16442.777997721223
2104,train,100000,42178.314687977996,57821.685312022004
3742,train,5000,6275.156394428208,-1275.156394428208
4240,train,25000,25179.738194038393,-179.73819403839298
2615,train,8500,13867.634246510122,-5367.6342465101225
3040,train,24000,12788.203258398471,11211.796741601529
2339,train,55000,35367.64227227505,19632.35772772495
1423,train,32000,58440.72591010336,-26440.725910103363
3619,train,12000,14190.488219165696,-2190.488219165696
1379,train,100000,145003.5095383588,-45003.509538358805
2951,train,45000,34807.46599329375,10192.53400670625
3768,train,24000,34708.14065305669,-10708.14065305669
2035,train,14000,15442.332033823888,-1442.3320338238882
2207,train,30000,40533.952345190395,-10533.952345190395
1374,train,270000,194882.5555400832,75117.44445991679
2474,train,13000,9949.462509141364,3050.5374908586364
4616,train,20000,31814.717525031196,-11814.717525031196
727,train,130000,207303.99921592406,-77303.99921592406
746,train,33000,32766.676551085093,233.3234489149072
2660,train,37000,85492.65302197453,-48492.65302197453
1848,train,9000,11110.966729896927,-2110.966729896927
4342,train,8000,10105.220052568626,-2105.2200525686258
1063,train,52000,38670.35293424931,13329.647065750687
578,train,300000,331603.1416430391,-31603.141643039125
2612,train,60000,59681.89976314424,318.10023685576016
231,train,16000,14499.777806605456,1500.2221933945439
3046,train,9000,11973.018502802355,-2973.018502802355
2986,train,20000,29834.26927462421,-9834.26927462421
2997,train,10000,12886.775558725665,-2886.775558725665
2637,train,23000,25807.56378190401,-2807.5637819040094
547,train,60000,67309.09354069483,-7309.0935406948265
2855,train,100000,61643.861298179196,38356.138701820804
38,train,21000,11652.954816487032,9347.045183512968
3741,train,15000,13036.051712815348,1963.9482871846521
1671,train,12000,14623.172360417677,-2623.172360417677
4705,train,16000,20774.45308738953,-4774.453087389531
1538,train,45000,42867.93495338695,2132.0650466130464
312,train,10000,5237.108041508615,4762.891958491385
2443,train,30000,18375.146860421424,11624.853139578576
4619,train,15000,14690.70918972078,309.29081027922075
688,train,45002,43764.781820487304,1237.2181795126962
4585,train,20000,18097.521607897907,1902.4783921020935
1010,train,68000,87043.17058715755,-19043.170587157554
4320,train,12000,14513.160152141543,-2513.160152141543
2261,train,18000,22871.378457315932,-4871.378457315932
4258,train,12000,14111.55973400438,-2111.5597340043805
2185,train,15000,19217.387742789455,-4217.387742789455
4466,train,42000,28764.204686012807,13235.795313987193
968,train,42000,47031.648420956924,-5031.648420956924
2813,train,8000,9593.874846134135,-1593.8748461341347
2548,train,20000,11405.150132598952,8594.849867401048
3666,train,8200,13573.084312077486,-5373.084312077486
3973,train,12000,14139.253105485166,-2139.253105485166
2630,train,7000,10122.917771963545,-3122.9177719635445
4044,train,14000,14333.988286134709,-333.9882861347087
3504,train,39000,21993.158815692466,17006.841184307534
1181,train,56000,59114.122031190906,-3114.1220311909055
3143,train,18000,20004.06445247842,-2004.0644524784184
2344,train,12000,12699.302038754851,-699.3020387548513
1483,train,32000,36987.42727048752,-4987.427270487518
976,train,65000,42552.49824268215,22447.50175731785
2351,train,20000,33922.08191937885,-13922.081919378848
4344,train,7500,11801.559394705146,-4301.559394705146
1248,train,130000,148231.96419790844,-18231.96419790844
85,train,10000,5478.599544787417,4521.400455212583
1653,train,10000,10327.538703893406,-327.5387038934059
486,train,10000,30199.683074660516,-20199.683074660516
4558,train,11000,11300.849219987002,-300.84921998700156
905,train,16500,29843.140456577457,-13343.140456577457
2531,train,16000,17254.294415544668,-1254.2944155446676
1890,train,38000,33352.01315239477,4647.986847605229
4669,train,16000,18525.505536951896,-2525.505536951896
3337,train,9500,11500.940350778661,-2000.940350778661
853,train,83000,104887.25776815011,-21887.257768150113
194,train,5000,6176.680203229529,-1176.680203229529
2208,train,65000,57916.97160013306,7083.02839986694
1598,train,6000,8195.042561181062,-2195.0425611810624
3006,train,6500,7740.496769135301,-1240.4967691353013
2,train,17000,10564.002430339391,6435.997569660609
2949,train,25000,19133.355233389273,5866.644766610727
4625,train,15000,8265.12403430179,6734.875965698209
2362,train,20000,15041.687541168714,4958.312458831286
4443,train,10500,13557.469701448412,-3057.469701448412
1230,train,160000,118014.26584840064,41985.73415159936
929,train,20000,24250.947552982994,-4250.947552982994
2003,train,5500,17002.011653439058,-11502.011653439058
4483,train,5000,5749.485248402078,-749.4852484020776
1202,train,120000,131569.36122568036,-11569.36122568036
1544,train,30000,17414.404572579704,12585.595427420296
2100,train,52000,42009.25036064088,9990.749639359121
937,train,10000,12278.58655370778,-2278.5865537077807
3585,train,10000,12074.089741792597,-2074.089741792597
1419,train,30000,46077.28206152316,-16077.282061523161
4257,train,20000,21770.210309043654,-1770.210309043654
3150,train,12000,17248.95783476041,-5248.957834760411
1521,train,4500,8048.658759971662,-3548.658759971662
3631,train,12000,12911.956211520835,-911.9562115208355
293,train,6500,6575.141475717384,-75.14147571738431
2613,train,95000,49488.76171008108,45511.23828991892
178,train,10500,15009.745509473829,-4509.745509473829
1492,train,70000,65361.475573449105,4638.524426550895
2626,train,8500,6892.322761198759,1607.6772388012414
306,train,20000,16558.399709453264,3441.600290546736
2618,train,8000,8444.756711291668,-444.75671129166767
1472,train,350000,464432.416176529,-114432.41617652902
2163,train,12000,12445.785502881019,-445.78550288101906
1708,train,25000,41136.34931649014,-16136.349316490137
1232,train,80000,137738.70696748927,-57738.70696748927
1411,train,50000,36926.71528721227,13073.284712787732
1861,train,5000,7838.722214208191,-2838.722214208191
1170,train,50000,44547.52959099223,5452.470409007772
708,train,35000,39734.26590433312,-4734.265904333122
2496,train,10000,10678.628281291267,-678.6282812912668
3333,train,12000,13818.498316185347,-1818.498316185347
2516,train,15000,8071.189341598558,6928.810658401442
2924,train,32000,20451.792198982203,11548.207801017797
2936,train,17000,15551.001693489894,1448.998306510106
3211,train,3500,5978.683371698068,-2478.683371698068
722,train,65000,49161.43490663488,15838.56509336512
4663,train,26000,16526.023191895983,9473.976808104017
1510,train,15000,12399.136812281095,2600.8631877189055
1516,train,15000,15176.147508541957,-176.147508541957
4303,train,12000,7745.7432687487,4254.2567312513
2978,train,15000,13897.1388320238,1102.8611679761998
3762,train,22000,24398.642658373665,-2398.6426583736647
1083,train,380000,216748.0974218878,163251.9025781122
4098,train,15000,12474.198706519664,2525.8012934803355
320,train,5000,5819.612435322931,-819.6124353229307
165,train,16500,12362.035621402298,4137.964378597702
2687,train,25000,23033.493870843737,1966.5061291562633
2026,train,10000,10411.134547659149,-411.13454765914867
568,train,16000,28695.99460615452,-12695.99460615452
4294,train,10000,16688.980033624433,-6688.980033624433
3942,train,15000,11881.311365122663,3118.688634877337
2401,train,12000,16919.201895692622,-4919.201895692622
4453,train,45000,35946.52291197428,9053.47708802572
62,train,10000,10692.056058009248,-692.0560580092479
1040,train,330000,209930.5252534015,120069.47474659851
2787,train,25000,50696.17682277245,-25696.176822772453
1699,train,31000,33251.40435374381,-2251.404353743812
2754,train,3500,6765.50723143626,-3265.5072314362596
1410,train,18500,13598.72745570679,4901.27254429321
1236,train,100000,101467.6179382105,-1467.6179382105038
78,train,6500,8760.2830820557,-2260.283082055699
2858,train,6000,11889.042215425783,-5889.042215425783
2368,train,14000,9817.738488321695,4182.261511678305
718,train,60000,49089.63824735029,10910.361752649711
3231,train,8500,9523.523583184993,-1023.5235831849932
1476,train,22000,16325.740901910134,5674.259098089866
1553,train,17000,16338.369055261608,661.6309447383919
1628,train,10000,14096.09527011737,-4096.09527011737
2685,train,13000,8787.175683856964,4212.824316143036
4066,train,57000,51784.733925536195,5215.266074463805
3454,train,8000,6844.288843384902,1155.711156615098
1375,train,69000,111586.84082142351,-42586.84082142351
4255,train,17000,19482.1409292612,-2482.1409292612007
3036,train,12000,14582.375117512629,-2582.375117512629
2746,train,30000,17831.458269689272,12168.541730310728
4206,train,15000,14830.320184372898,169.67981562710156
3031,train,11000,13754.399151884872,-2754.3991518848725
3654,train,9300,8683.517019796529,616.482980203471
110,train,8000,6943.256235768606,1056.7437642313944
3694,train,7500,6117.243710322937,1382.7562896770633
4580,train,13000,8134.568590513822,4865.431409486178
4516,train,11000,8622.705898550377,2377.2941014496228
4538,train,5000,10785.530086781055,-5785.530086781055
685,train,27000,27306.543201216067,-306.54320121606725
1929,train,22000,30535.61535713486,-8535.615357134859
8,train,26000,16474.955965512512,9525.044034487488
4442,train,15500,22448.844839952373,-6948.844839952373
2853,train,10000,8890.936871090917,1109.0631289090834
4511,train,45000,28873.978393511086,16126.021606488914
324,train,16000,21952.75792492024,-5952.757924920239
2635,train,15000,21316.52649759558,-6316.52649759558
2276,train,20000,23256.028378928873,-3256.0283789288733
3794,train,18000,16620.567937377586,1379.4320626224144
1128,train,55000,69400.65133232916,-14400.651332329158
3308,train,26000,32963.445609590184,-6963.445609590184
4551,train,15000,19428.407163810218,-4428.407163810218
2103,train,12000,10979.243347178859,1020.756652821141
3562,train,8000,6463.358923057953,1536.6410769420472
2631,train,22000,19429.105427178307,2570.894572821693
1438,train,66000,114376.62186274597,-48376.621862745975
4149,train,18000,29581.50465013463,-11581.50465013463
1579,train,7000,12684.614225396766,-5684.614225396766
2133,train,6000,7275.607224386451,-1275.607224386451
1364,train,20000,23328.7266488138,-3328.726648813801
3137,train,34500,22291.39096255031,12208.609037449689
2881,train,30000,13683.546580069744,16316.453419930256
1335,train,49500,38972.006493440014,10527.993506559986
1822,train,50000,42365.15439629272,7634.845603707283
636,train,26000,34158.67242373158,-8158.672423731579
4502,train,7000,11372.488717113842,-4372.488717113842
3706,train,12500,15228.561008346158,-2728.561008346158
257,train,8500,13755.84487339363,-5255.844873393629
19,train,6000,7372.452258167753,-1372.452258167753
860,train,90000,79071.4355996287,10928.564400371295
2357,train,12000,8701.774392054505,3298.2256079454946
183,train,11000,8683.618309032126,2316.3816909678735
3077,train,13500,17605.89581774752,-4105.8958177475215
2912,train,11000,15176.728357981498,-4176.7283579814975
1351,train,95000,110475.24671586191,-15475.246715861911
4697,train,4500,4652.804073490233,-152.80407349023335
4256,train,20000,26167.733124511906,-6167.733124511906
1660,train,6500,9553.815151294715,-3053.815151294715
1656,train,63000,109945.72500619596,-46945.725006195964
3180,train,40000,36315.96310797664,3684.0368920233595
4675,train,7000,8163.061201262616,-1163.0612012626161
2303,train,35000,43871.929540221296,-8871.929540221296
3963,train,9000,6938.749636158785,2061.2503638412154
83,train,20000,29173.80750718584,-9173.80750718584
3125,train,150000,51026.04889723852,98973.95110276148
3530,train,11000,12087.17836200301,-1087.1783620030092
142,train,8000,7926.559990659512,73.44000934048836
3831,train,10000,6834.1478629132225,3165.8521370867775
1417,train,190000,111615.35226839995,78384.64773160005
2609,train,30000,28407.479123825673,1592.520876174327
846,train,150000,63644.95430008568,86355.04569991432
3155,train,17000,23253.747331771305,-6253.747331771305
742,train,33000,17394.635830796527,15605.364169203473
1526,train,12500,15714.889592761672,-3214.8895927616722
3386,train,18000,15462.763904603382,2537.236095396618
1673,train,15000,14928.518695560628,71.48130443937225
1166,train,90000,171913.97008054506,-81913.97008054506
1888,train,18000,11399.505620857406,6600.494379142594
3200,train,45000,29532.414821122875,15467.585178877125
2467,train,36000,22403.637041110866,13596.362958889134
1716,train,15000,13063.53197789488,1936.4680221051203
1507,train,13000,14455.606578280078,-1455.6065782800779
4734,train,35000,36608.21480663744,-1608.214806637443
3140,train,22000,14525.474448181774,7474.525551818226
2605,train,31000,37231.202680869595,-6231.2026808695955
2641,train,10000,10537.252924966007,-537.2529249660074
1346,train,38000,45163.67917418559,-7163.679174185592
1645,train,17500,17443.813923934133,56.18607606586738
311,train,9000,7214.66070906496,1785.3392909350396
924,train,62000,45524.645627651065,16475.354372348935
4125,train,17000,18213.284188776488,-1213.284188776488
1062,train,130000,86561.35218901074,43438.64781098926
227,train,3000,4503.348057772576,-1503.3480577725759
966,train,48000,50896.53907660325,-2896.5390766032506
1385,train,190000,157437.41080092313,32562.589199076872
508,train,60000,33645.62607971247,26354.37392028753
2628,train,13000,10476.972876688633,2523.027123311367
2538,train,21000,9217.142687556803,11782.857312443197
605,train,130000,87897.7299847759,42102.2700152241
1903,train,11000,11929.420947506675,-929.4209475066746
4172,train,13000,13248.909939992014,-248.9099399920142
774,train,50000,49148.94773119078,851.0522688092169
3198,train,10000,18223.37095283344,-8223.37095283344
2581,train,18000,11654.8026365737,6345.1973634262995
3480,train,10000,7983.817051910552,2016.1829480894476
6,train,10000,15756.153586114226,-5756.153586114226
692,train,50000,67057.28344014307,-17057.283440143074
2090,train,28000,22451.043152819413,5548.956847180587
1604,train,9000,16959.74216754521,-7959.74216754521
405,train,35000,21844.421319733658,13155.578680266342
2525,train,8000,9978.345806728517,-1978.3458067285173
4184,train,9500,7083.735900220159,2416.2640997798408
3183,train,6500,7607.275951794367,-1107.2759517943668
2098,train,12500,14832.427987102577,-2332.4279871025774
844,train,55000,55355.26440232464,-355.2644023246394
2508,train,15000,20074.450366354864,-5074.450366354864
1709,train,35000,40533.108348000686,-5533.1083480006855
4269,train,10000,10305.283241952857,-305.28324195285677
1871,train,11000,12659.649159036424,-1659.649159036424
4673,train,18000,14586.605695263685,3413.3943047363155
510,train,7000,19203.24111766795,-12203.241117667949
167,train,12000,10235.714545153603,1764.2854548463965
3978,train,6500,6403.958117697466,96.04188230253385
1549,train,110000,103150.32134520946,6849.678654790536
922,train,62000,81695.88115011629,-19695.881150116285
3637,train,13000,14307.398086430076,-1307.3980864300756
1530,train,12000,19507.315343663005,-7507.3153436630055
124,train,10000,9768.915260307585,231.0847396924146
200,train,5500,6252.311947020092,-752.3119470200918
121,train,13000,14225.573891290209,-1225.5738912902088
1228,train,90000,154699.02940633826,-64699.02940633826
2955,train,100000,46045.55900871091,53954.44099128909
1630,train,8000,5884.991301663364,2115.0086983366364
1961,train,8000,8154.051740690973,-154.05174069097302
2736,train,30000,36136.16142721866,-6136.161427218663
1459,train,60000,84781.82159697935,-24781.821596979353
1927,train,17000,14465.89229581685,2534.1077041831504
238,train,8500,8718.15408947073,-218.15408947073047
1285,train,60000,67075.91264606842,-7075.91264606842
4060,train,16000,21788.348591806654,-5788.348591806654
1481,train,140000,83675.15603973715,56324.84396026285
4690,train,11000,11870.7731629754,-870.7731629753998
4588,train,45000,44723.91213725034,276.0878627496568
3499,train,10000,15689.013313026431,-5689.013313026431
2150,train,28000,14935.375924520078,13064.624075479922
3477,train,30000,16748.55614456418,13251.44385543582
445,train,10000,15196.208055267278,-5196.208055267278
3234,train,8500,13089.216448246749,-4589.216448246749
4316,train,14000,18818.248327507587,-4818.2483275075865
97,train,10000,7452.794794581693,2547.205205418307
3391,train,25000,17358.56759592318,7641.432404076819
2584,train,13000,16757.643195776935,-3757.6431957769346
604,train,42000,46691.35400295736,-4691.354002957363
2934,train,18000,10095.563509861757,7904.436490138243
1587,train,15000,14950.762717649095,49.237282350904934
2757,train,23000,12081.506949963921,10918.493050036079
2283,train,6500,6825.718839914672,-325.71883991467166
2287,train,18000,16349.113094678474,1650.8869053215258
4022,train,12000,9211.386774238279,2788.613225761721
553,train,19411,28243.924300231603,-8832.924300231603
1384,train,210000,150436.75004907217,59563.24995092783
2246,train,12000,9426.850426969655,2573.149573030345
3452,train,19000,13764.365499959153,5235.634500040847
3289,train,100000,77076.54566034988,22923.454339650125
4266,train,15000,17315.03491118544,-2315.034911185441
384,train,15000,6979.869286436179,8020.130713563821
482,train,10000,18443.855578279134,-8443.855578279134
3663,train,16000,17522.965095185158,-1522.9650951851581
472,train,10000,11521.918612645657,-1521.918612645657
920,train,15000,30032.883535911787,-15032.883535911787
370,train,8000,12113.141308161768,-4113.141308161768
2648,train,20000,8710.721249627055,11289.278750372945
1390,train,26000,18220.10299464438,7779.897005355619
4036,train,13000,8066.061311386797,4933.938688613203
3254,train,7500,11500.649304825327,-4000.649304825327
4581,train,25000,21600.6743208242,3399.3256791757995
1439,train,45000,28529.204038329477,16470.795961670523
21,train,9000,7776.67717310137,1223.3228268986304
3661,train,16000,12410.69108962437,3589.30891037563
1559,train,15000,15692.841844556518,-692.8418445565185
2927,train,6000,7967.221759916457,-1967.221759916457
1075,train,75000,59964.815295152286,15035.184704847714
1174,train,65000,52423.02405328584,12576.975946714163
3635,train,25000,19046.594557500677,5953.405442499323
211,train,7500,7266.255219382139,233.74478061786067
365,train,12000,6224.200327039151,5775.799672960849
4338,train,9000,10974.367160443933,-1974.3671604439332
3147,train,12000,12993.660400082432,-993.6604000824318
830,train,23000,32561.137742407656,-9561.137742407656
3987,train,18000,24476.056084975033,-6476.056084975033
160,train,9500,9322.893781339699,177.10621866030124
1772,train,3500,5801.484585258021,-2301.484585258021
3189,train,10000,9292.347888155184,707.6521118448163
4306,train,32000,33942.04015918715,-1942.0401591871487
1920,train,7000,8653.350324297351,-1653.350324297351
953,train,40000,29773.64834642763,10226.351653572368
637,train,60000,46602.98717333669,13397.012826663311
3068,train,7500,8068.283871131104,-568.2838711311042
623,train,25000,22043.461249916134,2956.538750083866
1551,train,20000,36375.697925238295,-16375.697925238295
756,train,330000,156377.70950576605,173622.29049423395
668,train,50000,44943.650950624455,5056.349049375545
1361,train,34000,50569.76480854129,-16569.764808541287
1600,train,10000,15044.54243593319,-5044.54243593319
2565,train,18500,19697.058884725564,-1197.058884725564
4542,train,25000,17451.268096106898,7548.731903893102
1525,train,7000,5569.045360017691,1430.9546399823093
2999,train,15000,13817.30272589899,1182.6972741010104
319,train,5000,7200.233752736622,-2200.2337527366217
3882,train,14000,13327.04631759963,672.9536824003699
2451,train,35000,37270.68330894134,-2270.6833089413412
944,train,40000,29153.049627507273,10846.950372492727
4383,train,12000,19516.827328126208,-7516.827328126208
4224,train,10000,12925.4663518903,-2925.4663518903
426,train,6000,7966.52238012316,-1966.5223801231596
4373,train,15000,11643.610888091034,3356.389111908966
1502,train,25000,30969.823507715693,-5969.823507715693
3463,train,50000,70968.95988442643,-20968.959884426426
4301,train,10000,10760.745069995608,-760.745069995608
4467,train,12000,9560.433856471893,2439.566143528107
3139,train,330000,86122.7136702209,243877.2863297791
1825,train,120000,42910.38162172826,77089.61837827174
3325,train,5000,7960.512910628926,-2960.512910628926
386,train,7000,6779.4335723014465,220.56642769855353
2385,train,90000,97505.19830379478,-7505.198303794779
3228,train,9000,8577.075970373548,422.92402962645247
1286,train,19000,17159.204849114154,1840.795150885846
385,train,5000,5651.324493059079,-651.324493059079
3516,train,23000,18022.47135574035,4977.528644259652
4096,train,13000,11457.808726155796,1542.1912738442043
1003,train,140000,97745.16146083076,42254.83853916924
4566,train,50000,44926.16812085178,5073.831879148223
2005,train,14000,15658.548060591247,-1658.5480605912471
4654,train,16000,20450.84077371277,-4450.840773712771
3951,train,8000,6728.239054531177,1271.7609454688227
2805,train,9000,5363.262550768676,3636.737449231324
2418,train,12000,12833.243590733724,-833.243590733724
1269,train,65000,27430.10162719119,37569.898372808806
461,train,34000,11949.042705160762,22050.957294839238
2217,train,11000,16174.328457688112,-5174.328457688112
3471,train,8500,9972.319594821965,-1472.3195948219654
4034,train,4500,4489.782886325331,10.217113674669235
3981,train,4000,5217.169969557685,-1217.1699695576854
640,train,35000,43465.144204376265,-8465.144204376265
559,train,110000,160260.08062072995,-50260.08062072995
3324,train,18000,13377.071024921619,4622.928975078381
3133,train,10000,9630.156032973571,369.8439670264288
3095,train,20000,20477.58597400708,-477.58597400708095
1190,train,35000,17839.827795314228,17160.172204685772
1499,train,13000,19848.292547363024,-6848.292547363024
3716,train,9500,10875.20695102199,-1375.2069510219899
3374,train,15000,20620.634538765422,-5620.634538765422
290,train,10000,13800.40707688309,-3800.4070768830898
3586,train,6500,6881.014068085676,-381.0140680856757
2852,train,18000,11090.018788721065,6909.981211278935
1026,train,65000,50945.728936465086,14054.271063534914
1401,train,22000,48669.467099544185,-26669.467099544185
297,train,5000,6392.103921202489,-1392.103921202489
4407,train,52000,44398.543211758675,7601.456788241325
1300,train,260000,366698.3419096588,-106698.3419096588
1323,train,22000,22313.225474048577,-313.22547404857687
2507,train,52000,24374.42410996806,27625.57589003194
3280,train,47500,42845.75350211855,4654.246497881453
2061,train,9000,7617.244178270696,1382.7558217293044
4005,train,9500,12368.213331494868,-2868.213331494868
3544,train,72000,71420.16283681497,579.8371631850314
411,train,6000,10138.453489251846,-4138.453489251846
2009,train,30000,24382.770242660135,5617.229757339865
2187,train,34000,45489.16416667027,-11489.16416667027
2346,train,30000,28219.646359232695,1780.3536407673055
2709,train,15000,12945.657778162504,2054.3422218374963
3689,train,8500,19481.939905213138,-10981.939905213138
3087,train,30000,24368.628194229528,5631.371805770472
4041,train,8000,6511.344878457503,1488.655121542497
891,train,55000,28049.28212243795,26950.71787756205
3795,train,37000,40988.488929216255,-3988.488929216255
2567,train,11000,8596.498451663096,2403.5015483369043
3517,train,17000,9375.06912986492,7624.93087013508
1234,train,100000,127907.97531134546,-27907.975311345464
224,train,8500,10767.938134802273,-2267.9381348022725
1256,train,28500,28815.89050178483,-315.8905017848301
3559,train,6166,7183.3538615618945,-1017.3538615618945
3523,train,25000,24262.907671526933,737.092328473067
2296,train,14000,21499.730154905224,-7499.7301549052245
2512,train,16000,17915.977454332104,-1915.9774543321037
2863,train,20000,19401.75318253041,598.2468174695896
816,train,45000,43609.30809923939,1390.691900760612
750,train,10000,22535.97049601298,-12535.970496012978
2622,train,10000,15659.377495336026,-5659.377495336026
719,train,20000,21920.84892968805,-1920.8489296880507
9,train,10000,13447.132869212333,-3447.1328692123334
1353,train,34000,39476.09525277214,-5476.095252772138
2582,train,17000,15780.946239424333,1219.0537605756672
2018,train,5000,6031.958547479113,-1031.958547479113
1921,train,13000,17635.26562998659,-4635.2656299865885
254,train,8000,7590.337117290187,409.66288270981295
881,train,34000,51401.81643557792,-17401.816435577923
3075,train,6000,5404.420182107078,595.5798178929217
3687,train,12000,15629.873048726577,-3629.8730487265766
3269,train,28000,20761.350229627846,7238.649770372154
766,train,95000,42500.91377010424,52499.08622989576
2646,train,17401,28701.6152536571,-11300.615253657099
3844,train,18000,19770.976274671193,-1770.976274671193
740,train,33000,22956.064042551836,10043.935957448164
378,train,6500,9278.860908513505,-2778.860908513505
2872,train,12000,13251.515871389904,-1251.5158713899036
2850,train,16500,34656.26572336693,-18156.26572336693
2473,train,12000,10856.645150824614,1143.3548491753863
1497,train,10000,13555.03836962402,-3555.0383696240206
4000,train,32000,19854.89162612615,12145.108373873849
3988,train,14500,11066.667373308072,3433.3326266919285
1698,train,9000,8621.040836097862,378.95916390213824
2255,train,35000,38913.50956108283,-3913.5095610828284
2247,train,30000,23143.491844925484,6856.508155074516
1631,train,12000,15617.452973283986,-3617.4529732839856
1641,train,12000,15392.092212676185,-3392.092212676185
4408,train,9500,12213.152581640828,-2713.1525816408284
3696,train,26000,26932.437502043755,-932.4375020437546
2868,train,28000,17732.861014374776,10267.138985625224
1252,train,180000,147885.75827685086,32114.24172314914
3751,train,15000,13967.505649053714,1032.4943509462864
1451,train,75000,49612.956633909154,25387.043366090846
4050,train,35000,20288.379137577278,14711.620862422722
2314,train,22000,15542.485773868759,6457.514226131241
111,train,6000,7528.823792036116,-1528.8237920361162
2367,train,100000,64177.72373610735,35822.27626389265
4232,train,150000,78424.80989593314,71575.19010406686
670,train,50000,83703.10302655587,-33703.103026555866
317,train,5000,6507.193389961871,-1507.1933899618707
1779,train,20000,11722.459395530303,8277.540604469697
3674,train,40000,42207.91034837285,-2207.910348372847
4672,train,20000,11986.344191957438,8013.655808042562
1648,train,7500,7979.795846237989,-479.7958462379893
338,train,7000,6210.324999249518,789.6750007504816
1296,train,17000,22440.92833067593,-5440.928330675932
218,train,7500,8114.661894794347,-614.6618947943471
4591,train,37000,50529.85821836066,-13529.858218360663
4587,train,40000,45383.67856558883,-5383.678565588831
802,train,30000,20181.471430914513,9818.528569085487
1555,train,6000,7404.180033937319,-1404.1800339373194
4477,train,9000,6264.711706605345,2735.288293394655
673,train,25000,23498.398631349955,1501.6013686500446
3782,train,11000,12101.759775566943,-1101.759775566943
2310,train,35000,24962.719840002992,10037.280159997008
1982,train,20000,14462.481056844754,5537.518943155246
4494,train,25000,25021.657479721824,-21.65747972182362
1469,train,35000,15125.199494345348,19874.800505654654
1592,train,35000,42049.312848842805,-7049.312848842805
1958,train,7000,9662.68950548532,-2662.6895054853194
1176,train,43000,46238.61650067492,-3238.6165006749216
4611,train,7500,6319.963804888768,1180.0361951112318
593,train,30000,20204.936910261844,9795.063089738156
2117,train,60000,44764.21658890728,15235.783411092722
3685,train,13000,13776.167143227203,-776.1671432272033
2571,train,22000,27333.03974339444,-5333.039743394442
3176,train,7500,7121.014134499119,378.9858655008811
309,train,7000,6491.779328587375,508.22067141262505
4608,train,11000,9605.435964999464,1394.564035000536
3259,train,8000,13533.86104820616,-5533.8610482061595
4393,train,10000,13195.647603238927,-3195.6476032389273
1030,train,120000,192230.23286748517,-72230.23286748517
3367,train,6000,6316.367433892811,-316.3674338928113
469,train,9500,8192.46384375409,1307.5361562459093
2299,train,12000,13788.73978819229,-1788.7397881922898
787,train,200000,152552.76116378396,47447.23883621604
2623,train,15000,16577.327660631898,-1577.3276606318977
2819,train,35000,40481.53066565099,-5481.530665650993
3293,train,46000,46290.61322050769,-290.6132205076865
2111,train,32000,42509.74852652423,-10509.748526524229
4562,train,16000,13827.952395736558,2172.047604263442
3389,train,9000,13470.795628706801,-4470.795628706801
1619,train,18000,15667.62555521321,2332.3744447867903
1962,train,52000,52380.358946390625,-380.3589463906246
4179,train,12000,8426.756186703624,3573.243813296376
4131,train,52000,62106.95591245688,-10106.955912456877
2031,train,25000,30123.880557751163,-5123.880557751163
1919,train,12500,8166.3439780964345,4333.6560219035655
4123,train,14000,15189.288555601748,-1189.2885556017482
3028,train,45000,35909.49104212774,9090.508957872262
1705,train,18000,17523.533668968674,476.46633103132626
800,train,35000,32975.38127740271,2024.61872259729
2756,train,19000,11692.739963811948,7307.260036188052
2264,train,6000,7658.0113907114865,-1658.0113907114865
1115,train,24000,26047.316010027134,-2047.3160100271343
3779,train,9000,11201.540935657826,-2201.5409356578257
229,train,18000,9902.21691972207,8097.78308027793
259,train,7000,9783.363286013164,-2783.363286013164
1395,train,180000,85218.81194094458,94781.18805905542
1720,train,11500,14209.836850034726,-2709.836850034726
1186,train,270000,132703.45089727352,137296.54910272648
681,train,150000,149679.58878915283,320.4112108471745
3783,train,140000,67119.46964209367,72880.53035790633
2250,train,6000,7472.560909613224,-1472.5609096132239
904,train,100000,119274.15107931405,-19274.151079314048
3776,train,12000,13675.673360385337,-1675.6733603853372
360,train,5000,4909.556586570983,90.4434134290168
1287,train,140000,94403.02326906956,45596.976730930444
3660,train,10000,10641.147684167465,-641.1476841674648
3113,train,49000,55277.55292672354,-6277.55292672354
2227,train,50000,39099.66676016316,10900.333239836837
4605,train,10000,15039.118897084989,-5039.118897084989
2960,train,5000,10820.854755305083,-5820.854755305083
3622,train,14000,25140.83122126124,-11140.83122126124
2376,train,30000,23394.179709909185,6605.8202900908145
305,train,3000,6530.78240619316,-3530.7824061931597
505,train,2200,5741.521545483862,-3541.5215454838617
3274,train,5000,8712.041423510798,-3712.0414235107983
1112,train,200000,112464.19286790094,87535.80713209906
2799,train,90000,82562.35624797437,7437.6437520256295
214,train,6000,4873.980998216634,1126.0190017833656
3592,train,15000,12634.34190630644,2365.6580936935607
1947,train,15000,13846.447553674076,1153.5524463259244
865,train,75000,98820.21752955286,-23820.217529552858
3524,train,16500,13473.68064403234,3026.31935596766
326,train,8000,9198.072182839895,-1198.0721828398946
3154,train,11000,12694.64991414698,-1694.6499141469794
2788,train,21000,9419.264887570418,11580.735112429582
1111,train,18500,38094.10970414659,-19594.10970414659
4153,train,28000,30749.270824398624,-2749.2708243986235
2657,train,27000,53159.040888312236,-26159.040888312236
834,train,220000,126577.44906548431,93422.55093451569
839,train,65000,33258.48281332672,31741.517186673278
2694,train,15000,24772.074881594708,-9772.074881594708
1836,train,30000,26316.251601463075,3683.7483985369254
3397,train,16000,9128.102606784336,6871.897393215664
328,train,8000,7653.414600679559,346.58539932044096
1376,train,120000,95799.50080855626,24200.49919144374
942,train,5500,19659.499325834113,-14159.499325834113
1223,train,46000,54174.54573590856,-8174.545735908563
3537,train,25000,15644.478268731129,9355.521731268871
1690,train,23000,21311.322452472592,1688.677547527408
2563,train,12000,7858.829291631578,4141.170708368422
1975,train,20000,15287.05254711014,4712.947452889861
2836,train,130000,314215.27711293404,-184215.27711293404
351,train,7000,6185.222553376277,814.7774466237233
4290,train,20000,14881.170462955837,5118.829537044163
2046,train,42500,34786.84421989465,7713.15578010535
4510,train,8000,27002.46661964069,-19002.46661964069
1618,train,8500,8170.780993953342,329.21900604665825
1066,train,30000,15196.346326815648,14803.653673184352
1276,train,23000,22588.95216988875,411.0478301112489
1558,train,8000,6745.414151122543,1254.5858488774566
39,train,10000,5944.529847282238,4055.470152717762
270,train,5500,5197.060733818463,302.9392661815373
2435,train,9500,12832.143177275218,-3332.1431772752185
4635,train,45000,35213.61226634935,9786.387733650648
1035,train,350000,276018.17745283106,73981.82254716894
854,train,32000,31294.848502405028,705.1514975949722
69,train,7500,5691.890847974397,1808.1091520256032
3066,train,8000,14021.757254535643,-6021.757254535643
1838,train,8000,7354.713514544214,645.2864854557856
2795,train,8000,12654.32318370858,-4654.3231837085805
1238,train,84500,92165.6902968143,-7665.690296814297
1599,train,13000,14818.857965771424,-1818.8579657714236
3796,train,18000,13844.997997968332,4155.002002031668
4633,train,16000,12509.61927649989,3490.3807235001095
3225,train,8500,9032.842509801598,-532.8425098015978
991,train,53000,69550.51560453691,-16550.515604536908
1091,train,46000,27897.35977155804,18102.64022844196
3571,train,15000,12646.452995893027,2353.547004106973
2463,train,12500,10097.465050004716,2402.5349499952845
4401,train,32000,22671.33051333424,9328.66948666576
1466,train,90000,50048.760099826,39951.239900174
665,train,350000,474262.31672882696,-124262.31672882696
1288,train,30000,41645.70275993211,-11645.702759932108
3977,train,22000,16174.822387266748,5825.177612733252
1080,train,40000,47216.533570394786,-7216.533570394786
1849,train,6000,5983.299590620196,16.700409379804114
3577,train,23000,14062.71556168782,8937.28443831218
4529,train,42000,50827.271861273475,-8827.271861273475
4300,train,30000,25508.951751744706,4491.048248255294
698,train,140000,118358.97455585009,21641.025444149913
3778,train,35000,38823.33546678477,-3823.335466784767
921,train,260000,288967.0332541202,-28967.033254120208
1674,train,12000,14541.486955297458,-2541.486955297458
2107,train,6500,7137.210228445919,-637.2102284459188
2446,train,70000,39042.72137106299,30957.278628937012
2861,train,13000,14809.470317486508,-1809.470317486508
2459,train,25000,19346.740217539642,5653.259782460358
2008,train,43000,41736.25978446155,1263.740215538448
4476,train,6200,6265.00200369862,-65.00200369861977
3179,train,12000,10559.545706604213,1440.4542933957873
3497,train,20000,18228.50496853948,1771.4950314605194
3533,train,9000,11928.803393423306,-2928.8033934233063
1782,train,15000,15961.742385385687,-961.7423853856872
2118,train,8500,8703.319673330438,-203.31967333043758
1789,train,30000,19539.20519015758,10460.79480984242
215,train,20000,21214.942962827412,-1214.942962827412
2699,train,14000,12238.901868320962,1761.0981316790385
1804,train,16500,12776.54770231449,3723.4522976855096
1386,train,25000,36366.12073424634,-11366.120734246339
859,train,25000,34866.51011829669,-9866.51011829669
3405,train,20000,12542.528564267694,7457.471435732306
582,train,89000,119808.89741464738,-30808.897414647377
4285,train,6500,7434.7689150790975,-934.7689150790975
3565,train,14000,9031.195312216907,4968.804687783093
3798,train,10000,11577.385256264204,-1577.3852562642041
1489,train,35000,18594.697939770682,16405.302060229318
964,train,95000,69480.41423027002,25519.58576972998
1543,train,23000,15527.276245888292,7472.723754111708
4428,train,7000,6237.781440517463,762.2185594825369
2108,train,13500,22860.39138504055,-9360.391385040552
1431,train,85000,109384.6194135219,-24384.619413521898
296,train,10000,13948.003207875834,-3948.003207875834
2164,train,11000,14786.448307189004,-3786.4483071890045
4732,train,15000,14130.158086553567,869.841913446433
1092,train,35000,30735.611638574912,4264.388361425088
2989,train,29000,15737.63938656278,13262.36061343722
1372,train,34000,52890.86061382754,-18890.860613827543
2271,train,6000,8869.12468903341,-2869.1246890334096
2491,train,27000,23548.0942175993,3451.9057824006995
557,train,68000,34255.90494801388,33744.09505198612
849,train,180000,146227.9715711429,33772.0284288571
4208,train,25000,27193.48707402461,-2193.4870740246115
3162,train,8000,10743.6301082393,-2743.6301082393
3,train,10000,9432.85269563201,567.1473043679907
4395,train,10000,16724.135803219513,-6724.135803219513
930,train,150000,105231.27411996252,44768.725880037484
1670,train,15000,23247.852120806343,-8247.852120806343
128,train,4700,5584.234684931636,-884.2346849316364
4564,train,20000,11143.41237856965,8856.58762143035
192,train,10000,19856.732347518137,-9856.732347518137
4221,train,11000,13742.412297814317,-2742.412297814317
3688,train,25000,28663.803800321934,-3663.8038003219335
3359,train,9500,9040.025836191991,459.9741638080086
4180,train,10000,12014.799499964876,-2014.7994999648763
196,train,5200,6092.252024300787,-892.2520243007866
455,train,7000,6605.086513341287,394.9134866587128
3936,train,55000,48258.951726999636,6741.048273000364
2190,train,12000,14497.101044561647,-2497.1010445616466
3365,train,13000,15621.45142526222,-2621.4514252622193
2237,train,35000,51392.36662426202,-16392.366624262017
487,train,6000,10587.41648599119,-4587.416485991191
520,train,25000,29063.38755576493,-4063.38755576493
501,train,14000,22058.0751147128,-8058.075114712799
4495,train,14000,13958.559136733089,41.44086326691104
957,train,16000,19794.796171820803,-3794.7961718208026
2816,train,31500,45298.32108737297,-13798.32108737297
4505,train,8500,11781.763782606844,-3281.763782606844
3429,train,22000,33710.721756489635,-11710.721756489635
1870,train,11000,12989.442620804022,-1989.4426208040222
1812,train,12000,12555.205351514876,-555.2053515148764
682,train,27000,17416.583793630456,9583.416206369544
2629,train,6000,8206.860011157238,-2206.8600111572378
3100,train,9000,10122.264069563029,-1122.264069563029
2692,train,50000,39569.79072546257,10430.209274537432
799,train,70000,55552.11178327761,14447.888216722393
2897,train,9000,16742.59982212635,-7742.599822126351
4018,train,17000,12609.860164087147,4390.1398359128525
3908,train,9000,9386.27792057718,-386.27792057718034
2506,train,35000,16054.878845801768,18945.121154198234
125,train,18000,10516.70449686678,7483.29550313322
1072,train,54500,26826.995330143865,27673.004669856135
2568,train,52000,62431.4431921697,-10431.443192169703
180,train,15000,9436.890161445028,5563.109838554972
1755,train,6000,8971.145730726439,-2971.145730726439
1258,train,270000,260728.4665983429,9271.5334016571
1201,train,35000,17006.065451910723,17993.934548089277
843,train,56000,62817.27154143317,-6817.271541433169
3281,train,7500,14809.750749165149,-7309.750749165149
241,train,9000,9113.787815872856,-113.7878158728563
717,train,8500,17899.74070011829,-9399.740700118291
3127,train,18000,17986.209023435233,13.790976564767334
2212,train,9000,9317.346143768567,-317.34614376856734
4309,train,20000,25921.7999614742,-5921.7999614742
4092,train,11000,13491.524437773554,-2491.5244377735544
619,train,50000,97599.17139397889,-47599.17139397889
3023,train,10000,14642.255964458875,-4642.255964458875
2705,train,17000,10663.121100633989,6336.878899366011
798,train,150000,84112.82033658196,65887.17966341804
749,train,80000,79342.43386761147,657.5661323885288
1130,train,33000,46460.15873033804,-13460.158730338037
1758,train,27500,16964.014209850473,10535.985790149527
2651,train,13000,9239.92236384376,3760.0776361562403
2224,train,6200,6995.75889669843,-795.7588966984304
596,train,47000,45505.595742461686,1494.4042575383137
235,train,15000,9785.838514488503,5214.161485511497
458,train,15000,17309.080433854328,-2309.0804338543276
2011,train,15000,12832.938667051661,2167.0613329483385
318,train,14000,7522.123866518068,6477.876133481932
3683,train,13500,13322.687079017403,177.31292098259655
4461,train,15000,23714.586496030475,-8714.586496030475
22,train,4000,4733.958188046926,-733.9581880469259
4471,train,15000,12663.028281156054,2336.9717188439463
1795,train,7000,8058.8127856517385,-1058.8127856517385
4177,train,12000,13819.152695102272,-1819.1526951022715
4163,train,15000,23196.828672064927,-8196.828672064927
2396,train,10000,11107.645862452991,-1107.6458624529914
4190,train,5500,7214.981230942287,-1714.9812309422869
2939,train,23000,19072.543495323418,3927.456504676582
836,train,35000,40658.64045193777,-5658.640451937768
1686,train,10000,11692.070604545414,-1692.0706045454135
1024,train,9400,18729.90918372206,-9329.909183722059
3328,train,30000,17312.40993945518,12687.590060544819
3486,train,6000,7121.245578686605,-1121.2455786866049
3079,train,15000,23483.829313998223,-8483.829313998223
2867,train,25000,41238.68682735585,-16238.68682735585
1739,train,45000,40239.486368512364,4760.513631487636
4425,train,16000,11346.908799129262,4653.091200870738
3758,train,11500,14943.660083022258,-3443.660083022258
519,train,12000,8580.980441450003,3419.019558549997
291,train,14000,17189.61094956857,-3189.6109495685705
2377,train,14000,17768.83602545417,-3768.8360254541694
1161,train,85000,60971.02905631981,24028.970943680193
4211,train,3000,5300.648944316182,-2300.6489443161818
693,train,55000,55029.16046792083,-29.16046792083216
1572,train,180000,79592.3257929965,100407.6742070035
4569,train,25000,23053.652656213475,1946.347343786525
1582,train,15000,16005.51146336972,-1005.5114633697194
2291,train,22000,22154.27821745586,-154.2782174558597
2869,train,22000,17736.429382439965,4263.570617560035
1250,train,13000,19764.284774700885,-6764.2847747008855
538,train,33500,43723.858523381794,-10223.858523381794
841,train,280000,336070.8309960648,-56070.83099606482
1635,train,11000,12009.199186680376,-1009.1991866803764
1162,train,110000,102002.70847058884,7997.291529411159
3221,train,65000,49138.986429310724,15861.013570689276
1032,train,130000,108975.85567515128,21024.14432484872
2919,train,30000,23420.23914946671,6579.76085053329
1767,train,9000,6285.306969185229,2714.693030814771
464,train,7000,9175.41037075081,-2175.4103707508093
3765,train,14000,14891.207845444771,-891.207845444771
2322,train,15000,11463.843131562226,3536.1568684377744
4086,train,20000,21572.167364166588,-1572.1673641665875
3247,train,9000,13087.98925217597,-4087.9892521759703
3924,train,24000,26184.549855366266,-2184.5498553662655
4439,train,20000,11604.495046919115,8395.504953080885
3012,train,7000,6539.299528582241,460.7004714177592
3466,train,10000,11764.676606721503,-1764.676606721503
591,train,45000,44448.13642823715,551.8635717628495
2987,train,12000,13534.717788188666,-1534.7177881886655
470,train,1800,5815.9274064869705,-4015.9274064869705
1440,train,22000,16075.370150496708,5924.629849503292
840,train,45000,34583.952500180494,10416.047499819506
3518,train,8500,14498.62722390126,-5998.62722390126
2918,train,24000,31464.080888544002,-7464.080888544002
488,train,18000,10043.91367670638,7956.086323293621
3016,train,4500,5516.13242080695,-1016.13242080695
3442,train,9500,13004.486667770958,-3504.486667770958
3997,train,13000,16422.074361818108,-3422.0743618181077
4458,train,13000,13084.168227547243,-84.16822754724308
2724,train,5000,8522.270312600946,-3522.2703126009455
1103,train,70000,84779.51591033736,-14779.515910337359
4001,train,15000,12543.403112197917,2456.596887802083
3940,train,7000,12715.780683829087,-5715.780683829087
795,train,18500,31051.85267986963,-12551.85267986963
4288,train,3300,4193.723679683908,-893.7236796839079
704,train,40000,40523.33938278963,-523.3393827896289
4347,train,7500,7408.734326139999,91.26567386000079
3790,train,70000,16819.57666858847,53180.423331411526
3676,train,18000,12919.476486366526,5080.523513633474
1319,train,12000,16931.387463654948,-4931.387463654948
2270,train,60000,43342.14749342291,16657.85250657709
3786,train,250000,130979.53008820231,119020.46991179769
1291,train,85000,78714.7459537581,6285.254046241898
1414,train,85000,55792.188167031294,29207.811832968706
2139,train,7500,7618.543006620622,-118.54300662062178
3119,train,11000,15735.647474526431,-4735.647474526431
1965,train,22000,29290.790069235005,-7290.790069235005
4725,train,18000,21717.364969561808,-3717.364969561808
2173,train,12000,14586.73486076972,-2586.7348607697204
558,train,30000,23083.153889717647,6916.846110282353
1845,train,13000,14281.842393044417,-1281.842393044417
1634,train,8000,6993.173442016168,1006.8265579838317
431,train,23000,12867.141326820796,10132.858673179204
2439,train,30000,13747.318194032016,16252.681805967984
3543,train,12000,10733.057996553156,1266.942003446844
349,train,6000,10005.381646621721,-4005.3816466217213
53,train,15000,11025.070648438077,3974.929351561923
3632,train,10000,13491.933299198028,-3491.933299198028
50,train,7500,6418.5885412292355,1081.4114587707645
4412,train,9000,6531.749847605258,2468.250152394742
3284,train,7000,11563.374650344807,-4563.374650344807
2905,train,12100,18443.170985133802,-6343.170985133802
1418,train,20000,19000.595400486647,999.4045995133529
2157,train,12000,11053.56786904075,946.4321309592506
1302,train,45000,54477.84310593775,-9477.843105937747
1859,train,50000,50377.867126107376,-377.86712610737595
3539,train,14000,21035.910840050707,-7035.910840050707
1993,train,30000,36381.05734730379,-6381.0573473037875
28,train,8500,7983.027101457197,516.9728985428028
2092,train,9000,10739.963845328442,-1739.9638453284424
3243,train,25000,37913.89635263248,-12913.89635263248
3682,train,9500,8575.715481759342,924.2845182406581
3453,train,37500,33754.2441106193,3745.7558893807
1260,train,26000,27928.06700582512,-1928.0670058251198
1424,train,22000,19746.827031643224,2253.1729683567755
3440,train,14000,13745.39307728351,254.60692271648986
1933,train,8000,8869.114551104194,-869.1145511041941
204,train,5000,6165.2770643327585,-1165.2770643327585
3010,train,20000,45347.38590156404,-25347.38590156404
4540,train,7000,5172.617776565732,1827.3822234342679
2803,train,4000,8386.764722931142,-4386.764722931142
3854,train,26000,14918.948322245196,11081.051677754804
1301,train,32000,31592.450559694855,407.54944030514525
4160,train,14000,9658.637091363376,4341.362908636624
1237,train,79500,45503.19432842855,33996.80567157145
3057,train,6000,11185.45634285543,-5185.45634285543
1792,train,20000,16577.70112446689,3422.29887553311
977,train,23000,28300.210345817013,-5300.210345817013
2216,train,11000,9737.271154043756,1262.7288459562442
2913,train,40000,58139.21413032013,-18139.214130320128
1437,train,75000,95483.42696174943,-20483.42696174943
2693,train,20000,13842.702478425783,6157.297521574217
4679,train,20000,18062.161625366793,1937.8383746332074
1639,train,8000,9178.503646039524,-1178.503646039524
3449,train,15000,13118.270662012199,1881.729337987801
542,train,400000,516797.36625006876,-116797.36625006876
1362,train,170000,98700.56937047912,71299.43062952088
2415,train,80000,41751.67466251304,38248.32533748696
3002,train,15000,13067.755402714763,1932.2445972852365
2404,train,14900,12207.152254232207,2692.8477457677927
4664,train,8000,16018.908392017212,-8018.9083920172125
2259,train,30000,28746.06560535706,1253.9343946429399
2901,train,23000,31717.980122361754,-8717.980122361754
2497,train,7000,9035.123257706337,-2035.1232577063365
1330,train,16000,11079.22502674341,4920.77497325659
2993,train,14000,14731.32190846382,-731.3219084638204
3712,train,23000,22910.989891683945,89.01010831605527
3756,train,16000,13071.523253191199,2928.476746808801
2238,train,9000,10933.499187380194,-1933.4991873801937
330,train,3800,6892.637537908956,-3092.637537908956
1067,train,45000,70327.16479698442,-25327.16479698442
1127,train,43000,43176.20807356957,-176.20807356957084
3834,train,40000,29823.73065210645,10176.26934789355
3343,train,18000,17867.624405709583,132.3755942904172
630,train,310000,212078.57019084258,97921.42980915742
713,train,35000,45789.728369177195,-10789.728369177195
2747,train,9500,9556.15755598415,-56.15755598414944
2094,train,20000,15164.51165272569,4835.4883472743095
268,train,6500,9636.68751495363,-3136.68751495363
3928,train,27000,27721.463112341247,-721.4631123412473
2535,train,16000,8821.035842925032,7178.964157074968
2105,train,6000,14254.878581667812,-8254.878581667812
3851,train,27500,30645.07280329044,-3145.072803290441
1617,train,12000,14038.772574835713,-2038.7725748357134
2895,train,150000,28506.940811807694,121493.0591881923
265,train,40000,28675.660917953985,11324.339082046015
4120,train,80000,67598.78448430327,12401.215515696735
2533,train,28500,27344.11838433139,1155.8816156686116
4250,train,15000,14254.863814206938,745.1361857930624
2249,train,21000,25930.116472378613,-4930.116472378613
3419,train,10500,13418.7399068248,-2918.7399068247996
506,train,3300,3742.961135469966,-442.96113546996594
2994,train,6000,8540.420082957402,-2540.420082957402
4426,train,14000,11169.23203519397,2830.7679648060293
1345,train,90000,103211.6271884919,-13211.627188491897
1485,train,280000,312039.06801306654,-32039.068013066542
1796,train,10000,17133.91695289842,-7133.91695289842
233,train,21000,9144.373266182358,11855.626733817642
622,train,220000,200034.742028414,19965.25797158599
1074,train,67000,91084.32062653801,-24084.320626538014
2821,train,20000,8740.326700265221,11259.673299734779
2601,train,30000,30507.751523862484,-507.75152386248374
1976,train,9000,10731.880691799275,-1731.8806917992752
4689,train,53000,53564.537277902964,-564.537277902964
3223,train,15000,15908.4918117098,-908.4918117098005
220,train,3000,3961.3542721916615,-961.3542721916615
4729,train,17000,18848.500912497675,-1848.500912497675
1294,train,36000,34281.66649595216,1718.3335040478414
3840,train,13000,14199.24103975795,-1199.2410397579497
428,train,5500,5890.711755751135,-390.71175575113466
429,train,8500,12158.520554018945,-3658.5205540189454
1590,train,9000,10734.063514678546,-1734.0635146785462
2460,train,13000,14158.66903673631,-1158.6690367363099
2191,train,8000,7190.491185434524,809.5088145654763
872,train,130000,132261.99973836876,-2261.9997383687587
107,train,8000,8789.162750620726,-789.162750620726
2234,train,6000,8976.418444531115,-2976.418444531115
613,train,30000,16202.463475929993,13797.536524070007
1760,train,10000,15259.720191917866,-5259.720191917866
4649,train,6000,6679.754534434918,-679.7545344349182
4366,train,10000,12919.161448698578,-2919.161448698578
1340,train,400000,345508.5170423645,54491.48295763548
4715,train,15000,10812.887265211073,4187.112734788927
1211,train,30000,31493.06188292698,-1493.0618829269806
2132,train,8000,7794.819282847822,205.18071715217775
1168,train,150000,193947.2411144072,-43947.241114407196
861,train,95000,62242.90865258536,32757.091347414636
1567,train,14500,13590.186845825576,909.8131541744242
2667,train,11000,11231.890045792756,-231.8900457927557
689,train,48000,46147.41084793091,1852.589152069093
2690,train,9000,13702.429339332355,-4702.429339332355
2165,train,15000,12684.466093421888,2315.533906578112
348,train,20000,20529.8903627175,-529.8903627174986
2413,train,7500,10812.530655751321,-3312.5306557513213
4280,train,10000,6940.21388239843,3059.7861176015704
3329,train,9000,10859.129263201348,-1859.1292632013483
3551,train,25000,27488.46519992929,-2488.465199929291
2054,train,15000,13188.517654007888,1811.4823459921117
3298,train,23999,18227.11848397582,5771.881516024179
3029,train,35000,33798.10824755167,1201.8917524483331
494,train,12000,11898.664846688267,101.33515331173294
2558,train,10000,13515.333012075665,-3515.3330120756655
4361,train,53000,35502.55635989838,17497.44364010162
3519,train,10000,13886.63154271975,-3886.6315427197496
2429,train,55000,63479.15296018924,-8479.15296018924
2168,train,42000,27765.433174192156,14234.566825807844
4030,train,19800,12372.212284549621,7427.7877154503785
1561,train,10000,8664.386266703508,1335.6137332964918
4415,train,9000,10765.88208133234,-1765.88208133234
3907,train,8000,14198.628431453008,-6198.628431453008
3970,train,12000,12050.086791256688,-50.08679125668823
2148,train,18000,14104.77937695149,3895.22062304851
3953,train,65000,32955.526728901146,32044.473271098854
2166,train,5500,9030.502933879776,-3530.502933879776
720,train,38000,28265.671922619043,9734.328077380957
863,train,18500,20537.822524230127,-2037.8225242301269
399,train,5000,6484.629513691323,-1484.6295136913232
2214,train,10000,8907.39602720019,1092.6039727998104
3594,train,7000,6619.768687973624,380.23131202637614
2430,train,20000,21116.26646560753,-1116.2664656075285
3771,train,13000,15082.542497092772,-2082.5424970927725
2112,train,42000,42206.202862388614,-206.20286238861445
3734,train,15000,24491.877239924277,-9491.877239924277
4176,train,200000,91991.36451965458,108008.63548034542
2428,train,15500,16303.076645194511,-803.076645194511
925,train,400000,221408.27487909526,178591.72512090474
2950,train,6000,11547.16944459232,-5547.16944459232
109,train,6000,6344.935279149044,-344.9352791490437
2719,train,25000,13588.57535192965,11411.42464807035
4386,train,25000,18344.739116498466,6655.260883501534
2644,train,7000,7616.634563670197,-616.6345636701972
3398,train,18000,17337.660963187467,662.3390368125329
4563,train,12000,14437.727861174102,-2437.727861174102
4296,train,8000,7367.690945300337,632.3090546996627
1511,train,15000,21330.344160267825,-6330.344160267825
4195,train,24000,25672.534692494082,-1672.5346924940823
3784,train,12000,8121.2983344042295,3878.7016655957705
4634,train,16000,11442.256137476572,4557.743862523428
2723,train,6000,7870.4315544600395,-1870.4315544600395
1940,train,8000,7469.662623183783,530.3373768162173
1494,train,13000,12503.264361588988,496.7356384110117
4557,train,23000,22597.41589862057,402.58410137943065
2194,train,32000,41351.37565727602,-9351.375657276018
1500,train,7500,7310.493818826122,189.50618117387785
2921,train,10000,12484.059701058854,-2484.0597010588535
2948,train,30000,29396.895057446673,603.1049425533274
2465,train,15500,25697.240343881786,-10197.240343881786
2488,train,9000,7729.735722932008,1270.2642770679922
86,train,7000,12242.099712100591,-5242.099712100591
1659,train,14500,11565.689543091898,2934.3104569081024
2457,train,7500,15299.65603265476,-7799.656032654761
3196,train,11000,13620.25895666388,-2620.25895666388
1676,train,150000,87719.36810650562,62280.631893494385
4308,train,17000,15209.195351050732,1790.804648949268
1148,train,240000,221085.42971402372,18914.570285976282
3437,train,7000,7625.160867415183,-625.160867415183
3785,train,13000,12149.414712332236,850.5852876677636
1934,train,9500,9015.449999102531,484.55000089746864
1135,train,40000,25746.984071670904,14253.015928329096
2808,train,12500,18299.168334538364,-5799.168334538364
3607,train,30000,15046.71369426675,14953.28630573325
561,train,20000,22859.266961272464,-2859.266961272464
3481,train,13000,14885.013030979313,-1885.013030979313
4148,train,20000,21708.11807481235,-1708.1180748123516
826,train,1000000,197296.17222744515,802703.8277725548
949,train,180000,107270.11013601365,72729.88986398635
898,train,60000,80769.88479653191,-20769.884796531915
3511,train,65000,62201.371211423866,2798.628788576134
80,train,14500,15732.77388106725,-1232.7738810672508
453,train,7000,9190.427124415894,-2190.4271244158936
2560,train,12000,17868.36748370279,-5868.36748370279
1396,train,30000,26846.53276734144,3153.4672326585605
3250,train,14000,20786.545574033957,-6786.545574033957
570,train,45000,63350.47735100655,-18350.47735100655
1606,train,37000,26084.386298776655,10915.613701223345
1399,train,70000,76986.24743003557,-6986.247430035568
1523,train,5500,6630.897737529355,-1130.8977375293553
4281,train,10000,11978.044001459853,-1978.0440014598535
240,train,8500,7415.669197625103,1084.3308023748968
451,train,5146,7101.454236783324,-1955.4542367833237
1311,train,50000,51045.33328297259,-1045.3332829725914
258,train,22000,16336.415645974488,5663.584354025512
3138,train,8000,7637.828030576887,362.1719694231133
102,train,21000,11273.943720580623,9726.056279419377
794,train,150000,166025.167732998,-16025.167732998001
3575,train,60000,115451.82242467476,-55451.822424674756
1528,train,18000,17231.127754012246,768.8722459877536
4596,train,6000,6652.608029828578,-652.6080298285779
818,train,50000,73813.25457729443,-23813.25457729443
2781,train,18000,18656.458537873164,-656.4585378731645
1088,train,50000,49193.41782623822,806.5821737617807
219,train,6500,8365.326610712964,-1865.3266107129639
245,train,7000,10708.202274663998,-3708.2022746639977
210,train,13000,11994.942902365567,1005.0570976344334
4371,train,40000,42252.309480730735,-2252.3094807307352
706,train,20000,31895.696960289133,-11895.696960289133
874,train,250000,220607.11623918702,29392.883760812983
2120,train,8500,8460.710614219284,39.28938578071575
1873,train,120000,83079.1234694087,36920.8765305913
337,train,7000,11161.625171280382,-4161.625171280382
1948,train,14000,13144.354727309164,855.6452726908356
1951,train,12000,8420.288107224444,3579.7118927755564
1134,train,36000,28478.92612785072,7521.073872149282
1563,train,11000,7551.792721624489,3448.207278375511
2909,train,42000,55570.41061440857,-13570.410614408567
44,train,6000,7052.698460697813,-1052.698460697813
2892,train,20000,28826.103041457704,-8826.103041457704
1622,train,17000,20011.398547954825,-3011.3985479548246
4313,train,17000,11778.64481226868,5221.35518773132
3444,train,120000,64121.43152967374,55878.56847032626
697,train,43000,47551.841591842225,-4551.841591842225
298,train,9000,7353.523782071215,1646.4762179287854
4233,train,16000,13493.67139450434,2506.3286054956607
1054,train,100000,114303.01542249833,-14303.015422498327
2406,train,10000,20513.939404862886,-10513.939404862886
2725,train,20000,14606.432990614745,5393.567009385255
4470,train,20000,50580.77037681995,-30580.77037681995
129,train,4700,6363.119195228297,-1663.119195228297
4292,train,20000,17741.33502508592,2258.6649749140815
4736,val,15000,13476.607522079134,1523.3924779208664
1052,val,130000,87540.77218164084,42459.227818359155
2600,val,40000,64105.4561964292,-24105.4561964292
2818,val,60000,34523.83888598186,25476.16111401814
2820,val,55000,48337.755044339894,6662.244955660106
1037,val,55000,69217.28956392205,-14217.289563922051
2610,val,42000,87860.4420257152,-45860.442025715194
1382,val,80000,68391.27060832121,11608.72939167879
2755,val,65000,52853.739598048436,12146.260401951564
2674,val,35000,42470.75594240865,-7470.75594240865
1397,val,100000,184301.14074852577,-84301.14074852577
2206,val,21000,32220.36894128982,-11220.36894128982
1980,val,12000,8333.694731680496,3666.3052683195037
4277,val,22000,24972.12627566853,-2972.1262756685283
4121,val,7500,5560.238365116413,1939.7616348835872
2033,val,30000,18326.953090316376,11673.046909683624
1446,val,22000,27537.539799717022,-5537.539799717022
3807,val,23000,15114.80737544576,7885.19262455424
2045,val,19000,12580.266537188247,6419.733462811753
4571,val,12000,14266.861430224279,-2266.8614302242786
1574,val,12000,13609.066194400728,-1609.066194400728
4681,val,9000,11816.911262537094,-2816.9112625370944
2335,val,22000,25225.513329818015,-3225.5133298180153
1817,val,19000,17524.432884090398,1475.5671159096019
2553,val,15000,9658.544826522624,5341.455173477376
3498,val,16000,14000.195231570755,1999.804768429245
2864,val,5500,8704.687203124884,-3204.687203124884
3777,val,17000,15564.684997762522,1435.3150022374775
4599,val,16000,20187.222928971725,-4187.222928971725
2502,val,11000,20887.933699034522,-9887.933699034522
765,val,140000,109622.90978387385,30377.090216126147
3974,val,12000,20367.100087067327,-8367.100087067327
1503,val,10500,13075.60390147876,-2575.6039014787602
1876,val,5000,5524.238098560389,-524.2380985603886
1886,val,6000,8186.529805954055,-2186.5298059540546
866,val,100000,107300.80799726468,-7300.807997264681
862,val,30000,17513.81518511076,12486.184814889239
347,val,8500,7141.9156262959,1358.0843737040996
1271,val,98000,68659.45019370012,29340.54980629988
1129,val,35000,37302.8609451836,-2302.860945183602
2738,val,8500,10972.009630025375,-2472.0096300253754
1197,val,55000,25475.09407864143,29524.90592135857
3181,val,5000,5782.471573498564,-782.4715734985639
768,val,45000,43744.614900664776,1255.3850993352244
1025,val,100000,85567.3720989257,14432.627901074302
4556,val,11000,14641.042245512423,-3641.0422455124226
2453,val,6000,10742.458201581025,-4742.458201581025
1,val,20000,9864.556504491697,10135.443495508303
2843,val,28000,25119.57881423831,2880.42118576169
1281,val,95000,46984.899280989,48015.100719011
4377,val,20000,23194.921245794892,-3194.9212457948925
1904,val,65000,38486.00598923709,26513.994010762908
3263,val,25000,15698.12017933919,9301.87982066081
2965,val,85000,42047.389303330194,42952.610696669806
4414,val,39000,26963.586532187976,12036.413467812024
209,val,8000,8079.879800422603,-79.87980042260278
1147,val,8000,36903.361961249546,-28903.361961249546
3385,val,5700,5909.223717717882,-209.2237177178822
3839,val,27000,37923.01956084118,-10923.019560841181
4143,val,60000,45971.99994372064,14028.000056279358
2926,val,5500,9174.552951461279,-3674.552951461279
3195,val,12000,12620.160840978642,-620.1608409786422
2597,val,10000,12654.51522770828,-2654.51522770828
2302,val,60000,47720.02580199361,12279.974198006392
4469,val,16000,13584.773025624043,2415.226974375957
638,val,190000,134311.78195802993,55688.218041970074
4489,val,15000,16752.27563173045,-1752.2756317304484
3213,val,8000,6137.728337892085,1862.2716621079153
3495,val,70000,68126.82800316352,1873.1719968364778
285,val,25000,19824.287263050952,5175.712736949048
4667,val,15000,13885.873074626157,1114.1269253738428
3725,val,11000,8496.052512286627,2503.9474877133725
3846,val,14000,14429.809537560894,-429.80953756089366
3331,val,30000,18027.129399885354,11972.870600114646
2220,val,6500,8064.140608363249,-1564.1406083632492
4622,val,13000,16409.275523746695,-3409.2755237466954
667,val,25000,14662.831207655041,10337.168792344959
1773,val,16000,21781.73354390011,-5781.733543900111
744,val,300000,104080.77946710476,195919.22053289524
3849,val,15000,10965.051179288677,4034.9488207113227
4514,val,70000,55552.17607804686,14447.823921953139
2023,val,16000,15728.531575428147,271.46842457185267
1732,val,10000,14351.064801357636,-4351.064801357636
2277,val,8000,7861.330265952924,138.66973404707642
1801,val,18000,10582.96992433795,7417.030075662051
3715,val,17000,18829.43880349654,-1829.4388034965414
4134,val,25000,24809.618326949458,190.3816730505423
3500,val,100000,50535.25523255114,49464.74476744886
3326,val,12000,14303.056337669412,-2303.0563376694117
3583,val,10000,11843.369072279385,-1843.3690722793854
3370,val,7500,12176.14956773297,-4676.149567732969
2142,val,30000,38421.97605558612,-8421.976055586121
433,val,8500,9269.663899814468,-769.6638998144681
634,val,150000,91242.85965552357,58757.14034447643
2239,val,8000,6738.85805616013,1261.1419438398698
3413,val,30000,39688.490590532965,-9688.490590532965
262,val,15000,10673.825990411939,4326.174009588061
2007,val,14000,15791.087384400955,-1791.0873844009548
733,val,25000,28239.485690122852,-3239.4856901228522
2069,val,13000,13435.378781306828,-435.3787813068284
3960,val,30000,37071.67277339427,-7071.672773394268
814,val,100000,94606.26505734063,5393.734942659372
4706,val,12000,11542.116756242138,457.88324375786215
1077,val,98000,179057.35406419967,-81057.35406419967
975,val,100000,36484.641674192666,63515.358325807334
4335,val,30000,28209.048192449296,1790.951807550704
146,val,2200,10714.123384823455,-8514.123384823455
2021,val,35000,32977.25115459052,2022.7488454094782
1895,val,6500,8136.134633407605,-1636.1346334076052
3218,val,18000,14732.610468339344,3267.389531660656
2195,val,14500,11305.395141097482,3194.6048589025177
4312,val,7000,13141.30808769404,-6141.30808769404
2923,val,280000,117754.90940862491,162245.09059137508
64,val,3500,4428.723301623996,-928.7233016239961
4118,val,17000,18139.707384919016,-1139.7073849190165
1131,val,47000,54665.3979094586,-7665.397909458603
1196,val,120000,154350.6925900783,-34350.69259007831
336,val,7200,7180.299235889273,19.700764110726595
1815,val,12000,11201.832977175918,798.1670228240819
4582,val,37000,44631.08855341137,-7631.0885534113695
2887,val,10000,12155.473272381214,-2155.473272381214
2154,val,9000,8713.71358122878,286.28641877122027
3944,val,45000,39228.36620000502,5771.633799994983
1290,val,80000,47799.70890490978,32200.291095090222
747,val,35000,41114.38223967235,-6114.382239672348
2449,val,9000,8786.585829436208,213.41417056379214
221,val,5200,8990.215401281972,-3790.215401281972
3102,val,55000,64133.0028499492,-9133.002849949196
2079,val,14000,13284.953010744914,715.0469892550864
1049,val,40000,42205.94401548189,-2205.9440154818876
1051,val,95000,56289.01255435202,38710.98744564798
4014,val,16000,12720.170046339079,3279.829953660921
2860,val,250000,65846.95694871894,184153.04305128107
1433,val,7500,34112.05676341981,-26612.05676341981
4421,val,8000,12115.71855118997,-4115.71855118997
3009,val,15000,14997.905260447411,2.0947395525890897
4728,val,15000,21279.075306704835,-6279.075306704835
3305,val,14000,15199.220941110221,-1199.2209411102212
2057,val,9500,7538.508660243658,1961.4913397563423
992,val,140000,201585.483420787,-61585.483420787
994,val,65000,83027.72495707778,-18027.72495707778
4536,val,38000,21181.38339641707,16818.61660358293
1216,val,43000,66619.90452720958,-23619.904527209583
1277,val,55000,55708.47233428882,-708.4723342888174
2052,val,15000,15381.998581038923,-381.99858103892257
3991,val,18000,8781.466799305186,9218.533200694814
3169,val,10000,12737.393194637407,-2737.393194637407
965,val,68000,96825.18105249769,-28825.18105249769
2182,val,190000,80455.06705983654,109544.93294016346
99,val,15000,18239.360706155374,-3239.360706155374
2970,val,24000,26057.453320922355,-2057.4533209223555
226,val,7000,6780.859145622573,219.14085437742688
74,val,40000,14405.379739665304,25594.620260334697
752,val,57000,61635.31250460676,-4635.312504606758
4670,val,17000,18757.949232483723,-1757.9492324837229
3126,val,25000,15750.853639556013,9249.146360443987
1299,val,140000,264708.6011536318,-124708.60115363181
3448,val,120000,88295.67673683786,31704.323263162136
3193,val,15000,12650.549167685569,2349.450832314431
4650,val,32000,24686.308302024136,7313.691697975864
3573,val,7500,6356.148490691378,1143.8515093086216
2326,val,11000,12288.397353725837,-1288.397353725837
1988,val,13000,11948.833916284828,1051.1660837151721
791,val,600000,310459.2244070126,289540.7755929874
3039,val,40000,43928.87241554259,-3928.872415542588
170,val,5000,3965.9841350359957,1034.0158649640043
3866,val,50000,48251.25761021535,1748.742389784653
2846,val,27000,40355.07535514623,-13355.075355146233
3982,val,12000,12391.23108980402,-391.2310898040196
2758,val,12000,13286.89385263964,-1286.8938526396396
2712,val,7500,9481.08245591023,-1981.0824559102293
3925,val,15000,11376.19494650278,3623.805053497221
3130,val,15000,16107.530598685566,-1107.5305986855656
2588,val,4000,6868.473383367516,-2868.4733833675164
906,val,4500,15755.579874795927,-11255.579874795927
4234,val,6000,4147.593525171092,1852.4064748289084
890,val,80000,65036.09339000999,14963.906609990008
1482,val,40000,30456.65600274867,9543.34399725133
535,val,30000,35642.50714737215,-5642.507147372147
1329,val,50000,30062.450391500806,19937.549608499194
2444,val,12000,7718.654234030188,4281.345765969812
1442,val,55000,68850.00793610555,-13850.007936105554
1943,val,5000,7990.784056927384,-2990.784056927384
4151,val,12000,8066.38063785703,3933.61936214297
2902,val,30000,73754.61081227675,-43754.61081227675
2943,val,27000,24060.043813639077,2939.9561863609233
271,val,9000,18532.629580570072,-9532.629580570072
1527,val,10000,13487.131986966446,-3487.1319869664458
2373,val,8000,13341.843546965343,-5341.843546965343
3474,val,12000,11162.049705883774,837.9502941162264
4189,val,13900,7785.71544403113,6114.28455596887
4567,val,23000,19812.82387558212,3187.1761244178815
1892,val,7500,6303.525944199429,1196.4740558005706
3291,val,10000,8329.294585693457,1670.7054143065434
3864,val,28000,34852.53646176878,-6852.536461768781
858,val,160000,120826.33974702336,39173.66025297664
3353,val,20000,26602.258242986234,-6602.258242986234
1715,val,21000,15026.485059893354,5973.5149401066465
3445,val,20000,18892.514153131695,1107.485846868305
3932,val,25000,29903.532907279394,-4903.532907279394
2040,val,16000,13671.66164019918,2328.3383598008204
663,val,50000,42731.20952136753,7268.7904786324725
4192,val,4700,10376.426871102183,-5676.426871102183
3202,val,12000,12691.127861912122,-691.1278619121222
1266,val,85000,42549.2368429681,42450.7631570319
217,val,30000,30025.157510923324,-25.15751092332357
1978,val,27500,20375.877824942287,7124.122175057713
2749,val,30000,32270.317442094045,-2270.317442094045
3609,val,14000,17509.00833941233,-3509.0083394123285
1473,val,45000,48871.69449033963,-3871.694490339629
2059,val,9000,13497.632664391213,-4497.6326643912125
4539,val,25000,11033.378001309691,13966.621998690309
653,val,13500,25873.398130902133,-12373.398130902133
2048,val,18000,17396.316199416797,603.6838005832033
42,val,5000,6078.395389547194,-1078.395389547194
4454,val,15000,13310.84047918951,1689.15952081049
1989,val,11000,10233.15608068772,766.8439193122795
2671,val,20500,29200.696502901246,-8700.696502901246
580,val,13000,18618.776885507377,-5618.776885507377
2792,val,7000,10556.904018889823,-3556.9040188898234
916,val,90000,47482.446360629685,42517.553639370315
3789,val,36000,37695.20072338194,-1695.2007233819386
410,val,6500,9139.316612960765,-2639.3166129607653
2089,val,30000,43501.31725182485,-13501.317251824847
3735,val,28000,13689.121748128951,14310.878251871049
201,val,10000,6406.208189489183,3593.7918105108174
2546,val,12000,9439.415322451048,2560.5846775489517
2084,val,12000,15590.975472647464,-3590.975472647464
1710,val,7000,6786.620866466513,213.37913353348722
4079,val,27000,26189.254390816295,810.7456091837048
4488,val,25000,24403.6002256118,596.3997743881991
3035,val,10000,10283.477670118928,-283.47767011892756
3920,val,27000,17353.99164401842,9646.00835598158
3277,val,25000,28382.94787729331,-3382.9478772933107
3949,val,35000,37760.67552994237,-2760.6755299423676
2656,val,5000,9110.837363577128,-4110.837363577128
1941,val,22000,8766.938912176764,13233.061087823236
2383,val,18500,16086.686729739939,2413.3132702600615
2423,val,8500,6594.909361026979,1905.0906389730208
4653,val,12000,6956.641630333435,5043.358369666565
3962,val,25000,27489.480446601778,-2489.4804466017777
565,val,44000,53532.08754855081,-9532.087548550808
3248,val,14000,17802.17967182671,-3802.1796718267105
1428,val,31000,30688.166543053478,311.83345694652235
1193,val,250000,118063.2712652684,131936.72873473162
2448,val,35000,46863.4965773164,-11863.4965773164
1512,val,7000,8278.996732882197,-1278.9967328821967
2841,val,10000,9631.64524826956,368.3547517304396
3400,val,7500,11485.781208112665,-3985.781208112665
395,val,6000,8400.638548182738,-2400.6385481827383
2607,val,15500,11931.910286882083,3568.089713117917
1097,val,29500,44645.99261141687,-15145.99261141687
1917,val,14000,15529.641055794998,-1529.6410557949985
1491,val,250000,339167.54942115356,-89167.54942115356
1453,val,55000,63321.92168699872,-8321.921686998721
1877,val,18000,10894.92082444769,7105.07917555231
3436,val,13500,15489.94446682689,-1989.9444668268898
1566,val,24000,21170.969289189747,2829.0307108102534
757,val,24000,25363.525797685015,-1363.5257976850153
3956,val,45000,40843.866728890425,4156.133271109575
4251,val,15500,12982.608343156424,2517.391656843576
3603,val,6500,7928.101815638517,-1428.101815638517
1496,val,21000,27320.572550538072,-6320.572550538072
3377,val,20000,14921.327120123753,5078.672879876247
3507,val,17000,13705.154912536911,3294.845087463089
2197,val,7500,8533.46082416899,-1033.4608241689893
1858,val,17000,19378.36541675712,-2378.3654167571185
3841,val,9000,16233.397103433668,-7233.397103433668
1578,val,12000,15071.246098459062,-3071.2460984590616
247,val,7000,12278.611566001835,-5278.611566001835
2170,val,15000,16051.97729992129,-1051.9772999212892
3069,val,14000,6720.688167435806,7279.311832564194
1093,val,75000,115458.21323539922,-40458.21323539922
808,val,60000,24912.05290408073,35087.94709591927
2837,val,150000,191977.7926913618,-41977.7926913618
4061,val,13000,13036.351418972969,-36.35141897296853
2703,val,10000,12790.612973977188,-2790.6129739771877
2417,val,13000,15590.79392468452,-2590.79392468452
2590,val,20000,30899.635597808847,-10899.635597808847
4409,val,46000,63278.20774182046,-17278.207741820457
2245,val,11000,12139.314363911146,-1139.3143639111458
3560,val,20000,14763.749754205106,5236.250245794894
4029,val,15000,22889.449628492916,-7889.4496284929155
2409,val,7000,11494.161711358214,-4494.161711358214
3568,val,26000,25445.70706664149,554.2929333585089
592,val,170000,148469.48405074808,21530.515949251916
1979,val,16000,14913.051021725634,1086.9489782743658
373,val,15000,14799.844614091518,200.15538590848155
2732,val,20000,11439.310369776727,8560.689630223273
2678,val,17000,12731.156725702276,4268.843274297724
2751,val,13000,14155.025160738087,-1155.025160738087
1826,val,7000,8255.247833550433,-1255.247833550433
301,val,15000,16105.665276399763,-1105.6652763997627
2900,val,16000,28337.921958528364,-12337.921958528364
3316,val,7000,7683.206848483893,-683.2068484838928
648,val,80000,79948.54620679875,51.4537932012463
3645,val,20000,17004.61153859304,2995.388461406961
457,val,8000,7386.258533619962,613.7414663800382
1679,val,40000,28176.374052296665,11823.625947703335
3219,val,15000,17562.212920562906,-2562.212920562906
3030,val,34999,41871.655140956755,-6872.655140956755
3261,val,12000,10008.384270451816,1991.6157295481844
1016,val,45000,53402.114199931966,-8402.114199931966
3033,val,15000,9328.380123987763,5671.619876012237
4369,val,7000,7050.656139569172,-50.65613956917241
3318,val,20000,34507.3871077402,-14507.3871077402
3662,val,13500,7405.807837146728,6094.192162853272
2830,val,12000,25037.91713198218,-13037.91713198218
4077,val,25000,14977.404735055461,10022.595264944539
1019,val,20000,14199.96896627908,5800.031033720919
3446,val,21000,14451.263403146211,6548.736596853789
1891,val,36000,30857.386333777195,5142.6136662228055
1336,val,21000,15406.963708990488,5593.036291009512
3927,val,12000,12571.47641236844,-571.4764123684399
4703,val,60000,41486.65472261304,18513.345277386958
4522,val,9500,8201.178644518677,1298.8213554813228
2655,val,9500,11586.720085534533,-2086.7200855345327
187,val,8000,12695.380709254054,-4695.380709254054
1584,val,27000,24026.547194996194,2973.452805003806
2726,val,10000,9865.043742316686,134.9562576833141
287,val,7500,18993.839226034484,-11493.839226034484
1156,val,260000,122677.88100042674,137322.11899957326
3348,val,53000,50900.31102974033,2099.6889702596673
3679,val,11000,11161.685460875367,-161.68546087536743
3740,val,36000,40385.01352944159,-4385.013529441589
1263,val,27000,39965.09481758573,-12965.094817585727
503,val,40000,25073.537230829625,14926.462769170375
1747,val,15000,12644.521569331187,2355.4784306688125
4410,val,12000,13716.321906546977,-1716.3219065469766
2329,val,8500,9365.427434704063,-865.4274347040628
600,val,300000,138360.4702862585,161639.5297137415
2592,val,150000,39394.16306147828,110605.83693852172
4497,val,12500,13010.057248430354,-510.05724843035387
3934,val,12000,13338.535326357014,-1338.5353263570141
675,val,21000,17803.152162316455,3196.8478376835446
4724,val,5000,8418.684322315483,-3418.684322315483
4019,val,12500,9908.042119505113,2591.957880494887
2542,val,45000,27192.653787336796,17807.346212663204
2478,val,20000,15595.834201046971,4404.165798953029
2522,val,65000,26752.03559080503,38247.964409194974
2809,val,30000,42014.64428331083,-12014.64428331083
2501,val,10000,7857.674918038,2142.325081962
2280,val,30000,30228.480961086978,-228.4809610869779
1868,val,22500,40751.96155576883,-18251.96155576883
3422,val,7500,5528.33746806988,1971.6625319301202
999,val,1200000,237599.4810805887,962400.5189194113
2786,val,150000,98299.10980708014,51700.89019291986
2870,val,21000,11305.094164973858,9694.905835026142
4345,val,5000,7029.567393319404,-2029.567393319404
1837,val,17000,29878.07985134116,-12878.079851341161
4431,val,12000,13537.02467351374,-1537.0246735137407
3653,val,10000,8295.466596386153,1704.5334036138465
1317,val,80000,48681.929629025064,31318.070370974936
1456,val,140000,197961.5457784808,-57961.545778480795
2470,val,2000,7133.704304162341,-5133.704304162341
1545,val,8000,8280.944906189665,-280.94490618966483
595,val,75000,120824.65941146736,-45824.659411467364
230,val,3500,5958.0191517731755,-2458.0191517731755
4623,val,11000,5371.716866130088,5628.283133869912
4441,val,30000,18710.591528412187,11289.408471587813
4105,val,6000,9005.577910082886,-3005.577910082886
3024,val,13000,11693.548601947256,1306.4513980527445
2232,val,150000,97827.72438652866,52172.27561347134
2721,val,47000,44986.919901186295,2013.0800988137053
3876,val,14000,13449.812782537861,550.1872174621385
40,val,7200,6471.114042243366,728.8859577566336
3322,val,10000,6859.9219976727345,3140.0780023272655
3781,val,27999,27901.275115044864,97.72488495513608
1681,val,16000,18725.966901699452,-2725.966901699452
3396,val,8000,10180.191106625223,-2180.1911066252233
4541,val,10000,11083.494223990936,-1083.494223990936
1857,val,27000,17486.192140876756,9513.807859123244
2158,val,24000,22975.63668373988,1024.3633162601218
3589,val,7000,11735.18317421849,-4735.1831742184895
3244,val,9000,8581.148019711538,418.8519802884621
4391,val,13500,9952.061134220718,3547.9388657792824
824,val,48000,44462.41686114642,3537.5831388535807
55,val,7000,5787.2650860725225,1212.7349139274775
2267,val,10000,12326.026234131376,-2326.0262341313755
3531,val,20000,24966.930975891763,-4966.9309758917625
3092,val,9000,13022.306233072542,-4022.3062330725425
2407,val,40000,23660.333746217668,16339.666253782332
3563,val,18000,15285.511857541562,2714.4881424584382
1896,val,6000,8366.555892818049,-2366.555892818049
333,val,30000,17354.75490434529,12645.24509565471
32,val,6000,6980.97863738497,-980.9786373849702
1235,val,200000,289373.1892751521,-89373.18927515211
4485,val,12000,9265.805637318494,2734.1943626815064
1991,val,23500,16238.395276936239,7261.604723063761
1367,val,55000,35100.2713184234,19899.7286815766
4638,val,8000,6785.609981499491,1214.3900185005086
2347,val,10000,12129.682480946833,-2129.6824809468326
2454,val,22000,24504.4328995466,-2504.4328995465985
1221,val,6500,19300.15321015267,-12800.153210152672
2371,val,65000,70214.67847907028,-5214.67847907028
1893,val,9000,8211.645546048427,788.3544539515733
1126,val,50000,46294.122001264484,3705.8779987355156
2171,val,6000,7678.164196015267,-1678.1641960152674
2131,val,10000,9234.378801248826,765.6211987511742
2468,val,13000,12843.752441943325,156.2475580566752
1065,val,18000,15243.858603972318,2756.1413960276823
3634,val,19000,22248.72904662211,-3248.7290466221093
1636,val,40000,35680.349175771684,4319.650824228316
1262,val,41000,45643.547527531024,-4643.547527531024
3845,val,9500,9719.490797481512,-219.49079748151235
3408,val,5000,10524.674142258518,-5524.674142258518
1616,val,100000,114688.68778835732,-14688.687788357318
2729,val,5500,8204.966718640851,-2704.9667186408515
2509,val,32000,30470.641632976032,1529.3583670239677
1548,val,20000,28830.980278316714,-8830.980278316714
3714,val,45000,20959.307673760402,24040.692326239598
2530,val,20000,15228.015751308092,4771.984248691908
4446,val,15000,18260.349926607345,-3260.349926607345
2972,val,10500,19337.834592763847,-8837.834592763847
3141,val,13000,12054.824251362697,945.1757486373026
3197,val,8000,9661.987976551261,-1661.9879765512615
4647,val,16000,17263.917149766847,-1263.9171497668467
1206,val,32000,38800.301924533334,-6800.301924533334
4089,val,10000,12374.966805690254,-2374.9668056902538
1935,val,9000,21684.88247402511,-12684.882474025111
2793,val,18500,19626.106770494032,-1126.1067704940324
873,val,40000,32974.98323663223,7025.01676336777
772,val,120000,90573.09325210776,29426.906747892237
1953,val,9500,13827.191854735862,-4327.191854735862
3532,val,17000,18047.328989258756,-1047.3289892587563
3401,val,15000,12354.843357563257,2645.156642436743
207,val,6000,8553.474708901891,-2553.474708901891
3825,val,10000,12469.723912065612,-2469.7239120656122
20,val,7900,6814.635536553624,1085.3644634463762
3556,val,9500,14333.12443720705,-4833.1244372070505
952,val,59000,42686.13944879345,16313.860551206548
4215,val,40000,36904.689037935525,3095.3109620644755
4686,val,7000,6029.653969086694,970.3460309133061
3561,val,13000,12417.526641710809,582.4733582891913
3818,val,8500,6034.870913911711,2465.129086088289
1666,val,50000,65758.42673904164,-15758.426739041635
1925,val,15000,13480.389893133812,1519.6101068661883
3752,val,10000,7134.676604333009,2865.323395666991
1735,val,8000,6561.617885813884,1438.3821141861163
444,val,10000,11711.071240399591,-1711.0712403995913
3608,val,4000,7259.700275337469,-3259.700275337469
556,val,32000,21596.165457355357,10403.834542644643
1078,val,16000,14333.670319949555,1666.329680050445
75,val,12500,13119.871683292551,-619.8716832925511
197,val,15000,15602.437401828778,-602.4374018287781
1120,val,90100,70189.42549390784,19910.57450609216
2845,val,18000,26135.92548760061,-8135.925487600609
10,val,25000,24480.47587659275,519.5241234072491
4093,val,12000,13277.711043037107,-1277.7110430371067
181,val,50000,15971.16167058821,34028.83832941179
4404,val,12000,17104.087767531033,-5104.087767531033
1609,val,8000,8378.474338589107,-378.474338589107
96,val,12000,16515.49544936641,-4515.495449366412
4141,val,15500,11357.55921031913,4142.44078968087
4707,val,110000,68909.52311003524,41090.47688996476
355,val,5200,6502.178313444382,-1302.1783134443822
2127,val,10000,8364.998721113185,1635.0012788868153
1740,val,6000,8118.222760007351,-2118.222760007351
292,val,15000,11504.2257360805,3495.7742639195003
806,val,19500,39178.95639788247,-19678.956397882474
1114,val,55000,79766.20651715684,-24766.20651715684
2389,val,90000,85747.75336559753,4252.246634402472
2263,val,9000,8317.441290191151,682.558709808849
158,val,14500,12700.416906647582,1799.5830933524176
4053,val,35000,17361.512461362094,17638.487538637906
3251,val,8000,11187.941795950805,-3187.9417959508046
3080,val,11000,12385.713291608487,-1385.7132916084865
2772,val,20200,17667.511375077513,2532.4886249224874
2557,val,12000,16289.063024062261,-4289.063024062261
127,val,8000,8335.941089074699,-335.94108907469854
1930,val,18000,23160.12979395999,-5160.12979395999
654,val,18000,44103.599358049796,-26103.599358049796
2505,val,35000,9628.435244032615,25371.564755967385
4186,val,20000,22804.07359389105,-2804.073593891051
1429,val,60000,44940.33628084315,15059.663719156852
4721,val,8000,11405.581470133453,-3405.581470133453
443,val,5500,6579.340825499426,-1079.3408254994256
4646,val,10000,10787.312493193152,-787.3124931931525
2394,val,260000,179850.29589939612,80149.70410060388
1145,val,50000,28509.45854582005,21490.54145417995
4128,val,22000,23029.376421092817,-1029.3764210928166
1583,val,19000,21693.53385818082,-2693.533858180821
3414,val,12500,8775.389832990219,3724.6101670097814
4392,val,21000,18518.38216083793,2481.6178391620706
2015,val,5000,7333.539609020015,-2333.5396090200147
978,val,40000,42267.22025214702,-2267.220252147017
4430,val,22000,19811.702729200315,2188.297270799685
3186,val,14000,14934.85097138807,-934.8509713880703
1729,val,6500,8400.710718839944,-1900.710718839944
275,val,30000,15644.146067270107,14355.853932729893
1113,val,70000,66078.95822262921,3921.0417773707886
3535,val,12000,13069.086252840165,-1069.086252840165
2945,val,5000,10748.82160297745,-5748.82160297745
117,val,7000,7512.164171346938,-512.164171346938
671,val,65000,82767.0340530854,-17767.0340530854
3315,val,7000,6381.039542214578,618.9604577854216
574,val,55000,54511.87397237487,488.1260276251269
3406,val,7500,12698.120955554701,-5198.120955554701
3096,val,15000,27599.658002327484,-12599.658002327484
2888,val,20000,16659.87233163833,3340.1276683616707
1436,val,80000,31939.386082300975,48060.613917699025
3177,val,7500,11028.387717389503,-3528.3877173895035
647,val,53000,48556.459440032486,4443.540559967514
2244,val,17000,16478.248198510646,521.751801489354
2078,val,4000,5886.041170249493,-1886.041170249493
1932,val,10000,13215.306952875995,-3215.306952875995
175,val,5500,8174.799236969159,-2674.799236969159
1137,val,32000,42520.73959239797,-10520.739592397971
1356,val,74999,38433.20526013029,36565.79473986971
13,val,5500,6540.672145606637,-1040.672145606637
915,val,10000,18751.014631820177,-8751.014631820177
3922,val,9000,18754.474783407582,-9754.474783407582
3943,val,14000,23672.94146327569,-9672.941463275689
234,val,4500,5069.567888477948,-569.5678884779481
1343,val,80000,101184.14383565685,-21184.143835656854
3167,val,16000,13509.29721289752,2490.70278710248
1850,val,8900,19404.434872807356,-10504.434872807356
3122,val,12500,16135.449642231531,-3635.4496422315315
3678,val,23000,24324.294849679663,-1324.2948496796635
236,val,4500,3827.591883963574,672.4081160364258
4191,val,9000,12389.92412551472,-3389.924125514721
1824,val,16500,21503.820894963887,-5003.8208949638865
2938,val,25000,36936.07211812682,-11936.072118126824
3710,val,22000,17669.672778897086,4330.327221102914
4595,val,12000,7933.037249557972,4066.9627504420278
2222,val,22000,33871.02635126257,-11871.026351262568
3569,val,9000,12908.618399529607,-3908.618399529607
149,val,20000,18801.79016230609,1198.2098376939102
4020,val,25000,29052.103125653557,-4052.103125653557
4598,val,10000,6629.466984849829,3370.533015150171
3132,val,15000,11935.108506268392,3064.8914937316076
2458,val,5500,13151.659566062708,-7651.659566062708
383,val,10000,8874.904659804866,1125.0953401951338
4185,val,16000,14074.825060962849,1925.1749390371515
4731,val,12000,13512.689881004653,-1512.6898810046532
3320,val,18000,12095.775216441894,5904.224783558106
4592,val,12000,14341.407096207498,-2341.4070962074984
3346,val,9000,13025.25481436301,-4025.25481436301
1808,val,70000,9535.923979740617,60464.07602025938
2013,val,25500,32652.524989217174,-7152.524989217174
3065,val,15000,17399.629726892297,-2399.629726892297
737,val,22000,27766.566556732145,-5766.566556732145
1757,val,7000,6108.566590581008,891.4334094189917
803,val,50000,128372.88632259413,-78372.88632259413
1226,val,15000,31193.52131563568,-16193.52131563568
3879,val,11000,13976.535310630525,-2976.5353106305247
1580,val,15000,13766.019990854604,1233.9800091453963
3780,val,13000,14923.294371836171,-1923.2943718361712
2353,val,22000,15276.53683067034,6723.46316932966
4247,val,8500,10114.901041550003,-1614.9010415500034
4594,val,30000,36434.988065622936,-6434.988065622936
1265,val,65000,88285.80824207107,-23285.80824207107
4364,val,28000,21436.599676026453,6563.400323973547
3393,val,13000,10973.215264203585,2026.7847357964147
4166,val,14000,18425.375992009773,-4425.375992009773
118,val,3900,5283.844571749865,-1383.8445717498653
725,val,600000,182837.7174400954,417162.2825599046
2129,val,13000,16615.438274309094,-3615.4382743090937
1791,val,8000,7607.393362747569,392.606637252431
1426,val,47000,40329.00185113768,6670.998148862323
521,val,18000,19171.311561939045,-1171.3115619390446
3952,val,12500,14396.568621244078,-1896.5686212440778
583,val,28000,30479.24358915731,-2479.2435891573114
361,val,8000,7597.692068371773,402.3079316282274
1602,val,15000,22466.244663853162,-7466.244663853162
3647,val,600000,14307.75535367577,585692.2446463242
4718,val,30000,25627.63111555536,4372.368884444641
95,val,5000,4429.430406330073,570.5695936699267
4394,val,10000,12391.474461414355,-2391.4744614143547
956,val,40000,38755.51562098961,1244.4843790103914
1894,val,18000,29959.427913912936,-11959.427913912936
1727,val,15000,13157.92804427745,1842.0719557225493
228,val,14000,14550.58760475771,-550.5876047577094
1944,val,6000,6532.709293324755,-532.709293324755
1402,val,32000,23839.312650290067,8160.687349709933
1743,val,20000,18406.109771441832,1593.890228558168
2669,val,55000,50733.75660919519,4266.2433908048115
4555,val,15000,17596.449879906417,-2596.4498799064168
2332,val,6000,6955.582168641894,-955.582168641894
1721,val,22000,34103.792035500795,-12103.792035500795
3229,val,25000,23669.73648206491,1330.263517935091
3692,val,8500,9031.769828351356,-531.7698283513564
4078,val,35000,27817.91734052667,7182.08265947333
934,val,310000,320455.60151435103,-10455.60151435103
3976,val,45000,19346.765068159566,25653.234931840434
4129,val,15000,12095.956760915982,2904.043239084018
4433,val,15000,24894.777695550772,-9894.777695550772
1117,val,150000,97682.55538486311,52317.44461513689
3995,val,130000,7742.994981877469,122257.00501812252
185,val,8000,9789.778240753401,-1789.7782407534014
489,val,8000,7951.8912987378635,48.10870126213649
560,val,44000,64460.75181857984,-20460.75181857984
868,val,45000,43986.432669664835,1013.567330335165
2145,val,25000,14354.273928779528,10645.726071220472
1713,val,20000,17486.356651472364,2513.6433485276357
3681,val,15000,12061.08733315288,2938.91266684712
3552,val,10000,7502.567683289582,2497.4323167104176
1902,val,8000,17359.211408619485,-9359.211408619485
2388,val,9000,10185.250585923563,-1185.2505859235625
3108,val,15000,9746.911871383803,5253.088128616197
3745,val,8500,14682.894878846082,-6182.894878846082
130,val,4500,5267.828275948571,-767.828275948571
2559,val,10000,18016.77531642178,-8016.775316421779
3230,val,9000,12283.99426034081,-3283.994260340811
4550,val,21000,15252.359569584185,5747.640430415815
2138,val,5000,5421.246935267603,-421.24693526760257
1752,val,16000,20954.535396480416,-4954.535396480416
3345,val,20000,23503.744053919236,-3503.7440539192357
1931,val,120000,99469.0476279964,20530.952372003594
1573,val,10500,15227.27957204373,-4727.27957204373
171,val,9000,9134.874496075505,-134.8744960755048
3027,val,12000,6510.479713038473,5489.520286961527
1637,val,10000,15249.17948658771,-5249.179486587709
2848,val,350000,49991.26834140351,300008.7316585965
3821,val,19000,13612.843744186552,5387.156255813448
2753,val,18000,16818.680655508266,1181.3193444917342
3727,val,25000,20063.12288500943,4936.87711499057
4427,val,10000,5165.2504971133385,4834.7495028866615
3737,val,3500,5129.504281553174,-1629.5042815531742
3302,val,10000,15141.687821079406,-5141.687821079406
3557,val,18000,17774.70974173294,225.2902582670613
2835,val,18000,13502.439398450722,4497.560601549278
1381,val,45000,48607.80728158781,-3607.8072815878113
534,val,32000,39603.429045001074,-7603.429045001074
3086,val,10000,8435.20037651185,1564.7996234881502
1910,val,12000,27119.610652522617,-15119.610652522617
4333,val,10000,18671.22229521533,-8671.222295215332
2043,val,21000,27112.198559925095,-6112.198559925095
3303,val,20000,16020.302758423324,3979.697241576676
1214,val,40000,31525.714742897617,8474.285257102383
374,val,6200,9338.090670736023,-3138.0906707360227
1055,val,35000,13628.353603779291,21371.64639622071
3255,val,20000,25460.7390911716,-5460.739091171599
1907,val,11000,8770.965390977686,2229.034609022314
100,val,22000,28303.176417797058,-6303.176417797058
3201,val,60000,45502.8305920346,14497.169407965397
2425,val,18000,15984.43060117769,2015.5693988223102
255,val,5300,6778.96067394454,-1478.9606739445398
1798,val,30000,57707.06908522609,-27707.06908522609
3961,val,7000,9906.032976693621,-2906.032976693621
828,val,130000,182042.38470779124,-52042.384707791236
1610,val,7500,7518.143828677994,-18.14382867799395
1647,val,8500,15651.351460355905,-7151.351460355905
1672,val,18000,16805.361881176595,1194.6381188234045
1726,val,7000,6522.202112101646,477.797887898354
4450,val,30000,26052.39069407002,3947.6093059299783
606,val,170000,196777.3496964669,-26777.349696466903
2969,val,9000,8592.643342268368,407.35665773163237
1632,val,20000,7319.170308846122,12680.829691153878
2882,val,15000,14448.081386563226,551.9186134367737
4203,val,7000,8703.9445471667,-1703.9445471667004
4666,val,15000,24766.86591129708,-9766.865911297082
1209,val,80000,83611.89331052109,-3611.893310521089
3282,val,16500,20716.77545322803,-4216.7754532280305
3911,val,12000,15241.472404290427,-3241.472404290427
3482,val,13000,14303.45007485494,-1303.4500748549399
2074,val,11500,8372.067990206086,3127.9320097939144
1835,val,16000,16223.912813136561,-223.91281313656145
4299,val,15500,20890.907187134817,-5390.907187134817
1123,val,80000,48307.92319333293,31692.07680666707
3306,val,11000,12822.36485034265,-1822.3648503426502
2240,val,13500,10928.559208489423,2571.4407915105767
1178,val,57000,54155.099509576474,2844.900490423526
1314,val,14500,22742.022661650197,-8242.022661650197
1981,val,75000,62251.70098084194,12748.299019158061
4124,val,10000,10959.59472765455,-959.5947276545503
3754,val,7000,11895.524061651446,-4895.524061651446
70,val,7500,5633.2946788963,1866.7053211037
1918,val,6000,9687.97011269568,-3687.9701126956807
896,val,180000,206538.84590913862,-26538.845909138618
3430,val,14000,13476.908229660743,523.091770339257
1157,val,300000,286152.0360345316,13847.9639654684
4202,val,13000,7849.618608409975,5150.381391590025
3684,val,11000,8754.848176949487,2245.1518230505135
4161,val,9500,6846.631826527767,2653.368173472233
577,val,85000,50078.485554676394,34921.514445323606
3503,val,17000,14131.132994017174,2868.8670059828255
690,val,18000,22841.118212757934,-4841.118212757934
2962,val,17000,12764.444393321879,4235.555606678121
3412,val,30000,32879.52960233217,-2879.5296023321716
2741,val,30000,27656.50382434904,2343.4961756509583
416,val,6500,6984.738176989895,-484.7381769898948
555,val,190000,228744.99204308825,-38744.99204308825
3131,val,22000,15480.273044502193,6519.726955497807
3667,val,20000,14999.250466619922,5000.749533380078
1013,val,35000,28635.468637780115,6364.531362219885
2979,val,6500,13106.656676167779,-6606.656676167779
4521,val,55000,45788.45517695791,9211.544823042088
1422,val,70000,41193.97445164117,28806.025548358833
4537,val,67000,40003.895442306995,26996.104557693005
3581,val,13000,13201.309346012613,-201.30934601261288
4090,val,12000,9161.628095747006,2838.3719042529938
1657,val,6900,6401.93168138431,498.06831861569026
71,val,16000,15063.241870897697,936.7581291023034
4336,val,15000,21781.760417140926,-6781.760417140926
3580,val,6000,7187.070019856421,-1187.070019856421
1101,val,33000,32314.402440298956,685.5975597010438
3512,val,7500,6851.0458092454155,648.9541907545845
1802,val,30000,31317.25505632485,-1317.2550563248515
481,val,10000,7708.351372675036,2291.648627324964
3923,val,12000,12388.945351467859,-388.9453514678589
1368,val,15000,14859.67473297525,140.32526702474934
1970,val,30000,31220.29211261233,-1220.2921126123292
2028,val,10500,12031.40321526468,-1531.4032152646796
1393,val,60000,77956.61539778944,-17956.615397789443
4527,val,22000,21861.151999944243,138.84800005575744
2827,val,18000,21866.11739270214,-3866.117392702141
3623,val,17000,11984.766710606264,5015.233289393736
2374,val,11000,15239.479628544166,-4239.479628544166
1460,val,17000,14868.70088810617,2131.29911189383
4612,val,11000,12626.891058780631,-1626.8910587806313
4009,test,38000,30703.47779310778,7296.522206892219
3431,test,18000,14827.736885268654,3172.263114731346
3613,test,100000,107079.00300084041,-7079.003000840414
1455,test,700000,253447.02433419114,446552.9756658089
4349,test,15500,13798.083909876063,1701.9160901239375
1004,test,35000,17606.286179240145,17393.713820759855
3898,test,9000,11534.005594505916,-2534.0055945059157
2060,test,25000,40079.46874743987,-15079.468747439867
3677,test,11000,10257.358774884682,742.6412251153179
3204,test,23999,19631.238263843723,4367.761736156277
608,test,41000,55445.1141477555,-14445.1141477555
1098,test,53000,69390.49200537914,-16390.492005379143
3165,test,7500,7997.408504474056,-497.4085044740559
3819,test,10000,17279.62554799785,-7279.62554799785
435,test,5500,6465.896017220682,-965.8960172206816
848,test,50000,19892.922260814088,30107.077739185912
531,test,22000,17661.074914052526,4338.925085947474
3153,test,15000,8484.66141093353,6515.33858906647
4712,test,5500,4185.464645966474,1314.5353540335263
4101,test,12000,18390.252329379215,-6390.252329379215
3082,test,15000,17046.78992709713,-2046.7899270971284
2896,test,25000,15273.28868189549,9726.71131810451
145,test,7000,13066.428703900705,-6066.428703900705
2025,test,35000,18068.217211014806,16931.782788985194
700,test,120000,99582.09747552042,20417.902524479578
2794,test,8500,13455.47985393817,-4955.47985393817
2327,test,42000,26761.963949071443,15238.036050928557
632,test,65000,75303.48134658976,-10303.48134658976
150,test,7000,10265.044880731957,-3265.044880731957
3152,test,5700,7046.586160853341,-1346.5861608533414
3026,test,8900,7491.5226742227405,1408.4773257772595
3805,test,10000,10883.60046184281,-883.6004618428105
2441,test,16500,17115.130745134204,-615.1307451342036
694,test,26000,21482.79939798456,4517.20060201544
1814,test,11000,14493.683954302964,-3493.6839543029637
2062,test,11000,13516.389824551456,-2516.3898245514556
928,test,110000,91662.61345244008,18337.386547559916
485,test,7000,7723.145474010319,-723.145474010319
2290,test,5000,5694.066897660778,-694.0668976607776
1043,test,130000,75974.26851287001,54025.73148712999
2614,test,16000,9714.186071261936,6285.813928738064
3889,test,22000,19687.22175845991,2312.7782415400907
2763,test,35000,26144.024685340653,8855.975314659347
3555,test,5000,7833.932128980778,-2833.9321289807776
3811,test,32000,36330.060835165685,-4330.060835165685
959,test,24000,20642.72588560734,3357.2741143926614
279,test,4500,10762.063346345361,-6262.063346345361
1360,test,32000,23429.428168211936,8570.571831788064
4381,test,10000,17133.473187143023,-7133.473187143023
676,test,20000,27903.640897245696,-7903.640897245696
735,test,55000,59087.71597362091,-4087.715973620907
2042,test,7000,8967.98566736362,-1967.9856673636205
2550,test,5000,11718.806775072517,-6718.806775072517
4606,test,25000,16936.2445193401,8063.7554806599
2359,test,5000,7665.720148921471,-2665.7201489214713
627,test,40000,43582.13912334585,-3582.139123345849
3652,test,7000,7663.022808236552,-663.022808236552
31,test,15000,11858.009994121467,3141.9900058785333
4091,test,5300,5798.826049838614,-498.8260498386144
2321,test,4000,7756.320762427309,-3756.320762427309
3439,test,15000,12686.597433185698,2313.402566814302
1942,test,12000,13138.494335691847,-1138.4943356918466
1575,test,32000,21652.795570140832,10347.204429859168
2890,test,15000,11041.607797010167,3958.392202989833
3134,test,5000,4740.536011824054,259.4639881759458
2219,test,10000,8739.04903539045,1260.9509646095503
887,test,230000,265265.37387299404,-35265.37387299404
672,test,160000,99758.119319308,60241.880680692004
2272,test,17000,20586.784961853526,-3586.7849618535256
422,test,12000,9588.902637613312,2411.0973623866885
1318,test,55000,42719.549953494774,12280.450046505226
1331,test,55000,60696.1378930527,-5696.137893052699
174,test,9000,9778.586502073316,-778.5865020733163
182,test,12000,12392.393410121382,-392.39341012138175
2940,test,24500,20844.349732992625,3655.650267007375
2183,test,90000,15968.09314891718,74031.90685108282
502,test,3700,5267.100525745217,-1567.100525745217
2426,test,11500,10586.864796518168,913.1352034818319
4365,test,57000,45178.65565380935,11821.34434619065
1060,test,35000,44163.91379955784,-9163.913799557842
184,test,12000,10987.061376211901,1012.938623788099
3166,test,30000,33862.962031489515,-3862.9620314895146
714,test,32000,36329.22199102135,-4329.2219910213535
2663,test,37000,49558.37876679208,-12558.378766792077
4604,test,15000,12277.444499228646,2722.5555007713538
571,test,57000,54123.27054205104,2876.7294579489608
587,test,32000,34629.63124523913,-2629.6312452391285
272,test,6000,5055.366985083675,944.633014916325
4507,test,16000,11101.39714303273,4898.602856967271
203,test,5000,5122.604117449119,-122.60411744911926
2436,test,90000,80700.16586237022,9299.834137629776
3772,test,14000,12283.378165689279,1716.6218343107212
1349,test,78000,85488.75897284738,-7488.758972847383
243,test,7000,12940.541978547119,-5940.541978547119
3809,test,18500,17342.346344896137,1157.6536551038625
155,test,10000,10998.2237671794,-998.2237671793991
3164,test,15000,14975.800511107982,24.199488892018053
590,test,150000,117774.19832458353,32225.80167541647
4657,test,9000,7064.833425396138,1935.1665746038616
805,test,42000,20383.22922753913,21616.77077246087
1913,test,6000,7211.475276689002,-1211.4752766890024
1627,test,20000,30593.850673405537,-10593.850673405537
4210,test,15000,13226.281536990742,1773.718463009258
1321,test,90000,82761.0658787591,7238.934121240905
2393,test,20000,8250.130525168166,11749.869474831834
3021,test,14000,14307.510683745753,-307.51068374575334
4140,test,17000,14922.05372928681,2077.9462707131897
3355,test,10000,5953.809393678481,4046.190606321519
2438,test,25000,12435.414035253645,12564.585964746355
1044,test,40000,41635.730621575436,-1635.730621575436
2484,test,8500,9554.009133721924,-1054.0091337219237
1020,test,75000,70554.48113508763,4445.518864912374
4403,test,8500,10407.892944889656,-1907.892944889656
3382,test,8500,7505.665561219804,994.3344387801963
2186,test,22000,26172.36465213353,-4172.364652133529
4609,test,7500,6484.08499123876,1015.9150087612397
1173,test,60000,42371.26663903787,17628.733360962127
4423,test,10000,6594.424924602588,3405.5750753974116
93,test,6000,5193.8619980302365,806.1380019697635
3148,test,18000,16522.295922849917,1477.7040771500833
1352,test,90000,55743.58228280855,34256.41771719145
1011,test,26000,30806.283261233464,-4806.283261233464
266,test,6000,9311.58350163994,-3311.5835016399396
1242,test,35000,36465.66832264788,-1465.668322647878
363,test,5000,6579.727301353602,-1579.7273013536023
3597,test,14500,20628.19100366177,-6128.19100366177
4097,test,22000,22375.720056306644,-375.7200563066435
4459,test,10000,11445.404897496377,-1445.404897496377
2356,test,24000,28817.41865060326,-4817.41865060326
2589,test,100000,49685.63731983251,50314.36268016749
3123,test,90000,50825.70415637149,39174.29584362851
3600,test,9000,11873.898269504874,-2873.8982695048744
2791,test,14000,14744.27108573038,-744.2710857303791
579,test,80000,63649.37967193516,16350.62032806484
1138,test,17000,15795.893630035049,1204.1063699649512
1154,test,95000,87725.96378418965,7274.036215810353
701,test,400000,200242.22914373572,199757.77085626428
669,test,65000,100897.73855846365,-35897.73855846365
3252,test,13500,20775.01165290135,-7275.01165290135
1001,test,45000,40261.41559534846,4738.584404651541
1322,test,43000,48315.15590527724,-5315.155905277243
618,test,80000,81558.33975406257,-1558.3397540625738
1867,test,8500,12335.81368774927,-3835.8136877492707
4027,test,15000,11244.949634489734,3755.0503655102657
3615,test,7500,6780.122083062208,719.8779169377922
3813,test,7000,10257.687306508129,-3257.687306508129
4496,test,10000,9543.32366010411,456.6763398958901
767,test,130000,169265.0350214599,-39265.03502145989
3403,test,10000,12077.484613364775,-2077.484613364775
4549,test,11000,18196.14915576409,-7196.149155764091
2847,test,17000,21527.533397704847,-4527.533397704847
4479,test,15000,13680.484833945187,1319.5151660548127
4209,test,26000,28695.984478965223,-2695.9844789652234
629,test,38000,59510.03452840301,-21510.03452840301
4322,test,7500,11780.920239866311,-4280.920239866311
2391,test,12000,14155.025160738087,-2155.025160738087
304,test,8000,7293.870316824485,706.1296831755153
3260,test,25000,24959.301711605483,40.69828839451657
4560,test,13000,12829.865121904855,170.1348780951448
2916,test,17500,22570.261334189305,-5070.261334189305
3063,test,11000,10996.477943140286,3.522056859714212
3642,test,13000,14186.219492954657,-1186.2194929546567
1140,test,290000,140022.27225558183,149977.72774441817
4204,test,12000,21557.92442642704,-9557.924426427038
3214,test,25000,8321.907241625519,16678.09275837448
2279,test,11500,7014.734442655521,4485.265557344479
4217,test,8500,6713.653220164858,1786.3467798351421
2654,test,16000,10972.009630025375,5027.990369974625
3240,test,16000,13498.589973793254,2501.410026206746
252,test,10000,15997.645250578085,-5997.645250578085
970,test,51500,81722.76336532061,-30222.763365320614
3743,test,10000,13045.042769637354,-3045.0427696373536
3124,test,14000,12985.055246050664,1014.9447539493358
448,test,5200,3733.8934401211955,1466.1065598788045
173,test,18000,8230.655958981553,9769.344041018447
3874,test,48000,38190.311550154685,9809.688449845315
132,test,16000,11398.5787896048,4601.4212103951995
1369,test,22000,43152.392785322634,-21152.392785322634
707,test,60000,70866.3103303956,-10866.310330395601
3755,test,6500,7621.41472203365,-1121.41472203365
683,test,47000,41631.79864409888,5368.2013559011175
986,test,150000,216777.8056641341,-66777.8056641341
3827,test,35000,27101.943228061038,7898.056771938962
4434,test,6500,6060.889051073201,439.1109489267992
3107,test,15000,13496.513205148105,1503.486794851895
729,test,23000,32103.110154710088,-9103.110154710088
4382,test,18000,18113.63424007178,-113.63424007178037
691,test,7500,17229.501298361836,-9729.501298361836
899,test,36000,49476.42163099245,-13476.421630992452
1282,test,25000,29623.42131837325,-4623.42131837325
3621,test,15000,14418.5258238233,581.4741761767
2963,test,15000,33595.432412432296,-18595.432412432296
773,test,40000,21877.92010351226,18122.07989648774
2318,test,20000,23346.361541151295,-3346.3615411512947
2372,test,18000,17499.88750652688,500.1124934731197
3830,test,35000,38728.85436665192,-3728.854366651918
1901,test,20000,15373.69235096286,4626.30764903714
3078,test,10000,9599.696364708154,400.30363529184615
4075,test,6500,6094.0967172738565,405.9032827261435
778,test,25000,32552.84399937593,-7552.843999375931
2001,test,19000,15255.683408568571,3744.3165914314286
2653,test,17000,25387.65738355514,-8387.657383555139
103,test,25000,22805.00600232558,2194.993997674421
3105,test,16000,14036.004504164071,1963.9954958359285
1087,test,65000,42295.54891103217,22704.451088967828
1997,test,10000,9763.869092556077,236.1309074439232
3887,test,10000,8039.307492871063,1960.692507128937
1706,test,12000,12662.535607969574,-662.5356079695739
3487,test,17000,18191.892397856507,-1191.8923978565072
3707,test,22000,33461.40002806657,-11461.400028066571
17,test,10000,7544.885850603979,2455.1141493960213
564,test,43000,57003.03734270131,-14003.037342701311
2838,test,75000,94222.25857610365,-19222.258576103646
763,test,80000,109305.45676788906,-29305.45676788906
2088,test,16000,12752.804392223545,3247.1956077764553
3640,test,16000,14783.230881784017,1216.7691182159833
3695,test,7000,10007.739409319449,-3007.739409319449
1585,test,48000,57364.620632787795,-9364.620632787795
3644,test,15000,16698.425545740032,-1698.4255457400322
1034,test,75000,70070.86947808793,4929.1305219120695
4603,test,17000,15559.872980814,1440.1270191860003
4037,test,18000,15794.376079004262,2205.6239209957384
3753,test,37500,41022.62017247422,-3522.6201724742205
851,test,8000,32267.73689047067,-24267.73689047067
366,test,8000,9672.028191128087,-1672.0281911280872
239,test,5000,6686.56217147461,-1686.5621714746103
412,test,36125,17695.040687991233,18429.959312008767
56,test,6000,7730.329179985208,-1730.3291799852077
607,test,20000,74571.14928241078,-54571.149282410785
3726,test,9500,14375.75987282234,-4875.75987282234
4593,test,8000,13615.511395177917,-5615.511395177917
1493,test,10500,15420.504620586516,-4920.5046205865165
2659,test,29000,51099.66329666624,-22099.663296666236
1474,test,38000,45104.65278549149,-7104.652785491489
176,test,7500,9338.090670736023,-1838.0906707360227
3018,test,18000,15851.12946138036,2148.87053861964
2452,test,12000,9862.267281580775,2137.7327184192254
3538,test,15000,13683.824582398653,1316.1754176013474
2414,test,9000,15191.725685826368,-6191.725685826368
932,test,70000,63461.10411850249,6538.895881497512
1694,test,17000,14388.443198003673,2611.5568019963266
1663,test,18000,12082.803765598419,5917.196234401581
526,test,75000,72173.57337938513,2826.426620614875
4197,test,12000,13872.499127868627,-1872.4991278686266
2701,test,22000,20214.234342148116,1785.7656578518836
2345,test,18000,14910.335567572994,3089.6644324270055
2471,test,28000,12147.365069048925,15852.634930951075
1253,test,63000,80911.16842071342,-17911.168420713424
4095,test,20000,25848.361090009425,-5848.3610900094245
65,test,8000,10236.631845471065,-2236.6318454710654
2865,test,32000,31255.01881665174,744.98118334826
2149,test,15000,8301.675097391566,6698.324902608434
1765,test,10000,11067.223468628097,-1067.2234686280972
3939,test,9000,14284.101404063704,-5284.101404063704
4200,test,32000,37311.78838614451,-5311.788386144508
4629,test,8000,8384.604097350266,-384.6040973502659
4031,test,8500,8309.290505836016,190.70949416398435
186,test,18000,11150.777448473362,6849.222551526638
1568,test,4000,6762.699172103153,-2762.6991721031527
4010,test,20000,17873.74111296135,2126.25888703865
1064,test,28000,41293.978638757515,-13293.978638757515
990,test,150000,156326.1050617338,-6326.105061733804
573,test,57000,28647.37970831358,28352.62029168642
2876,test,10000,5897.689292334784,4102.310707665216
2706,test,18000,18342.54459704927,-342.5445970492692
3418,test,45000,40345.840442733715,4654.1595572662845
2946,test,5000,10520.865844449749,-5520.865844449749
1763,test,11000,6504.919040711969,4495.080959288031
106,test,14000,7076.588599645585,6923.411400354415
3859,test,75000,30216.875255079067,44783.12474492093
248,test,3200,18492.148565121664,-15292.148565121664
796,test,35000,36160.44494802891,-1160.4449480289113
4655,test,13000,15114.972882798509,-2114.972882798509
3103,test,50000,49219.17779000265,780.82220999735
4261,test,6500,9646.974106123096,-3146.974106123096
4252,test,20000,15776.946643216985,4223.053356783015
3070,test,15000,17517.6704354624,-2517.6704354624017
3971,test,20000,14375.781759755926,5624.218240244074
356,test,13000,16521.94714205793,-3521.9471420579284
4402,test,22000,24786.82288611868,-2786.82288611868
3909,test,8000,11245.600155956556,-3245.6001559565557
4451,test,6500,7249.540127456273,-749.5401274562728
517,test,45000,15769.963595961543,29230.03640403846
2080,test,24000,22352.385641012384,1647.6143589876156
1274,test,85000,76528.20074499749,8471.799255002508
3626,test,10500,9121.703195644199,1378.2968043558012
1006,test,15000,13530.858924416329,1469.1410755836714
4223,test,55000,42352.667004078445,12647.332995921555
609,test,65000,55375.45192837811,9624.548071621888
1780,test,30000,24129.57268233231,5870.427317667691
3159,test,8000,13828.876516266144,-5828.876516266144
2834,test,68000,47062.50127519279,20937.498724807207
1756,test,14000,24031.846879928722,-10031.846879928722
2102,test,15000,10908.867580480466,4091.132419519534
2839,test,110000,151016.53976847586,-41016.539768475865
2014,test,6000,5878.144329658372,121.85567034162796
1022,test,140000,71197.61809042204,68802.38190957796
269,test,8000,11270.456006522243,-3270.456006522243
1254,test,7500,19153.258573273954,-11653.258573273954
2179,test,13500,18153.16962823649,-4653.16962823649
2570,test,12000,13855.948651805586,-1855.9486518055855
148,test,5500,6978.730379781429,-1478.7303797814293
696,test,40000,42103.958749932615,-2103.9587499326153
4119,test,9000,12163.155426882791,-3163.1554268827913
4286,test,10000,9008.19453528493,991.8054647150693
4267,test,20000,14733.550670483617,5266.449329516383
2514,test,7000,7728.785628389615,-728.7856283896153
1119,test,300000,300785.61156688246,-785.6115668824641
41,test,12000,21720.849345946506,-9720.849345946506
3104,test,8000,7056.790367259429,943.2096327405707
3590,test,22000,14230.667069080631,7769.332930919369
316,test,8000,8039.299455853157,-39.29945585315727
1053,test,14000,24452.188328434073,-10452.188328434073
886,test,17000,33411.475678879084,-16411.475678879084
2334,test,54000,42870.1222164651,11129.877783534903
4343,test,8500,12856.355580381683,-4356.3555803816835
4465,test,45000,37844.938001637005,7155.061998362995
1702,test,16000,13093.08976337015,2906.9102366298503
3990,test,14000,15481.288582323514,-1481.2885823235138
539,test,85000,69370.30370853427,15629.696291465734
340,test,8500,8668.247921300775,-168.2479213007755
477,test,22000,15078.34371973345,6921.65628026655
3099,test,6800,7172.489371968453,-372.48937196845327
3185,test,12000,7464.56034323253,4535.43965676747
1875,test,7000,6707.605722555675,292.39427744432487
2204,test,8000,10739.182620266569,-2739.182620266569
1327,test,34999,36680.6727482023,-1681.672748202298
1550,test,30000,18265.137451510072,11734.862548489928
946,test,11000,19210.41252772044,-8210.41252772044
3881,test,7500,9560.609666155906,-2060.609666155906
1714,test,380000,124968.59619305986,255031.40380694013
1359,test,22000,16054.346761151166,5945.653238848834
267,test,15000,9163.127337252085,5836.8726627479155
4046,test,22000,21657.55345569126,342.44654430873925
2495,test,7500,7906.368105029796,-406.3681050297964
3587,test,7000,13493.881760634551,-6493.881760634551
1264,test,53000,25109.392542326023,27890.607457673977
0,test,10000,9455.615159750603,544.3848402493968
1885,test,17000,13953.590982582957,3046.4090174170433
2365,test,10000,14754.885050302646,-4754.885050302646
3407,test,14000,17192.18178507382,-3192.181785073819
4011,test,15000,23838.668795369955,-8838.668795369955
2527,test,12000,15754.170858707697,-3754.1708587076973
1071,test,24000,19898.915036176742,4101.084963823258
4236,test,13000,13705.303875949208,-705.3038759492083
2995,test,40000,18778.668430860293,21221.331569139707
57,test,6000,10728.114814089266,-4728.114814089266
1524,test,16000,13211.754749312302,2788.245250687698
4332,test,21000,22198.19457170611,-1198.1945717061099
1434,test,250000,188925.51447500722,61074.48552499278
2686,test,33000,25776.36442781031,7223.635572189691
1675,test,25000,16554.367602224076,8445.632397775924
3550,test,10000,15179.756125699188,-5179.7561256991885
3899,test,35000,24264.85649424189,10735.143505758111
225,test,3500,8927.880895847256,-5427.880895847256
3736,test,10000,25144.815909531742,-15144.815909531742
2258,test,15000,9373.055330710791,5626.944669289209
4222,test,10000,11148.658761720146,-1148.6587617201458
2083,test,62000,34858.799469310594,27141.200530689406
3628,test,10000,14144.054214837284,-4144.054214837284
3465,test,12000,11922.98848011174,77.0115198882595
3424,test,7000,8031.721397894902,-1031.721397894902
1479,test,50000,24650.04513995736,25349.95486004264
3703,test,12500,13150.948805518228,-650.9488055182283
2482,test,36000,33981.32150425006,2018.6784957499403
2440,test,12000,10696.660409473363,1303.339590526637
2673,test,5000,8081.148723604526,-3081.148723604526
1005,test,60000,29905.223124661028,30094.776875338972
699,test,140000,80715.1908324757,59284.809167524305
3650,test,30000,38946.303757061934,-8946.303757061934
3290,test,13000,10594.781126941041,2405.2188730589587
1073,test,70000,91365.48227314632,-21365.48227314632
2640,test,13000,14447.076887580874,-1447.0768875808735
3001,test,20000,10907.581668430348,9092.418331569652
4498,test,15000,12397.158886513247,2602.841113486753
3000,test,11000,8620.874998926847,2379.125001073153
1535,test,10000,10368.117437058032,-368.117437058032
424,test,9000,15898.359531294878,-6898.359531294878
3693,test,100000,74985.95207884452,25014.047921155478
1255,test,30000,21885.16119661915,8114.8388033808515
2774,test,21000,24361.81604447859,-3361.81604447859
4532,test,19000,21174.895767349473,-2174.8957673494733
3319,test,14000,10696.262925365518,3303.7370746344823
1358,test,45000,40922.87429005842,4077.1257099415816
1058,test,11000,30094.75394863378,-19094.75394863378
3985,test,10000,6411.159352862365,3588.8406471376347
2434,test,50000,45075.665119810445,4924.334880189555
588,test,350000,506893.9586128669,-156893.95861286687
3071,test,21000,24851.268262244455,-3851.2682622444554
1977,test,5000,8338.24037827981,-3338.24037827981
1665,test,14000,10175.474346379753,3824.525653620247
4696,test,6000,9501.665960434471,-3501.6659604344713
3614,test,14000,12982.263130853753,1017.736869146247
35,test,15000,8203.314820626965,6796.685179373035
3843,test,12000,9148.102041486778,2851.897958513222
2421,test,29000,11614.635793759444,17385.364206240556
2233,test,9000,7816.288940812052,1183.7110591879482
4624,test,6000,7266.149449018088,-1266.1494490180876
112,test,20000,7600.301603268015,12399.698396731985
3937,test,5000,4492.165351237201,507.8346487627987
2526,test,11000,10467.699399767087,532.300600232913
594,test,210000,79940.37444262816,130059.62555737184
877,test,48000,30083.646348009035,17916.353651990965
2904,test,3500,5817.144073288857,-2317.144073288857
1611,test,9500,11623.08343582847,-2123.08343582847
2569,test,70000,49007.79907842739,20992.200921572607
3470,test,12000,17265.486433606246,-5265.486433606246
2917,test,14500,39054.29997005954,-24554.29997005954
4082,test,8500,6278.805271369769,2221.194728630231
3045,test,33000,19294.520706553212,13705.479293446788
3766,test,11500,12417.526641710809,-917.5266417108087
4107,test,15000,11993.456222042469,3006.5437779575313
1911,test,21500,22635.87870729788,-1135.8787072978812
4355,test,20000,21251.961041917522,-1251.9610419175224
979,test,45000,77521.99936373477,-32521.999363734765
1513,test,25000,20706.76670741067,4293.2332925893315
2109,test,10000,6977.71958770405,3022.2804122959496
4436,test,12000,11073.150390803356,926.8496091966445
1820,test,55000,49239.90544607178,5760.094553928218
126,test,8000,6794.98056896406,1205.0194310359402
4544,test,17000,32672.86032069306,-15672.86032069306
807,test,90000,111867.6026395808,-21867.6026395808
2325,test,8500,9263.877284666809,-763.8772846668089
3206,test,16000,15416.871403612833,583.1285963871669
2349,test,4500,7465.630622868675,-2965.6306228686753
491,test,13000,12121.759018445457,878.2409815545434
3618,test,16500,8937.563104764784,7562.436895235216
1445,test,230000,248681.74490712365,-18681.744907123648
2587,test,32000,28392.009926075323,3607.990073924677
1109,test,250000,161617.0282798347,88382.97172016531
1778,test,6000,6193.053429365121,-193.0534293651208
2403,test,14000,30725.287621006137,-16725.287621006137
1017,test,250000,193683.45979045666,56316.54020954334
2957,test,12500,15839.36248282053,-3339.36248282053
2988,test,10500,14402.936694919645,-3902.9366949196447
4062,test,22000,29194.63168328324,-7194.631683283242
3272,test,35000,32120.05451749955,2879.9454825004505
3335,test,22000,20644.534217944256,1355.465782055744
2486,test,7500,6584.272481937688,915.7275180623119
3003,test,22000,58015.497274940135,-36015.497274940135
7,test,5000,6391.801148844374,-1391.8011488443744
4508,test,7500,10716.081889641626,-3216.081889641626
4630,test,15000,12186.016656989317,2813.983343010683
3417,test,12000,12104.987795777568,-104.98779577756795
3979,test,40000,25008.30843928244,14991.691560717562
4196,test,9500,9178.371102722484,321.62889727751644
3546,test,10500,11615.88504200394,-1115.8850420039398
3215,test,12000,12639.289806222812,-639.2898062228123
4117,test,50000,39938.18094847971,10061.819051520288
3861,test,10000,15971.411303067931,-5971.411303067931
1581,test,11400,16653.77837560736,-5253.778375607359
3351,test,16000,17700.219483905235,-1700.2194839052354
4002,test,35000,35746.98239771264,-746.9823977126434
1229,test,62000,40516.575864117855,21483.424135882145
4178,test,9500,13422.00412533732,-3922.00412533732
4158,test,22000,13941.68772638504,8058.31227361496
771,test,60000,30937.609623344226,29062.390376655774
945,test,28000,16820.881259577018,11179.118740422982
4570,test,13000,9631.543605229102,3368.4563947708975
655,test,75000,57296.91541574498,17703.08458425502
3094,test,12000,12604.790798870445,-604.7907988704446
89,test,8500,12738.898381941484,-4238.898381941484
2680,test,30000,27652.361023010406,2347.638976989594
1595,test,16000,10328.159161560665,5671.840838439335
3732,test,10000,18677.699108355544,-8677.699108355544
4323,test,13000,14597.178301806192,-1597.1783018061924
4173,test,20000,19735.439168775756,264.5608312242439
941,test,22000,18483.5151690726,3516.4848309273984
3829,test,32000,25759.01764026088,6240.982359739119
889,test,8500,15455.040449937047,-6955.040449937047
2730,test,14000,9057.694202146438,4942.305797853562
1413,test,85000,108275.56805692085,-23275.56805692085
4553,test,6500,7375.207904292246,-875.207904292246
2544,test,40000,33122.91000695689,6877.0899930431115
1556,test,16000,20268.57239929484,-4268.572399294841
1495,test,17000,18613.849098796643,-1613.8490987966434
164,test,40000,17483.455884566396,22516.544115433604
1829,test,18000,10209.242579155387,7790.757420844613
1159,test,40000,44394.05274417893,-4394.052744178931
2215,test,48000,45246.44069499576,2753.559305004237
3334,test,9500,13887.701787289681,-4387.701787289681
3062,test,12500,9734.503424978513,2765.496575021487
190,test,13000,14029.62332509648,-1029.6233250964797
4297,test,8000,5636.779179320367,2363.220820679633
4220,test,14000,11609.04026196382,2390.9597380361793
4491,test,10500,12928.564210902921,-2428.5642109029213
3957,test,6000,7424.091264978579,-1424.0912649785787
4146,test,9000,7027.211637076522,1972.7883629234784
33,test,5000,7792.101175419257,-2792.101175419257
3270,test,16000,14724.661080530377,1275.3389194696229
1972,test,15000,11031.377412928929,3968.6225870710714
3738,test,8000,9310.664809312408,-1310.6648093124077
2442,test,4500,7586.488593387665,-3086.488593387665
1175,test,35000,37884.34750433306,-2884.347504333062
914,test,27000,23741.30890468171,3258.6910953182887
2192,test,7500,9499.684085621475,-1999.6840856214749
1220,test,46000,46804.093521246024,-804.0935212460245
4341,test,60000,123976.58255928253,-63976.58255928253
4356,test,12500,11702.529389799209,797.4706102007913
2682,test,13000,21507.57430757755,-8507.57430757755
1724,test,10500,10453.68435047866,46.315649521340674
2650,test,190000,95031.68860451764,94968.31139548236
151,test,3500,6726.062658553951,-3226.062658553951
420,test,10000,6746.058596141672,3253.941403858328
4518,test,9000,9299.165124960176,-299.1651249601764
1874,test,15000,11409.363440508636,3590.636559491364
136,test,5000,6419.689631945313,-1419.6896319453126
3853,test,5000,6161.259871190069,-1161.2598711900691
3435,test,90000,50370.459679183594,39629.540320816406
3357,test,15000,11095.083515310967,3904.9164846890326
3038,test,35000,27228.969433743703,7771.030566256297
4008,test,15000,13600.292156225058,1399.7078437749424
4710,test,25000,23568.647873551086,1431.3521264489136
2580,test,27000,10857.200704879351,16142.799295120649
3757,test,34000,37621.99448673317,-3621.9944867331724
4574,test,13000,11671.315007679761,1328.684992320239
2524,test,12000,24979.971289277273,-12979.971289277273
1774,test,17000,21907.199042639917,-4907.199042639917
389,test,10000,9973.289085730798,26.710914269202476
716,test,33000,36856.589094672716,-3856.589094672716
2954,test,16500,20883.706135389053,-4383.706135389053
3885,test,8200,6555.184115914032,1644.8158840859678
721,test,100000,46157.96327952835,53842.03672047165
1194,test,25000,46991.18747665281,-21991.187476652813
1852,test,24000,28093.29234457589,-4093.2923445758897
3869,test,75000,89038.74227213253,-14038.742272132527
3084,test,24000,15186.48729083049,8813.51270916951
1534,test,30000,12004.928995843906,17995.071004156096
1999,test,24000,23694.650291760314,305.34970823968615
3965,test,10500,8958.49601547716,1541.5039845228403
1819,test,7500,7478.362058289074,21.63794171092559
1084,test,160000,92381.03124441953,67618.96875558047
1771,test,15000,11897.63719266862,3102.3628073313794
3060,test,27000,25649.472356360002,1350.5276436399981
4526,test,12500,16225.5635998381,-3725.5635998381003
3375,test,7000,11996.753616513794,-4996.7536165137935
1231,test,80000,84164.32578997538,-4164.325789975381
2586,test,14000,11217.6144437546,2782.385556245399
1768,test,16000,14509.161035633015,1490.8389643669852
202,test,15000,10384.652485883991,4615.347514116009
2862,test,14000,14913.796524734182,-913.7965247341817
47,test,12000,6983.4685864467765,5016.5314135532235
1365,test,350000,243231.16172356033,106768.83827643967
4226,test,27000,17490.85203873651,9509.14796126349
4072,test,25000,18394.07541234949,6605.924587650508
2958,test,14000,15986.133597025222,-1986.1335970252221
2688,test,70000,52289.39985085146,17710.600149148537
1279,test,52000,31441.433601044635,20558.566398955365
4509,test,35000,95258.03490155276,-60258.03490155276
1204,test,25000,20456.029801616074,4543.970198383926
3655,test,10500,14145.519652524636,-3645.5196525246356
2167,test,18000,13848.142953279637,4151.857046720363
2931,test,7000,11599.234542439703,-4599.234542439703
3091,test,9000,7958.867648758605,1041.1323512413946
1900,test,25000,13084.375378766888,11915.624621233112
2146,test,17000,17010.712605987974,-10.712605987973802
4590,test,15000,11232.192793633096,3767.807206366904
2982,test,15000,8607.688452711023,6392.311547288977
2602,test,29000,45414.51713206798,-16414.51713206798
528,test,60000,25923.953241067222,34076.046758932775
3136,test,15000,21329.4089185429,-6329.4089185429
1143,test,250000,360924.7979094579,-110924.79790945788
3199,test,70000,36312.90872277973,33687.09127722027
493,test,6000,5727.038424326762,272.96157567323826
2176,test,16000,17197.447044688648,-1197.447044688648
4699,test,13000,12683.433040351421,316.56695964857863
1471,test,54500,49358.19268996998,5141.807310030017
2636,test,130000,104465.80386192123,25534.19613807877
4183,test,12333,11649.946371289854,683.0536287101459
2411,test,95000,73982.39056483084,21017.609435169157
1038,test,70000,108092.88063723088,-38092.880637230875
4164,test,15000,19593.338492599432,-4593.338492599432
4374,test,18000,10915.890482753699,7084.109517246301
2160,test,10000,8287.014981095454,1712.9850189045465
4682,test,20000,22371.27699181149,-2371.27699181149
2174,test,10000,15627.243781184963,-5627.243781184963
2312,test,85000,63731.09720196628,21268.90279803372
3903,test,60000,32269.798558038307,27730.201441961693
2085,test,18000,16478.248198510646,1521.751801489354
4535,test,18500,14417.7473216069,4082.2526783931007
1099,test,85000,72755.96759948696,12244.032400513039
1407,test,6500,28408.351942933576,-21908.351942933576
1179,test,130000,112460.49340110947,17539.506598890526
353,test,6500,4557.554415348995,1942.4455846510054
741,test,320000,381658.57598947134,-61658.57598947134
4245,test,30000,26013.357450993182,3986.6425490068177
1490,test,90000,109704.64848225171,-19704.64848225171
264,test,8000,8992.839612347232,-992.8396123472321
2520,test,35000,10164.156067593942,24835.84393240606
4719,test,30000,34673.466183825956,-4673.466183825956
1846,test,12000,18010.09772663437,-6010.097726634369
611,test,85000,70525.78092117299,14474.219078827009
4620,test,20000,13658.560808463453,6341.439191536547
3245,test,20000,14103.05778352762,5896.94221647238
4523,test,35000,29508.870744595995,5491.129255404005
4006,test,12500,14630.913260043631,-2130.9132600436315
3004,test,6000,12427.075300965502,-6427.075300965502
2029,test,8000,8155.602242610004,-155.6022426100044
2262,test,8000,10194.912807337721,-2194.9128073377215
572,test,27000,27543.081838106365,-543.0818381063655
1787,test,16500,16474.990961256666,25.009038743333804
1547,test,7500,7600.375070917904,-100.37507091790394
871,test,85000,106569.52481961064,-21569.52481961064
1928,test,35000,19690.270413202004,15309.729586797996
4432,test,10000,19421.790639416515,-9421.790639416515
1924,test,6000,7318.998560730608,-1318.998560730608
456,test,9500,8313.47197401904,1186.5280259809606
3870,test,250000,75531.82663303174,174468.17336696826
4264,test,14000,14617.473564205238,-617.4735642052383
329,test,3000,5249.991250360581,-2249.991250360581
1786,test,17000,11291.863596149884,5708.136403850116
280,test,7000,7955.529733368391,-955.5297333683911
2095,test,26000,24209.681312895525,1790.3186871044745
2773,test,19500,14066.25307584397,5433.74692415603
2857,test,22999,29359.606819788267,-6360.606819788267
3801,test,9000,7004.1692505025185,1995.8307494974815
635,test,32000,21492.725305351865,10507.274694648135
1152,test,26500,33246.57633532044,-6746.576335320438
1985,test,13500,6840.54248402757,6659.45751597243
3390,test,13000,18955.83976665258,-5955.839766652582
3747,test,8000,6701.215957280074,1298.7840427199262
1177,test,20000,15960.250325265008,4039.7496747349924
2144,test,7700,8982.154239422249,-1282.1542394222488
4733,test,29000,25829.376859020445,3170.6231409795546
832,test,55000,64945.769172587294,-9945.769172587294
425,test,5000,6130.086074999377,-1130.0860749993772
1821,test,11000,13662.80271321333,-2662.80271321333
3426,test,10000,10418.06309160192,-418.06309160191995
1212,test,20000,25361.200076324574,-5361.200076324574
3473,test,12000,17380.665198456296,-5380.665198456296
1898,test,12000,15792.607347640476,-3792.6073476404763
4552,test,7500,7332.925797485935,167.0742025140653
1872,test,9000,13053.523165141536,-4053.523165141536
1754,test,14500,20255.11124080049,-5755.111240800488
1320,test,45000,46816.26912667279,-1816.2691266727925
1012,test,42000,47137.74067233391,-5137.740672333908
3067,test,34000,32363.328989047997,1636.6710109520027
1435,test,150000,94368.49950063937,55631.50049936063
903,test,50000,38512.3623704943,11487.637629505698
2775,test,20000,23558.827505385358,-3558.8275053853577
1275,test,40000,32309.52199141261,7690.47800858739
2874,test,18000,12016.761509381611,5983.238490618389
1565,test,20000,15047.14801719554,4952.851982804459
963,test,52000,55642.66577138444,-3642.6657713844397
2984,test,7600,11006.198972479215,-3406.1989724792147
2922,test,90000,65183.38550920161,24816.61449079839
1501,test,17000,15947.739756261868,1052.260243738132
3178,test,12000,11241.02651783487,758.9734821651291
159,test,6000,7173.988686736768,-1173.9886867367677
2579,test,24000,17471.22312996985,6528.776870030149
3967,test,9000,10655.14719948269,-1655.1471994826898
1151,test,75000,99210.75774090984,-24210.757740909845
3855,test,14000,14290.143595057658,-290.1435950576579
3947,test,13000,13435.504906274058,-435.50490627405816
2462,test,40000,27594.581029855297,12405.418970144703
4248,test,7500,6539.630089374551,960.3699106254489
4168,test,5500,6871.538072463799,-1371.538072463799
1860,test,14000,15061.159865642507,-1061.1598656425067
666,test,55000,127182.75556732142,-72182.75556732142
770,test,120000,92350.78818423186,27649.21181576814
4076,test,11000,13482.930524800486,-2482.9305248004857
1938,test,7000,8402.756143685361,-1402.7561436853612
3514,test,34000,21111.88914924641,12888.11085075359
4175,test,7500,7500.049194672935,-0.04919467293530033
2713,test,6000,11365.86660863956,-5365.866608639561
1363,test,23000,29138.6163271013,-6138.616327101299
3475,test,26000,13656.410519562398,12343.589480437602
2714,test,18000,14331.260603982186,3668.739396017814
4334,test,12000,11855.70204165108,144.29795834891956
2696,test,13500,10756.93430483943,2743.0656951605706
1297,test,55000,70283.51380811057,-15283.513808110569
2316,test,16000,18497.202590934427,-2497.2025909344266
537,test,28000,29732.351394938956,-1732.3513949389562
1409,test,69999,99989.30299594153,-29990.30299594153
3574,test,9500,12255.924889880465,-2755.9248898804653
1651,test,32900,22509.605021912077,10390.394978087923
3117,test,8000,5966.793599222183,2033.2064007778172
1769,test,5000,7387.39349514189,-2387.3934951418896
3820,test,13500,13499.750765052713,0.24923494728682272
1333,test,25000,19444.853938368764,5555.146061631236
4275,test,12000,15123.652942558429,-3123.6529425584285
1596,test,10000,11619.136782317442,-1619.1367823174423
369,test,9000,6844.298293493528,2155.701706506472
4368,test,32000,17856.665979637433,14143.334020362567
2606,test,8000,8164.775330904459,-164.77533090445922
4385,test,13000,7973.085786474738,5026.914213525262
3352,test,26000,28756.9798368227,-2756.9798368226984
1298,test,66000,47897.00299710229,18102.99700289771
748,test,130000,86382.4938677001,43617.506132299895
2320,test,5000,14158.964185075301,-9158.964185075301
4534,test,200000,94664.67850018512,105335.32149981488
2767,test,18000,12996.140059824773,5003.859940175227
4155,test,12500,12962.157616575749,-462.15761657574876
2113,test,7500,7491.828954117565,8.171045882434555
2114,test,16000,13837.625264302531,2162.374735697469
4073,test,13000,9014.613323029636,3985.3866769703636
576,test,95000,71139.68039620707,23860.31960379293
2645,test,7000,15884.43891415622,-8884.43891415622
907,test,34000,38515.38121879065,-4515.3812187906515
1689,test,18000,13816.107337589057,4183.892662410943
3501,test,7000,7040.819782394633,-40.819782394632966
3699,test,13000,7630.796704717762,5369.203295282238
4577,test,4000,6653.573080829453,-2653.573080829453
612,test,50000,40325.94720124201,9674.052798757992
2340,test,19000,15784.30225723782,3215.6977427621805
2292,test,12000,8252.678170719395,3747.321829280605
1313,test,23000,22504.230534535283,495.76946546471663
3744,test,10000,12702.279591496388,-2702.279591496388
4081,test,20000,25813.75188011424,-5813.75188011424
3340,test,33000,43226.26416140436,-10226.26416140436
4493,test,16000,13284.587629051659,2715.412370948341
