row_id,split,actual_rent,predicted_rent,residual
1124,train,95000,70656.8414323156,24343.158567684397
3886,train,12000,19221.885961105636,-7221.885961105636
4122,train,14000,14032.813982437783,-32.813982437783125
2762,train,6500,8581.644093852188,-2081.6440938521882
1963,train,30000,20700.396234231535,9299.603765768465
345,train,12000,9675.672306218123,2324.3276937818773
3892,train,20000,17760.673894420415,2239.3261055795847
3420,train,6250,10079.458116366628,-3829.458116366628
2348,train,6000,6627.16274393531,-627.1627439353097
4572,train,37000,28406.920617400137,8593.079382599863
288,train,7000,7140.45308190328,-140.45308190327978
3875,train,58000,50395.04842234512,7604.95157765488
4652,train,9000,11836.998390474148,-2836.9983904741475
2920,train,10000,11773.061277021308,-1773.0612770213083
641,train,68000,64700.80237034967,3299.197629650327
3749,train,5000,6121.96601198091,-1121.9660119809096
3972,train,24000,13813.092578538064,10186.907421461936
1625,train,22000,24670.53237039341,-2670.532370393408
1703,train,20000,13387.927062694904,6612.072937305096
3288,train,35000,16757.25842450122,18242.74157549878
3553,train,13000,16016.385531464803,-3016.3855314648026
1465,train,70000,64353.98109856763,5646.01890143237
3938,train,13000,12119.430768376973,880.569231623027
885,train,32000,31435.678154610952,564.3218453890477
3121,train,11000,10495.185245245839,504.8147547541612
2055,train,18000,14549.903434017619,3450.0965659823814
381,train,12000,15359.405098422694,-3359.405098422694
2810,train,9500,12151.230955009387,-2651.230955009387
2885,train,33500,29392.094011406116,4107.905988593884
3883,train,16000,19084.321834357856,-3084.3218343578556
2801,train,13000,16010.892892345357,-3010.892892345357
2695,train,7500,10266.226067365666,-2766.2260673656656
1899,train,75000,59181.20806668505,15818.791933314948
4455,train,16000,15041.299298683925,958.7007013160746
3793,train,10000,9732.930026355709,267.06997364429117
3668,train,9000,13757.535996165894,-4757.535996165894
1839,train,16500,18982.13587751311,-2482.1358775131084
3894,train,12500,13671.09710847749,-1171.09710847749
1355,train,52000,45746.88823504407,6253.111764955931
2697,train,14000,15496.6347146748,-1496.6347146747994
514,train,22000,23308.516919504495,-1308.5169195044946
927,train,30000,25689.673589284193,4310.326410715807
1104,train,17000,20858.080466260664,-3858.0804662606643
3360,train,8000,8548.115687871514,-548.1156878715137
2768,train,30000,45296.51525394677,-15296.515253946767
1165,train,52000,56527.85965023546,-4527.859650235463
2715,train,18000,18152.33355522337,-152.33355522336933
4305,train,6000,8892.714838183481,-2892.7148381834813
1257,train,100000,153186.34173020878,-53186.34173020878
2594,train,18000,18566.87819651367,-566.8781965136695
3217,train,20000,22040.67848512243,-2040.6784851224293
3163,train,10000,14104.721749595437,-4104.721749595437
1554,train,15000,14358.804970329333,641.1950296706673
3088,train,26000,26754.702641212712,-754.7026412127125
998,train,70000,86848.37806088288,-16848.378060882882
417,train,6500,7058.722407907745,-558.722407907745
427,train,5500,5856.896900246429,-356.89690024642914
2632,train,40000,28881.947774220127,11118.052225779873
4519,train,18000,21315.531638512708,-3315.531638512708
850,train,190000,244374.15258000686,-54374.15258000686
3968,train,11000,10338.425872250318,661.5741277496818
4003,train,6000,7376.420246471572,-1376.4202464715718
3265,train,24000,30905.319326927485,-6905.319326927485
108,train,8000,9304.199024449917,-1304.1990244499175
3309,train,7500,7217.113946082023,282.8860539179768
3872,train,60000,63039.1965754501,-3039.1965754500998
2286,train,15000,12141.542290966556,2858.457709033444
1950,train,40000,35812.347597033215,4187.652402966785
3657,train,20000,20546.833030850896,-546.8330308508957
4546,train,10000,10321.48729053978,-321.4872905397806
4600,train,20000,12642.3024647529,7357.6975352471
2379,train,80000,56703.179766338835,23296.820233661165
4379,train,12500,11806.714785760076,693.2852142399242
3836,train,20000,17495.626081478153,2504.3739185218474
2806,train,14000,9616.74074719301,4383.259252806991
376,train,7000,7625.034094634758,-625.0340946347578
2051,train,7000,7299.246684657726,-299.2466846577263
1805,train,15000,10464.068574148576,4535.931425851424
2744,train,12000,13535.393031194875,-1535.3930311948752
549,train,20000,21519.028761550042,-1519.028761550042
1378,train,24000,30638.518821616457,-6638.518821616457
2728,train,13500,18214.131490233838,-4714.131490233838
3220,train,11000,12559.352087536074,-1559.3520875360737
575,train,40000,37922.01500291806,2077.9849970819414
468,train,6500,6691.811716881568,-191.81171688156792
213,train,11000,8379.360047110848,2620.6399528891525
3526,train,15000,19547.283085978503,-4547.283085978503
4278,train,15000,14186.947654946722,813.0523450532783
677,train,55000,65558.77778510125,-10558.77778510125
3410,train,15000,22945.81965824433,-7945.819658244331
3041,train,12000,15638.592287476464,-3638.5922874764638
1994,train,22000,22000.616378892148,-0.6163788921476225
1222,train,21000,24980.108096979722,-3980.108096979722
1570,train,8500,10344.797300358383,-1844.797300358383
4271,train,13000,14330.879390589269,-1330.879390589269
438,train,5000,5547.336212362981,-547.3362123629813
821,train,34000,29942.155824874975,4057.844175125025
4449,train,9000,8904.83764314086,95.16235685914035
3025,train,11200,10824.220925647316,375.7790743526839
530,train,300000,266452.1585147572,33547.841485242825
2702,train,4000,5256.135599059424,-1256.1355990594238
3884,train,18000,28113.413980559573,-10113.413980559573
2745,train,13500,10605.840971041805,2894.1590289581945
1722,train,19000,16910.243597889472,2089.756402110528
1704,train,28000,23478.132480242515,4521.867519757485
661,train,35000,45462.91568052346,-10462.91568052346
1243,train,72000,44771.22378574864,27228.77621425136
1027,train,230000,144585.64196712544,85414.35803287456
4463,train,20000,20014.109981506204,-14.109981506204349
2210,train,10000,12579.091756825128,-2579.091756825128
1607,train,6000,8971.342718327991,-2971.342718327991
163,train,9000,10255.140737697617,-1255.1407376976167
3591,train,7000,6398.395938109871,601.6040618901288
4262,train,10000,7028.376278035953,2971.623721964047
2722,train,20000,20191.51031396313,-191.51031396312828
4058,train,30000,36144.82385089753,-6144.823850897526
3627,train,15000,14088.60434433896,911.3956556610392
3187,train,13000,17311.655320216505,-4311.655320216505
812,train,36000,41983.88291706235,-5983.88291706235
1508,train,13500,8462.393007743636,5037.606992256364
2811,train,15000,18859.309847831864,-3859.3098478318643
3362,train,12000,13456.485224357477,-1456.485224357477
4457,train,12000,14249.744787363596,-2249.7447873635956
421,train,12000,10085.872324174752,1914.127675825248
1477,train,70000,55198.330862961324,14801.669137038676
1588,train,10000,10240.12257844676,-240.1225784467606
313,train,15000,15134.373780294836,-134.37378029483625
3945,train,12000,14877.26560693942,-2877.2656069394197
2161,train,24000,21835.248845661255,2164.7511543387445
277,train,15000,8257.393253307373,6742.606746692627
2750,train,9000,9369.02976826286,-369.02976826286067
140,train,12500,10930.109059710347,1569.8909402896534
1383,train,37000,48729.54836150994,-11729.548361509937
2708,train,10000,8674.862571304218,1325.1374286957816
1881,train,15000,14743.005017023459,256.994982976541
4448,train,400000,328114.42350953305,71885.57649046695
310,train,9000,6802.133064493623,2197.8669355063766
3601,train,18000,16245.074088087218,1754.9259119127819
4279,train,15000,10810.0225168479,4189.977483152101
3190,train,15000,14878.692173107189,121.30782689281114
1347,train,20000,17289.188843489468,2710.811156510532
2295,train,30000,22125.750958697863,7874.249041302137
189,train,6500,5886.234047711251,613.7659522887488
1923,train,24000,16600.090309854902,7399.909690145098
1842,train,17000,13528.07606195781,3471.9239380421895
1155,train,38000,42266.17586267618,-4266.17586267618
3933,train,23000,14986.992084321642,8013.007915678358
61,train,30000,26726.29089342609,3273.7091065739114
1691,train,20000,16387.02578098082,3612.974219019179
499,train,6000,7654.7340365530545,-1654.7340365530545
1733,train,12500,13815.076016982834,-1315.0760169828336
2555,train,6000,6993.657176617395,-993.6571766173947
2004,train,15000,8788.267615785653,6211.732384214347
1337,train,110000,111731.39083229002,-1731.3908322900243
2652,train,60000,63788.091059560524,-3788.0910595605237
3823,train,22000,21029.2586393703,970.7413606297014
2193,train,34000,36766.674673541245,-2766.6746735412453
1425,train,35000,35687.34756737701,-687.3475673770081
2893,train,16000,18271.159698888583,-2271.159698888583
687,train,100000,82692.16927229121,17307.830727708788
1517,train,7500,7298.424685333116,201.57531466688397
852,train,75000,92445.9703975892,-17445.970397589204
4726,train,35000,24169.194722519278,10830.805277480722
261,train,7000,8343.962024265562,-1343.962024265562
4487,train,18000,14491.302998021363,3508.6970019786368
3852,train,15000,11663.625862555196,3336.3741374448036
4246,train,18000,13180.09801513689,4819.901984863111
584,train,13000,24846.1741661154,-11846.174166115401
1305,train,51000,60136.9941150641,-9136.994115064103
875,train,15000,12931.871753769568,2068.1282462304316
4116,train,14000,14748.767401042433,-748.7674010424325
1608,train,17000,13204.505417744514,3795.4945822554855
4302,train,18000,20561.60791642376,-2561.60791642376
1560,train,12000,7230.784928484083,4769.215071515917
827,train,40000,48146.681592878085,-8146.681592878085
625,train,85000,79542.40003719044,5457.59996280956
4274,train,25000,17714.23406080803,7285.76593919197
1984,train,11000,7631.789446713415,3368.2105532865853
1642,train,12000,17512.461210590467,-5512.461210590467
1278,train,15000,17406.99482313116,-2406.994823131161
4468,train,24000,27944.16010149994,-3944.1601014999396
1742,train,14000,26519.443786567255,-12519.443786567255
4400,train,50000,55046.56847924496,-5046.568479244961
522,train,25000,13962.539647192063,11037.460352807937
4688,train,12000,11366.832770173844,633.1672298261565
614,train,120000,62144.482105941475,57855.517894058525
2223,train,28000,26171.1540485127,1828.8459514872993
2483,train,12000,14506.622436051386,-2506.622436051386
2281,train,22000,24304.59632269532,-2304.596322695321
3394,train,20000,20709.95515331893,-709.9551533189297
2698,train,18000,22586.783513137176,-4586.783513137176
935,train,18000,23475.452622207817,-5475.452622207817
1987,train,55000,49410.336711423835,5589.663288576165
483,train,5000,5399.893884223179,-399.89388422317916
4396,train,24000,17365.12381412364,6634.876185876361
2047,train,11000,9878.020970582003,1121.9790294179966
459,train,22500,18522.22487139557,3977.7751286044295
4615,train,5000,7571.269818484616,-2571.269818484616
4156,train,31000,36934.10713133329,-5934.107131333287
3871,train,10000,10649.72124186447,-649.7212418644704
2116,train,14000,10622.871062398557,3377.128937601443
3081,train,12000,15884.09347616189,-3884.09347616189
4094,train,12000,10997.265972724535,1002.7340272754645
4632,train,9000,11031.73272967359,-2031.7327296735893
4229,train,8000,8957.516926229608,-957.5169262296076
3713,train,19000,13064.043560584882,5935.956439415118
2010,train,50000,27627.647761997043,22372.352238002957
1589,train,7000,6259.23511957659,740.7648804234104
1139,train,77000,84362.84681641121,-7362.846816411213
2494,train,14000,11990.738439437351,2009.2615605626488
1552,train,84000,73852.74435270575,10147.255647294252
3294,train,65000,72250.31457992722,-7250.314579927217
3145,train,8500,6814.421294627373,1685.5787053726272
1751,train,7500,9098.701454431306,-1598.701454431306
30,train,7500,5193.332105010194,2306.667894989806
462,train,14000,15666.931189069977,-1666.9311890699773
3110,train,9000,8312.532537207751,687.4674627922486
3479,train,12000,11822.796261031966,177.20373896803358
2545,train,36000,33735.94915300442,2264.050846995582
2384,train,40000,21249.758712860494,18750.241287139506
1546,train,16000,15150.165938327533,849.8340616724672
917,train,8000,18312.10148302989,-10312.101483029888
4601,train,10000,11460.580786212826,-1460.5807862128258
432,train,5500,7264.010281168895,-1764.0102811688948
4668,train,7000,11015.531649285267,-4015.531649285267
901,train,75000,89708.1162586369,-14708.116258636903
3599,train,22000,25065.298408051993,-3065.2984080519927
1882,train,11000,12488.480255920118,-1488.480255920118
1939,train,24000,18686.862186542166,5313.1378134578335
2077,train,11000,9873.251526474123,1126.7484735258768
2662,train,35000,44902.29002069887,-9902.29002069887
1685,train,17500,16433.60479760584,1066.3952023941602
1036,train,100000,121471.59461512014,-21471.594615120135
3856,train,20000,13315.216844181738,6684.7831558182625
406,train,5500,6464.73300475105,-964.7330047510504
3233,train,25000,18580.52479919562,6419.47520080438
1880,train,10000,13636.369277324275,-3636.3692773242747
3802,train,14000,15031.674016463014,-1031.6740164630137
1537,train,7500,7972.019918150909,-472.0199181509088
4389,train,15000,19779.250509621044,-4779.250509621044
1185,train,76000,54897.72096447903,21102.279035520973
418,train,4500,5703.329010174715,-1203.3290101747152
1068,train,130000,120000.57364866698,9999.426351333022
3838,train,15000,13581.894964279521,1418.1050357204786
4501,train,8000,7921.738223679001,78.26177632099916
4548,train,10000,11097.268950092535,-1097.2689500925353
2082,train,10000,9959.093375664823,40.906624335177185
3558,train,24000,21012.934086404992,2987.065913595008
2248,train,12000,14286.151240770252,-2286.151240770252
147,train,8000,9312.515353732057,-1312.5153537320566
4133,train,20000,15661.686570457468,4338.313429542532
137,train,17500,20306.95124489677,-2806.951244896769
76,train,5500,6502.0513749305965,-1002.0513749305965
4565,train,18000,16813.699890420212,1186.300109579788
2218,train,40000,25361.65560329058,14638.34439670942
833,train,80000,121354.22775004154,-41354.22775004154
1188,train,39000,43694.52228481538,-4694.522284815379
43,train,8500,8949.467438297577,-449.46743829757725
3680,train,8000,13446.902371837163,-5446.902371837163
2257,train,7000,8165.3432772624055,-1165.3432772624055
2529,train,24000,12882.038752877394,11117.961247122606
4678,train,30000,17392.552749984094,12607.447250015906
4492,train,37000,28899.85982043024,8100.14017956976
2639,train,15000,11097.129041061864,3902.870958938136
2492,train,14000,12724.364442916109,1275.6355570838914
3011,train,22000,15605.72069599947,6394.279304000531
838,train,450000,500492.72916715324,-50492.729167153244
3332,train,20000,22012.915298708424,-2012.9152987084235
3720,train,40000,34748.83204558301,5251.167954416989
323,train,8500,10170.605332551058,-1670.6053325510584
4023,train,12000,14355.471795337084,-2355.4717953370837
3733,train,20000,19223.016644116196,776.9833558838036
274,train,30000,36071.57172760919,-6071.571727609189
1373,train,24000,34766.66144524041,-10766.66144524041
3336,train,23000,19143.047734016243,3856.9522659837567
2783,train,10000,10705.207549084495,-705.2075490844945
169,train,40000,24424.72401260662,15575.27598739338
2541,train,16000,27320.28527364442,-11320.285273644418
1461,train,30000,33700.33335281455,-3700.333352814552
2903,train,110000,88183.44163075605,21816.558369243954
2990,train,26000,25217.263178139976,782.7368218600241
4685,train,17000,13690.039181776778,3309.9608182232223
894,train,15500,18558.996780111258,-3058.996780111258
4007,train,25000,18503.81371460124,6496.186285398759
631,train,50000,45955.76395550135,4044.236044498648
2777,train,6500,7771.773506943588,-1271.7735069435876
3455,train,45000,54186.5985174351,-9186.5985174351
2230,train,16000,13623.472441366539,2376.527558633461
3723,train,35000,16959.832149246882,18040.167850753118
2886,train,9500,7801.102795966393,1698.8972040336066
4472,train,15000,12420.836200403444,2579.1637995965557
2408,train,9000,9982.994706468113,-982.9947064681128
730,train,95000,122647.0918265772,-27647.091826577205
2184,train,24000,20888.814583075262,3111.185416924738
703,train,40000,41829.8807391053,-1829.8807391052978
652,train,43000,46222.71893365976,-3222.7189336597585
1280,train,13000,22928.806415867497,-9928.806415867497
4213,train,42000,39583.09354232717,2416.906457672827
1905,train,6000,8386.310208907606,-2386.3102089076056
4298,train,13000,13461.942836842933,-461.9428368429326
484,train,10000,10588.124654909547,-588.1246549095467
3146,train,20000,37537.76916587223,-17537.769165872232
1955,train,15000,13562.394361822506,1437.6056381774943
4100,train,16500,20431.89731049772,-3931.8973104977194
2053,train,4800,6891.113866884011,-2091.1138668840113
4067,train,1200,4161.571404957547,-2961.571404957547
302,train,20000,12310.776072834218,7689.223927165782
2967,train,7500,8399.103092607047,-899.1030926070471
4127,train,10000,12546.775148324137,-2546.7751483241373
3285,train,8000,9097.301114371221,-1097.301114371221
1809,train,22000,12556.57738995256,9443.42261004744
4360,train,26000,22534.045064055317,3465.954935944683
1973,train,70000,36763.055027857234,33236.944972142766
1614,train,7000,6175.46254660542,824.5374533945796
3192,train,19000,17204.944072148617,1795.0559278513829
3764,train,6000,6149.710477252944,-149.71047725294375
2352,train,17500,13801.974940606666,3698.0250593933342
4150,train,12000,13995.598772637986,-1995.5987726379863
2241,train,14000,11799.26100265847,2200.73899734153
2930,train,5500,7549.817851593254,-2049.817851593254
610,train,50000,53183.757178223816,-3183.7571782238156
3791,train,12500,8417.162510625747,4082.837489374253
3056,train,22000,22045.754020547884,-45.754020547883556
1783,train,20000,14382.772172178331,5617.227827821669
776,train,150000,145890.48034786258,4109.519652137416
4513,train,60000,53398.456740005306,6601.543259994694
1116,train,55000,67319.4729861223,-12319.472986122302
2140,train,13900,12376.648172596548,1523.3518274034523
3468,train,26000,25782.556352875166,217.44364712483366
2106,train,12000,9426.478978924652,2573.5210210753485
1380,train,600000,609593.6519160828,-9593.651916082832
4201,train,10000,12690.6761301107,-2690.6761301107
2871,train,30000,24878.409366267857,5121.590633732143
191,train,9000,7334.265957147182,1665.7340428528178
1046,train,27000,24316.783002975848,2683.216997024152
973,train,85000,80606.60842650739,4393.391573492612
4499,train,35000,32921.70485694673,2078.2951430532703
449,train,4000,4697.755695728473,-697.7556957284733
628,train,50000,65041.477925068495,-15041.477925068495
1403,train,20000,12744.211173991775,7255.788826008225
4311,train,9500,10960.167852930703,-1460.1678529307028
3416,train,10000,11120.76671099915,-1120.7667109991507
1303,train,50000,55553.15109722681,-5553.151097226808
3383,train,30000,28039.124286004477,1960.8757139955233
4293,train,70000,74421.82966825893,-4421.829668258928
616,train,110000,126089.66948634035,-16089.669486340354
745,train,100000,106140.69405234637,-6140.694052346371
193,train,12000,10834.019924446406,1165.9800755535944
1862,train,8000,11582.320427870605,-3582.3204278706053
1449,train,45000,25958.49380236249,19041.50619763751
3064,train,40000,44201.92766305606,-4201.9276630560635
46,train,4600,7880.930497414,-3280.9304974139995
4291,train,12000,11572.824656684443,427.17534331555726
3950,train,4000,6244.807383856867,-2244.807383856867
3506,train,15000,16891.437905649433,-1891.4379056494327
1107,train,35500,40406.76064788505,-4906.76064788505
4102,train,8500,11086.687012181288,-2586.687012181288
2143,train,13000,14257.735643810423,-1257.7356438104234
2369,train,7500,10101.227170916352,-2601.2271709163524
642,train,150000,153859.04920440458,-3859.0492044045823
3061,train,8000,7953.483236702874,46.51676329712609
4074,train,35000,26920.501958338897,8079.498041661103
1225,train,65000,79241.50888795596,-14241.508887955963
777,train,230000,293870.1063714782,-63870.10637147818
3545,train,26000,39502.83805477899,-13502.838054778993
4154,train,6000,6483.73910215167,-483.7391021516696
3249,train,15000,12324.568612840361,2675.4313871596387
3931,train,22000,23194.71004901483,-1194.7100490148296
1158,train,180000,108470.1503638686,71529.8496361314
3168,train,14000,22145.458159154237,-8145.458159154237
815,train,42000,45587.34967528827,-3587.349675288271
2381,train,14000,22616.11660146943,-8616.116601469432
4357,train,18000,12093.654207870259,5906.345792129741
1284,train,360000,315304.4660104718,44695.533989528194
331,train,6500,5167.413043825496,1332.586956174504
788,train,170000,146195.0812963384,23804.91870366159
1834,train,12500,11432.383597990889,1067.616402009111
4054,train,14000,11199.444131423,2800.5558685769993
1746,train,55000,48300.19305202678,6699.806947973222
1292,train,65000,73302.51958376598,-8302.519583765985
883,train,45000,36430.96809967948,8569.031900320522
2269,train,7000,8124.088867811192,-1124.0888678111924
4339,train,10000,12926.822634329972,-2926.822634329972
4284,train,9500,9079.922115261106,420.0778847388938
289,train,3500,4414.7477881817085,-914.7477881817085
4515,train,9000,11637.81441030478,-2637.81441030478
2879,train,28000,32846.366270570084,-4846.366270570084
2201,train,16500,14518.524118992003,1981.4758810079966
1960,train,26969,26648.963449308663,320.03655069133674
4530,train,8000,8938.194174427621,-938.194174427621
2824,train,9300,12013.89893271859,-2713.89893271859
263,train,6000,5339.275246115011,660.7247538849888
3020,train,5000,6708.959728877842,-1708.9597288778423
3299,train,26000,19413.752257320877,6586.247742679123
2006,train,27000,18207.12493151692,8792.875068483081
3547,train,15000,8191.347076552443,6808.652923447557
1864,train,15000,12857.79969295237,2142.2003070476294
441,train,5500,4922.9313683600985,577.0686316399015
1515,train,7500,9556.960310826038,-2056.960310826038
1412,train,45000,48041.32114497018,-3041.3211449701776
2798,train,37000,21905.3098259356,15094.690174064399
4331,train,6000,6697.774248636519,-697.7742486365187
4214,train,20000,18193.710483655243,1806.2895163447574
1487,train,65000,68562.00346687305,-3562.0034668730514
295,train,10500,9541.225908033259,958.7740919667413
2552,train,13000,9783.644525788792,3216.3554742112083
2877,train,16000,15575.817216844654,424.18278315534553
364,train,10000,8729.538075022283,1270.461924977717
3948,train,9500,12127.91999534034,-2627.9199953403404
3491,train,8500,8524.325241583396,-24.325241583395837
1658,train,14000,8995.131844662126,5004.868155337874
2324,train,12000,13115.227807433239,-1115.227807433239
761,train,36000,44824.77338877569,-8824.773388775691
4418,train,14000,11768.070235679217,2231.929764320783
758,train,35000,38776.5447576513,-3776.5447576513034
1095,train,25000,17021.97824523121,7978.02175476879
2228,train,12000,10141.158009995981,1858.841990004019
4188,train,7500,6544.736948296305,955.263051703695
3456,train,5000,6830.04532897637,-1830.04532897637
4618,train,9000,11920.124386755368,-2920.1243867553676
2661,train,36000,47362.76537038995,-11362.765370389949
4063,train,15000,10942.340308933473,4057.6596910665266
2050,train,9000,12936.972092031569,-3936.9720920315685
496,train,14000,9655.66549010847,4344.334509891531
810,train,40000,41692.69412642126,-1692.6941264212583
1797,train,5000,8181.349387396151,-3181.3493873961506
2599,train,25000,37729.122553688176,-12729.122553688176
471,train,7500,7246.595990315565,253.40400968443464
2071,train,35000,32260.047488449665,2739.9525115503347
1504,train,8000,9161.3950151198,-1161.3950151198005
3330,train,12000,7283.618854189791,4716.381145810209
1261,train,70000,87521.15734067591,-17521.157340675913
3578,train,18000,10850.17404608421,7149.82595391579
736,train,46000,44341.68726655926,1658.31273344074
2236,train,16000,17394.805138764485,-1394.8051387644846
955,train,72000,51511.315276574256,20488.684723425744
2718,train,11000,12354.232104461498,-1354.2321044614982
1100,train,26000,30291.172913074948,-4291.172913074948
4028,train,10000,12325.170455750364,-2325.1704557503635
2790,train,22000,28044.00223758713,-6044.00223758713
480,train,6000,11851.839298199191,-5851.839298199191
2278,train,20000,10354.648810913439,9645.351189086561
3411,train,75000,44881.293416751,30118.706583248997
4416,train,120000,103234.8060562868,16765.193943713195
3083,train,20000,22436.72647732844,-2436.7264773284405
910,train,24000,20669.724770356243,3330.2752296437575
3098,train,13000,12172.0922229832,827.9077770168005
1200,train,25000,26555.787452318607,-1555.7874523186074
3917,train,25000,23068.170491287154,1931.8295087128463
1974,train,19000,15280.483804945105,3719.5161950548954
2878,train,20000,21037.59912261581,-1037.5991226158112
3317,train,45000,18945.286462223696,26054.713537776304
3775,train,18500,21955.907297822192,-3455.907297822192
1707,train,20000,15475.245425478015,4524.754574521985
1830,train,11000,8889.243896689088,2110.7561033109123
2883,train,8000,9785.539071613961,-1785.539071613961
2121,train,15000,17712.36556141678,-2712.36556141678
2675,train,30000,36313.359458128856,-6313.359458128856
1142,train,40000,36976.70001477904,3023.2999852209614
393,train,7000,7315.134992258975,-315.1349922589752
1586,train,7000,7670.6435218415445,-670.6435218415445
884,train,35000,26300.01669612185,8699.98330387815
3443,train,16000,18093.186838629776,-2093.1868386297756
3891,train,11000,11139.088865241247,-139.08886524124682
3896,train,30000,24030.749568200587,5969.2504317994135
1680,train,12000,9150.736053032835,2849.263946967165
3227,train,30000,32857.86261129046,-2857.8626112904603
398,train,8000,6642.637655920799,1357.3623440792007
598,train,55000,53356.5911512331,1643.4088487668996
4144,train,45000,44942.71074073825,57.289259261749976
2122,train,9500,9415.05678619558,84.94321380441943
408,train,11000,12423.876701203857,-1423.876701203857
3850,train,8500,12090.631345634809,-3590.631345634809
811,train,40000,28138.96695397114,11861.03304602886
135,train,9000,9543.777268966722,-543.7772689667217
4,train,7500,9360.215851147967,-1860.2158511479665
3112,train,17000,23530.48488083234,-6530.48488083234
2493,train,14000,13564.471098838025,435.5289011619752
4025,train,45000,42483.4376288956,2516.5623711044027
987,train,75000,65626.46577637848,9373.534223621522
996,train,75000,52247.42833518393,22752.571664816067
1828,train,7000,6759.089419031073,240.9105809689272
4517,train,5800,9203.079749079858,-3403.0797490798577
2422,train,18000,13688.18476780336,4311.815232196641
3174,train,7000,7700.720373691551,-700.7203736915508
2517,train,22000,19468.88988099955,2531.1101190004483
1562,train,16000,15526.678808490355,473.32119150964536
3748,train,12000,9248.615588752118,2751.384411247882
2437,train,10000,8740.248370022497,1259.7516299775034
3380,train,16000,14891.131036834919,1108.8689631650814
4627,train,5000,4648.594947756315,351.4050522436846
4045,train,25000,14760.74789181843,10239.25210818157
2065,train,17681,17518.039920984844,162.96007901515623
764,train,7500,12021.654560135059,-4521.654560135059
237,train,5500,6724.183741672063,-1224.1837416720628
3188,train,9000,8569.279161726807,430.7208382731933
3404,train,45000,30799.9650813747,14200.0349186253
893,train,40000,72719.69237797051,-32719.69237797051
3241,train,85000,63955.36199347266,21044.63800652734
2330,train,12500,15571.421269630722,-3071.4212696307222
3815,train,100000,70349.13312389913,29650.866876100874
3058,train,6500,9297.146253450337,-2797.146253450337
396,train,35000,21203.896407816177,13796.103592183823
3759,train,15000,11618.574371947387,3381.4256280526133
1996,train,15000,18192.44411264971,-3192.4441126497113
479,train,10000,10700.41622144203,-700.4162214420303
4304,train,9000,12051.439013963929,-3051.439013963929
2815,train,250000,168850.65519311285,81149.34480688715
3566,train,15000,15341.0376662133,-341.0376662133003
4406,train,3000,5556.435463997464,-2556.4354639974636
2617,train,140000,95087.78595588736,44912.21404411264
154,train,7000,6854.961195593146,145.03880440685407
4182,train,16000,14881.229872609392,1118.7701273906077
705,train,230000,181345.0514510312,48654.948548968794
3611,train,8000,7852.951258688457,147.04874131154338
3017,train,12000,10959.963550451599,1040.036449548401
1045,train,46000,52113.364807113285,-6113.364807113285
2364,train,24000,23666.60797562571,333.3920243742905
1832,train,60000,48559.00869502116,11440.991304978837
188,train,7000,7975.757275605215,-975.757275605215
4235,train,26000,18920.17969019737,7079.8203098026315
2968,train,10000,11848.699207827554,-1848.6992078275543
3207,train,14000,12922.757884101706,1077.2421158982943
1247,train,8000,20149.948386816683,-12149.948386816683
2700,train,65000,39424.72832043063,25575.27167956937
3888,train,13000,9730.334553449842,3269.665446550158
344,train,7500,11268.096482211315,-3768.0964822113147
1289,train,130000,167733.9424446109,-37733.942444610904
2342,train,18000,23228.10827082585,-5228.108270825851
1851,train,40000,52122.07453234451,-12122.074532344508
533,train,33000,32094.170476660107,905.8295233398931
3954,train,13000,15378.595984632871,-2378.5959846328715
1354,train,55000,40165.74242506242,14834.257574937583
4684,train,22000,19614.472796293077,2385.5272037069226
2985,train,29000,34850.47834269336,-5850.478342693357
1744,train,11000,12431.082435671944,-1431.082435671944
1937,train,14000,13658.792576214777,341.207423785223
1840,train,13000,8422.452742448288,4577.547257551712
2812,train,12000,11794.816917745515,205.18308225448527
4642,train,8000,11853.998922260715,-3853.9989222607146
1806,train,130000,141852.77823837157,-11852.778238371568
3673,train,10000,10631.537367640307,-631.5373676403069
3536,train,12500,14220.94032366125,-1720.9403236612507
341,train,12000,11535.394936103208,464.60506389679176
2119,train,10000,8550.241607075555,1449.7583929244447
4735,train,45000,43933.216722189885,1066.7832778101147
2782,train,13000,12645.731620007462,354.26837999253803
2665,train,20000,18470.973604068407,1529.0263959315926
4042,train,10000,10971.756958260767,-971.7569582607666
2343,train,70000,64245.65146826077,5754.348531739233
67,train,7500,6737.63601759394,762.3639824060601
3629,train,7000,6901.405328556448,98.59467144355222
2273,train,15000,15685.760547129323,-685.7605471293227
4242,train,12000,14009.553714319643,-2009.5537143196434
206,train,5000,6170.2609033148365,-1170.2609033148365
3278,train,4500,7301.062820940285,-2801.062820940285
4503,train,5500,4923.996975498729,576.0030245012713
1775,train,30000,23019.72650330016,6980.27349669984
1506,train,50000,53633.94237905547,-3633.942379055472
1762,train,15000,23222.026941715812,-8222.026941715812
939,train,32000,50835.65564129576,-18835.655641295758
4243,train,15000,16907.965373440842,-1907.965373440842
4181,train,8000,10020.172311923914,-2020.172311923914
2464,train,6000,8766.516041428978,-2766.5160414289785
63,train,30000,24378.305855745548,5621.694144254452
3610,train,25000,25856.125540293524,-856.125540293524
4352,train,12000,12381.582097446886,-381.5820974468861
1400,train,20000,29469.48108962295,-9469.48108962295
2044,train,250000,204972.41677054056,45027.583229459444
3478,train,30000,12077.948282154974,17922.051717845025
2575,train,8000,8576.134368701516,-576.134368701516
3919,train,45000,51065.56548769052,-6065.565487690517
3054,train,16000,12208.525059030204,3791.474940969796
3210,train,7000,8801.186886953783,-1801.186886953783
3494,train,18000,13744.280146369741,4255.7198536302585
1069,train,58000,46855.93151346843,11144.06848653157
4512,train,9000,15116.846107654743,-6116.846107654743
1389,train,310000,348287.74405658164,-38287.744056581636
4326,train,18000,11592.409211991373,6407.590788008627
1854,train,16000,18866.335048969,-2866.3350489689983
3312,train,12000,13089.629995395031,-1089.629995395031
2928,train,30000,33371.61692548403,-3371.616925484028
1408,train,55000,60440.73336020168,-5440.733360201681
1136,train,40000,27872.163944505555,12127.836055494445
2748,train,200000,172057.8755909643,27942.124409035692
2668,train,14000,14106.305182327182,-106.30518232718168
2842,train,24000,26040.94020529937,-2040.9402052993682
545,train,22000,20182.37794558503,1817.6220544149692
3914,train,12000,12328.45780223536,-328.45780223535985
2528,train,140000,110303.30834916557,29696.69165083443
1564,train,11000,11301.91172091374,-301.9117209137403
842,train,55000,64930.44646672526,-9930.446466725261
2513,train,20000,19976.6866439687,23.313356031299918
2461,train,5000,8696.019798543257,-3696.019798543257
3832,train,11000,12542.357205038026,-1542.3572050380262
541,train,270000,266804.20161038527,3195.7983896147343
855,train,39000,31903.72100925639,7096.278990743609
804,train,50000,48016.66800696251,1983.3319930374928
372,train,35000,29502.129797502177,5497.870202497823
3457,train,30000,22169.65250206599,7830.34749793401
409,train,10000,8068.918234103477,1931.0817658965234
1153,train,45000,44756.332934239654,243.6670657603463
4325,train,22000,24512.371863419616,-2512.3718634196157
4504,train,5000,6909.045670675887,-1909.0456706758869
3268,train,16000,12039.870908573192,3960.1290914268084
2387,train,25000,29320.364296773725,-4320.364296773725
3729,train,12000,12470.54988543333,-470.5498854333291
1324,train,20000,33996.33524305981,-13996.33524305981
2358,train,4500,6147.0601852039945,-1647.0601852039945
4456,train,22000,22915.74754489667,-915.7475448966688
4628,train,6000,5519.022169244585,480.9778307554152
4187,train,14000,15694.158443829054,-1694.1584438290538
4032,train,130000,131138.40486318312,-1138.4048631831247
4348,train,12000,11327.626404510922,672.3735954890781
2840,train,150000,131374.56909948462,18625.430900515377
3144,train,30000,39038.0990904386,-9038.099090438598
1518,train,25000,24554.386791618403,445.61320838159736
334,train,8000,5967.07403862638,2032.9259613736203
1015,train,60000,44702.174179743415,15297.825820256585
3698,train,18000,18439.737021477787,-439.7370214777875
3873,train,12000,7858.810901911829,4141.189098088171
3238,train,22000,16512.279335645173,5487.720664354827
2378,train,20000,9373.65733499245,10626.34266500755
3184,train,12000,13480.186742223485,-1480.1867422234845
2677,train,11000,8359.16025629695,2640.8397437030508
2556,train,100000,90750.99271882782,9249.007281172177
4372,train,9000,7018.4592252143675,1981.5407747856325
2039,train,25000,19282.860665248525,5717.139334751475
223,train,12500,8634.674579028993,3865.3254209710067
1183,train,18000,27007.1404178754,-9007.140417875398
2301,train,10000,13679.6959551708,-3679.6959551708005
1244,train,180000,206576.84717562317,-26576.847175623174
4087,train,18000,19036.193514318467,-1036.1935143184674
2925,train,80000,64841.83135338913,15158.168646610873
2126,train,10000,7346.542850863766,2653.457149136234
2760,train,38000,22842.263719748265,15157.736280251735
3428,train,16000,17594.832511940596,-1594.8325119405963
3008,train,27000,34342.07169243268,-7342.071692432677
4659,train,12500,13536.803644413641,-1036.8036444136415
3724,train,4000,5848.753053495518,-1848.7530534955176
3296,train,13500,18166.52392924007,-4666.523929240069
2172,train,30000,32709.582393775483,-2709.582393775483
1463,train,90000,95838.23884878734,-5838.2388487873395
662,train,15000,20671.783784273546,-5671.783784273546
3462,train,17000,21507.46302442473,-4507.463024424731
4641,train,15500,10658.093648845048,4841.906351154952
465,train,20000,15172.592786285362,4827.407213714638
1683,train,25000,28009.323062211603,-3009.3230622116025
4138,train,12000,11678.343135903073,321.65686409692717
4132,train,6500,7083.944465194442,-583.9444651944423
2081,train,11000,10697.893586346068,302.10641365393167
1334,train,25000,24391.174168120735,608.825831879265
711,train,15000,17315.741216309452,-2315.7412163094523
1823,train,13500,11376.037451951712,2123.962548048288
473,train,15000,11631.379500077303,3368.6204999226975
4059,train,12000,13126.227408500748,-1126.2274085007484
3074,train,15000,16330.569870607564,-1330.5698706075636
3433,train,6000,7377.553883598537,-1377.5538835985371
3862,train,32000,30765.90077934266,1234.0992206573392
300,train,35000,19539.91281376343,15460.087186236571
2416,train,50000,47295.63166144296,2704.3683385570403
1909,train,5500,7066.9650836863075,-1566.9650836863075
2769,train,16000,11304.615505027165,4695.3844949728355
4607,train,15000,16551.580845377055,-1551.580845377055
3395,train,18000,7678.82579760453,10321.17420239547
24,train,8000,7901.832025055489,98.16797494451112
3301,train,15000,9185.877827730332,5814.122172269668
2097,train,8500,8998.92711004634,-498.9271100463393
450,train,30000,14104.03913689578,15895.96086310422
709,train,300000,146044.4254879825,153955.5745120175
4273,train,8000,11325.84110080061,-3325.8411008006096
2355,train,22000,15604.392419230375,6395.607580769625
114,train,15000,16859.440685557125,-1859.440685557125
923,train,43500,40138.749621466326,3361.250378533674
2625,train,10000,9113.23146965373,886.7685303462695
1879,train,21000,30358.182920449028,-9358.182920449028
4640,train,15000,15070.917000825355,-70.91700082535499
4380,train,25000,21160.53131599819,3839.468684001811
969,train,60000,54492.41842594295,5507.581574057047
1326,train,850000,669674.4600330116,180325.53996698838
3392,train,130000,93008.48470939908,36991.51529060092
3612,train,12500,10437.822236854803,2062.177763145197
4460,train,15000,13937.66690732753,1062.3330926724702
790,train,55000,52302.63959945539,2697.3604005446105
4358,train,21000,18873.76048716642,2126.239512833581
1887,train,20000,16571.358816212472,3428.6411837875276
985,train,22000,24055.73325020112,-2055.7332502011195
933,train,65000,52960.639609155725,12039.360390844275
4126,train,6500,7905.855563661629,-1405.8555636616293
2253,train,15000,13917.841049577515,1082.1589504224848
1308,train,30000,33055.65785506695,-3055.657855066951
4613,train,15000,16626.069694685884,-1626.0696946858843
1295,train,22000,33147.51491298864,-11147.514912988641
1750,train,12000,9028.019373922933,2971.9806260770674
4429,train,8000,12611.97000787198,-4611.97000787198
3593,train,8000,9418.357505676426,-1418.3575056764257
2153,train,14000,10236.212782468656,3763.787217531344
3572,train,130000,113261.44482383724,16738.555176162758
3128,train,17000,20565.037366883866,-3565.0373668838656
2155,train,20000,21449.555602076194,-1449.5556020761942
2621,train,6000,10467.22161407068,-4467.2216140706805
1624,train,11500,11852.71334844901,-352.7133484490096
551,train,25000,15722.046857091635,9277.953142908365
3966,train,100000,115036.05295917144,-15036.052959171444
1741,train,5000,8439.626118131171,-3439.626118131171
755,train,42000,49266.30591045784,-7266.305910457842
645,train,65000,79231.8553123981,-14231.855312398096
446,train,10000,10902.946902562697,-902.9469025626968
390,train,22000,21346.665805912326,653.3341940876744
4259,train,25000,18628.623571621978,6371.376428378022
222,train,25000,16146.757742553196,8853.242257446804
869,train,200000,161105.9191338718,38894.080866128206
3528,train,35000,35794.275033383914,-794.275033383914
205,train,15000,12440.132226770827,2559.8677732291726
1593,train,16000,13013.828614504388,2986.1713854956124
1370,train,60000,116728.46500913793,-56728.46500913793
2202,train,14500,15842.950058644778,-1342.9500586447775
1613,train,9000,7657.499832604909,1342.500167395091
3246,train,15000,13968.52913140277,1031.4708685972291
495,train,10000,6163.253782553673,3836.746217446327
2380,train,9500,9337.459602046307,162.54039795369317
2477,train,10000,10980.034222531096,-980.034222531096
123,train,8000,9926.850112141541,-1926.850112141541
2297,train,9250,11329.795440926193,-2079.795440926193
1908,train,20000,16843.228588083475,3156.771411916525
359,train,15000,8461.310911126964,6538.689088873036
4137,train,12500,14005.458446983594,-1505.4584469835936
2022,train,35000,17250.647194274752,17749.352805725248
1187,train,45000,15475.558302733232,29524.441697266768
3902,train,9000,10078.344180772076,-1078.3441807720756
1736,train,10500,10302.229161791945,197.77083820805456
822,train,93000,119412.74150738356,-26412.74150738356
1251,train,45000,59093.28425385747,-14093.28425385747
3817,train,16000,16503.125257838044,-503.1252578380445
3451,train,15000,13390.3771631351,1609.6228368649008
1557,train,9500,10135.51104656318,-635.5110465631806
837,train,33003,40389.58238148939,-7386.582381489388
3617,train,27000,28880.085893818337,-1880.0858938183374
4610,train,15000,7702.898922431459,7297.101077568541
3848,train,70000,94720.54409820297,-24720.54409820297
4110,train,10000,7808.580181902474,2191.4198180975263
892,train,25000,21578.754510017323,3421.245489982677
1146,train,32000,20661.809295050487,11338.190704949513
1462,train,45000,42968.66757530279,2031.3324246972115
831,train,200000,157216.0151323579,42783.98486764211
4716,train,9000,12398.357300730771,-3398.3573007307714
589,train,40000,43365.70338755734,-3365.7033875573397
4730,train,25000,18341.120336439195,6658.879663560805
2366,train,16000,14463.178988191159,1536.821011808841
2274,train,8200,8322.491955836542,-122.49195583654182
98,train,18000,16726.80738196368,1273.192618036319
2115,train,5000,7053.260291219321,-2053.2602912193206
3701,train,8000,11075.985560029587,-3075.985560029587
3415,train,24000,24179.482688159584,-179.48268815958363
4104,train,15000,17026.385196854357,-2026.3851968543568
1028,train,180000,184792.38536615318,-4792.385366153176
3376,train,38000,31072.37228214809,6927.6277178519085
1219,train,260000,264378.4562248311,-4378.456224831112
4723,train,7000,8485.951835132035,-1485.9518351320348
1693,train,15000,12264.860460054448,2735.1395399455523
4617,train,8500,6794.658164310157,1705.3418356898428
1922,train,20000,15694.731613014079,4305.268386985921
1684,train,7000,7788.378471381844,-788.3784713818441
3602,train,8500,9014.47429170247,-514.4742917024705
1310,train,15000,15213.120828972607,-213.12082897260734
1047,train,95000,113868.60297533101,-18868.602975331014
620,train,40000,46204.79237511209,-6204.792375112091
2734,train,80000,79298.58339087747,701.4166091225343
4329,train,13000,18935.219901527573,-5935.219901527573
490,train,8000,7668.823619772818,331.17638022718165
1205,train,150000,142169.1598679333,7830.840132066689
1853,train,18500,22045.917600893503,-3545.917600893503
2537,train,11000,10489.179329296387,510.82067070361336
250,train,12000,11126.571886159234,873.428113840766
724,train,85000,110605.11958943623,-25605.11958943623
1444,train,36000,21575.978876456797,14424.021123543203
4568,train,16500,14188.368793371912,2311.631206628088
2643,train,6500,7572.470296066237,-1072.470296066237
1160,train,300000,339016.47940821195,-39016.47940821195
3658,train,9000,10894.950329398622,-1894.9503293986218
3356,train,11500,11640.186575634576,-140.186575634576
1338,train,21000,15938.169915424656,5061.830084575344
2308,train,20000,23262.133349841573,-3262.1333498415734
2875,train,18000,14799.277658206638,3200.722341793362
4694,train,12000,14878.826072126174,-2878.826072126174
3803,train,8500,9692.673733302361,-1192.6737333023611
3313,train,45000,39442.55695691472,5557.443043085281
2390,train,22000,12898.497797022199,9101.502202977801
3534,train,16500,14458.80247074511,2041.1975292548905
379,train,40000,37202.36753065763,2797.6324693423667
2532,train,15000,11304.615505027165,3695.3844949728355
684,train,150000,153308.26363457987,-3308.2636345798674
4035,train,9000,10224.460431877698,-1224.4604318776983
2475,train,11000,11015.50283317862,-15.502833178619767
36,train,12500,10324.005182621437,2175.9948173785633
2642,train,10000,13928.113323723092,-3928.1133237230915
1576,train,15000,15303.616289983363,-303.61628998336346
2619,train,12500,13737.803358107683,-1237.8033581076834
3059,train,3000,6252.769017275571,-3252.769017275571
3633,train,15000,13872.117152963281,1127.8828470367189
658,train,32000,27261.98895625039,4738.011043749611
463,train,9500,6716.556564009892,2783.443435990108
299,train,20000,16064.175971098824,3935.8240289011756
3323,train,25000,21447.095850855334,3552.904149144666
2012,train,25000,41401.75660932866,-16401.75660932866
2503,train,12500,10059.005393737418,2440.9946062625822
3483,train,40000,42865.655913245726,-2865.655913245726
2733,train,9300,9046.916321314082,253.08367868591813
2583,train,15000,13909.675366900157,1090.3246330998427
1249,train,52000,30691.317234589522,21308.682765410478
2135,train,25000,30543.177533458176,-5543.177533458176
3014,train,6500,10038.822423412063,-3538.8224234120626
3072,train,12000,14580.609993591954,-2580.6099935919538
2134,train,21000,17567.12047319363,3432.8795268063695
4330,train,6000,7113.3250695864945,-1113.3250695864945
1995,train,15000,13709.149874551289,1290.850125448711
981,train,23500,22833.76053774598,666.2394622540196
1167,train,140000,129325.670300639,10674.329699360998
1701,train,5000,9805.134210048373,-4805.134210048373
3868,train,23000,15760.342078745525,7239.657921254475
540,train,35000,34451.12005578157,548.8799442184318
919,train,230000,258503.73541103862,-28503.735411038622
4265,train,34000,41665.67886220984,-7665.678862209839
3142,train,6500,13267.545606612439,-6767.545606612439
179,train,15000,14779.368008612671,220.63199138732853
3690,train,8500,9964.802639721023,-1464.8026397210233
4070,train,17000,19786.97390303231,-2786.973903032311
1195,train,90000,67334.50167248401,22665.49832751599
1245,train,26000,28203.788367965713,-2203.7883679657134
216,train,7000,9441.187177397578,-2441.187177397578
753,train,170000,146436.55186446034,23563.448135539657
3604,train,40000,36102.10156124369,3897.8984387563105
4462,train,9000,8208.742958719484,791.2570412805162
3496,train,10000,11650.805421694042,-1650.8054216940418
1711,train,7500,7530.562728317582,-30.562728317581787
1398,train,140000,112328.06055312025,27671.939446879755
4283,train,15000,12954.04434349278,2045.9556565072198
4085,train,16000,13921.366359005056,2078.6336409949436
1213,train,85000,82123.25185396346,2876.748146036538
3286,train,10000,7360.315569074843,2639.6844309251574
2959,train,15000,8968.493263316996,6031.506736683004
3304,train,15000,11560.37717327719,3439.6228267228107
120,train,6300,5307.147757108316,992.852242891684
759,train,14000,18496.801061728584,-4496.801061728584
3969,train,24000,21667.597312648526,2332.402687351474
3773,train,7500,7198.467568192264,301.53243180773643
2056,train,22500,16168.361202189386,6331.638797810614
2620,train,14000,13786.564505015214,213.4354949847857
131,train,6000,6663.60101292913,-663.6010129291299
2300,train,12000,7077.305646242103,4922.694353757897
1096,train,110000,122070.03105505637,-12070.031055056374
2169,train,18000,16537.143824247043,1462.856175752957
4531,train,20000,10171.30429757927,9828.69570242073
4012,train,130000,96836.5895192477,33163.410480752296
743,train,25000,20941.07651791523,4058.9234820847705
3916,train,9000,6979.285666003195,2020.7143339968052
3527,train,12000,17023.49041792388,-5023.49041792388
680,train,30000,27356.873345487915,2643.126654512085
4398,train,8000,10959.385045424831,-2959.3850454248313
4033,train,8500,8462.186358110564,37.81364188943553
2490,train,45000,30222.942087583393,14777.057912416607
2375,train,8000,7697.359764330752,302.6402356692479
2889,train,10000,11299.42060350568,-1299.4206035056795
2328,train,25000,22503.76382942307,2496.236170576929
797,train,200000,212854.66214001467,-12854.662140014669
4337,train,10000,11051.850298478339,-1051.850298478339
2800,train,12000,12784.738885125507,-784.7388851255073
4478,train,9000,12019.224591567574,-3019.224591567574
467,train,7500,8632.17584341931,-1132.1758434193107
1169,train,65000,79667.31490268861,-14667.31490268861
2616,train,14000,7188.092536301904,6811.907463698096
2624,train,8000,21516.816575824196,-13516.816575824196
3826,train,15000,15819.5058154822,-819.5058154822
4500,train,30000,34798.796151068775,-4798.796151068775
1883,train,7500,7747.907569887186,-247.90756988718567
208,train,18000,16496.233165188372,1503.7668348116276
281,train,6500,5975.710052472617,524.2899475273834
492,train,20000,11496.224296003407,8503.775703996593
4704,train,35000,25129.069300129453,9870.930699870547
2828,train,15000,17628.9989487908,-2628.9989487907987
3373,train,35000,32393.107577728846,2606.892422271154
3106,train,15000,14185.219206176178,814.780793823822
2350,train,8000,8687.542292733688,-687.5422927336876
1110,train,180000,139507.0482700133,40492.9517299867
1182,train,55000,57951.871536245126,-2951.8715362451258
1603,train,12000,12090.003183665203,-90.00318366520332
2251,train,18500,13109.129127249038,5390.870872750962
4714,train,17000,14424.881140828043,2575.1188591719565
1441,train,65000,77947.31077503819,-12947.31077503819
2817,train,30000,27083.833799612246,2916.1662003877536
512,train,11000,8970.162288114205,2029.8377118857952
1076,train,45000,52655.247626023775,-7655.2476260237745
1889,train,13000,14617.153024668089,-1617.1530246680886
3955,train,12500,12503.61334937567,-3.6133493756697135
2689,train,30000,23501.099117614765,6498.900882385235
507,train,5000,5342.499140370699,-342.499140370699
1813,train,60000,47633.282434295535,12366.717565704465
2523,train,15000,14205.724206953544,794.2757930464559
3237,train,4500,6018.3418362472785,-1518.3418362472785
1605,train,36000,37523.27201339879,-1523.2720133987896
2032,train,9000,10885.62328027982,-1885.6232802798204
3175,train,18000,15473.101629327408,2526.898370672592
1306,train,140000,160544.3258816654,-20544.325881665398
3941,train,28000,27353.57067048753,646.4293295124698
2386,train,3500,6162.089722425544,-2662.089722425544
4533,train,14000,11947.84135617126,2052.1586438287395
497,train,10000,10703.751287007117,-703.7512870071168
3485,train,8000,7355.062258220788,644.937741779212
3378,train,7500,6184.971185702277,1315.0288142977233
3438,train,12500,11532.34485106987,967.6551489301291
3540,train,72000,48394.62717497143,23605.37282502857
249,train,6000,8046.124175146556,-2046.124175146556
954,train,40000,29071.759654227615,10928.240345772385
1649,train,22000,16190.214955344696,5809.785044655304
1415,train,25000,25803.318683550486,-803.3186835504857
4254,train,15000,11912.406528226284,3087.5934717737164
45,train,10000,13332.358529948902,-3332.3585299489023
1132,train,75000,85237.54095037651,-10237.540950376511
3209,train,14000,10835.507568527259,3164.4924314727414
3493,train,60000,50966.69195298823,9033.308047011771
3484,train,25000,21319.16191765946,3680.8380823405387
2392,train,11000,9491.927809243669,1508.072190756331
94,train,20000,12813.373437568716,7186.626562431284
3897,train,11000,10625.07010843302,374.9298915669806
4324,train,52000,61788.988826351226,-9788.988826351226
1387,train,210000,220571.5178385768,-10571.517838576809
1700,train,6000,6322.132866562295,-322.132866562295
4473,train,8000,11563.249778068097,-3563.249778068097
4413,train,10000,13670.46481146532,-3670.464811465319
3787,train,80000,102484.58702919567,-22484.587029195667
2400,train,16000,11997.497720544337,4002.5022794556626
3007,train,12000,10448.001652877436,1551.9983471225642
3641,train,11000,13533.03250794885,-2533.0325079488503
3659,train,18000,16817.062021473263,1182.9379785267374
1816,train,11000,11694.95649464345,-694.9564946434493
626,train,180000,234536.6409047846,-54536.64090478461
3588,train,18000,10561.871015431414,7438.128984568586
548,train,8000,11134.543575885858,-3134.5435758858584
4586,train,37000,40704.049770460115,-3704.049770460115
1443,train,55000,50768.75617291503,4231.243827084967
2807,train,15000,14073.016984471607,926.9830155283926
4167,train,85000,76941.87966829064,8058.1203317093605
73,train,6500,7290.360412159787,-790.3604121597873
2498,train,25000,19184.634479967637,5815.365520032363
2679,train,35000,24382.764110515902,10617.235889484098
980,train,40000,46099.705471744695,-6099.705471744695
1532,train,50000,37554.88243802575,12445.11756197425
2128,train,13000,14340.430997533707,-1340.4309975337073
971,train,130000,128964.9815403037,1035.0184596962936
4013,train,27000,30366.99818875188,-3366.9981887518807
195,train,6000,7381.361903630302,-1381.3619036303016
260,train,25000,31048.19933599906,-6048.199335999059
1224,train,60000,50740.04134404423,9259.958655955772
162,train,3500,4043.304443594417,-543.3044435944171
651,train,17500,20734.098520939104,-3234.0985209391038
3584,train,22000,18415.03741349406,3584.962586505939
3900,train,23382,23370.91404119434,11.085958805659175
3998,train,18000,18854.776971349635,-854.7769713496346
4390,train,20000,13638.653246877655,6361.346753122345
2935,train,14000,22019.706492242683,-8019.706492242683
686,train,160000,128642.74214554287,31357.25785445713
1668,train,15000,18479.31579936138,-3479.3157993613786
2666,train,8500,9777.089586708813,-1277.089586708813
3490,train,8500,11590.645438895872,-3090.645438895872
3032,train,150000,101709.68445354844,48290.31554645156
4047,train,45000,51107.894240471614,-6107.8942404716145
1342,train,18000,16852.48477271379,1147.5152272862106
1348,train,140000,83414.28052949831,56585.71947050169
902,train,8000,10684.366100753045,-2684.3661007530445
3314,train,22000,16216.60655301944,5783.393446980561
913,train,21000,23611.685225735364,-2611.685225735364
2574,train,45000,41964.14306798967,3035.856932010327
1293,train,33000,28927.35482771389,4072.6451722861093
4228,train,16000,11233.74597744676,4766.254022553239
153,train,20000,18421.64066722945,1578.3593327705494
2974,train,9000,7466.625630167954,1533.3743698320459
4656,train,20000,11174.75156134771,8825.24843865229
586,train,38000,40443.146334370016,-2443.146334370016
3492,train,11000,11077.945948299446,-77.94594829944617
1207,train,40000,26614.044083896133,13385.955916103867
1450,train,14000,17439.072891843738,-3439.072891843738
3639,train,10000,12619.587250400706,-2619.5872504007057
4578,train,15000,18506.06476365594,-3506.0647636559406
3344,train,8500,8890.899149320667,-390.89914932066677
3847,train,40000,66115.70760833868,-26115.70760833868
4024,train,15000,13576.713389518867,1423.2866104811328
3671,train,11000,10922.387501002238,77.61249899776158
3226,train,38000,37421.974682472115,578.0253175278849
829,train,75000,47273.79125464609,27726.208745353913
1133,train,45000,61156.601484558094,-16156.601484558094
2737,train,13000,10407.928642153089,2592.0713578469113
4115,train,18000,13541.736972998158,4458.263027001842
3548,train,8500,10335.83060761598,-1835.8306076159806
997,train,39000,43717.06853048239,-4717.068530482393
276,train,5000,6379.836823940917,-1379.8368239409174
601,train,70000,71093.5276677003,-1093.5276677002985
3203,train,80000,66155.79486970624,13844.205130293762
2360,train,6000,9166.605595890465,-3166.6055958904653
3912,train,25000,16677.3201711567,8322.679828843298
2293,train,9000,6722.091088940545,2277.908911059455
1745,train,5500,7236.7588085952175,-1736.7588085952175
11,train,5000,5680.276315468193,-680.2763154681934
3476,train,13000,16124.890609059015,-3124.8906090590153
1420,train,75000,61455.35473991789,13544.645260082107
554,train,23000,32536.42196692723,-9536.421966927232
1268,train,43000,50887.06760575085,-7887.0676057508535
4671,train,18000,19792.28987925831,-1792.289879258311
1643,train,20000,18169.676883107983,1830.3231168920174
4327,train,7000,11736.57136850576,-4736.57136850576
2515,train,85000,68714.4589970552,16285.541002944796
2941,train,10000,7085.970579713824,2914.029420286176
948,train,45000,45948.90077251635,-948.9007725163465
3379,train,12500,11443.908640523394,1056.0913594766062
1480,train,680000,450110.932230156,229889.06776984403
3464,train,22000,22924.268288574087,-924.2682885740869
2125,train,20000,16432.42831483578,3567.571685164221
2285,train,24000,21109.563408569553,2890.436591430447
1315,train,40000,43259.122936355605,-3259.122936355605
983,train,110000,135677.36619762293,-25677.366197622934
3387,train,15000,14225.729671628102,774.2703283718984
2814,train,70000,52222.67991746255,17777.32008253745
2780,train,33000,36386.25108405249,-3386.251084052492
2771,train,9000,10029.556776831178,-1029.5567768311776
2017,train,15000,8267.07544427974,6732.924555720259
2152,train,75000,56138.58114797135,18861.418852028648
3109,train,75000,62536.62356605395,12463.376433946047
3363,train,12000,12518.100485434146,-518.1004854341463
1366,train,90000,84790.54527271196,5209.4547272880445
414,train,8500,10044.849627036938,-1544.8496270369378
2658,train,29000,36313.359458128856,-7313.359458128856
2137,train,13000,16760.005435908184,-3760.005435908184
1033,train,400000,248371.480663676,151628.519336324
2549,train,10000,17775.577207219612,-7775.577207219612
950,train,160000,152592.69654587063,7407.303454129375
4004,train,9000,7106.525984578042,1893.474015421958
4113,train,9000,11055.518108343978,-2055.5181083439784
1208,train,52000,49718.3783786375,2281.621621362501
1014,train,44000,53390.641188119575,-9390.641188119575
4080,train,18000,18001.771549081543,-1.7715490815426165
2398,train,350000,131543.4323444927,218456.5676555073
2420,train,13000,13389.018310788762,-389.0183107887624
4231,train,10000,10101.03104294095,-101.03104294094919
113,train,12000,12364.516061314105,-364.5160613141052
2500,train,22000,23201.547795306342,-1201.5477953063419
2489,train,8000,10370.864055333202,-2370.8640553332025
809,train,55000,60915.45195097508,-5915.451950975083
1447,train,170000,214448.70574013368,-44448.70574013368
835,train,40000,29526.142756005233,10473.857243994767
3232,train,7000,5757.732824508403,1242.2671754915973
3596,train,9800,14533.495703109877,-4733.495703109877
4083,train,14000,12370.406025741451,1629.5939742585488
3160,train,12000,11441.28105090587,558.7189490941291
27,train,6000,10096.21227499487,-4096.21227499487
4109,train,6500,7414.38114923953,-914.3811492395298
3709,train,20000,22667.424264975485,-2667.424264975485
1949,train,22000,12139.31247575154,9860.68752424846
4039,train,17000,13854.14119242005,3145.8588075799507
3719,train,12000,12732.807790352159,-732.8077903521589
2221,train,18000,14330.190100723983,3669.809899276017
1719,train,7000,7231.737767841411,-231.73776784141137
3381,train,16000,13292.992784815191,2707.007215184809
1971,train,10000,14049.740178975844,-4049.740178975844
2306,train,8000,7811.11266820429,188.88733179571045
2110,train,8500,13558.608788084768,-5058.608788084768
3297,train,29000,26427.34756948194,2572.652430518061
4051,train,15000,12136.388532746543,2863.611467253457
2681,train,30000,44623.60614303788,-14623.606143037883
3019,train,8000,8699.512928286294,-699.5129282862945
2189,train,28000,32437.462346087927,-4437.462346087927
3767,train,6000,6734.629270352862,-734.6292703528616
294,train,10000,10229.857703482363,-229.85770348236292
115,train,14000,12238.417462367388,1761.582537632612
4016,train,10000,11790.938212191273,-1790.9382121912731
2447,train,5500,6719.658424094085,-1219.6584240940847
2037,train,10000,9255.150354480224,744.8496455197765
3930,train,20000,19469.74044690348,530.2595530965191
4362,train,13000,12566.11630623242,433.88369376758055
3799,train,15000,13665.039589780206,1334.9604102197936
1029,train,180000,167816.14235373956,12183.85764626044
88,train,6500,8474.521527354913,-1974.521527354913
900,train,180000,148214.34002617732,31785.65997382268
1309,train,85000,61878.33554079437,23121.664459205633
4065,train,8000,14007.258234010254,-6007.2582340102545
2147,train,39000,45599.90203573166,-6599.902035731662
3509,train,110000,52858.68486980932,57141.31513019068
1371,train,49000,57697.91905899647,-8697.919058996471
552,train,14000,20245.479357002292,-6245.479357002292
1692,train,10000,8854.718247714798,1145.281752285202
989,train,150000,123169.51400398744,26830.48599601256
3361,train,16000,18828.307556941163,-2828.307556941163
646,train,80000,44205.66536397929,35794.33463602071
2243,train,4700,6706.231636221176,-2006.231636221176
2058,train,12000,15177.080158184497,-3177.080158184497
1591,train,8000,7625.017223226348,374.9827767736524
3728,train,10000,11731.207923632232,-1731.2079236322315
4171,train,10000,13143.792347446262,-3143.7923474462623
2591,train,30000,30809.627627955153,-809.627627955153
4621,train,11500,11286.527488743443,213.47251125655748
739,train,65000,55248.60443910113,9751.395560898869
4169,train,14000,11037.188371153097,2962.8116288469027
3806,train,5000,7130.512062152958,-2130.5120621529577
1108,train,24000,29048.343480135103,-5048.343480135103
2849,train,25000,17802.3893985898,7197.610601410201
4660,train,140000,149113.7746950124,-9113.774695012398
726,train,150000,173910.60340717528,-23910.60340717528
2070,train,8000,12361.897581080862,-4361.897581080862
2543,train,6000,9943.811081714277,-3943.811081714277
4238,train,8500,12502.835473145227,-4002.8354731452273
4249,train,12000,9217.09354667899,2782.9064533210094
3469,train,9000,13279.312619853878,-4279.312619853878
2851,train,14000,13093.913258092982,906.0867419070182
2151,train,17500,22669.820607758287,-5169.820607758287
2395,train,11000,17708.846516019432,-6708.846516019432
2547,train,45000,35877.39082570238,9122.60917429762
1640,train,15000,16697.55377110296,-1697.553771102961
3770,train,16000,18900.52846624813,-2900.5284662481317
4212,train,12500,11936.087834369466,563.9121656305342
3935,train,18000,15778.75391114454,2221.2460888554597
400,train,6000,7601.304358795048,-1601.3043587950478
59,train,8500,11359.507333028676,-2859.507333028676
563,train,40000,54170.7432184355,-14170.743218435498
3890,train,10500,9635.337560017522,864.6624399824777
775,train,36000,38586.66739977149,-2586.6673997714897
1737,train,6000,7100.792877744952,-1100.7928777449524
4359,train,95000,80929.90928894894,14070.09071105106
1454,train,55000,59413.273877500746,-4413.273877500746
2785,train,23000,20532.791908471958,2467.208091528042
2980,train,90000,78450.7779688563,11549.222031143698
1652,train,15000,13484.496994295841,1515.5030057041586
4576,train,15000,13234.754058050403,1765.2459419495972
2779,train,20000,24318.79345141676,-4318.793451416761
3425,train,14000,13740.645516596453,259.3544834035474
4674,train,19000,15830.0020711219,3169.9979288780996
2898,train,11000,9337.76389090402,1662.2361090959803
2604,train,21000,31425.327940085423,-10425.327940085423
523,train,25000,15245.137619275465,9754.862380724535
3409,train,20000,17282.934453129044,2717.0655468709556
2141,train,15000,19113.074477472543,-4113.074477472543
4720,train,13000,12395.48363760506,604.5163623949393
1086,train,200000,108419.15368673831,91580.84631326169
286,train,12000,8452.01788973023,3547.9821102697697
1992,train,8500,13906.588624530305,-5406.5886245303045
1841,train,12000,11918.646066692392,81.3539333076078
2282,train,6500,8540.430566245728,-2040.4305662457282
1416,train,75000,77421.07874993177,-2421.0787499317667
1452,train,7000,18129.552643106217,-11129.552643106217
4055,train,25000,17476.478500795034,7523.521499204966
2766,train,10000,12080.167449263645,-2080.167449263645
967,train,32000,37069.38130011864,-5069.381300118643
4135,train,14000,19062.267646595854,-5062.267646595854
2975,train,9000,12519.371848617377,-3519.3718486173766
2683,train,13000,16751.468913711884,-3751.468913711884
3347,train,7000,6403.264525635866,596.7354743641336
650,train,250000,300571.6125575697,-50571.61255756969
1650,train,6000,5500.824873407327,499.1751265926732
4727,train,15000,16057.629618541949,-1057.6296185419487
3669,train,13500,8383.699697681854,5116.300302318146
5,train,7000,7678.975085630139,-678.9750856301389
2294,train,7500,15063.37660491849,-7563.376604918491
4438,train,7000,9497.585889829747,-2497.5858898297465
58,train,7000,8642.716408423004,-1642.7164084230044
2649,train,7000,8684.613666615573,-1684.6136666155726
754,train,29999,27936.261231429547,2062.7387685704525
3522,train,15000,9855.079727872404,5144.920272127596
4310,train,9000,7712.589717405289,1287.4102825947111
2101,train,18000,17311.678396220188,688.321603779812
3321,train,20000,28512.242979349194,-8512.242979349194
1406,train,45000,50634.34536800776,-5634.345368007758
2511,train,45000,34158.31684506362,10841.683154936378
26,train,5300,6465.894015089692,-1165.8940150896924
4043,train,12000,10477.67712810303,1522.3228718969694
4026,train,20000,13440.081592454208,6559.918407545792
1843,train,15000,14631.827752974472,368.1722470255281
315,train,8000,12296.558771458906,-4296.5587714589055
3489,train,15000,13806.387726537101,1193.6122734628989
660,train,47000,51588.080496059134,-4588.080496059134
2593,train,19500,15178.247185435659,4321.752814564341
325,train,14000,10983.73462141819,3016.2653785818093
4481,train,15000,14870.295357941113,129.70464205888675
1394,train,12000,11903.82678420734,96.1732157926599
1233,train,55000,64843.840106138625,-9843.840106138625
4651,train,22000,36966.387970276875,-14966.387970276875
2710,train,16500,16389.30575270325,110.69424729674938
1189,train,12500,17912.384349691896,-5412.384349691896
678,train,32000,23701.054821941503,8298.945178058497
536,train,49000,25546.307419503963,23453.692580496037
2829,train,20000,18521.957049332315,1478.0429506676846
2914,train,150000,156957.23720995858,-6957.237209958577
2336,train,120000,75745.35139118644,44254.64860881356
1002,train,190000,170446.9512016033,19553.04879839669
2578,train,12000,10689.489339637288,1310.5106603627119
2854,train,10000,10098.289295701694,-98.28929570169385
4573,train,6500,10167.486431155772,-3667.486431155772
4244,train,6000,10113.319445834628,-4113.319445834628
2067,train,30000,44911.6626096187,-14911.662609618703
2225,train,110000,63300.576703806764,46699.423296193236
49,train,15000,14405.831900303585,594.1680996964151
2540,train,15000,15932.117653961312,-932.1176539613116
3994,train,9000,7106.424133313109,1893.5758666868905
3510,train,8500,6742.2818807007725,1757.7181192992275
2983,train,15000,16155.497732797425,-1155.4977327974248
1421,train,350000,334730.27185991587,15269.728140084131
4399,train,55000,26234.724904499973,28765.275095500027
460,train,12500,12324.707015828559,175.29298417144128
2759,train,15000,12738.21091879358,2261.7890812064197
3120,train,8500,21185.28985085387,-12685.289850853871
2481,train,150000,119987.92948673131,30012.070513268685
3915,train,6500,8931.561841759534,-2431.561841759534
2199,train,19500,14663.32166050426,4836.67833949574
4112,train,12000,12704.586576010965,-704.5865760109646
3042,train,30000,31151.663925219647,-1151.6639252196474
3327,train,13000,13780.908105726036,-780.9081057260355
3292,train,14000,12248.14305087469,1751.8569491253093
3182,train,20000,14124.87528333395,5875.1247166660505
1869,train,15000,18750.211037097914,-3750.2110370979135
3368,train,10000,11469.942046346827,-1469.9420463468268
2469,train,45000,20952.297105196376,24047.702894803624
119,train,14000,14460.498760704568,-460.49876070456776
3730,train,19397,21540.292937456186,-2143.2929374561863
367,train,21000,17472.78976813751,3527.2102318624893
1986,train,17000,8397.20869155953,8602.79130844047
1912,train,9300,9336.523501548409,-36.5235015484086
3651,train,8000,9738.262292130232,-1738.2622921302318
2099,train,8000,8725.160592178438,-725.1605921784376
116,train,5000,4759.651026587722,240.3489734122777
3958,train,50000,50167.85626629623,-167.85626629622857
3111,train,6500,7500.938184337577,-1000.9381843375768
3521,train,30000,28818.91202019408,1181.0879798059213
3865,train,10677,12404.11671646891,-1727.1167164689105
4626,train,45000,40546.348350110384,4453.651649889616
649,train,18000,24270.420818691553,-6270.420818691553
1519,train,54000,47377.21599605305,6622.784003946952
3697,train,12000,15430.583216089062,-3430.5832160890623
1081,train,300000,253285.23809026048,46714.76190973952
2211,train,12000,14980.402106360167,-2980.4021063601667
3372,train,16500,24021.66490318503,-7521.664903185028
1391,train,27000,39938.8592722778,-12938.859272277798
1811,train,23000,15241.472627689316,7758.527372310684
2063,train,12500,7697.470026116701,4802.529973883299
3467,train,10000,18624.158998314913,-8624.158998314913
4198,train,15000,14857.354982221725,142.64501777827536
2156,train,12000,16062.079870957072,-4062.0798709570718
3570,train,15000,17981.02057021874,-2981.0205702187413
1654,train,10000,11925.131129793774,-1925.1311297937737
4056,train,36000,23868.562420767837,12131.437579232163
615,train,60000,41895.959185881096,18104.040814118904
4314,train,19500,16402.149998955883,3097.8500010441167
4687,train,30000,40305.499984710026,-10305.499984710026
3946,train,12500,14554.509836736417,-2054.509836736417
3043,train,10000,11752.865767339948,-1752.8657673399484
509,train,6000,7738.220121966614,-1738.220121966614
4424,train,35000,31130.50417552382,3869.49582447618
3173,train,10000,12497.242024901783,-2497.242024901783
1357,train,75000,98430.9438047829,-23430.943804782903
947,train,40000,55348.70479850727,-15348.704798507271
912,train,100000,38862.312048711916,61137.687951288084
532,train,130000,165466.15971884792,-35466.15971884792
3342,train,18999,19321.681150972378,-322.6811509723775
3055,train,6000,8011.166137291464,-2011.166137291464
1688,train,22000,19504.240514320045,2495.759485679955
3034,train,15000,13984.364544049296,1015.6354559507035
2947,train,12000,13558.180295402664,-1558.1802954026643
447,train,12000,15758.064217306754,-3758.0642173067536
3542,train,17000,18248.25425928278,-1248.2542592827813
3918,train,12500,16633.823817708864,-4133.823817708864
2611,train,20500,27434.920869658617,-6934.920869658617
624,train,150000,167037.78437191993,-17037.78437191993
87,train,22000,15123.343456946226,6876.656543053774
1612,train,13500,12444.829261469797,1055.1707385302034
1906,train,160000,170603.33323979736,-10603.333239797357
3700,train,160000,111509.45221456024,48490.54778543976
2691,train,14500,15717.809714553063,-1217.8097145530628
2424,train,27000,28764.822659210644,-1764.822659210644
789,train,180000,153646.78387253772,26353.216127462278
2932,train,10000,10740.222639655814,-740.2226396558144
1536,train,15000,12176.579120015027,2823.420879984973
4152,train,120000,126186.20536879498,-6186.205368794981
1050,train,30000,35615.77745996205,-5615.777459962053
4698,train,25000,12813.0390698977,12186.9609301023
4464,train,6500,8081.444715273729,-1581.4447152737293
2337,train,7000,7756.148625314129,-756.1486253141293
864,train,18000,24092.504345863483,-6092.504345863483
2000,train,32000,17036.360762616256,14963.639237383744
2784,train,10000,15466.834074027649,-5466.834074027649
4162,train,7000,10677.192998155258,-3677.1929981552585
382,train,6500,8102.036241071896,-1602.0362410718963
2086,train,17500,12410.325236716002,5089.674763283998
1712,train,14000,14584.795811101594,-584.7958111015942
68,train,6500,8582.233737999295,-2082.233737999295
1863,train,20000,21950.018213043626,-1950.018213043626
2159,train,12000,12364.972827528536,-364.9728275285361
1601,train,55000,47815.02825474463,7184.971745255367
4040,train,9000,10031.11615227089,-1031.1161522708899
926,train,77500,63297.83794337383,14202.16205662617
4272,train,45000,46697.133111086834,-1697.133111086834
602,train,150000,148131.66870888483,1868.3312911151734
77,train,5000,7030.6390480708,-2030.6390480707996
2315,train,7000,7927.968506804606,-927.9685068046056
478,train,18000,15373.284563490935,2626.7154365090646
3266,train,35000,28274.261048734956,6725.738951265044
2188,train,12500,11779.992636624875,720.0073633751254
4708,train,20000,18234.767367261564,1765.2326327384362
4711,train,17000,13428.55452629068,3571.44547370932
1785,train,9000,9801.185581247013,-801.185581247013
371,train,7000,10261.029556149786,-3261.029556149786
1392,train,26000,19655.185787838294,6344.814212161706
1316,train,650000,577154.8357060258,72845.16429397417
3242,train,15000,18782.716164312933,-3782.716164312933
1695,train,56000,63315.31115090973,-7315.311150909729
2399,train,16000,18364.271169633044,-2364.2711696330443
895,train,45000,37691.87239775657,7308.127602243432
1827,train,10000,11345.998292826767,-1345.9982928267673
4015,train,13000,11982.119433297372,1017.8805667026281
1749,train,15000,16899.375051119667,-1899.3750511196668
2309,train,12500,10836.159993786117,1663.8400062138826
1799,train,6500,7754.242059765027,-1254.242059765027
3239,train,10000,8564.497269993668,1435.502730006332
2123,train,25000,19081.22292705556,5918.777072944438
1217,train,58000,63625.97004864068,-5625.97004864068
283,train,10000,8467.325620034853,1532.6743799651467
133,train,4700,5760.33035190805,-1060.33035190805
1855,train,8000,8014.398654102148,-14.398654102147702
3959,train,40000,39345.93713046228,654.0628695377236
908,train,32000,34804.55034162471,-2804.5503416247084
2826,train,20000,21931.35595254609,-1931.3559525460914
731,train,40000,33840.69878458807,6159.301215411928
3224,train,12000,16126.7274253594,-4126.7274253594005
3606,train,12000,9528.58988377935,2471.41011622065
1969,train,18000,17142.096159336637,857.9038406633626
3434,train,20000,16559.913185633988,3440.086814366012
3450,train,5000,7265.254004015432,-2265.2540040154317
4665,train,14000,11337.935658568475,2662.0643414315255
2036,train,12000,9513.716862255831,2486.283137744169
4350,train,26000,19937.681096244083,6062.318903755917
4068,train,8000,8859.643043797052,-859.6430437970521
888,train,35000,39711.004735422415,-4711.004735422415
1283,train,21000,25773.387854184683,-4773.3878541846825
4636,train,12000,12355.47356217968,-355.4735621796808
15,train,40000,24102.064128658585,15897.935871341415
1000,train,25000,21482.370392837787,3517.629607162213
3205,train,23000,23049.126607175433,-49.12660717543258
4099,train,5400,6871.838851056833,-1471.838851056833
403,train,5000,5492.4975616078045,-492.4975616078045
847,train,300000,336228.1355309234,-36228.13553092338
2445,train,23000,12317.618743579676,10682.381256420324
1669,train,11500,8500.215356883364,2999.7846431166363
4445,train,6000,5845.996180162288,154.0038198377124
350,train,5500,8292.827080969257,-2792.8270809692567
278,train,6500,5633.479833139223,866.520166860777
375,train,9900,9117.054321811025,782.9456781889749
3620,train,45000,30731.18851237895,14268.81148762105
358,train,12000,9017.182233239455,2982.817766760545
644,train,55000,43700.97023453545,11299.029765464547
617,train,84500,78057.03347907258,6442.966520927424
1655,train,21000,17164.41420209903,3835.5857979009706
2961,train,40000,30283.535280757053,9716.464719242947
3090,train,15000,18506.510875171567,-3506.510875171567
2317,train,11000,10510.56830462808,489.4316953719208
3508,train,6800,6290.63421864927,509.3657813507298
879,train,28000,39937.647330913234,-11937.647330913234
2942,train,35000,26514.688235318055,8485.311764681945
3216,train,7000,7161.949785199588,-161.9497851995884
2731,train,18000,21914.13360636091,-3914.1336063609087
4227,train,12000,12984.732659173114,-984.7326591731144
3275,train,23000,26617.787955618714,-3617.7879556187145
4440,train,9000,11806.714785760076,-2806.7147857600758
3670,train,26000,17510.199399963338,8489.800600036662
2577,train,25000,28675.328302733404,-3675.3283027334037
2038,train,25000,17435.470132302857,7564.529867697143
4447,train,21000,13011.18606877475,7988.81393122525
407,train,35000,29534.488113066313,5465.5118869336875
3996,train,8000,10584.741767754094,-2584.7417677540943
1730,train,29000,28759.91084485723,240.08915514277032
387,train,6000,7608.541728333963,-1608.541728333963
1781,train,20000,24988.56234302222,-4988.562343022219
3702,train,6000,7699.193798996632,-1699.1937989966318
4683,train,8000,12735.144129906528,-4735.144129906528
2510,train,11500,10514.505546010743,985.4944539892567
1764,train,4500,7698.7627348109145,-3198.7627348109145
4419,train,6000,6388.683650397231,-388.68365039723085
474,train,7000,7671.83357285183,-671.8335728518296
3339,train,12000,6808.49363548046,5191.50636451954
2235,train,12000,12622.68622421995,-622.6862242199495
1042,train,14000,13410.084130471078,589.9158695289225
3828,train,70000,67904.34180362319,2095.6581963768112
3093,train,15000,16955.288587532676,-1955.2885875326756
738,train,55100,50924.422711649226,4175.577288350774
2412,train,20000,12870.476636262187,7129.523363737813
3810,train,28000,14372.810041031502,13627.189958968498
273,train,15000,7987.179820799995,7012.820179200005
4693,train,12000,13514.861374429878,-1514.8613744298782
4384,train,13000,16880.116072739936,-3880.1160727399365
1458,train,27000,27141.552544650567,-141.55254465056714
943,train,15000,31107.913924040455,-16107.913924040455
3194,train,16000,16758.622457230766,-758.6224572307656
1664,train,20000,17784.3292261708,2215.670773829199
134,train,14000,8666.641548885511,5333.358451114489
3236,train,7000,6328.286732609538,671.7132673904616
1171,train,54000,44895.869172370745,9104.130827629255
1818,train,10000,16109.307326592449,-6109.307326592449
413,train,6800,7552.93294349553,-752.9329434955298
1273,train,65000,70695.9768630417,-5695.976863041695
2266,train,15000,13496.877799431728,1503.122200568272
511,train,5000,6649.482010768601,-1649.482010768601
2966,train,18000,20263.379066646678,-2263.3790666466775
3171,train,11500,13979.392577633282,-2479.3925776332817
569,train,65000,52931.264440499406,12068.735559500594
524,train,70000,75434.44000921155,-5434.440009211554
3646,train,12000,14779.712578097357,-2779.7125780973565
1966,train,10000,9300.643224391828,699.356775608172
4205,train,7500,11052.213759024211,-3552.213759024211
2981,train,200000,201060.62206131557,-1060.6220613155747
825,train,55000,76596.73771647281,-21596.73771647281
2595,train,25000,15974.360123689834,9025.639876310166
3992,train,9500,14314.832213993133,-4814.832213993133
2638,train,45000,51436.16775636169,-6436.16775636169
3276,train,11000,10788.02668595255,211.9733140474491
394,train,8500,9561.995619738345,-1061.9956197383453
81,train,8200,6611.469791428557,1588.530208571443
3975,train,10000,10245.463463276848,-245.46346327684842
3049,train,15000,11760.472527876755,3239.5274721232454
1615,train,12000,12577.800057272065,-577.8000572720648
72,train,16000,14409.262253430248,1590.7377465697518
2716,train,8000,10173.855107253808,-2173.8551072538085
3047,train,30000,25719.484229373247,4280.515770626753
2087,train,6500,8500.544392477206,-2000.5443924772062
2971,train,12000,14323.57016635603,-2323.5701663560303
3170,train,25000,26647.26772896608,-1647.2677289660787
3878,train,13000,13386.369488376598,-386.3694883765984
1089,train,6000,9857.274985822425,-3857.274985822425
29,train,12500,10327.520674997415,2172.479325002585
3114,train,15000,11158.277713007541,3841.722286992459
3300,train,8200,11311.130812806696,-3111.1308128066958
339,train,7500,8403.529513295935,-903.5295132959345
3421,train,6000,10190.91253381022,-4190.91253381022
1125,train,14000,18976.768867123483,-4976.768867123483
2072,train,8000,7933.580463883319,66.41953611668123
3616,train,17500,17899.88399232237,-399.88399232237134
1748,train,8500,7129.151454598056,1370.8485454019437
550,train,20000,34687.64748978544,-14687.647489785442
3287,train,7000,13294.476955767515,-6294.476955767515
2205,train,280000,189495.31893807906,90504.68106192094
785,train,85000,50027.25083164269,34972.74916835731
2124,train,14000,13492.651500894714,507.34849910528646
84,train,6700,10134.573092257335,-3434.573092257335
2504,train,15000,18595.887363647336,-3595.8873636473363
1633,train,20000,13751.534263018297,6248.465736981703
3073,train,75000,56611.3837810898,18388.616218910203
2743,train,530000,433081.14996874455,96918.85003125545
2761,train,50000,42324.919385287714,7675.080614712286
2181,train,9500,11771.854151929492,-2271.854151929492
2973,train,31000,24805.083482573493,6194.916517426507
2455,train,5000,8112.64793345382,-3112.64793345382
1163,train,40000,40946.99198433295,-946.991984332948
2289,train,4000,5332.724840168066,-1332.7248401680663
4253,train,11000,10784.078938424625,215.92106157537455
3515,train,17000,17767.53893283719,-767.5389328371893
4114,train,60000,63622.14526597646,-3622.145265976462
1540,train,12000,12357.506866260625,-357.5068662606245
3513,train,10000,12445.631301002148,-2445.6313010021477
4692,train,7500,10736.128729880566,-3236.1287298805655
1470,train,80000,88467.0193763152,-8467.019376315206
2068,train,25000,21931.855048607984,3068.144951392016
3432,train,10500,11755.158913824562,-1255.1589138245618
679,train,150000,165502.13030465905,-15502.130304659047
2633,train,22000,15754.754911938773,6245.245088061227
2915,train,13000,15825.370496514854,-2825.3704965148536
543,train,21000,26444.525420936112,-5444.525420936112
1793,train,30000,38289.028789013595,-8289.028789013595
2402,train,8000,9713.079621804965,-1713.0796218049654
940,train,36000,32183.24202024761,3816.7579797523904
352,train,7000,7584.17439358788,-584.1743935878803
1023,train,45000,49640.39506488951,-4640.395064889512
786,train,75000,75910.48339583572,-910.4833958357194
1964,train,6500,6698.633501669567,-198.6335016695666
3051,train,20000,14794.700697368778,5205.2993026312215
2647,train,5500,9445.263707534945,-3945.263707534945
3520,train,8000,8408.224373239262,-408.2243732392617
2866,train,8000,11382.11573599527,-3382.1157359952704
4136,train,25000,21115.575141525787,3884.4248584742127
1031,train,20000,20623.966722051962,-623.9667220519623
2472,train,9000,11361.701253135083,-2361.701253135083
284,train,1500,4154.1843699786095,-2654.1843699786095
3721,train,16000,21101.221131985738,-5101.221131985738
4554,train,7500,9907.616284493482,-2407.6162844934825
1667,train,14500,14070.888736489407,429.11126351059283
2627,train,25000,18567.491403632826,6432.508596367174
2880,train,7000,6588.8011415493165,411.1988584506835
2076,train,6000,9259.610409813427,-3259.6104098134274
4052,train,5500,6877.988167456207,-1377.9881674562066
4048,train,20000,17603.44989039566,2396.550109604341
3656,train,16000,16903.11815448325,-903.1181544832507
2260,train,100000,62564.670355319526,37435.329644680474
1945,train,30000,20353.142817180797,9646.857182819203
1486,train,45000,47614.09691662452,-2614.0969166245195
308,train,13000,15622.707456834129,-2622.7074568341286
1150,train,65000,74777.36223035408,-9777.362230354076
762,train,53500,43783.348190249024,9716.651809750976
1638,train,30000,34295.9029563063,-4295.902956306301
599,train,120000,121931.32265721577,-1931.3226572157728
3005,train,20000,16243.47192270726,3756.52807729274
253,train,12000,16412.948995117902,-4412.948995117902
143,train,8000,10643.945872173692,-2643.945872173692
1738,train,16000,17283.821815218747,-1283.8218152187474
2341,train,11000,12491.010487667454,-1491.010487667454
4219,train,9000,11028.367085307813,-2028.3670853078129
4486,train,12000,12185.957028831272,-185.9570288312716
3129,train,8500,11338.17096385161,-2838.1709638516095
3388,train,7500,14391.549034186772,-6891.549034186772
1122,train,40000,35073.86608930341,4926.13391069659
4370,train,30000,30363.454012293394,-363.45401229339404
51,train,7500,5518.302768808411,1981.6972311915888
1770,train,10000,14548.132676763167,-4548.132676763167
3554,train,16000,11190.55408874626,4809.445911253741
2564,train,14500,21249.758712860494,-6749.758712860494
3253,train,12000,11556.119092806284,443.88090719371576
2319,train,60000,55088.4159879699,4911.5840120301
2254,train,17600,16507.817428585233,1092.1825714147672
2910,train,13000,15639.016413329868,-2639.0164133298676
2929,train,42000,38700.292787150844,3299.7072128491563
4378,train,12000,14089.20358939626,-2089.20358939626
4351,train,8000,7462.169717526666,537.8302824733337
845,train,28000,48965.18970507771,-20965.18970507771
4130,train,12000,11920.124386755368,79.8756132446324
3691,train,5000,6548.814560975414,-1548.8145609754138
674,train,32000,32447.74003391479,-447.7400339147898
1959,train,10000,6792.185543960339,3207.8144560396613
2752,train,7000,11564.55341736728,-4564.55341736728
1623,train,6500,8314.822851254696,-1814.8228512546957
3964,train,16000,17109.42033828559,-1109.4203382855885
4701,train,12500,11980.724090203968,519.2759097960316
1629,train,15000,13821.058702841257,1178.9412971587426
3085,train,16000,16575.39299628131,-575.392996281309
2354,train,17000,14605.231058737183,2394.768941262817
4159,train,17500,19144.935971932282,-1644.935971932282
1621,train,18000,18859.639229190794,-859.6392291907941
4614,train,9500,10569.254256821408,-1069.2542568214085
1776,train,12000,14778.726963098385,-2778.7269630983847
436,train,7000,10071.797968006893,-3071.797968006893
3384,train,16000,18222.86265088547,-2222.8626508854686
732,train,180000,143867.4079060249,36132.59209397511
415,train,5000,6779.248380453122,-1779.248380453122
3271,train,13000,12676.919651397367,323.0803486026325
993,train,200000,216923.03500556934,-16923.03500556934
2419,train,16000,16610.983867628845,-610.9838676288455
529,train,160000,52988.7949468387,107011.2050531613
1594,train,4500,7881.041828199663,-3381.0418281996626
52,train,5000,7744.406045004181,-2744.4060450041807
354,train,10000,10294.168985301101,-294.1689853011012
1218,train,130000,96608.39741822344,33391.60258177656
3877,train,7000,4723.089118003359,2276.9108819966414
4282,train,7000,11331.827520345687,-4331.827520345687
4648,train,15000,12323.719931154039,2676.280068845961
2894,train,23000,24744.554723249505,-1744.5547232495046
454,train,8500,7527.766378179477,972.2336218205228
2789,train,30000,25980.822644779546,4019.177355220454
995,train,48000,36444.11966206194,11555.880337938062
2764,train,15000,20850.690595030264,-5850.690595030264
152,train,5000,9473.928249080687,-4473.928249080687
813,train,45000,48862.374468317445,-3862.3744683174446
82,train,15000,12416.442313529846,2583.5576864701543
1662,train,8000,10059.395723537968,-2059.3957235379676
2333,train,9000,12497.02059754905,-3497.02059754905
723,train,80000,78517.18041856225,1482.819581437754
3863,train,15000,12310.507293409428,2689.492706590572
2832,train,8000,14597.71283242765,-6597.712832427649
695,train,17000,25461.32056607639,-8461.320566076389
2844,train,28000,21906.36957024161,6093.630429758388
3760,train,8000,5942.189826591671,2057.8101734083293
4375,train,25000,22378.40991023945,2621.5900897605497
2608,train,32000,36794.90792667402,-4794.907926674023
2684,train,11000,9383.774199801446,1616.2258001985538
1007,train,39000,29953.154996949663,9046.845003050337
4354,train,10000,13666.627559898068,-3666.6275598980683
1082,train,80000,43535.21108276737,36464.78891723263
2518,train,32000,27487.108324071738,4512.891675928262
1717,train,5500,7668.459036704016,-2168.4590367040164
4639,train,80000,73249.14869918113,6750.851300818875
3910,train,5500,5454.19370374813,45.80629625186975
4328,train,16500,17860.507805063367,-1360.5078050633674
3804,train,35000,29485.757433884795,5514.242566115205
1430,train,58000,43964.4116994358,14035.588300564203
3505,train,6500,5640.06250867593,859.9374913240699
3364,train,12000,11976.747101305453,23.252898694547184
2209,train,180000,92240.94274346915,87759.05725653085
4411,train,8000,10626.58985265798,-2626.5898526579804
2231,train,11000,12354.922292850842,-1354.9222928508425
2765,train,30000,19968.542425860123,10031.457574139877
2479,train,25000,23591.047336764703,1408.9526632352972
1404,train,50000,40367.85140142939,9632.14859857061
246,train,10000,13262.251214273208,-3262.2512142732085
2711,train,100000,116794.13417863494,-16794.134178634937
3541,train,10000,7323.711437282118,2676.288562717882
1916,train,14000,13489.689547617729,510.31045238227125
2562,train,10000,8611.899709844722,1388.1002901552783
2831,train,40000,26931.43031868329,13068.569681316709
513,train,10000,12369.990627512141,-2369.990627512141
397,train,6000,4821.656177960936,1178.3438220390644
581,train,28000,21888.291267810684,6111.708732189316
3311,train,280000,227708.13541608455,52291.86458391545
2130,train,24000,21713.085917345663,2286.914082654337
3156,train,18000,20173.68774141841,-2173.687741418409
3837,train,12000,17184.75019107215,-5184.750191072151
984,train,150000,204160.31036704633,-54160.31036704633
4193,train,30000,25292.937964794648,4707.062035205352
3598,train,15000,16701.01367340319,-1701.0136734031912
3665,train,15000,14098.250178004531,901.7498219954687
244,train,15000,17090.323504435702,-2090.3235044357025
327,train,7000,6764.994474570266,235.005525429734
1569,train,12000,14198.378766314454,-2198.378766314454
4388,train,10000,14165.851175350252,-4165.851175350252
3310,train,14500,12571.73404448055,1928.2659555194496
161,train,10000,9287.228755803662,712.7712441963376
2198,train,7500,9252.173332527358,-1752.173332527358
3913,train,23000,19116.747763591437,3883.2522364085635
1180,train,25000,25887.65553230249,-887.6555323024913
4111,train,12000,13832.979459315759,-1832.9794593157585
1350,train,21000,21432.127540863108,-432.12754086310815
4575,train,17500,15259.57537870146,2240.42462129854
1794,train,120000,101821.51564840334,18178.484351596664
2859,train,40000,38245.70773826277,1754.2922617372315
3161,train,16000,11848.6365840183,4151.363415981699
368,train,5000,4786.568106348412,213.43189365158833
4524,train,7500,11280.858070639013,-3780.858070639013
3686,train,25000,24431.865199973956,568.1348000260441
1697,train,25000,17206.3602815064,7793.6397184935995
3358,train,4200,7436.594318714442,-3236.594318714442
4147,train,20000,19644.454144455052,355.5458555449477
3579,train,18000,16299.9385756917,1700.0614243083
3472,train,7000,14709.36898412042,-7709.36898412042
4145,train,10500,12738.932934704082,-2238.932934704082
4103,train,14000,13378.73035022164,621.26964977836
18,train,11000,12387.47811363392,-1387.4781136339207
2256,train,8000,9804.075066397356,-1804.0750663973558
2561,train,15000,10936.766500866264,4063.2334991337357
498,train,10500,13220.15986610946,-2720.1598661094595
199,train,24000,14467.771066903751,9532.228933096249
1339,train,46700,45644.925374347345,1055.0746256526545
657,train,160000,130011.54542155196,29988.454578448043
3893,train,14000,18152.67566419762,-4152.675664197621
2907,train,40000,41528.383247199265,-1528.3832471992646
139,train,15000,17016.105329685186,-2016.105329685186
3739,train,13500,13883.11761990995,-383.11761990995
518,train,5000,5373.651907926071,-373.65190792607063
1057,train,45000,35137.12630801853,9862.87369198147
4216,train,45000,52168.40901928125,-7168.409019281251
3797,train,25000,18429.8593870049,6570.140612995099
3648,train,11000,11600.701200989282,-600.7012009892824
958,train,50000,73971.169011089,-23971.169011089005
1620,train,11000,8898.810691019951,2101.1893089800487
430,train,5000,5487.251533562341,-487.25153356234114
734,train,140000,163120.71030496893,-23120.710304968932
1865,train,20000,20571.871118960837,-571.8711189608366
2664,train,30000,43393.16009073991,-13393.160090739912
3833,train,12000,12235.871186242563,-235.87118624256254
440,train,8000,7485.2235636270525,514.7764363729475
4387,train,9000,10992.727537021834,-1992.727537021834
2720,train,9000,7754.259381399109,1245.7406186008911
2707,train,70000,79423.64835931658,-9423.648359316576
4174,train,25000,17833.837620397575,7166.162379602425
4363,train,12000,14301.146810658087,-2301.146810658087
974,train,98000,116410.56031520096,-18410.560315200957
3488,train,17000,23837.235087249588,-6837.235087249588
3461,train,25000,27561.873536620576,-2561.8735366205765
3264,train,14000,13576.293535380893,423.70646461910655
918,train,75000,51721.14240916845,23278.857590831547
3812,train,14000,11409.138546618773,2590.861453381227
2956,train,52000,35792.587223818846,16207.412776181154
2551,train,8000,11600.145913469018,-3600.1459134690176
1541,train,7000,7094.941196489888,-94.94119648988817
3048,train,13000,14328.658816965715,-1328.6588169657152
4676,train,10000,11432.977503925837,-1432.9775039258366
1191,train,55000,45976.04291600255,9023.957083997448
402,train,9000,8156.991655563977,843.0083444360234
4645,train,5000,6082.035989458238,-1082.035989458238
1646,train,8000,8420.106561412922,-420.106561412922
4525,train,25000,22862.95641551528,2137.0435844847198
3605,train,17000,14988.667469518217,2011.3325304817827
2485,train,17000,18595.887363647336,-1595.8873636473363
4049,train,16000,10900.697065830034,5099.302934169966
3366,train,15723,17749.47700079946,-2026.4770007994593
1514,train,17000,13908.069082256925,3091.930917743075
1626,train,13000,10466.532174196023,2533.4678258039767
2252,train,4750,6293.80950452398,-1543.8095045239797
357,train,7000,7266.57051057727,-266.5705105772704
4069,train,15000,22334.147188023195,-7334.147188023195
2572,train,200000,111073.44084892717,88926.55915107283
4661,train,65000,58572.31215827446,6427.687841725543
2976,train,27000,25803.24035936984,1196.75964063016
2136,train,8500,9107.441541145756,-607.4415411457558
177,train,4000,7497.186224137495,-3497.1862241374947
1325,train,26000,26553.900462505128,-553.9004625051275
1008,train,190000,198332.77905822816,-8332.77905822816
2778,train,25000,21923.40012123871,3076.5998787612916
4547,train,7500,7366.666997886819,133.33300211318056
3369,train,3000,5924.493940928265,-2924.493940928265
166,train,8000,11888.320037391737,-3888.320037391737
2030,train,15000,23345.189862081184,-8345.189862081184
3459,train,15000,16812.300618489462,-1812.300618489462
2034,train,22000,15458.218892086332,6541.781107913668
101,train,35000,36132.33823405399,-1132.3382340539902
882,train,75000,41301.68014460819,33698.31985539181
2573,train,20000,24041.035444665322,-4041.035444665322
2265,train,7500,8747.129890909782,-1247.1298909097823
1239,train,100000,53461.9164780836,46538.0835219164
3816,train,18000,12656.70000325043,5343.299996749571
4276,train,19000,12590.61501517222,6409.3849848277805
4637,train,14500,15130.928291736807,-630.9282917368073
1009,train,84000,88622.2255044869,-4622.225504486894
3867,train,32500,37320.10118732861,-4820.101187328612
3267,train,8000,10295.14115795879,-2295.1411579587893
870,train,20000,21413.11878276773,-1413.1187827677313
90,train,18000,17511.56590508941,488.4340949105899
2311,train,26000,28966.937300528927,-2966.937300528927
2049,train,4300,7008.66815991328,-2708.66815991328
3906,train,11000,10094.681691258898,905.3183087411016
2796,train,10000,16288.238756286793,-6288.238756286793
34,train,22000,13694.803951483402,8305.196048516598
793,train,19000,17497.13052166033,1502.8694783396713
780,train,61000,94210.09772475205,-33210.09772475205
3675,train,24000,18803.03039161031,5196.969608389689
2075,train,140000,141556.75702710368,-1556.757027103682
1121,train,57000,124636.315899382,-67636.315899382
972,train,25000,29310.789291974987,-4310.789291974987
3880,train,9500,12623.193839869426,-3123.1938398694256
1844,train,35000,29617.9497910922,5382.0502089078
2288,train,8500,7809.63323777105,690.3667622289504
3664,train,8500,11140.343688394569,-2640.3436883945687
2598,train,12000,12778.604562609584,-778.6045626095838
1405,train,29000,23676.40145425311,5323.598545746889
4405,train,15000,22013.493288547095,-7013.493288547095
2162,train,9000,9526.379391785682,-526.379391785682
1041,train,75000,70267.94972012508,4732.050279874922
3980,train,300000,201456.502583692,98543.497416308
2884,train,9000,16009.527970189227,-7009.527970189227
314,train,7000,7532.732713472192,-532.7327134721918
1164,train,45000,44367.84576005988,632.1542399401224
1990,train,16000,15349.449872946641,650.5501270533587
4602,train,13000,13124.801068570083,-124.80106857008286
1831,train,9000,6585.289889101407,2414.7101108985926
54,train,11000,10139.283162515503,860.7168374844969
1272,train,330000,230978.50929751765,99021.49070248235
2196,train,16000,16744.939394023884,-744.9393940238842
2742,train,40000,39471.98926425706,528.010735742937
1788,train,7000,7388.877177722522,-388.877177722522
3235,train,6500,9802.884525559177,-3302.884525559177
2476,train,35000,38819.29503113498,-3819.2950311349778
3157,train,9500,12121.991706753048,-2621.9917067530478
2566,train,24000,19610.357400766876,4389.642599233124
3279,train,100000,94921.13734428326,5078.8626557167445
3731,train,12000,13411.198223601643,-1411.198223601643
3986,train,10000,10511.675178224048,-511.67517822404807
1696,train,43000,45633.11471200638,-2633.1147120063833
1464,train,25000,23582.338643257463,1417.6613567425375
1203,train,27000,29597.264930989408,-2597.2649309894077
2634,train,4500,7370.823475079313,-2870.8234750793126
3262,train,5250,6385.170772163768,-1135.1707721637677
2822,train,6500,9531.160079673891,-3031.1600796738912
2891,train,55000,58143.53288224181,-3143.5328822418087
1533,train,7000,7759.542454211363,-759.5424542113633
3822,train,11500,9639.279406605054,1860.7205933949463
1926,train,20000,19055.73709077286,944.2629092271418
1753,train,20000,26922.216776985526,-6922.216776985526
3525,train,40000,22261.905888026642,17738.094111973358
1498,train,61500,84185.3296474941,-22685.3296474941
1807,train,15000,11028.95817781095,3971.0418221890504
3989,train,9000,11196.001044715462,-2196.001044715462
3050,train,12000,12808.903470123243,-808.9034701232431
3283,train,18000,15424.972617935297,2575.0273820647035
2991,train,25000,21947.887376788985,3052.1126232110146
4307,train,36000,17984.507931886932,18015.492068113068
2229,train,11500,9292.313480034978,2207.686519965022
242,train,7500,6909.852542232019,590.147457767981
782,train,42000,66468.12257217497,-24468.122572174965
2410,train,13500,13909.548402045846,-409.54840204584616
4207,train,8000,6700.6109074925735,1299.3890925074265
960,train,65000,70089.3255288383,-5089.325528838293
4545,train,47000,47199.7477526328,-199.74775263280026
3402,train,19000,13048.572506594568,5951.427493405432
801,train,45000,33772.81168589822,11227.188314101782
2825,train,7500,9190.23010582177,-1690.2301058217708
4319,train,13000,14443.34943625788,-1443.3494362578804
3636,train,10000,9200.479818795702,799.5201812042978
232,train,35000,33706.33354402794,1293.6664559720593
1144,train,47000,46375.452838560355,624.5471614396447
2534,train,30000,30392.113129685044,-392.11312968504353
1059,train,50000,40228.71634825056,9771.283651749443
504,train,25000,12261.408180602963,12738.591819397037
751,train,92500,86965.11988712092,5534.88011287908
4038,train,26000,22796.261635397907,3203.7383646020935
3097,train,8000,6739.811487168554,1260.1885128314461
4584,train,13000,8541.61473133272,4458.38526866728
2027,train,12000,11453.305332346723,546.6946676532771
4263,train,6000,8188.979870607491,-2188.9798706074907
4340,train,8000,10831.74370811245,-2831.74370811245
3350,train,21000,19379.296108388084,1620.7038916119163
823,train,69999,66260.78300739655,3738.216992603455
1644,train,13000,13138.10304459185,-138.10304459184954
2536,train,80000,81830.79163679766,-1830.7916367976577
3983,train,27000,38161.87257998314,-11161.872579983137
4170,train,10000,10622.52262431036,-622.5226243103607
346,train,20000,24125.270107201253,-4125.270107201253
1048,train,94000,58088.7993765843,35911.2006234157
343,train,9500,6560.67129321833,2939.32870678167
1682,train,23000,24121.61549164594,-1121.6154916459418
2275,train,8500,6698.62106282972,1801.3789371702796
516,train,7500,6884.307232815426,615.6927671845742
781,train,70000,91861.85078740162,-21861.85078740162
2363,train,35000,40877.71857325832,-5877.718573258317
2020,train,14000,17273.72028537381,-3273.720285373809
4579,train,9000,7802.482869656403,1197.5171303435973
12,train,6500,8131.416724564482,-1631.4167245644821
3624,train,34999,39696.73015504276,-4697.730155042758
3929,train,30000,23196.80405663722,6803.195943362782
256,train,5000,7807.412517187593,-2807.412517187593
2804,train,12000,16007.568595723667,-4007.5685957236674
3993,train,49000,39623.16835966972,9376.831640330282
4268,train,9500,11076.22901739394,-1576.22901739394
3999,train,18000,17345.983039237362,654.0169607626376
656,train,18000,19710.623107041534,-1710.6231070415342
105,train,6000,7872.909226277168,-1872.9092262771683
3814,train,33000,32898.335922401995,101.66407759800495
1056,train,57000,55389.826218920265,1610.173781079735
3089,train,10000,12437.344054262396,-2437.3440542623957
1448,train,34000,22113.68140127795,11886.31859872205
3118,train,17500,15615.925635566244,1884.0743644337563
3349,train,14000,11245.367307112709,2754.6326928872913
4700,train,6000,6187.458672873679,-187.45867287367855
1432,train,45000,55912.59709324023,-10912.597093240227
4589,train,44000,42753.13530203002,1246.864697969977
25,train,7000,9388.683539935568,-2388.6835399355678
4482,train,6800,7122.773095813696,-322.7730958136963
3625,train,7000,9892.118885237805,-2892.1188852378054
4397,train,13000,14829.287827132803,-1829.2878271328027
104,train,180000,23611.201451421046,156388.79854857895
3722,train,9000,11931.179530697147,-2931.179530697147
332,train,20000,22358.243684211004,-2358.2436842110037
4088,train,140000,147381.7993979587,-7381.7993979587045
4317,train,16000,14972.57229736963,1027.4277026303698
168,train,6500,7562.715172583653,-1062.715172583653
817,train,40000,36817.30416673408,3182.6958332659196
2016,train,10000,8635.796539878716,1364.2034601212836
3857,train,12000,11297.938029093782,702.0619709062175
4106,train,14000,12950.453008412933,1049.5469915870672
4071,train,12000,11560.196213510017,439.8037864899834
500,train,12000,10371.885055965196,1628.1149440348036
4237,train,28000,22804.612432342,5195.387567657999
1522,train,10500,12006.526442757642,-1506.5264427576421
1094,train,20000,19703.365727838624,296.63427216137643
3529,train,8000,10753.25756002803,-2753.2575600280306
2450,train,22000,28997.618646752133,-6997.618646752133
621,train,34000,31925.256748182765,2074.7432518172354
1215,train,21000,29828.38108515361,-8828.381085153611
2331,train,18000,15029.935309542128,2970.0646904578716
1304,train,18500,12643.55385450226,5856.446145497741
391,train,8500,8847.239059641382,-347.2390596413825
1172,train,180000,190401.7604092023,-10401.76040920231
2382,train,65000,60740.49835446722,4259.501645532779
3921,train,75000,64683.8362740158,10316.163725984203
2952,train,40000,37802.226198133896,2197.773801866104
3399,train,19000,18869.77341420299,130.22658579700874
2499,train,9000,9077.806186927912,-77.80618692791177
1505,train,9500,9144.696718050678,355.3032819493219
1759,train,18000,13686.332829289364,4313.667170710636
2019,train,17000,19416.204175965595,-2416.204175965595
4270,train,30000,36303.643468309594,-6303.643468309594
439,train,6500,7163.945842933227,-663.9458429332271
2466,train,75000,61802.37114656442,13197.628853435577
4422,train,6000,6165.061732658504,-165.0617326585043
476,train,14000,12755.527948155881,1244.472051844119
792,train,18000,17246.567602562678,753.4323974373219
1018,train,65000,60957.62465526597,4042.3753447340277
172,train,7000,5414.319902897875,1585.6800971021248
1847,train,10000,10677.88601640109,-677.8860164010894
1475,train,90000,85234.39688216454,4765.603117835461
633,train,210000,134421.8525101232,75578.1474898768
79,train,8000,5501.507199176432,2498.4928008235684
2304,train,12000,10621.034794460238,1378.9652055397619
4475,train,22000,20004.626275901745,1995.3737240982555
4528,train,7500,12195.874952571236,-4695.874952571236
2178,train,6500,8504.358644137876,-2004.3586441378757
2338,train,28000,24039.944235863582,3960.0557641364176
1241,train,100000,118811.45866748573,-18811.458667485727
4376,train,8500,7275.29277581647,1224.7072241835303
857,train,190000,127034.74623927237,62965.25376072763
4017,train,10000,12402.04581630521,-2402.04581630521
2370,train,16000,21716.73303133185,-5716.733031331849
2670,train,25000,23429.90858240565,1570.0914175943508
2906,train,19000,17703.82698687235,1296.173013127649
3307,train,6500,7000.774276563052,-500.7742765630519
1915,train,7000,7237.557484232958,-237.5574842329579
567,train,32000,32583.73570461779,-583.7357046177895
4713,train,8000,7891.9289819939995,108.07101800600049
3015,train,9000,10424.677624266129,-1424.677624266129
4142,train,65000,39236.16432679311,25763.835673206893
961,train,33000,39082.327220740204,-6082.327220740204
1184,train,100000,124082.0764318578,-24082.0764318578
4295,train,8500,6439.08457372458,2060.91542627542
1090,train,280000,274857.96639974846,5142.03360025154
2802,train,22000,21486.947871890043,513.0521281099573
3984,train,10000,12547.689978982979,-2547.6899789829786
3295,train,9000,11840.6076266034,-2840.6076266033997
2519,train,20000,15277.625237474276,4722.374762525724
3792,train,18000,12840.913419545393,5159.0865804546065
710,train,6500,26732.102411852025,-20232.102411852025
2998,train,10000,9431.00316208911,568.9968379108905
3808,train,15000,11433.114992999255,3566.8850070007447
3905,train,11000,10776.072902266355,223.9270977336455
1118,train,50000,59090.51841104914,-9090.51841104914
1677,train,10000,7478.903484018137,2521.0965159818634
2361,train,11000,8369.944685515416,2630.0553144845835
988,train,41000,52060.615062356956,-11060.615062356956
562,train,25000,26310.821906546254,-1310.8219065462545
66,train,5000,5016.023149634102,-16.023149634102083
3191,train,15000,14583.181408348422,416.81859165157766
3037,train,10000,14428.43618505865,-4428.43618505865
3926,train,24000,21437.27728005722,2562.72271994278
3564,train,20000,10822.743208139193,9177.256791860807
3835,train,8000,11458.902720767508,-3458.902720767508
4165,train,10000,11466.516401680443,-1466.5164016804429
515,train,65000,45071.93838886763,19928.06161113237
91,train,12000,8827.071682779433,3172.928317220567
4315,train,25000,15362.55377732303,9637.44622267697
1957,train,15000,23707.627296634015,-8707.627296634015
2432,train,38000,20657.418393909287,17342.581606090713
1954,train,15000,14904.757305608644,95.24269439135605
4157,train,7000,12218.907632723893,-5218.907632723893
1803,train,20000,23980.279718046877,-3980.279718046877
3458,train,17000,12694.810051776549,4305.189948223451
3116,train,40000,50997.872980439344,-10997.872980439344
251,train,6000,7538.640756470174,-1538.640756470174
4583,train,25000,16727.451388327136,8272.548611672864
527,train,14000,24375.330551494837,-10375.330551494837
938,train,32000,30803.115652467117,1196.884347532883
1777,train,9000,9275.12068515402,-275.12068515401916
876,train,40000,50651.889437153994,-10651.889437153994
3763,train,85000,82092.7766635365,2907.223336463503
1210,train,55000,70726.43012406354,-15726.43012406354
1728,train,23000,12375.32403341467,10624.67596658533
3115,train,25000,23486.22497108857,1513.7750289114301
2305,train,14000,12137.326181447525,1862.6738185524755
2740,train,45000,50848.82591566038,-5848.825915660382
3769,train,32000,25168.93870095583,6831.06129904417
1914,train,13000,11395.070872009066,1604.929127990934
1457,train,42000,47406.45975960215,-5406.459759602149
3704,train,6500,7405.962390383923,-905.9623903839229
1427,train,400000,369964.85399505694,30035.14600494306
3354,train,25000,17337.12664963236,7662.873350367641
3273,train,11000,8808.183156328512,2191.8168436714877
437,train,5000,5752.365408943941,-752.3654089439406
3460,train,3500,7270.686542709077,-3770.686542709077
3149,train,19000,15335.54287691469,3664.4571230853107
909,train,50000,58776.3550199372,-8776.355019937197
2213,train,22000,15514.894373402709,6485.105626597291
769,train,110000,71253.09407580945,38746.90592419055
1968,train,13000,12474.451684267178,525.5483157328217
3824,train,12000,20629.648460817472,-8629.648460817472
37,train,7000,6944.624082116086,55.375917883913644
3638,train,12500,8630.638479790277,3869.3615202097226
1678,train,8000,11468.595310660847,-3468.5953106608467
4084,train,35000,30574.420479842727,4425.579520157273
2576,train,9500,11625.090808250621,-2125.090808250621
434,train,22000,17743.683062768137,4256.3169372318625
936,train,48000,40000.589895719255,7999.410104280745
856,train,150000,200939.4478788866,-50939.447878886596
4717,train,16000,17431.915987651948,-1431.915987651948
377,train,5000,6342.874244212461,-1342.8742442124612
2427,train,80000,72467.99744047984,7532.002559520159
144,train,8000,9437.029229562644,-1437.029229562644
4474,train,6500,4721.339788411341,1778.660211588659
4444,train,16000,19327.75409281994,-3327.7540928199414
3643,train,15000,11132.285657616685,3867.714342383315
2024,train,130000,126879.1043933649,3120.8956066350947
2770,train,22000,22811.163645554218,-811.1636455542175
3341,train,33000,28709.7955410953,4290.2044589047
3256,train,11000,12062.011458742278,-1062.0114587422777
4695,train,10500,7731.164533146374,2768.835466853626
546,train,100000,60148.31473162323,39851.68526837677
1307,train,80000,79535.32566575723,464.6743342427653
3576,train,7000,7664.899068521608,-664.8990685216077
423,train,12000,7573.459226303363,4426.540773696637
1723,train,15000,16537.143824247043,-1537.143824247043
2298,train,13000,12015.339454509243,984.6605454907567
307,train,9000,8541.094311765388,458.90568823461217
2284,train,16000,15890.195392401974,109.80460759802554
544,train,150000,50124.24234137655,99875.75765862345
2093,train,8500,10616.54741750332,-2116.5474175033196
779,train,190000,184499.9204385903,5500.079561409686
2672,train,28000,32299.3427139097,-4299.3427139097
2177,train,9500,12601.15230748407,-3101.1523074840698
585,train,24000,28149.181977525135,-4149.181977525135
2203,train,16000,11655.360713851185,4344.639286148815
4631,train,10000,10671.36489459257,-671.3648945925706
2456,train,20500,19651.532279232397,848.4677207676032
4239,train,12500,14109.819795046393,-1609.8197950463928
2911,train,44000,41477.5246563391,2522.4753436609026
1956,train,10000,9460.260767479973,539.7392325200271
2405,train,15000,18738.828176370273,-3738.8281763702726
2899,train,11500,12743.886948455702,-1243.8869484557017
3053,train,10000,11349.976339567846,-1349.9763395678456
4346,train,30000,23407.550508868386,6592.449491131614
2833,train,95000,75696.667782639,19303.332217361007
1967,train,6000,10763.445268200643,-4763.445268200643
138,train,8500,9587.227000846198,-1087.2270008461983
2431,train,35000,28384.673181009824,6615.3268189901755
2977,train,12500,14628.398559615473,-2128.3985596154725
1731,train,12000,13051.04617646006,-1051.0461764600605
3502,train,17000,12564.993604894446,4435.0063951055545
4691,train,7500,8985.46949098731,-1485.4694909873106
3427,train,30000,26371.634452636274,3628.3655473637264
1884,train,22000,18551.5303113369,3448.469688663099
1687,train,39000,24535.465988845255,14464.534011154745
1106,train,27000,27970.170372586057,-970.170372586057
4260,train,11500,12559.52006425778,-1059.5200642577802
715,train,16000,17380.581578842673,-1380.5815788426735
1332,train,39000,25072.995613986077,13927.004386013923
4225,train,25000,16250.149069722,8749.850930278
3649,train,10000,9588.210458172965,411.78954182703455
1377,train,32000,33714.04994609483,-1714.0499460948267
157,train,12000,14550.928647227227,-2550.928647227227
198,train,9000,10293.92435208465,-1293.9243520846503
1039,train,30000,24290.65718614081,5709.342813859192
4353,train,15000,17494.669152777285,-2494.6691527772855
3672,train,18000,13672.678057448164,4327.321942551836
760,train,45000,44399.649621684766,600.3503783152337
23,train,6500,8731.403974070083,-2231.4039740700828
1542,train,9000,8565.081134520706,434.91886547929425
4559,train,8000,5971.992078955634,2028.0079210443664
4680,train,6500,7247.207793501228,-747.2077935012276
3101,train,14000,20071.567465322092,-6071.567465322092
931,train,55000,57829.45949565703,-2829.459495657029
1520,train,14500,12066.410195484423,2433.5898045155773
4506,train,8000,9741.194274620882,-1741.1942746208824
2480,train,8000,8755.581368540512,-755.5813685405119
2064,train,21000,23324.108113785038,-2324.108113785038
3708,train,17000,12709.272425778876,4290.727574221124
1531,train,13000,11299.623106765386,1700.3768932346138
3895,train,10500,9070.905001966365,1429.0949980336354
525,train,45000,36289.57003007908,8710.429969920922
1661,train,13000,12876.095625215006,123.9043747849937
639,train,100000,90582.0318361896,9417.968163810394
3705,train,10000,10303.024113250904,-303.0241132509036
3258,train,17500,16296.410897051333,1203.5891029486666
2200,train,75000,72112.07534582567,2887.924654174334
3044,train,15000,12758.03575300736,2241.9642469926403
1509,train,13000,10033.993284488155,2966.006715511845
1070,train,65000,74715.20178612642,-9715.201786126418
419,train,6000,5043.703564011892,956.296435988108
3135,train,10000,11505.731555600718,-1505.731555600718
1467,train,110000,98817.53718994946,11182.462810050536
1952,train,15000,12146.686151140188,2853.3138488598124
2226,train,5500,10202.908061194077,-4702.908061194077
2175,train,9500,11681.086517576958,-2181.0865175769577
1267,train,6000,18157.901324954008,-12157.901324954008
2041,train,60000,40846.11072703654,19153.88927296346
3549,train,10000,12314.598408228094,-2314.598408228094
3208,train,13000,15182.22876546563,-2182.22876546563
4722,train,13000,12335.36864410323,664.6313558967704
3711,train,11500,14914.883005413903,-3414.8830054139034
4417,train,25000,18247.519840072957,6752.480159927043
3761,train,220000,226273.9486016919,-6273.948601691896
4484,train,12000,16547.16346234572,-4547.163462345721
2323,train,18000,19684.483450639895,-1684.4834506398947
1577,train,21000,22656.019389392783,-1656.0193893927826
392,train,35000,30263.96666949538,4736.033330504619
3441,train,28000,26550.08553128842,1449.9144687115804
4543,train,11000,11053.148365515857,-53.14836551585722
3076,train,20500,15718.693686651952,4781.306313348048
951,train,36000,32939.71679636818,3060.2832036318214
404,train,8000,15610.514912855344,-7610.514912855344
2823,train,17000,21536.917769624164,-4536.917769624164
1079,train,95000,68013.37005768943,26986.629942310567
1718,train,10000,11600.833409891988,-1600.8334098919877
1484,train,78000,45210.93515055874,32789.06484944126
321,train,12000,12482.888795153991,-482.88879515399094
2944,train,7000,8220.33492169841,-1220.3349216984097
4318,train,15000,9961.295127480906,5038.704872519094
2585,train,70000,51568.41435727206,18431.585642727943
1878,train,45000,66626.14248251256,-21626.142482512558
4677,train,9000,11262.533051440616,-2262.533051440616
2066,train,28000,45604.39098359347,-17604.39098359347
3582,train,15000,12797.065894013553,2202.9341059864473
643,train,18000,20239.557623156645,-2239.5576231566447
2603,train,35000,48312.66154317249,-13312.661543172493
4597,train,9500,13295.762450583834,-3795.762450583834
2704,train,7500,8536.97241800159,-1036.9724180015892
712,train,38000,30499.26870458686,7500.731295413141
14,train,8500,13980.513976744678,-5480.513976744678
962,train,27000,37683.80747699231,-10683.807476992311
401,train,15000,13543.188647041734,1456.811352958266
2554,train,7500,7342.744921415409,157.2550785845906
4289,train,12000,9121.625213673198,2878.3747863268018
2487,train,16000,20972.914354725504,-4972.914354725504
3257,train,11000,12687.869033942503,-1687.869033942503
2873,train,15000,8496.374723428213,6503.625276571787
2953,train,8500,9897.492883567415,-1397.4928835674145
3788,train,22999,21269.18312027024,1729.8168797297585
2073,train,10000,13452.605751797115,-3452.605751797115
3447,train,22000,14685.157400332051,7314.842599667949
3858,train,17000,11220.02745589082,5779.97254410918
1192,train,90000,95791.24729087808,-5791.2472908780765
1766,train,10000,13501.688885413429,-3501.6888854134286
156,train,7000,7823.69014197147,-823.6901419714704
1936,train,31000,23447.243704182278,7552.756295817722
3172,train,11000,13368.491815067257,-2368.4918150672565
1725,train,12000,12508.405069547436,-508.40506954743614
2397,train,60000,52284.9436679543,7715.0563320457
442,train,6000,7552.850420193101,-1552.850420193101
1790,train,8500,11898.901970875762,-3398.9019708757623
4367,train,21467,10444.98434404223,11022.01565595777
4520,train,45000,49128.01896756683,-4128.01896756683
466,train,6500,6403.973574472714,96.02642552728594
3718,train,60000,85140.37083589862,-25140.37083589862
362,train,8000,10672.760939908527,-2672.760939908527
1270,train,280000,228872.82100039313,51127.17899960687
48,train,30000,24335.66612923191,5664.333870768089
2521,train,35000,24302.373796517317,10697.626203482683
4643,train,7500,6763.814220107871,736.1857798921292
2242,train,14000,15920.354935697953,-1920.354935697953
4199,train,22500,19156.96091135267,3343.0390886473288
820,train,50000,52538.495999450584,-2538.4959994505843
1468,train,20000,22624.833510405595,-2624.833510405595
2180,train,25000,23169.618498706863,1830.3815012931373
3052,train,36000,24273.847735547075,11726.152264452925
982,train,250000,278212.07010849135,-28212.070108491345
92,train,9000,8696.340875790727,303.6591242092727
867,train,170000,152248.9713164067,17751.028683593293
4321,train,12000,11717.39893362965,282.60106637034914
1227,train,130000,123334.47000284307,6665.529997156933
1734,train,32000,29253.074713363025,2746.925286636975
597,train,14000,32236.577394651715,-18236.577394651715
3904,train,11000,12795.248982853938,-1795.2489828539383
2313,train,14000,12350.54612186076,1649.4538781392403
2908,train,8000,8058.86200452209,-58.86200452208959
3022,train,6500,7023.1846526895515,-523.1846526895515
1761,train,31000,24527.452352574604,6472.547647425396
702,train,21000,32832.54036991224,-11832.54036991224
3800,train,15000,13123.97719941515,1876.0228005848494
4230,train,14000,12430.226234485535,1569.7737655144647
4702,train,26000,20229.600232699948,5770.399767300052
1312,train,60000,48262.720569276695,11737.279430723305
2996,train,23000,14873.987556038872,8126.012443961128
603,train,62000,85389.60604844934,-23389.606048449336
2096,train,8000,7626.679297561779,373.3207024382209
2735,train,7500,9899.672345952864,-2399.672345952864
784,train,60000,52057.06359507124,7942.9364049287615
2268,train,14000,10261.401237276634,3738.5987627233662
2433,train,16000,14367.59152675721,1632.4084732427891
4658,train,11000,13106.879112209528,-2106.879112209528
4057,train,20000,22149.147114881667,-2149.147114881667
1344,train,88000,56647.82984285783,31352.170157142173
4480,train,15000,17725.086660050663,-2725.0866600506633
1388,train,200000,145636.2366001236,54363.76339987639
1529,train,28000,27641.629858057797,358.3701419422032
2933,train,17000,15692.415764783636,1307.5842352163636
783,train,27000,21674.12391814536,5325.87608185464
4561,train,17000,13047.40785693461,3952.5921430653907
911,train,62000,53371.880567298256,8628.119432701744
1061,train,100000,111205.1804338641,-11205.180433864094
878,train,15000,23107.93258167845,-8107.932581678451
342,train,8500,8690.136730614411,-190.13673061441114
2739,train,44300,42938.604537843064,1361.3954621569355
1539,train,65000,60392.91875164913,4607.081248350871
1199,train,300000,301736.3363662484,-1736.3363662483753
897,train,51000,60687.30602422589,-9687.306024225887
3013,train,7000,8591.048416471604,-1591.0484164716036
4194,train,16500,21954.875034471388,-5454.875034471388
1085,train,44000,43332.90888542752,667.0911145724822
2937,train,27000,24793.209571282085,2206.7904287179153
3842,train,25000,17295.84724723544,7704.152752764559
1141,train,35000,43080.88912188264,-8080.889121882639
2091,train,6500,6234.987604177652,265.01239582234757
3774,train,10000,8406.390863030638,1593.6091369693622
122,train,6800,5743.422356904091,1056.5776430959086
3371,train,18000,15169.382773172038,2830.6172268279624
880,train,25000,21815.765211419483,3184.2347885805175
2717,train,14000,18170.781271088134,-4170.7812710881335
2992,train,10000,11960.420177300193,-1960.4201773001932
3901,train,9500,13819.116261345462,-4319.116261345462
1571,train,9000,8819.684329437874,180.3156705621259
1259,train,38000,48758.10346205183,-10758.103462051833
4452,train,6000,8132.400190893811,-2132.4001908938108
3630,train,200000,117219.06217207962,82780.93782792038
3595,train,9000,7032.617314172836,1967.382685827164
303,train,12000,9955.136855118255,2044.863144881745
659,train,55000,49222.10817665696,5777.891823343038
1784,train,25000,22046.049458636822,2953.9505413631778
1866,train,11000,15140.33881082406,-4140.33881082406
2676,train,10000,9839.352219761797,160.64778023820327
1998,train,12500,14734.01021934766,-2234.0102193476596
4108,train,37000,38978.876390776146,-1978.8763907761459
4241,train,10000,11199.594360890673,-1199.5943608906728
3222,train,75000,65757.85573042039,9242.144269579614
1488,train,65000,67146.64164489262,-2146.6416448926175
1810,train,9750,9846.587145163125,-96.58714516312466
4490,train,23000,22016.936709894424,983.063290105576
4064,train,14000,16662.322301662993,-2662.3223016629927
728,train,55000,67433.56789916923,-12433.567899169226
1198,train,70000,72371.26157927858,-2371.26157927858
1800,train,10000,12851.294897624986,-2851.2948976249863
3746,train,11000,13041.533342551935,-2041.5333425519348
3750,train,7000,8914.373221022159,-1914.3732210221588
4437,train,9000,6293.499583053819,2706.500416946181
2727,train,15000,18871.418675075918,-3871.418675075918
141,train,13000,9956.787249169183,3043.2127508308167
16,train,6000,6845.512828316626,-845.5128283166259
335,train,14000,13182.06573176958,817.9342682304195
4662,train,60000,35776.1319074388,24223.8680925612
1856,train,15000,13567.111303413027,1432.8886965869733
1021,train,500000,457790.34411998803,42209.65588001197
1102,train,180000,90920.67003894586,89079.32996105414
1341,train,280000,250731.39544139072,29268.60455860928
4218,train,15000,13135.882584893598,1864.1174151064024
60,train,5000,5553.677392829125,-553.677392829125
2002,train,9000,9866.159812370322,-866.1598123703225
452,train,12000,9226.589188280122,2773.4108117198775
475,train,6000,8011.726122602694,-2011.726122602694
2596,train,18000,17063.29325436274,936.7067456372606
3158,train,12000,13273.312306452759,-1273.312306452759
4709,train,12000,11325.608340059107,674.3916599408931
2964,train,6000,8224.611219424985,-2224.6112194249854
2307,train,11000,11499.349103360257,-499.3491033602568
212,train,12000,14227.815983967525,-2227.8159839675245
1328,train,35000,30355.694461648145,4644.305538351855
1946,train,12000,11993.585214630592,6.4147853694084915
388,train,15000,11062.654698261158,3937.345301738842
1597,train,8000,8341.888736675257,-341.88873667525695
2797,train,15000,12297.22935269353,2702.77064730647
3423,train,6300,6077.25882676043,222.74117323957034
1478,train,380000,331779.9907265561,48220.009273443895
1246,train,72000,72827.77123714096,-827.771237140958
4021,train,35000,26531.120593819578,8468.879406180422
4287,train,8000,7419.829841507712,580.1701584922876
2539,train,10500,17490.27321874315,-6990.27321874315
322,train,3200,4409.772957321237,-1209.7729573212373
1897,train,18000,18324.521376855377,-324.52137685537673
4139,train,10000,6506.7687261393285,3493.2312738606715
819,train,11000,12956.001276690478,-1956.0012766904783
664,train,25500,37489.86224090813,-11989.862240908129
3860,train,19500,17164.63120859797,2335.36879140203
282,train,17500,11544.179531326236,5955.8204686737645
4420,train,15000,12935.482131215036,2064.517868784964
3212,train,12000,10275.406908457973,1724.5930915420267
2856,train,25000,21282.960678377938,3717.039321622062
3151,train,16000,17194.29425442509,-1194.294254425091
3338,train,13500,14181.463011983575,-681.4630119835747
1240,train,13000,15397.921983545997,-2397.921983545997
1149,train,85000,79742.13867235387,5257.861327646126
1105,train,37000,45837.88147993405,-8837.881479934047
566,train,75000,66919.61368215269,8080.386317847311
3567,train,25000,31474.973744440395,-6474.9737444403945
4435,train,25000,17374.312241595035,7625.687758404965
1983,train,7000,6557.532856147531,442.46714385246923
3717,train,45000,41067.47443287054,3932.525567129458
2776,train,13000,15877.318851567747,-2877.3188515677466
380,train,40000,42689.48466337925,-2689.4846633792476
2104,train,100000,48699.92661133272,51300.07338866728
3742,train,5000,6158.565779645323,-1158.5657796453233
4240,train,25000,24439.762919191835,560.237080808165
2615,train,8500,11487.421819334631,-2987.4218193346314
3040,train,24000,13318.426210908616,10681.573789091384
2339,train,55000,43892.44484015608,11107.55515984392
1423,train,32000,51163.804232019254,-19163.804232019254
3619,train,12000,13475.765263619043,-1475.7652636190433
1379,train,100000,120092.73588561505,-20092.735885615053
2951,train,45000,39905.68543933791,5094.314560662089
3768,train,24000,31391.288038443454,-7391.288038443454
2035,train,14000,14344.660968251264,-344.6609682512644
2207,train,30000,36135.31111774263,-6135.311117742633
1374,train,270000,195280.0138642517,74719.9861357483
2474,train,13000,10717.331721490162,2282.6682785098383
4616,train,20000,26838.70081163418,-6838.7008116341785
727,train,130000,160739.54975530607,-30739.54975530607
746,train,33000,31043.754622282948,1956.2453777170522
2660,train,37000,69350.87680040633,-32350.87680040633
1848,train,9000,10174.541231145964,-1174.541231145964
4342,train,8000,10083.992865151387,-2083.9928651513874
1063,train,52000,39144.18495552861,12855.81504447139
578,train,300000,259206.40185374985,40793.59814625015
2612,train,60000,79562.78458756383,-19562.78458756383
231,train,16000,16004.098949214278,-4.098949214278036
3046,train,9000,11480.295708243248,-2480.2957082432476
2986,train,20000,22632.847588782606,-2632.847588782606
2997,train,10000,11427.426168484395,-1427.426168484395
2637,train,23000,21591.8254548603,1408.1745451397
547,train,60000,62749.49689658762,-2749.496896587618
2855,train,100000,98702.20094020259,1297.799059797413
38,train,21000,12057.148124574873,8942.851875425127
3741,train,15000,12190.29103504503,2809.7089649549707
1671,train,12000,13107.093506705629,-1107.093506705629
4705,train,16000,16287.693659003644,-287.6936590036439
1538,train,45000,44766.60715655764,233.39284344235784
312,train,10000,6725.246935831065,3274.7530641689355
2443,train,30000,17988.566567767317,12011.433432232683
4619,train,15000,14360.671736654918,639.3282633450817
688,train,45002,40324.423607984034,4677.576392015966
4585,train,20000,19586.030865219498,413.9691347805019
1010,train,68000,82503.32655819142,-14503.326558191417
4320,train,12000,14269.973410042083,-2269.973410042083
2261,train,18000,23190.96241179787,-5190.962411797871
4258,train,12000,12748.722936642811,-748.722936642811
2185,train,15000,18315.73478104007,-3315.7347810400715
4466,train,42000,33329.4296365241,8670.570363475897
968,train,42000,52725.23236376743,-10725.232363767427
2813,train,8000,9173.894933035166,-1173.894933035166
2548,train,20000,10392.399784629964,9607.600215370036
3666,train,8200,12200.176882080325,-4000.1768820803245
3973,train,12000,12499.97334035536,-499.97334035536005
2630,train,7000,10477.676872609038,-3477.6768726090377
4044,train,14000,13434.240806079852,565.7591939201484
3504,train,39000,24185.481932991825,14814.518067008175
1181,train,56000,44942.92254293786,11057.077457062143
3143,train,18000,18313.589072901086,-313.5890729010862
2344,train,12000,11907.244299295206,92.75570070479444
1483,train,32000,30436.3230112414,1563.6769887586015
976,train,65000,41382.642173708744,23617.357826291256
2351,train,20000,30953.34253832258,-10953.34253832258
4344,train,7500,11164.856642779438,-3664.8566427794376
1248,train,130000,128949.99705018371,1050.0029498162912
85,train,10000,5898.0907095974735,4101.9092904025265
1653,train,10000,9625.753954795067,374.24604520493267
486,train,10000,14835.609124383718,-4835.609124383718
4558,train,11000,11532.34990475148,-532.3499047514797
905,train,16500,26241.79337599958,-9741.79337599958
2531,train,16000,19277.170481418503,-3277.170481418503
1890,train,38000,32444.223996390327,5555.776003609673
4669,train,16000,17603.898378001773,-1603.8983780017734
3337,train,9500,11351.141245175106,-1851.1412451751057
853,train,83000,91827.86179114503,-8827.861791145027
194,train,5000,6415.249476870699,-1415.2494768706993
2208,train,65000,63986.92400935876,1013.0759906412422
1598,train,6000,8177.946977539159,-2177.946977539159
3006,train,6500,7484.2730535322935,-984.2730535322935
2,train,17000,11103.886971999895,5896.113028000105
2949,train,25000,20123.803901681473,4876.196098318527
4625,train,15000,11699.599354501632,3300.4006454983682
2362,train,20000,15434.786373046269,4565.213626953731
4443,train,10500,12599.56278950603,-2099.5627895060297
1230,train,160000,103200.22093775045,56799.77906224955
929,train,20000,27274.469993902676,-7274.469993902676
2003,train,5500,11671.155386531998,-6171.155386531998
4483,train,5000,6114.1475542728,-1114.1475542728003
1202,train,120000,131108.35804815,-11108.358048149996
1544,train,30000,16280.377429613314,13719.622570386686
2100,train,52000,64410.73223652339,-12410.732236523392
937,train,10000,12192.94610373364,-2192.9461037336405
3585,train,10000,12060.646931737467,-2060.6469317374667
1419,train,30000,48810.621992183216,-18810.621992183216
4257,train,20000,20915.883281825914,-915.8832818259143
3150,train,12000,14527.553219751,-2527.553219751
1521,train,4500,7643.868238628951,-3143.868238628951
3631,train,12000,11996.185454832608,3.8145451673917705
293,train,6500,6906.369193458644,-406.3691934586441
2613,train,95000,84185.78543224327,10814.214567756731
178,train,10500,12935.775765999526,-2435.775765999526
1492,train,70000,97927.67090960678,-27927.67090960678
2626,train,8500,6732.790660334129,1767.209339665871
306,train,20000,17744.464268676205,2255.5357313237946
2618,train,8000,9587.152921853629,-1587.1529218536289
1472,train,350000,375352.309083293,-25352.309083293017
2163,train,12000,11647.545560408438,352.4544395915618
1708,train,25000,39021.124952878774,-14021.124952878774
1232,train,80000,97265.06704075132,-17265.067040751324
1411,train,50000,46651.51813509299,3348.4818649070075
1861,train,5000,7179.853072924724,-2179.853072924724
1170,train,50000,49197.83703781743,802.1629621825705
708,train,35000,46363.97706125957,-11363.977061259568
2496,train,10000,11788.643029580488,-1788.6430295804876
3333,train,12000,12024.61025367199,-24.610253671989994
2516,train,15000,9260.66926818944,5739.33073181056
2924,train,32000,25731.019053300304,6268.980946699696
2936,train,17000,14998.972805469033,2001.0271945309669
3211,train,3500,5940.152188861476,-2440.152188861476
722,train,65000,65469.17662844332,-469.1766284433179
4663,train,26000,18631.72684349471,7368.273156505289
1510,train,15000,12056.51049959648,2943.4895004035207
1516,train,15000,13996.614973071071,1003.3850269289287
4303,train,12000,8018.796280796177,3981.2037192038233
2978,train,15000,14089.392741531454,910.6072584685462
3762,train,22000,23651.847539051854,-1651.8475390518543
1083,train,380000,341187.6411017164,38812.35889828362
4098,train,15000,12552.989031127257,2447.0109688727425
320,train,5000,6109.854165770638,-1109.8541657706382
165,train,16500,12323.573279196708,4176.4267208032925
2687,train,25000,22479.48164353366,2520.5183564663384
2026,train,10000,10241.342780992565,-241.34278099256517
568,train,16000,20398.885321871403,-4398.885321871403
4294,train,10000,13673.394191185253,-3673.3941911852526
3942,train,15000,12188.402186331232,2811.597813668768
2401,train,12000,15529.26428388572,-3529.264283885719
4453,train,45000,40635.17504775893,4364.82495224107
62,train,10000,9890.71817320428,109.2818267957191
1040,train,330000,288799.4276062773,41200.572393722716
2787,train,25000,38213.41868577628,-13213.418685776283
1699,train,31000,29900.909947794393,1099.0900522056072
2754,train,3500,5913.842048740261,-2413.842048740261
1410,train,18500,13896.476974199239,4603.523025800761
1236,train,100000,93576.4062611408,6423.593738859199
78,train,6500,7290.360412159787,-790.3604121597873
2858,train,6000,9563.951734255354,-3563.9517342553536
2368,train,14000,9408.555160294381,4591.4448397056185
718,train,60000,39275.693823156405,20724.306176843595
3231,train,8500,8784.18840159865,-284.18840159865067
1476,train,22000,17521.078748690463,4478.921251309537
1553,train,17000,15232.337345067739,1767.662654932261
1628,train,10000,14059.302170875815,-4059.302170875815
2685,train,13000,11273.465410182253,1726.5345898177475
4066,train,57000,49822.61559354871,7177.384406451289
3454,train,8000,6429.2964225702035,1570.7035774297965
1375,train,69000,75737.82606433374,-6737.826064333742
4255,train,17000,16915.679230996488,84.3207690035124
3036,train,12000,13538.562225666139,-1538.562225666139
2746,train,30000,18340.96338663925,11659.03661336075
4206,train,15000,13683.58886332479,1316.4111366752095
3031,train,11000,13659.42495647163,-2659.42495647163
3654,train,9300,8521.835609957241,778.1643900427589
110,train,8000,6711.541173123276,1288.4588268767238
3694,train,7500,6318.3215723660705,1181.6784276339295
4580,train,13000,11588.204575636446,1411.795424363554
4516,train,11000,12355.370943741298,-1355.370943741298
4538,train,5000,9529.995765335758,-4529.995765335758
685,train,27000,25380.067357948483,1619.9326420515172
1929,train,22000,27875.931678890745,-5875.931678890745
8,train,26000,14889.702181932782,11110.297818067218
4442,train,15500,19270.17010579033,-3770.17010579033
2853,train,10000,11072.218548618008,-1072.2185486180078
4511,train,45000,35678.543453737184,9321.456546262816
324,train,16000,21169.72924090785,-5169.729240907851
2635,train,15000,20467.26648322648,-5467.266483226482
2276,train,20000,23289.329402906482,-3289.329402906482
3794,train,18000,17926.73261474614,73.267385253861
1128,train,55000,52168.5369718131,2831.463028186903
3308,train,26000,29075.82719869511,-3075.8271986951113
4551,train,15000,16343.762204980534,-1343.762204980534
2103,train,12000,10467.505232007705,1532.4947679922952
3562,train,8000,6566.440079997406,1433.5599200025936
2631,train,22000,18475.790014676044,3524.209985323956
1438,train,66000,82809.67748839807,-16809.67748839807
4149,train,18000,24126.64315804228,-6126.6431580422795
1579,train,7000,10746.881555938075,-3746.8815559380746
2133,train,6000,7507.262322543218,-1507.262322543218
1364,train,20000,21398.703390996954,-1398.703390996954
3137,train,34500,29213.732692445345,5286.267307554655
2881,train,30000,12864.752673531171,17135.24732646883
1335,train,49500,31365.851946013143,18134.148053986857
1822,train,50000,41336.853776718104,8663.146223281896
636,train,26000,30979.072221939292,-4979.072221939292
4502,train,7000,9100.419138142031,-2100.4191381420314
3706,train,12500,14147.43476834438,-1647.4347683443793
257,train,8500,11395.918012188018,-2895.918012188018
19,train,6000,7097.411935073073,-1097.4119350730734
860,train,90000,88143.58733839238,1856.4126616076246
2357,train,12000,8665.856736770962,3334.143263229038
183,train,11000,7923.858971548482,3076.1410284515177
3077,train,13500,15371.611223208905,-1871.6112232089054
2912,train,11000,12464.842289016407,-1464.8422890164074
1351,train,95000,124560.25838266568,-29560.258382665677
4697,train,4500,5874.026915318736,-1374.0269153187364
4256,train,20000,20961.20873146364,-961.208731463641
1660,train,6500,9105.85170471024,-2605.8517047102396
1656,train,63000,83988.86932395087,-20988.869323950872
3180,train,40000,36966.2254272196,3033.7745727803995
4675,train,7000,7931.496569115174,-931.4965691151738
2303,train,35000,43811.803887801114,-8811.803887801114
3963,train,9000,8207.17004650716,792.8299534928392
83,train,20000,18730.585156451958,1269.414843548042
3125,train,150000,97611.84427463582,52388.15572536418
3530,train,11000,12004.483267564643,-1004.483267564643
142,train,8000,7432.5753356796295,567.4246643203705
3831,train,10000,7072.077285257837,2927.9227147421634
1417,train,190000,135195.04587749115,54804.95412250885
2609,train,30000,48354.12661995835,-18354.126619958348
846,train,150000,75027.85833487564,74972.14166512436
3155,train,17000,20876.345397745503,-3876.345397745503
742,train,33000,20733.875470732684,12266.124529267316
1526,train,12500,14719.100544115845,-2219.100544115845
3386,train,18000,15731.411445151392,2268.5885548486076
1673,train,15000,16846.572952268896,-1846.5729522688962
1166,train,90000,116310.35283244317,-26310.352832443168
1888,train,18000,10213.03299200213,7786.96700799787
3200,train,45000,42615.49380288813,2384.5061971118703
2467,train,36000,22381.79764529176,13618.202354708239
1716,train,15000,11648.106340823144,3351.893659176856
1507,train,13000,12953.872409836964,46.127590163036075
4734,train,35000,36957.78161658036,-1957.7816165803597
3140,train,22000,16599.104173163494,5400.895826836506
2605,train,31000,29197.82938658701,1802.170613412989
2641,train,10000,12724.364442916109,-2724.3644429161086
1346,train,38000,42653.87274594829,-4653.872745948291
1645,train,17500,17466.928911340336,33.07108865966438
311,train,9000,6803.235439565942,2196.764560434058
924,train,62000,50870.221025495775,11129.778974504225
4125,train,17000,17744.17346282004,-744.1734628200393
1062,train,130000,89662.31019479543,40337.68980520457
227,train,3000,4401.795372720239,-1401.7953727202394
966,train,48000,50498.214219684894,-2498.2142196848945
1385,train,190000,201429.68760021898,-11429.687600218982
508,train,60000,42550.15126142229,17449.84873857771
2628,train,13000,12635.268752472011,364.73124752798867
2538,train,21000,11213.960435800738,9786.039564199262
605,train,130000,102431.29840965009,27568.701590349912
1903,train,11000,11308.44972023976,-308.4497202397597
4172,train,13000,14053.60081147484,-1053.6008114748402
774,train,50000,57559.9106563796,-7559.910656379601
3198,train,10000,16123.241267037482,-6123.2412670374815
2581,train,18000,14876.852301788667,3123.1476982113327
3480,train,10000,7587.837536082484,2412.162463917516
6,train,10000,13468.561251817935,-3468.561251817935
692,train,50000,62153.31253841683,-12153.31253841683
2090,train,28000,23372.7430304754,4627.256969524598
1604,train,9000,16508.32139584148,-7508.321395841482
405,train,35000,28548.832807240182,6451.167192759818
2525,train,8000,8488.12167525213,-488.12167525213044
4184,train,9500,7717.797983374463,1782.202016625537
3183,train,6500,7419.903107819289,-919.9031078192893
2098,train,12500,12989.687878098533,-489.6878780985335
844,train,55000,53937.88996065607,1062.1100393439265
2508,train,15000,18091.517010287815,-3091.5170102878146
1709,train,35000,42892.518923658725,-7892.518923658725
4269,train,10000,10298.883808402632,-298.883808402632
1871,train,11000,12008.448485986844,-1008.4484859868444
4673,train,18000,14332.392251589772,3667.607748410228
510,train,7000,14350.280148838347,-7350.280148838347
167,train,12000,9772.293933521732,2227.7060664782675
3978,train,6500,6968.98880087372,-468.9888008737198
1549,train,110000,129744.19385652262,-19744.193856522616
922,train,62000,71890.67150043878,-9890.67150043878
3637,train,13000,13413.747102435136,-413.7471024351362
1530,train,12000,17610.48281156652,-5610.482811566519
124,train,10000,9579.032458213636,420.96754178636365
200,train,5500,6075.78796730292,-575.7879673029202
121,train,13000,12660.038668958621,339.9613310413788
1228,train,90000,95491.551071443,-5491.551071442998
2955,train,100000,41322.55060732522,58677.44939267478
1630,train,8000,6733.30146264764,1266.6985373523603
1961,train,8000,8051.781454429079,-51.78145442907862
2736,train,30000,32365.515365534335,-2365.5153655343347
1459,train,60000,72216.11213026465,-12216.11213026465
1927,train,17000,16537.371154086322,462.62884591367765
238,train,8500,8935.768225558106,-435.76822555810577
1285,train,60000,63727.60080230043,-3727.6008023004324
4060,train,16000,20310.25904158897,-4310.259041588972
1481,train,140000,81544.5358236311,58455.4641763689
4690,train,11000,10483.947161006716,516.0528389932842
4588,train,45000,42098.545152369574,2901.4548476304262
3499,train,10000,16090.702556154947,-6090.702556154947
2150,train,28000,18229.37431038456,9770.625689615441
3477,train,30000,20281.479078439785,9718.520921560215
445,train,10000,13321.840247452106,-3321.8402474521063
3234,train,8500,12784.504426161302,-4284.504426161302
4316,train,14000,17420.865211515735,-3420.8652115157347
97,train,10000,7592.328833828166,2407.6711661718336
3391,train,25000,16830.04458985648,8169.955410143521
2584,train,13000,15313.458958862566,-2313.458958862566
604,train,42000,49309.24946702866,-7309.2494670286615
2934,train,18000,11912.824850398874,6087.175149601126
1587,train,15000,15634.20322444304,-634.2032244430393
2757,train,23000,16713.545776571125,6286.454223428875
2283,train,6500,6815.437307708347,-315.43730770834736
2287,train,18000,15809.051401031893,2190.948598968107
4022,train,12000,9126.191071058469,2873.808928941531
553,train,19411,23381.587333418378,-3970.587333418378
1384,train,210000,168117.59151668847,41882.408483311534
2246,train,12000,9396.880551852502,2603.1194481474977
3452,train,19000,13202.772888757416,5797.227111242584
3289,train,100000,122287.95146066077,-22287.95146066077
4266,train,15000,17992.11548257557,-2992.1154825755693
384,train,15000,6762.638869177131,8237.361130822868
482,train,10000,12180.25386875189,-2180.25386875189
3663,train,16000,18671.171665271148,-2671.1716652711475
472,train,10000,10819.355943830238,-819.3559438302382
920,train,15000,23798.933605229566,-8798.933605229566
370,train,8000,10867.013388487494,-2867.013388487494
2648,train,20000,10453.945280327454,9546.054719672546
1390,train,26000,21400.617630776014,4599.382369223986
4036,train,13000,9053.382363901432,3946.6176360985683
3254,train,7500,11206.476527294413,-3706.4765272944132
4581,train,25000,19733.748205030817,5266.251794969183
1439,train,45000,27761.97354746217,17238.02645253783
21,train,9000,9117.36711451094,-117.36711451094016
3661,train,16000,10408.44352956909,5591.556470430911
1559,train,15000,14340.430997533707,659.5690024662927
2927,train,6000,8508.004306638637,-2508.004306638637
1075,train,75000,64169.77062838993,10830.229371610068
1174,train,65000,51652.88208405148,13347.117915948518
3635,train,25000,18872.105689382264,6127.894310617736
211,train,7500,6977.438973949593,522.5610260504072
365,train,12000,8241.855089118071,3758.144910881929
4338,train,9000,10988.95500880234,-1988.9550088023407
3147,train,12000,12406.850426264138,-406.85042626413815
830,train,23000,28696.31346449542,-5696.313464495419
3987,train,18000,22567.43324457941,-4567.43324457941
160,train,9500,8846.80767464426,653.1923253557397
1772,train,3500,6346.124926111128,-2846.124926111128
3189,train,10000,9672.141004578667,327.858995421333
4306,train,32000,33003.94003236321,-1003.9400323632071
1920,train,7000,10149.683624093563,-3149.6836240935627
953,train,40000,30802.866917888114,9197.133082111886
637,train,60000,47341.825871843736,12658.174128156264
3068,train,7500,8258.22827895302,-758.22827895302
623,train,25000,23568.418968890335,1431.5810311096648
1551,train,20000,36049.35709680527,-16049.357096805274
756,train,330000,240210.7857116557,89789.21428834429
668,train,50000,49612.731647580054,387.2683524199456
1361,train,34000,54572.07097717323,-20572.07097717323
1600,train,10000,15311.682263939758,-5311.682263939758
2565,train,18500,19428.980195852346,-928.9801958523458
4542,train,25000,17895.05693170667,7104.943068293331
1525,train,7000,5568.505247689762,1431.4947523102383
2999,train,15000,14350.115172019587,649.8848279804133
319,train,5000,6674.124238612177,-1674.1242386121767
3882,train,14000,12122.517481590468,1877.4825184095316
2451,train,35000,38907.71214044444,-3907.7121404444406
944,train,40000,32173.371689730884,7826.628310269116
4383,train,12000,18881.79076087905,-6881.790760879048
4224,train,10000,12847.646822497292,-2847.6468224972923
426,train,6000,7079.460347906958,-1079.4603479069583
4373,train,15000,11966.553047151852,3033.4469528481477
1502,train,25000,26891.124180022274,-1891.1241800222742
3463,train,50000,59368.22601011696,-9368.22601011696
4301,train,10000,10580.602956266619,-580.602956266619
4467,train,12000,9736.74271652194,2263.2572834780603
3139,train,330000,235702.56081919427,94297.43918080573
1825,train,120000,78287.08072492368,41712.91927507632
3325,train,5000,7535.347572698783,-2535.3475726987826
386,train,7000,7051.608016944681,-51.60801694468137
2385,train,90000,108691.37925556113,-18691.37925556113
3228,train,9000,7596.740370231537,1403.2596297684631
1286,train,19000,22714.792371198862,-3714.7923711988624
385,train,5000,6140.716423508149,-1140.716423508149
3516,train,23000,16287.293363107134,6712.706636892866
4096,train,13000,11366.832770173844,1633.1672298261565
1003,train,140000,114559.36504624675,25440.63495375325
4566,train,50000,49772.87961334785,227.1203866521464
2005,train,14000,14311.44797722144,-311.44797722143994
4654,train,16000,20495.869971182998,-4495.869971182998
3951,train,8000,7239.680110504223,760.3198894957768
2805,train,9000,6317.781777089602,2682.2182229103983
2418,train,12000,11347.251072014442,652.7489279855581
1269,train,65000,26618.689126277786,38381.310873722214
461,train,34000,18269.82030834476,15730.179691655241
2217,train,11000,15374.011094234113,-4374.0110942341125
3471,train,8500,8780.98480061641,-280.9848006164102
4034,train,4500,5206.343648906888,-706.3436489068881
3981,train,4000,5616.882290096403,-1616.8822900964033
640,train,35000,39034.174192279264,-4034.1741922792644
559,train,110000,122592.97007633634,-12592.970076336336
3324,train,18000,12553.581052857475,5446.418947142525
3133,train,10000,8164.14884458864,1835.8511554113602
3095,train,20000,20581.18907598856,-581.189075988561
1190,train,35000,22801.315700778137,12198.684299221863
1499,train,13000,19716.98735707757,-6716.987357077571
3716,train,9500,10359.566684370671,-859.5666843706713
3374,train,15000,17700.559525114186,-2700.559525114186
290,train,10000,14287.500871201928,-4287.500871201928
3586,train,6500,6972.530916261417,-472.5309162614167
2852,train,18000,14157.451385562385,3842.5486144376155
1026,train,65000,59961.37448274671,5038.625517253291
1401,train,22000,38968.78387431587,-16968.78387431587
297,train,5000,6215.198884519975,-1215.1988845199749
4407,train,52000,46951.20315060665,5048.796849393351
1300,train,260000,265045.54839705734,-5045.5483970573405
1323,train,22000,22310.851184385374,-310.8511843853739
2507,train,52000,32978.88823993512,19021.11176006488
3280,train,47500,46876.168423938325,623.8315760616752
2061,train,9000,7658.888755874517,1341.1112441254827
4005,train,9500,11945.805101065082,-2445.8051010650815
3544,train,72000,118639.16093587648,-46639.16093587648
411,train,6000,10194.274746159605,-4194.274746159605
2009,train,30000,24997.708535185084,5002.291464814916
2187,train,34000,43664.836076237436,-9664.836076237436
2346,train,30000,26075.81895463941,3924.1810453605904
2709,train,15000,11198.441059448809,3801.558940551191
3689,train,8500,17390.212808489756,-8890.212808489756
3087,train,30000,24352.828500851025,5647.171499148975
4041,train,8000,6762.055997620873,1237.9440023791267
891,train,55000,42878.22655951584,12121.773440484161
3795,train,37000,41167.17461878711,-4167.17461878711
2567,train,11000,9906.750529583396,1093.2494704166038
3517,train,17000,10672.846464763838,6327.1535352361625
1234,train,100000,114665.00713772497,-14665.00713772497
224,train,8500,10298.16651960735,-1798.16651960735
1256,train,28500,29685.545403792396,-1185.5454037923955
3559,train,6166,7099.261165495526,-933.2611654955263
3523,train,25000,26341.818021648804,-1341.8180216488036
2296,train,14000,18140.796225090162,-4140.796225090162
2512,train,16000,14110.281150515153,1889.718849484847
2863,train,20000,19530.063117253787,469.9368827462131
816,train,45000,38107.46895513532,6892.531044864678
750,train,10000,18816.33397928385,-8816.333979283849
2622,train,10000,11961.705828638613,-1961.7058286386127
719,train,20000,19635.098480012195,364.90151998780493
9,train,10000,13528.574844892953,-3528.5748448929535
1353,train,34000,34924.84763368568,-924.8476336856766
2582,train,17000,15029.945301983962,1970.054698016038
2018,train,5000,6694.237554042444,-1694.2375540424437
1921,train,13000,16841.39427998858,-3841.394279988581
254,train,8000,7084.146112688266,915.8538873117341
881,train,34000,37935.3079752181,-3935.3079752181
3075,train,6000,5449.913809147585,550.0861908524148
3687,train,12000,18285.90400873051,-6285.904008730511
3269,train,28000,20119.029810795415,7880.970189204585
766,train,95000,49294.50516945085,45705.49483054915
2646,train,17401,19033.41623806321,-1632.4162380632115
3844,train,18000,17045.45381321534,954.5461867846607
740,train,33000,25479.483737169074,7520.516262830926
378,train,6500,9263.054355292456,-2763.0543552924555
2872,train,12000,11531.750391757605,468.24960824239497
2850,train,16500,27408.291626344093,-10908.291626344093
2473,train,12000,10067.582962555467,1932.417037444533
1497,train,10000,11452.621655365787,-1452.6216553657869
4000,train,32000,22741.190548923256,9258.809451076744
3988,train,14500,11304.456783336565,3195.5432166634346
1698,train,9000,8683.348797131572,316.6512028684283
2255,train,35000,39026.561716329794,-4026.561716329794
2247,train,30000,28874.300880061062,1125.6991199389377
1631,train,12000,16052.790540588445,-4052.790540588445
1641,train,12000,13804.907493568033,-1804.9074935680328
4408,train,9500,11073.88656188355,-1573.8865618835498
3696,train,26000,22606.318756100416,3393.681243899584
2868,train,28000,23417.99005474171,4582.009945258291
1252,train,180000,169947.23667181237,10052.763328187633
3751,train,15000,16025.95246537536,-1025.9524653753597
1451,train,75000,63467.97184428332,11532.028155716682
4050,train,35000,17306.971530847226,17693.028469152774
2314,train,22000,16399.780208850632,5600.219791149368
111,train,6000,6539.180909396707,-539.1809093967067
2367,train,100000,113507.9640455075,-13507.964045507499
4232,train,150000,154054.5941737597,-4054.5941737596877
670,train,50000,75450.59175467388,-25450.59175467388
317,train,5000,5561.822305936767,-561.8223059367674
1779,train,20000,12603.009081320195,7396.990918679805
3674,train,40000,40238.2628046021,-238.26280460209819
4672,train,20000,11568.721211530577,8431.278788469423
1648,train,7500,7622.3434255899865,-122.34342558998651
338,train,7000,6522.8703343183115,477.1296656816885
1296,train,17000,20878.65453633989,-3878.654536339891
218,train,7500,7303.940129969714,196.05987003028622
4591,train,37000,49612.99513078722,-12612.995130787218
4587,train,40000,45157.300655281004,-5157.300655281004
802,train,30000,21922.470870499073,8077.5291295009265
1555,train,6000,7792.5309083034845,-1792.5309083034845
4477,train,9000,7222.768134340555,1777.2318656594452
673,train,25000,24258.5966390093,741.4033609906983
3782,train,11000,10589.481082776798,410.51891722320215
2310,train,35000,27430.558758615054,7569.441241384946
1982,train,20000,15104.66254370195,4895.33745629805
4494,train,25000,22021.67603602801,2978.3239639719905
1469,train,35000,18137.74843691061,16862.25156308939
1592,train,35000,39153.311612270554,-4153.311612270554
1958,train,7000,8962.109329625768,-1962.1093296257677
1176,train,43000,45759.93304686908,-2759.9330468690823
4611,train,7500,6794.658164310157,705.3418356898428
593,train,30000,24525.24582087111,5474.7541791288895
2117,train,60000,54796.883411744064,5203.116588255936
3685,train,13000,12368.708908578945,631.2910914210552
2571,train,22000,22437.99518246396,-437.9951824639611
3176,train,7500,6894.363594915025,605.6364050849752
309,train,7000,5762.455416408479,1237.5445835915207
4608,train,11000,10512.49308222969,487.5069177703099
3259,train,8000,11900.964148934272,-3900.964148934272
4393,train,10000,12531.767362760866,-2531.7673627608656
1030,train,120000,169932.9877280619,-49932.98772806191
3367,train,6000,6223.228398201648,-223.2283982016479
469,train,9500,8983.494496517467,516.5055034825327
2299,train,12000,14903.636555230121,-2903.6365552301213
787,train,200000,147865.08822325774,52134.91177674226
2623,train,15000,15545.428679818662,-545.4286798186622
2819,train,35000,30934.890700105345,4065.109299894655
3293,train,46000,49068.72405921668,-3068.724059216678
2111,train,32000,37504.522666971665,-5504.522666971665
4562,train,16000,13603.236396045262,2396.763603954738
3389,train,9000,13397.14587673077,-4397.14587673077
1619,train,18000,14302.431980668705,3697.5680193312946
1962,train,52000,48840.26473846592,3159.7352615340787
4179,train,12000,10915.022892795529,1084.9771072044714
4131,train,52000,67725.3127100384,-15725.3127100384
2031,train,25000,27880.95253986264,-2880.9525398626392
1919,train,12500,7112.283371755074,5387.716628244926
4123,train,14000,14198.348238377035,-198.34823837703516
3028,train,45000,41089.87176951065,3910.1282304893466
1705,train,18000,18518.73252695516,-518.7325269551584
800,train,35000,30174.745199160225,4825.254800839775
2756,train,19000,11718.000687254598,7281.999312745402
2264,train,6000,6760.778343622693,-760.7783436226928
1115,train,24000,28590.267242882026,-4590.267242882026
3779,train,9000,11092.498123855801,-2092.498123855801
229,train,18000,11747.748756563182,6252.251243436818
259,train,7000,9249.36875050326,-2249.3687505032594
1395,train,180000,100657.66031767058,79342.33968232942
1720,train,11500,13987.615418111718,-2487.615418111718
1186,train,270000,187811.4410029434,82188.55899705659
681,train,150000,164647.51336117586,-14647.513361175865
3783,train,140000,122608.82691976623,17391.17308023377
2250,train,6000,7817.627464678838,-1817.627464678838
904,train,100000,123516.90714361516,-23516.907143615157
3776,train,12000,13191.550988889407,-1191.5509888894067
360,train,5000,6115.639261606311,-1115.6392616063113
1287,train,140000,96027.95873082874,43972.041269171255
3660,train,10000,9506.682711840765,493.3172881592345
3113,train,49000,64455.285726292335,-15455.285726292335
2227,train,50000,45082.24931934057,4917.750680659432
4605,train,10000,15329.183769037723,-5329.183769037723
2960,train,5000,9708.618759485902,-4708.618759485902
3622,train,14000,21739.099599868292,-7739.099599868292
2376,train,30000,24454.043503125886,5545.956496874114
305,train,3000,5362.072761615778,-2362.0727616157783
505,train,2200,5975.788074577505,-3775.7880745775046
3274,train,5000,7927.099265054513,-2927.099265054513
1112,train,200000,131304.2917391287,68695.7082608713
2799,train,90000,85171.7744440401,4828.2255559599
214,train,6000,5411.485869536368,588.5141304636318
3592,train,15000,15260.839957410457,-260.8399574104569
1947,train,15000,11863.085447241052,3136.914552758948
865,train,75000,84633.47824679797,-9633.478246797968
3524,train,16500,13376.697174148274,3123.302825851726
326,train,8000,9111.870637752594,-1111.8706377525941
3154,train,11000,13146.312427667286,-2146.312427667286
2788,train,21000,11848.699207827554,9151.300792172446
1111,train,18500,31030.500299465974,-12530.500299465974
4153,train,28000,31057.7965436683,-3057.7965436683007
2657,train,27000,39900.00622564376,-12900.00622564376
834,train,220000,166192.2064068675,53807.79359313249
839,train,65000,39837.213814527735,25162.786185472265
2694,train,15000,18516.251790857485,-3516.2517908574846
1836,train,30000,23544.935231400294,6455.064768599706
3397,train,16000,10343.333315594145,5656.6666844058545
328,train,8000,8020.758479498719,-20.75847949871877
1376,train,120000,81400.96559643964,38599.03440356036
942,train,5500,14949.86515643589,-9449.86515643589
1223,train,46000,47573.87276192387,-1573.8727619238707
3537,train,25000,17270.252930250215,7729.747069749785
1690,train,23000,20215.22547138495,2784.7745286150493
2563,train,12000,9463.545502233692,2536.454497766308
1975,train,20000,15517.740167219912,4482.259832780088
2836,train,130000,162189.64791626274,-32189.647916262737
351,train,7000,5917.785593204076,1082.2144067959243
4290,train,20000,15402.287012471283,4597.712987528717
2046,train,42500,35144.22916685253,7355.770833147471
4510,train,8000,17008.945621403116,-9008.945621403116
1618,train,8500,9072.421203480884,-572.4212034808843
1066,train,30000,16280.215033634255,13719.784966365745
1276,train,23000,24520.983148038533,-1520.9831480385328
1558,train,8000,6318.523017249775,1681.476982750225
39,train,10000,6609.602164336311,3390.397835663689
270,train,5500,5308.885063721628,191.11493627837172
2435,train,9500,11296.13000454613,-1796.1300045461303
4635,train,45000,39701.645148020834,5298.354851979166
1035,train,350000,359443.7267920009,-9443.726792000874
854,train,32000,33029.21431271507,-1029.2143127150703
69,train,7500,6016.141625330199,1483.8583746698014
3066,train,8000,11760.472527876755,-3760.4725278767546
1838,train,8000,7704.199793090579,295.8002069094209
2795,train,8000,10739.408593050357,-2739.408593050357
1238,train,84500,80651.61201256793,3848.38798743207
1599,train,13000,14082.606980393803,-1082.6069803938026
3796,train,18000,14165.534322974216,3834.4656770257843
4633,train,16000,14676.629065228002,1323.3709347719978
3225,train,8500,9082.163975988793,-582.163975988793
991,train,53000,61278.97461970024,-8278.974619700239
1091,train,46000,33214.04079504729,12785.959204952713
3571,train,15000,11596.87464409713,3403.12535590287
2463,train,12500,10953.964778813735,1546.0352211862646
4401,train,32000,21257.70898899902,10742.29101100098
1466,train,90000,63143.58088595527,26856.41911404473
665,train,350000,323807.2008490545,26192.799150945502
1288,train,30000,38488.259498925494,-8488.259498925494
3977,train,22000,17558.408358797675,4441.591641202325
1080,train,40000,46909.40001761159,-6909.400017611588
1849,train,6000,5867.004886205015,132.99511379498472
3577,train,23000,15192.44709549649,7807.552904503509
4529,train,42000,48228.501362083276,-6228.501362083276
4300,train,30000,26571.185629612766,3428.814370387234
698,train,140000,114696.90170832358,25303.09829167642
3778,train,35000,34524.9806061511,475.01939384890284
921,train,260000,365885.98333914677,-105885.98333914677
1674,train,12000,14245.20144812476,-2245.2014481247606
2107,train,6500,6873.798704537623,-373.79870453762305
2446,train,70000,44501.01337741595,25498.986622584052
2861,train,13000,15849.753237617768,-2849.753237617768
2459,train,25000,19354.727348277967,5645.272651722033
2008,train,43000,47501.07499218426,-4501.074992184258
4476,train,6200,7253.189322422881,-1053.1893224228807
3179,train,12000,10195.703616978064,1804.296383021936
3497,train,20000,16445.736315400605,3554.2636845993948
3533,train,9000,10838.136778683276,-1838.1367786832761
1782,train,15000,16361.461561419324,-1361.4615614193244
2118,train,8500,8730.022111157685,-230.02211115768478
1789,train,30000,22292.627759907915,7707.372240092085
215,train,20000,20430.37774300918,-430.37774300917954
2699,train,14000,10938.18395880926,3061.8160411907393
1804,train,16500,12335.07258767484,4164.92741232516
1386,train,25000,31646.4601758946,-6646.460175894601
859,train,25000,31373.400245966684,-6373.400245966684
3405,train,20000,13106.735774216071,6893.264225783929
582,train,89000,87809.40954703306,1190.5904529669351
4285,train,6500,6686.871599578573,-186.8715995785733
3565,train,14000,8431.495022921226,5568.504977078774
3798,train,10000,10539.980737480484,-539.9807374804841
1489,train,35000,25597.237461449688,9402.762538550312
964,train,95000,64860.4677617689,30139.5322382311
1543,train,23000,15878.680906623384,7121.319093376616
4428,train,7000,6919.238188497924,80.76181150207594
2108,train,13500,18762.68968790327,-5262.689687903268
1431,train,85000,89163.64064670584,-4163.6406467058405
296,train,10000,13681.301879131492,-3681.3018791314917
2164,train,11000,14541.04328751396,-3541.0432875139595
4732,train,15000,13894.767000979191,1105.232999020809
1092,train,35000,35442.33663987968,-442.33663987967884
2989,train,29000,15829.9472537514,13170.0527462486
1372,train,34000,60514.60053739948,-26514.600537399478
2271,train,6000,8210.339411335151,-2210.3394113351515
2491,train,27000,25338.041440252648,1661.9585597473524
557,train,68000,35791.67776791992,32208.322232080078
849,train,180000,188947.22418391838,-8947.224183918384
4208,train,25000,29992.236745093756,-4992.236745093756
3162,train,8000,9468.12077665971,-1468.1207766597108
3,train,10000,9793.338233802171,206.6617661978289
4395,train,10000,13270.628915541625,-3270.6289155416252
930,train,150000,107745.89834589751,42254.10165410249
1670,train,15000,21195.899086155026,-6195.899086155026
128,train,4700,5687.737875131395,-987.7378751313954
4564,train,20000,14019.448536147616,5980.551463852384
192,train,10000,15390.188121041476,-5390.188121041476
4221,train,11000,11430.04906775177,-430.04906775177005
3688,train,25000,26111.683094154385,-1111.683094154385
3359,train,9500,8828.63929351551,671.3607064844891
4180,train,10000,13433.000667854376,-3433.000667854376
196,train,5200,6664.131068396796,-1464.1310683967959
455,train,7000,5990.961024534817,1009.0389754651833
3936,train,55000,58315.67255497249,-3315.672554972487
2190,train,12000,14529.716001616056,-2529.716001616056
3365,train,13000,14051.788875436221,-1051.7888754362211
2237,train,35000,47895.777268404185,-12895.777268404185
487,train,6000,8118.2186880663685,-2118.2186880663685
520,train,25000,25778.90963760968,-778.9096376096786
501,train,14000,20154.562976371806,-6154.562976371806
4495,train,14000,12865.862939109373,1134.1370608906273
957,train,16000,19642.21599303963,-3642.21599303963
2816,train,31500,34324.37036852456,-2824.3703685245564
4505,train,8500,12322.709844441611,-3822.7098444416115
3429,train,22000,27067.050288727198,-5067.050288727198
1870,train,11000,13087.417072512422,-2087.4170725124222
1812,train,12000,11994.987406307155,5.0125936928452575
682,train,27000,17988.220729321773,9011.779270678227
2629,train,6000,7122.520592348488,-1122.5205923484882
3100,train,9000,9734.675068047884,-734.6750680478835
2692,train,50000,30858.74200794668,19141.25799205332
799,train,70000,66158.20600433927,3841.7939956607297
2897,train,9000,12805.747175480934,-3805.747175480934
4018,train,17000,12616.155445449536,4383.844554550464
3908,train,9000,10557.807246498152,-1557.8072464981524
2506,train,35000,18289.078252826457,16710.921747173543
125,train,18000,14404.835745012851,3595.1642549871485
1072,train,54500,36533.637948459866,17966.362051540134
2568,train,52000,54749.737874834645,-2749.7378748346455
180,train,15000,9753.53626698892,5246.46373301108
1755,train,6000,7614.481428856041,-1614.481428856041
1258,train,270000,213145.1642762996,56854.83572370041
1201,train,35000,21157.037599153635,13842.962400846365
843,train,56000,52833.66719542171,3166.332804578291
3281,train,7500,12886.571991152068,-5386.571991152068
241,train,9000,8164.359983921758,835.6400160782423
717,train,8500,17778.584764484647,-9278.584764484647
3127,train,18000,16183.712455445178,1816.2875445548216
2212,train,9000,9099.400014499388,-99.40001449938791
4309,train,20000,18913.75918051647,1086.2408194835298
4092,train,11000,12441.060191510209,-1441.0601915102088
619,train,50000,84603.2318841647,-34603.23188416471
3023,train,10000,12674.50000554127,-2674.5000055412693
2705,train,17000,9467.991150832766,7532.008849167234
798,train,150000,109137.81827732502,40862.181722674984
749,train,80000,67199.29839153246,12800.701608467542
1130,train,33000,43676.70449895194,-10676.704498951942
1758,train,27500,17208.448725105325,10291.551274894675
2651,train,13000,11098.231581343849,1901.768418656151
2224,train,6200,7216.332883766437,-1016.3328837664367
596,train,47000,42922.99349229623,4077.0065077037725
235,train,15000,10164.928635126846,4835.071364873154
458,train,15000,15018.693083959732,-18.693083959731666
2011,train,15000,12657.397943002596,2342.6020569974044
318,train,14000,8142.508076452329,5857.491923547671
3683,train,13500,13726.098886373882,-226.09888637388212
4461,train,15000,18858.432776049016,-3858.432776049016
22,train,4000,5164.059906040966,-1164.0599060409659
4471,train,15000,10627.777296389759,4372.222703610241
1795,train,7000,7725.151951180668,-725.1519511806682
4177,train,12000,12811.416950113964,-811.416950113964
4163,train,15000,19726.821252952286,-4726.821252952286
2396,train,10000,10291.46099507807,-291.4609950780705
4190,train,5500,6972.24891736135,-1472.2489173613503
2939,train,23000,18500.95289930473,4499.047100695268
836,train,35000,36809.637116188125,-1809.6371161881252
1686,train,10000,11614.37909662485,-1614.3790966248507
1024,train,9400,19299.395972904043,-9899.395972904043
3328,train,30000,20626.768862386238,9373.231137613762
3486,train,6000,6516.949382886685,-516.9493828866853
3079,train,15000,18981.141378393353,-3981.141378393353
2867,train,25000,33252.78989023209,-8252.789890232089
1739,train,45000,45130.37558975917,-130.3755897591691
4425,train,16000,11668.534941622402,4331.465058377598
3758,train,11500,15178.675192091674,-3678.675192091674
519,train,12000,9058.634549674027,2941.365450325973
291,train,14000,18300.169160559424,-4300.169160559424
2377,train,14000,15720.532462980826,-1720.5324629808256
1161,train,85000,69411.2310333199,15588.768966680102
4211,train,3000,5479.941839440792,-2479.941839440792
693,train,55000,56749.289432006015,-1749.289432006015
1572,train,180000,149151.04693391535,30848.95306608465
4569,train,25000,21993.69052376126,3006.309476238741
1582,train,15000,15763.251588925274,-763.2515889252736
2291,train,22000,21663.733632480416,336.2663675195836
2869,train,22000,23501.26192010234,-1501.2619201023408
1250,train,13000,17207.062423802323,-4207.062423802323
538,train,33500,42904.70676813596,-9404.706768135962
841,train,280000,343515.54790085356,-63515.54790085356
1635,train,11000,12294.925993644318,-1294.9259936443177
1162,train,110000,100420.05846321819,9579.941536781815
3221,train,65000,70291.4355838355,-5291.435583835497
1032,train,130000,150495.3605583506,-20495.3605583506
2919,train,30000,22052.911602561242,7947.088397438758
1767,train,9000,6880.577108063254,2119.422891936746
464,train,7000,7899.783661145441,-899.7836611454413
3765,train,14000,12878.314657708324,1121.6853422916756
2322,train,15000,12103.50899299605,2896.4910070039496
4086,train,20000,23751.557939138038,-3751.557939138038
3247,train,9000,12576.228079950033,-3576.228079950033
3924,train,24000,27690.012220808385,-3690.012220808385
4439,train,20000,12423.460819995827,7576.5391800041725
3012,train,7000,6924.237690458306,75.76230954169387
3466,train,10000,18939.920662280692,-8939.920662280692
591,train,45000,38674.21393809328,6325.786061906721
2987,train,12000,12102.268416147383,-102.2684161473826
470,train,1800,5343.1688896944925,-3543.1688896944925
1440,train,22000,17640.139838772382,4359.860161227618
840,train,45000,43927.37545359665,1072.624546403349
3518,train,8500,13332.465869763704,-4832.465869763704
2918,train,24000,24172.65084983228,-172.65084983228007
488,train,18000,12259.906238916517,5740.093761083483
3016,train,4500,5677.947524579766,-1177.9475245797657
3442,train,9500,13396.460339518439,-3896.4603395184386
3997,train,13000,15682.778754700219,-2682.778754700219
4458,train,13000,11016.655998650156,1983.344001349844
2724,train,5000,8054.640813753282,-3054.6408137532817
1103,train,70000,63824.06652050926,6175.933479490741
4001,train,15000,11257.149321692854,3742.850678307146
3940,train,7000,11074.779833496152,-4074.7798334961517
795,train,18500,26482.0517259353,-7982.0517259353
4288,train,3300,4234.727549140216,-934.7275491402161
704,train,40000,42481.799029292306,-2481.799029292306
4347,train,7500,7186.359418383461,313.64058161653884
3790,train,70000,25992.8608848275,44007.1391151725
3676,train,18000,15536.798968873987,2463.201031126013
1319,train,12000,18138.62870896593,-6138.628708965931
2270,train,60000,50974.28068002008,9025.719319979922
3786,train,250000,228622.83174531552,21377.168254684482
1291,train,85000,87987.7585506262,-2987.7585506261967
1414,train,85000,72107.18868563407,12892.811314365928
2139,train,7500,7907.969806997002,-407.9698069970018
3119,train,11000,14051.891644071036,-3051.8916440710364
1965,train,22000,26175.811379856365,-4175.8113798563645
4725,train,18000,20297.669054005084,-2297.669054005084
2173,train,12000,12724.243929800015,-724.2439298000154
558,train,30000,23167.648186537568,6832.351813462432
1845,train,13000,15120.176856195576,-2120.176856195576
1634,train,8000,8125.745561549055,-125.74556154905531
431,train,23000,15364.264211801254,7635.735788198746
2439,train,30000,15049.959806030234,14950.040193969766
3543,train,12000,9923.3981405684,2076.601859431599
349,train,6000,10265.73003846146,-4265.730038461459
53,train,15000,11014.68340562086,3985.316594379139
3632,train,10000,13185.133479040458,-3185.133479040458
50,train,7500,7963.907467982827,-463.90746798282726
4412,train,9000,8623.965800375483,376.034199624517
3284,train,7000,10505.11667966415,-3505.11667966415
2905,train,12100,13681.151858482992,-1581.1518584829919
1418,train,20000,21109.525583461465,-1109.5255834614654
2157,train,12000,11312.830243264543,687.1697567354568
1302,train,45000,47938.11204186084,-2938.1120418608407
1859,train,50000,42263.48058202223,7736.519417977768
3539,train,14000,18070.590725652466,-4070.590725652466
1993,train,30000,33275.90030536497,-3275.900305364972
28,train,8500,8055.973039535896,444.0269604641044
2092,train,9000,11253.69791078172,-2253.6979107817206
3243,train,25000,30672.38677855286,-5672.38677855286
3682,train,9500,7744.9956033451435,1755.0043966548565
3453,train,37500,36366.78716599064,1133.2128340093623
1260,train,26000,22948.78219945894,3051.2178005410606
1424,train,22000,17467.6841681122,4532.315831887801
3440,train,14000,12125.080644711847,1874.9193552881534
1933,train,8000,8681.669775284638,-681.6697752846376
204,train,5000,6530.8343410504785,-1530.8343410504785
3010,train,20000,21029.917916840517,-1029.9179168405171
4540,train,7000,5633.475941297519,1366.524058702481
2803,train,4000,7913.456471193872,-3913.456471193872
3854,train,26000,17137.69920146401,8862.30079853599
1301,train,32000,31010.168766460934,989.8312335390656
4160,train,14000,9186.691870548973,4813.308129451027
1237,train,79500,55747.15068901385,23752.849310986152
3057,train,6000,10776.543361164173,-4776.543361164173
1792,train,20000,15636.881977378793,4363.118022621207
977,train,23000,29724.55731643122,-6724.557316431219
2216,train,11000,9225.589756297804,1774.4102437021957
2913,train,40000,49173.46155823134,-9173.461558231342
1437,train,75000,106484.30980880532,-31484.309808805323
2693,train,20000,11015.502865682696,8984.497134317304
4679,train,20000,19885.766770700637,114.2332292993633
1639,train,8000,8472.562556710871,-472.5625567108709
3449,train,15000,12115.884902222422,2884.115097777578
542,train,400000,396808.6455128537,3191.354487146309
1362,train,170000,127491.61602544489,42508.38397455511
2415,train,80000,64162.132688144135,15837.867311855865
3002,train,15000,12410.022873255377,2589.977126744623
2404,train,14900,12335.442097117275,2564.557902882725
4664,train,8000,14508.84667825111,-6508.84667825111
2259,train,30000,28726.183432686845,1273.8165673131552
2901,train,23000,24866.27862887852,-1866.278628878521
2497,train,7000,8834.351808175246,-1834.3518081752463
1330,train,16000,13445.019665893917,2554.9803341060833
2993,train,14000,14809.160747578111,-809.1607475781111
3712,train,23000,19063.952055499994,3936.0479445000055
3756,train,16000,12062.588852476332,3937.4111475236678
2238,train,9000,12227.131516793257,-3227.131516793257
330,train,3800,6521.621418510551,-2721.621418510551
1067,train,45000,54806.0650282696,-9806.0650282696
1127,train,43000,44499.97028509064,-1499.9702850906397
3834,train,40000,27149.694851185206,12850.305148814794
3343,train,18000,16528.77117326445,1471.2288267355507
630,train,310000,245029.12043737824,64970.87956262176
713,train,35000,48027.06407996483,-13027.064079964832
2747,train,9500,8272.147390123018,1227.8526098769817
2094,train,20000,13465.31733859716,6534.68266140284
268,train,6500,8330.201158012633,-1830.2011580126327
3928,train,27000,30985.78451697151,-3985.784516971511
2535,train,16000,8230.100123971588,7769.899876028412
2105,train,6000,13065.198378921572,-7065.198378921572
3851,train,27500,33038.61523931124,-5538.6152393112425
1617,train,12000,14150.997160981522,-2150.997160981522
2895,train,150000,56876.28919623457,93123.71080376543
265,train,40000,30678.972955995865,9321.027044004135
4120,train,80000,67887.63942811466,12112.360571885336
2533,train,28500,23401.57201880429,5098.427981195709
4250,train,15000,13042.475203712122,1957.5247962878784
2249,train,21000,24773.03842747051,-3773.03842747051
3419,train,10500,12947.542321591947,-2447.5423215919473
506,train,3300,3642.3848324867085,-342.38483248670855
2994,train,6000,8335.302855501835,-2335.3028555018354
4426,train,14000,10892.690344409399,3107.3096555906013
1345,train,90000,90215.04273168488,-215.04273168487998
1485,train,280000,294667.2870242461,-14667.287024246121
1796,train,10000,14090.152992439884,-4090.1529924398837
233,train,21000,7669.009028275577,13330.990971724423
622,train,220000,212547.7531082429,7452.246891757095
1074,train,67000,76636.0215757993,-9636.0215757993
2821,train,20000,9942.136552037384,10057.863447962616
2601,train,30000,27147.37941355866,2852.6205864413387
1976,train,9000,10264.306868944232,-1264.3068689442316
4689,train,53000,53777.982886610356,-777.9828866103562
3223,train,15000,17523.327860112597,-2523.3278601125967
220,train,3000,4049.4918757746245,-1049.4918757746245
4729,train,17000,17996.731779533202,-996.7317795332019
1294,train,36000,30811.746863526645,5188.253136473355
3840,train,13000,13077.848582368997,-77.84858236899709
428,train,5500,6343.768281225372,-843.7682812253724
429,train,8500,13422.511050879508,-4922.511050879508
1590,train,9000,10058.455598532744,-1058.4555985327443
2460,train,13000,11918.816460158894,1081.1835398411058
2191,train,8000,6439.743222180515,1560.2567778194853
872,train,130000,135352.68587210242,-5352.685872102418
107,train,8000,9268.389836438468,-1268.3898364384677
2234,train,6000,8238.695180804567,-2238.695180804567
613,train,30000,20758.956753273163,9241.043246726837
1760,train,10000,14695.680627351132,-4695.680627351132
4649,train,6000,6589.111682015548,-589.1116820155476
4366,train,10000,11689.354657415239,-1689.3546574152388
1340,train,400000,397298.2241587738,2701.775841226219
4715,train,15000,10946.765529920609,4053.234470079391
1211,train,30000,26999.08968658985,3000.9103134101497
2132,train,8000,8016.886824082913,-16.886824082913336
1168,train,150000,177861.27118024987,-27861.271180249867
861,train,95000,77285.35734366643,17714.64265633357
1567,train,14500,13359.49820642433,1140.5017935756696
2667,train,11000,10906.324982953596,93.67501704640381
689,train,48000,45762.65201366175,2237.3479863382527
2690,train,9000,11712.755091567542,-2712.755091567542
2165,train,15000,11924.92250858806,3075.0774914119393
348,train,20000,22548.49848979028,-2548.4984897902796
2413,train,7500,10864.617218239455,-3364.617218239455
4280,train,10000,8811.079388963959,1188.920611036041
3329,train,9000,10525.083428732558,-1525.0834287325579
3551,train,25000,25808.526062280984,-808.5260622809838
2054,train,15000,12137.732790922555,2862.267209077445
3298,train,23999,17539.247555683985,6459.752444316015
3029,train,35000,36462.64457400453,-1462.644574004531
494,train,12000,11316.207802987909,683.7921970120915
2558,train,10000,10922.146872164574,-922.1468721645742
4361,train,53000,45515.3754588889,7484.624541111101
3519,train,10000,12645.354619465154,-2645.3546194651535
2429,train,55000,41938.416302601705,13061.583697398295
2168,train,42000,29462.656505731935,12537.343494268065
4030,train,19800,13039.929124985154,6760.070875014846
1561,train,10000,7789.966574886987,2210.0334251130134
4415,train,9000,9835.558630316134,-835.5586303161344
3907,train,8000,13683.794996091203,-5683.794996091203
3970,train,12000,12912.99179998615,-912.99179998615
2148,train,18000,14614.883225398964,3385.116774601036
3953,train,65000,32160.575594740956,32839.424405259044
2166,train,5500,8345.76554811899,-2845.7655481189904
720,train,38000,28256.681127639964,9743.318872360036
863,train,18500,20278.50305496952,-1778.5030549695184
399,train,5000,5914.81383863813,-914.8138386381297
2214,train,10000,8829.55453206487,1170.4454679351293
3594,train,7000,6686.373089874194,313.6269101258058
2430,train,20000,21744.24446240634,-1744.2444624063392
3771,train,13000,13909.657824456353,-909.6578244563534
2112,train,42000,41075.00691439731,924.9930856026913
3734,train,15000,21523.741762199195,-6523.741762199195
4176,train,200000,199425.12443823105,574.8755617689458
2428,train,15500,13124.438934561802,2375.561065438198
925,train,400000,275443.7732711179,124556.22672888212
2950,train,6000,9282.890513572436,-3282.8905135724362
109,train,6000,5873.868084669719,126.13191533028112
2719,train,25000,17830.79836721045,7169.201632789551
4386,train,25000,20608.928086507985,4391.071913492015
2644,train,7000,7293.835553348228,-293.83555334822813
3398,train,18000,15147.902376560754,2852.0976234392456
4563,train,12000,13465.3268936755,-1465.3268936754994
4296,train,8000,9233.223692082236,-1233.223692082236
1511,train,15000,18211.22918674675,-3211.22918674675
4195,train,24000,23159.90467993149,840.0953200685108
3784,train,12000,7094.8331210729375,4905.1668789270625
4634,train,16000,11099.262728968222,4900.737271031778
2723,train,6000,7488.225062101232,-1488.2250621012317
1940,train,8000,8087.998709002881,-87.99870900288079
1494,train,13000,12885.07475010477,114.92524989523008
4557,train,23000,19331.6837565163,3668.3162434836995
2194,train,32000,40845.846623625075,-8845.846623625075
1500,train,7500,6742.69133452367,757.3086654763301
2921,train,10000,10370.276411225703,-370.27641122570276
2948,train,30000,25508.876088382785,4491.123911617215
2465,train,15500,20446.965329043876,-4946.965329043876
2488,train,9000,7381.64823933743,1618.35176066257
86,train,7000,10165.798309430927,-3165.7983094309275
1659,train,14500,11474.53509148496,3025.4649085150395
2457,train,7500,14296.218599752903,-6796.218599752903
3196,train,11000,13754.725241020227,-2754.7252410202273
1676,train,150000,155489.69403924257,-5489.694039242575
4308,train,17000,16561.075156550003,438.92484344999684
1148,train,240000,223916.52308673822,16083.47691326178
3437,train,7000,7366.202175042342,-366.2021750423419
3785,train,13000,11011.09856860919,1988.90143139081
1934,train,9500,8880.840373692226,619.1596263077736
1135,train,40000,33341.73037692586,6658.269623074142
2808,train,12500,17452.70845023081,-4952.70845023081
3607,train,30000,15068.570653144376,14931.429346855624
561,train,20000,23694.525843502226,-3694.525843502226
3481,train,13000,13326.221206683034,-326.2212066830343
4148,train,20000,20685.13705337655,-685.1370533765512
826,train,1000000,642064.7772768202,357935.22272317985
949,train,180000,128607.86689193071,51392.13310806929
898,train,60000,71408.69700868404,-11408.697008684045
3511,train,65000,62330.199491030064,2669.8005089699363
80,train,14500,18198.56879754318,-3698.5687975431792
453,train,7000,9982.789346973417,-2982.789346973417
2560,train,12000,17728.773564954972,-5728.773564954972
1396,train,30000,29027.203653542805,972.7963464571949
3250,train,14000,19863.580605890584,-5863.580605890584
570,train,45000,55744.92860306802,-10744.928603068023
1606,train,37000,20999.55880447169,16000.44119552831
1399,train,70000,63843.33036372545,6156.66963627455
1523,train,5500,6439.598675787858,-939.5986757878582
4281,train,10000,12598.982020549383,-2598.9820205493834
240,train,8500,7338.838556242241,1161.1614437577591
451,train,5146,7149.014337490236,-2003.0143374902364
1311,train,50000,54632.10454267075,-4632.10454267075
258,train,22000,15721.887138673997,6278.1128613260025
3138,train,8000,7760.182103185376,239.81789681462396
102,train,21000,17051.15828871992,3948.8417112800817
794,train,150000,156039.63988821575,-6039.639888215752
3575,train,60000,53631.50578506446,6368.494214935541
1528,train,18000,16304.007733339413,1695.9922666605871
4596,train,6000,6729.775303719795,-729.7753037197954
818,train,50000,59535.965112596605,-9535.965112596605
2781,train,18000,17978.693656838765,21.306343161235418
1088,train,50000,55554.22022061041,-5554.220220610412
219,train,6500,7171.087449401603,-671.0874494016034
245,train,7000,9299.851954814418,-2299.8519548144177
210,train,13000,12525.628961786073,474.371038213927
4371,train,40000,43009.32785735687,-3009.3278573568678
706,train,20000,26383.76667312041,-6383.766673120412
874,train,250000,250181.84251438922,-181.84251438922365
2120,train,8500,7441.218428281411,1058.7815717185886
1873,train,120000,117724.93737702577,2275.062622974234
337,train,7000,9668.517480825634,-2668.5174808256343
1948,train,14000,13299.152001511453,700.8479984885471
1951,train,12000,8096.694643947538,3903.3053560524622
1134,train,36000,24221.438447491382,11778.561552508618
1563,train,11000,7567.715862522462,3432.284137477538
2909,train,42000,44697.35444605821,-2697.3544460582125
44,train,6000,7967.4473179683355,-1967.4473179683355
2892,train,20000,23059.866825785288,-3059.866825785288
1622,train,17000,19139.691312904746,-2139.691312904746
4313,train,17000,17958.761236447765,-958.7612364477645
3444,train,120000,125759.99397476974,-5759.993974769735
697,train,43000,41096.595240030954,1903.4047599690457
298,train,9000,7592.015189570238,1407.9848104297616
4233,train,16000,14908.400574227868,1091.5994257721322
1054,train,100000,98114.79983932414,1885.2001606758568
2406,train,10000,13187.22937312151,-3187.2293731215104
2725,train,20000,16325.351011787387,3674.6489882126134
4470,train,20000,24672.338577527913,-4672.338577527913
129,train,4700,5808.373031081095,-1108.3730310810952
4292,train,20000,15928.576706015505,4071.423293984495
4736,val,15000,13202.456506939287,1797.5434930607134
1052,val,130000,118379.68820343431,11620.311796565686
2600,val,40000,59410.32959629346,-19410.329596293457
2818,val,60000,31107.721642827753,28892.278357172247
2820,val,55000,47725.859769843075,7274.140230156925
1037,val,55000,62260.562786885166,-7260.562786885166
2610,val,42000,80102.26305222255,-38102.26305222255
1382,val,80000,62772.73966262228,17227.260337377716
2755,val,65000,110451.4961009239,-45451.496100923905
2674,val,35000,67656.82311959239,-32656.823119592387
1397,val,100000,173257.99215341438,-73257.99215341438
2206,val,21000,29271.4730007091,-8271.473000709098
1980,val,12000,8398.23575277845,3601.7642472215502
4277,val,22000,21816.159545209837,183.84045479016277
4121,val,7500,5771.74633087461,1728.25366912539
2033,val,30000,19987.03525460597,10012.96474539403
1446,val,22000,24377.657401679033,-2377.657401679033
3807,val,23000,14367.872595850242,8632.127404149758
2045,val,19000,12043.067697839053,6956.932302160947
4571,val,12000,16843.258528975668,-4843.258528975668
1574,val,12000,14642.308799848966,-2642.3087998489664
4681,val,9000,10600.235408982415,-1600.2354089824148
2335,val,22000,21956.711020874147,43.288979125853075
1817,val,19000,17116.539672020856,1883.4603279791445
2553,val,15000,12632.345219323191,2367.6547806768085
3498,val,16000,14677.806838400173,1322.1931615998274
2864,val,5500,9889.98438782074,-4389.984387820739
3777,val,17000,14234.113080739917,2765.8869192600832
4599,val,16000,17793.203020262677,-1793.2030202626775
2502,val,11000,18605.15299965863,-7605.152999658629
765,val,140000,101283.09025641151,38716.90974358849
3974,val,12000,17801.83412154086,-5801.834121540862
1503,val,10500,12302.320983112766,-1802.320983112766
1876,val,5000,5677.770255725185,-677.770255725185
1886,val,6000,8170.290520078124,-2170.2905200781242
866,val,100000,110129.77876306603,-10129.778763066031
862,val,30000,18347.188014581618,11652.811985418382
347,val,8500,7193.2522612736,1306.7477387263998
1271,val,98000,98170.1548937985,-170.15489379850624
1129,val,35000,30625.34944110196,4374.65055889804
2738,val,8500,13882.190872105592,-5382.190872105592
1197,val,55000,30037.046639285996,24962.953360714004
3181,val,5000,5864.93050113947,-864.9305011394699
768,val,45000,42904.70676813596,2095.293231864038
1025,val,100000,88561.9414524234,11438.058547576598
4556,val,11000,12895.844149720278,-1895.8441497202784
2453,val,6000,11788.547702193244,-5788.547702193244
1,val,20000,8758.451912073837,11241.548087926163
2843,val,28000,26182.71686566631,1817.2831343336911
1281,val,95000,55153.54777924536,39846.45222075464
4377,val,20000,23605.685131348353,-3605.685131348353
1904,val,65000,45582.48684324157,19417.513156758432
3263,val,25000,16165.171433026224,8834.828566973776
2965,val,85000,64034.03364625847,20965.966353741533
4414,val,39000,29157.27060554346,9842.729394456539
209,val,8000,7363.270254512748,636.7297454872523
1147,val,8000,31032.80770398929,-23032.80770398929
3385,val,5700,7095.64221761408,-1395.6422176140804
3839,val,27000,42698.87714116495,-15698.87714116495
4143,val,60000,45473.166028697044,14526.833971302956
2926,val,5500,9486.661732367696,-3986.6617323676965
3195,val,12000,12414.510654348522,-414.5106543485217
2597,val,10000,14922.646247667164,-4922.646247667164
2302,val,60000,91362.89217274403,-31362.892172744032
4469,val,16000,12590.06855806752,3409.93144193248
638,val,190000,154711.14594674885,35288.854053251154
4489,val,15000,14991.905847852064,8.094152147936256
3213,val,8000,6534.074327751686,1465.9256722483142
3495,val,70000,92682.48539531672,-22682.48539531672
285,val,25000,16558.34310631619,8441.656893683808
4667,val,15000,11704.357285629725,3295.642714370275
3725,val,11000,8347.546156671535,2652.453843328465
3846,val,14000,13833.885062511632,166.114937488368
3331,val,30000,17458.07241554678,12541.92758445322
2220,val,6500,7545.805345198455,-1045.8053451984551
4622,val,13000,16939.196954625495,-3939.196954625495
667,val,25000,16969.29334259127,8030.706657408729
1773,val,16000,21452.13360488037,-5452.133604880371
744,val,300000,109759.15524138408,190240.84475861592
3849,val,15000,11012.728732532492,3987.2712674675076
4514,val,70000,69875.23428921068,124.76571078931738
2023,val,16000,14896.279866063453,1103.7201339365474
1732,val,10000,13546.852822215486,-3546.8528222154855
2277,val,8000,7825.905201495041,174.09479850495882
1801,val,18000,10235.113451175828,7764.886548824172
3715,val,17000,18106.18701461453,-1106.1870146145302
4134,val,25000,22200.922757306846,2799.0772426931544
3500,val,100000,57485.36650497611,42514.63349502389
3326,val,12000,16009.992299221765,-4009.9922992217653
3583,val,10000,11447.605252120273,-1447.6052521202728
3370,val,7500,12008.619640648843,-4508.619640648843
2142,val,30000,41817.67481711066,-11817.67481711066
433,val,8500,8464.36758909068,35.63241090932024
634,val,150000,86766.10351069443,63233.89648930557
2239,val,8000,6332.928266768747,1667.0717332312533
3413,val,30000,39628.26738814888,-9628.26738814888
262,val,15000,9924.122915114385,5075.877084885615
2007,val,14000,14775.721346814276,-775.7213468142763
733,val,25000,25967.129510273728,-967.1295102737276
2069,val,13000,11171.141715318894,1828.858284681106
3960,val,30000,35912.28822183711,-5912.288221837109
814,val,100000,116318.80606492212,-16318.806064922115
4706,val,12000,11523.928622315967,476.071377684033
1077,val,98000,128783.91191945545,-30783.91191945545
975,val,100000,39230.713516882744,60769.286483117256
4335,val,30000,29713.891010685482,286.1089893145181
146,val,2200,9632.506454331728,-7432.506454331728
2021,val,35000,31993.821854744623,3006.178145255377
1895,val,6500,8242.432486401049,-1742.4324864010487
3218,val,18000,16226.288900609312,1773.711099390688
2195,val,14500,9633.78874141816,4866.2112585818395
4312,val,7000,11677.399189413618,-4677.399189413618
2923,val,280000,176724.09097781824,103275.90902218176
64,val,3500,4618.915729208156,-1118.9157292081563
4118,val,17000,17700.03526181355,-700.0352618135512
1131,val,47000,58016.390742756135,-11016.390742756135
1196,val,120000,126330.69158879209,-6330.691588792091
336,val,7200,7616.467189196154,-416.4671891961543
1815,val,12000,10537.170485687406,1462.8295143125943
4582,val,37000,34294.376096667256,2705.623903332744
2887,val,10000,9914.103573107139,85.8964268928612
2154,val,9000,8531.029401886537,468.970598113463
3944,val,45000,32467.458322036855,12532.541677963145
1290,val,80000,53391.608800071124,26608.391199928876
747,val,35000,39064.65029192559,-4064.650291925587
2449,val,9000,10560.200991939502,-1560.2009919395023
221,val,5200,7788.455612793148,-2588.4556127931482
3102,val,55000,86748.83487630177,-31748.83487630177
2079,val,14000,13307.67061899913,692.3293810008709
1049,val,40000,38186.7329411388,1813.2670588612018
1051,val,95000,59862.681896582675,35137.318103417325
4014,val,16000,12679.430857100528,3320.5691428994724
2860,val,250000,79688.91756273952,170311.08243726048
1433,val,7500,32103.745955149123,-24603.745955149123
4421,val,8000,12388.61790101671,-4388.617901016711
3009,val,15000,15948.53147120733,-948.5314712073305
4728,val,15000,17768.289581274967,-2768.2895812749666
3305,val,14000,15632.909272436073,-1632.9092724360726
2057,val,9500,7709.432081802897,1790.5679181971027
992,val,140000,165148.9200971043,-25148.920097104303
994,val,65000,76426.60207690229,-11426.602076902287
4536,val,38000,22100.62459011038,15899.37540988962
1216,val,43000,58991.57710301495,-15991.577103014948
1277,val,55000,41190.728783670325,13809.271216329675
2052,val,15000,14952.441550508009,47.55844949199127
3991,val,18000,10704.836545608945,7295.163454391055
3169,val,10000,11032.150864695906,-1032.1508646959064
965,val,68000,65087.09693464078,2912.90306535922
2182,val,190000,80868.1691319293,109131.8308680707
99,val,15000,18556.51738231919,-3556.517382319191
2970,val,24000,24120.66336415779,-120.66336415779006
226,val,7000,7051.608016944681,-51.60801694468137
74,val,40000,16053.748233479102,23946.251766520898
752,val,57000,56416.827412225,583.1725877749996
4670,val,17000,18052.22005734801,-1052.2200573480113
3126,val,25000,16166.291191126289,8833.708808873711
1299,val,140000,232365.84489475127,-92365.84489475127
3448,val,120000,141733.9480594327,-21733.948059432703
3193,val,15000,12011.334310223987,2988.665689776013
4650,val,32000,22968.734261168316,9031.265738831684
3573,val,7500,6390.5375338942495,1109.4624661057505
2326,val,11000,10958.651160994545,41.348839005455375
1988,val,13000,12519.96420186947,480.03579813052966
791,val,600000,416849.34224604495,183150.65775395505
3039,val,40000,51040.417537718124,-11040.417537718124
170,val,5000,3892.049006728023,1107.950993271977
3866,val,50000,48941.67988473794,1058.3201152620604
2846,val,27000,30125.952181773075,-3125.9521817730747
3982,val,12000,12034.570069739495,-34.57006973949501
2758,val,12000,13608.481956330988,-1608.4819563309884
2712,val,7500,9979.567511897227,-2479.5675118972267
3925,val,15000,11308.160782637857,3691.8392173621432
3130,val,15000,14682.793797272074,317.2062027279262
2588,val,4000,6777.17369005077,-2777.1736900507703
906,val,4500,16324.43165155073,-11824.43165155073
4234,val,6000,4949.147366705312,1050.8526332946876
890,val,80000,73069.33344240279,6930.666557597215
1482,val,40000,35085.64558325284,4914.354416747163
535,val,30000,36524.99657495642,-6524.996574956422
1329,val,50000,27846.654240465956,22153.345759534044
2444,val,12000,8883.486529386266,3116.513470613734
1442,val,55000,56687.81574367331,-1687.815743673309
1943,val,5000,7792.879302609494,-2792.8793026094936
4151,val,12000,10931.184459717915,1068.8155402820848
2902,val,30000,55653.78500389338,-25653.785003893383
2943,val,27000,28733.141643660565,-1733.141643660565
271,val,9000,18226.62658783613,-9226.62658783613
1527,val,10000,13036.423910683361,-3036.423910683361
2373,val,8000,12272.826054478963,-4272.826054478963
3474,val,12000,10327.769679027091,1672.2303209729089
4189,val,13900,8467.539156368886,5432.460843631114
4567,val,23000,19616.491433381958,3383.508566618042
1892,val,7500,6835.31739546065,664.68260453935
3291,val,10000,7744.312607500531,2255.687392499469
3864,val,28000,31794.318279026513,-3794.3182790265128
858,val,160000,130135.46088338652,29864.53911661348
3353,val,20000,21889.90412984374,-1889.9041298437405
1715,val,21000,15948.13153955775,5051.868460442251
3445,val,20000,18596.264520055807,1403.7354799441928
3932,val,25000,24029.992617766486,970.0073822335144
2040,val,16000,12927.069241397736,3072.930758602264
663,val,50000,45901.12335993382,4098.876640066177
4192,val,4700,9745.722219327206,-5045.722219327206
3202,val,12000,12635.197132791973,-635.1971327919728
1266,val,85000,37627.31702985817,47372.68297014183
217,val,30000,41294.097671862,-11294.097671862
1978,val,27500,18725.090769907973,8774.909230092027
2749,val,30000,38268.11512229728,-8268.115122297277
3609,val,14000,15510.201748612799,-1510.2017486127988
1473,val,45000,45896.670843746586,-896.6708437465859
2059,val,9000,13926.188189112663,-4926.188189112663
4539,val,25000,11055.630621696258,13944.369378303742
653,val,13500,22785.19600266895,-9285.196002668948
2048,val,18000,16295.822839567787,1704.177160432213
42,val,5000,6361.883720842695,-1361.8837208426949
4454,val,15000,12272.954207646872,2727.0457923531285
1989,val,11000,10121.831330292456,878.1686697075438
2671,val,20500,21708.722500149008,-1208.7225001490078
580,val,13000,18940.795750891066,-5940.795750891066
2792,val,7000,12091.54630281289,-5091.546302812891
916,val,90000,62071.04226547663,27928.95773452337
3789,val,36000,44295.64934249704,-8295.64934249704
410,val,6500,9359.907665682893,-2859.907665682893
2089,val,30000,42244.33805038797,-12244.338050387967
3735,val,28000,14740.810701584713,13259.189298415287
201,val,10000,6433.200536643953,3566.7994633560475
2546,val,12000,11107.885018392484,892.1149816075158
2084,val,12000,14513.086075499936,-2513.0860754999358
1710,val,7000,6708.516112420438,291.4838875795622
4079,val,27000,23446.805186318663,3553.194813681337
4488,val,25000,23773.095387780148,1226.9046122198524
3035,val,10000,10276.5216579907,-276.52165799069917
3920,val,27000,21013.899391242878,5986.100608757122
3277,val,25000,26765.10290549065,-1765.1029054906503
3949,val,35000,39142.37793708109,-4142.377937081088
2656,val,5000,7751.714037612366,-2751.714037612366
1941,val,22000,9428.416213371236,12571.583786628764
2383,val,18500,13545.30193976741,4954.698060232589
2423,val,8500,7380.848606681517,1119.1513933184833
4653,val,12000,7794.460353588612,4205.539646411388
3962,val,25000,21335.28807162992,3664.7119283700813
565,val,44000,68108.74398966762,-24108.743989667622
3248,val,14000,15728.921751573615,-1728.9217515736145
1428,val,31000,29605.24976070468,1394.750239295321
1193,val,250000,165277.38105818105,84722.61894181895
2448,val,35000,35685.31624404621,-685.3162440462111
1512,val,7000,7410.928905885573,-410.92890588557293
2841,val,10000,10667.329119423113,-667.3291194231133
3400,val,7500,10486.44021371214,-2986.4402137121397
395,val,6000,7219.123064147359,-1219.1230641473594
2607,val,15500,16831.715678719513,-1331.7156787195127
1097,val,29500,42351.6340451201,-12851.634045120103
1917,val,14000,15441.703216321746,-1441.7032163217464
1491,val,250000,359929.9185572229,-109929.91855722287
1453,val,55000,57962.73292380486,-2962.7329238048624
1877,val,18000,10474.815154666314,7525.184845333686
3436,val,13500,14309.950621680118,-809.9506216801183
1566,val,24000,22162.335274182184,1837.6647258178164
757,val,24000,28422.919492555786,-4422.919492555786
3956,val,45000,46863.92203475289,-1863.9220347528899
4251,val,15500,10463.517582779863,5036.482417220137
3603,val,6500,8079.977813149779,-1579.9778131497787
1496,val,21000,24130.01780471455,-3130.017804714549
3377,val,20000,13346.812080422147,6653.187919577853
3507,val,17000,13176.409764430788,3823.5902355692124
2197,val,7500,8374.063548239703,-874.0635482397029
1858,val,17000,16484.109393562474,515.890606437526
3841,val,9000,13940.207708730051,-4940.207708730051
1578,val,12000,13518.634549026716,-1518.6345490267158
247,val,7000,10786.751747855504,-3786.7517478555037
2170,val,15000,15471.87104586953,-471.87104586952955
3069,val,14000,6967.919186377655,7032.080813622345
1093,val,75000,78277.64416183264,-3277.6441618326353
808,val,60000,29859.489177067408,30140.510822932592
2837,val,150000,183055.1679075051,-33055.16790750509
4061,val,13000,13148.063012220573,-148.063012220573
2703,val,10000,10823.34918479212,-823.3491847921196
2417,val,13000,12462.834110648659,537.1658893513413
2590,val,20000,30754.01387576276,-10754.013875762761
4409,val,46000,71376.9829783252,-25376.982978325206
2245,val,11000,11172.07156540364,-172.0715654036394
3560,val,20000,14156.56267973823,5843.43732026177
4029,val,15000,20314.698401844198,-5314.698401844198
2409,val,7000,9470.815302756293,-2470.815302756293
3568,val,26000,24961.657554686317,1038.3424453136831
592,val,170000,156039.65279827567,13960.347201724333
1979,val,16000,13394.520808601279,2605.479191398721
373,val,15000,15460.120567437036,-460.1205674370358
2732,val,20000,12416.150225896707,7583.849774103293
2678,val,17000,17861.974657402723,-861.9746574027231
2751,val,13000,10953.625386654072,2046.374613345928
1826,val,7000,8490.041485747357,-1490.041485747357
301,val,15000,15431.386594438063,-431.3865944380632
2900,val,16000,26270.897099175276,-10270.897099175276
3316,val,7000,7069.796510088901,-69.79651008890141
648,val,80000,97427.14068972418,-17427.140689724183
3645,val,20000,14989.892746338792,5010.107253661208
457,val,8000,7357.318934469155,642.6810655308454
1679,val,40000,27099.24005150849,12900.759948491512
3219,val,15000,15835.722571486058,-835.7225714860579
3030,val,34999,46851.995610860744,-11852.995610860744
3261,val,12000,10144.46798454349,1855.5320154565106
1016,val,45000,51975.63394635214,-6975.6339463521435
3033,val,15000,8651.772305223292,6348.227694776708
4369,val,7000,7540.514399012242,-540.5143990122424
3318,val,20000,36482.03130693002,-16482.031306930017
3662,val,13500,8400.366452830209,5099.633547169791
2830,val,12000,24033.87760587855,-12033.877605878552
4077,val,25000,15143.041912001809,9856.958087998191
1019,val,20000,15148.854680078068,4851.145319921932
3446,val,21000,19784.227604406504,1215.7723955934962
1891,val,36000,29711.4891168676,6288.5108831324
1336,val,21000,16670.916439052813,4329.083560947187
3927,val,12000,12225.244383631092,-225.2443836310922
4703,val,60000,47922.81906087963,12077.180939120371
4522,val,9500,8631.18285504305,868.8171449569509
2655,val,9500,10945.344839249236,-1445.3448392492355
187,val,8000,11609.012819474363,-3609.012819474363
1584,val,27000,23673.375269454056,3326.6247305459437
2726,val,10000,10024.954504670979,-24.954504670979077
287,val,7500,17593.49706161922,-10093.497061619219
1156,val,260000,165326.80834545393,94673.19165454607
3348,val,53000,56451.24280218187,-3451.2428021818705
3679,val,11000,11123.683602810666,-123.68360281066634
3740,val,36000,43329.75082560347,-7329.750825603471
1263,val,27000,35595.43653519763,-8595.43653519763
503,val,40000,33415.86616180901,6584.133838190988
1747,val,15000,11729.896127847607,3270.103872152393
4410,val,12000,12283.850349189137,-283.850349189137
2329,val,8500,9060.250007375556,-560.2500073755564
600,val,300000,306633.61664329417,-6633.616643294168
2592,val,150000,47183.53740142263,102816.46259857737
4497,val,12500,12627.2696254545,-127.26962545450078
3934,val,12000,12100.969356896712,-100.96935689671227
675,val,21000,17723.968527717843,3276.0314722821568
4724,val,5000,8605.491672494663,-3605.4916724946634
4019,val,12500,11049.117523205303,1450.8824767946971
2542,val,45000,35313.588462418236,9686.411537581764
2478,val,20000,12839.409296983624,7160.590703016376
2522,val,65000,40996.2221019597,24003.7778980403
2809,val,30000,34501.231557660576,-4501.231557660576
2501,val,10000,13198.666426991409,-3198.666426991409
2280,val,30000,39738.58583050144,-9738.58583050144
1868,val,22500,42927.278048887216,-20427.278048887216
3422,val,7500,6749.784263845233,750.215736154767
999,val,1200000,375792.1570789975,824207.8429210025
2786,val,150000,141944.92352666773,8055.076473332272
2870,val,21000,11457.978585912064,9542.021414087936
4345,val,5000,6839.840756658485,-1839.8407566584847
1837,val,17000,26134.28598602127,-9134.28598602127
4431,val,12000,12275.005167978621,-275.0051679786211
3653,val,10000,8169.522211802457,1830.4777881975433
1317,val,80000,52522.281846273414,27477.718153726586
1456,val,140000,198606.79311862172,-58606.79311862172
2470,val,2000,8320.377802446204,-6320.377802446204
1545,val,8000,7894.6034176077665,105.39658239223354
595,val,75000,85903.17118130704,-10903.171181307043
230,val,3500,7362.009254416162,-3862.0092544161616
4623,val,11000,6465.827051848628,4534.172948151372
4441,val,30000,19563.34441166457,10436.65558833543
4105,val,6000,8531.572297762446,-2531.5722977624464
3024,val,13000,11086.858600913252,1913.1413990867477
2232,val,150000,162032.64940086965,-12032.649400869646
2721,val,47000,42518.4393951816,4481.560604818398
3876,val,14000,13186.370034348649,813.6299656513511
40,val,7200,6926.942285266817,273.0577147331833
3322,val,10000,7141.185780968289,2858.814219031711
3781,val,27999,28619.446606594134,-620.4466065941342
1681,val,16000,16492.37515241185,-492.37515241184883
3396,val,8000,8584.470544033727,-584.4705440337275
4541,val,10000,17664.969082746633,-7664.969082746633
1857,val,27000,16972.591955932687,10027.408044067313
2158,val,24000,21166.33090971672,2833.6690902832815
3589,val,7000,10902.569503824421,-3902.569503824421
3244,val,9000,7596.740370231537,1403.2596297684631
4391,val,13500,11267.27119275816,2232.7288072418396
824,val,48000,42944.991591867954,5055.008408132046
55,val,7000,6014.837669698965,985.1623303010347
2267,val,10000,11305.032866627032,-1305.0328666270325
3531,val,20000,20247.900262574363,-247.9002625743633
3092,val,9000,11638.589580242578,-2638.5895802425784
2407,val,40000,19032.673403000757,20967.326596999243
3563,val,18000,16369.401427880512,1630.5985721194884
1896,val,6000,8462.244442455198,-2462.2444424551977
333,val,30000,19123.113503490385,10876.886496509615
32,val,6000,6644.132717951125,-644.1327179511254
1235,val,200000,269454.2169916136,-69454.21699161362
4485,val,12000,14273.516844358352,-2273.5168443583516
1991,val,23500,14967.192903307741,8532.807096692259
1367,val,55000,35873.60062710215,19126.399372897853
4638,val,8000,7142.098252219895,857.9017477801053
2347,val,10000,13113.442229191009,-3113.4422291910087
2454,val,22000,22855.318022086954,-855.3180220869544
1221,val,6500,17346.96489058661,-10846.964890586609
2371,val,65000,121011.7268629003,-56011.726862900294
1893,val,9000,8594.44483609946,405.5551639005407
1126,val,50000,58240.397613767534,-8240.397613767534
2171,val,6000,7834.594990671527,-1834.5949906715268
2131,val,10000,8577.451767866725,1422.5482321332747
2468,val,13000,10860.710765672415,2139.2892343275853
1065,val,18000,16451.354056297863,1548.6459437021367
3634,val,19000,20790.805452590397,-1790.8054525903972
1636,val,40000,48833.07594269129,-8833.075942691292
1262,val,41000,32801.80309021389,8198.196909786107
3845,val,9500,9224.872329183187,275.1276708168134
3408,val,5000,10060.5106996964,-5060.5106996964005
1616,val,100000,149217.20161836097,-49217.20161836097
2729,val,5500,7623.67206605436,-2123.6720660543597
2509,val,32000,26529.41898842206,5470.581011577939
1548,val,20000,27592.523891001198,-7592.523891001198
3714,val,45000,21131.839554733844,23868.160445266156
2530,val,20000,15093.101320837797,4906.898679162203
4446,val,15000,16879.10342066363,-1879.1034206636286
2972,val,10500,14236.65120970832,-3736.6512097083196
3141,val,13000,11611.239795507774,1388.760204492226
3197,val,8000,9142.99265910393,-1142.9926591039293
4647,val,16000,15294.11449161654,705.8855083834605
1206,val,32000,30511.096968783706,1488.903031216294
4089,val,10000,11952.302089852374,-1952.3020898523737
1935,val,9000,20537.106872326327,-11537.106872326327
2793,val,18500,19628.851072525784,-1128.8510725257838
873,val,40000,34570.777350683726,5429.222649316274
772,val,120000,88006.34340960965,31993.656590390354
1953,val,9500,13306.511975391682,-3806.5119753916824
3532,val,17000,15514.376786519755,1485.6232134802449
3401,val,15000,11430.80551403737,3569.194485962629
207,val,6000,7822.767639466912,-1822.7676394669124
3825,val,10000,11833.501136394341,-1833.5011363943413
20,val,7900,7281.372039138344,618.627960861656
3556,val,9500,12562.616265005685,-3062.616265005685
952,val,59000,43968.430819791516,15031.569180208484
4215,val,40000,37271.44488211691,2728.5551178830865
4686,val,7000,6012.256078835563,987.7439211644369
3561,val,13000,10450.404720220038,2549.595279779962
3818,val,8500,6150.035960880947,2349.9640391190533
1666,val,50000,81771.41497010864,-31771.414970108643
1925,val,15000,13536.524811721525,1463.475188278475
3752,val,10000,7602.976919383811,2397.023080616189
1735,val,8000,10237.53387932876,-2237.533879328759
444,val,10000,12104.72970477499,-2104.7297047749908
3608,val,4000,7129.935495670148,-3129.935495670148
556,val,32000,21489.892505864984,10510.107494135016
1078,val,16000,15891.249658193241,108.75034180675902
75,val,12500,13362.588994975657,-862.5889949756565
197,val,15000,15697.409193690677,-697.4091936906771
1120,val,90100,86676.74304971604,3423.2569502839615
2845,val,18000,21319.510212396908,-3319.510212396908
10,val,25000,22749.425823981976,2250.5741760180244
4093,val,12000,11901.97590498291,98.02409501709008
181,val,50000,24575.709494943803,25424.290505056197
4404,val,12000,15219.49093011561,-3219.4909301156094
1609,val,8000,8682.831331088879,-682.8313310888789
96,val,12000,14941.476667704084,-2941.4766677040843
4141,val,15500,12211.20409247231,3288.7959075276904
4707,val,110000,77210.93256139224,32789.06743860776
355,val,5200,6163.482472224819,-963.4824722248186
2127,val,10000,8239.006187418334,1760.9938125816661
1740,val,6000,7105.613978681269,-1105.6139786812691
292,val,15000,13310.669683595384,1689.3303164046156
806,val,19500,47819.337816398285,-28319.337816398285
1114,val,55000,67412.82420290493,-12412.824202904929
2389,val,90000,89104.30175998023,895.698240019774
2263,val,9000,8871.137513236823,128.862486763177
158,val,14500,12498.703937835431,2001.2960621645689
4053,val,35000,16134.245648799799,18865.7543512002
3251,val,8000,11219.296170277938,-3219.2961702779376
3080,val,11000,11026.510789263975,-26.51078926397531
2772,val,20200,22981.108744544003,-2781.1087445440025
2557,val,12000,15066.871496461632,-3066.871496461632
127,val,8000,6728.076301508401,1271.9236984915988
1930,val,18000,22391.117672647593,-4391.117672647593
654,val,18000,47130.53278083153,-29130.532780831527
2505,val,35000,11505.952721483533,23494.047278516467
4186,val,20000,19744.555329252526,255.44467074747445
1429,val,60000,53945.20953643045,6054.790463569552
4721,val,8000,10233.481082272143,-2233.481082272143
443,val,5500,6414.319675579387,-914.319675579387
4646,val,10000,11187.101552808426,-1187.1015528084263
2394,val,260000,281104.0271307801,-21104.0271307801
1145,val,50000,30505.855458847083,19494.144541152917
4128,val,22000,19927.680281635934,2072.319718364066
1583,val,19000,19964.538483858953,-964.5384838589525
3414,val,12500,7924.433212930412,4575.566787069588
4392,val,21000,16606.38132858934,4393.618671410659
2015,val,5000,6612.318500922845,-1612.3185009228446
978,val,40000,38390.15550413484,1609.8444958651598
4430,val,22000,19428.87400941501,2571.125990584991
3186,val,14000,15018.548841786564,-1018.5488417865636
1729,val,6500,8671.307854117546,-2171.3078541175455
275,val,30000,14027.599779662518,15972.400220337482
1113,val,70000,90028.7037296995,-20028.703729699497
3535,val,12000,12605.261620378471,-605.261620378471
2945,val,5000,8828.099486927145,-3828.0994869271453
117,val,7000,7118.703321658515,-118.70332165851505
671,val,65000,72797.34495648662,-7797.344956486617
3315,val,7000,6369.604542684054,630.3954573159463
574,val,55000,62247.13804369519,-7247.138043695188
3406,val,7500,10621.128807378338,-3121.128807378338
3096,val,15000,33223.655805754985,-18223.655805754985
2888,val,20000,15279.566253398309,4720.433746601691
1436,val,80000,33830.680284756134,46169.319715243866
3177,val,7500,9839.67783486241,-2339.6778348624102
647,val,53000,52592.90544420433,407.09455579567293
2244,val,17000,15246.227043018343,1753.7729569816565
2078,val,4000,6146.569633817037,-2146.5696338170374
1932,val,10000,12900.308282016591,-2900.308282016591
175,val,5500,8331.087648398407,-2831.0876483984066
1137,val,32000,37888.80835495884,-5888.808354958841
1356,val,74999,49809.13911306873,25189.860886931267
13,val,5500,5747.854509248397,-247.85450924839733
915,val,10000,18376.925017449663,-8376.925017449663
3922,val,9000,16641.6373988378,-7641.6373988378
3943,val,14000,19231.488451996465,-5231.488451996465
234,val,4500,5145.072700172972,-645.072700172972
1343,val,80000,138263.5471883317,-58263.54718833169
3167,val,16000,13125.773235941802,2874.2267640581977
1850,val,8900,18984.74364917858,-10084.743649178581
3122,val,12500,14420.28148469807,-1920.281484698069
3678,val,23000,25431.015312545598,-2431.015312545598
236,val,4500,4038.1632611580176,461.8367388419824
4191,val,9000,11910.469679555707,-2910.4696795557065
1824,val,16500,20283.642730952746,-3783.642730952746
2938,val,25000,28498.88769161439,-3498.887691614389
3710,val,22000,17359.47322455348,4640.52677544652
4595,val,12000,8188.561585047025,3811.438414952975
2222,val,22000,33864.33715723045,-11864.337157230453
3569,val,9000,10826.323245170512,-1826.3232451705117
149,val,20000,15461.785575359057,4538.2144246409425
4020,val,25000,23719.91155548748,1280.0884445125193
4598,val,10000,6897.910298542439,3102.089701457561
3132,val,15000,11612.456342484164,3387.5436575158365
2458,val,5500,12901.631155861034,-7401.631155861034
383,val,10000,9751.888840211448,248.11115978855196
4185,val,16000,13586.755588510707,2413.2444114892933
4731,val,12000,12684.309289897867,-684.3092898978666
3320,val,18000,13460.430714992717,4539.569285007283
4592,val,12000,13089.948358591793,-1089.9483585917933
3346,val,9000,12446.469829295609,-3446.469829295609
1808,val,70000,9034.70733286717,60965.29266713283
2013,val,25500,41144.61487081626,-15644.614870816258
3065,val,15000,15213.956364658028,-213.95636465802818
737,val,22000,28874.799833001012,-6874.799833001012
1757,val,7000,6547.128957819967,452.8710421800333
803,val,50000,109834.83991444278,-59834.83991444278
1226,val,15000,25656.992219250642,-10656.992219250642
3879,val,11000,12118.991993756688,-1118.9919937566883
1580,val,15000,11731.657323735099,3268.3426762649015
3780,val,13000,16194.114017940432,-3194.114017940432
2353,val,22000,14420.106707325096,7579.893292674904
4247,val,8500,8801.719237171941,-301.71923717194113
4594,val,30000,32599.95643540846,-2599.9564354084614
1265,val,65000,71695.95832098446,-6695.958320984457
4364,val,28000,21203.583055630545,6796.416944369455
3393,val,13000,10596.027175184414,2403.972824815586
4166,val,14000,16558.21760520916,-2558.21760520916
118,val,3900,5494.008551833162,-1594.0085518331616
725,val,600000,293506.03079120774,306493.96920879226
2129,val,13000,16866.109491004376,-3866.1094910043757
1791,val,8000,8016.46141516002,-16.461415160019897
1426,val,47000,36524.57205576842,10475.427944231582
521,val,18000,17694.376393230057,305.62360676994285
3952,val,12500,14142.770384530844,-1642.7703845308442
583,val,28000,28565.745162197705,-565.7451621977052
361,val,8000,7060.143300567149,939.8566994328512
1602,val,15000,19237.66534180783,-4237.665341807831
3647,val,600000,12924.22996110227,587075.7700388978
4718,val,30000,40116.494652407375,-10116.494652407375
95,val,5000,4680.5831373266865,319.4168626733135
4394,val,10000,10995.936604005312,-995.9366040053119
956,val,40000,32603.413145044397,7396.5868549556035
1894,val,18000,24401.86398854884,-6401.863988548841
1727,val,15000,13808.434538396783,1191.565461603217
228,val,14000,14803.590546780955,-803.5905467809553
1944,val,6000,7088.114362990181,-1088.1143629901808
1402,val,32000,32404.947197026624,-404.94719702662405
1743,val,20000,18374.23678458048,1625.7632154195198
2669,val,55000,47910.06973890333,7089.93026109667
4555,val,15000,17321.177442122018,-2321.177442122018
2332,val,6000,7163.89976015697,-1163.89976015697
1721,val,22000,33684.319615004235,-11684.319615004235
3229,val,25000,25225.152095492325,-225.15209549232532
3692,val,8500,9055.920510606173,-555.9205106061727
4078,val,35000,22314.118427949514,12685.881572050486
934,val,310000,312644.99907543254,-2644.999075432541
3976,val,45000,20843.11230366165,24156.88769633835
4129,val,15000,11739.344916826143,3260.655083173857
4433,val,15000,21532.895551740494,-6532.895551740494
1117,val,150000,128040.26428135486,21959.73571864514
3995,val,130000,9810.827756517363,120189.17224348264
185,val,8000,9672.882459369788,-1672.8824593697882
489,val,8000,7194.906059103179,805.0939408968206
560,val,44000,61140.19262930711,-17140.19262930711
868,val,45000,44440.32683696556,559.6731630344366
2145,val,25000,15090.777898983002,9909.222101016998
1713,val,20000,18762.11926152385,1237.8807384761494
3681,val,15000,12277.715994817376,2722.2840051826242
3552,val,10000,7653.069493471308,2346.9305065286917
1902,val,8000,16727.85901717242,-8727.85901717242
2388,val,9000,9511.597145357915,-511.597145357915
3108,val,15000,10289.80016643447,4710.19983356553
3745,val,8500,14831.227272826643,-6331.2272728266435
130,val,4500,5427.433755818389,-927.4337558183888
2559,val,10000,15875.312603861847,-5875.312603861847
3230,val,9000,11111.93627037462,-2111.936270374619
4550,val,21000,15423.51053731431,5576.489462685689
2138,val,5000,6254.437629328477,-1254.4376293284768
1752,val,16000,19938.524101378105,-3938.524101378105
3345,val,20000,23643.448500235845,-3643.448500235845
1931,val,120000,133602.8639794944,-13602.863979494403
1573,val,10500,13994.648909131247,-3494.648909131247
171,val,9000,7567.880116182549,1432.1198838174514
3027,val,12000,6527.5665361623505,5472.4334638376495
1637,val,10000,13349.662964941042,-3349.6629649410424
2848,val,350000,81363.6051895101,268636.3948104899
3821,val,19000,13152.582819863896,5847.417180136104
2753,val,18000,15416.91743642752,2583.0825635724796
3727,val,25000,18116.932040712185,6883.067959287815
4427,val,10000,7032.742404758825,2967.2575952411753
3737,val,3500,4942.167316697432,-1442.1673166974324
3302,val,10000,15150.659730588719,-5150.659730588719
3557,val,18000,16197.106860850754,1802.893139149246
2835,val,18000,18129.404038410557,-129.4040384105574
1381,val,45000,53419.37348781366,-8419.37348781366
534,val,32000,42244.98627829659,-10244.986278296587
3086,val,10000,8761.073867241816,1238.9261327581844
1910,val,12000,21808.656334795996,-9808.656334795996
4333,val,10000,15662.215860193981,-5662.215860193981
2043,val,21000,26534.339275483293,-5534.339275483293
3303,val,20000,15753.325925085519,4246.674074914481
1214,val,40000,28223.83308256583,11776.16691743417
374,val,6200,8476.543999714962,-2276.5439997149624
1055,val,35000,14076.069602255115,20923.930397744887
3255,val,20000,24874.522956642595,-4874.522956642595
1907,val,11000,7978.767771244447,3021.2322287555526
100,val,22000,35834.520689514735,-13834.520689514735
3201,val,60000,49581.89869240514,10418.101307594858
2425,val,18000,13246.391335004166,4753.608664995834
255,val,5300,6641.440093379882,-1341.4400933798815
1798,val,30000,72994.06168145561,-42994.06168145561
3961,val,7000,8590.634784841468,-1590.634784841468
828,val,130000,184451.32289779623,-54451.32289779623
1610,val,7500,7775.399764573371,-275.3997645733707
1647,val,8500,14329.823503241538,-5829.823503241538
1672,val,18000,17970.833265531277,29.166734468723007
1726,val,7000,7003.570539919168,-3.570539919168368
4450,val,30000,22921.28883492357,7078.711165076431
606,val,170000,206079.6684383031,-36079.66843830311
2969,val,9000,8484.528367231243,515.4716327687565
1632,val,20000,7484.710456926939,12515.28954307306
2882,val,15000,15169.75908087871,-169.75908087870994
4203,val,7000,9149.125453765126,-2149.1254537651257
4666,val,15000,22278.226446370714,-7278.226446370714
1209,val,80000,73787.78262078259,6212.217379217414
3282,val,16500,22739.86892246322,-6239.868922463222
3911,val,12000,15997.963268419539,-3997.9632684195385
3482,val,13000,14017.021641594542,-1017.0216415945415
2074,val,11500,8452.827313126138,3047.1726868738624
1835,val,16000,16216.110899799192,-216.11089979919234
4299,val,15500,18109.69839173475,-2609.6983917347497
1123,val,80000,38407.793824110326,41592.206175889674
3306,val,11000,10478.95254175193,521.0474582480692
2240,val,13500,10460.130967121668,3039.8690328783323
1178,val,57000,45498.0843643193,11501.9156356807
1314,val,14500,21346.5150697815,-6846.515069781501
1981,val,75000,106379.064989014,-31379.064989014005
4124,val,10000,9878.940520432747,121.05947956725322
3754,val,7000,11755.058582792937,-4755.058582792937
70,val,7500,5579.327115668329,1920.6728843316714
1918,val,6000,10109.979715698797,-4109.979715698797
896,val,180000,214201.32976592073,-34201.32976592073
3430,val,14000,14010.851395575111,-10.851395575111383
1157,val,300000,275510.6015836035,24489.39841639652
4202,val,13000,10392.65570549285,2607.3442945071492
3684,val,11000,7793.620507078027,3206.379492921973
4161,val,9500,10159.001246150534,-659.0012461505339
577,val,85000,50859.3088078509,34140.6911921491
3503,val,17000,13520.679469274275,3479.320530725725
690,val,18000,21920.3301250497,-3920.330125049699
2962,val,17000,11934.995731341694,5065.004268658306
3412,val,30000,25179.04060705591,4820.959392944089
2741,val,30000,22943.186024303428,7056.813975696572
416,val,6500,7502.76498198456,-1002.7649819845601
555,val,190000,191986.71511461854,-1986.7151146185352
3131,val,22000,15115.45684824642,6884.54315175358
3667,val,20000,14547.477315979442,5452.522684020558
1013,val,35000,38461.98729531081,-3461.9872953108134
2979,val,6500,12964.719470086282,-6464.719470086282
4521,val,55000,47221.9462854378,7778.0537145622
1422,val,70000,40413.63630683776,29586.36369316224
4537,val,67000,42553.15393946816,24446.84606053184
3581,val,13000,12107.754487001164,892.2455129988357
4090,val,12000,8474.740862601277,3525.2591373987234
1657,val,6900,7769.79779096238,-869.7977909623796
71,val,16000,14920.732462749533,1079.2675372504673
4336,val,15000,21828.9149450002,-6828.9149450002005
3580,val,6000,7097.409325211134,-1097.4093252111343
1101,val,33000,28735.2866655971,4264.713334402899
3512,val,7500,7080.752362488225,419.2476375117749
1802,val,30000,31118.273604531474,-1118.2736045314741
481,val,10000,7844.527648023747,2155.472351976253
3923,val,12000,10737.409398069885,1262.5906019301146
1368,val,15000,16742.98711846561,-1742.9871184656113
1970,val,30000,30620.097791983066,-620.0977919830657
2028,val,10500,11679.716085568882,-1179.7160855688817
1393,val,60000,83240.79413011126,-23240.79413011126
4527,val,22000,19209.135446437354,2790.8645535626456
2827,val,18000,25582.620230511016,-7582.620230511016
3623,val,17000,11771.815331209667,5228.184668790333
2374,val,11000,13740.312483201185,-2740.3124832011854
1460,val,17000,15832.888466787175,1167.1115332128247
4612,val,11000,13055.929515266895,-2055.9295152668947
4009,test,38000,36719.07603525465,1280.9239647453505
3431,test,18000,15560.411923797421,2439.588076202579
3613,test,100000,166448.55728936417,-66448.55728936417
1455,test,700000,453247.3922860938,246752.6077139062
4349,test,15500,13568.405992464917,1931.5940075350827
1004,test,35000,19005.949129707285,15994.050870292715
3898,test,9000,11265.057324004652,-2265.0573240046524
2060,test,25000,38481.25147797919,-13481.251477979189
3677,test,11000,9416.489890740497,1583.5101092595032
3204,test,23999,18188.17432201153,5810.825677988469
608,test,41000,49515.78944926966,-8515.789449269658
1098,test,53000,72492.3438705253,-19492.343870525307
3165,test,7500,7725.34127306951,-225.34127306950995
3819,test,10000,15440.978532380406,-5440.978532380406
435,test,5500,7133.505294828433,-1633.5052948284329
848,test,50000,21933.62195669647,28066.37804330353
531,test,22000,21643.12629283924,356.8737071607611
3153,test,15000,9515.292247802732,5484.707752197268
4712,test,5500,4710.135561305634,789.8644386943661
4101,test,12000,16860.731502929895,-4860.731502929895
3082,test,15000,25537.428819246303,-10537.428819246303
2896,test,25000,15956.419489245034,9043.580510754966
145,test,7000,12243.229466596744,-5243.229466596744
2025,test,35000,17811.600882862447,17188.399117137553
700,test,120000,97168.92895862822,22831.071041371775
2794,test,8500,10976.470762633062,-2476.470762633062
2327,test,42000,31545.80940108954,10454.19059891046
632,test,65000,72253.60101190122,-7253.601011901221
150,test,7000,15054.785293044399,-8054.785293044399
3152,test,5700,6892.176682302552,-1192.1766823025519
3026,test,8900,7054.117922060427,1845.8820779395728
3805,test,10000,9582.351078180322,417.64892181967843
2441,test,16500,15127.885588537147,1372.1144114628532
694,test,26000,20962.72639607695,5037.273603923051
1814,test,11000,14440.981234509964,-3440.9812345099635
2062,test,11000,12856.765602943335,-1856.7656029433347
928,test,110000,78319.7710490028,31680.228950997203
485,test,7000,8021.466564637522,-1021.4665646375224
2290,test,5000,5779.6297791732295,-779.6297791732295
1043,test,130000,66896.72441093517,63103.275589064826
2614,test,16000,9504.17559990426,6495.82440009574
3889,test,22000,19587.919290783324,2412.080709216676
2763,test,35000,46126.5114185862,-11126.511418586197
3555,test,5000,7097.164889573407,-2097.164889573407
3811,test,32000,33098.74049001501,-1098.7404900150068
959,test,24000,16832.685986024277,7167.314013975723
279,test,4500,9923.141705654014,-5423.141705654014
1360,test,32000,28375.795051888723,3624.204948111277
4381,test,10000,15373.343203202305,-5373.343203202305
676,test,20000,23846.60252769914,-3846.6025276991386
735,test,55000,57624.88220064775,-2624.8822006477494
2042,test,7000,9783.68597983256,-2783.6859798325604
2550,test,5000,9416.485354557706,-4416.485354557706
4606,test,25000,18675.118108681312,6324.881891318688
2359,test,5000,8394.62350682111,-3394.62350682111
627,test,40000,39970.202807280955,29.797192719044688
3652,test,7000,8355.99238050595,-1355.9923805059498
31,test,15000,11243.006457117881,3756.993542882119
4091,test,5300,7169.247338682475,-1869.247338682475
2321,test,4000,8763.020653548863,-4763.020653548863
3439,test,15000,11642.426675923167,3357.573324076833
1942,test,12000,10927.970140558547,1072.0298594414526
1575,test,32000,20082.54150669997,11917.45849330003
2890,test,15000,11014.88112067154,3985.11887932846
3134,test,5000,4972.71078869968,27.28921130031995
2219,test,10000,8500.544392477206,1499.4556075227938
887,test,230000,228645.71881662947,1354.2811833705346
672,test,160000,93531.24203142335,66468.75796857665
2272,test,17000,18805.46818617867,-1805.4681861786703
422,test,12000,8222.801294268118,3777.198705731882
1318,test,55000,38988.490212251985,16011.509787748015
1331,test,55000,54534.05398795487,465.9460120451331
174,test,9000,9546.845171254303,-546.8451712543028
182,test,12000,14996.292760539864,-2996.2927605398636
2940,test,24500,23341.71845179528,1158.281548204719
2183,test,90000,15061.642178991984,74938.35782100802
502,test,3700,7467.369182705529,-3767.369182705529
2426,test,11500,9873.280934329425,1626.7190656705752
4365,test,57000,49093.25847499073,7906.741525009267
1060,test,35000,41510.45530310813,-6510.4553031081305
184,test,12000,16584.859870589014,-4584.8598705890145
3166,test,30000,33875.92648596254,-3875.92648596254
714,test,32000,39855.018106077645,-7855.018106077645
2663,test,37000,40320.393462011736,-3320.393462011736
4604,test,15000,14321.467439819357,678.5325601806435
571,test,57000,56218.53206267523,781.4679373247709
587,test,32000,30324.544474656712,1675.4555253432882
272,test,6000,5418.3062865807415,581.6937134192585
4507,test,16000,11733.973990661216,4266.026009338784
203,test,5000,6048.477357385168,-1048.477357385168
2436,test,90000,71502.6082180017,18497.391781998303
3772,test,14000,11147.872029649492,2852.127970350508
1349,test,78000,79180.56593374551,-1180.5659337455145
243,test,7000,12815.408078689885,-5815.408078689885
3809,test,18500,17917.828477106814,582.1715228931862
155,test,10000,9063.22084470993,936.7791552900708
3164,test,15000,15408.871676302942,-408.87167630294243
590,test,150000,139201.09733145536,10798.902668544644
4657,test,9000,6837.47582007199,2162.52417992801
805,test,42000,22283.10528517234,19716.89471482766
1913,test,6000,6790.754405550352,-790.7544055503522
1627,test,20000,26381.08539304015,-6381.08539304015
4210,test,15000,19835.04809405007,-4835.048094050071
1321,test,90000,77363.11576348821,12636.884236511789
2393,test,20000,8274.493375916321,11725.506624083679
3021,test,14000,13139.829687094007,860.1703129059933
4140,test,17000,14973.143346549461,2026.856653450539
3355,test,10000,6333.118451508015,3666.881548491985
2438,test,25000,19120.770342877313,5879.229657122687
1044,test,40000,47332.49784535127,-7332.497845351267
2484,test,8500,7964.598469411499,535.4015305885014
1020,test,75000,72259.416977348,2740.5830226520047
4403,test,8500,10507.685995832206,-2007.6859958322057
3382,test,8500,8609.474898259696,-109.47489825969569
2186,test,22000,24240.166119588044,-2240.1661195880442
4609,test,7500,6759.660546984319,740.3394530156811
1173,test,60000,41706.77584456119,18293.22415543881
4423,test,10000,8807.939835984836,1192.0601640151635
93,test,6000,5087.632284342295,912.367715657705
3148,test,18000,17234.90465761191,765.0953423880892
1352,test,90000,63382.17127729905,26617.82872270095
1011,test,26000,28443.43974790251,-2443.43974790251
266,test,6000,14340.914534130756,-8340.914534130756
1242,test,35000,35474.111686756434,-474.1116867564342
363,test,5000,6255.1155013542275,-1255.1155013542275
3597,test,14500,18457.631175175142,-3957.631175175142
4097,test,22000,20531.75344488284,1468.246555117159
4459,test,10000,10238.428577177277,-238.42857717727748
2356,test,24000,25135.967895730122,-1135.967895730122
2589,test,100000,61816.37154860009,38183.62845139991
3123,test,90000,89773.38255118836,226.6174488116376
3600,test,9000,10095.346254905153,-1095.3462549051528
2791,test,14000,13943.977615926993,56.02238407300683
579,test,80000,67275.78438820559,12724.21561179441
1138,test,17000,16760.488477763018,239.51152223698227
1154,test,95000,98371.27813546301,-3371.2781354630133
701,test,400000,256231.33287205844,143768.66712794156
669,test,65000,74531.03152452284,-9531.031524522841
3252,test,13500,19259.24120187429,-5759.241201874291
1001,test,45000,39603.12409402897,5396.875905971028
1322,test,43000,51852.3527155711,-8852.352715571098
618,test,80000,70671.47707421231,9328.522925787693
1867,test,8500,11787.733482569867,-3287.733482569867
4027,test,15000,10315.138950556016,4684.861049443984
3615,test,7500,6719.411965692505,780.588034307495
3813,test,7000,10690.448839823513,-3690.4488398235135
4496,test,10000,9209.124247285274,790.8757527147263
767,test,130000,159434.78783843873,-29434.78783843873
3403,test,10000,11388.639768821926,-1388.6397688219258
4549,test,11000,14416.620726448022,-3416.6207264480217
2847,test,17000,16086.523084195074,913.4769158049257
4479,test,15000,13551.440605663503,1448.5593943364966
4209,test,26000,31115.79217639792,-5115.792176397921
629,test,38000,43710.72864752657,-5710.728647526572
4322,test,7500,11751.499372430864,-4251.499372430864
2391,test,12000,10953.625386654072,1046.374613345928
304,test,8000,8008.185776496576,-8.185776496576182
3260,test,25000,21617.911907046968,3382.088092953032
4560,test,13000,10524.424286653435,2475.575713346565
2916,test,17500,16610.983867628845,889.0161323711545
3063,test,11000,10816.266011228068,183.73398877193176
3642,test,13000,12115.41561649123,884.5843835087708
1140,test,290000,146325.11392592668,143674.88607407332
4204,test,12000,17883.60972726455,-5883.609727264549
3214,test,25000,8354.08216295342,16645.91783704658
2279,test,11500,6713.773975235653,4786.226024764347
4217,test,8500,6986.839914965916,1513.1600850340837
2654,test,16000,13882.190872105592,2117.8091278944084
3240,test,16000,11088.374212297085,4911.625787702915
252,test,10000,14307.111114397474,-4307.111114397474
970,test,51500,74256.18656308186,-22756.186563081865
3743,test,10000,13353.667612398487,-3353.667612398487
3124,test,14000,10704.121697023285,3295.8783029767146
448,test,5200,3588.6856390090193,1611.3143609909807
173,test,18000,9924.974487083104,8075.025512916896
3874,test,48000,38877.89829425399,9122.101705746012
132,test,16000,9981.168300308562,6018.831699691438
1369,test,22000,40751.911379683115,-18751.911379683115
707,test,60000,64854.57172800491,-4854.571728004907
3755,test,6500,7002.812027398253,-502.8120273982531
683,test,47000,39326.02787606072,7673.972123939282
986,test,150000,232140.22995902653,-82140.22995902653
3827,test,35000,27883.18047669596,7116.819523304039
4434,test,6500,6174.425756278815,325.57424372118476
3107,test,15000,11923.756859986275,3076.2431400137248
729,test,23000,29492.056938081827,-6492.056938081827
4382,test,18000,17093.793832914598,906.2061670854018
691,test,7500,18780.786114092924,-11280.786114092924
899,test,36000,44236.04655841823,-8236.046558418231
1282,test,25000,28629.060871926366,-3629.0608719263655
3621,test,15000,13669.861613642644,1330.1383863573556
2963,test,15000,34769.2251682073,-19769.225168207297
773,test,40000,21320.32037188067,18679.67962811933
2318,test,20000,22202.80432375196,-2202.8043237519596
2372,test,18000,21339.439808110466,-3339.4398081104664
3830,test,35000,47001.74374522772,-12001.743745227723
1901,test,20000,15494.911975883382,4505.088024116618
3078,test,10000,9367.019307862047,632.9806921379532
4075,test,6500,6693.985558349039,-193.9855583490389
778,test,25000,25453.617002710685,-453.6170027106855
2001,test,19000,14635.482604640523,4364.517395359477
2653,test,17000,20983.487044476587,-3983.4870444765875
103,test,25000,22898.756076035577,2101.2439239644227
3105,test,16000,13895.791967003684,2104.2080329963155
1087,test,65000,47673.50309516775,17326.496904832253
1997,test,10000,9843.31421315908,156.68578684092063
3887,test,10000,10356.98524678046,-356.9852467804594
1706,test,12000,12110.750469070947,-110.75046907094656
3487,test,17000,17605.784996660877,-605.7849966608774
3707,test,22000,31857.844077707134,-9857.844077707134
17,test,10000,7598.834717031992,2401.165282968008
564,test,43000,71485.23276544345,-28485.23276544345
2838,test,75000,117812.5819632431,-42812.581963243094
763,test,80000,95133.8007710628,-15133.8007710628
2088,test,16000,13061.864560797012,2938.135439202988
3640,test,16000,14390.506152355336,1609.4938476446641
3695,test,7000,8687.193331171506,-1687.1933311715056
1585,test,48000,71070.1883350979,-23070.188335097904
3644,test,15000,15387.1748334492,-387.1748334492004
1034,test,75000,76258.02498577978,-1258.0249857797753
4603,test,17000,16230.604153434104,769.3958465658961
4037,test,18000,16790.123254330832,1209.8767456691676
3753,test,37500,42098.439597463956,-4598.439597463956
851,test,8000,45180.7299430631,-37180.7299430631
366,test,8000,10859.649575525871,-2859.649575525871
239,test,5000,5835.06190727495,-835.0619072749496
412,test,36125,22504.00933886502,13620.99066113498
56,test,6000,9552.141485894434,-3552.1414858944336
607,test,20000,69946.23492286727,-49946.23492286727
3726,test,9500,12838.535471317871,-3338.5354713178713
4593,test,8000,11910.556308164965,-3910.5563081649652
1493,test,10500,13413.384388309907,-2913.384388309907
2659,test,29000,40653.45337714851,-11653.453377148508
1474,test,38000,41489.845574459345,-3489.845574459345
176,test,7500,8476.543999714962,-976.5439997149624
3018,test,18000,15794.131093438767,2205.8689065612325
2452,test,12000,8492.18834875726,3507.8116512427405
3538,test,15000,12484.390856659997,2515.6091433400034
2414,test,9000,14054.293037044048,-5054.293037044048
932,test,70000,54324.49288247686,15675.507117523142
1694,test,17000,14214.935893854148,2785.064106145852
1663,test,18000,12488.077729585159,5511.9222704148415
526,test,75000,63868.070374282965,11131.929625717035
4197,test,12000,13120.892333025464,-1120.8923330254638
2701,test,22000,24401.901829583836,-2401.901829583836
2345,test,18000,15162.053107572096,2837.9468924279045
2471,test,28000,17504.47595147979,10495.524048520208
1253,test,63000,78621.45078056723,-15621.450780567233
4095,test,20000,24147.236376315395,-4147.236376315395
65,test,8000,11467.802555042092,-3467.8025550420916
2865,test,32000,29506.813476701023,2493.1865232989767
2149,test,15000,7274.3594437662405,7725.6405562337595
1765,test,10000,11337.625644461677,-1337.6256444616774
3939,test,9000,13080.810892787553,-4080.810892787553
4200,test,32000,34748.865892156115,-2748.8658921561146
4629,test,8000,8252.821278079797,-252.82127807979668
4031,test,8500,11458.528667951397,-2958.5286679513974
186,test,18000,9566.575934223258,8433.424065776742
1568,test,4000,6496.220570394109,-2496.220570394109
4010,test,20000,20248.787858880656,-248.78785888065613
1064,test,28000,40835.15665343465,-12835.15665343465
990,test,150000,140237.30814043546,9762.69185956454
573,test,57000,35782.61697332859,21217.383026671407
2876,test,10000,5666.433309006252,4333.566690993748
2706,test,18000,15118.589857889012,2881.410142110988
3418,test,45000,59081.48692763682,-14081.486927636819
2946,test,5000,9445.867745764852,-4445.867745764852
1763,test,11000,6872.955356686374,4127.044643313626
106,test,14000,8444.233194094038,5555.7668059059615
3859,test,75000,32090.571672148864,42909.428327851136
248,test,3200,15860.072052140264,-12660.072052140264
796,test,35000,35303.296481838304,-303.2964818383043
4655,test,13000,15285.103099760978,-2285.103099760978
3103,test,50000,54642.62081653718,-4642.620816537179
4261,test,6500,9151.499876015576,-2651.499876015576
4252,test,20000,15469.086208935129,4530.9137910648715
3070,test,15000,16778.639365400693,-1778.6393654006934
3971,test,20000,12834.925801936055,7165.074198063945
356,test,13000,13760.520806744758,-760.5208067447584
4402,test,22000,21879.824194695346,120.1758053046542
3909,test,8000,11500.496095145465,-3500.496095145465
4451,test,6500,7048.982464845701,-548.9824648457006
517,test,45000,15423.483742739594,29576.516257260406
2080,test,24000,19176.482536978925,4823.517463021075
1274,test,85000,61199.20992170849,23800.79007829151
3626,test,10500,10207.819198926893,292.18080107310743
1006,test,15000,15343.978278295792,-343.9782782957918
4223,test,55000,44222.92415750852,10777.075842491482
609,test,65000,53082.99700174354,11917.00299825646
1780,test,30000,22863.299517149597,7136.700482850403
3159,test,8000,12925.184745104372,-4925.184745104372
2834,test,68000,37788.490325667044,30211.509674332956
1756,test,14000,21181.57841757492,-7181.578417574921
2102,test,15000,12163.382808463466,2836.617191536534
2839,test,110000,155754.00131114185,-45754.00131114185
2014,test,6000,5709.895249516242,290.1047504837579
1022,test,140000,68825.1857267966,71174.8142732034
269,test,8000,10322.91615648323,-2322.91615648323
1254,test,7500,17637.411053819866,-10137.411053819866
2179,test,13500,17357.06416624385,-3857.06416624385
2570,test,12000,13766.70077953541,-1766.7007795354093
148,test,5500,7997.3302570914975,-2497.3302570914975
696,test,40000,44501.1666001077,-4501.166600107703
4119,test,9000,11005.917312764812,-2005.9173127648119
4286,test,10000,10267.77244341924,-267.7724434192405
4267,test,20000,16090.086725260664,3909.913274739336
2514,test,7000,8173.0363837209725,-1173.0363837209725
1119,test,300000,297173.54329024407,2826.456709755934
41,test,12000,22167.438329417913,-10167.438329417913
3104,test,8000,7008.439217086066,991.5607829139344
3590,test,22000,13721.570094674531,8278.429905325469
316,test,8000,6806.429642461059,1193.5703575389407
1053,test,14000,24947.733966194366,-10947.733966194366
886,test,17000,38082.910251994464,-21082.910251994464
2334,test,54000,64867.87252494718,-10867.872524947183
4343,test,8500,14724.351854953657,-6224.351854953657
4465,test,45000,43960.9991889782,1039.0008110217968
1702,test,16000,12928.520938185742,3071.479061814258
3990,test,14000,14193.943324643484,-193.94332464348372
539,test,85000,65692.57823477575,19307.42176522425
340,test,8500,11499.578541546101,-2999.5785415461014
477,test,22000,13663.252756844004,8336.747243155996
3099,test,6800,7295.699310676227,-495.69931067622656
3185,test,12000,7532.927415883631,4467.072584116369
1875,test,7000,6568.813515458306,431.18648454169397
2204,test,8000,10359.558762444449,-2359.558762444449
1327,test,34999,35480.24099880575,-481.24099880574795
1550,test,30000,17264.226279893075,12735.773720106925
946,test,11000,19865.433912263714,-8865.433912263714
3881,test,7500,9587.496481348942,-2087.4964813489423
1714,test,380000,133866.58595724448,246133.41404275552
1359,test,22000,18840.176039172613,3159.823960827387
267,test,15000,7876.0075866573125,7123.9924133426875
4046,test,22000,23930.2277488803,-1930.227748880301
2495,test,7500,7566.686362385257,-66.68636238525687
3587,test,7000,12038.404264416899,-5038.4042644168985
1264,test,53000,26855.20978179003,26144.79021820997
0,test,10000,10481.527076757904,-481.52707675790407
1885,test,17000,14303.773761554743,2696.226238445257
2365,test,10000,12798.002561233425,-2798.002561233425
3407,test,14000,16425.458672584107,-2425.4586725841073
4011,test,15000,20623.483169416606,-5623.483169416606
2527,test,12000,14264.925418983263,-2264.9254189832627
1071,test,24000,21212.207855246026,2787.792144753974
4236,test,13000,12714.207341079047,285.7926589209528
2995,test,40000,26622.600547405247,13377.399452594753
57,test,6000,12185.433947106852,-6185.433947106852
1524,test,16000,11397.077012966667,4602.922987033333
4332,test,21000,21072.10024242431,-72.10024242430882
1434,test,250000,212210.8910154782,37789.108984521794
2686,test,33000,20929.306822017796,12070.693177982204
1675,test,25000,17157.0928660298,7842.907133970199
3550,test,10000,13462.608761695685,-3462.6087616956847
3899,test,35000,23730.54689552039,11269.45310447961
225,test,3500,7857.062996423051,-4357.062996423051
3736,test,10000,24883.066401866316,-14883.066401866316
2258,test,15000,9110.502992728962,5889.4970072710385
4222,test,10000,12135.564244928057,-2135.5642449280567
2083,test,62000,32151.395346059842,29848.604653940158
3628,test,10000,14417.553088933804,-4417.553088933804
3465,test,12000,11465.201962962903,534.798037037097
3424,test,7000,8310.517101726133,-1310.5171017261328
1479,test,50000,24392.654292235602,25607.345707764398
3703,test,12500,12768.5433305523,-268.5433305523002
2482,test,36000,29778.342279900648,6221.657720099352
2440,test,12000,12758.736242598383,-758.7362425983829
2673,test,5000,7567.44099000329,-2567.4409900032897
1005,test,60000,35018.42098828239,24981.579011717608
699,test,140000,69625.43593372573,70374.56406627427
3650,test,30000,38724.37683983452,-8724.37683983452
3290,test,13000,10151.472995016202,2848.527004983798
1073,test,70000,79844.74862951649,-9844.748629516485
2640,test,13000,20513.5698613438,-7513.5698613438
3001,test,20000,12740.370793937615,7259.6292060623855
4498,test,15000,13040.963046468378,1959.0369535316222
3000,test,11000,8499.689059529574,2500.3109404704264
1535,test,10000,10256.331926822593,-256.33192682259323
424,test,9000,15060.909976867446,-6060.909976867446
3693,test,100000,91550.75119920622,8449.248800793779
1255,test,30000,20113.82815235345,9886.17184764655
2774,test,21000,18290.57298158532,2709.427018414681
4532,test,19000,21606.2845460111,-2606.2845460110984
3319,test,14000,10735.326874571512,3264.6731254284878
1358,test,45000,38088.6319538246,6911.3680461753975
1058,test,11000,27324.55314892968,-16324.55314892968
3985,test,10000,7460.918321893173,2539.081678106827
2434,test,50000,35123.47441036819,14876.525589631812
588,test,350000,453173.1089938504,-103173.10899385042
3071,test,21000,21417.167854109153,-417.16785410915327
1977,test,5000,8539.075447022566,-3539.0754470225656
1665,test,14000,9946.22916349815,4053.7708365018498
4696,test,6000,9472.762086634504,-3472.762086634504
3614,test,14000,12310.131647255204,1689.8683527447956
35,test,15000,9000.985441882158,5999.014558117842
3843,test,12000,9288.76740671157,2711.2325932884305
2421,test,29000,14785.83511628075,14214.16488371925
2233,test,9000,7168.962432522778,1831.0375674772222
4624,test,6000,7296.66158946065,-1296.6615894606502
112,test,20000,6437.81263255738,13562.18736744262
3937,test,5000,5510.392408818707,-510.3924088187068
2526,test,11000,9387.048628421946,1612.951371578054
594,test,210000,114066.61123003274,95933.38876996726
877,test,48000,26006.005343083463,21993.994656916537
2904,test,3500,6026.588867098656,-2526.588867098656
1611,test,9500,10903.326758594501,-1403.3267585945014
2569,test,70000,40398.05229108006,29601.947708919943
3470,test,12000,14968.522760189506,-2968.522760189506
2917,test,14500,34092.82604471248,-19592.826044712478
4082,test,8500,8499.048233935773,0.9517660642268311
3045,test,33000,17792.518398851476,15207.481601148524
3766,test,11500,10450.404720220038,1049.5952797799619
4107,test,15000,10030.425422591632,4969.574577408368
1911,test,21500,21101.884926604806,398.1150733951945
4355,test,20000,17089.07017905461,2910.929820945388
979,test,45000,75246.76984963656,-30246.769849636563
1513,test,25000,17498.588090222653,7501.411909777347
2109,test,10000,6502.236867489234,3497.763132510766
4436,test,12000,11651.664924225557,348.3350757744429
1820,test,55000,69411.46212298644,-14411.462122986442
126,test,8000,6802.001334755067,1197.9986652449334
4544,test,17000,28260.905399450952,-11260.905399450952
807,test,90000,141305.0746014749,-51305.07460147489
2325,test,8500,8830.66659357141,-330.66659357141
3206,test,16000,13924.091765633026,2075.9082343669743
2349,test,4500,7383.874864677862,-2883.874864677862
491,test,13000,12062.261121861426,937.7388781385744
3618,test,16500,11712.891622226567,4787.108377773433
1445,test,230000,234904.91003147073,-4904.910031470732
2587,test,32000,29659.45210231047,2340.5478976895283
1109,test,250000,244464.5964586432,5535.403541356791
1778,test,6000,7014.034168049456,-1014.0341680494557
2403,test,14000,24305.396276549127,-10305.396276549127
1017,test,250000,184714.5231466758,65285.47685332419
2957,test,12500,15508.93266725669,-3008.9326672566895
2988,test,10500,13202.743866167784,-2702.7438661677843
4062,test,22000,34303.60834368288,-12303.608343682878
3272,test,35000,32287.6512279844,2712.348772015601
3335,test,22000,21543.167618641386,456.83238135861393
2486,test,7500,7244.015305980775,255.98469401922466
3003,test,22000,59517.06413802314,-37517.06413802314
7,test,5000,5763.384057593583,-763.3840575935828
4508,test,7500,10401.288828756671,-2901.288828756671
4630,test,15000,10630.144145545624,4369.855854454376
3417,test,12000,11366.401802194878,633.5981978051223
3979,test,40000,25313.811147419336,14686.188852580664
4196,test,9500,9819.941567308939,-319.94156730893883
3546,test,10500,11555.493240978603,-1055.4932409786034
3215,test,12000,12289.163253209286,-289.16325320928627
4117,test,50000,41953.04619976365,8046.953800236348
3861,test,10000,18692.411888453633,-8692.411888453633
1581,test,11400,16570.06587046132,-5170.06587046132
3351,test,16000,17140.898351499287,-1140.898351499287
4002,test,35000,37073.43300549942,-2073.4330054994207
1229,test,62000,32116.01515441965,29883.98484558035
4178,test,9500,12328.347337106976,-2828.347337106976
4158,test,22000,14158.237667878386,7841.762332121614
771,test,60000,43226.26662945513,16773.73337054487
945,test,28000,18593.004768589344,9406.995231410656
4570,test,13000,8445.204517473605,4554.795482526395
655,test,75000,62681.91957761282,12318.080422387182
3094,test,12000,12514.497878722825,-514.4978787228247
89,test,8500,11147.787019000349,-2647.7870190003487
2680,test,30000,25231.896306858842,4768.103693141158
1595,test,16000,8868.245871866127,7131.754128133873
3732,test,10000,15395.636806553193,-5395.636806553193
4323,test,13000,12609.51110810012,390.4888918998804
4173,test,20000,16854.38531952517,3145.6146804748314
941,test,22000,17851.77961820202,4148.220381797979
3829,test,32000,24221.78749795526,7778.212502044738
889,test,8500,16507.943530935336,-8007.943530935336
2730,test,14000,10032.008141915976,3967.991858084024
1413,test,85000,111848.45752781244,-26848.45752781244
4553,test,6500,7393.827789783591,-893.8277897835906
2544,test,40000,41566.1953737537,-1566.195373753697
1556,test,16000,16677.119155580862,-677.1191555808618
1495,test,17000,18113.28367371664,-1113.28367371664
164,test,40000,19661.04235003441,20338.95764996559
1829,test,18000,10000.311316382185,7999.688683617815
1159,test,40000,40469.342164350935,-469.3421643509355
2215,test,48000,39224.91894731077,8775.081052689231
3334,test,9500,13420.040330150305,-3920.0403301503047
3062,test,12500,8330.65373963358,4169.346260366419
190,test,13000,14227.431330592652,-1227.4313305926516
4297,test,8000,6112.126191522946,1887.873808477054
4220,test,14000,11467.2579378483,2532.7420621516994
4491,test,10500,11402.821009179423,-902.8210091794226
3957,test,6000,7677.962520614058,-1677.9625206140581
4146,test,9000,9386.601306773326,-386.60130677332563
33,test,5000,8171.605866607143,-3171.605866607143
3270,test,16000,14551.846648294679,1448.1533517053213
1972,test,15000,10980.841018235707,4019.1589817642925
3738,test,8000,10166.165891054172,-2166.165891054172
2442,test,4500,6920.101890235323,-2420.1018902353226
1175,test,35000,29897.15802917725,5102.841970822748
914,test,27000,22518.912972830498,4481.087027169502
2192,test,7500,8421.572896187225,-921.5728961872246
1220,test,46000,44738.022094112916,1261.9779058870845
4341,test,60000,26315.881123369258,33684.118876630746
4356,test,12500,12220.00435159344,279.9956484065606
2682,test,13000,19205.340462634602,-6205.340462634602
1724,test,10500,9666.680545234176,833.319454765824
2650,test,190000,122011.30793369176,67988.69206630824
151,test,3500,6230.70123716454,-2730.7012371645396
420,test,10000,5955.741020719698,4044.258979280302
4518,test,9000,9450.521562046824,-450.52156204682433
1874,test,15000,10916.772023239106,4083.2279767608943
136,test,5000,7197.634803000125,-2197.6348030001254
3853,test,5000,6187.268784467153,-1187.2687844671527
3435,test,90000,60595.29000298871,29404.70999701129
3357,test,15000,10548.280686165257,4451.719313834743
3038,test,35000,27227.274092264444,7772.725907735556
4008,test,15000,15788.762179993171,-788.7621799931712
4710,test,25000,18937.63284928713,6062.367150712871
2580,test,27000,13380.0119809422,13619.9880190578
3757,test,34000,34378.689763865324,-378.6897638653245
4574,test,13000,12315.321013537181,684.678986462819
2524,test,12000,23109.286593514727,-11109.286593514727
1774,test,17000,20334.6979722046,-3334.6979722046017
389,test,10000,10384.42630220986,-384.4263022098603
716,test,33000,31356.498571987668,1643.5014280123323
2954,test,16500,17220.544575218337,-720.5445752183368
3885,test,8200,6874.943461279079,1325.0565387209208
721,test,100000,44011.354940917794,55988.645059082206
1194,test,25000,52648.20195196355,-27648.20195196355
1852,test,24000,29017.645443635036,-5017.645443635036
3869,test,75000,179704.47615713376,-104704.47615713376
3084,test,24000,16925.211978723135,7074.788021276865
1534,test,30000,11061.19964332207,18938.80035667793
1999,test,24000,21605.78518445979,2394.21481554021
3965,test,10500,9640.862075166704,859.137924833296
1819,test,7500,7573.390521598322,-73.39052159832227
1084,test,160000,89753.45425592591,70246.54574407409
1771,test,15000,12432.417101503555,2567.5828984964446
3060,test,27000,25546.34903693243,1453.6509630675682
4526,test,12500,12538.891075952995,-38.89107595299538
3375,test,7000,12186.03540107604,-5186.03540107604
1231,test,80000,68474.53072898195,11525.469271018053
2586,test,14000,11859.662920717748,2140.3370792822516
1768,test,16000,14635.713559557762,1364.286440442238
202,test,15000,9949.195841052477,5050.804158947523
2862,test,14000,16051.704338450065,-2051.704338450065
47,test,12000,7919.127743766582,4080.872256233418
1365,test,350000,271500.02182391396,78499.97817608604
4226,test,27000,18526.79263558344,8473.207364416561
4072,test,25000,17354.0769123063,7645.9230876937
2958,test,14000,12543.268405803627,1456.7315941963734
2688,test,70000,38235.77407486137,31764.225925138628
1279,test,52000,29326.53894015068,22673.46105984932
4509,test,35000,40236.870170346556,-5236.870170346556
1204,test,25000,18051.46212042377,6948.53787957623
3655,test,10500,13451.450757944242,-2951.4507579442416
2167,test,18000,14598.98215530196,3401.017844698041
2931,test,7000,11560.874274907177,-4560.874274907177
3091,test,9000,9355.732554323202,-355.73255432320184
1900,test,25000,13149.935708938632,11850.064291061368
2146,test,17000,16319.743654665173,680.2563453348266
4590,test,15000,11872.390321317853,3127.609678682147
2982,test,15000,7843.17007275174,7156.82992724826
2602,test,29000,49587.03044494806,-20587.03044494806
528,test,60000,26722.55547096358,33277.444529036424
3136,test,15000,19504.07610284102,-4504.07610284102
1143,test,250000,374605.97497508326,-124605.97497508326
3199,test,70000,39791.31002260468,30208.68997739532
493,test,6000,6248.298142157585,-248.29814215758506
2176,test,16000,15810.955274496673,189.04472550332684
4699,test,13000,12753.997417452587,246.0025825474131
1471,test,54500,52281.6646332232,2218.3353667768024
2636,test,130000,181708.5977203298,-51708.597720329795
4183,test,12333,10697.491767288466,1635.5082327115342
2411,test,95000,79114.68811057214,15885.31188942786
1038,test,70000,76477.70239115041,-6477.7023911504075
4164,test,15000,20239.847992908843,-5239.847992908843
4374,test,18000,11352.618165925654,6647.3818340743455
2160,test,10000,8154.850434666412,1845.1495653335878
4682,test,20000,17623.51409173075,2376.485908269249
2174,test,10000,14394.745809530808,-4394.745809530808
2312,test,85000,85741.60120240161,-741.601202401609
3903,test,60000,33022.718273134626,26977.281726865374
2085,test,18000,15246.227043018343,2753.7729569816565
4535,test,18500,15182.794344641896,3317.205655358104
1099,test,85000,62172.3990953902,22827.600904609797
1407,test,6500,23445.95319594916,-16945.95319594916
1179,test,130000,100352.18303528246,29647.81696471754
353,test,6500,5791.708511204758,708.291488795242
741,test,320000,486147.8189995952,-166147.81899959518
4245,test,30000,25268.81478067995,4731.18521932005
1490,test,90000,100928.84078730662,-10928.840787306617
264,test,8000,9103.425157089778,-1103.4251570897777
2520,test,35000,10219.28672642657,24780.71327357343
4719,test,30000,34992.225691920794,-4992.225691920794
1846,test,12000,17728.796332358466,-5728.796332358466
611,test,85000,66146.93346451345,18853.06653548655
4620,test,20000,12344.613645348245,7655.386354651755
3245,test,20000,13422.634670273766,6577.3653297262335
4523,test,35000,23915.118231561675,11084.881768438325
4006,test,12500,14477.675810628181,-1977.6758106281814
3004,test,6000,11498.577672016063,-5498.577672016063
2029,test,8000,9288.260248283319,-1288.260248283319
2262,test,8000,8713.632537440602,-713.6325374406024
572,test,27000,27688.872872502423,-688.872872502423
1787,test,16500,15922.753978556224,577.246021443776
1547,test,7500,8205.750455699164,-705.7504556991644
871,test,85000,89972.94465285708,-4972.944652857084
1928,test,35000,19553.00300617584,15446.99699382416
4432,test,10000,14961.580381337793,-4961.580381337793
1924,test,6000,7406.80306575331,-1406.80306575331
456,test,9500,7256.870104755301,2243.1298952446987
3870,test,250000,237425.99888029043,12574.001119709574
4264,test,14000,13109.682025913868,890.3179740861324
329,test,3000,5142.473405230423,-2142.473405230423
1786,test,17000,11198.49209167812,5801.507908321881
280,test,7000,7378.05613102581,-378.0561310258099
2095,test,26000,28004.189427833076,-2004.1894278330765
2773,test,19500,15878.601843825734,3621.3981561742658
2857,test,22999,21928.50411245122,1070.4958875487791
3801,test,9000,8987.134376572456,12.865623427544051
635,test,32000,21338.280016758825,10661.719983241175
1152,test,26500,28814.97260551784,-2314.97260551784
1985,test,13500,7549.483582394347,5950.516417605653
3390,test,13000,20208.750940882186,-7208.750940882186
3747,test,8000,6406.937066802955,1593.062933197045
1177,test,20000,16522.99684454081,3477.0031554591915
2144,test,7700,8012.083436045583,-312.08343604558286
4733,test,29000,22659.6536242111,6340.3463757889
832,test,55000,65626.4129429872,-10626.412942987197
425,test,5000,6504.577864557394,-1504.5778645573937
1821,test,11000,14014.038468997205,-3014.038468997205
3426,test,10000,9781.289410218104,218.7105897818965
1212,test,20000,22715.682593929836,-2715.682593929836
3473,test,12000,14839.163399003914,-2839.1633990039136
1898,test,12000,14420.24987146259,-2420.249871462591
4552,test,7500,7607.834422855607,-107.83442285560704
1872,test,9000,12426.61412711766,-3426.6141271176602
1754,test,14500,19176.87242049187,-4676.872420491869
1320,test,45000,58642.13250030067,-13642.132500300671
1012,test,42000,38483.98132581027,3516.018674189727
3067,test,34000,34087.71813411878,-87.71813411878247
1435,test,150000,76972.43218568436,73027.56781431564
903,test,50000,38510.61661968107,11489.383380318934
2775,test,20000,17580.806898696566,2419.1931013034337
1275,test,40000,32851.44272937315,7148.55727062685
2874,test,18000,11981.458247628498,6018.541752371502
1565,test,20000,15456.349174168328,4543.650825831672
963,test,52000,55667.08666867069,-3667.086668670687
2984,test,7600,10418.960817302124,-2818.9608173021243
2922,test,90000,51016.06497694065,38983.93502305935
1501,test,17000,15432.99592727913,1567.0040727208707
3178,test,12000,10454.309548234369,1545.6904517656312
159,test,6000,6043.334439517662,-43.33443951766185
2579,test,24000,21866.88820341287,2133.111796587131
3967,test,9000,10339.308330379115,-1339.3083303791154
1151,test,75000,76082.91334971682,-1082.9133497168223
3855,test,14000,13724.108000389928,275.89199961007216
3947,test,13000,13435.532412263043,-435.5324122630427
2462,test,40000,26886.28211195332,13113.717888046682
4248,test,7500,9135.435045975215,-1635.435045975215
4168,test,5500,6582.603670925629,-1082.6036709256286
1860,test,14000,13682.294825248928,317.70517475107226
666,test,55000,117280.61044498319,-62280.61044498319
770,test,120000,95976.3104686064,24023.689531393597
4076,test,11000,12528.660302942732,-1528.6603029427315
1938,test,7000,8603.202606797468,-1603.2026067974675
3514,test,34000,18728.227001227253,15271.772998772747
4175,test,7500,7214.876334076048,285.1236659239521
2713,test,6000,9357.640431355914,-3357.640431355914
1363,test,23000,27925.97288725265,-4925.97288725265
3475,test,26000,13681.6259556743,12318.3740443257
2714,test,18000,13974.677105455723,4025.322894544277
4334,test,12000,11478.288526837987,521.7114731620131
2696,test,13500,10787.561566641183,2712.438433358817
1297,test,55000,54571.36648092058,428.6335190794198
2316,test,16000,17659.155753332027,-1659.1557533320265
537,test,28000,26315.01123347611,1684.9887665238894
1409,test,69999,91680.52285292455,-21681.52285292455
3574,test,9500,11373.864597508144,-1873.8645975081436
1651,test,32900,26415.466439267508,6484.533560732492
3117,test,8000,5875.812593367991,2124.187406632009
1769,test,5000,6830.943726523371,-1830.943726523371
3820,test,13500,12846.416323448879,653.5836765511212
1333,test,25000,20659.600479626755,4340.399520373245
4275,test,12000,13277.724354067217,-1277.724354067217
1596,test,10000,10247.028541324142,-247.02854132414177
369,test,9000,6711.40641182906,2288.59358817094
4368,test,32000,17507.14724822325,14492.85275177675
2606,test,8000,10138.160369687894,-2138.1603696878938
4385,test,13000,7643.373313714466,5356.626686285534
3352,test,26000,29586.598886072374,-3586.5988860723737
1298,test,66000,45401.59446139689,20598.40553860311
748,test,130000,70831.29180079515,59168.70819920485
2320,test,5000,12471.72023759243,-7471.72023759243
4534,test,200000,124464.3542408068,75535.6457591932
2767,test,18000,11213.069870139743,6786.930129860257
4155,test,12500,13768.59528035635,-1268.5952803563505
2113,test,7500,8045.057147310197,-545.0571473101973
2114,test,16000,14597.769326931828,1402.230673068172
4073,test,13000,8012.357019215869,4987.642980784131
576,test,95000,73429.5240647694,21570.4759352306
2645,test,7000,13533.144723444033,-6533.144723444033
907,test,34000,29094.080031483078,4905.919968516922
1689,test,18000,14354.322647266707,3645.6773527332934
3501,test,7000,6523.45113557985,476.5488644201496
3699,test,13000,7701.775194744217,5298.224805255783
4577,test,4000,7005.267661087078,-3005.2676610870776
612,test,50000,44772.64708843411,5227.352911565889
2340,test,19000,17310.035853229067,1689.9641467709334
2292,test,12000,9026.281972671204,2973.718027328796
1313,test,23000,22344.207186448897,655.7928135511029
3744,test,10000,11800.116041259218,-1800.116041259218
4081,test,20000,25890.177763155596,-5890.177763155596
3340,test,33000,44743.001496165765,-11743.001496165765
4493,test,16000,12497.829481278543,3502.1705187214575
