row_id,split,actual_rent,predicted_rent,residual
1124,train,95000,68744.79399251251,26255.20600748749
3886,train,12000,25208.045914753784,-13208.045914753784
4122,train,14000,13699.037162611514,300.96283738848615
2762,train,6500,10394.774155494775,-3894.774155494775
1963,train,30000,22307.1360592246,7692.863940775402
345,train,12000,10345.846587938251,1654.153412061749
3892,train,20000,21970.36387801773,-1970.3638780177316
3420,train,6250,11291.399508997794,-5041.399508997794
2348,train,6000,5839.384875936249,160.61512406375095
4572,train,37000,29127.268082240193,7872.731917759807
288,train,7000,8022.4579524175915,-1022.4579524175915
3875,train,58000,45114.337734238165,12885.662265761835
4652,train,9000,13306.047602334309,-4306.047602334309
2920,train,10000,12546.825074246242,-2546.8250742462424
641,train,68000,59479.888759451685,8520.111240548315
3749,train,5000,4924.941875210039,75.05812478996086
3972,train,24000,14967.129700345404,9032.870299654596
1625,train,22000,23589.682482632787,-1589.6824826327866
1703,train,20000,13642.848987815092,6357.151012184908
3288,train,35000,18559.180506596687,16440.819493403313
3553,train,13000,18586.46230090149,-5586.46230090149
1465,train,70000,57088.55219101397,12911.447808986028
3938,train,13000,11121.378878744496,1878.6211212555045
885,train,32000,33338.22630365638,-1338.2263036563818
3121,train,11000,8841.143653975436,2158.856346024564
2055,train,18000,12675.843466019956,5324.156533980044
381,train,12000,16043.23493987212,-4043.23493987212
2810,train,9500,15091.812169006758,-5591.812169006758
2885,train,33500,22205.673357982134,11294.326642017866
3883,train,16000,19768.713249518434,-3768.713249518434
2801,train,13000,20669.83685068605,-7669.83685068605
2695,train,7500,12308.973117109543,-4808.973117109543
1899,train,75000,50046.40113318404,24953.598866815963
4455,train,16000,17434.544153222356,-1434.5441532223558
3793,train,10000,10640.729278180668,-640.7292781806682
3668,train,9000,15052.136826229702,-6052.136826229702
1839,train,16500,19534.324797898073,-3034.3247978980726
3894,train,12500,13058.095991945956,-558.0959919459565
1355,train,52000,45388.596180402434,6611.403819597566
2697,train,14000,13659.453122520188,340.5468774798119
514,train,22000,22337.67110714153,-337.67110714153023
927,train,30000,24268.10069149272,5731.89930850728
1104,train,17000,20239.698743690933,-3239.698743690933
3360,train,8000,8386.156904838717,-386.1569048387173
2768,train,30000,49445.63185623574,-19445.63185623574
1165,train,52000,70162.23805114845,-18162.23805114845
2715,train,18000,15416.652016607753,2583.3479833922465
4305,train,6000,8313.172206550315,-2313.1722065503145
1257,train,100000,148507.48048928726,-48507.48048928726
2594,train,18000,22806.37717340913,-4806.3771734091315
3217,train,20000,26454.573512006784,-6454.573512006784
3163,train,10000,14817.044249367193,-4817.044249367193
1554,train,15000,15110.818281177886,-110.81828117788609
3088,train,26000,28654.58876573202,-2654.58876573202
998,train,70000,97736.37842747816,-27736.378427478165
417,train,6500,7564.0023944978675,-1064.0023944978675
427,train,5500,5613.4256831081375,-113.42568310813749
2632,train,40000,22354.35589792289,17645.64410207711
4519,train,18000,21476.249648520457,-3476.2496485204574
850,train,190000,258371.76513459592,-68371.76513459592
3968,train,11000,10744.611420528225,255.3885794717753
4003,train,6000,8255.503775018879,-2255.5037750188785
3265,train,24000,37938.88511978201,-13938.885119782011
108,train,8000,9601.261472782753,-1601.2614727827531
3309,train,7500,8103.355983399467,-603.3559833994668
3872,train,60000,40299.54968702739,19700.450312972607
2286,train,15000,10709.765894619339,4290.234105380661
1950,train,40000,27915.961950103185,12084.038049896815
3657,train,20000,22277.730393767026,-2277.730393767026
4546,train,10000,12027.818616927258,-2027.8186169272576
4600,train,20000,13074.4718311524,6925.528168847601
2379,train,80000,42331.742392152264,37668.257607847736
4379,train,12500,12692.932487257338,-192.93248725733793
3836,train,20000,18098.872798371285,1901.1272016287148
2806,train,14000,8896.407644569019,5103.592355430981
376,train,7000,7342.753598934259,-342.75359893425866
2051,train,7000,6969.183078833533,30.816921166467182
1805,train,15000,9841.306210192788,5158.693789807212
2744,train,12000,13586.70492330136,-1586.7049233013604
549,train,20000,20560.314630593482,-560.3146305934824
1378,train,24000,34817.75126725152,-10817.751267251522
2728,train,13500,23072.434112712563,-9572.434112712563
3220,train,11000,11770.218646813946,-770.2186468139462
575,train,40000,39256.38522508284,743.6147749171578
468,train,6500,7001.500712581339,-501.50071258133903
213,train,11000,9089.85091966632,1910.14908033368
3526,train,15000,21682.60773149566,-6682.60773149566
4278,train,15000,14199.273374987795,800.7266250122047
677,train,55000,77520.20253035601,-22520.202530356008
3410,train,15000,28015.95822813747,-13015.958228137471
3041,train,12000,15698.137323319092,-3698.1373233190916
1994,train,22000,23562.003104270447,-1562.0031042704468
1222,train,21000,23501.33387699512,-2501.3338769951188
1570,train,8500,10315.295089600315,-1815.295089600315
4271,train,13000,16071.652053872134,-3071.6520538721343
438,train,5000,5606.971112021479,-606.9711120214788
821,train,34000,31415.8737885093,2584.1262114907004
4449,train,9000,7596.563736675881,1403.436263324119
3025,train,11200,11427.803291510954,-227.8032915109543
530,train,300000,404159.6292474021,-104159.62924740207
2702,train,4000,5939.981104275207,-1939.9811042752071
3884,train,18000,29009.48766249259,-11009.48766249259
2745,train,13500,10945.65938977135,2554.34061022865
1722,train,19000,15665.96489640564,3334.0351035943604
1704,train,28000,27342.272643651777,657.7273563482231
661,train,35000,50570.08124592498,-15570.08124592498
1243,train,72000,45521.57910337899,26478.420896621014
1027,train,230000,100333.61476984687,129666.38523015313
4463,train,20000,18521.320108581098,1478.6798914189021
2210,train,10000,13138.731114009783,-3138.7311140097827
1607,train,6000,10595.774999515064,-4595.774999515064
163,train,9000,11857.675453512118,-2857.675453512118
3591,train,7000,5201.328720376132,1798.671279623868
4262,train,10000,7366.799519608691,2633.2004803913087
2722,train,20000,18498.83104923899,1501.16895076101
4058,train,30000,36248.26430706647,-6248.264307066471
3627,train,15000,14507.865348084357,492.1346519156432
3187,train,13000,17356.229588433995,-4356.229588433995
812,train,36000,44391.116305360345,-8391.116305360345
1508,train,13500,9050.419476329098,4449.580523670902
2811,train,15000,18486.67608652503,-3486.676086525029
3362,train,12000,14427.068901274733,-2427.0689012747334
4457,train,12000,13472.724313062261,-1472.724313062261
421,train,12000,10922.481067896488,1077.5189321035123
1477,train,70000,65226.692735346805,4773.307264653195
1588,train,10000,10578.97624876902,-578.9762487690205
313,train,15000,15623.028632306154,-623.0286323061537
3945,train,12000,13701.997573191864,-1701.997573191864
2161,train,24000,21844.874873606896,2155.1251263931044
277,train,15000,7374.872467151816,7625.127532848184
2750,train,9000,11908.639254297239,-2908.639254297239
140,train,12500,11451.22010071282,1048.7798992871794
1383,train,37000,47671.101722704254,-10671.101722704254
2708,train,10000,8668.925667702297,1331.0743322977032
1881,train,15000,13773.607963953276,1226.3920360467237
4448,train,400000,132663.6844494934,267336.3155505066
310,train,9000,6985.592158814954,2014.407841185046
3601,train,18000,16518.299314923817,1481.7006850761827
4279,train,15000,8064.115862865924,6935.884137134076
3190,train,15000,14389.060483343352,610.9395166566483
1347,train,20000,17181.43001592509,2818.569984074911
2295,train,30000,23394.58336807922,6605.41663192078
189,train,6500,3829.1588972944896,2670.8411027055104
1923,train,24000,15654.64559915926,8345.35440084074
1842,train,17000,14532.181468535706,2467.818531464294
1155,train,38000,50230.131321244386,-12230.131321244386
3933,train,23000,13040.582353372845,9959.417646627155
61,train,30000,27351.772797052923,2648.227202947077
1691,train,20000,16958.274282512266,3041.725717487734
499,train,6000,7530.289456698657,-1530.289456698657
1733,train,12500,12709.878972598122,-209.87897259812235
2555,train,6000,8931.767806429569,-2931.7678064295687
2004,train,15000,8657.784813772454,6342.215186227546
1337,train,110000,102393.2535414831,7606.746458516893
2652,train,60000,53734.37338599866,6265.6266140013395
3823,train,22000,23422.70043741975,-1422.7004374197495
2193,train,34000,34301.40946073998,-301.409460739982
1425,train,35000,39869.82252405404,-4869.822524054041
2893,train,16000,23437.957096839797,-7437.957096839797
687,train,100000,67701.42061793206,32298.57938206794
1517,train,7500,8104.498401850199,-604.4984018501991
852,train,75000,105362.45788099764,-30362.457880997637
4726,train,35000,24974.19984467816,10025.800155321838
261,train,7000,8338.221294848023,-1338.2212948480228
4487,train,18000,15306.265134958474,2693.734865041526
3852,train,15000,11987.772309756783,3012.227690243217
4246,train,18000,13291.82089673547,4708.179103264531
584,train,13000,26638.16642227314,-13638.166422273142
1305,train,51000,50765.96136436997,234.0386356300296
875,train,15000,11289.568038773907,3710.4319612260933
4116,train,14000,14974.029239767968,-974.0292397679677
1608,train,17000,10796.902719014266,6203.097280985734
4302,train,18000,21049.325336235735,-3049.3253362357354
1560,train,12000,6546.440850517576,5453.559149482424
827,train,40000,45263.24318836515,-5263.243188365152
625,train,85000,73457.26408342714,11542.735916572856
4274,train,25000,15498.99026193201,9501.00973806799
1984,train,11000,8030.292215377959,2969.707784622041
1642,train,12000,17329.666492105163,-5329.666492105163
1278,train,15000,16910.790205688074,-1910.790205688074
4468,train,24000,27875.806389891513,-3875.8063898915134
1742,train,14000,34230.96474298362,-20230.96474298362
4400,train,50000,70864.01798817576,-20864.017988175765
522,train,25000,12677.719008511685,12322.280991488315
4688,train,12000,11167.652365824022,832.3476341759779
614,train,120000,47754.99432101425,72245.00567898575
2223,train,28000,30495.673258056016,-2495.6732580560165
2483,train,12000,15672.216563996626,-3672.216563996626
2281,train,22000,28824.794053622336,-6824.794053622336
3394,train,20000,22981.10205805867,-2981.10205805867
2698,train,18000,27088.91537589911,-9088.915375899109
935,train,18000,24701.559596410123,-6701.559596410123
1987,train,55000,38547.15694432541,16452.843055674588
483,train,5000,5322.573553394181,-322.57355339418064
4396,train,24000,15558.21357173661,8441.78642826339
2047,train,11000,9747.586469884674,1252.4135301153256
459,train,22500,16916.21856355995,5583.781436440051
4615,train,5000,7916.662809546373,-2916.662809546373
4156,train,31000,37870.04269662853,-6870.04269662853
3871,train,10000,9847.601279206954,152.39872079304587
2116,train,14000,11220.283955827093,2779.7160441729065
3081,train,12000,16926.196037389287,-4926.196037389287
4094,train,12000,11988.732328258608,11.267671741392405
4632,train,9000,10137.87379860873,-1137.8737986087308
4229,train,8000,7656.5464089556635,343.45359104433646
3713,train,19000,13413.35632552484,5586.643674475161
2010,train,50000,25840.604239735985,24159.395760264015
1589,train,7000,3763.3844302408784,3236.6155697591216
1139,train,77000,106223.70271713601,-29223.70271713601
2494,train,14000,13757.730430347057,242.26956965294266
1552,train,84000,59070.304919470786,24929.695080529214
3294,train,65000,66655.41991125257,-1655.4199112525675
3145,train,8500,6398.645259161863,2101.3547408381373
1751,train,7500,9165.389792360826,-1665.3897923608256
30,train,7500,4711.846661960366,2788.153338039634
462,train,14000,11657.989444684685,2342.0105553153153
3110,train,9000,7729.29861379446,1270.70138620554
3479,train,12000,12198.120311169612,-198.12031116961225
2545,train,36000,34973.36530033811,1026.6346996618886
2384,train,40000,23771.00301485141,16228.996985148591
1546,train,16000,14495.742649809532,1504.257350190468
917,train,8000,22272.056760463023,-14272.056760463023
4601,train,10000,12537.772662391424,-2537.772662391424
432,train,5500,7794.13722061103,-2294.13722061103
4668,train,7000,12935.606519157984,-5935.606519157984
901,train,75000,115158.10413696579,-40158.10413696579
3599,train,22000,24669.250129757114,-2669.2501297571143
1882,train,11000,11444.462507082255,-444.4625070822549
1939,train,24000,20582.6816887709,3417.318311229101
2077,train,11000,10018.031337542876,981.9686624571241
2662,train,35000,51940.478486820815,-16940.478486820815
1685,train,17500,16311.856655684154,1188.1433443158458
1036,train,100000,158463.71862072204,-58463.71862072204
3856,train,20000,12876.582183105436,7123.417816894564
406,train,5500,7612.462741961114,-2112.4627419611143
3233,train,25000,20003.563119691822,4996.436880308178
1880,train,10000,13999.476113936513,-3999.476113936513
3802,train,14000,15184.370020866201,-1184.3700208662012
1537,train,7500,7534.174669094641,-34.174669094641104
4389,train,15000,23161.439089092954,-8161.4390890929535
1185,train,76000,41959.50504847213,34040.49495152787
418,train,4500,5511.730968420681,-1011.7309684206812
1068,train,130000,113377.46217209841,16622.537827901586
3838,train,15000,13672.007125631986,1327.9928743680139
4501,train,8000,8450.001131546636,-450.0011315466363
4548,train,10000,11048.775690276581,-1048.7756902765814
2082,train,10000,9527.56274263761,472.4372573623896
3558,train,24000,23252.610291151686,747.3897088483136
2248,train,12000,14169.399770996619,-2169.399770996619
147,train,8000,10091.19930722857,-2091.1993072285695
4133,train,20000,14009.806864103728,5990.193135896272
137,train,17500,19477.373405803242,-1977.3734058032423
76,train,5500,7563.357206642304,-2063.357206642304
4565,train,18000,16811.38646236927,1188.6135376307284
2218,train,40000,27292.903434221877,12707.096565778123
833,train,80000,151387.04303610986,-71387.04303610986
1188,train,39000,50623.299780898946,-11623.299780898946
43,train,8500,8305.127968227627,194.8720317723728
3680,train,8000,13274.062682214611,-5274.062682214611
2257,train,7000,7855.029644595645,-855.0296445956446
2529,train,24000,10333.224944418256,13666.775055581744
4678,train,30000,16112.643607099293,13887.356392900707
4492,train,37000,27689.479772067807,9310.520227932193
2639,train,15000,13693.285645872971,1306.7143541270289
2492,train,14000,11416.245791121268,2583.7542088787322
3011,train,22000,14950.215165260115,7049.784834739885
838,train,450000,545674.7378375112,-95674.73783751123
3332,train,20000,25711.308445049468,-5711.308445049468
3720,train,40000,35850.590871780754,4149.409128219246
323,train,8500,11431.82944759586,-2931.829447595859
4023,train,12000,14154.931334163484,-2154.9313341634843
3733,train,20000,18946.921247041242,1053.0787529587578
274,train,30000,58869.07684299675,-28869.07684299675
1373,train,24000,34376.28901628786,-10376.289016287861
3336,train,23000,20137.63131051856,2862.368689481438
2783,train,10000,12499.754241764822,-2499.754241764822
169,train,40000,18504.337670055716,21495.662329944284
2541,train,16000,20793.10710951357,-4793.10710951357
1461,train,30000,38080.42684458562,-8080.426844585621
2903,train,110000,74033.53962445461,35966.460375545386
2990,train,26000,25606.33453241806,393.6654675819409
4685,train,17000,13384.94423831374,3615.0557616862607
894,train,15500,18303.88624385231,-2803.88624385231
4007,train,25000,16270.979933672155,8729.020066327845
631,train,50000,50001.30862301818,-1.3086230181797873
2777,train,6500,7314.605851918934,-814.6058519189337
3455,train,45000,52338.05164582319,-7338.051645823187
2230,train,16000,11417.021154261874,4582.9788457381255
3723,train,35000,16283.218067568214,18716.781932431786
2886,train,9500,8676.905900759804,823.0940992401956
4472,train,15000,13797.805777050271,1202.194222949729
2408,train,9000,13459.313403556065,-4459.313403556065
730,train,95000,121987.3937187613,-26987.393718761305
2184,train,24000,20143.25615316549,3856.74384683451
703,train,40000,46685.20134679136,-6685.201346791357
652,train,43000,49090.642421445904,-6090.642421445904
1280,train,13000,32018.879554057134,-19018.879554057134
4213,train,42000,38871.31091788335,3128.6890821166526
1905,train,6000,7902.518756107712,-1902.5187561077119
4298,train,13000,14035.974719269336,-1035.9747192693358
484,train,10000,11718.899020082772,-1718.899020082772
3146,train,20000,66469.89834605085,-46469.898346050846
1955,train,15000,14895.508482870535,104.49151712946514
4100,train,16500,21483.84607200817,-4983.846072008171
2053,train,4800,6932.459878797509,-2132.459878797509
4067,train,1200,27073.830638583913,-25873.830638583913
302,train,20000,11573.946556901356,8426.053443098644
2967,train,7500,7872.700338948934,-372.7003389489337
4127,train,10000,13131.004839720488,-3131.0048397204882
3285,train,8000,9610.705056136268,-1610.7050561362685
1809,train,22000,10866.68853209474,11133.31146790526
4360,train,26000,20001.202791544933,5998.797208455067
1973,train,70000,27003.792679635364,42996.207320364636
1614,train,7000,6345.535405451262,654.4645945487382
3192,train,19000,15891.183207453512,3108.8167925464877
3764,train,6000,5724.645667279822,275.3543327201778
2352,train,17500,14332.529642307496,3167.470357692504
4150,train,12000,14010.355300531075,-2010.355300531075
2241,train,14000,12024.904145136054,1975.0958548639464
2930,train,5500,8518.12303806564,-3018.12303806564
610,train,50000,47506.71702050346,2493.2829794965364
3791,train,12500,8602.480130044034,3897.519869955966
3056,train,22000,20927.279195420208,1072.7208045797925
1783,train,20000,15662.74997610097,4337.250023899031
776,train,150000,147868.74314997526,2131.2568500247435
4513,train,60000,42113.83508827117,17886.164911728833
1116,train,55000,73666.14948133082,-18666.149481330824
2140,train,13900,12101.631834380138,1798.3681656198623
3468,train,26000,25180.932730546887,819.0672694531131
2106,train,12000,9776.845493774765,2223.1545062252353
1380,train,600000,827491.2553944801,-227491.25539448007
4201,train,10000,13118.795351139814,-3118.7953511398136
2871,train,30000,25206.534927338664,4793.465072661336
191,train,9000,8012.536560041089,987.4634399589113
1046,train,27000,23611.121281428597,3388.8787185714027
973,train,85000,56636.32555581409,28363.674444185912
4499,train,35000,30733.49992153692,4266.500078463079
449,train,4000,4662.780054666651,-662.7800546666513
628,train,50000,64596.31003362029,-14596.310033620292
1403,train,20000,12530.690075864166,7469.309924135834
4311,train,9500,12449.58285663329,-2949.5828566332893
3416,train,10000,10912.435341556937,-912.4353415569367
1303,train,50000,64280.49928207991,-14280.499282079909
3383,train,30000,25754.039071556796,4245.9609284432045
4293,train,70000,49206.69149088096,20793.308509119037
616,train,110000,124327.46168151892,-14327.461681518922
745,train,100000,143589.61523151025,-43589.61523151025
193,train,12000,9728.762703825694,2271.237296174306
1862,train,8000,11838.636361847684,-3838.6363618476844
1449,train,45000,23292.577389999893,21707.422610000107
3064,train,40000,51757.763374279595,-11757.763374279595
46,train,4600,6955.927591515956,-2355.927591515956
4291,train,12000,11487.482383958519,512.5176160414812
3950,train,4000,6804.59131932734,-2804.59131932734
3506,train,15000,18729.42116391483,-3729.4211639148307
1107,train,35500,38069.42606352539,-2569.4260635253886
4102,train,8500,10799.15380580173,-2299.1538058017304
2143,train,13000,15563.889391013468,-2563.8893910134684
2369,train,7500,11117.229555876513,-3617.2295558765127
642,train,150000,145060.9855334724,4939.0144665275875
3061,train,8000,8353.344574950608,-353.34457495060815
4074,train,35000,29222.65293006504,5777.34706993496
1225,train,65000,110518.54565222413,-45518.54565222413
777,train,230000,289127.1120161565,-59127.11201615649
3545,train,26000,38139.91817332106,-12139.918173321057
4154,train,6000,6195.260264883959,-195.26026488395928
3249,train,15000,12433.061680402821,2566.9383195971786
3931,train,22000,30025.532846646514,-8025.532846646514
1158,train,180000,84869.97805631653,95130.02194368347
3168,train,14000,23665.424183817373,-9665.424183817373
815,train,42000,37759.72694784723,4240.27305215277
2381,train,14000,29510.95405089106,-15510.954050891061
4357,train,18000,12778.357941246346,5221.642058753654
1284,train,360000,413607.41066182987,-53607.41066182987
331,train,6500,5808.650040464793,691.3499595352068
788,train,170000,143429.83371528913,26570.166284710867
1834,train,12500,12184.776843260744,315.2231567392555
4054,train,14000,10801.235845461744,3198.7641545382558
1746,train,55000,42850.16250857883,12149.837491421167
1292,train,65000,64890.617217758336,109.38278224166424
883,train,45000,36402.78569057341,8597.214309426592
2269,train,7000,8549.484076524759,-1549.484076524759
4339,train,10000,13511.066132843445,-3511.0661328434453
4284,train,9500,7657.776045339932,1842.2239546600676
289,train,3500,3966.8574215116155,-466.8574215116155
4515,train,9000,11973.897854509245,-2973.897854509245
2879,train,28000,42586.894240531336,-14586.894240531336
2201,train,16500,14721.99170326487,1778.00829673513
1960,train,26969,30593.723587127006,-3624.723587127006
4530,train,8000,10217.791831708504,-2217.791831708504
2824,train,9300,15497.88772823072,-6197.88772823072
263,train,6000,5450.097061359518,549.9029386404818
3020,train,5000,7412.737926849201,-2412.7379268492014
3299,train,26000,21746.148595073,4253.851404927002
2006,train,27000,20033.39857411287,6966.601425887129
3547,train,15000,8412.402008476749,6587.597991523251
1864,train,15000,13231.670670094143,1768.3293299058569
441,train,5500,4537.717839031648,962.2821609683524
1515,train,7500,9685.478946851254,-2185.4789468512536
1412,train,45000,47626.10902646334,-2626.1090264633385
2798,train,37000,15795.510011939688,21204.48998806031
4331,train,6000,7847.388483976419,-1847.3884839764187
4214,train,20000,14194.215261137018,5805.784738862982
1487,train,65000,55687.957438383986,9312.042561616014
295,train,10500,8548.532543718879,1951.4674562811215
2552,train,13000,12095.660916258199,904.339083741801
2877,train,16000,18070.97155109479,-2070.97155109479
364,train,10000,9667.422023898602,332.57797610139824
3948,train,9500,13084.697584329067,-3584.6975843290675
3491,train,8500,8643.911654638056,-143.91165463805555
1658,train,14000,9387.759965148805,4612.240034851195
2324,train,12000,14375.202400873863,-2375.2024008738626
761,train,36000,49536.355060181966,-13536.355060181966
4418,train,14000,11484.323154116837,2515.676845883163
758,train,35000,34344.02411111553,655.9758888844735
1095,train,25000,15221.332640534447,9778.667359465553
2228,train,12000,11414.754235517992,585.2457644820079
4188,train,7500,7395.381102786337,104.61889721366333
3456,train,5000,6962.015909172052,-1962.0159091720516
4618,train,9000,13638.918024381186,-4638.918024381186
2661,train,36000,58117.38635700745,-22117.386357007454
4063,train,15000,9849.528078895206,5150.471921104794
2050,train,9000,14385.776533686001,-5385.776533686001
496,train,14000,9179.225487683449,4820.774512316551
810,train,40000,44100.364527350044,-4100.364527350044
1797,train,5000,8930.8481870643,-3930.848187064301
2599,train,25000,43821.05238061665,-18821.052380616653
471,train,7500,7167.0584464630765,332.9415535369235
2071,train,35000,31993.64292576516,3006.3570742348384
1504,train,8000,7868.857777667108,131.14222233289183
3330,train,12000,8040.884994178578,3959.1150058214216
1261,train,70000,98800.90064633398,-28800.900646333976
3578,train,18000,9359.42500343625,8640.57499656375
736,train,46000,48433.67853527104,-2433.678535271043
2236,train,16000,17911.255502131917,-1911.2555021319167
955,train,72000,53333.19458847979,18666.80541152021
2718,train,11000,10761.49072367919,238.5092763208104
1100,train,26000,32589.074277698877,-6589.074277698877
4028,train,10000,11919.118189776525,-1919.1181897765255
2790,train,22000,24950.423867707792,-2950.423867707792
480,train,6000,13107.640811325065,-7107.640811325065
2278,train,20000,7980.816964742645,12019.183035257356
3411,train,75000,41230.46216294263,33769.53783705737
4416,train,120000,60111.243781831414,59888.756218168586
3083,train,20000,22393.564790756434,-2393.5647907564344
910,train,24000,18514.835420683798,5485.164579316202
3098,train,13000,11722.528797912877,1277.471202087123
1200,train,25000,25103.776772707803,-103.77677270780259
3917,train,25000,32433.165237366084,-7433.165237366084
1974,train,19000,15701.837309229672,3298.1626907703285
2878,train,20000,19095.941580049857,904.0584199501427
3317,train,45000,19793.795697358433,25206.204302641567
3775,train,18500,21435.14151167274,-2935.1415116727403
1707,train,20000,15159.094261050554,4840.9057389494465
1830,train,11000,8403.261113560326,2596.7388864396744
2883,train,8000,10758.907096570641,-2758.9070965706414
2121,train,15000,17596.599400918498,-2596.599400918498
2675,train,30000,44476.700047617654,-14476.700047617654
1142,train,40000,33531.39741081635,6468.602589183647
393,train,7000,6530.090892815595,469.909107184405
1586,train,7000,7222.254109620084,-222.2541096200839
884,train,35000,23343.62370456536,11656.376295434638
3443,train,16000,20509.27467464981,-4509.274674649809
3891,train,11000,12431.295314457939,-1431.2953144579387
3896,train,30000,27364.193038129593,2635.8069618704067
1680,train,12000,10249.651782901848,1750.3482170981515
3227,train,30000,30125.690541685937,-125.6905416859372
398,train,8000,6691.767823730181,1308.2321762698193
598,train,55000,63944.90742337996,-8944.907423379962
4144,train,45000,39856.923527245155,5143.076472754845
2122,train,9500,6683.822279394017,2816.1777206059833
408,train,11000,10512.30169689888,487.6983031011205
3850,train,8500,12585.715507663252,-4085.7155076632516
811,train,40000,26766.77956794188,13233.220432058119
135,train,9000,9470.12150527973,-470.1215052797306
4,train,7500,10132.487599431963,-2632.4875994319627
3112,train,17000,24781.7531853976,-7781.7531853976
2493,train,14000,19745.269255202842,-5745.269255202842
4025,train,45000,34911.17457212291,10088.825427877091
987,train,75000,84360.7513480187,-9360.751348018704
996,train,75000,47361.754190345404,27638.245809654596
1828,train,7000,5932.20371252491,1067.7962874750901
4517,train,5800,10769.311185810451,-4969.311185810451
2422,train,18000,12445.732318663413,5554.267681336587
3174,train,7000,7545.03762317586,-545.0376231758601
2517,train,22000,19029.90198939561,2970.09801060439
1562,train,16000,16005.983062859863,-5.983062859862912
3748,train,12000,10038.025874037488,1961.9741259625116
2437,train,10000,10477.14956560119,-477.14956560119026
3380,train,16000,16831.37512524477,-831.3751252447692
4627,train,5000,5038.478578344446,-38.47857834444585
4045,train,25000,13750.344775607631,11249.655224392369
2065,train,17681,18736.771688942536,-1055.7716889425355
764,train,7500,11702.928449031398,-4202.9284490313985
237,train,5500,7713.4213243073955,-2213.4213243073955
3188,train,9000,8427.35909632892,572.6409036710793
3404,train,45000,29941.7619412627,15058.2380587373
893,train,40000,91790.52216882106,-51790.52216882106
3241,train,85000,58631.95991451052,26368.040085489483
2330,train,12500,16637.256160973015,-4137.256160973015
3815,train,100000,57858.237535829154,42141.762464170846
3058,train,6500,10357.877789521912,-3857.877789521912
396,train,35000,17237.118986386362,17762.881013613638
3759,train,15000,13388.822760088955,1611.177239911045
1996,train,15000,21457.335400538894,-6457.335400538894
479,train,10000,9741.139903799149,258.86009620085133
4304,train,9000,12343.649838618883,-3343.649838618883
2815,train,250000,63936.640539985696,186063.3594600143
3566,train,15000,7063.865069089998,7936.134930910002
4406,train,3000,5897.32998269356,-2897.32998269356
2617,train,140000,58013.9136936046,81986.0863063954
154,train,7000,7041.176743873948,-41.176743873948
4182,train,16000,16619.694987783132,-619.6949877831321
705,train,230000,108207.9268299053,121792.0731700947
3611,train,8000,5880.72588080559,2119.2741191944096
3017,train,12000,10271.04821565941,1728.9517843405902
1045,train,46000,55909.43298700926,-9909.432987009262
2364,train,24000,26504.58983057155,-2504.589830571549
1832,train,60000,43364.8039725483,16635.196027451697
188,train,7000,9410.458294708125,-2410.4582947081253
4235,train,26000,17900.833343245333,8099.166656754667
2968,train,10000,10712.046932047415,-712.0469320474149
3207,train,14000,13812.427841322971,187.5721586770287
1247,train,8000,24305.696191465082,-16305.696191465082
2700,train,65000,33144.50587510073,31855.49412489927
3888,train,13000,10322.5260497983,2677.4739502017
344,train,7500,11938.918005778905,-4438.918005778905
1289,train,130000,294199.79781439295,-164199.79781439295
2342,train,18000,24201.097117383666,-6201.097117383666
1851,train,40000,45881.98739906471,-5881.98739906471
533,train,33000,29315.08634538454,3684.9136546154587
3954,train,13000,15328.44199021643,-2328.44199021643
1354,train,55000,40902.14445348952,14097.85554651048
4684,train,22000,16242.089874779747,5757.910125220253
2985,train,29000,36752.634643444326,-7752.634643444326
1744,train,11000,12993.954222707278,-1993.954222707278
1937,train,14000,13562.535452953005,437.464547046995
1840,train,13000,8686.912605140898,4313.087394859102
2812,train,12000,11283.40353546092,716.5964645390795
4642,train,8000,12792.666854434174,-4792.666854434174
1806,train,130000,122199.40614967403,7800.593850325968
3673,train,10000,11698.939093452276,-1698.9390934522762
3536,train,12500,14075.829547139638,-1575.8295471396377
341,train,12000,12859.130251476909,-859.1302514769086
2119,train,10000,8388.988441133111,1611.0115588668887
4735,train,45000,33085.47035561576,11914.529644384238
2782,train,13000,13023.4239907199,-23.423990719900758
2665,train,20000,17730.247079633784,2269.752920366216
4042,train,10000,12361.888110977687,-2361.8881109776867
2343,train,70000,61679.72712073863,8320.27287926137
67,train,7500,6779.0570494144085,720.9429505855915
3629,train,7000,6274.151297481082,725.8487025189179
2273,train,15000,16909.023759208874,-1909.0237592088743
4242,train,12000,16765.292080877185,-4765.292080877185
206,train,5000,6976.8663258972565,-1976.8663258972565
3278,train,4500,7042.686350823481,-2542.686350823481
4503,train,5500,4989.990915652875,510.0090843471253
1775,train,30000,23267.909622406343,6732.090377593657
1506,train,50000,45193.749050138445,4806.250949861555
1762,train,15000,23654.303343948402,-8654.303343948402
939,train,32000,59326.1915998077,-27326.191599807702
4243,train,15000,19573.432122014765,-4573.432122014765
4181,train,8000,10462.311920092432,-2462.311920092432
2464,train,6000,10160.477253375097,-4160.477253375097
63,train,30000,17915.743518143787,12084.256481856213
3610,train,25000,27856.10579343959,-2856.1057934395903
4352,train,12000,12932.058776970134,-932.0587769701342
1400,train,20000,37430.486762267334,-17430.486762267334
2044,train,250000,136043.31011777773,113956.68988222227
3478,train,30000,10236.320237115102,19763.679762884898
2575,train,8000,10816.329863392131,-2816.3298633921313
3919,train,45000,50126.07162989934,-5126.071629899343
3054,train,16000,12238.965353504052,3761.0346464959475
3210,train,7000,9921.283075202018,-2921.283075202018
3494,train,18000,13537.548188915847,4462.451811084153
1069,train,58000,57419.21587295193,580.7841270480712
4512,train,9000,20580.728484475592,-11580.728484475592
1389,train,310000,342705.85340510105,-32705.85340510105
4326,train,18000,11581.030287879097,6418.969712120903
1854,train,16000,18305.393249707817,-2305.3932497078167
3312,train,12000,14134.363490014037,-2134.363490014037
2928,train,30000,27489.814571402425,2510.185428597575
1408,train,55000,50688.90995785371,4311.090042146287
1136,train,40000,28834.93764920392,11165.06235079608
2748,train,200000,103654.4174658632,96345.5825341368
2668,train,14000,12204.748946979522,1795.2510530204781
2842,train,24000,30131.777431275274,-6131.777431275274
545,train,22000,16817.55268886072,5182.44731113928
3914,train,12000,12691.93487516493,-691.9348751649304
2528,train,140000,73402.14875309436,66597.85124690564
1564,train,11000,12568.07872978635,-1568.0787297863499
842,train,55000,79737.97364735632,-24737.973647356324
2513,train,20000,18858.658232755795,1141.3417672442047
2461,train,5000,9028.5303122779,-4028.5303122779005
3832,train,11000,13733.527170219322,-2733.527170219322
541,train,270000,214778.78965738715,55221.210342612845
855,train,39000,36152.177929095604,2847.8220709043962
804,train,50000,46312.325820866994,3687.674179133006
372,train,35000,24512.8462923243,10487.153707675701
3457,train,30000,19580.112218052218,10419.887781947782
409,train,10000,9393.597290770129,606.4027092298711
1153,train,45000,49712.48731852081,-4712.487318520813
4325,train,22000,22756.864247453075,-756.8642474530752
4504,train,5000,7590.619618954215,-2590.619618954215
3268,train,16000,12359.430673811312,3640.569326188688
2387,train,25000,22814.820084971034,2185.179915028966
3729,train,12000,9801.27208533906,2198.72791466094
1324,train,20000,45332.96946048541,-25332.96946048541
2358,train,4500,4590.280033996721,-90.2800339967207
4456,train,22000,23665.36968196726,-1665.3696819672587
4628,train,6000,5883.931350171803,116.06864982819661
4187,train,14000,18735.229422591983,-4735.229422591983
4032,train,130000,136511.12731218414,-6511.127312184137
4348,train,12000,10688.315319630085,1311.6846803699154
2840,train,150000,135812.06743431816,14187.93256568184
3144,train,30000,38778.951641661144,-8778.951641661144
1518,train,25000,30315.836310231607,-5315.836310231607
334,train,8000,5988.010761712049,2011.9892382879507
1015,train,60000,47613.67281962427,12386.32718037573
3698,train,18000,17767.606827769385,232.39317223061516
3873,train,12000,8115.141422245854,3884.8585777541457
3238,train,22000,14307.389414254672,7692.610585745328
2378,train,20000,10318.977301054581,9681.022698945419
3184,train,12000,13584.711523101189,-1584.7115231011885
2677,train,11000,10101.168176207824,898.8318237921758
2556,train,100000,35293.3010765758,64706.6989234242
4372,train,9000,7291.869872447552,1708.1301275524484
2039,train,25000,12997.541574553836,12002.458425446164
223,train,12500,8278.974449637459,4221.025550362541
1183,train,18000,34072.75957775344,-16072.759577753437
2301,train,10000,13804.53777162803,-3804.537771628031
1244,train,180000,203637.51745496885,-23637.517454968853
4087,train,18000,24277.02393705007,-6277.023937050071
2925,train,80000,59629.45443171021,20370.54556828979
2126,train,10000,8010.625295002117,1989.3747049978829
2760,train,38000,16190.282901521572,21809.717098478428
3428,train,16000,27081.240608491695,-11081.240608491695
3008,train,27000,32103.77867936543,-5103.77867936543
4659,train,12500,12970.011667855004,-470.0116678550039
3724,train,4000,5307.057797400261,-1307.0577974002608
3296,train,13500,20096.795540430296,-6596.795540430296
2172,train,30000,31345.01954349191,-1345.0195434919115
1463,train,90000,86260.65352848645,3739.3464715135487
662,train,15000,21310.151548239315,-6310.151548239315
3462,train,17000,31420.96036030499,-14420.96036030499
4641,train,15500,9922.552134452655,5577.447865547345
465,train,20000,14965.812484886856,5034.187515113144
1683,train,25000,25525.188246575228,-525.1882465752278
4138,train,12000,13141.023938358378,-1141.0239383583776
4132,train,6500,6683.346867788715,-183.34686778871492
2081,train,11000,11058.774267761553,-58.77426776155335
1334,train,25000,23093.47335269743,1906.5266473025695
711,train,15000,16776.00654302847,-1776.0065430284703
1823,train,13500,11859.650039017044,1640.349960982956
473,train,15000,11547.741852673542,3452.258147326458
4059,train,12000,13379.64191615784,-1379.6419161578397
3074,train,15000,16613.97259082293,-1613.9725908229302
3433,train,6000,7422.204557918066,-1422.2045579180658
3862,train,32000,31969.054775719487,30.945224280512775
300,train,35000,17094.342499661045,17905.657500338955
2416,train,50000,40809.4566167575,9190.543383242497
1909,train,5500,6859.898692643865,-1359.8986926438647
2769,train,16000,13812.626249675568,2187.373750324432
4607,train,15000,12785.090857960422,2214.909142039578
3395,train,18000,7434.449044578275,10565.550955421724
24,train,8000,8749.634277793302,-749.6342777933023
3301,train,15000,7156.9667767246,7843.0332232754
2097,train,8500,8807.665004639479,-307.66500463947887
450,train,30000,13594.94267494261,16405.05732505739
709,train,300000,123955.1656549057,176044.8343450943
4273,train,8000,12032.152189542738,-4032.1521895427377
2355,train,22000,16338.99112341408,5661.00887658592
114,train,15000,14883.8439950417,116.1560049583004
923,train,43500,36189.440271976346,7310.559728023654
2625,train,10000,8569.532768054158,1430.4672319458423
1879,train,21000,35007.775942169734,-14007.775942169734
4640,train,15000,15405.730058166848,-405.7300581668478
4380,train,25000,19960.270659269267,5039.729340730733
969,train,60000,50185.29858613168,9814.701413868323
1326,train,850000,411541.8501810023,438458.1498189977
3392,train,130000,59226.803457473354,70773.19654252665
3612,train,12500,9132.453343242854,3367.5466567571457
4460,train,15000,11762.53317968622,3237.4668203137808
790,train,55000,54679.01280841637,320.98719158362655
4358,train,21000,20893.38048598938,106.61951401062106
1887,train,20000,16784.174260633215,3215.8257393667845
985,train,22000,23470.803941789978,-1470.8039417899781
933,train,65000,53636.30813750692,11363.691862493077
4126,train,6500,7983.466847919553,-1483.4668479195534
2253,train,15000,13067.783343775525,1932.2166562244747
1308,train,30000,33994.291358442424,-3994.291358442424
4613,train,15000,17720.099287664485,-2720.099287664485
1295,train,22000,41727.885133645636,-19727.885133645636
1750,train,12000,9459.463608960763,2540.536391039237
4429,train,8000,13439.979533071015,-5439.979533071015
3593,train,8000,10382.697179003237,-2382.6971790032367
2153,train,14000,6406.339802704779,7593.660197295221
3572,train,130000,78765.27174938761,51234.72825061239
3128,train,17000,24117.030419823404,-7117.030419823404
2155,train,20000,22299.281902877457,-2299.2819028774575
2621,train,6000,9827.74226207132,-3827.7422620713205
1624,train,11500,13457.620473353973,-1957.6204733539726
551,train,25000,14538.761257768187,10461.238742231813
3966,train,100000,86861.20029963087,13138.799700369127
1741,train,5000,7703.226768583711,-2703.2267685837114
755,train,42000,53617.04807428108,-11617.048074281083
645,train,65000,116579.00031870669,-51579.00031870669
446,train,10000,10423.487655607305,-423.487655607305
390,train,22000,20437.320851486504,1562.6791485134963
4259,train,25000,16789.161073591604,8210.838926408396
222,train,25000,15236.37275987392,9763.62724012608
869,train,200000,105926.37227299929,94073.62772700071
3528,train,35000,33861.34508268451,1138.6549173154926
205,train,15000,13484.042776222124,1515.9572237778757
1593,train,16000,14630.168609119253,1369.8313908807468
1370,train,60000,128356.07079464529,-68356.07079464529
2202,train,14500,17153.832191896516,-2653.8321918965157
1613,train,9000,8078.812832106355,921.187167893645
3246,train,15000,13586.485403086834,1413.5145969131663
495,train,10000,6468.799314129733,3531.200685870267
2380,train,9500,11881.891116504577,-2381.8911165045774
2477,train,10000,15604.096875733007,-5604.0968757330065
123,train,8000,9584.340975844201,-1584.3409758442012
2297,train,9250,10932.152842732672,-1682.152842732672
1908,train,20000,16046.835167331741,3953.164832668259
359,train,15000,6838.607071785243,8161.392928214757
4137,train,12500,13694.880439775281,-1194.880439775281
2022,train,35000,14073.146986651462,20926.85301334854
1187,train,45000,11873.217172971139,33126.78282702886
3902,train,9000,10102.852937648884,-1102.852937648884
1736,train,10500,11263.309393746773,-763.3093937467729
822,train,93000,99722.06434595202,-6722.0643459520215
1251,train,45000,69797.58768634712,-24797.58768634712
3817,train,16000,18244.84137913924,-2244.8413791392413
3451,train,15000,14192.533851560913,807.4661484390872
1557,train,9500,10568.425743138177,-1068.4257431381775
837,train,33003,47298.87028805505,-14295.870288055048
3617,train,27000,28121.026573971278,-1121.0265739712777
4610,train,15000,9301.752065243629,5698.247934756371
3848,train,70000,81720.98910573119,-11720.98910573119
4110,train,10000,6558.708775754556,3441.291224245444
892,train,25000,25885.85635274156,-885.8563527415608
1146,train,32000,19400.816243154957,12599.183756845043
1462,train,45000,41585.79889429725,3414.2011057027485
831,train,200000,105943.3819186587,94056.6180813413
4716,train,9000,13257.409602893415,-4257.409602893415
589,train,40000,51510.246884171414,-11510.246884171414
4730,train,25000,16418.08048401176,8581.91951598824
2366,train,16000,15031.235838835475,968.7641611645249
2274,train,8200,7878.074167152006,321.92583284799366
98,train,18000,17611.34261374812,388.6573862518817
2115,train,5000,6445.421975603407,-1445.4219756034072
3701,train,8000,11735.173626107862,-3735.173626107862
3415,train,24000,24523.616690962008,-523.6166909620079
4104,train,15000,17602.411112687212,-2602.411112687212
1028,train,180000,166145.01331455365,13854.986685446347
3376,train,38000,35712.825287739346,2287.174712260654
1219,train,260000,259864.04642880603,135.95357119396795
4723,train,7000,10006.047153287918,-3006.0471532879183
1693,train,15000,12069.906624730056,2930.093375269944
4617,train,8500,6771.272245404787,1728.727754595213
1922,train,20000,15862.951428439752,4137.048571560248
1684,train,7000,8491.280842777558,-1491.280842777558
3602,train,8500,9313.212598808834,-813.2125988088337
1310,train,15000,13727.238877638061,1272.7611223619388
1047,train,95000,89963.99112754752,5036.008872452483
620,train,40000,45933.117790725984,-5933.117790725984
2734,train,80000,74382.03168170905,5617.96831829095
4329,train,13000,20264.6475018679,-7264.647501867901
490,train,8000,6832.932550796179,1167.0674492038206
1205,train,150000,140514.3764455046,9485.623554495396
1853,train,18500,23142.14735604716,-4642.14735604716
2537,train,11000,12815.107903947373,-1815.1079039473734
250,train,12000,11155.344102586556,844.6558974134441
724,train,85000,94584.37840158051,-9584.378401580514
1444,train,36000,19858.93057427291,16141.069425727092
4568,train,16500,12062.060830051863,4437.939169948137
2643,train,6500,9550.021824656873,-3050.021824656873
1160,train,300000,351853.83431009395,-51853.83431009395
3658,train,9000,11011.069260185797,-2011.0692601857972
3356,train,11500,12563.928435194022,-1063.9284351940223
1338,train,21000,14048.113334332373,6951.886665667627
2308,train,20000,24557.24599468862,-4557.245994688619
2875,train,18000,14862.940020755694,3137.0599792443063
4694,train,12000,16841.82429499286,-4841.824294992861
3803,train,8500,9830.246235200297,-1330.2462352002967
3313,train,45000,32756.513906264394,12243.486093735606
2390,train,22000,11630.147528251962,10369.852471748038
3534,train,16500,13485.317021298402,3014.6829787015977
379,train,40000,30146.349515597947,9853.650484402053
2532,train,15000,13812.626249675568,1187.373750324432
684,train,150000,145761.76499507544,4238.235004924558
4035,train,9000,10628.313381954407,-1628.3133819544073
2475,train,11000,13639.812840817773,-2639.8128408177727
36,train,12500,12388.736259462014,111.26374053798645
2642,train,10000,11871.201147423455,-1871.201147423455
1576,train,15000,18364.45601466368,-3364.4560146636795
2619,train,12500,17234.239211536027,-4734.239211536027
3059,train,3000,6164.301948014647,-3164.3019480146468
3633,train,15000,13233.495457038374,1766.5045429616257
658,train,32000,26963.3693562256,5036.630643774399
463,train,9500,7584.714750575927,1915.2852494240733
299,train,20000,13280.334541528866,6719.665458471134
3323,train,25000,22761.563390644395,2238.4366093556055
2012,train,25000,43259.25821745205,-18259.25821745205
2503,train,12500,10835.835727554799,1664.1642724452013
3483,train,40000,39870.447369607726,129.5526303922743
2733,train,9300,10994.636738336736,-1694.636738336736
2583,train,15000,12252.577985156573,2747.422014843427
1249,train,52000,30063.826304097933,21936.173695902067
2135,train,25000,29510.1579180317,-4510.1579180316985
3014,train,6500,9002.106185065419,-2502.1061850654187
3072,train,12000,14882.309426748117,-2882.3094267481174
2134,train,21000,19739.17581449321,1260.82418550679
4330,train,6000,6799.963719081353,-799.9637190813528
1995,train,15000,13807.078912919647,1192.9210870803527
981,train,23500,21699.908422325065,1800.0915776749353
1167,train,140000,89799.33704143611,50200.66295856389
1701,train,5000,9423.732331096064,-4423.732331096064
3868,train,23000,15982.11059687394,7017.889403126061
540,train,35000,38698.78111190641,-3698.7811119064136
919,train,230000,277646.37902860355,-47646.37902860355
4265,train,34000,37683.448245707346,-3683.4482457073464
3142,train,6500,14546.745604202046,-8046.745604202046
179,train,15000,14552.728519432863,447.2714805671367
3690,train,8500,10051.715985896622,-1551.7159858966224
4070,train,17000,19205.372181942268,-2205.372181942268
1195,train,90000,52141.30932488443,37858.69067511557
1245,train,26000,30049.71696002031,-4049.7169600203088
216,train,7000,9632.94835712955,-2632.9483571295495
753,train,170000,146673.08973789695,23326.910262103047
3604,train,40000,39190.64243561812,809.3575643818767
4462,train,9000,8567.75192893497,432.2480710650307
3496,train,10000,12217.860791479325,-2217.8607914793247
1711,train,7500,7723.207328005688,-223.2073280056884
1398,train,140000,146493.15906294016,-6493.159062940162
4283,train,15000,13660.512760931317,1339.4872390686833
4085,train,16000,13800.26181574071,2199.7381842592895
1213,train,85000,73913.75125547984,11086.248744520155
3286,train,10000,7767.602754583231,2232.397245416769
2959,train,15000,9729.64935664972,5270.350643350281
3304,train,15000,11834.57067249108,3165.4293275089203
120,train,6300,5883.02869548377,416.9713045162298
759,train,14000,20358.283482676135,-6358.2834826761355
3969,train,24000,24889.329432824183,-889.3294328241827
3773,train,7500,7486.8765564620535,13.123443537946514
2056,train,22500,16973.043807985752,5526.956192014248
2620,train,14000,10784.303953805946,3215.6960461940544
131,train,6000,5816.974885798246,183.02511420175415
2300,train,12000,8243.187045801425,3756.8129541985745
1096,train,110000,157448.0331028634,-47448.03310286341
2169,train,18000,17857.47188963403,142.52811036596904
4531,train,20000,9627.492814607602,10372.507185392398
4012,train,130000,44075.41333274331,85924.58666725669
743,train,25000,18145.441058217653,6854.558941782347
3916,train,9000,6583.51143930331,2416.48856069669
3527,train,12000,19056.544592573573,-7056.544592573573
680,train,30000,27037.719533077776,2962.280466922224
4398,train,8000,12413.462120230515,-4413.462120230515
4033,train,8500,8261.899940350955,238.10005964904485
2490,train,45000,22535.948006501945,22464.051993498055
2375,train,8000,7543.945995958256,456.0540040417436
2889,train,10000,14423.602473297167,-4423.602473297167
2328,train,25000,21778.250979367374,3221.7490206326256
797,train,200000,158672.3646278411,41327.6353721589
4337,train,10000,11467.8353339926,-1467.8353339925998
2800,train,12000,17879.38559431252,-5879.38559431252
4478,train,9000,12851.564163749665,-3851.5641637496647
467,train,7500,8867.562872516655,-1367.5628725166553
1169,train,65000,98062.15908471776,-33062.15908471776
2616,train,14000,7599.541522877793,6400.458477122207
2624,train,8000,27610.617739625617,-19610.617739625617
3826,train,15000,15600.134080496075,-600.1340804960746
4500,train,30000,34073.67531528345,-4073.67531528345
1883,train,7500,8394.823604093037,-894.8236040930369
208,train,18000,15911.155171094824,2088.8448289051757
281,train,6500,6156.169609930724,343.8303900692763
492,train,20000,11114.415735245726,8885.584264754274
4704,train,35000,19452.692878560883,15547.307121439117
2828,train,15000,21752.8264714501,-6752.826471450098
3373,train,35000,29816.458342888793,5183.541657111207
3106,train,15000,13652.941681537626,1347.0583184623738
2350,train,8000,8346.53282929916,-346.53282929915986
1110,train,180000,164958.38727743053,15041.612722569465
1182,train,55000,51233.12482456529,3766.8751754347104
1603,train,12000,10499.851555208868,1500.1484447911316
2251,train,18500,14590.26100018274,3909.7389998172603
4714,train,17000,15378.20712069061,1621.7928793093906
1441,train,65000,108839.76399627331,-43839.76399627331
2817,train,30000,28007.54989317137,1992.45010682863
512,train,11000,11209.68933107075,-209.68933107074918
1076,train,45000,44574.954490034266,425.0455099657338
1889,train,13000,15925.581774182212,-2925.581774182212
3955,train,12500,12175.122183888041,324.87781611195896
2689,train,30000,22329.557008136737,7670.442991863263
507,train,5000,6183.984238437409,-1183.9842384374087
1813,train,60000,53650.980619318376,6349.019380681624
2523,train,15000,16640.270371054114,-1640.2703710541136
3237,train,4500,4568.288284138002,-68.28828413800238
1605,train,36000,40182.39086174728,-4182.390861747277
2032,train,9000,11304.276879613188,-2304.2768796131877
3175,train,18000,14746.166987140881,3253.8330128591188
1306,train,140000,216191.8243438592,-76191.82434385919
3941,train,28000,27100.27008428445,899.7299157155503
2386,train,3500,7787.123320329899,-4287.123320329899
4533,train,14000,11378.93731462584,2621.0626853741596
497,train,10000,9817.597757614429,182.4022423855713
3485,train,8000,7537.237108961104,462.76289103889576
3378,train,7500,5552.384271802208,1947.6157281977921
3438,train,12500,11572.593947262467,927.4060527375332
3540,train,72000,45659.751288586944,26340.248711413056
249,train,6000,7788.192478854186,-1788.1924788541864
954,train,40000,34063.239610351855,5936.760389648145
1649,train,22000,17314.65515451749,4685.344845482508
1415,train,25000,24696.24318845267,303.75681154732956
4254,train,15000,11666.68222462931,3333.3177753706896
45,train,10000,12468.78909907988,-2468.7890990798805
1132,train,75000,87228.17335437557,-12228.173354375569
3209,train,14000,10594.059785093128,3405.940214906872
3493,train,60000,45734.73844992834,14265.261550071657
3484,train,25000,22577.944909288624,2422.0550907113757
2392,train,11000,11274.108501363093,-274.1085013630927
94,train,20000,11149.430589090074,8850.569410909926
3897,train,11000,8927.08863830647,2072.91136169353
4324,train,52000,62971.55147994468,-10971.551479944683
1387,train,210000,235197.2921323977,-25197.292132397706
1700,train,6000,6350.671371892353,-350.6713718923529
4473,train,8000,11113.975932350731,-3113.9759323507315
4413,train,10000,14477.568230962248,-4477.568230962248
3787,train,80000,83324.54315141826,-3324.5431514182565
2400,train,16000,12878.868291768635,3121.1317082313653
3007,train,12000,11563.085237899166,436.9147621008342
3641,train,11000,13651.168922771594,-2651.168922771594
3659,train,18000,17002.36776456397,997.6322354360309
1816,train,11000,10575.452979516573,424.54702048342733
626,train,180000,268175.1507881383,-88175.15078813827
3588,train,18000,9270.409511951611,8729.590488048389
548,train,8000,30820.355593127275,-22820.355593127275
4586,train,37000,37525.2890775637,-525.2890775636988
1443,train,55000,47203.50875331981,7796.491246680191
2807,train,15000,16779.92573690122,-1779.9257369012194
4167,train,85000,63187.456888918015,21812.543111081985
73,train,6500,8833.422088306364,-2333.4220883063645
2498,train,25000,12875.926156257241,12124.073843742759
2679,train,35000,25581.546213040154,9418.453786959846
980,train,40000,64938.75538431699,-24938.755384316988
1532,train,50000,35169.411830322395,14830.588169677605
2128,train,13000,15760.215743122553,-2760.2157431225532
971,train,130000,132931.91093682073,-2931.9109368207282
4013,train,27000,27047.88598339945,-47.8859833994502
195,train,6000,8850.583981474627,-2850.583981474627
260,train,25000,41715.92843048047,-16715.928430480468
1224,train,60000,45893.01981484861,14106.980185151391
162,train,3500,3328.627389923625,171.37261007637517
651,train,17500,21175.030565444984,-3675.030565444984
3584,train,22000,18425.670822948323,3574.329177051677
3900,train,23382,23085.089094517967,296.91090548203283
3998,train,18000,18215.455848601716,-215.45584860171584
4390,train,20000,15479.865745430321,4520.134254569679
2935,train,14000,26484.85030649511,-12484.850306495111
686,train,160000,127290.62345286101,32709.376547138992
1668,train,15000,20440.575407417015,-5440.5754074170145
2666,train,8500,11993.75080510453,-3493.7508051045297
3490,train,8500,11528.101627472251,-3028.1016274722515
3032,train,150000,64377.13741731833,85622.86258268167
4047,train,45000,42539.23184490368,2460.768155096317
1342,train,18000,14678.130872780755,3321.8691272192445
1348,train,140000,57979.106362908795,82020.89363709121
902,train,8000,27107.38673730635,-19107.38673730635
3314,train,22000,15126.988317944308,6873.011682055692
913,train,21000,26110.09707628605,-5110.097076286049
2574,train,45000,28238.04021618846,16761.95978381154
1293,train,33000,31465.835672468987,1534.1643275310125
4228,train,16000,11676.563106659658,4323.436893340342
153,train,20000,16363.27463791768,3636.7253620823194
2974,train,9000,9128.387501381316,-128.38750138131581
4656,train,20000,11107.8363178378,8892.1636821622
586,train,38000,37465.24638345482,534.753616545182
3492,train,11000,11392.48783495432,-392.4878349543196
1207,train,40000,27325.928711364435,12674.071288635565
1450,train,14000,19541.879650761068,-5541.879650761068
3639,train,10000,12780.422366567826,-2780.4223665678255
4578,train,15000,18579.846048528965,-3579.846048528965
3344,train,8500,8216.425829422142,283.57417057785824
3847,train,40000,77758.71730360773,-37758.71730360773
4024,train,15000,14437.224185034893,562.7758149651072
3671,train,11000,10485.950189038276,514.0498109617238
3226,train,38000,32170.29788898299,5829.70211101701
829,train,75000,46132.73547421501,28867.264525784987
1133,train,45000,94891.03080075658,-49891.030800756576
2737,train,13000,9917.28031050893,3082.7196894910703
4115,train,18000,12834.952457711992,5165.047542288008
3548,train,8500,11290.797522921152,-2790.7975229211515
997,train,39000,38820.838652043414,179.16134795658581
276,train,5000,7456.611561038631,-2456.6115610386314
601,train,70000,84309.15630313252,-14309.15630313252
3203,train,80000,57713.05145831711,22286.94854168289
2360,train,6000,8912.857065371452,-2912.8570653714523
3912,train,25000,17931.82009195072,7068.179908049278
2293,train,9000,6132.58298028514,2867.4170197148596
1745,train,5500,8392.598402207144,-2892.5984022071443
11,train,5000,6339.851004230682,-1339.8510042306816
3476,train,13000,8187.290471151073,4812.709528848927
1420,train,75000,55160.636091540684,19839.363908459316
554,train,23000,30038.667759798544,-7038.667759798544
1268,train,43000,53889.07321034774,-10889.073210347742
4671,train,18000,20390.483477105354,-2390.483477105354
1643,train,20000,19548.95638763252,451.0436123674808
4327,train,7000,13337.388604522861,-6337.388604522861
2515,train,85000,35949.20184315008,49050.79815684992
2941,train,10000,8233.07256894609,1766.9274310539095
948,train,45000,50981.8361781301,-5981.836178130099
3379,train,12500,9740.133393656906,2759.8666063430937
1480,train,680000,405952.777905197,274047.222094803
3464,train,22000,28294.537205235483,-6294.537205235483
2125,train,20000,16956.80253196915,3043.1974680308485
2285,train,24000,17718.493806828414,6281.506193171586
1315,train,40000,49401.54427421457,-9401.544274214568
983,train,110000,126036.46909581503,-16036.469095815031
3387,train,15000,15121.263267320888,-121.26326732088819
2814,train,70000,37482.869578274884,32517.130421725116
2780,train,33000,20539.090562160123,12460.909437839877
2771,train,9000,12042.511116282321,-3042.5111162823214
2017,train,15000,6661.877867181334,8338.122132818666
2152,train,75000,48452.66806953832,26547.33193046168
3109,train,75000,58666.07868014841,16333.921319851594
3363,train,12000,12260.969245566648,-260.96924556664817
1366,train,90000,99404.55549292374,-9404.55549292374
414,train,8500,7488.6446724050875,1011.3553275949125
2658,train,29000,44476.700047617654,-15476.700047617654
2137,train,13000,16548.705635712562,-3548.705635712562
1033,train,400000,214863.63347284903,185136.36652715097
2549,train,10000,18591.806908077007,-8591.806908077007
950,train,160000,127279.29657281458,32720.70342718542
4004,train,9000,6901.146821450162,2098.853178549838
4113,train,9000,12341.199042075308,-3341.199042075308
1208,train,52000,44273.0345516313,7726.965448368697
1014,train,44000,62035.490597985365,-18035.490597985365
4080,train,18000,20548.44844468484,-2548.44844468484
2398,train,350000,51852.045980187024,298147.954019813
2420,train,13000,10873.487976916333,2126.5120230836674
4231,train,10000,10036.42073643136,-36.42073643136064
113,train,12000,12662.144131831272,-662.1441318312718
2500,train,22000,22820.21058197308,-820.2105819730787
2489,train,8000,13022.888333562456,-5022.888333562456
809,train,55000,54619.144077103534,380.8559228964659
1447,train,170000,218925.75211285675,-48925.752112856746
835,train,40000,31858.83744189919,8141.162558100808
3232,train,7000,5451.768712051025,1548.2312879489746
3596,train,9800,14081.74428140742,-4281.74428140742
4083,train,14000,12845.479453827658,1154.5205461723417
3160,train,12000,10395.660141225078,1604.3398587749216
27,train,6000,10860.048250724745,-4860.048250724745
4109,train,6500,8386.151207266443,-1886.1512072664427
3709,train,20000,30582.398840513626,-10582.398840513626
1949,train,22000,10736.665656790694,11263.334343209306
4039,train,17000,13554.78442381986,3445.2155761801405
3719,train,12000,13362.858852909854,-1362.8588529098542
2221,train,18000,15525.112086013867,2474.887913986133
1719,train,7000,6217.281777088809,782.7182229111913
3381,train,16000,14002.937817775526,1997.0621822244739
1971,train,10000,9883.463954543688,116.53604545631242
2306,train,8000,8872.25381272983,-872.2538127298303
2110,train,8500,16659.883737843564,-8159.883737843564
3297,train,29000,31392.057212375283,-2392.0572123752827
4051,train,15000,12463.738850922793,2536.261149077207
2681,train,30000,51112.91777694039,-21112.91777694039
3019,train,8000,9512.425603927863,-1512.4256039278625
2189,train,28000,37389.47450480594,-9389.474504805941
3767,train,6000,7339.168969190496,-1339.1689691904958
294,train,10000,11549.788461106145,-1549.7884611061454
115,train,14000,10878.788648738868,3121.211351261132
4016,train,10000,11216.092858521273,-1216.0928585212732
2447,train,5500,7015.312391834732,-1515.312391834732
2037,train,10000,5607.560290465387,4392.439709534613
3930,train,20000,21110.52722730889,-1110.5272273088885
4362,train,13000,12863.052762601417,136.94723739858273
3799,train,15000,14312.351236557166,687.648763442834
1029,train,180000,161184.02703370075,18815.972966299247
88,train,6500,7691.685585899,-1191.6855858990002
900,train,180000,147574.21524069278,32425.784759307222
1309,train,85000,54907.21280912215,30092.787190877847
4065,train,8000,14473.545410385548,-6473.545410385548
2147,train,39000,48113.151340861776,-9113.151340861776
3509,train,110000,36246.16068453716,73753.83931546284
1371,train,49000,51555.52540647989,-2555.5254064798864
552,train,14000,18241.730117229363,-4241.730117229363
1692,train,10000,8514.573580589862,1485.426419410138
989,train,150000,141231.52115285187,8768.47884714813
3361,train,16000,21620.096148281937,-5620.096148281937
646,train,80000,36467.8803565229,43532.1196434771
2243,train,4700,6141.332767173008,-1441.3327671730076
2058,train,12000,15265.988018155515,-3265.9880181555145
1591,train,8000,7776.919008369296,223.08099163070437
3728,train,10000,11761.81658329509,-1761.8165832950908
4171,train,10000,13995.82110370899,-3995.8211037089895
2591,train,30000,25565.47254853462,4434.527451465379
4621,train,11500,12636.454378539218,-1136.454378539218
739,train,65000,65357.16617797721,-357.1661779772112
4169,train,14000,12422.407718326276,1577.5922816737238
3806,train,5000,7306.121998113747,-2306.1219981137474
1108,train,24000,29187.450532950283,-5187.450532950283
2849,train,25000,15558.6514609594,9441.3485390406
4660,train,140000,134231.39075014475,5768.609249855246
726,train,150000,133444.95296762453,16555.04703237547
2070,train,8000,9950.551634682493,-1950.5516346824934
2543,train,6000,10678.376124793996,-4678.3761247939965
4238,train,8500,15903.464959109171,-7403.464959109171
4249,train,12000,8486.026080131165,3513.973919868835
3469,train,9000,13326.784775980936,-4326.784775980936
2851,train,14000,11168.891972064624,2831.1080279353755
2151,train,17500,24511.445240933575,-7011.445240933575
2395,train,11000,22579.289977639233,-11579.289977639233
2547,train,45000,31545.45733376059,13454.54266623941
1640,train,15000,17036.885257657676,-2036.8852576576755
3770,train,16000,20465.23534669132,-4465.235346691319
4212,train,12500,11597.370248125015,902.6297518749852
3935,train,18000,15045.441531083383,2954.558468916617
400,train,6000,8492.022996147401,-2492.0229961474015
59,train,8500,12647.79989458108,-4147.79989458108
563,train,40000,54160.07569704655,-14160.075697046552
3890,train,10500,9334.002047211254,1165.9979527887463
775,train,36000,42840.05651587418,-6840.056515874181
1737,train,6000,7024.657808616504,-1024.6578086165036
4359,train,95000,62138.26174364873,32861.73825635127
1454,train,55000,48155.36430689486,6844.635693105141
2785,train,23000,15465.36720182483,7534.632798175169
2980,train,90000,54361.26941342187,35638.73058657813
1652,train,15000,14470.245555614958,529.754444385042
4576,train,15000,13425.240966393487,1574.7590336065132
2779,train,20000,29334.861675038166,-9334.861675038166
3425,train,14000,13506.101460663875,493.8985393361254
4674,train,19000,14274.184980605889,4725.815019394111
2898,train,11000,11140.448109925435,-140.44810992543535
2604,train,21000,34944.95493535801,-13944.954935358008
523,train,25000,14191.597503278641,10808.402496721359
3409,train,20000,16171.734808572332,3828.2651914276685
2141,train,15000,19799.772153641024,-4799.7721536410245
4720,train,13000,12447.92075712761,552.0792428723908
1086,train,200000,90613.0531291071,109386.9468708929
286,train,12000,8223.571405730027,3776.4285942699735
1992,train,8500,16562.997098055956,-8062.997098055956
1841,train,12000,12926.270984227955,-926.2709842279546
2282,train,6500,7102.578164698647,-602.578164698647
1416,train,75000,90291.974917432,-15291.974917432002
1452,train,7000,16847.338103778427,-9847.338103778427
4055,train,25000,17027.520953987536,7972.479046012464
2766,train,10000,10344.834724828868,-344.8347248288683
967,train,32000,38735.65544556884,-6735.655445568838
4135,train,14000,20547.339506831086,-6547.339506831086
2975,train,9000,14747.645452567473,-5747.645452567473
2683,train,13000,16218.012202803035,-3218.0122028030346
3347,train,7000,6317.1850082079445,682.8149917920555
650,train,250000,386128.24944362167,-136128.24944362167
1650,train,6000,5201.518613263634,798.4813867363664
4727,train,15000,19883.279100391213,-4883.279100391213
3669,train,13500,7685.935437172932,5814.064562827068
5,train,7000,7083.837756934075,-83.8377569340746
2294,train,7500,16392.19287818943,-8892.192878189431
4438,train,7000,9757.74127392254,-2757.74127392254
58,train,7000,8698.288487389855,-1698.2884873898547
2649,train,7000,10851.611184620484,-3851.611184620484
754,train,29999,30197.28975206949,-198.28975206948962
3522,train,15000,8580.485854091936,6419.514145908064
4310,train,9000,7898.066780297994,1101.9332197020058
2101,train,18000,19007.731194482858,-1007.731194482858
3321,train,20000,33025.3605601538,-13025.3605601538
1406,train,45000,61749.60053035399,-16749.600530353993
2511,train,45000,29963.028946501876,15036.971053498124
26,train,5300,6967.767880677821,-1667.7678806778213
4043,train,12000,10796.784435151185,1203.2155648488151
4026,train,20000,12534.41882215369,7465.58117784631
1843,train,15000,16755.052216656033,-1755.0522166560331
315,train,8000,13528.917633964833,-5528.917633964833
3489,train,15000,13800.009669942276,1199.9903300577243
660,train,47000,53812.03651748147,-6812.036517481472
2593,train,19500,12788.04123508977,6711.9587649102305
325,train,14000,11567.734552298227,2432.265447701773
4481,train,15000,17189.997163539683,-2189.9971635396832
1394,train,12000,11058.603065815745,941.3969341842549
1233,train,55000,62656.49652504301,-7656.4965250430105
4651,train,22000,35457.671707454036,-13457.671707454036
2710,train,16500,13105.873331058236,3394.1266689417644
1189,train,12500,18453.640443868862,-5953.640443868862
678,train,32000,22340.51029106359,9659.48970893641
536,train,49000,22667.302520198467,26332.697479801533
2829,train,20000,17724.281245704296,2275.7187542957035
2914,train,150000,109889.8559693052,40110.144030694806
2336,train,120000,38589.914942480755,81410.08505751925
1002,train,190000,168889.6060235303,21110.3939764697
2578,train,12000,14872.121005253346,-2872.121005253346
2854,train,10000,9523.555950577898,476.44404942210167
4573,train,6500,10736.967790296561,-4236.967790296561
4244,train,6000,11509.850323266728,-5509.850323266728
2067,train,30000,54739.98815259717,-24739.988152597172
2225,train,110000,54557.747203777995,55442.252796222005
49,train,15000,14359.353319985947,640.6466800140533
2540,train,15000,13115.045244267185,1884.954755732815
3994,train,9000,7755.323492490248,1244.676507509752
3510,train,8500,4912.956579822517,3587.0434201774833
2983,train,15000,17315.108038904193,-2315.1080389041927
1421,train,350000,85599.13138272843,264400.86861727154
4399,train,55000,22059.004664915945,32940.99533508405
460,train,12500,11088.62388247277,1411.3761175272302
2759,train,15000,10878.595590956766,4121.404409043234
3120,train,8500,27092.35864677527,-18592.35864677527
2481,train,150000,75230.20614446259,74769.79385553741
3915,train,6500,6920.48444416394,-420.48444416393977
2199,train,19500,15151.241383710965,4348.758616289035
4112,train,12000,12937.733256035184,-937.7332560351842
3042,train,30000,31467.658649268782,-1467.658649268782
3327,train,13000,14834.101139189692,-1834.1011391896918
3292,train,14000,12054.60787836713,1945.3921216328708
3182,train,20000,15167.574257430691,4832.425742569309
1869,train,15000,21415.164113750016,-6415.1641137500155
3368,train,10000,11588.53835467,-1588.5383546699995
2469,train,45000,14523.826144089518,30476.17385591048
119,train,14000,15037.620346776024,-1037.6203467760242
3730,train,19397,21366.0400115457,-1969.0400115457014
367,train,21000,16215.41797466315,4784.582025336849
1986,train,17000,8168.9215978643415,8831.07840213566
1912,train,9300,9560.501637069605,-260.50163706960484
3651,train,8000,9298.894662942486,-1298.8946629424863
2099,train,8000,9255.342348082942,-1255.3423480829424
116,train,5000,3539.974584052794,1460.025415947206
3958,train,50000,42196.44821015647,7803.551789843528
3111,train,6500,7186.252387894948,-686.2523878949478
3521,train,30000,30598.40325596915,-598.4032559691514
3865,train,10677,13144.494041577535,-2467.4940415775345
4626,train,45000,42313.634752526676,2686.3652474733244
649,train,18000,25818.71810774811,-7818.718107748111
1519,train,54000,44607.567673768084,9392.432326231916
3697,train,12000,17435.25698896046,-5435.25698896046
1081,train,300000,217764.26834274264,82235.73165725736
2211,train,12000,16843.626235545642,-4843.626235545642
3372,train,16500,29842.978837332295,-13342.978837332295
1391,train,27000,42345.64407595957,-15345.644075959572
1811,train,23000,15982.834756281083,7017.165243718917
2063,train,12500,8116.136790716343,4383.863209283657
3467,train,10000,22218.081371810244,-12218.081371810244
4198,train,15000,13455.976613180115,1544.0233868198848
2156,train,12000,16736.567380025936,-4736.567380025936
3570,train,15000,21011.692875087883,-6011.692875087883
1654,train,10000,13638.104770388269,-3638.1047703882687
4056,train,36000,22192.861048496063,13807.138951503937
615,train,60000,39925.172443475174,20074.827556524826
4314,train,19500,16092.144201341454,3407.8557986585456
4687,train,30000,80908.3179265998,-50908.317926599804
3946,train,12500,14372.333946656368,-1872.3339466563684
3043,train,10000,11907.320140995731,-1907.320140995731
509,train,6000,7778.320201472801,-1778.3202014728013
4424,train,35000,24157.712593167977,10842.287406832023
3173,train,10000,13020.572023764182,-3020.5720237641817
1357,train,75000,118272.09279428846,-43272.09279428846
947,train,40000,49946.53454625307,-9946.534546253068
912,train,100000,28438.554102219707,71561.4458977803
532,train,130000,207446.5630746689,-77446.5630746689
3342,train,18999,18248.43156768629,750.5684323137102
3055,train,6000,8840.06989480381,-2840.06989480381
1688,train,22000,21913.239928689312,86.76007131068764
3034,train,15000,13022.274977004552,1977.725022995448
2947,train,12000,13352.672339160794,-1352.6723391607939
447,train,12000,14754.57812243539,-2754.5781224353905
3542,train,17000,16183.481480287901,816.5185197120991
3918,train,12500,18111.095977583103,-5611.095977583103
2611,train,20500,32872.475408867474,-12372.475408867474
624,train,150000,204555.13161951033,-54555.13161951033
87,train,22000,17450.43857657944,4549.5614234205605
1612,train,13500,13019.12095962992,480.8790403700805
1906,train,160000,101309.24039039771,58690.75960960229
3700,train,160000,54282.40506104667,105717.59493895332
2691,train,14500,16075.415920144134,-1575.4159201441344
2424,train,27000,26008.328549323258,991.6714506767421
789,train,180000,135709.91133928613,44290.08866071387
2932,train,10000,12402.661596295344,-2402.6615962953438
1536,train,15000,12850.058265642703,2149.941734357297
4152,train,120000,60061.325729636024,59938.674270363976
1050,train,30000,36727.321636501256,-6727.321636501256
4698,train,25000,12744.141844468786,12255.858155531214
4464,train,6500,8537.230463574819,-2037.2304635748187
2337,train,7000,7791.114539129197,-791.1145391291966
864,train,18000,24706.00076907913,-6706.000769079132
2000,train,32000,11123.050752872974,20876.949247127028
2784,train,10000,18655.95901347142,-8655.95901347142
4162,train,7000,9400.162702391215,-2400.162702391215
382,train,6500,8568.292228415674,-2068.292228415674
2086,train,17500,12778.182814932245,4721.817185067755
1712,train,14000,14664.683630394757,-664.6836303947566
68,train,6500,9442.825442482934,-2942.825442482934
1863,train,20000,22574.5268974476,-2574.5268974475985
2159,train,12000,13928.371899228958,-1928.3718992289578
1601,train,55000,47011.25259629484,7988.747403705158
4040,train,9000,11243.484423770567,-2243.4844237705674
926,train,77500,68660.32099874756,8839.679001252443
4272,train,45000,47140.70695061117,-2140.706950611173
602,train,150000,125354.73607248854,24645.263927511463
77,train,5000,7111.502693440194,-2111.502693440194
2315,train,7000,7145.3381386860765,-145.3381386860765
478,train,18000,15305.873514360277,2694.126485639723
3266,train,35000,28313.404795652597,6686.595204347403
2188,train,12500,12556.51950581439,-56.51950581439087
4708,train,20000,20280.12181793014,-280.1218179301395
4711,train,17000,14092.177294338262,2907.822705661738
1785,train,9000,10614.456317813148,-1614.4563178131484
371,train,7000,11110.693492725683,-4110.6934927256825
1392,train,26000,18505.654002291296,7494.345997708704
1316,train,650000,570920.4483442747,79079.55165572534
3242,train,15000,19986.370480706042,-4986.370480706042
1695,train,56000,48313.98996276125,7686.010037238753
2399,train,16000,13271.5627229425,2728.437277057499
895,train,45000,41353.70565516963,3646.2943448303704
1827,train,10000,12676.211546440998,-2676.211546440998
4015,train,13000,11655.8442843729,1344.1557156270992
1749,train,15000,17544.30686488972,-2544.3068648897206
2309,train,12500,9968.221144216452,2531.7788557835484
1799,train,6500,7659.98533786236,-1159.9853378623602
3239,train,10000,7671.983463249902,2328.0165367500977
2123,train,25000,19710.856727189406,5289.143272810594
1217,train,58000,64047.44083733474,-6047.44083733474
283,train,10000,8395.747319383014,1604.2526806169863
133,train,4700,5001.129951324846,-301.12995132484593
1855,train,8000,8009.94484389808,-9.944843898079853
3959,train,40000,36234.6403116303,3765.359688369703
908,train,32000,41273.92871668289,-9273.928716682887
2826,train,20000,18571.27873751027,1428.7212624897293
731,train,40000,31547.205255295557,8452.794744704443
3224,train,12000,14044.461932376471,-2044.461932376471
3606,train,12000,9032.95600625365,2967.0439937463507
1969,train,18000,17972.821395731353,27.178604268647177
3434,train,20000,18927.15342495051,1072.8465750494906
3450,train,5000,7497.420361456593,-2497.420361456593
4665,train,14000,11039.146891361197,2960.853108638803
2036,train,12000,7672.998710971727,4327.001289028273
4350,train,26000,17709.807559290548,8290.192440709452
4068,train,8000,9076.481866645914,-1076.4818666459141
888,train,35000,42328.55453184915,-7328.5545318491495
1283,train,21000,23919.3109555647,-2919.310955564699
4636,train,12000,11473.591589103242,526.4084108967581
15,train,40000,21124.321483455686,18875.678516544314
1000,train,25000,19198.512757339304,5801.487242660696
3205,train,23000,20960.346455625953,2039.6535443740468
4099,train,5400,7206.074965242327,-1806.0749652423274
403,train,5000,5621.084957303154,-621.0849573031537
847,train,300000,521914.3731003282,-221914.3731003282
2445,train,23000,11357.124687417154,11642.875312582846
1669,train,11500,8042.343991025236,3457.6560089747636
4445,train,6000,5928.850609803077,71.14939019692338
350,train,5500,8068.264433655022,-2568.264433655022
278,train,6500,5645.361383876282,854.6386161237178
375,train,9900,10033.233059336175,-133.23305933617485
3620,train,45000,31114.000344024633,13885.999655975367
358,train,12000,10098.723467950722,1901.276532049278
644,train,55000,41741.485073542564,13258.514926457436
617,train,84500,93891.67823128364,-9391.678231283644
1655,train,21000,18100.412684022718,2899.587315977282
2961,train,40000,24806.33544500877,15193.664554991228
3090,train,15000,20426.57987268209,-5426.57987268209
2317,train,11000,10822.092348607193,177.90765139280666
3508,train,6800,5642.72083639948,1157.2791636005204
879,train,28000,38210.266451366304,-10210.266451366304
2942,train,35000,25114.97567934176,9885.024320658242
3216,train,7000,7155.335859580937,-155.3358595809368
2731,train,18000,24032.506274162384,-6032.506274162384
4227,train,12000,16568.35404250067,-4568.354042500669
3275,train,23000,29258.606008519815,-6258.606008519815
4440,train,9000,12670.862966229939,-3670.862966229939
3670,train,26000,17881.326177454237,8118.673822545763
2577,train,25000,32717.44309155486,-7717.443091554858
2038,train,25000,21285.0790168465,3714.920983153501
4447,train,21000,12775.09670012771,8224.90329987229
407,train,35000,23672.922126618632,11327.077873381368
3996,train,8000,11959.55828459898,-3959.5582845989793
1730,train,29000,32701.57883433745,-3701.5788343374516
387,train,6000,6723.050160877297,-723.0501608772965
1781,train,20000,24780.19215145487,-4780.19215145487
3702,train,6000,6829.986153103187,-829.9861531031866
4683,train,8000,13361.358782159661,-5361.358782159661
2510,train,11500,12919.281139194733,-1419.2811391947325
1764,train,4500,8211.462757998655,-3711.4627579986554
4419,train,6000,7516.979322306342,-1516.9793223063416
474,train,7000,9096.14321018349,-2096.1432101834907
3339,train,12000,6320.17564044062,5679.82435955938
2235,train,12000,13943.277490922072,-1943.2774909220716
1042,train,14000,13356.383737732607,643.6162622673928
3828,train,70000,57738.48885295816,12261.511147041841
3093,train,15000,16019.131310651268,-1019.131310651268
738,train,55100,61597.14358248332,-6497.143582483317
2412,train,20000,13487.975094087345,6512.0249059126545
3810,train,28000,13997.30114233919,14002.69885766081
273,train,15000,7220.560968236777,7779.439031763223
4693,train,12000,14042.810412822122,-2042.810412822122
4384,train,13000,20173.99776091398,-7173.997760913979
1458,train,27000,23619.17678861474,3380.823211385261
943,train,15000,37829.71369632215,-22829.71369632215
3194,train,16000,14851.106298829009,1148.8937011709913
1664,train,20000,19630.572694646864,369.42730535313603
134,train,14000,8200.908105706694,5799.091894293306
3236,train,7000,5932.997060626524,1067.0029393734758
1171,train,54000,39927.15400808232,14072.845991917682
1818,train,10000,17611.92786132228,-7611.927861322281
413,train,6800,8630.967316716713,-1830.967316716713
1273,train,65000,80900.65172257538,-15900.651722575378
2266,train,15000,13564.916845260226,1435.0831547397738
511,train,5000,7136.249633026481,-2136.249633026481
2966,train,18000,14730.170613306158,3269.829386693842
3171,train,11500,14139.158349235373,-2639.158349235373
569,train,65000,59807.16477593298,5192.835224067021
524,train,70000,83311.43772854187,-13311.437728541874
3646,train,12000,15012.4785338769,-3012.4785338768997
1966,train,10000,9309.984186930329,690.0158130696709
4205,train,7500,12151.245906007309,-4651.245906007309
2981,train,200000,132933.1950790872,67066.80492091281
825,train,55000,84908.7958114174,-29908.795811417396
2595,train,25000,13196.575307937535,11803.424692062465
3992,train,9500,14506.001792777957,-5006.001792777957
2638,train,45000,44305.74474855166,694.2552514483395
3276,train,11000,11307.72776574278,-307.7277657427803
394,train,8500,11256.478188407815,-2756.4781884078147
81,train,8200,6145.068498264811,2054.931501735189
3975,train,10000,9811.220680988881,188.7793190111188
3049,train,15000,13549.237233481123,1450.7627665188775
1615,train,12000,13989.44914435901,-1989.4491443590105
72,train,16000,15017.78001140742,982.2199885925802
2716,train,8000,9937.097473196629,-1937.097473196629
3047,train,30000,27937.622110107444,2062.3778898925557
2087,train,6500,8545.843737080007,-2045.8437370800075
2971,train,12000,19336.908688124568,-7336.908688124568
3170,train,25000,27636.423414924124,-2636.423414924124
3878,train,13000,13242.880883937018,-242.88088393701764
1089,train,6000,10146.666230720912,-4146.666230720912
29,train,12500,11143.37895773156,1356.6210422684399
3114,train,15000,11085.146064503375,3914.853935496625
3300,train,8200,11457.630020055625,-3257.630020055625
339,train,7500,6728.452253667401,771.5477463325988
3421,train,6000,8712.403041959093,-2712.4030419590927
1125,train,14000,20644.664911790314,-6644.664911790314
2072,train,8000,8091.7761840426665,-91.7761840426665
3616,train,17500,19521.5972152124,-2021.5972152124014
1748,train,8500,6530.3266517502925,1969.6733482497075
550,train,20000,41966.85658379598,-21966.856583795983
3287,train,7000,13392.091022366538,-6392.091022366538
2205,train,280000,68276.17029402438,211723.8297059756
785,train,85000,46985.216589088894,38014.783410911106
2124,train,14000,13886.412292745032,113.58770725496834
84,train,6700,11845.444464255479,-5145.444464255479
2504,train,15000,24808.715426206985,-9808.715426206985
1633,train,20000,14683.45348857238,5316.546511427619
3073,train,75000,42087.71719040976,32912.28280959024
2743,train,530000,166682.61503469414,363317.38496530586
2761,train,50000,39379.71146484231,10620.288535157692
2181,train,9500,12116.342243110288,-2616.342243110288
2973,train,31000,20191.06361686704,10808.936383132961
2455,train,5000,8657.949774957036,-3657.9497749570364
1163,train,40000,38787.16592193983,1212.834078060172
2289,train,4000,4882.6649291983895,-882.6649291983895
4253,train,11000,10021.198587568198,978.8014124318015
3515,train,17000,20287.662049182945,-3287.6620491829453
4114,train,60000,50915.38152460845,9084.618475391551
1540,train,12000,12162.460560951831,-162.4605609518312
3513,train,10000,13052.499771414858,-3052.4997714148576
4692,train,7500,11262.44957023635,-3762.4495702363492
1470,train,80000,73518.43328129602,6481.56671870398
2068,train,25000,21961.98641246527,3038.0135875347296
3432,train,10500,12150.828316831456,-1650.8283168314556
679,train,150000,153523.9907602328,-3523.9907602327876
2633,train,22000,15339.722956031108,6660.277043968892
2915,train,13000,20820.103821948698,-7820.103821948698
543,train,21000,28342.540429102708,-7342.540429102708
1793,train,30000,41615.98871633404,-11615.988716334039
2402,train,8000,12939.454217118284,-4939.454217118284
940,train,36000,38813.41952491983,-2813.419524919831
352,train,7000,7081.714446218409,-81.71444621840874
1023,train,45000,47762.70208692235,-2762.702086922349
786,train,75000,60565.37928564757,14434.62071435243
1964,train,6500,5316.072170556444,1183.9278294435562
3051,train,20000,13521.49570770574,6478.504292294259
2647,train,5500,11404.52404498633,-5904.52404498633
3520,train,8000,8275.813571499742,-275.81357149974247
2866,train,8000,12135.855265504817,-4135.855265504817
4136,train,25000,23586.96415949889,1413.0358405011102
1031,train,20000,20621.17462773085,-621.1746277308484
2472,train,9000,16208.685394840868,-7208.685394840868
284,train,1500,4086.1733580100836,-2586.1733580100836
3721,train,16000,23059.515087687414,-7059.515087687414
4554,train,7500,10732.085862503092,-3232.0858625030924
1667,train,14500,15170.042846248232,-670.0428462482323
2627,train,25000,17927.55041406389,7072.449585936109
2880,train,7000,7385.733074953025,-385.7330749530247
2076,train,6000,10008.141629580228,-4008.1416295802283
4052,train,5500,5499.9999999999645,3.54702933691442e-11
4048,train,20000,21179.36239124316,-1179.3623912431613
3656,train,16000,18194.791321500852,-2194.791321500852
2260,train,100000,47017.02821200734,52982.97178799266
1945,train,30000,20662.10469543107,9337.89530456893
1486,train,45000,53682.96116648465,-8682.961166484652
308,train,13000,14631.105336722814,-1631.1053367228142
1150,train,65000,87717.28400240703,-22717.284002407032
762,train,53500,42425.06504365459,11074.934956345409
1638,train,30000,36275.77166649721,-6275.77166649721
599,train,120000,140293.41438575092,-20293.41438575092
3005,train,20000,14689.596229752093,5310.403770247907
253,train,12000,19973.284898608705,-7973.284898608705
143,train,8000,12474.521223908125,-4474.521223908125
1738,train,16000,18602.29937158358,-2602.29937158358
2341,train,11000,12138.146128919958,-1138.1461289199578
4219,train,9000,8420.764374307933,579.2356256920666
4486,train,12000,12402.075788166043,-402.0757881660429
3129,train,8500,11397.3181598948,-2897.3181598947995
3388,train,7500,15353.768944223339,-7853.768944223339
1122,train,40000,36720.048696096215,3279.9513039037847
4370,train,30000,27089.934948040445,2910.0650519595547
51,train,7500,4358.243157737338,3141.756842262662
1770,train,10000,16010.702267482817,-6010.702267482817
3554,train,16000,11832.104517118354,4167.895482881646
2564,train,14500,23771.00301485141,-9271.003014851409
3253,train,12000,11889.003760496214,110.99623950378555
2319,train,60000,51064.01256337844,8935.987436621559
2254,train,17600,17128.480545066024,471.5194549339758
2910,train,13000,13413.163673393496,-413.1636733934956
2929,train,42000,41208.853205768435,791.1467942315649
4378,train,12000,14611.653039320965,-2611.653039320965
4351,train,8000,8302.357253644392,-302.3572536443917
845,train,28000,53299.159939909616,-25299.159939909616
4130,train,12000,13638.918024381186,-1638.9180243811861
3691,train,5000,6486.682774914656,-1486.682774914656
674,train,32000,35816.18951497611,-3816.1895149761112
1959,train,10000,6307.118748198306,3692.881251801694
2752,train,7000,13331.424158132284,-6331.424158132284
1623,train,6500,7231.12523181917,-731.12523181917
3964,train,16000,23158.987764198624,-7158.987764198624
4701,train,12500,12484.616144449545,15.383855550455337
1629,train,15000,15248.505782900953,-248.5057829009529
3085,train,16000,15015.196183419754,984.8038165802463
2354,train,17000,14263.010672490305,2736.9893275096947
4159,train,17500,18160.93450939959,-660.9345093995908
1621,train,18000,21089.437409034497,-3089.4374090344973
4614,train,9500,10746.792693592444,-1246.7926935924443
1776,train,12000,14603.99290818334,-2603.9929081833398
436,train,7000,10910.491978198708,-3910.4919781987082
3384,train,16000,18341.372176425524,-2341.3721764255242
732,train,180000,106303.96192541414,73696.03807458586
415,train,5000,6401.610160410166,-1401.610160410166
3271,train,13000,12368.990223269837,631.0097767301631
993,train,200000,284093.6110109341,-84093.61101093411
2419,train,16000,22172.094786041922,-6172.094786041922
529,train,160000,34143.74552964415,125856.25447035585
1594,train,4500,8485.499953865463,-3985.499953865463
52,train,5000,7324.260276996324,-2324.260276996324
354,train,10000,9537.373664506678,462.6263354933217
1218,train,130000,87972.59311892428,42027.406881075716
3877,train,7000,4668.988339831962,2331.0116601680384
4282,train,7000,8585.41692619872,-1585.4169261987208
4648,train,15000,12588.831583729585,2411.168416270415
2894,train,23000,21973.772589019638,1026.227410980362
454,train,8500,7762.413496782356,737.5865032176443
2789,train,30000,23630.682612289464,6369.317387710536
995,train,48000,31518.382188753843,16481.617811246157
2764,train,15000,16796.717248039786,-1796.7172480397858
152,train,5000,10564.441179779,-5564.441179779
813,train,45000,45577.10763349154,-577.1076334915415
82,train,15000,11971.37300961125,3028.6269903887496
1662,train,8000,10408.750533440263,-2408.750533440263
2333,train,9000,14011.179969973979,-5011.179969973979
723,train,80000,95387.32917686441,-15387.329176864412
3863,train,15000,11591.091205279676,3408.9087947203243
2832,train,8000,16437.13783974347,-8437.137839743471
695,train,17000,29361.36575511681,-12361.36575511681
2844,train,28000,20933.473860622107,7066.526139377893
3760,train,8000,5258.3406395664315,2741.6593604335685
4375,train,25000,27108.52039721462,-2108.520397214619
2608,train,32000,45180.630793415956,-13180.630793415956
2684,train,11000,12266.681673998724,-1266.6816739987244
1007,train,39000,27589.100607142587,11410.899392857413
4354,train,10000,13101.532052895858,-3101.532052895858
1082,train,80000,42706.59297311984,37293.40702688016
2518,train,32000,19908.7380684699,12091.261931530102
1717,train,5500,8706.576175019401,-3206.5761750194015
4639,train,80000,108904.0665799903,-28904.066579990307
3910,train,5500,5395.062407838631,104.93759216136914
4328,train,16500,19052.62241666533,-2552.62241666533
3804,train,35000,31775.36980945194,3224.6301905480614
1430,train,58000,53902.91203051073,4097.087969489272
3505,train,6500,4989.0575516958515,1510.9424483041485
3364,train,12000,11985.938133835218,14.06186616478226
2209,train,180000,60233.2277093113,119766.7722906887
4411,train,8000,8453.815307387944,-453.8153073879439
2231,train,11000,11802.421036307316,-802.4210363073162
2765,train,30000,15802.92025191124,14197.07974808876
2479,train,25000,28542.160570770393,-3542.160570770393
1404,train,50000,42296.00197177021,7703.998028229791
246,train,10000,16393.90192111161,-6393.90192111161
2711,train,100000,69452.048703554,30547.951296446
3541,train,10000,6348.222397196286,3651.777602803714
1916,train,14000,13269.062632881623,730.9373671183766
2562,train,10000,10217.457016391932,-217.45701639193248
2831,train,40000,21029.822506430868,18970.177493569132
513,train,10000,14382.831953799747,-4382.831953799747
397,train,6000,4424.66496318095,1575.3350368190504
581,train,28000,21769.313967631624,6230.686032368376
3311,train,280000,201243.19692589526,78756.80307410474
2130,train,24000,21440.676514458213,2559.323485541787
3156,train,18000,18623.815234862974,-623.8152348629737
3837,train,12000,18324.716967797147,-6324.716967797147
984,train,150000,178749.1225230161,-28749.122523016093
4193,train,30000,25710.479360080335,4289.520639919665
3598,train,15000,13291.903314659206,1708.0966853407936
3665,train,15000,13995.220880839193,1004.7791191608067
244,train,15000,15857.205336489862,-857.205336489862
327,train,7000,6771.440357243608,228.55964275639235
1569,train,12000,15532.731054018015,-3532.731054018015
4388,train,10000,14436.702201965569,-4436.702201965569
3310,train,14500,13214.125397176073,1285.8746028239275
161,train,10000,8436.549683898971,1563.4503161010289
2198,train,7500,10133.222571009224,-2633.2225710092243
3913,train,23000,11893.62900147044,11106.37099852956
1180,train,25000,26197.103479196398,-1197.1034791963975
4111,train,12000,14155.158786051514,-2155.1587860515137
1350,train,21000,19824.157750916434,1175.8422490835655
4575,train,17500,16128.512023285899,1371.487976714101
1794,train,120000,56971.20924730783,63028.79075269217
2859,train,40000,28039.222907696014,11960.777092303986
3161,train,16000,12635.63795376984,3364.3620462301606
368,train,5000,4471.6544489154785,528.3455510845215
4524,train,7500,12764.186861023227,-5264.186861023227
3686,train,25000,24328.306275910858,671.693724089142
1697,train,25000,17933.16078549454,7066.83921450546
3358,train,4200,6869.680280901111,-2669.6802809011106
4147,train,20000,23283.458048223118,-3283.4580482231177
3579,train,18000,17264.88199932108,735.1180006789218
3472,train,7000,15319.751757592352,-8319.751757592352
4145,train,10500,13707.159947681186,-3207.159947681186
4103,train,14000,13198.196496307677,801.8035036923229
18,train,11000,11296.821645681537,-296.8216456815371
2256,train,8000,10915.26436065289,-2915.264360652891
2561,train,15000,12716.06640104068,2283.93359895932
498,train,10500,13561.749869425594,-3061.7498694255937
199,train,24000,13124.460351838354,10875.539648161646
1339,train,46700,39764.28114320697,6935.718856793028
657,train,160000,146843.94098471574,13156.059015284263
3893,train,14000,19059.13098382299,-5059.13098382299
2907,train,40000,31484.079888476394,8515.920111523606
139,train,15000,13067.9891289476,1932.0108710524
3739,train,13500,14485.706066347351,-985.7060663473512
518,train,5000,5490.8621279166,-490.8621279166
1057,train,45000,38880.38280011925,6119.617199880748
4216,train,45000,42779.990696928195,2220.0093030718053
3797,train,25000,19713.00595218892,5286.99404781108
3648,train,11000,12450.91104230136,-1450.9110423013608
958,train,50000,107080.16208163455,-57080.16208163455
1620,train,11000,9125.796046028812,1874.2039539711877
430,train,5000,6293.894290241685,-1293.8942902416848
734,train,140000,223611.8704552092,-83611.8704552092
1865,train,20000,23105.155565976704,-3105.1555659767037
2664,train,30000,49092.048177402125,-19092.048177402125
3833,train,12000,13115.11408933856,-1115.11408933856
440,train,8000,8635.879372109948,-635.8793721099482
4387,train,9000,11986.228868409977,-2986.2288684099767
2720,train,9000,9134.851331458374,-134.85133145837426
2707,train,70000,77223.64724426321,-7223.6472442632075
4174,train,25000,21533.41126564258,3466.5887343574213
4363,train,12000,13200.094348643703,-1200.0943486437027
974,train,98000,166459.1209408449,-68459.1209408449
3488,train,17000,28895.930780007,-11895.930780006998
3461,train,25000,28537.668937952505,-3537.668937952505
3264,train,14000,13426.139646935839,573.8603530641612
918,train,75000,42749.16614158065,32250.833858419348
3812,train,14000,11826.011596964874,2173.988403035126
2956,train,52000,21757.029082538178,30242.970917461822
2551,train,8000,10671.070599512988,-2671.0705995129883
1541,train,7000,7133.83043338899,-133.83043338899006
3048,train,13000,13415.129979717416,-415.12997971741606
4676,train,10000,11419.705802970886,-1419.705802970886
1191,train,55000,58061.949392232804,-3061.949392232804
402,train,9000,8163.213079290882,836.786920709118
4645,train,5000,5950.369185971157,-950.3691859711571
1646,train,8000,8956.6620845205,-956.6620845204998
4525,train,25000,26033.879360894876,-1033.8793608948763
3605,train,17000,16383.80515864517,616.1948413548307
2485,train,17000,24808.715426206985,-7808.715426206985
4049,train,16000,12422.820867484514,3577.1791325154863
3366,train,15723,20071.20471346816,-4348.20471346816
1514,train,17000,14263.397484134433,2736.6025158655666
1626,train,13000,10052.524593171453,2947.4754068285474
2252,train,4750,5166.865136911405,-416.865136911405
357,train,7000,6736.102353472725,263.89764652727536
4069,train,15000,22812.34214377045,-7812.342143770449
2572,train,200000,47842.96451529048,152157.03548470952
4661,train,65000,44561.23544509605,20438.76455490395
2976,train,27000,27044.791193989455,-44.79119398945477
2136,train,8500,9980.653069750997,-1480.653069750997
177,train,4000,8663.217271043464,-4663.217271043464
1325,train,26000,26227.756669582915,-227.7566695829155
1008,train,190000,162852.20939547845,27147.79060452155
2778,train,25000,20649.8277175959,4350.172282404099
4547,train,7500,6142.855227101577,1357.144772898423
3369,train,3000,5477.650515336549,-2477.650515336549
166,train,8000,12200.897808995209,-4200.897808995209
2030,train,15000,26065.57967841682,-11065.57967841682
3459,train,15000,16336.100592786022,-1336.1005927860224
2034,train,22000,15828.267838163487,6171.732161836513
101,train,35000,38991.085650727146,-3991.0856507271455
882,train,75000,38883.30146543074,36116.69853456926
2573,train,20000,23071.081156877346,-3071.081156877346
2265,train,7500,9233.414593729167,-1733.4145937291669
1239,train,100000,48999.366067308125,51000.633932691875
3816,train,18000,13923.809766548175,4076.1902334518254
4276,train,19000,12558.689969665063,6441.3100303349365
4637,train,14500,13749.449982397884,750.550017602116
1009,train,84000,101830.08013296119,-17830.080132961186
3867,train,32500,34726.372723068525,-2226.3727230685254
3267,train,8000,11197.58663635839,-3197.58663635839
870,train,20000,23186.084644738556,-3186.0846447385557
90,train,18000,17243.320139228188,756.679860771812
2311,train,26000,28889.842218085218,-2889.8422180852176
2049,train,4300,6379.182588721009,-2079.182588721009
3906,train,11000,9881.629716796817,1118.3702832031831
2796,train,10000,20180.296641435467,-10180.296641435467
34,train,22000,11711.687986954466,10288.312013045534
793,train,19000,14231.001265159559,4768.998734840441
780,train,61000,74317.30410079706,-13317.30410079706
3675,train,24000,15616.468630847781,8383.531369152219
2075,train,140000,145197.22539344575,-5197.225393445755
1121,train,57000,148163.24366685675,-91163.24366685675
972,train,25000,28560.134636868526,-3560.1346368685263
3880,train,9500,13759.347861449298,-4259.347861449298
1844,train,35000,37508.707773351154,-2508.707773351154
2288,train,8500,8787.460458498601,-287.46045849860093
3664,train,8500,11593.300854580797,-3093.300854580797
2598,train,12000,12502.712871827154,-502.71287182715423
1405,train,29000,27475.530728587248,1524.4692714127523
4405,train,15000,24678.418498023868,-9678.418498023868
2162,train,9000,8805.88377379833,194.11622620166963
1041,train,75000,64516.20969938488,10483.790300615117
3980,train,300000,51129.6323647234,248870.3676352766
2884,train,9000,18433.732047020025,-9433.732047020025
314,train,7000,8066.7830691571135,-1066.7830691571135
1164,train,45000,45734.00554497996,-734.005544979962
1990,train,16000,15600.672906283447,399.32709371655255
4602,train,13000,14026.719677409423,-1026.7196774094227
1831,train,9000,5661.607948235901,3338.392051764099
54,train,11000,11550.532260473381,-550.532260473381
1272,train,330000,152326.13304155672,177673.86695844328
2196,train,16000,17851.033859379928,-1851.033859379928
2742,train,40000,34886.33562884278,5113.664371157218
1788,train,7000,6573.287221287433,426.71277871256734
3235,train,6500,8344.14191268907,-1844.1419126890705
2476,train,35000,40002.861508758804,-5002.861508758804
3157,train,9500,12176.025552343162,-2676.0255523431624
2566,train,24000,23132.84666980912,867.1533301908785
3279,train,100000,84466.6130546681,15533.386945331906
3731,train,12000,13631.903670320435,-1631.9036703204347
3986,train,10000,12380.04622671798,-2380.046226717979
1696,train,43000,44494.113865904576,-1494.1138659045755
1464,train,25000,21278.124248504333,3721.875751495667
1203,train,27000,30606.25581044507,-3606.255810445069
2634,train,4500,9441.703287721866,-4941.703287721866
3262,train,5250,5318.304126885675,-68.30412688567503
2822,train,6500,11852.426023238078,-5352.426023238078
2891,train,55000,47928.09314530101,7071.906854698987
1533,train,7000,8036.032399986752,-1036.0323999867524
3822,train,11500,8972.951142655105,2527.0488573448947
1926,train,20000,20466.764421255706,-466.7644212557061
1753,train,20000,27164.176969545795,-7164.176969545795
3525,train,40000,25475.311125368153,14524.688874631847
1498,train,61500,79028.02144793626,-17528.021447936262
1807,train,15000,12851.997158687795,2148.0028413122054
3989,train,9000,11202.754406556589,-2202.754406556589
3050,train,12000,13713.258794827861,-1713.2587948278615
3283,train,18000,16044.739998440647,1955.2600015593525
2991,train,25000,25512.509497221567,-512.5094972215666
4307,train,36000,16662.094189971707,19337.905810028293
2229,train,11500,11061.494761952805,438.50523804719523
242,train,7500,7876.228553297094,-376.22855329709364
782,train,42000,82975.15913809945,-40975.15913809945
2410,train,13500,17035.137744187006,-3535.1377441870063
4207,train,8000,6221.276297321518,1778.7237026784824
960,train,65000,74318.88924143034,-9318.889241430341
4545,train,47000,46050.61873414427,949.381265855729
3402,train,19000,13155.09594630638,5844.904053693621
801,train,45000,34511.80247239396,10488.19752760604
2825,train,7500,10690.32640736357,-3190.326407363569
4319,train,13000,13437.297704026176,-437.2977040261758
3636,train,10000,8209.890486261875,1790.1095137381253
232,train,35000,28801.268458237904,6198.731541762096
1144,train,47000,53260.74158630298,-6260.741586302982
2534,train,30000,27635.23456897103,2364.765431028969
1059,train,50000,44824.043381872,5175.956618128002
504,train,25000,12911.323600368241,12088.676399631759
751,train,92500,94792.6791026108,-2292.6791026107967
4038,train,26000,25099.671908359447,900.3280916405529
3097,train,8000,7103.441988309183,896.5580116908168
4584,train,13000,9316.132893915923,3683.867106084077
2027,train,12000,11917.094528092832,82.90547190716825
4263,train,6000,7597.551133826074,-1597.551133826074
4340,train,8000,10730.637521282533,-2730.6375212825333
3350,train,21000,17665.7027268438,3334.2972731562004
823,train,69999,85095.37740831402,-15096.377408314016
1644,train,13000,14224.41931545218,-1224.41931545218
2536,train,80000,70697.40540792093,9302.59459207907
3983,train,27000,48573.16361143882,-21573.163611438817
4170,train,10000,12404.59497797257,-2404.5949779725706
346,train,20000,21060.962450599327,-1060.962450599327
1048,train,94000,46241.450447752315,47758.549552247685
343,train,9500,6049.699377965951,3450.3006220340494
1682,train,23000,24677.883943511042,-1677.8839435110422
2275,train,8500,5931.049302041478,2568.950697958522
516,train,7500,6985.0199466694285,514.9800533305715
781,train,70000,100585.97054538377,-30585.970545383767
2363,train,35000,45327.341459427334,-10327.341459427334
2020,train,14000,18410.890622115694,-4410.890622115694
4579,train,9000,9391.193467644485,-391.1934676444853
12,train,6500,6741.764421379749,-241.76442137974936
3624,train,34999,39506.207411244395,-4507.207411244395
3929,train,30000,24887.311495548987,5112.688504451013
256,train,5000,8128.6306135354125,-3128.6306135354125
2804,train,12000,14530.429026217105,-2530.4290262171053
3993,train,49000,36563.574562833135,12436.425437166865
4268,train,9500,11852.3926648287,-2352.3926648286997
3999,train,18000,18539.46622695065,-539.4662269506516
656,train,18000,22120.98594102256,-4120.985941022562
105,train,6000,8075.504630263886,-2075.5046302638857
3814,train,33000,36212.29909090694,-3212.2990909069413
1056,train,57000,48838.47738828022,8161.522611719782
3089,train,10000,12168.450313213674,-2168.4503132136742
1448,train,34000,22997.1328456028,11002.867154397201
3118,train,17500,17034.518165474547,465.48183452545345
3349,train,14000,11282.768750396783,2717.2312496032173
4700,train,6000,6031.741061008081,-31.741061008080578
1432,train,45000,50833.883425963795,-5833.883425963795
4589,train,44000,41266.46604493683,2733.533955063169
25,train,7000,9057.477434096929,-2057.477434096929
4482,train,6800,7348.220338712058,-548.220338712058
3625,train,7000,8812.577876424735,-1812.5778764247352
4397,train,13000,14374.306263061999,-1374.3062630619988
104,train,180000,11661.695776065915,168338.30422393407
3722,train,9000,12731.36317189807,-3731.3631718980705
332,train,20000,24349.605255588056,-4349.605255588056
4088,train,140000,136159.7160864506,3840.283913549414
4317,train,16000,14657.830106661479,1342.1698933385214
168,train,6500,8207.333705981287,-1707.3337059812875
817,train,40000,39666.648099707425,333.351900292575
2016,train,10000,7237.987097926952,2762.0129020730483
3857,train,12000,12353.734385829379,-353.7343858293789
4106,train,14000,12631.953020437939,1368.046979562061
4071,train,12000,13170.08476780464,-1170.0847678046393
500,train,12000,8741.09620233136,3258.9037976686395
4237,train,28000,19176.994643871163,8823.005356128837
1522,train,10500,13271.772579217337,-2771.772579217337
1094,train,20000,19480.778665558144,519.221334441856
3529,train,8000,10110.141238314678,-2110.141238314678
2450,train,22000,30022.025265325363,-8022.025265325363
621,train,34000,29094.29114756677,4905.7088524332285
1215,train,21000,28462.194168539827,-7462.194168539827
2331,train,18000,16209.667075921494,1790.332924078506
1304,train,18500,12397.269183517354,6102.730816482646
391,train,8500,10050.642826002966,-1550.642826002966
1172,train,180000,287496.15521028463,-107496.15521028463
2382,train,65000,60676.56852866814,4323.43147133186
3921,train,75000,58115.20529561815,16884.79470438185
2952,train,40000,26069.92318377074,13930.076816229259
3399,train,19000,16681.883743620067,2318.1162563799335
2499,train,9000,8564.78771466086,435.21228533913927
1505,train,9500,10014.031725369006,-514.0317253690064
1759,train,18000,13445.039126177091,4554.960873822909
2019,train,17000,24421.043342908237,-7421.043342908237
4270,train,30000,33840.163796322624,-3840.163796322624
439,train,6500,8276.52811787915,-1776.5281178791502
2466,train,75000,38433.22478033268,36566.77521966732
4422,train,6000,7140.297889490641,-1140.297889490641
476,train,14000,12076.962767844412,1923.0372321555878
792,train,18000,15102.636123789936,2897.3638762100636
1018,train,65000,48782.91412542387,16217.085874576129
172,train,7000,4380.953496631761,2619.0465033682394
1847,train,10000,11283.879809618984,-1283.879809618984
1475,train,90000,57361.41353934277,32638.58646065723
633,train,210000,96386.60992851654,113613.39007148346
79,train,8000,5693.415777306711,2306.584222693289
2304,train,12000,10527.808325799315,1472.1916742006852
4475,train,22000,16279.706736383238,5720.2932636167625
4528,train,7500,12646.842342072023,-5146.842342072023
2178,train,6500,8045.440200004867,-1545.4402000048667
2338,train,28000,25146.46305767603,2853.5369423239717
1241,train,100000,136807.70995161578,-36807.709951615776
4376,train,8500,7116.348940449458,1383.6510595505424
857,train,190000,106232.7998588717,83767.2001411283
4017,train,10000,13721.487789785257,-3721.4877897852566
2370,train,16000,26106.88968817422,-10106.889688174218
2670,train,25000,28655.043391376657,-3655.0433913766574
2906,train,19000,16628.85821437614,2371.1417856238586
3307,train,6500,7700.65121275448,-1200.6512127544802
1915,train,7000,6658.352382326013,341.64761767398704
567,train,32000,36193.22869572329,-4193.228695723286
4713,train,8000,8030.822398900817,-30.82239890081655
3015,train,9000,10621.113946136134,-1621.1139461361345
4142,train,65000,34626.46184245079,30373.538157549207
961,train,33000,38194.18437835519,-5194.1843783551885
1184,train,100000,159855.14668401383,-59855.14668401383
4295,train,8500,6983.292048379608,1516.7079516203921
1090,train,280000,347331.38472141343,-67331.38472141343
2802,train,22000,19088.401255409644,2911.5987445903556
3984,train,10000,11468.632014975447,-1468.6320149754465
3295,train,9000,12077.434888937163,-3077.434888937163
2519,train,20000,17220.705091521213,2779.294908478787
3792,train,18000,13663.076272890223,4336.923727109777
710,train,6500,30390.766727502458,-23890.766727502458
2998,train,10000,9616.184848381501,383.81515161849893
3808,train,15000,9021.192901419801,5978.807098580199
3905,train,11000,11260.097448364808,-260.09744836480786
1118,train,50000,59008.718127072,-9008.718127072003
1677,train,10000,7878.2131736537995,2121.7868263462005
2361,train,11000,8207.519037131155,2792.4809628688454
988,train,41000,46736.05992809628,-5736.059928096278
562,train,25000,23974.123017272075,1025.8769827279248
66,train,5000,4729.6338174906605,270.3661825093395
3191,train,15000,13681.17064683601,1318.8293531639902
3037,train,10000,15585.778617484882,-5585.7786174848825
3926,train,24000,24403.195983204438,-403.19598320443765
3564,train,20000,10824.414093688738,9175.585906311262
3835,train,8000,11591.952445430536,-3591.9524454305356
4165,train,10000,8501.754421973204,1498.2455780267956
515,train,65000,25400.90340110106,39599.09659889894
91,train,12000,7826.169257706018,4173.830742293982
4315,train,25000,16293.320653293822,8706.679346706178
1957,train,15000,30598.75509565366,-15598.755095653662
2432,train,38000,17006.5091297656,20993.4908702344
1954,train,15000,16324.355606413857,-1324.3556064138575
4157,train,7000,13581.095598193782,-6581.095598193782
1803,train,20000,24569.501808622394,-4569.501808622394
3458,train,17000,13636.598057146113,3363.401942853887
3116,train,40000,47487.069490986556,-7487.069490986556
251,train,6000,7285.701314370772,-1285.7013143707718
4583,train,25000,19807.30586686611,5192.694133133889
527,train,14000,24735.83557060768,-10735.83557060768
938,train,32000,30581.35103482331,1418.6489651766897
1777,train,9000,9486.668952057484,-486.6689520574837
876,train,40000,63434.94966345658,-23434.94966345658
3763,train,85000,56936.407802785725,28063.592197214275
1210,train,55000,58754.75146159119,-3754.751461591193
1728,train,23000,13477.794538409837,9522.205461590163
3115,train,25000,20373.925980425447,4626.074019574553
2305,train,14000,10611.974689936455,3388.0253100635455
2740,train,45000,47571.33353601901,-2571.3335360190104
3769,train,32000,24518.14136822082,7481.858631779181
1914,train,13000,11626.418928012492,1373.581071987508
1457,train,42000,44924.211817366595,-2924.211817366595
3704,train,6500,8151.504800478396,-1651.5048004783957
1427,train,400000,449164.0507674616,-49164.050767461595
3354,train,25000,17307.11467079132,7692.885329208679
3273,train,11000,8619.19924662614,2380.80075337386
437,train,5000,5189.2866877360475,-189.2866877360475
3460,train,3500,7691.172040024702,-4191.172040024702
3149,train,19000,15556.91996583979,3443.08003416021
909,train,50000,53259.69041966729,-3259.6904196672913
2213,train,22000,15346.181502983702,6653.818497016298
769,train,110000,56379.88428970637,53620.11571029363
1968,train,13000,12676.17494679809,323.8250532019101
3824,train,12000,24596.004098970072,-12596.004098970072
37,train,7000,6424.4654733437965,575.5345266562035
3638,train,12500,8166.326875388369,4333.673124611631
1678,train,8000,12159.632179533373,-4159.632179533373
4084,train,35000,27785.03138958608,7214.968610413918
2576,train,9500,16516.08834455811,-7016.088344558109
434,train,22000,16321.632645240164,5678.3673547598355
936,train,48000,37741.88991462294,10258.110085377062
856,train,150000,232106.98530246952,-82106.98530246952
4717,train,16000,18046.443908196376,-2046.4439081963756
377,train,5000,6108.10335734938,-1108.1033573493796
2427,train,80000,55835.3700268618,24164.629973138202
144,train,8000,10616.408852045819,-2616.408852045819
4474,train,6500,4618.149555554536,1881.8504444454638
4444,train,16000,19320.56266192323,-3320.5626619232316
3643,train,15000,11180.563313205468,3819.436686794532
2024,train,130000,100151.61859936919,29848.38140063081
2770,train,22000,23044.26028351803,-1044.2602835180296
3341,train,33000,31110.535225738713,1889.464774261287
3256,train,11000,11522.998269948655,-522.9982699486554
4695,train,10500,6289.4291954110995,4210.5708045889005
546,train,100000,54431.6275380154,45568.3724619846
1307,train,80000,80732.7047942296,-732.7047942296049
3576,train,7000,7016.786681049273,-16.786681049273284
423,train,12000,7557.875582569953,4442.124417430047
1723,train,15000,17857.47188963403,-2857.471889634031
2298,train,13000,11678.99131376836,1321.0086862316402
307,train,9000,8978.694508602222,21.305491397777587
2284,train,16000,18097.81623490055,-2097.8162349005506
544,train,150000,36194.32758829307,113805.67241170694
2093,train,8500,9938.970571152722,-1438.9705711527222
779,train,190000,120654.99757668184,69345.00242331816
2672,train,28000,41956.54530647664,-13956.54530647664
2177,train,9500,14039.721354410085,-4539.721354410085
585,train,24000,28757.328089360664,-4757.328089360664
2203,train,16000,12719.432537547746,3280.5674624522544
4631,train,10000,8474.288387804088,1525.7116121959116
2456,train,20500,18484.57952235034,2015.420477649659
4239,train,12500,14343.65886180734,-1843.6588618073401
2911,train,44000,47117.091960328435,-3117.0919603284347
1956,train,10000,9893.27772388591,106.72227611408925
2405,train,15000,17378.72218937949,-2378.7221893794886
2899,train,11500,17001.91119676991,-5501.91119676991
3053,train,10000,11719.707091866609,-1719.7070918666086
4346,train,30000,22534.363363035114,7465.636636964886
2833,train,95000,66140.95197264172,28859.04802735828
1967,train,6000,7859.17423425595,-1859.17423425595
138,train,8500,10013.290551061322,-1513.2905510613218
2431,train,35000,20916.790434800252,14083.209565199748
2977,train,12500,19902.69942045101,-7402.699420451008
1731,train,12000,14292.775087870852,-2292.775087870852
3502,train,17000,12969.913237963236,4030.0867620367644
4691,train,7500,10100.321884368243,-2600.3218843682425
3427,train,30000,24587.975504657552,5412.024495342448
1884,train,22000,19744.73683481194,2255.2631651880583
1687,train,39000,29776.385090968102,9223.614909031898
1106,train,27000,30893.07910403741,-3893.0791040374097
4260,train,11500,12719.834657184674,-1219.8346571846741
715,train,16000,15161.187270908165,838.8127290918346
1332,train,39000,27370.95328802321,11629.046711976789
4225,train,25000,13790.35203294441,11209.64796705559
3649,train,10000,9842.068884994544,157.93111500545638
1377,train,32000,39073.65111542427,-7073.651115424269
157,train,12000,15688.410304421079,-3688.4103044210788
198,train,9000,8769.589083491017,230.41091650898306
1039,train,30000,20775.77856114559,9224.221438854409
4353,train,15000,18677.884844899087,-3677.8848448990866
3672,train,18000,13041.598657536382,4958.401342463618
760,train,45000,41150.24638654303,3849.7536134569673
23,train,6500,10967.512301777311,-4467.512301777311
1542,train,9000,8720.326014473449,279.6739855265514
4559,train,8000,5986.111424266857,2013.8885757331427
4680,train,6500,7792.24205855709,-1292.2420585570899
3101,train,14000,27039.233088346165,-13039.233088346165
931,train,55000,47242.75072488775,7757.249275112248
1520,train,14500,13502.657006997899,997.3429930021011
4506,train,8000,11371.17710927093,-3371.1771092709296
2480,train,8000,11023.893860885708,-3023.893860885708
2064,train,21000,24080.85926012361,-3080.8592601236087
3708,train,17000,12274.87893182574,4725.12106817426
1531,train,13000,11633.073317630264,1366.9266823697362
3895,train,10500,8308.623186244446,2191.3768137555544
525,train,45000,29944.03788618466,15055.962113815342
1661,train,13000,12369.033728389204,630.966271610796
639,train,100000,111828.06371253051,-11828.063712530507
3705,train,10000,10540.259129302192,-540.2591293021924
3258,train,17500,16599.825984004456,900.1740159955443
2200,train,75000,46222.79075671009,28777.209243289908
3044,train,15000,13284.52940414536,1715.4705958546401
1509,train,13000,11015.34456874662,1984.6554312533808
1070,train,65000,98895.77890695442,-33895.77890695442
419,train,6000,4848.981139105666,1151.0188608943336
3135,train,10000,11329.530851043628,-1329.530851043628
1467,train,110000,79309.35580187317,30690.64419812683
1952,train,15000,13340.348016582973,1659.6519834170267
2226,train,5500,11587.538627986463,-6087.538627986463
2175,train,9500,12995.515803612021,-3495.515803612021
1267,train,6000,22317.89024130306,-16317.89024130306
2041,train,60000,45824.63938554551,14175.36061445449
3549,train,10000,13224.015913968731,-3224.015913968731
3208,train,13000,15690.561317315824,-2690.5613173158235
4722,train,13000,12791.921126079089,208.07887392091106
3711,train,11500,16389.198018441304,-4889.198018441304
4417,train,25000,21101.901385910525,3898.0986140894747
3761,train,220000,157574.21883313468,62425.781166865316
4484,train,12000,17623.359176272807,-5623.3591762728065
2323,train,18000,21738.685237786623,-3738.6852377866235
1577,train,21000,29039.868929834032,-8039.868929834032
392,train,35000,29153.059680597533,5846.940319402467
3441,train,28000,24220.073930652412,3779.926069347588
4543,train,11000,10955.917982401805,44.08201759819531
3076,train,20500,15443.412769050914,5056.587230949086
951,train,36000,35239.965776794925,760.0342232050753
404,train,8000,20350.463849072054,-12350.463849072054
2823,train,17000,26577.384232424723,-9577.384232424723
1079,train,95000,55280.11276325916,39719.88723674084
1718,train,10000,12856.274468703248,-2856.274468703248
1484,train,78000,53807.17005334203,24192.82994665797
321,train,12000,12805.108924618475,-805.1089246184747
2944,train,7000,10731.813224108719,-3731.8132241087187
4318,train,15000,7898.96438227091,7101.03561772909
2585,train,70000,51372.99677829228,18627.003221707717
1878,train,45000,50427.324389493246,-5427.324389493246
4677,train,9000,13127.32143000054,-4127.32143000054
2066,train,28000,36282.78907020199,-8282.789070201987
3582,train,15000,12785.002605885233,2214.9973941147673
643,train,18000,20011.896735730203,-2011.8967357302026
2603,train,35000,42238.652319185196,-7238.652319185196
4597,train,9500,16632.944203325613,-7132.944203325613
2704,train,7500,10620.907081384106,-3120.9070813841063
712,train,38000,36839.524164033726,1160.4758359662737
14,train,8500,14571.224949766487,-6071.224949766487
962,train,27000,39379.51438581856,-12379.514385818562
401,train,15000,12580.959693050105,2419.0403069498952
2554,train,7500,9228.282389191634,-1728.2823891916341
4289,train,12000,9466.999768667101,2533.0002313328987
2487,train,16000,17337.179834439936,-1337.1798344399358
3257,train,11000,13292.84579987605,-2292.8457998760496
2873,train,15000,8297.128428056834,6702.871571943166
2953,train,8500,9428.09197365905,-928.0919736590495
3788,train,22999,22139.334382545927,859.6656174540731
2073,train,10000,14403.930626221983,-4403.930626221983
3447,train,22000,15198.498748532838,6801.501251467162
3858,train,17000,12309.769200831484,4690.230799168516
1192,train,90000,72406.88019019197,17593.119809808035
1766,train,10000,13852.360931586449,-3852.3609315864487
156,train,7000,7617.48984717929,-617.4898471792903
1936,train,31000,24731.356923352898,6268.643076647102
3172,train,11000,12556.666538343401,-1556.666538343401
1725,train,12000,13324.434764015028,-1324.4347640150281
2397,train,60000,45085.860247038116,14914.139752961884
442,train,6000,8579.282392675184,-2579.2823926751844
1790,train,8500,12299.678582322536,-3799.6785823225364
4367,train,21467,7010.0456194685685,14456.954380531432
4520,train,45000,49465.254733534406,-4465.254733534406
466,train,6500,6950.377134224827,-450.3771342248274
3718,train,60000,76815.75845820391,-16815.758458203913
362,train,8000,11983.294725244572,-3983.294725244572
1270,train,280000,199042.66667492254,80957.33332507746
48,train,30000,16730.15216998698,13269.84783001302
2521,train,35000,25125.335034017582,9874.664965982418
4643,train,7500,7054.4641485853845,445.53585141461554
2242,train,14000,16769.200409033303,-2769.200409033303
4199,train,22500,20493.620211867965,2006.3797881320352
820,train,50000,44707.15359852743,5292.846401472569
1468,train,20000,27998.508808463765,-7998.508808463765
2180,train,25000,20701.047842658954,4298.952157341046
3052,train,36000,25308.59582107321,10691.40417892679
982,train,250000,297672.5422536767,-47672.542253676686
92,train,9000,7811.116303337661,1188.8836966623394
867,train,170000,193812.61183187383,-23812.61183187383
4321,train,12000,11978.906667627794,21.093332372205623
1227,train,130000,90133.75848760965,39866.24151239035
1734,train,32000,31300.146083099935,699.8539169000651
597,train,14000,43103.39161083013,-29103.391610830127
3904,train,11000,12651.953088067086,-1651.9530880670864
2313,train,14000,10667.022856098805,3332.9771439011947
2908,train,8000,7640.954739587293,359.04526041270674
3022,train,6500,5473.61490667967,1026.3850933203303
1761,train,31000,28733.256897884818,2266.7431021151824
702,train,21000,39664.59301411779,-18664.59301411779
3800,train,15000,13537.156852626296,1462.8431473737037
4230,train,14000,12132.614972527816,1867.3850274721844
4702,train,26000,17409.77290638329,8590.227093616711
1312,train,60000,45102.69585074469,14897.30414925531
2996,train,23000,15330.531673974046,7669.4683260259535
603,train,62000,92095.43257539287,-30095.43257539287
2096,train,8000,7293.3235247801385,706.6764752198615
2735,train,7500,11594.90396050271,-4094.90396050271
784,train,60000,51474.03364799747,8525.966352002528
2268,train,14000,9565.917039873666,4434.082960126334
2433,train,16000,16505.385893885355,-505.3858938853555
4658,train,11000,12950.958843393919,-1950.9588433939189
4057,train,20000,16845.925500182075,3154.0744998179252
1344,train,88000,48934.76238155207,39065.23761844793
4480,train,15000,17237.942725824672,-2237.9427258246724
1388,train,200000,90498.35790667094,109501.64209332906
1529,train,28000,34293.93588009401,-6293.93588009401
2933,train,17000,18237.1165913957,-1237.116591395701
783,train,27000,21135.331346660358,5864.668653339642
4561,train,17000,14016.317991593547,2983.682008406453
911,train,62000,57476.40956876986,4523.590431230143
1061,train,100000,87368.31915372728,12631.68084627272
878,train,15000,24482.202306774063,-9482.202306774063
342,train,8500,6816.275937487157,1683.7240625128434
2739,train,44300,28770.36994905363,15529.630050946369
1539,train,65000,58758.83281346544,6241.167186534563
1199,train,300000,281544.05259965546,18455.947400344536
897,train,51000,50803.509661909215,196.49033809078537
3013,train,7000,8126.5405780311685,-1126.5405780311685
4194,train,16500,23738.139193768173,-7238.139193768173
1085,train,44000,36913.92459615055,7086.075403849449
2937,train,27000,22506.89665973817,4493.10334026183
3842,train,25000,19794.72578038873,5205.27421961127
1141,train,35000,49292.69158169843,-14292.691581698433
2091,train,6500,5098.872453981569,1401.1275460184306
3774,train,10000,7570.36736756965,2429.63263243035
122,train,6800,5935.647758803252,864.3522411967479
3371,train,18000,13891.297104144365,4108.702895855635
880,train,25000,22756.848388393733,2243.1516116062667
2717,train,14000,17573.315958438154,-3573.3159584381538
2992,train,10000,11503.391277434423,-1503.3912774344226
3901,train,9500,13874.897080738128,-4374.897080738128
1571,train,9000,7955.917895642926,1044.082104357074
1259,train,38000,55722.75816526591,-17722.758165265906
4452,train,6000,8244.470915571357,-2244.470915571357
3630,train,200000,73973.60452498487,126026.39547501513
3595,train,9000,6890.65540914511,2109.34459085489
303,train,12000,9247.244222571206,2752.7557774287943
659,train,55000,46013.971639758034,8986.028360241966
1784,train,25000,22598.842715100094,2401.157284899906
1866,train,11000,16963.423593907835,-5963.423593907835
2676,train,10000,12518.436944589925,-2518.4369445899247
1998,train,12500,17551.816596544973,-5051.816596544973
4108,train,37000,22816.597898060696,14183.402101939304
4241,train,10000,12813.491302502118,-2813.491302502118
3222,train,75000,50604.80638674633,24395.193613253672
1488,train,65000,54523.23062368185,10476.769376318152
1810,train,9750,10022.523382065512,-272.5233820655121
4490,train,23000,24182.556063279608,-1182.5560632796078
4064,train,14000,15929.501346359606,-1929.501346359606
728,train,55000,72733.5518818024,-17733.5518818024
1198,train,70000,76931.32307141114,-6931.323071411141
1800,train,10000,14711.179629553846,-4711.179629553846
3746,train,11000,14563.926072141114,-3563.9260721411138
3750,train,7000,8430.666876870957,-1430.666876870957
4437,train,9000,5324.9037412423495,3675.0962587576505
2727,train,15000,14379.80058146948,620.1994185305193
141,train,13000,8592.355000090045,4407.644999909955
16,train,6000,6104.796319319461,-104.79631931946096
335,train,14000,13740.33665110703,259.6633488929692
4662,train,60000,27120.91901126971,32879.08098873029
1856,train,15000,13814.656305114186,1185.3436948858143
1021,train,500000,436290.2808554848,63709.71914451523
1102,train,180000,87995.94968547006,92004.05031452994
1341,train,280000,220151.22807060205,59848.771929397946
4218,train,15000,13400.038143400452,1599.961856599548
60,train,5000,4978.345659431341,21.65434056865888
2002,train,9000,8895.264754137525,104.7352458624755
452,train,12000,9799.650311330288,2200.349688669712
475,train,6000,8772.066227116444,-2772.0662271164438
2596,train,18000,16164.653645491786,1835.346354508214
3158,train,12000,13257.370666516252,-1257.3706665162517
4709,train,12000,11152.9063235408,847.0936764592007
2964,train,6000,8924.473885841706,-2924.473885841706
2307,train,11000,11974.42259795511,-974.4225979551102
212,train,12000,13870.020238471943,-1870.0202384719432
1328,train,35000,33471.29295052822,1528.7070494717773
1946,train,12000,12399.722575720854,-399.72257572085437
388,train,15000,11981.866654684,3018.1333453160005
1597,train,8000,7584.723175431295,415.2768245687048
2797,train,15000,13341.922744016092,1658.077255983908
3423,train,6300,5882.69236242248,417.3076375775199
1478,train,380000,269690.0308169493,110309.96918305068
1246,train,72000,81383.28160325698,-9383.281603256983
4021,train,35000,24727.35447285049,10272.64552714951
4287,train,8000,7370.864543971239,629.1354560287609
2539,train,10500,17211.715803064784,-6711.715803064784
322,train,3200,3907.5191578856347,-707.5191578856347
1897,train,18000,19419.618784485614,-1419.618784485614
4139,train,10000,6228.7035754076915,3771.2964245923085
819,train,11000,13358.785556277204,-2358.785556277204
664,train,25500,41392.48829130364,-15892.488291303642
3860,train,19500,18121.65794325791,1378.3420567420908
282,train,17500,10094.955920213992,7405.044079786008
4420,train,15000,13223.905306386914,1776.0946936130858
3212,train,12000,9924.426579902884,2075.5734200971165
2856,train,25000,25957.788793018437,-957.788793018437
3151,train,16000,19109.227622487615,-3109.227622487615
3338,train,13500,14096.638418644723,-596.6384186447231
1240,train,13000,20449.992158372454,-7449.992158372454
1149,train,85000,79751.41322153735,5248.586778462646
1105,train,37000,53091.41456515885,-16091.414565158848
566,train,75000,54249.79890639603,20750.201093603973
3567,train,25000,36188.631339025276,-11188.631339025276
4435,train,25000,15380.36472055948,9619.63527944052
1983,train,7000,6438.913997217873,561.0860027821273
3717,train,45000,36036.18292175409,8963.817078245913
2776,train,13000,17199.4860933418,-4199.486093341799
380,train,40000,26632.153957945913,13367.846042054087
2104,train,100000,45143.627762348784,54856.372237651216
3742,train,5000,6136.65104084321,-1136.6510408432096
4240,train,25000,23948.84147875566,1051.1585212443388
2615,train,8500,14957.159026764388,-6457.159026764388
3040,train,24000,12838.13458625868,11161.86541374132
2339,train,55000,37316.458908645705,17683.541091354295
1423,train,32000,58104.87858044715,-26104.878580447148
3619,train,12000,14016.819029860293,-2016.819029860293
1379,train,100000,151026.50222986977,-51026.50222986977
2951,train,45000,30442.399871441172,14557.600128558828
3768,train,24000,38191.881096905716,-14191.881096905716
2035,train,14000,15637.272518435559,-1637.2725184355586
2207,train,30000,41776.634279412334,-11776.634279412334
1374,train,270000,199223.4435016733,70776.55649832671
2474,train,13000,10847.462070353866,2152.537929646134
4616,train,20000,31203.80227642696,-11203.802276426959
727,train,130000,206679.91586547458,-76679.91586547458
746,train,33000,31688.669957307327,1311.3300426926726
2660,train,37000,73780.32717505106,-36780.32717505106
1848,train,9000,11044.37561176792,-2044.3756117679204
4342,train,8000,10144.903705741322,-2144.9037057413225
1063,train,52000,39339.91769208453,12660.082307915472
578,train,300000,326471.1525120554,-26471.152512055414
2612,train,60000,52978.30682471524,7021.6931752847595
231,train,16000,14632.41279264487,1367.5872073551309
3046,train,9000,11562.026944746513,-2562.0269447465125
2986,train,20000,30844.68800587306,-10844.68800587306
2997,train,10000,12098.596058304041,-2098.5960583040414
2637,train,23000,24529.089678960245,-1529.0896789602448
547,train,60000,68112.1182788476,-8112.1182788476
2855,train,100000,61555.22457313209,38444.77542686791
38,train,21000,11740.341118468823,9259.658881531177
3741,train,15000,12730.871782591588,2269.1282174084117
1671,train,12000,13995.065560557521,-1995.0655605575212
4705,train,16000,19919.22164518293,-3919.22164518293
1538,train,45000,44448.8946959936,551.1053040063998
312,train,10000,4847.217289032692,5152.782710967308
2443,train,30000,18197.88859472401,11802.111405275991
4619,train,15000,14525.054236438436,474.9457635615636
688,train,45002,42741.65380625025,2260.3461937497486
4585,train,20000,17356.98427476607,2643.0157252339304
1010,train,68000,83368.50725065175,-15368.507250651746
4320,train,12000,14214.751844562348,-2214.751844562348
2261,train,18000,23320.0067095846,-5320.006709584599
4258,train,12000,13826.813968478322,-1826.8139684783218
2185,train,15000,19698.063534588877,-4698.063534588877
4466,train,42000,27067.557974823772,14932.442025176228
968,train,42000,47268.174825063106,-5268.174825063106
2813,train,8000,10490.160375358791,-2490.1603753587915
2548,train,20000,12076.302532706051,7923.697467293949
3666,train,8200,13257.08756673305,-5057.087566733049
3973,train,12000,13957.774448335955,-1957.7744483359547
2630,train,7000,10815.616982225167,-3815.616982225167
4044,train,14000,14038.387919468734,-38.38791946873425
3504,train,39000,22085.024398476064,16914.975601523936
1181,train,56000,57979.02540761143,-1979.0254076114288
3143,train,18000,19770.827310907734,-1770.8273109077345
2344,train,12000,12682.902545660767,-682.9025456607669
1483,train,32000,35814.01797652932,-3814.0179765293215
976,train,65000,41720.28644262118,23279.71355737882
2351,train,20000,34960.28575515132,-14960.285755151323
4344,train,7500,11773.25811824222,-4273.25811824222
1248,train,130000,147117.92666030148,-17117.926660301484
85,train,10000,5323.913144181162,4676.086855818838
1653,train,10000,9967.154903640678,32.84509635932227
486,train,10000,29992.486463164994,-19992.486463164994
4558,train,11000,11152.074449001668,-152.07444900166774
905,train,16500,28985.33765899393,-12485.337658993929
2531,train,16000,18425.566793913687,-2425.5667939136874
1890,train,38000,33889.549259652245,4110.450740347755
4669,train,16000,18418.32873631256,-2418.32873631256
3337,train,9500,11214.388282233425,-1714.3882822334253
853,train,83000,106032.27179613973,-23032.27179613973
194,train,5000,5809.861045737785,-809.8610457377854
2208,train,65000,62659.433914373214,2340.566085626786
1598,train,6000,7790.3974930024215,-1790.3974930024215
3006,train,6500,7439.51397183591,-939.5139718359096
2,train,17000,11102.707646376415,5897.292353623585
2949,train,25000,18378.9532662123,6621.046733787702
4625,train,15000,8618.768126891331,6381.231873108669
2362,train,20000,15441.623761676157,4558.376238323843
4443,train,10500,13250.516713038705,-2750.5167130387053
1230,train,160000,120861.65156178811,39138.34843821189
929,train,20000,24680.640398060754,-4680.640398060754
2003,train,5500,15619.748096686717,-10119.748096686717
4483,train,5000,6227.753853664461,-1227.7538536644606
1202,train,120000,135049.4304421668,-15049.430442166806
1544,train,30000,17974.690314009415,12025.309685990585
2100,train,52000,47086.00740057044,4913.992599429563
937,train,10000,11636.182767522296,-1636.1827675222958
3585,train,10000,11848.586417745975,-1848.5864177459753
1419,train,30000,45801.168153859246,-15801.168153859246
4257,train,20000,20839.682414631687,-839.6824146316867
3150,train,12000,16683.827930224306,-4683.827930224306
1521,train,4500,7745.477219897525,-3245.477219897525
3631,train,12000,12518.351413981729,-518.3514139817289
293,train,6500,6487.932916084847,12.06708391515258
2613,train,95000,43020.57206592094,51979.42793407906
178,train,10500,14640.951476578242,-4140.951476578242
1492,train,70000,74973.9975655419,-4973.997565541897
2626,train,8500,7913.941517544288,586.0584824557118
306,train,20000,16884.133841313465,3115.8661586865346
2618,train,8000,9522.62666854719,-1522.6266685471892
1472,train,350000,512077.1574875132,-162077.1574875132
2163,train,12000,13040.135359151918,-1040.1353591519182
1708,train,25000,42618.37362264921,-17618.37362264921
1232,train,80000,135784.49245958804,-55784.492459588044
1411,train,50000,37605.87356261133,12394.126437388673
1861,train,5000,7609.527959739569,-2609.5279597395693
1170,train,50000,44290.51149721077,5709.488502789231
708,train,35000,41070.82038790587,-6070.820387905871
2496,train,10000,11065.193485364201,-1065.1934853642015
3333,train,12000,13227.664174977434,-1227.6641749774335
2516,train,15000,9204.67704355821,5795.322956441791
2924,train,32000,19147.05002727017,12852.949972729832
2936,train,17000,16710.363183483958,289.636816516042
3211,train,3500,5867.971209181669,-2367.971209181669
722,train,65000,49648.980075877946,15351.019924122054
4663,train,26000,16236.808001864914,9763.191998135086
1510,train,15000,12386.971887373244,2613.0281126267564
1516,train,15000,15344.554880345506,-344.5548803455058
4303,train,12000,8374.709331089058,3625.2906689109423
2978,train,15000,14084.537065697226,915.4629343027736
3762,train,22000,24539.78113029689,-2539.781130296891
1083,train,380000,223811.23829309744,156188.76170690256
4098,train,15000,12358.805736593746,2641.1942634062543
320,train,5000,5600.733033824819,-600.7330338248194
165,train,16500,12830.794579278014,3669.2054207219862
2687,train,25000,21135.854188743615,3864.145811256385
2026,train,10000,10017.53737746751,-17.53737746750994
568,train,16000,27155.78158332314,-11155.78158332314
4294,train,10000,16254.020636910947,-6254.020636910947
3942,train,15000,11692.297510908624,3307.7024890913763
2401,train,12000,16622.405756695207,-4622.405756695207
4453,train,45000,34811.33806293392,10188.661937066077
62,train,10000,10438.725154506792,-438.725154506792
1040,train,330000,235283.24061478628,94716.75938521372
2787,train,25000,45746.419907935735,-20746.419907935735
1699,train,31000,35439.605343662915,-4439.605343662915
2754,train,3500,7330.601382089934,-3830.6013820899343
1410,train,18500,13431.377120302672,5068.622879697328
1236,train,100000,102459.53548406885,-2459.5354840688524
78,train,6500,8833.422088306364,-2333.4220883063645
2858,train,6000,12352.95199083756,-6352.9519908375605
2368,train,14000,9977.81193549421,4022.18806450579
718,train,60000,47935.988661064184,12064.011338935816
3231,train,8500,8964.450546064156,-464.4505460641558
1476,train,22000,16051.838675934423,5948.161324065577
1553,train,17000,16448.352704537774,551.6472954622259
1628,train,10000,14464.496219428644,-4464.496219428644
2685,train,13000,10240.810836392995,2759.189163607005
4066,train,57000,48872.74741079747,8127.25258920253
3454,train,8000,6271.40768034329,1728.59231965671
1375,train,69000,111837.69618077022,-42837.69618077022
4255,train,17000,18557.953362013413,-1557.9533620134134
3036,train,12000,14522.13753203987,-2522.1375320398693
2746,train,30000,16935.849005698998,13064.150994301002
4206,train,15000,14702.070526973923,297.9294730260772
3031,train,11000,13856.801845653334,-2856.8018456533337
3654,train,9300,8601.229717584527,698.770282415473
110,train,8000,6566.901627091172,1433.0983729088284
3694,train,7500,5847.2106465579645,1652.7893534420355
4580,train,13000,8482.658123524096,4517.341876475904
4516,train,11000,9016.937665580583,1983.0623344194173
4538,train,5000,10709.551356574588,-5709.551356574588
685,train,27000,27117.68912809398,-117.68912809398171
1929,train,22000,31784.544577251043,-9784.544577251043
8,train,26000,16206.025096288213,9793.974903711787
4442,train,15500,21337.373514330768,-5837.373514330768
2853,train,10000,10058.825413364653,-58.825413364653286
4511,train,45000,27261.555722750556,17738.444277249444
324,train,16000,22064.142612117274,-6064.1426121172735
2635,train,15000,19777.90371813277,-4777.903718132769
2276,train,20000,24881.04771808582,-4881.0477180858215
3794,train,18000,16610.102141635074,1389.897858364926
1128,train,55000,68760.77802097662,-13760.77802097662
3308,train,26000,34739.98566994459,-8739.985669944588
4551,train,15000,18868.038243713785,-3868.038243713785
2103,train,12000,10539.372225756484,1460.627774243516
3562,train,8000,6166.380078104111,1833.619921895889
2631,train,22000,18584.741276252615,3415.2587237473854
1438,train,66000,116039.37066294767,-50039.370662947666
4149,train,18000,28291.192767706565,-10291.192767706565
1579,train,7000,13118.667967277179,-6118.667967277179
2133,train,6000,7232.284720014831,-1232.2847200148308
1364,train,20000,22928.317244928854,-2928.317244928854
3137,train,34500,19849.95260263831,14650.04739736169
2881,train,30000,14473.792059048626,15526.207940951374
1335,train,49500,37822.953197113115,11677.046802886885
1822,train,50000,43616.4245565944,6383.5754434056
636,train,26000,34785.14650934347,-8785.146509343467
4502,train,7000,11225.06094767869,-4225.06094767869
3706,train,12500,15332.589609696674,-2832.5896096966735
257,train,8500,13169.408567309687,-4669.408567309687
19,train,6000,7343.348001712324,-1343.3480017123238
860,train,90000,80857.59689369626,9142.40310630374
2357,train,12000,8664.627435084147,3335.372564915853
183,train,11000,8621.18143921004,2378.8185607899595
3077,train,13500,17703.10278274432,-4203.102782744321
2912,train,11000,16436.876946611508,-5436.876946611508
1351,train,95000,113856.4781162563,-18856.4781162563
4697,train,4500,5161.783887106394,-661.7838871063941
4256,train,20000,25151.85542938406,-5151.855429384061
1660,train,6500,9770.278316367867,-3270.278316367867
1656,train,63000,124732.63107429276,-61732.63107429276
3180,train,40000,37258.45757153814,2741.5424284618566
4675,train,7000,8740.909789412526,-1740.9097894125262
2303,train,35000,45743.84180654146,-10743.841806541459
3963,train,9000,7441.613228753064,1558.3867712469364
83,train,20000,27391.764139388415,-7391.764139388415
3125,train,150000,56486.990100323965,93513.00989967604
3530,train,11000,12016.733660922771,-1016.7336609227714
142,train,8000,7925.933259140773,74.06674085922714
3831,train,10000,6653.63220331546,3346.36779668454
1417,train,190000,110830.78177219858,79169.21822780142
2609,train,30000,30402.78251264055,-402.78251264055143
846,train,150000,65243.68979743392,84756.31020256608
3155,train,17000,23917.86139110258,-6917.861391102579
742,train,33000,17147.15386322818,15852.84613677182
1526,train,12500,15514.878639201652,-3014.878639201652
3386,train,18000,15697.919351196299,2302.0806488037015
1673,train,15000,15096.080946474283,-96.08094647428334
1166,train,90000,176231.63005694898,-86231.63005694898
1888,train,18000,10618.201767294135,7381.798232705865
3200,train,45000,33680.404539392,11319.595460607998
2467,train,36000,21195.40873071285,14804.59126928715
1716,train,15000,12495.871380477784,2504.1286195222165
1507,train,13000,13869.70236699047,-869.7023669904702
4734,train,35000,35163.50889683591,-163.5088968359123
3140,train,22000,14022.233103848504,7977.7668961514955
2605,train,31000,35200.83731480061,-4200.837314800607
2641,train,10000,11425.966748572842,-1425.9667485728423
1346,train,38000,44306.18022196575,-6306.1802219657475
1645,train,17500,17674.058129642937,-174.05812964293727
311,train,9000,7342.642888778059,1657.3571112219406
924,train,62000,45343.38170974367,16656.61829025633
4125,train,17000,18016.318266063023,-1016.3182660630227
1062,train,130000,86646.12065093401,43353.87934906599
227,train,3000,3937.932920636776,-937.9329206367761
966,train,48000,49006.55211215895,-1006.5521121589481
1385,train,190000,166096.35185261478,23903.648147385218
508,train,60000,35390.61122762679,24609.38877237321
2628,train,13000,10374.656069379775,2625.3439306202254
2538,train,21000,10465.958700563577,10534.041299436423
605,train,130000,88120.28140425969,41879.71859574031
1903,train,11000,11152.97529644231,-152.97529644230963
4172,train,13000,13298.685577794991,-298.68557779499133
774,train,50000,50112.76107369792,-112.76107369791862
3198,train,10000,18155.102703756267,-8155.102703756267
2581,train,18000,12662.704711762848,5337.295288237152
3480,train,10000,7776.090616837824,2223.909383162176
6,train,10000,15112.31937579541,-5112.31937579541
692,train,50000,67328.07948699614,-17328.07948699614
2090,train,28000,22225.744945637285,5774.255054362715
1604,train,9000,17499.7014792041,-8499.7014792041
405,train,35000,22183.57492690041,12816.425073099588
2525,train,8000,10593.445631165869,-2593.4456311658687
4184,train,9500,7794.651298656728,1705.3487013432723
3183,train,6500,7507.01082254595,-1007.0108225459498
2098,train,12500,14362.545369090387,-1862.5453690903869
844,train,55000,55834.66269435596,-834.6626943559604
2508,train,15000,18743.543262289506,-3743.543262289506
1709,train,35000,42623.39233150583,-7623.392331505827
4269,train,10000,10420.412907413735,-420.4129074137345
1871,train,11000,12272.457348675684,-1272.4573486756835
4673,train,18000,14433.477595827233,3566.522404172767
510,train,7000,18649.78578950498,-11649.785789504978
167,train,12000,10460.653534878287,1539.3464651217128
3978,train,6500,6884.363637676663,-384.3636376766626
1549,train,110000,117232.70758981333,-7232.7075898133335
922,train,62000,81945.477138526,-19945.477138525996
3637,train,13000,14272.818756367004,-1272.8187563670035
1530,train,12000,19646.897174481684,-7646.8971744816845
124,train,10000,10052.632741390504,-52.632741390503725
200,train,5500,6095.8283479732445,-595.8283479732445
121,train,13000,13381.836170257939,-381.83617025793865
1228,train,90000,147099.7879552194,-57099.78795521939
2955,train,100000,41744.26783250631,58255.73216749369
1630,train,8000,4964.89678522442,3035.1032147755805
1961,train,8000,7953.249234750889,46.75076524911128
2736,train,30000,32718.366506319187,-2718.3665063191875
1459,train,60000,85657.15320186823,-25657.153201868234
1927,train,17000,14816.03618840259,2183.9638115974103
238,train,8500,8466.246462745185,33.753537254815456
1285,train,60000,67647.61950925407,-7647.619509254073
4060,train,16000,21490.55019113218,-5490.550191132181
1481,train,140000,85004.3923441238,54995.6076558762
4690,train,11000,11706.318339022755,-706.318339022755
4588,train,45000,41510.822105701576,3489.177894298424
3499,train,10000,16463.733954162104,-6463.733954162104
2150,train,28000,15811.589530311352,12188.410469688648
3477,train,30000,17078.347156050248,12921.652843949752
445,train,10000,15205.44807917319,-5205.448079173189
3234,train,8500,12726.222092644293,-4226.222092644293
4316,train,14000,18185.85305457295,-4185.853054572952
97,train,10000,7354.33455144445,2645.66544855555
3391,train,25000,17137.66560327682,7862.334396723181
2584,train,13000,17826.38598176698,-4826.38598176698
604,train,42000,46348.04131603767,-4348.04131603767
2934,train,18000,10442.905427906364,7557.094572093636
1587,train,15000,15098.19332124871,-98.19332124870925
2757,train,23000,13112.93084770568,9887.06915229432
2283,train,6500,6881.0571752060105,-381.05717520601047
2287,train,18000,16630.55970658404,1369.4402934159589
4022,train,12000,9564.548900282929,2435.451099717071
553,train,19411,27177.815561382253,-7766.815561382253
1384,train,210000,154690.22319988543,55309.776800114574
2246,train,12000,9444.591253468454,2555.408746531546
3452,train,19000,13538.417707484548,5461.582292515452
3289,train,100000,88099.69725233437,11900.302747665628
4266,train,15000,16672.473262655774,-1672.4732626557743
384,train,15000,6905.440842038689,8094.559157961311
482,train,10000,18921.270406447064,-8921.270406447064
3663,train,16000,17615.556189936702,-1615.5561899367021
472,train,10000,11284.772355599993,-1284.7723555999928
920,train,15000,28686.582262777323,-13686.582262777323
370,train,8000,13591.285183999269,-5591.285183999269
2648,train,20000,9224.807900195025,10775.192099804975
1390,train,26000,19072.587136319155,6927.4128636808455
4036,train,13000,8647.749186603643,4352.2508133963565
3254,train,7500,11120.787636464232,-3620.7876364642325
4581,train,25000,20681.396471126536,4318.603528873464
1439,train,45000,29296.277272977626,15703.722727022374
21,train,9000,7144.129746599296,1855.8702534007043
3661,train,16000,11471.816193030169,4528.1838069698315
1559,train,15000,15760.215743122553,-760.2157431225532
2927,train,6000,9382.88588510194,-3382.8858851019395
1075,train,75000,59879.970343366454,15120.029656633546
1174,train,65000,52368.56720557291,12631.432794427092
3635,train,25000,18415.302096288236,6584.6979037117635
211,train,7500,6926.646464486958,573.3535355130416
365,train,12000,5778.25161720505,6221.74838279495
4338,train,9000,10820.016631991073,-1820.0166319910732
3147,train,12000,12745.991241061114,-745.9912410611141
830,train,23000,31626.735117947803,-8626.735117947803
3987,train,18000,23280.384502667843,-5280.384502667843
160,train,9500,8935.25667456481,564.7433254351909
1772,train,3500,4893.582896871871,-1393.5828968718706
3189,train,10000,9569.68547961004,430.3145203899603
4306,train,32000,32532.08955654421,-532.0895565442115
1920,train,7000,8355.057400445541,-1355.0574004455411
953,train,40000,28969.439185895702,11030.560814104298
637,train,60000,46011.926420605865,13988.073579394135
3068,train,7500,7882.93953609783,-382.93953609782966
623,train,25000,21942.0990313002,3057.9009686997997
1551,train,20000,37597.54485086811,-17597.544850868107
756,train,330000,165122.53304019556,164877.46695980444
668,train,50000,44609.96287967629,5390.037120323708
1361,train,34000,50610.24944356573,-16610.249443565728
1600,train,10000,15466.693507255288,-5466.693507255288
2565,train,18500,18667.93021326405,-167.93021326405142
4542,train,25000,17463.850204074584,7536.149795925416
1525,train,7000,5225.093712415001,1774.9062875849986
2999,train,15000,14095.421426223234,904.5785737767656
319,train,5000,7094.296232929342,-2094.2962329293423
3882,train,14000,13439.002676133076,560.9973238669245
2451,train,35000,34852.62828428859,147.3717157114079
944,train,40000,29167.206229823027,10832.793770176973
4383,train,12000,19084.500068307367,-7084.500068307367
4224,train,10000,12805.195651794578,-2805.195651794578
426,train,6000,7469.5772648112925,-1469.5772648112925
4373,train,15000,11527.932417964004,3472.0675820359957
1502,train,25000,32149.267919047594,-7149.267919047594
3463,train,50000,83124.62889893065,-33124.62889893065
4301,train,10000,10496.725479557104,-496.72547955710434
4467,train,12000,9584.424124489045,2415.5758755109546
3139,train,330000,102017.45171569983,227982.54828430017
1825,train,120000,46924.8639705991,73075.13602940089
3325,train,5000,8095.728242776885,-3095.728242776885
386,train,7000,6878.719636096652,121.28036390334819
2385,train,90000,86298.47055142967,3701.5294485703344
3228,train,9000,8655.543092182028,344.456907817972
1286,train,19000,17394.594995197094,1605.4050048029058
385,train,5000,5453.6802985733075,-453.6802985733075
3516,train,23000,17655.584091664474,5344.415908335526
4096,train,13000,11282.989735409488,1717.0102645905117
1003,train,140000,99194.61573190759,40805.38426809241
4566,train,50000,41528.22789732099,8471.77210267901
2005,train,14000,15532.382843376197,-1532.3828433761973
4654,train,16000,20614.214715453185,-4614.214715453185
3951,train,8000,7388.1142889634,611.8857110365998
2805,train,9000,6155.638160507809,2844.3618394921914
2418,train,12000,14187.294997806559,-2187.294997806559
1269,train,65000,26552.822783719057,38447.17721628094
461,train,34000,9755.038331845806,24244.961668154196
2217,train,11000,16042.241353043188,-5042.241353043188
3471,train,8500,9749.557561130388,-1249.5575611303884
4034,train,4500,4980.685590625673,-480.6855906256733
3981,train,4000,5590.022515255795,-1590.022515255795
640,train,35000,42917.82184854518,-7917.82184854518
559,train,110000,157530.75110937492,-47530.75110937492
3324,train,18000,13053.859009467307,4946.140990532693
3133,train,10000,9274.260475478339,725.7395245216612
3095,train,20000,20728.19711790549,-728.197117905489
1190,train,35000,17870.599181623984,17129.400818376016
1499,train,13000,19490.97802012857,-6490.9780201285685
3716,train,9500,10260.00985075867,-760.0098507586699
3374,train,15000,20432.223777398427,-5432.223777398427
290,train,10000,13945.463648511308,-3945.463648511308
3586,train,6500,6601.446673168561,-101.44667316856066
2852,train,18000,11996.609246486138,6003.390753513862
1026,train,65000,50969.44323011284,14030.55676988716
1401,train,22000,47747.19409918913,-25747.19409918913
297,train,5000,6175.055964959391,-1175.0559649593906
4407,train,52000,40965.14885711145,11034.851142888547
1300,train,260000,389370.1943354988,-129370.19433549879
1323,train,22000,22367.719198430903,-367.7191984309029
2507,train,52000,22843.42207987767,29156.57792012233
3280,train,47500,45091.58814688473,2408.411853115271
2061,train,9000,7220.3648466995965,1779.6351533004035
4005,train,9500,12116.277763282886,-2616.2777632828856
3544,train,72000,82481.84383741964,-10481.843837419641
411,train,6000,10488.539953908188,-4488.539953908188
2009,train,30000,25099.330153818144,4900.669846181856
2187,train,34000,47491.313707679976,-13491.313707679976
2346,train,30000,28967.870903952997,1032.1290960470033
2709,train,15000,13547.013153869288,1452.9868461307124
3689,train,8500,19521.738141902188,-11021.738141902188
3087,train,30000,26200.372192873197,3799.6278071268025
4041,train,8000,6994.219493538366,1005.7805064616341
891,train,55000,29291.843060658237,25708.156939341763
3795,train,37000,42154.09502139089,-5154.095021390887
2567,train,11000,9700.385545170242,1299.614454829758
3517,train,17000,9339.519979078921,7660.480020921079
1234,train,100000,129370.72584133859,-29370.725841338586
224,train,8500,10459.056812177994,-1959.0568121779943
1256,train,28500,28437.09647180849,62.903528191509395
3559,train,6166,7034.594743264231,-868.5947432642306
3523,train,25000,24817.83633991015,182.16366008984915
2296,train,14000,20881.902082362456,-6881.902082362456
2512,train,16000,18333.02533686408,-2333.0253368640806
2863,train,20000,18656.950468748437,1343.0495312515632
816,train,45000,42340.3383750904,2659.661624909597
750,train,10000,22053.883691099312,-12053.883691099312
2622,train,10000,15338.42656106014,-5338.42656106014
719,train,20000,21671.834942967544,-1671.8349429675436
9,train,10000,13677.178012205326,-3677.178012205326
1353,train,34000,38794.27760391905,-4794.27760391905
2582,train,17000,15749.443946632799,1250.5560533672015
2018,train,5000,5800.7815642846235,-800.7815642846235
1921,train,13000,17697.667790087016,-4697.667790087016
254,train,8000,7517.153575448661,482.8464245513387
881,train,34000,47752.22715335362,-13752.227153353619
3075,train,6000,4914.689995452395,1085.3100045476049
3687,train,12000,16839.795877091583,-4839.795877091583
3269,train,28000,20321.323876501887,7678.676123498113
766,train,95000,42572.044312095575,52427.955687904425
2646,train,17401,27176.25967732174,-9775.259677321741
3844,train,18000,19270.738958974784,-1270.7389589747836
740,train,33000,23643.556489429593,9356.443510570407
378,train,6500,9572.287320882173,-3072.287320882173
2872,train,12000,14345.393933464306,-2345.3939334643055
2850,train,16500,31854.32102681066,-15354.32102681066
2473,train,12000,11668.80589957073,331.1941004292694
1497,train,10000,13332.92162494406,-3332.9216249440597
4000,train,32000,19015.875664126608,12984.124335873392
3988,train,14500,12060.232654196365,2439.767345803635
1698,train,9000,8522.327079363415,477.67292063658533
2255,train,35000,41288.74321201881,-6288.74321201881
2247,train,30000,24888.97140110148,5111.02859889852
1631,train,12000,15412.665243590664,-3412.6652435906635
1641,train,12000,15343.612225185316,-3343.6122251853158
4408,train,9500,12374.544337788622,-2874.544337788622
3696,train,26000,27575.36787945773,-1575.3678794577318
2868,train,28000,19374.513672807327,8625.486327192673
1252,train,180000,156697.8722851658,23302.127714834205
3751,train,15000,12778.100878857329,2221.899121142671
1451,train,75000,50330.30776759693,24669.692232403067
4050,train,35000,19937.938123098313,15062.061876901687
2314,train,22000,16098.45813579337,5901.541864206631
111,train,6000,7031.927419484379,-1031.9274194843792
2367,train,100000,74350.87857208628,25649.12142791372
4232,train,150000,73731.18567059108,76268.81432940892
670,train,50000,84185.01374174924,-34185.01374174924
317,train,5000,6425.511332576031,-1425.5113325760312
1779,train,20000,11710.85640991887,8289.14359008113
3674,train,40000,43100.20285920005,-3100.2028592000497
4672,train,20000,11960.409442119702,8039.590557880298
1648,train,7500,7962.618851880018,-462.61885188001816
338,train,7000,5863.389231056506,1136.610768943494
1296,train,17000,22122.232413904476,-5122.232413904476
218,train,7500,8045.0785325879415,-545.0785325879415
4591,train,37000,47410.95017496124,-10410.95017496124
4587,train,40000,42920.450786773145,-2920.4507867731445
802,train,30000,20206.577515211673,9793.422484788327
1555,train,6000,7035.623081711067,-1035.6230817110672
4477,train,9000,6838.619271956944,2161.3807280430556
673,train,25000,23839.524838661422,1160.475161338578
3782,train,11000,11304.779541166608,-304.7795411666084
2310,train,35000,26027.767167048365,8972.232832951635
1982,train,20000,14861.081503240077,5138.918496759923
4494,train,25000,24002.563415308265,997.4365846917353
1469,train,35000,15187.276637179068,19812.723362820932
1592,train,35000,44033.27411512663,-9033.274115126631
1958,train,7000,9890.225395688305,-2890.225395688305
1176,train,43000,44012.20875341859,-1012.2087534185921
4611,train,7500,6771.272245404787,728.7277545952129
593,train,30000,19440.535941357226,10559.464058642774
2117,train,60000,49411.65160067849,10588.348399321512
3685,train,13000,13520.72722666779,-520.7272266677901
2571,train,22000,26346.459071962792,-4346.459071962792
3176,train,7500,6994.254558444492,505.74544155550757
309,train,7000,6166.338026562261,833.6619734377391
4608,train,11000,10339.6832570237,660.3167429762998
3259,train,8000,13162.178326170599,-5162.178326170599
4393,train,10000,13066.418527815435,-3066.4185278154346
1030,train,120000,198263.50863340977,-78263.50863340977
3367,train,6000,5668.384185026536,331.6158149734638
469,train,9500,8432.753480658674,1067.2465193413263
2299,train,12000,14097.047728990945,-2097.047728990945
787,train,200000,156918.1917559491,43081.80824405089
2623,train,15000,16314.004181657918,-1314.0041816579178
2819,train,35000,37599.44870427167,-2599.448704271672
3293,train,46000,48385.75335412099,-2385.7533541209923
2111,train,32000,44526.84567181464,-12526.84567181464
4562,train,16000,13673.104689251428,2326.8953107485722
3389,train,9000,12855.99675042107,-3855.996750421071
1619,train,18000,15734.5797550952,2265.4202449048007
1962,train,52000,54460.494613861796,-2460.494613861796
4179,train,12000,8832.331516191181,3167.6684838088186
4131,train,52000,58290.32337627655,-6290.323376276552
2031,train,25000,31339.945309230025,-6339.945309230025
1919,train,12500,8091.748300163485,4408.251699836515
4123,train,14000,14915.206924364416,-915.2069243644164
3028,train,45000,38279.742524894355,6720.257475105645
1705,train,18000,18682.118242175893,-682.1182421758931
800,train,35000,32291.13132139165,2708.868678608349
2756,train,19000,12323.946504072856,6676.0534959271445
2264,train,6000,7422.9750011245305,-1422.9750011245305
1115,train,24000,26992.85182468764,-2992.851824687641
3779,train,9000,10892.67386592835,-1892.6738659283492
229,train,18000,10187.604081690444,7812.395918309556
259,train,7000,10219.549891277371,-3219.549891277371
1395,train,180000,88048.52227808643,91951.47772191357
1720,train,11500,15323.273312688114,-3823.273312688114
1186,train,270000,134408.90500427043,135591.09499572957
681,train,150000,156457.10944098243,-6457.109440982429
3783,train,140000,75364.53046753285,64635.46953246715
2250,train,6000,6943.7307649021,-943.7307649021004
904,train,100000,122129.90967960963,-22129.909679609627
3776,train,12000,13044.934865319508,-1044.9348653195084
360,train,5000,4362.616213943307,637.3837860566928
1287,train,140000,92791.48280363769,47208.517196362314
3660,train,10000,9726.175203813706,273.8247961862944
3113,train,49000,58516.874801223465,-9516.874801223465
2227,train,50000,41124.56941207951,8875.430587920491
4605,train,10000,14784.893653474312,-4784.893653474312
2960,train,5000,12149.795746091431,-7149.795746091431
3622,train,14000,26751.34054974842,-12751.34054974842
2376,train,30000,23354.982114818853,6645.017885181147
305,train,3000,6449.091509998064,-3449.091509998064
505,train,2200,5863.427455743706,-3663.4274557437057
3274,train,5000,8999.988889036735,-3999.9888890367347
1112,train,200000,116139.59812364292,83860.40187635708
2799,train,90000,72765.22346849504,17234.776531504962
214,train,6000,4707.769499110347,1292.2305008896528
3592,train,15000,14900.93200836848,99.06799163152027
1947,train,15000,13020.111167394965,1979.8888326050346
865,train,75000,100431.85673726448,-25431.856737264476
3524,train,16500,13367.589205256845,3132.410794743155
326,train,8000,8659.831718761403,-659.831718761403
3154,train,11000,12504.965701786043,-1504.9657017860427
2788,train,21000,10712.046932047415,10287.953067952585
1111,train,18500,37095.493461410835,-18595.493461410835
4153,train,28000,29401.04765493199,-1401.04765493199
2657,train,27000,47335.80008182472,-20335.800081824716
834,train,220000,130151.83247246098,89848.16752753902
839,train,65000,33877.00668221082,31122.99331778918
2694,train,15000,26184.368991398813,-11184.368991398813
1836,train,30000,26745.600166662258,3254.399833337742
3397,train,16000,8680.332169912655,7319.667830087345
328,train,8000,7715.210351956519,284.78964804348107
1376,train,120000,95357.59205452641,24642.40794547359
942,train,5500,19470.4835849324,-13970.4835849324
1223,train,46000,53369.42072610039,-7369.42072610039
3537,train,25000,15744.578708694062,9255.421291305938
1690,train,23000,22200.55927876745,799.4407212325495
2563,train,12000,8878.307593163312,3121.692406836688
1975,train,20000,15578.344915351709,4421.655084648291
2836,train,130000,289742.56033749145,-159742.56033749145
351,train,7000,6180.771453753707,819.2285462462933
4290,train,20000,14828.508311881104,5171.4916881188965
2046,train,42500,36582.109994136896,5917.890005863104
4510,train,8000,27706.935874882485,-19706.935874882485
1618,train,8500,7912.577474320388,587.4225256796117
1066,train,30000,15232.89751772141,14767.10248227859
1276,train,23000,23013.999286471924,-13.999286471924279
1558,train,8000,6186.490604337738,1813.5093956622622
39,train,10000,5580.727129763547,4419.272870236453
270,train,5500,5168.548603821587,331.45139617841323
2435,train,9500,12863.809381758903,-3363.8093817589033
4635,train,45000,33054.133364426605,11945.866635573395
1035,train,350000,311343.5952191898,38656.404780810175
854,train,32000,30099.060163690545,1900.9398363094551
69,train,7500,5794.518927954418,1705.4810720455816
3066,train,8000,13549.237233481123,-5549.2372334811225
1838,train,8000,6824.128174085608,1175.8718259143916
2795,train,8000,13603.290486673848,-5603.290486673848
1238,train,84500,90660.59447438167,-6160.594474381665
1599,train,13000,14972.307361866819,-1972.3073618668186
3796,train,18000,13250.348243649043,4749.651756350957
4633,train,16000,12028.59918184186,3971.4008181581394
3225,train,8500,9041.592450898292,-541.5924508982916
991,train,53000,69096.571309235,-16096.571309235005
1091,train,46000,28516.21087214441,17483.78912785559
3571,train,15000,12162.930578617417,2837.0694213825827
2463,train,12500,11315.649615453694,1184.3503845463056
4401,train,32000,22176.086636688095,9823.913363311905
1466,train,90000,50199.8539731037,39800.1460268963
665,train,350000,503995.4782909999,-153995.4782909999
1288,train,30000,40699.906910524995,-10699.906910524995
3977,train,22000,16045.511391183827,5954.488608816173
1080,train,40000,45906.97515777561,-5906.975157775611
1849,train,6000,5509.0730290436095,490.9269709563905
3577,train,23000,14171.439003320012,8828.560996679988
4529,train,42000,47968.658406243514,-5968.658406243514
4300,train,30000,24625.837531916524,5374.162468083476
698,train,140000,119568.31069994917,20431.689300050828
3778,train,35000,38707.716840423964,-3707.7168404239637
921,train,260000,320171.4306316288,-60171.430631628784
1674,train,12000,14294.390233293048,-2294.3902332930484
2107,train,6500,6827.504398488043,-327.5043984880431
2446,train,70000,34506.86501220679,35493.13498779321
2861,train,13000,17224.037757898815,-4224.0377578988155
2459,train,25000,19454.039768581417,5545.960231418583
2008,train,43000,44239.937501663626,-1239.9375016636259
4476,train,6200,6705.5286128523885,-505.5286128523885
3179,train,12000,9776.961963114167,2223.038036885833
3497,train,20000,18232.366600988826,1767.6333990111743
3533,train,9000,11269.036288396741,-2269.036288396741
1782,train,15000,15529.453898821175,-529.4538988211752
2118,train,8500,8514.165052039138,-14.165052039137663
1789,train,30000,20209.482066242224,9790.517933757776
215,train,20000,21019.66043126181,-1019.660431261811
2699,train,14000,12773.09893645661,1226.9010635433897
1804,train,16500,12882.733139285046,3617.2668607149535
1386,train,25000,35594.431086785095,-10594.431086785095
859,train,25000,34225.578018074964,-9225.578018074964
3405,train,20000,12418.453000900912,7581.546999099088
582,train,89000,119922.48239435651,-30922.482394356513
4285,train,6500,8006.435026091256,-1506.435026091256
3565,train,14000,8876.450045840857,5123.549954159143
3798,train,10000,10904.999316204936,-904.9993162049359
1489,train,35000,19032.73174204307,15967.26825795693
964,train,95000,68908.14183904028,26091.858160959717
1543,train,23000,15718.084383138195,7281.915616861805
4428,train,7000,6680.944241010687,319.0557589893133
2108,train,13500,22573.91286813636,-9073.912868136362
1431,train,85000,107182.20739255032,-22182.20739255032
296,train,10000,13760.12680439899,-3760.1268043989894
2164,train,11000,15003.845874994406,-4003.8458749944057
4732,train,15000,14198.962198734165,801.0378012658348
1092,train,35000,30823.66753767285,4176.332462327151
2989,train,29000,16255.702009317623,12744.297990682377
1372,train,34000,53133.512378301704,-19133.512378301704
2271,train,6000,8891.52148007503,-2891.521480075029
2491,train,27000,22762.85803467341,4237.141965326591
557,train,68000,33864.50028226314,34135.49971773686
849,train,180000,153214.02349634038,26785.97650365962
4208,train,25000,25684.289051407704,-684.2890514077044
3162,train,8000,10817.045027309687,-2817.0450273096867
3,train,10000,9615.79008333777,384.20991666223017
4395,train,10000,16288.682083094662,-6288.682083094662
930,train,150000,109321.22171408552,40678.77828591448
1670,train,15000,23987.9488889253,-8987.9488889253
128,train,4700,5120.304270004141,-420.30427000414056
4564,train,20000,10846.721992916891,9153.278007083109
192,train,10000,19653.7670678314,-9653.767067831399
4221,train,11000,13460.772089199727,-2460.772089199727
3688,train,25000,28946.37934384684,-3946.3793438468383
3359,train,9500,9008.384194383301,491.6158056166987
4180,train,10000,11539.964901813006,-1539.9649018130058
196,train,5200,6279.042627383558,-1079.0426273835583
455,train,7000,6523.26372907243,476.73627092757033
3936,train,55000,45702.7539761691,9297.2460238309
2190,train,12000,15452.279163097113,-3452.2791630971133
3365,train,13000,15009.6950323435,-2009.6950323434994
2237,train,35000,54211.01783859452,-19211.01783859452
487,train,6000,9872.705786059709,-3872.7057860597088
520,train,25000,30132.17060213148,-5132.1706021314785
501,train,14000,22903.841145812603,-8903.841145812603
4495,train,14000,13672.567889728065,327.432110271935
957,train,16000,20225.36387777097,-4225.363877770971
2816,train,31500,40734.35821203552,-9234.35821203552
4505,train,8500,11642.06741303967,-3142.067413039669
3429,train,22000,35190.52899764142,-13190.52899764142
1870,train,11000,13101.026743455895,-2101.0267434558955
1812,train,12000,12948.735078070524,-948.7350780705237
682,train,27000,16799.337305368994,10200.662694631006
2629,train,6000,8921.528343669313,-2921.5283436693135
3100,train,9000,9803.402826164136,-803.4028261641361
2692,train,50000,35865.96957572612,14134.030424273878
799,train,70000,56690.627359530714,13309.372640469286
2897,train,9000,17735.123083692048,-8735.123083692048
4018,train,17000,12492.394017166183,4507.605982833817
3908,train,9000,9244.504573833745,-244.50457383374487
2506,train,35000,15144.19998662218,19855.80001337782
125,train,18000,10739.790576391386,7260.209423608614
1072,train,54500,26310.783185394037,28189.216814605963
2568,train,52000,55919.680686701584,-3919.680686701584
180,train,15000,9737.337160857052,5262.662839142948
1755,train,6000,8970.165055696945,-2970.1650556969453
1258,train,270000,258470.6200703563,11529.379929643706
1201,train,35000,17147.760922632006,17852.239077367994
843,train,56000,62304.337828785436,-6304.337828785436
3281,train,7500,14513.777682115446,-7013.777682115446
241,train,9000,9213.254031762985,-213.2540317629846
717,train,8500,18495.906005350203,-9995.906005350203
3127,train,18000,17108.14025986785,891.8597401321495
2212,train,9000,8560.980548717049,439.0194512829512
4309,train,20000,24805.15812574912,-4805.15812574912
4092,train,11000,13556.236665347064,-2556.2366653470635
619,train,50000,98014.66123933291,-48014.66123933291
3023,train,10000,14308.826977316046,-4308.826977316046
2705,train,17000,11263.955885754986,5736.0441142450145
798,train,150000,90593.9224191368,59406.0775808632
749,train,80000,78365.18170903754,1634.8182909624593
1130,train,33000,45463.97411370113,-12463.97411370113
1758,train,27500,17356.715390239806,10143.284609760194
2651,train,13000,10490.256942747234,2509.7430572527664
2224,train,6200,6628.877981560733,-428.87798156073313
596,train,47000,43944.896678209065,3055.1033217909353
235,train,15000,9619.567536650246,5380.4324633497545
458,train,15000,17224.60595574966,-2224.605955749659
2011,train,15000,13109.921122968979,1890.078877031021
318,train,14000,7216.479880700958,6783.520119299042
3683,train,13500,13576.946443681258,-76.94644368125773
4461,train,15000,22398.703740594927,-7398.703740594927
22,train,4000,4465.561553776712,-465.56155377671166
4471,train,15000,12611.608258317654,2388.391741682346
1795,train,7000,7836.63955421653,-836.6395542165301
4177,train,12000,13757.22746419289,-1757.2274641928907
4163,train,15000,22163.65199597242,-7163.651995972421
2396,train,10000,11783.885541775979,-1783.8855417759787
4190,train,5500,7778.460548883615,-2278.460548883615
2939,train,23000,18224.405361463418,4775.594638536582
836,train,35000,40073.985836763735,-5073.985836763735
1686,train,10000,11214.582632658161,-1214.582632658161
1024,train,9400,19523.924353584105,-10123.924353584105
3328,train,30000,17531.535775592754,12468.464224407246
3486,train,6000,6722.980389016683,-722.9803890166831
3079,train,15000,23640.378766838978,-8640.378766838978
2867,train,25000,37016.25779404856,-12016.257794048557
1739,train,45000,42365.45398719782,2634.5460128021805
4425,train,16000,11412.981702004736,4587.018297995264
3758,train,11500,14992.94612215433,-3492.9461221543297
519,train,12000,8251.780119035999,3748.2198809640013
291,train,14000,17117.344271435984,-3117.3442714359844
2377,train,14000,17093.450914482568,-3093.450914482568
1161,train,85000,60993.63548697001,24006.364513029992
4211,train,3000,5888.658468899523,-2888.6584688995226
693,train,55000,54570.8758506412,429.12414935880224
1572,train,180000,89594.6859287499,90405.3140712501
4569,train,25000,22193.414536425833,2806.585463574167
1582,train,15000,16470.827496495214,-1470.8274964952143
2291,train,22000,22946.502124826206,-946.5021248262055
2869,train,22000,19102.39968129352,2897.6003187064816
1250,train,13000,19700.62052268733,-6700.620522687332
538,train,33500,43609.138789797275,-10109.138789797275
841,train,280000,372501.7054957765,-92501.70549577649
1635,train,11000,11643.169285156237,-643.1692851562366
1162,train,110000,105252.99684844416,4747.003151555837
3221,train,65000,54036.6094325855,10963.390567414499
1032,train,130000,113572.48367056198,16427.516329438018
2919,train,30000,21980.204638729032,8019.795361270968
1767,train,9000,6112.312199880864,2887.687800119136
464,train,7000,9292.845519421586,-2292.845519421586
3765,train,14000,14647.115530292655,-647.1155302926545
2322,train,15000,12416.207061566176,2583.792938433824
4086,train,20000,20612.19793537388,-612.1979353738789
3247,train,9000,12637.555420477167,-3637.555420477167
3924,train,24000,24725.933141387017,-725.9331413870168
4439,train,20000,11751.985178437193,8248.014821562807
3012,train,7000,6081.02431422364,918.9756857763596
3466,train,10000,9155.9755305977,844.0244694023004
591,train,45000,42592.09584332623,2407.9041566737724
2987,train,12000,12544.344759087498,-544.3447590874985
470,train,1800,5734.98811542118,-3934.98811542118
1440,train,22000,16374.68736692837,5625.3126330716295
840,train,45000,35759.22284461311,9240.777155386888
3518,train,8500,14172.279124935149,-5672.2791249351485
2918,train,24000,28885.839292028668,-4885.839292028668
488,train,18000,10022.6001863222,7977.399813677799
3016,train,4500,4572.018143151514,-72.01814315151387
3442,train,9500,13222.353201171654,-3722.3532011716543
3997,train,13000,16267.212867892662,-3267.212867892662
4458,train,13000,13062.174096478097,-62.174096478096544
2724,train,5000,9077.839436787037,-4077.839436787037
1103,train,70000,83487.41345951727,-13487.413459517265
4001,train,15000,12401.556368406413,2598.4436315935873
3940,train,7000,12833.317110571454,-5833.317110571454
795,train,18500,29999.540169758646,-11499.540169758646
4288,train,3300,4599.628791295402,-1299.6287912954022
704,train,40000,40962.6208074219,-962.620807421903
4347,train,7500,7983.568007793345,-483.5680077933448
3790,train,70000,17232.968540047732,52767.03145995227
3676,train,18000,12421.361781251266,5578.638218748734
1319,train,12000,17373.20079002376,-5373.200790023759
2270,train,60000,45411.06607970324,14588.93392029676
3786,train,250000,154574.0161955329,95425.9838044671
1291,train,85000,79717.71993096765,5282.280069032349
1414,train,85000,54825.45430720739,30174.545692792613
2139,train,7500,7435.322330282303,64.67766971769743
3119,train,11000,14945.611374818449,-3945.611374818449
1965,train,22000,30320.254663677948,-8320.254663677948
4725,train,18000,20949.257306602572,-2949.2573066025725
2173,train,12000,14316.233841895122,-2316.233841895122
558,train,30000,22534.314859188416,7465.685140811584
1845,train,13000,14736.466006687962,-1736.4660066879624
1634,train,8000,6057.27254464583,1942.7274553541702
431,train,23000,13187.707779588627,9812.292220411373
2439,train,30000,14330.217942228197,15669.782057771803
3543,train,12000,9750.36934689468,2249.6306531053197
349,train,6000,9958.84561621359,-3958.84561621359
53,train,15000,10984.589480456001,4015.410519543999
3632,train,10000,13520.647205280606,-3520.6472052806057
50,train,7500,5644.453282408426,1855.5467175915737
4412,train,9000,6765.29556658587,2234.70443341413
3284,train,7000,10891.640010507157,-3891.640010507157
2905,train,12100,18865.43140840691,-6765.431408406908
1418,train,20000,19872.707197139545,127.29280286045469
2157,train,12000,11357.238440231651,642.7615597683489
1302,train,45000,53561.46638310831,-8561.466383108309
1859,train,50000,51603.582520458374,-1603.5825204583743
3539,train,14000,20925.21344454562,-6925.213444545621
1993,train,30000,37368.51831009138,-7368.518310091378
28,train,8500,8154.477554676006,345.52244532399436
2092,train,9000,10368.932336015678,-1368.9323360156777
3243,train,25000,41237.964692451555,-16237.964692451555
3682,train,9500,8654.153261707143,845.8467382928575
3453,train,37500,34951.860101638864,2548.139898361136
1260,train,26000,26602.961610472194,-602.9616104721936
1424,train,22000,18353.79050644968,3646.209493550319
3440,train,14000,13438.211254874865,561.7887451251354
1933,train,8000,8490.977055872629,-490.9770558726286
204,train,5000,5987.172208803295,-987.1722088032948
3010,train,20000,52339.405735012166,-32339.405735012166
4540,train,7000,5621.050947831983,1378.9490521680173
2803,train,4000,9193.676675303228,-5193.676675303228
3854,train,26000,15839.938387589118,10160.061612410882
1301,train,32000,31537.64799138848,462.35200861152043
4160,train,14000,9624.458974901312,4375.541025098688
1237,train,79500,45193.545538637045,34306.454461362955
3057,train,6000,10636.601107154978,-4636.601107154978
1792,train,20000,16888.775818154885,3111.224181845115
977,train,23000,28633.389571263717,-5633.389571263717
2216,train,11000,10117.831627868449,882.1683721315512
2913,train,40000,53270.09399803156,-13270.09399803156
1437,train,75000,97961.70815952263,-22961.708159522634
2693,train,20000,14467.526278113193,5532.473721886807
4679,train,20000,17818.003207423742,2181.9967925762576
1639,train,8000,8947.354265829172,-947.3542658291717
3449,train,15000,12478.067071725613,2521.9329282743875
542,train,400000,560806.3918746184,-160806.39187461836
1362,train,170000,101286.43251682723,68713.56748317277
2415,train,80000,42871.652836943664,37128.347163056336
3002,train,15000,13284.637423295102,1715.362576704898
2404,train,14900,13218.178665943926,1681.8213340560742
4664,train,8000,15967.299534489683,-7967.299534489683
2259,train,30000,30460.455565677385,-460.4555656773846
2901,train,23000,29121.814733615738,-6121.814733615738
2497,train,7000,9950.738514075701,-2950.7385140757015
1330,train,16000,10321.860797700041,5678.139202299959
2993,train,14000,15145.014338167506,-1145.0143381675061
3712,train,23000,22655.549130091487,344.4508699085127
3756,train,16000,12734.034625603252,3265.9653743967483
2238,train,9000,10509.463517631377,-1509.4635176313768
330,train,3800,6923.504188368159,-3123.504188368159
1067,train,45000,68904.90400149778,-23904.90400149778
1127,train,43000,42905.09660364682,94.9033963531765
3834,train,40000,31462.85684605632,8537.143153943682
3343,train,18000,18030.150261153183,-30.150261153183237
630,train,310000,228219.7681584791,81780.2318415209
713,train,35000,45438.70175621216,-10438.701756212162
2747,train,9500,10325.342662929841,-825.342662929841
2094,train,20000,14865.328794097824,5134.671205902176
268,train,6500,9842.513808963919,-3342.5138089639186
3928,train,27000,26189.16198903888,810.8380109611207
2535,train,16000,9361.810555868171,6638.189444131829
2105,train,6000,15916.585995584499,-9916.585995584499
3851,train,27500,32037.511918689794,-4537.511918689794
1617,train,12000,14359.087601941035,-2359.0876019410352
2895,train,150000,28742.88392813767,121257.11607186233
265,train,40000,29413.548824283967,10586.451175716033
4120,train,80000,65490.92443317708,14509.075566822918
2533,train,28500,26198.127658798418,2301.8723412015825
4250,train,15000,14167.297506470382,832.7024935296176
2249,train,21000,26545.183012183872,-5545.183012183872
3419,train,10500,13265.099696691319,-2765.099696691319
506,train,3300,3283.404383719149,16.595616280851118
2994,train,6000,8246.52440002788,-2246.52440002788
4426,train,14000,11126.759803748124,2873.240196251876
1345,train,90000,101858.05163526713,-11858.051635267126
1485,train,280000,345141.62246237573,-65141.62246237573
1796,train,10000,16130.222984505073,-6130.222984505073
233,train,21000,9224.573938648036,11775.426061351964
622,train,220000,214124.72435805976,5875.275641940243
1074,train,67000,92107.2049046803,-25107.2049046803
2821,train,20000,9892.42444094023,10107.57555905977
2601,train,30000,27418.56597704931,2581.434022950689
1976,train,9000,10012.993615042758,-1012.9936150427584
4689,train,53000,51189.87131815023,1810.1286818497683
3223,train,15000,16793.49443263102,-1793.4944326310215
220,train,3000,3535.3016726638175,-535.3016726638175
4729,train,17000,18909.060935911497,-1909.060935911497
1294,train,36000,33766.20868730867,2233.7913126913336
3840,train,13000,14089.701401228338,-1089.701401228338
428,train,5500,5688.309722719357,-188.3097227193566
429,train,8500,12363.87855458105,-3863.8785545810497
1590,train,9000,10313.855865573261,-1313.8558655732613
2460,train,13000,15095.408269227552,-2095.4082692275515
2191,train,8000,6767.666699798986,1232.333300201014
872,train,130000,137609.6502872886,-7609.65028728859
107,train,8000,8668.274971889276,-668.2749718892755
2234,train,6000,9068.30926778372,-3068.3092677837194
613,train,30000,16851.82644872707,13148.173551272928
1760,train,10000,15330.512017658253,-5330.512017658253
4649,train,6000,7276.327031408623,-1276.327031408623
4366,train,10000,12703.001242083896,-2703.0012420838957
1340,train,400000,381071.8895569927,18928.110443007317
4715,train,15000,11525.63455918814,3474.36544081186
1211,train,30000,31067.325280659614,-1067.3252806596138
2132,train,8000,7760.65402904272,239.34597095727986
1168,train,150000,192643.28170271282,-42643.28170271282
861,train,95000,62802.20255291941,32197.797447080593
1567,train,14500,13368.45475183638,1131.5452481636203
2667,train,11000,12273.191817658379,-1273.1918176583786
689,train,48000,45808.8747814813,2191.125218518697
2690,train,9000,14344.462247940906,-5344.462247940906
2165,train,15000,13310.54756299342,1689.4524370065792
348,train,20000,20372.08373942714,-372.08373942714024
2413,train,7500,11501.95918667005,-4001.9591866700503
4280,train,10000,7175.280746942837,2824.719253057163
3329,train,9000,10741.038702644704,-1741.0387026447042
3551,train,25000,29012.026072909244,-4012.0260729092442
2054,train,15000,12525.4134371344,2474.5865628655993
3298,train,23999,17850.951150014127,6148.048849985873
3029,train,35000,35719.74570546989,-719.7457054698898
494,train,12000,11866.108045049925,133.89195495007516
2558,train,10000,13301.793025393998,-3301.7930253939976
4361,train,53000,32958.6267897999,20041.3732102001
3519,train,10000,13691.412827738453,-3691.4128277384534
2429,train,55000,55134.36544039164,-134.3654403916371
2168,train,42000,28687.39684529096,13312.603154709039
4030,train,19800,12382.768095902791,7417.231904097209
1561,train,10000,8769.81227028364,1230.1877297163592
4415,train,9000,11451.711902787023,-2451.711902787023
3907,train,8000,14152.355040776458,-6152.355040776458
3970,train,12000,12451.911130697965,-451.91113069796484
2148,train,18000,14414.860523496274,3585.1394765037257
3953,train,65000,31996.775693716456,33003.22430628355
2166,train,5500,9042.715918562266,-3542.715918562266
720,train,38000,27383.38647008469,10616.61352991531
863,train,18500,20616.33724715398,-2116.3372471539806
399,train,5000,6399.657756349742,-1399.6577563497422
2214,train,10000,8854.016865367292,1145.9831346327082
3594,train,7000,6317.463218725186,682.5367812748136
2430,train,20000,20397.01777555581,-397.01777555581066
3771,train,13000,15108.75355019907,-2108.7535501990697
2112,train,42000,44283.05725578774,-2283.0572557877385
3734,train,15000,24660.269752877186,-9660.269752877186
4176,train,200000,117539.17821266154,82460.82178733846
2428,train,15500,16238.23562556873,-738.23562556873
925,train,400000,249560.21184995677,150439.78815004323
2950,train,6000,12662.715066997785,-6662.7150669977855
109,train,6000,5742.814976091436,257.1850239085643
2719,train,25000,14445.262019913507,10554.737980086493
4386,train,25000,18097.543634901416,6902.456365098584
2644,train,7000,8321.27203938236,-1321.2720393823602
3398,train,18000,16504.816767375738,1495.183232624262
4563,train,12000,14283.636729725178,-2283.636729725178
4296,train,8000,7953.494988015091,46.50501198490929
1511,train,15000,22129.535194854547,-7129.535194854547
4195,train,24000,24925.017437893737,-925.0174378937372
3784,train,12000,8153.445076645393,3846.554923354607
4634,train,16000,11416.935808611175,4583.064191388825
2723,train,6000,8462.021653582176,-2462.0216535821764
1940,train,8000,7167.828435626369,832.1715643736306
1494,train,13000,12527.722970022789,472.277029977211
4557,train,23000,21690.656218765303,1309.3437812346965
2194,train,32000,43364.58933930103,-11364.589339301026
1500,train,7500,6886.175455089831,613.8245449101687
2921,train,10000,13331.370099784974,-3331.3700997849737
2948,train,30000,28550.991416605175,1449.008583394825
2465,train,15500,24589.972423847987,-9089.972423847987
2488,train,9000,8223.75961857806,776.2403814219397
86,train,7000,11823.386686983815,-4823.386686983815
1659,train,14500,11433.941063355089,3066.0589366449112
2457,train,7500,14974.907312867552,-7474.907312867552
3196,train,11000,13116.719129691715,-2116.7191296917154
1676,train,150000,103358.30712818651,46641.69287181349
4308,train,17000,14988.364629620628,2011.635370379372
1148,train,240000,225667.58241744625,14332.417582553753
3437,train,7000,7926.736206217628,-926.736206217628
3785,train,13000,11573.38613359739,1426.6138664026093
1934,train,9500,9012.194084203478,487.80591579652173
1135,train,40000,26153.6218870151,13846.378112984901
2808,train,12500,17478.437908654974,-4978.437908654974
3607,train,30000,15000.282455756773,14999.717544243227
561,train,20000,23182.125890793453,-3182.1258907934534
3481,train,13000,14326.998129795216,-1326.9981297952163
4148,train,20000,21630.31667502087,-1630.3166750208693
826,train,1000000,210202.7047355579,789797.2952644421
949,train,180000,111253.19953386443,68746.80046613557
898,train,60000,81990.28479555128,-21990.284795551284
3511,train,65000,64265.13969917723,734.8603008227728
80,train,14500,16497.58259959208,-1997.5825995920786
453,train,7000,9591.161740267784,-2591.161740267784
2560,train,12000,16887.546573172585,-4887.546573172585
1396,train,30000,25309.814013187737,4690.185986812263
3250,train,14000,20558.299581588086,-6558.299581588086
570,train,45000,63456.72382144904,-18456.723821449043
1606,train,37000,26317.610533237978,10682.389466762022
1399,train,70000,76092.32190153608,-6092.321901536081
1523,train,5500,6234.754127028951,-734.7541270289512
4281,train,10000,12002.430511800067,-2002.4305118000666
240,train,8500,7436.548329740354,1063.4516702596457
451,train,5146,7209.572369836567,-2063.5723698365673
1311,train,50000,50369.25616393984,-369.2561639398409
258,train,22000,16326.819748139518,5673.180251860482
3138,train,8000,7523.252978680229,476.7470213197712
102,train,21000,11365.643551471898,9634.356448528102
794,train,150000,169458.732957633,-19458.73295763301
3575,train,60000,127717.88189775986,-67717.88189775986
1528,train,18000,17700.85178041642,299.1482195835815
4596,train,6000,7186.340977432886,-1186.3409774328857
818,train,50000,72960.20183458607,-22960.20183458607
2781,train,18000,18510.75384045352,-510.75384045351893
1088,train,50000,49143.67103667734,856.3289633226595
219,train,6500,7969.745710594725,-1469.745710594725
245,train,7000,10167.620998878869,-3167.6209988788687
210,train,13000,11996.54937676934,1003.4506232306594
4371,train,40000,39371.00284581237,628.9971541876293
706,train,20000,32464.30183229263,-12464.30183229263
874,train,250000,232321.9700530721,17678.029946927913
2120,train,8500,8291.004324161708,208.9956758382923
1873,train,120000,91877.41837922654,28122.58162077346
337,train,7000,10716.61803893335,-3716.6180389333495
1948,train,14000,12762.780935333854,1237.2190646661456
1951,train,12000,8223.72819445194,3776.27180554806
1134,train,36000,26947.967892347056,9052.032107652944
1563,train,11000,7129.165084330934,3870.8349156690656
2909,train,42000,49969.931274514136,-7969.931274514136
44,train,6000,6633.666761839922,-633.6667618399224
2892,train,20000,27566.550150337684,-7566.550150337684
1622,train,17000,20567.017113607344,-3567.017113607344
4313,train,17000,12083.163536728054,4916.836463271946
3444,train,120000,76132.22205879437,43867.777941205626
697,train,43000,46641.532588856884,-3641.532588856884
298,train,9000,7557.443865321396,1442.5561346786044
4233,train,16000,13271.358509661222,2728.6414903387777
1054,train,100000,116176.1305974372,-16176.130597437194
2406,train,10000,20868.02481831239,-10868.024818312391
2725,train,20000,14383.814750705176,5616.185249294824
4470,train,20000,45610.446465130175,-25610.446465130175
129,train,4700,5821.846953120898,-1121.8469531208984
4292,train,20000,17522.67349447385,2477.326505526151
4736,val,15000,13546.071757448504,1453.9282425514957
1052,val,130000,82087.93365438665,47912.06634561335
2600,val,40000,54305.84131517033,-14305.841315170328
2818,val,60000,30882.76826825607,29117.23173174393
2820,val,55000,44389.12170804815,10610.878291951849
1037,val,55000,69322.04080337494,-14322.04080337494
2610,val,42000,76240.50440195699,-34240.50440195699
1382,val,80000,68254.86095731886,11745.139042681141
2755,val,65000,54393.02461925943,10606.975380740572
2674,val,35000,42827.58482159787,-7827.584821597869
1397,val,100000,189675.10195558675,-89675.10195558675
2206,val,21000,33185.463863790115,-12185.463863790115
1980,val,12000,8013.2500189677185,3986.7499810322815
4277,val,22000,24000.76724955576,-2000.76724955576
4121,val,7500,5936.131043792455,1563.8689562075451
2033,val,30000,19743.038739596337,10256.961260403663
1446,val,22000,26659.385270191156,-4659.385270191156
3807,val,23000,15082.77586844099,7917.224131559011
2045,val,19000,12729.22661212632,6270.77338787368
4571,val,12000,13861.917047315628,-1861.9170473156282
1574,val,12000,13477.900687588048,-1477.9006875880477
4681,val,9000,11561.999707545147,-2561.9997075451465
2335,val,22000,25547.262106378083,-3547.2621063780825
1817,val,19000,18523.37403611415,476.62596388585007
2553,val,15000,11118.128597337112,3881.8714026628877
3498,val,16000,14116.697088256764,1883.302911743236
2864,val,5500,10078.619123490387,-4578.619123490387
3777,val,17000,16037.602235491577,962.3977645084233
4599,val,16000,19204.203814409357,-3204.2038144093567
2502,val,11000,19671.682160220673,-8671.682160220673
765,val,140000,109407.39963181702,30592.600368182975
3974,val,12000,19739.53698934889,-7739.53698934889
1503,val,10500,12875.272695154888,-2375.2726951548884
1876,val,5000,4653.78097713483,346.2190228651698
1886,val,6000,7782.205468155535,-1782.2054681555346
866,val,100000,109294.57782838425,-9294.577828384252
862,val,30000,18077.743670131433,11922.256329868567
347,val,8500,7108.911760674496,1391.0882393255042
1271,val,98000,70807.21565098198,27192.784349018024
1129,val,35000,36549.104834573875,-1549.1048345738745
2738,val,8500,11858.718487300615,-3358.7184873006154
1197,val,55000,25976.819417505845,29023.180582494155
3181,val,5000,5249.3693771537655,-249.36937715376553
768,val,45000,43630.095572777675,1369.9044272223255
1025,val,100000,87111.74404673261,12888.255953267391
4556,val,11000,14436.575851431222,-3436.575851431222
2453,val,6000,11773.142532167452,-5773.142532167452
1,val,20000,10119.722004984602,9880.277995015398
2843,val,28000,23407.07965345626,4592.920346543739
1281,val,95000,47502.700524169544,47497.299475830456
4377,val,20000,22370.812099209626,-2370.8120992096265
1904,val,65000,39880.98870903275,25119.011290967253
3263,val,25000,14866.572271416182,10133.427728583818
2965,val,85000,42860.04322891615,42139.95677108385
4414,val,39000,25456.80889621891,13543.19110378109
209,val,8000,7868.74640360534,131.25359639466024
1147,val,8000,36045.64794747255,-28045.64794747255
3385,val,5700,5611.535172948965,88.46482705103517
3839,val,27000,39464.889638263,-12464.889638262997
4143,val,60000,42988.84645046073,17011.153549539267
2926,val,5500,10721.775966445668,-5221.775966445668
3195,val,12000,12382.672011089313,-382.67201108931295
2597,val,10000,13557.920395929617,-3557.9203959296174
2302,val,60000,53159.81298926792,6840.187010732079
4469,val,16000,13584.532151050289,2415.467848949711
638,val,190000,135578.73527404334,54421.26472595666
4489,val,15000,16666.601863882242,-1666.6018638822425
3213,val,8000,5537.212071724572,2462.7879282754284
3495,val,70000,75302.892878248,-5302.892878248007
285,val,25000,19620.209229696975,5379.790770303025
4667,val,15000,13647.663993789862,1352.3360062101383
3725,val,11000,8376.38866425105,2623.6113357489503
3846,val,14000,14146.745147034248,-146.74514703424757
3331,val,30000,18723.314769429948,11276.685230570052
2220,val,6500,7843.2863943220755,-1343.2863943220755
4622,val,13000,15730.75301396842,-2730.7530139684204
667,val,25000,14373.099861482991,10626.900138517009
1773,val,16000,22839.310770719927,-6839.310770719927
744,val,300000,106434.93013564066,193565.06986435934
3849,val,15000,9585.725674483401,5414.274325516599
4514,val,70000,50849.75070004974,19150.249299950257
2023,val,16000,16123.704982033905,-123.70498203390525
1732,val,10000,14463.096798153874,-4463.096798153874
2277,val,8000,7459.765187604543,540.2348123954571
1801,val,18000,10070.804056090014,7929.195943909986
3715,val,17000,19068.314203636106,-2068.314203636106
4134,val,25000,23554.9991306273,1445.0008693726995
3500,val,100000,53533.20397819291,46466.79602180709
3326,val,12000,14632.670565586843,-2632.6705655868427
3583,val,10000,11301.97430349135,-1301.97430349135
3370,val,7500,11904.709281294874,-4404.709281294874
2142,val,30000,40182.774229062954,-10182.774229062954
433,val,8500,9572.502748253892,-1072.5027482538917
634,val,150000,89290.01192632016,60709.98807367984
2239,val,8000,6115.213795459879,1884.7862045401207
3413,val,30000,41262.75695498797,-11262.75695498797
262,val,15000,10866.663793040603,4133.336206959397
2007,val,14000,15850.488937599597,-1850.4889375995972
733,val,25000,28410.019077564906,-3410.019077564906
2069,val,13000,12603.8584064742,396.1415935257992
3960,val,30000,35695.7353425494,-5695.7353425494
814,val,100000,95978.558960289,4021.441039711004
4706,val,12000,11289.109044117433,710.8909558825671
1077,val,98000,174878.93534909096,-76878.93534909096
975,val,100000,36291.06384449163,63708.93615550837
4335,val,30000,27211.040367767382,2788.959632232618
146,val,2200,10549.071025975492,-8349.071025975492
2021,val,35000,35659.87224717722,-659.8722471772198
1895,val,6500,8298.89198665159,-1798.8919866515898
3218,val,18000,15186.889513130734,2813.1104868692655
2195,val,14500,11346.643473676382,3153.356526323618
4312,val,7000,12962.658663599095,-5962.658663599095
2923,val,280000,102115.8905223852,177884.1094776148
64,val,3500,4065.5749488953093,-565.5749488953093
4118,val,17000,18302.976356634066,-1302.9763566340662
1131,val,47000,55033.126137809864,-8033.126137809864
1196,val,120000,158114.78367815792,-38114.783678157924
336,val,7200,7327.618236827165,-127.61823682716476
1815,val,12000,11424.644369457312,575.3556305426882
4582,val,37000,41742.563073863814,-4742.563073863814
2887,val,10000,12552.189464611445,-2552.189464611445
2154,val,9000,8530.692763865138,469.30723613486225
3944,val,45000,36437.68512291539,8562.31487708461
1290,val,80000,47350.86570030045,32649.13429969955
747,val,35000,40389.66936612598,-5389.669366125978
2449,val,9000,9459.029548020395,-459.02954802039494
221,val,5200,9110.558522938676,-3910.558522938676
3102,val,55000,70923.80019475223,-15923.800194752228
2079,val,14000,13553.0771321874,446.9228678126001
1049,val,40000,41755.93614905723,-1755.9361490572264
1051,val,95000,56711.82404131562,38288.17595868438
4014,val,16000,12478.195666062376,3521.8043339376236
2860,val,250000,58084.51639340305,191915.48360659694
1433,val,7500,33709.88720053785,-26209.88720053785
4421,val,8000,11989.720354363928,-3989.720354363928
3009,val,15000,15675.034593251074,-675.0345932510736
4728,val,15000,20299.058161609933,-5299.058161609933
3305,val,14000,15542.157245132468,-1542.1572451324682
2057,val,9500,6972.485500908539,2527.5144990914614
992,val,140000,204331.71435699027,-64331.71435699027
994,val,65000,82171.00717752267,-17171.007177522668
4536,val,38000,20754.787278942826,17245.212721057174
1216,val,43000,65247.29885242319,-22247.29885242319
1277,val,55000,55310.32168131928,-310.32168131927756
2052,val,15000,15638.696318263072,-638.6963182630716
3991,val,18000,9035.807863986603,8964.192136013397
3169,val,10000,12040.26430043944,-2040.2643004394395
965,val,68000,89009.61853431248,-21009.61853431248
2182,val,190000,97949.84468399394,92050.15531600606
99,val,15000,18184.920005335935,-3184.9200053359345
2970,val,24000,23795.206029355355,204.79397064464501
226,val,7000,6880.183889125735,119.81611087426518
74,val,40000,14737.694413598047,25262.305586401955
752,val,57000,61572.08744967747,-4572.08744967747
4670,val,17000,18657.710109009404,-1657.7101090094038
3126,val,25000,16139.440693703618,8860.559306296382
1299,val,140000,268830.41455083445,-128830.41455083445
3448,val,120000,99937.89763049418,20062.102369505825
3193,val,15000,12349.829618968095,2650.170381031905
4650,val,32000,23636.229953802398,8363.770046197602
3573,val,7500,6078.436741288721,1421.5632587112786
2326,val,11000,11857.751384683643,-857.7513846836428
1988,val,13000,11167.398096125751,1832.6019038742488
791,val,600000,354193.73514866125,245806.26485133875
3039,val,40000,46982.49152030601,-6982.491520306008
170,val,5000,3527.287917694235,1472.7120823057649
3866,val,50000,50148.964507139164,-148.9645071391642
2846,val,27000,36753.13798581512,-9753.13798581512
3982,val,12000,12135.921728908404,-135.92172890840448
2758,val,12000,13924.673708308736,-1924.6737083087355
2712,val,7500,11106.816877237901,-3606.8168772379013
3925,val,15000,11183.770647616746,3816.229352383254
3130,val,15000,15575.026827090112,-575.0268270901124
2588,val,4000,7881.441184282627,-3881.4411842826266
906,val,4500,15972.310091851226,-11472.310091851226
4234,val,6000,4585.122880108235,1414.8771198917648
890,val,80000,63763.16933807453,16236.830661925473
1482,val,40000,30526.558865382794,9473.441134617206
535,val,30000,35206.28464883585,-5206.284648835848
1329,val,50000,30376.2636540502,19623.7363459498
2444,val,12000,8909.583516081211,3090.416483918789
1442,val,55000,66952.4894753774,-11952.489475377399
1943,val,5000,7754.276072476879,-2754.2760724768787
4151,val,12000,8398.225774382307,3601.7742256176934
2902,val,30000,65276.08786593027,-35276.08786593027
2943,val,27000,22474.572714278358,4525.427285721642
271,val,9000,19368.24314480985,-10368.24314480985
1527,val,10000,14521.369934271572,-4521.369934271572
2373,val,8000,13048.773966049725,-5048.773966049725
3474,val,12000,10540.369613044244,1459.630386955756
4189,val,13900,8285.11704756855,5614.88295243145
4567,val,23000,19601.13059610327,3398.8694038967296
1892,val,7500,5946.21668533724,1553.78331466276
3291,val,10000,8007.154060379349,1992.8459396206508
3864,val,28000,34483.32696328143,-6483.326963281434
858,val,160000,120922.80624878667,39077.19375121333
3353,val,20000,27030.606859486717,-7030.606859486717
1715,val,21000,15411.645901768998,5588.354098231002
3445,val,20000,19633.846393684376,366.1536063156236
3932,val,25000,28057.840948521974,-3057.8409485219745
2040,val,16000,13335.437476091269,2664.5625239087312
663,val,50000,42709.88543796146,7290.114562038543
4192,val,4700,10482.806381680059,-5782.806381680059
3202,val,12000,12632.36820667507,-632.3682066750698
1266,val,85000,42786.463306227226,42213.536693772774
217,val,30000,30709.485586117644,-709.4855861176438
1978,val,27500,20769.557383780135,6730.442616219865
2749,val,30000,28088.21827123284,1911.7817287671605
3609,val,14000,17078.301837983254,-3078.301837983254
1473,val,45000,48130.818430294334,-3130.8184302943337
2059,val,9000,14401.087881097716,-5401.087881097716
4539,val,25000,11438.063821079084,13561.936178920916
653,val,13500,24829.35856108864,-11329.35856108864
2048,val,18000,17955.790328246294,44.20967175370606
42,val,5000,6120.297611899662,-1120.2976118996621
4454,val,15000,13107.866617323205,1892.133382676795
1989,val,11000,10059.648096294257,940.3519037057431
2671,val,20500,26861.64726769254,-6361.6472676925405
580,val,13000,17263.60961092582,-4263.6096109258215
2792,val,7000,11971.683633530165,-4971.683633530165
916,val,90000,48768.82502320685,41231.17497679315
3789,val,36000,40024.66116541604,-4024.661165416037
410,val,6500,8980.501985146628,-2480.5019851466277
2089,val,30000,44510.05329594601,-14510.05329594601
3735,val,28000,13911.877120005773,14088.122879994227
201,val,10000,6650.814315199075,3349.1856848009247
2546,val,12000,10168.52403833849,1831.4759616615102
2084,val,12000,15918.747215819778,-3918.747215819778
1710,val,7000,6386.85712127219,613.1428787278101
4079,val,27000,24840.596703975392,2159.4032960246077
4488,val,25000,23372.00935557727,1627.9906444227308
3035,val,10000,9798.951944059083,201.04805594091704
3920,val,27000,17002.54288708748,9997.457112912522
3277,val,25000,30104.337887842397,-5104.337887842397
3949,val,35000,36216.21785097656,-1216.217850976558
2656,val,5000,9701.123894916245,-4701.123894916245
1941,val,22000,8318.823711387693,13681.176288612307
2383,val,18500,15927.795528794637,2572.204471205363
2423,val,8500,7414.085081445554,1085.9149185544456
4653,val,12000,7511.1187617948735,4488.8812382051265
3962,val,25000,26266.694103631522,-1266.694103631522
565,val,44000,54246.91765357022,-10246.91765357022
3248,val,14000,17502.959135125067,-3502.9591351250674
1428,val,31000,30391.394235601394,608.605764398606
1193,val,250000,124722.39225968081,125277.60774031919
2448,val,35000,43011.729735490284,-8011.729735490284
1512,val,7000,8232.929530947838,-1232.9295309478384
2841,val,10000,10936.609903537594,-936.6099035375937
3400,val,7500,10824.195607162199,-3324.195607162199
395,val,6000,7971.035636001138,-1971.0356360011383
2607,val,15500,12967.524309960449,2532.4756900395514
1097,val,29500,44271.43147322821,-14771.431473228207
1917,val,14000,15964.188062142752,-1964.1880621427517
1491,val,250000,387237.2032655935,-137237.2032655935
1453,val,55000,63488.24451382397,-8488.244513823971
1877,val,18000,10901.97251808866,7098.02748191134
3436,val,13500,15389.85123266575,-1889.8512326657492
1566,val,24000,21976.950026471004,2023.049973528996
757,val,24000,25944.6527772875,-1944.6527772875015
3956,val,45000,38980.750025683534,6019.249974316466
4251,val,15500,12941.675172700632,2558.324827299368
3603,val,6500,7065.009713461123,-565.0097134611233
1496,val,21000,28135.4116123857,-7135.411612385698
3377,val,20000,14690.975043283726,5309.024956716274
3507,val,17000,13718.494627067083,3281.5053729329175
2197,val,7500,8263.112329899152,-763.1123298991515
1858,val,17000,19248.170257627426,-2248.1702576274256
3841,val,9000,15434.701036129074,-6434.701036129074
1578,val,12000,14808.495349633271,-2808.495349633271
247,val,7000,12243.042828486212,-5243.042828486212
2170,val,15000,16144.70922776078,-1144.7092277607808
3069,val,14000,6371.096030368446,7628.903969631554
1093,val,75000,113979.08758347093,-38979.08758347093
808,val,60000,25123.71336350289,34876.28663649711
2837,val,150000,182427.41931639193,-32427.419316391926
4061,val,13000,12869.562343004749,130.43765699525102
2703,val,10000,13370.647355770898,-3370.647355770898
2417,val,13000,16617.68596563723,-3617.685965637229
2590,val,20000,27790.578296134365,-7790.578296134365
4409,val,46000,62405.55939770621,-16405.55939770621
2245,val,11000,11388.53130123868,-388.5313012386796
3560,val,20000,14543.944968719938,5456.055031280062
4029,val,15000,22110.897205616955,-7110.897205616955
2409,val,7000,12613.090656205764,-5613.090656205764
3568,val,26000,26335.46818645221,-335.4681864522099
592,val,170000,154863.86836864363,15136.131631356373
1979,val,16000,14658.218049683805,1341.7819503161954
373,val,15000,15006.250840781786,-6.250840781785882
2732,val,20000,11851.092939511349,8148.907060488651
2678,val,17000,13837.06072030097,3162.9392796990305
2751,val,13000,15092.58480854302,-2092.5848085430207
1826,val,7000,8070.578239401069,-1070.5782394010694
301,val,15000,16385.462624731714,-1385.4626247317137
2900,val,16000,26008.774611390323,-10008.774611390323
3316,val,7000,7619.061140851687,-619.061140851687
648,val,80000,80512.46852414818,-512.4685241481784
3645,val,20000,16190.272476313245,3809.7275236867554
457,val,8000,7360.113523217716,639.8864767822843
1679,val,40000,29549.50128520657,10450.49871479343
3219,val,15000,17572.051199147227,-2572.0511991472267
3030,val,34999,43260.91756444085,-8261.917564440853
3261,val,12000,9204.635360931907,2795.3646390680933
1016,val,45000,53746.50277902898,-8746.502779028982
3033,val,15000,9195.663198057875,5804.336801942125
4369,val,7000,7727.891422797361,-727.891422797361
3318,val,20000,35582.01266852633,-15582.012668526331
3662,val,13500,7138.305743767886,6361.694256232114
2830,val,12000,23900.500074289965,-11900.500074289965
4077,val,25000,14765.434569401714,10234.565430598286
1019,val,20000,13951.190854932296,6048.809145067704
3446,val,21000,14017.210989003388,6982.789010996612
1891,val,36000,31928.173824231588,4071.826175768412
1336,val,21000,14486.901886341802,6513.098113658198
3927,val,12000,12555.445070564965,-555.4450705649651
4703,val,60000,39102.771357004916,20897.228642995084
4522,val,9500,8725.736587766309,774.2634122336913
2655,val,9500,12528.554725058448,-3028.5547250584477
187,val,8000,12536.239979127582,-4536.239979127582
1584,val,27000,24461.58590394997,2538.41409605003
2726,val,10000,10534.777801143944,-534.7778011439441
287,val,7500,18927.313604509913,-11427.313604509913
1156,val,260000,129333.17196978169,130666.82803021831
3348,val,53000,53374.77158274648,-374.7715827464781
3679,val,11000,10742.575939963852,257.42406003614815
3740,val,36000,41421.85575915597,-5421.855759155973
1263,val,27000,40312.17338411797,-13312.173384117967
503,val,40000,26165.342189918338,13834.657810081662
1747,val,15000,13249.66557360223,1750.3344263977706
4410,val,12000,13588.464989106798,-1588.4649891067984
2329,val,8500,9395.01696986084,-895.0169698608406
600,val,300000,137626.76697003157,162373.23302996843
2592,val,150000,37532.76181969535,112467.23818030464
4497,val,12500,12847.633179720833,-347.63317972083314
3934,val,12000,13168.684763016858,-1168.6847630168577
675,val,21000,18486.48764438895,2513.5123556110484
4724,val,5000,9120.564944002044,-4120.564944002044
4019,val,12500,10167.75216657925,2332.24783342075
2542,val,45000,25749.27757849633,19250.72242150367
2478,val,20000,16896.443626832526,3103.556373167474
2522,val,65000,27679.808181065215,37320.191818934785
2809,val,30000,39679.062571732786,-9679.062571732786
2501,val,10000,8714.261124286504,1285.7388757134959
2280,val,30000,33159.54260993777,-3159.542609937773
1868,val,22500,42943.068483772775,-20443.068483772775
3422,val,7500,4646.04787328093,2853.9521267190703
999,val,1200000,277065.4913987437,922934.5086012563
2786,val,150000,86096.3582515316,63903.641748468406
2870,val,21000,12921.333083543865,8078.666916456135
4345,val,5000,7323.1886829794075,-2323.1886829794075
1837,val,17000,30809.185259655562,-13809.185259655562
4431,val,12000,13375.981102441192,-1375.981102441192
3653,val,10000,8217.172530578071,1782.827469421929
1317,val,80000,50727.51467966461,29272.485320335392
1456,val,140000,201728.28771975965,-61728.28771975965
2470,val,2000,8000.09593882544,-6000.09593882544
1545,val,8000,8151.074044467014,-151.07404446701366
595,val,75000,120146.87689465556,-45146.876894655565
230,val,3500,6318.945212697724,-2818.945212697724
4623,val,11000,5960.845032131493,5039.154967868507
4441,val,30000,18252.57665505491,11747.423344945091
4105,val,6000,8910.9968472097,-2910.9968472097007
3024,val,13000,10857.04650144891,2142.953498551091
2232,val,150000,120241.58252830265,29758.41747169735
2721,val,47000,40679.9419815105,6320.058018489501
3876,val,14000,13401.65846116073,598.3415388392696
40,val,7200,6488.600323022718,711.3996769772821
3322,val,10000,6730.781384478322,3269.2186155216777
3781,val,27999,28972.8542726885,-973.8542726884989
1681,val,16000,19561.16632422696,-3561.1663242269606
3396,val,8000,10046.155538100831,-2046.155538100831
4541,val,10000,11147.424609117406,-1147.4246091174064
1857,val,27000,18037.358627363978,8962.641372636022
2158,val,24000,22848.98604185582,1151.01395814418
3589,val,7000,11325.255625335421,-4325.255625335421
3244,val,9000,8659.702980225902,340.29701977409786
4391,val,13500,10669.850337092068,2830.149662907932
824,val,48000,43872.859788916685,4127.140211083315
55,val,7000,5874.10489178972,1125.8951082102803
2267,val,10000,12876.73681703901,-2876.736817039009
3531,val,20000,24700.321403609814,-4700.321403609814
3092,val,9000,12164.42909755842,-3164.429097558421
2407,val,40000,22880.406321654842,17119.593678345158
3563,val,18000,15172.214757549764,2827.785242450236
1896,val,6000,8199.424752455805,-2199.424752455805
333,val,30000,17975.331617630007,12024.668382369993
32,val,6000,6828.813555558816,-828.813555558816
1235,val,200000,323244.2355097298,-123244.23550972983
4485,val,12000,9693.529822153881,2306.4701778461185
1991,val,23500,16265.99647979513,7234.003520204869
1367,val,55000,36136.65611202375,18863.343887976247
4638,val,8000,7307.608352157929,692.3916478420706
2347,val,10000,12292.926269639447,-2292.926269639447
2454,val,22000,23350.803066513665,-1350.8030665136648
1221,val,6500,18727.710830687505,-12227.710830687505
2371,val,65000,79770.9098607933,-14770.909860793297
1893,val,9000,7979.833963382856,1020.1660366171436
1126,val,50000,46827.53922424225,3172.460775757747
2171,val,6000,7495.576448221907,-1495.5764482219074
2131,val,10000,9261.277551422718,738.7224485772822
2468,val,13000,14004.885396019934,-1004.885396019934
1065,val,18000,15362.31275359848,2637.6872464015196
3634,val,19000,21669.9200640411,-2669.9200640411
1636,val,40000,38273.91159155553,1726.0884084444697
1262,val,41000,44490.17434833489,-3490.174348334891
3845,val,9500,9108.826315674123,391.1736843258768
3408,val,5000,10082.70945794833,-5082.709457948329
1616,val,100000,138894.25000095862,-38894.25000095862
2729,val,5500,8861.002328433113,-3361.002328433113
2509,val,32000,28808.43137717299,3191.5686228270097
1548,val,20000,29342.88379757056,-9342.883797570561
3714,val,45000,21770.469600904416,23229.530399095584
2530,val,20000,16540.528680018844,3459.471319981156
4446,val,15000,18381.874594758418,-3381.8745947584175
2972,val,10500,19369.290104956464,-8869.290104956464
3141,val,13000,11706.344879967231,1293.6551200327685
3197,val,8000,9142.433997418462,-1142.4339974184622
4647,val,16000,17138.355322806798,-1138.3553228067976
1206,val,32000,37520.63918028796,-5520.639180287959
4089,val,10000,12207.845257096798,-2207.8452570967984
1935,val,9000,22043.37884612696,-13043.378846126961
2793,val,18500,18587.13997268537,-87.1399726853706
873,val,40000,33647.49319685171,6352.506803148288
772,val,120000,90028.76152064382,29971.23847935618
1953,val,9500,13265.913252362101,-3765.913252362101
3532,val,17000,17636.888236518713,-636.8882365187128
3401,val,15000,11612.029319403711,3387.9706805962887
207,val,6000,8662.55149804279,-2662.5514980427906
3825,val,10000,12192.429116217532,-2192.4291162175323
20,val,7900,6812.73426524368,1087.26573475632
3556,val,9500,14018.488343936731,-4518.488343936731
952,val,59000,42648.3727085134,16351.627291486599
4215,val,40000,35326.189284932865,4673.810715067135
4686,val,7000,6585.718548146528,414.2814518534724
3561,val,13000,11706.441140694185,1293.5588593058146
3818,val,8500,5767.510956173417,2732.489043826583
1666,val,50000,74791.00422869873,-24791.00422869873
1925,val,15000,13142.779328326118,1857.220671673882
3752,val,10000,7036.596782018352,2963.4032179816477
1735,val,8000,6202.161660297243,1797.8383397027574
444,val,10000,11706.434639250734,-1706.434639250734
3608,val,4000,6764.294243026459,-2764.2942430264593
556,val,32000,21984.71635125219,10015.283648747809
1078,val,16000,13841.433081417155,2158.5669185828447
75,val,12500,13119.686691186163,-619.6866911861634
197,val,15000,15898.885618117924,-898.8856181179235
1120,val,90100,69700.01777719423,20399.982222805775
2845,val,18000,25026.644158349543,-7026.644158349543
10,val,25000,24808.105495413834,191.89450458616557
4093,val,12000,13289.177739551644,-1289.1777395516438
181,val,50000,17667.37996274533,32332.62003725467
4404,val,12000,16575.254695817643,-4575.254695817643
1609,val,8000,8669.958585413118,-669.9585854131183
96,val,12000,16903.128199328035,-4903.128199328035
4141,val,15500,12283.683915431917,3216.316084568083
4707,val,110000,67425.61597612033,42574.38402387967
355,val,5200,6085.032384827615,-885.0323848276148
2127,val,10000,8108.630343688499,1891.3696563115009
1740,val,6000,7910.110428388687,-1910.110428388687
292,val,15000,11965.300374619634,3034.6996253803663
806,val,19500,39343.43891585537,-19843.438915855368
1114,val,55000,79542.52983306162,-24542.52983306162
2389,val,90000,74686.32816918947,15313.671830810534
2263,val,9000,8155.195194197979,844.8048058020213
158,val,14500,12774.936475418866,1725.0635245811336
4053,val,35000,17042.009487180854,17957.990512819146
3251,val,8000,10821.27440681649,-2821.27440681649
3080,val,11000,11937.354508118307,-937.3545081183074
2772,val,20200,19391.118934650094,808.8810653499058
2557,val,12000,15834.971999285992,-3834.971999285992
127,val,8000,8073.935347512019,-73.93534751201878
1930,val,18000,23521.420642457142,-5521.420642457142
654,val,18000,43606.04840330679,-25606.04840330679
2505,val,35000,10376.978060550673,24623.021939449325
4186,val,20000,21949.63342569008,-1949.633425690081
1429,val,60000,45701.78538053907,14298.21461946093
4721,val,8000,11425.287358938289,-3425.287358938289
443,val,5500,6528.1514923025225,-1028.1514923025225
4646,val,10000,10520.698945461147,-520.6989454611466
2394,val,260000,158295.6506893218,101704.3493106782
1145,val,50000,28255.556603018056,21744.443396981944
4128,val,22000,22018.344180277392,-18.344180277392297
1583,val,19000,21856.672671972923,-2856.672671972923
3414,val,12500,8857.339687653372,3642.6603123466284
4392,val,21000,17994.4725552823,3005.5274447177
2015,val,5000,6908.151411482411,-1908.1514114824113
978,val,40000,41097.24746265659,-1097.247462656589
4430,val,22000,19007.75327521228,2992.246724787721
3186,val,14000,14248.294201054323,-248.2942010543229
1729,val,6500,8415.984394837205,-1915.9843948372054
275,val,30000,15718.34974011973,14281.65025988027
1113,val,70000,68387.84901832054,1612.150981679457
3535,val,12000,12820.958032066586,-820.9580320665864
2945,val,5000,11916.451970724283,-6916.4519707242835
117,val,7000,7182.418977816167,-182.41897781616717
671,val,65000,83544.45376409208,-18544.453764092075
3315,val,7000,6166.0149760742615,833.9850239257385
574,val,55000,54798.89351182312,201.10648817688343
3406,val,7500,11981.498823951835,-4481.498823951835
3096,val,15000,30046.490853884185,-15046.490853884185
2888,val,20000,18115.81625886093,1884.1837411390698
1436,val,80000,32232.03068908538,47767.96931091462
3177,val,7500,11170.227610541475,-3670.227610541475
647,val,53000,48406.4778488118,4593.522151188197
2244,val,17000,16603.047378117666,396.9526218823339
2078,val,4000,5216.371724979302,-1216.3717249793017
1932,val,10000,12875.455461600324,-2875.4554616003243
175,val,5500,8098.150097427494,-2598.150097427494
1137,val,32000,41273.30470294617,-9273.304702946167
1356,val,74999,39202.34197984562,35796.65802015438
13,val,5500,6262.096830857219,-762.0968308572192
915,val,10000,18728.417950877043,-8728.417950877043
3922,val,9000,18142.8371062975,-9142.837106297498
3943,val,14000,22790.104211751244,-8790.104211751244
234,val,4500,4926.434654777464,-426.43465477746395
1343,val,80000,106581.40778351386,-26581.40778351386
3167,val,16000,13173.44752842731,2826.5524715726897
1850,val,8900,19767.640544941867,-10867.640544941867
3122,val,12500,15794.169832510437,-3294.169832510437
3678,val,23000,24530.924423393513,-1530.9244233935133
236,val,4500,3459.8546023773165,1040.1453976226835
4191,val,9000,12349.301756368257,-3349.301756368257
1824,val,16500,22237.10732249044,-5737.107322490439
2938,val,25000,34242.68083794978,-9242.680837949782
3710,val,22000,17527.042937855436,4472.957062144564
4595,val,12000,8475.317756014956,3524.682243985044
2222,val,22000,34133.18920165882,-12133.189201658817
3569,val,9000,12397.669737887412,-3397.6697378874123
149,val,20000,18548.04830864903,1451.9516913509688
4020,val,25000,27709.695814109724,-2709.695814109724
4598,val,10000,7102.160645199158,2897.8393548008416
3132,val,15000,11658.33523309313,3341.6647669068698
2458,val,5500,13276.599022147413,-7776.599022147413
383,val,10000,8866.307039994796,1133.6929600052044
4185,val,16000,13858.9008871949,2141.099112805099
4731,val,12000,13180.190341755255,-1180.1903417552548
3320,val,18000,12164.297245240507,5835.7027547594935
4592,val,12000,14244.597758503454,-2244.5977585034543
3346,val,9000,12524.299223000417,-3524.2992230004165
1808,val,70000,10027.120036615725,59972.87996338427
2013,val,25500,34716.06601671557,-9216.066016715573
3065,val,15000,16564.53632381718,-1564.5363238171813
737,val,22000,26902.77187970702,-4902.771879707019
1757,val,7000,5564.029331848863,1435.970668151137
803,val,50000,129293.60876214976,-79293.60876214976
1226,val,15000,30243.74129222108,-15243.741292221079
3879,val,11000,13692.8542411472,-2692.854241147201
1580,val,15000,13251.351029679585,1748.6489703204152
3780,val,13000,14617.126990655172,-1617.1269906551715
2353,val,22000,15026.955896101535,6973.0441038984645
4247,val,8500,10604.187015142206,-2104.1870151422063
4594,val,30000,35996.023819199414,-5996.023819199414
1265,val,65000,81903.41212408096,-16903.41212408096
4364,val,28000,20471.51195093011,7528.488049069889
3393,val,13000,10284.242176010857,2715.7578239891427
4166,val,14000,17514.00356226695,-3514.0035622669493
118,val,3900,4730.1577906475895,-830.1577906475895
725,val,600000,201703.64420942456,398296.35579057544
2129,val,13000,16418.219793054366,-3418.219793054366
1791,val,8000,7845.846123821131,154.1538761788688
1426,val,47000,39773.02261665587,7226.977383344129
521,val,18000,18674.510322922324,-674.5103229223241
3952,val,12500,14488.604250738545,-1988.6042507385446
583,val,28000,29324.21499541561,-1324.2149954156084
361,val,8000,8010.74985579872,-10.749855798720091
1602,val,15000,22441.640558660773,-7441.6405586607725
3647,val,600000,14284.536057490233,585715.4639425097
4718,val,30000,26657.343237769524,3342.6567622304756
95,val,5000,4170.399654495323,829.6003455046766
4394,val,10000,12295.803630702021,-2295.803630702021
956,val,40000,37596.121787935714,2403.8782120642863
1894,val,18000,30259.26415704772,-12259.26415704772
1727,val,15000,13607.450625620506,1392.549374379494
228,val,14000,14842.456054406448,-842.456054406448
1944,val,6000,6165.120398327703,-165.1203983277028
1402,val,32000,24162.190064539016,7837.809935460984
1743,val,20000,18325.1017018307,1674.8982981693007
2669,val,55000,44892.53067135629,10107.46932864371
4555,val,15000,16863.130317294756,-1863.1303172947555
2332,val,6000,6751.574796918425,-751.5747969184249
1721,val,22000,35340.62966392122,-13340.629663921223
3229,val,25000,25419.10138586733,-419.10138586732864
3692,val,8500,9179.090363170548,-679.0903631705478
4078,val,35000,26217.27061210136,8782.729387898638
934,val,310000,329458.7352741845,-19458.735274184495
3976,val,45000,18879.70188887931,26120.29811112069
4129,val,15000,11837.636466856022,3162.363533143978
4433,val,15000,24013.897122746774,-9013.897122746774
1117,val,150000,100738.58958932708,49261.41041067292
3995,val,130000,8018.850844536033,121981.14915546397
185,val,8000,10223.34675523239,-2223.346755232389
489,val,8000,7755.7058213985565,244.2941786014435
560,val,44000,62252.74659559778,-18252.746595597782
868,val,45000,43436.96218106358,1563.03781893642
2145,val,25000,15370.748535365117,9629.251464634883
1713,val,20000,18118.21286468174,1881.78713531826
3681,val,15000,11827.520385697717,3172.479614302283
3552,val,10000,7705.854516494356,2294.145483505644
1902,val,8000,17894.06096516057,-9894.06096516057
2388,val,9000,11051.705362372339,-2051.7053623723386
3108,val,15000,9208.135936928602,5791.864063071398
3745,val,8500,13635.98051293185,-5135.98051293185
130,val,4500,5124.6120344435385,-624.6120344435385
2559,val,10000,17346.866919353917,-7346.866919353917
3230,val,9000,11488.187292842558,-2488.1872928425582
4550,val,21000,15121.102770838042,5878.8972291619575
2138,val,5000,4569.026285170265,430.9737148297354
1752,val,16000,21421.190366051083,-5421.190366051083
3345,val,20000,24470.623218663015,-4470.623218663015
1931,val,120000,117135.99092395122,2864.00907604878
1573,val,10500,15417.1061532874,-4917.106153287399
171,val,9000,9214.87399316326,-214.87399316326082
3027,val,12000,6227.86470779656,5772.13529220344
1637,val,10000,14905.060183053363,-4905.060183053363
2848,val,350000,42956.3179231646,307043.6820768354
3821,val,19000,13378.341029085259,5621.658970914741
2753,val,18000,18089.984148066895,-89.9841480668947
3727,val,25000,20224.081675170066,4775.918324829934
4427,val,10000,5601.136525076412,4398.863474923588
3737,val,3500,4565.414843102773,-1065.4148431027734
3302,val,10000,14582.900566071658,-4582.9005660716575
3557,val,18000,18096.85133534635,-96.85133534634952
2835,val,18000,14341.720129442885,3658.279870557115
1381,val,45000,47232.61319773412,-2232.613197734121
534,val,32000,39071.35479272816,-7071.354792728162
3086,val,10000,8366.173264173147,1633.826735826853
1910,val,12000,27149.354363032853,-15149.354363032853
4333,val,10000,18249.592760905485,-8249.592760905485
2043,val,21000,28393.941602133767,-7393.941602133767
3303,val,20000,15704.9086280385,4295.0913719615
1214,val,40000,30218.2487935349,9781.751206465098
374,val,6200,9669.624354510403,-3469.6243545104026
1055,val,35000,13406.421401290345,21593.578598709653
3255,val,20000,26991.62034350163,-6991.620343501629
1907,val,11000,8767.588904438247,2232.4110955617525
100,val,22000,28569.595479046824,-6569.595479046824
3201,val,60000,48246.21144549653,11753.788554503473
2425,val,18000,15844.031080275217,2155.9689197247826
255,val,5300,6795.294080426808,-1495.2940804268083
1798,val,30000,61917.90781878771,-31917.90781878771
3961,val,7000,10289.359110542357,-3289.3591105423566
828,val,130000,200840.32344219022,-70840.32344219022
1610,val,7500,7427.845085670355,72.15491432964518
1647,val,8500,15718.035064563148,-7218.035064563148
1672,val,18000,17404.340174607893,595.6598253921075
1726,val,7000,5649.620693175189,1350.3793068248106
4450,val,30000,24723.64905689696,5276.35094310304
606,val,170000,202930.06362169416,-32930.063621694164
2969,val,9000,9868.273215312693,-868.2732153126926
1632,val,20000,7308.825549783495,12691.174450216506
2882,val,15000,14568.061398948797,431.93860105120257
4203,val,7000,8465.76756816079,-1465.7675681607907
4666,val,15000,23831.933871064986,-8831.933871064986
1209,val,80000,83951.07524436581,-3951.075244365813
3282,val,16500,21889.833940974302,-5389.833940974302
3911,val,12000,14792.101260595002,-2792.101260595002
3482,val,13000,14497.099340060106,-1497.0993400601055
2074,val,11500,8386.330101071051,3113.669898928949
1835,val,16000,16533.072861322773,-533.072861322773
4299,val,15500,20243.97174888423,-4743.971748884229
1123,val,80000,47729.665341984306,32270.334658015694
3306,val,11000,12179.48783692552,-1179.4878369255202
2240,val,13500,10370.596376136355,3129.4036238636454
1178,val,57000,53196.5819531492,3803.4180468507984
1314,val,14500,22199.28665439479,-7699.286654394789
1981,val,75000,70112.00256099834,4887.997439001658
4124,val,10000,11531.78410856201,-1531.7841085620094
3754,val,7000,12031.83660590622,-5031.836605906219
70,val,7500,5723.254613271424,1776.7453867285758
1918,val,6000,9812.822357592571,-3812.8223575925713
896,val,180000,215413.76934092227,-35413.76934092227
3430,val,14000,13988.24402050287,11.755979497129374
1157,val,300000,327010.63103241724,-27010.631032417237
4202,val,13000,8190.261482804513,4809.738517195487
3684,val,11000,8920.228675719034,2079.771324280966
4161,val,9500,7117.856878614027,2382.1431213859732
577,val,85000,48335.99155410905,36664.00844589095
3503,val,17000,14084.325682824796,2915.674317175204
690,val,18000,22611.736023262434,-4611.736023262434
2962,val,17000,13467.30726534922,3532.69273465078
3412,val,30000,33320.0011019689,-3320.0011019688973
2741,val,30000,26022.353687269162,3977.646312730838
416,val,6500,7172.314078822851,-672.3140788228511
555,val,190000,235463.11325379316,-45463.113253793155
3131,val,22000,15036.821245953213,6963.178754046787
3667,val,20000,14444.311009079453,5555.688990920547
1013,val,35000,29312.433500711842,5687.5664992881575
2979,val,6500,13001.954870927657,-6501.954870927657
4521,val,55000,43549.34510010228,11450.654899897723
1422,val,70000,40737.37262761987,29262.627372380128
4537,val,67000,36988.55623786151,30011.443762138493
3581,val,13000,12676.17265152815,323.8273484718502
4090,val,12000,9111.4665761275,2888.533423872501
1657,val,6900,5515.757548665279,1384.2424513347214
71,val,16000,15719.240989063444,280.75901093655557
4336,val,15000,21562.77754900021,-6562.77754900021
3580,val,6000,6906.129040219486,-906.1290402194863
1101,val,33000,31907.948193594213,1092.051806405787
3512,val,7500,6288.483590429778,1211.516409570222
1802,val,30000,32408.07078422431,-2408.07078422431
481,val,10000,7909.662553482964,2090.3374465170364
3923,val,12000,12515.904116325106,-515.9041163251059
1368,val,15000,14332.481388419823,667.5186115801771
1970,val,30000,32773.591566997704,-2773.591566997704
2028,val,10500,12573.696880372978,-2073.696880372978
1393,val,60000,80351.90234396623,-20351.902343966227
4527,val,22000,20897.18468651755,1102.8153134824497
2827,val,18000,23269.89853939949,-5269.898539399492
3623,val,17000,11229.7112080858,5770.2887919141995
2374,val,11000,15573.335083213191,-4573.335083213191
1460,val,17000,14644.590674714704,2355.4093252852963
4612,val,11000,12397.550717798933,-1397.550717798933
4009,test,38000,29823.3701099114,8176.6298900885995
3431,test,18000,14979.818084780736,3020.181915219264
3613,test,100000,131733.75877259552,-31733.758772595524
1455,test,700000,284142.115139431,415857.884860569
4349,test,15500,13653.185199949889,1846.8148000501114
1004,test,35000,18281.208712299267,16718.791287700733
3898,test,9000,11357.458367065357,-2357.4583670653574
2060,test,25000,40954.871064312574,-15954.871064312574
3677,test,11000,9811.863178008532,1188.1368219914675
3204,test,23999,19271.82041951273,4727.179580487271
608,test,41000,54924.53504518053,-13924.535045180528
1098,test,53000,68660.9634941337,-15660.963494133699
3165,test,7500,7705.968970289522,-205.96897028952208
3819,test,10000,16959.58026343103,-6959.580263431031
435,test,5500,6710.5213227391,-1210.5213227390996
848,test,50000,20258.897515277542,29741.102484722458
531,test,22000,17838.17879900708,4161.821200992919
3153,test,15000,8048.24882476431,6951.75117523569
4712,test,5500,4615.543268285101,884.4567317148994
4101,test,12000,18400.30176298571,-6400.3017629857095
3082,test,15000,19522.524785427977,-4522.524785427977
2896,test,25000,14216.645959119012,10783.354040880988
145,test,7000,13322.37050173627,-6322.37050173627
2025,test,35000,18852.393804548745,16147.606195451255
700,test,120000,101081.14071353617,18918.859286463834
2794,test,8500,14254.273542293748,-5754.273542293748
2327,test,42000,28724.978761003287,13275.021238996713
632,test,65000,75278.27597820119,-10278.275978201185
150,test,7000,10538.071858209778,-3538.071858209778
3152,test,5700,6554.277873354009,-854.277873354009
3026,test,8900,7339.593733410506,1560.4062665894944
3805,test,10000,10710.739730022571,-710.7397300225712
2441,test,16500,17214.16114504738,-714.1611450473793
694,test,26000,21542.12706608534,4457.872933914659
1814,test,11000,14569.75078745284,-3569.75078745284
2062,test,11000,14055.602336005733,-3055.6023360057334
928,test,110000,89770.68443609437,20229.315563905635
485,test,7000,7047.090819510166,-47.0908195101656
2290,test,5000,5347.085420728403,-347.0854207284028
1043,test,130000,74968.37886638622,55031.62113361378
2614,test,16000,10390.14457262182,5609.855427378179
3889,test,22000,19228.69395070195,2771.306049298051
2763,test,35000,28045.681097430235,6954.318902569765
3555,test,5000,7681.975710840641,-2681.975710840641
3811,test,32000,35654.577390367136,-3654.577390367136
959,test,24000,20526.784152894175,3473.2158471058247
279,test,4500,10890.05450650815,-6390.05450650815
1360,test,32000,23889.923688857987,8110.076311142013
4381,test,10000,16756.674735113684,-6756.674735113684
676,test,20000,27676.231647686735,-7676.2316476867345
735,test,55000,59196.98305934807,-4196.983059348073
2042,test,7000,9471.817302906435,-2471.8173029064346
2550,test,5000,12165.530986022852,-7165.530986022852
4606,test,25000,16523.82540425946,8476.17459574054
2359,test,5000,6967.35502375429,-1967.3550237542904
627,test,40000,43421.35390315773,-3421.353903157731
3652,test,7000,7158.41181104203,-158.41181104203042
31,test,15000,11834.353786542695,3165.646213457305
4091,test,5300,6547.280966477291,-1247.2809664772913
2321,test,4000,6289.145492154759,-2289.1454921547593
3439,test,15000,12246.925512062995,2753.074487937005
1942,test,12000,12314.514488981367,-314.5144889813673
1575,test,32000,22193.229880577845,9806.770119422155
2890,test,15000,11408.79734799087,3591.2026520091295
3134,test,5000,4117.396083616427,882.603916383573
2219,test,10000,8549.950909272895,1450.049090727105
887,test,230000,260439.34649191253,-30439.346491912525
672,test,160000,101721.17696893305,58278.823031066946
2272,test,17000,20858.749849935553,-3858.7498499355534
422,test,12000,9423.722444524776,2576.2775554752243
1318,test,55000,41721.198084933334,13278.801915066666
1331,test,55000,60733.79122121491,-5733.7912212149095
174,test,9000,9883.475095958132,-883.4750959581324
182,test,12000,12474.226255595826,-474.22625559582593
2940,test,24500,22826.186794841884,1673.813205158116
2183,test,90000,16107.970241874262,73892.02975812573
502,test,3700,4714.562454010572,-1014.5624540105719
2426,test,11500,11562.768466675016,-62.76846667501559
4365,test,57000,41553.464036935846,15446.535963064154
1060,test,35000,43335.02130033796,-8335.021300337961
184,test,12000,11807.465673385715,192.5343266142845
3166,test,30000,36677.49322365825,-6677.493223658254
714,test,32000,36686.79119563933,-4686.791195639329
2663,test,37000,44059.2616810146,-7059.261681014599
4604,test,15000,11853.306392813573,3146.6936071864275
571,test,57000,54607.68173305745,2392.3182669425514
587,test,32000,33541.16618897891,-1541.1661889789102
272,test,6000,4511.276728587251,1488.7232714127495
4507,test,16000,11301.840641938703,4698.159358061297
203,test,5000,5122.688080119471,-122.68808011947112
2436,test,90000,71082.17941368022,18917.82058631978
3772,test,14000,11816.639341196338,2183.360658803662
1349,test,78000,85855.2584835313,-7855.258483531303
243,test,7000,12113.754348101382,-5113.754348101382
3809,test,18500,16665.539006562387,1834.460993437613
155,test,10000,10562.398064539484,-562.398064539484
3164,test,15000,14646.114969103355,353.8850308966448
590,test,150000,122326.95065254772,27673.04934745228
4657,test,9000,7623.678129377096,1376.3218706229036
805,test,42000,20804.004831332593,21195.995168667407
1913,test,6000,7150.511246256388,-1150.5112462563884
1627,test,20000,29436.773300526052,-9436.773300526052
4210,test,15000,13505.758766224511,1494.2412337754886
1321,test,90000,83111.00042492275,6888.9995750772505
2393,test,20000,9322.01733645329,10677.98266354671
3021,test,14000,14208.297684833684,-208.2976848336839
4140,test,17000,14804.024576121281,2195.975423878719
3355,test,10000,5192.893326549775,4807.106673450225
2438,test,25000,13683.792392057576,11316.207607942424
1044,test,40000,42411.86095354271,-2411.8609535427095
2484,test,8500,10044.489241814057,-1544.489241814057
1020,test,75000,71514.70739144935,3485.292608550648
4403,test,8500,10320.988004611772,-1820.9880046117723
3382,test,8500,7072.305668229462,1427.6943317705382
2186,test,22000,27764.11853626879,-5764.11853626879
4609,test,7500,7037.730992589305,462.26900741069494
1173,test,60000,41860.00790545764,18139.99209454236
4423,test,10000,6861.716376493965,3138.283623506035
93,test,6000,5091.566953491955,908.4330465080448
3148,test,18000,16032.065504912964,1967.9344950870363
1352,test,90000,56230.90334669501,33769.09665330499
1011,test,26000,29661.181076290894,-3661.1810762908935
266,test,6000,10847.901346016106,-4847.901346016106
1242,test,35000,35544.06727775016,-544.0672777501604
363,test,5000,6418.7423529098405,-1418.7423529098405
3597,test,14500,20857.93029175679,-6357.930291756791
4097,test,22000,21317.032799848148,682.967200151852
4459,test,10000,11340.689674535757,-1340.6896745357571
2356,test,24000,29709.92699032465,-5709.9269903246495
2589,test,100000,44065.07815386424,55934.92184613576
3123,test,90000,56505.76438953095,33494.23561046905
3600,test,9000,10956.408712110477,-1956.4087121104767
2791,test,14000,14116.808002573029,-116.80800257302872
579,test,80000,65692.88320338354,14307.116796616465
1138,test,17000,15571.413439621425,1428.586560378575
1154,test,95000,88875.18405526072,6124.815944739283
701,test,400000,217566.37514571796,182433.62485428204
669,test,65000,101645.89888962594,-36645.89888962594
3252,test,13500,19404.26978416555,-5904.26978416555
1001,test,45000,40014.5887085306,4985.411291469398
1322,test,43000,46747.02950517315,-3747.029505173152
618,test,80000,80526.5577298562,-526.5577298561984
1867,test,8500,11097.262257065726,-2597.262257065726
4027,test,15000,11155.001775377357,3844.9982246226427
3615,test,7500,6332.5412868187905,1167.4587131812095
3813,test,7000,9634.97739908801,-2634.9773990880094
4496,test,10000,10010.632285351025,-10.63228535102462
767,test,130000,173123.23766671418,-43123.23766671418
3403,test,10000,11686.073522657338,-1686.073522657338
4549,test,11000,17824.03288544397,-6824.032885443969
2847,test,17000,21052.47662651803,-4052.4766265180297
4479,test,15000,13525.503365657458,1474.4966343425422
4209,test,26000,27550.619911877617,-1550.6199118776167
629,test,38000,58351.02080408564,-20351.020804085638
4322,test,7500,11577.382082456706,-4077.3820824567065
2391,test,12000,15092.58480854302,-3092.5848085430207
304,test,8000,7539.022848177042,460.97715182295815
3260,test,25000,25395.68230341812,-395.6823034181216
4560,test,13000,12491.646903861134,508.353096138866
2916,test,17500,22184.301101693047,-4684.301101693047
3063,test,11000,11060.457580565477,-60.457580565476746
3642,test,13000,13833.960523929996,-833.9605239299963
1140,test,290000,143250.18451497878,146749.81548502122
4204,test,12000,20827.38400813066,-8827.384008130659
3214,test,25000,8233.79720903011,16766.202790969888
2279,test,11500,6470.1496599841275,5029.8503400158725
4217,test,8500,6853.222422849446,1646.777577150554
2654,test,16000,11858.718487300615,4141.281512699385
3240,test,16000,12987.108736905484,3012.891263094516
252,test,10000,16087.664252990106,-6087.6642529901055
970,test,51500,81467.45043193888,-29967.45043193888
3743,test,10000,12305.490181880921,-2305.490181880921
3124,test,14000,12263.018784338203,1736.9812156617973
448,test,5200,3354.4489681643877,1845.5510318356123
173,test,18000,8542.06423005747,9457.93576994253
3874,test,48000,36060.75764463073,11939.242355369272
132,test,16000,11045.354387461888,4954.645612538112
1369,test,22000,42309.007818029146,-20309.007818029146
707,test,60000,66769.46131313746,-6769.4613131374645
3755,test,6500,7487.482826540732,-987.4828265407323
683,test,47000,40911.73531673398,6088.2646832660175
986,test,150000,236471.383408789,-86471.383408789
3827,test,35000,27926.436337946627,7073.563662053373
4434,test,6500,6526.6921171326685,-26.6921171326685
3107,test,15000,13076.985404234829,1923.0145957651712
729,test,23000,30894.179118119853,-7894.179118119853
4382,test,18000,17611.09847432914,388.901525670859
691,test,7500,17888.434039510703,-10388.434039510703
899,test,36000,48774.64120660656,-12774.64120660656
1282,test,25000,28443.12676417054,-3443.1267641705417
3621,test,15000,14585.163510980292,414.8364890197081
2963,test,15000,31308.169117863006,-16308.169117863006
773,test,40000,21789.155722748885,18210.844277251115
2318,test,20000,23330.945014240955,-3330.945014240955
2372,test,18000,18993.460980924847,-993.4609809248468
3830,test,35000,41633.033801786536,-6633.033801786536
1901,test,20000,15562.91139711931,4437.088602880691
3078,test,10000,9190.707137545774,809.2928624542255
4075,test,6500,6609.400548737691,-109.40054873769077
778,test,25000,30524.91508473439,-5524.915084734392
2001,test,19000,14833.932070289042,4166.067929710958
2653,test,17000,24461.33717356314,-7461.337173563141
103,test,25000,23047.679998081272,1952.320001918728
3105,test,16000,13998.016020143114,2001.9839798568864
1087,test,65000,43175.68680106189,21824.313198938107
1997,test,10000,10333.630678605707,-333.63067860570663
3887,test,10000,8555.51088197472,1444.4891180252798
1706,test,12000,12655.12572961632,-655.1257296163203
3487,test,17000,18300.56660821577,-1300.5666082157695
3707,test,22000,33534.550460395556,-11534.550460395556
17,test,10000,7665.466699653452,2334.5333003465475
564,test,43000,56899.80788698551,-13899.807886985509
2838,test,75000,83781.3791686083,-8781.379168608299
763,test,80000,111328.94661597563,-31328.946615975627
2088,test,16000,12694.940355066417,3305.0596449335826
3640,test,16000,14615.57967336707,1384.4203266329296
3695,test,7000,10030.558889935606,-3030.558889935606
1585,test,48000,62471.25902252304,-14471.259022523038
3644,test,15000,16544.508425875854,-1544.5084258758543
1034,test,75000,70075.01634958807,4924.98365041193
4603,test,17000,15652.89510269453,1347.1048973054694
4037,test,18000,15679.557082545769,2320.442917454231
3753,test,37500,42141.580414990785,-4641.580414990785
851,test,8000,33001.215726376315,-25001.215726376315
366,test,8000,9491.069584452829,-1491.069584452829
239,test,5000,6683.333448656924,-1683.3334486569238
412,test,36125,18388.56228351283,17736.43771648717
56,test,6000,8178.693957448685,-2178.693957448685
607,test,20000,73487.66147552214,-53487.66147552214
3726,test,9500,14214.626581546658,-4714.626581546658
4593,test,8000,13344.164237244431,-5344.164237244431
1493,test,10500,15085.616562615729,-4585.616562615729
2659,test,29000,45058.61464342696,-16058.614643426961
1474,test,38000,44931.81279755825,-6931.8127975582465
176,test,7500,9669.624354510403,-2169.6243545104026
3018,test,18000,16291.99589729771,1708.0041027022908
2452,test,12000,10558.701741103465,1441.2982588965351
3538,test,15000,12952.101826742619,2047.8981732573811
2414,test,9000,15452.725188822002,-6452.725188822002
932,test,70000,63630.32966210388,6369.670337896117
1694,test,17000,14473.237321641764,2526.7626783582364
1663,test,18000,12709.320854076508,5290.679145923492
526,test,75000,72128.78704341655,2871.2129565834475
4197,test,12000,13772.011682384697,-1772.0116823846965
2701,test,22000,19145.130954985878,2854.869045014122
2345,test,18000,15178.683987264658,2821.316012735342
2471,test,28000,13195.221375946834,14804.778624053166
1253,test,63000,81974.55934991967,-18974.55934991967
4095,test,20000,24977.223682879754,-4977.223682879754
65,test,8000,10985.042563164598,-2985.0425631645976
2865,test,32000,29887.681219727456,2112.3187802725442
2149,test,15000,8095.9761252799035,6904.0238747200965
1765,test,10000,11283.625381884121,-1283.6253818841215
3939,test,9000,13965.662696417583,-4965.662696417583
4200,test,32000,36328.910754492565,-4328.910754492565
4629,test,8000,8983.63185430647,-983.6318543064699
4031,test,8500,8666.019656614106,-166.01965661410577
186,test,18000,10593.156419120705,7406.843580879295
1568,test,4000,6773.589054596424,-2773.589054596424
4010,test,20000,16980.03181389022,3019.9681861097815
1064,test,28000,40356.94450208457,-12356.944502084567
990,test,150000,159563.8065171469,-9563.806517146906
573,test,57000,28402.521473352277,28597.478526647723
2876,test,10000,6789.30029152032,3210.6997084796803
2706,test,18000,19251.060188027062,-1251.0601880270624
3418,test,45000,43603.01151298113,1396.988487018869
2946,test,5000,10973.498821595984,-5973.498821595984
1763,test,11000,5929.641889457344,5070.358110542656
106,test,14000,6835.564637731352,7164.435362268648
3859,test,75000,32999.524203572895,42000.475796427105
248,test,3200,18030.27741483036,-14830.277414830362
796,test,35000,35311.93484943361,-311.9348494336082
4655,test,13000,14974.119333154913,-1974.119333154913
3103,test,50000,52041.118867510166,-2041.1188675101657
4261,test,6500,9595.157285866708,-3095.1572858667078
4252,test,20000,15189.165833264602,4810.834166735398
3070,test,15000,17756.109803848794,-2756.1098038487944
3971,test,20000,13766.632838507187,6233.3671614928135
356,test,13000,16704.73424409888,-3704.7342440988796
4402,test,22000,23802.074051233707,-1802.074051233707
3909,test,8000,11128.015664060265,-3128.0156640602654
4451,test,6500,7700.7866887487235,-1200.7866887487235
517,test,45000,16244.443285448706,28755.556714551294
2080,test,24000,21297.62406009942,2702.3759399005794
1274,test,85000,75457.41735044641,9542.582649553588
3626,test,10500,8882.644710629493,1617.3552893705073
1006,test,15000,13373.046451842427,1626.953548157573
4223,test,55000,40019.33423504002,14980.66576495998
609,test,65000,55795.822938647194,9204.177061352806
1780,test,30000,25208.99894519316,4791.0010548068385
3159,test,8000,13414.090093491752,-5414.090093491752
2834,test,68000,42587.11816261102,25412.88183738898
1756,test,14000,24140.24638772816,-10140.246387728159
2102,test,15000,10516.853960330387,4483.146039669613
2839,test,110000,134628.99064716863,-24628.990647168626
2014,test,6000,5321.9505095825225,678.0494904174775
1022,test,140000,71350.90695127213,68649.09304872787
269,test,8000,11367.90297153982,-3367.902971539819
1254,test,7500,18484.166632972072,-10984.166632972072
2179,test,13500,18480.810823379776,-4980.810823379776
2570,test,12000,13712.096841422757,-1712.0968414227573
148,test,5500,6388.426181200219,-888.4261812002187
696,test,40000,42000.062744306946,-2000.0627443069461
4119,test,9000,12103.050248431664,-3103.050248431664
4286,test,10000,9625.091737638353,374.90826236164685
4267,test,20000,14435.851163740499,5564.148836259501
2514,test,7000,8951.257248530808,-1951.2572485308083
1119,test,300000,312243.4098804987,-12243.409880498715
41,test,12000,22724.846888169224,-10724.846888169224
3104,test,8000,6632.471628939826,1367.5283710601743
3590,test,22000,14125.418862732571,7874.581137267429
316,test,8000,7859.905478437716,140.09452156228417
1053,test,14000,24668.986669777125,-10668.986669777125
886,test,17000,34084.67750018553,-17084.677500185528
2334,test,54000,46851.659033310454,7148.340966689546
4343,test,8500,12752.972823127124,-4252.972823127124
4465,test,45000,36701.20424880784,8298.795751192163
1702,test,16000,13382.040193108747,2617.959806891253
3990,test,14000,15232.722216774435,-1232.7222167744349
539,test,85000,69478.85776962883,15521.142230371173
340,test,8500,8846.869072023112,-346.8690720231116
477,test,22000,15094.840613029955,6905.159386970045
3099,test,6800,7054.568877422056,-254.56887742205618
3185,test,12000,7254.326231594108,4745.673768405892
1875,test,7000,6336.123881485013,663.876118514987
2204,test,8000,10947.107887067164,-2947.1078870671645
1327,test,34999,35565.75154424689,-566.7515442468866
1550,test,30000,18443.746454561053,11556.253545438947
946,test,11000,19236.99902138025,-8236.999021380248
3881,test,7500,10224.85641038609,-2724.85641038609
1714,test,380000,152138.46087324823,227861.53912675177
1359,test,22000,16571.826804702472,5428.173195297528
267,test,15000,9281.329711767567,5718.670288232433
4046,test,22000,21395.177366457872,604.8226335421277
2495,test,7500,9025.527700847208,-1525.5277008472076
3587,test,7000,12891.948057637983,-5891.948057637983
1264,test,53000,25169.221251757433,27830.778748242567
0,test,10000,9497.397035805488,502.6029641945115
1885,test,17000,14175.542397157446,2824.4576028425545
2365,test,10000,14362.11512265894,-4362.115122658941
3407,test,14000,16052.445790055968,-2052.4457900559682
4011,test,15000,23089.660605541994,-8089.660605541994
2527,test,12000,15900.490920952869,-3900.4909209528687
1071,test,24000,20893.694824758455,3106.305175241545
4236,test,13000,13546.630994143547,-546.6309941435466
2995,test,40000,19314.92752267915,20685.07247732085
57,test,6000,11003.653431563022,-5003.6534315630215
1524,test,16000,12540.149181833971,3459.850818166029
4332,test,21000,22121.906052338953,-1121.9060523389526
1434,test,250000,192952.4011643356,57047.598835664394
2686,test,33000,24475.660605892306,8524.339394107694
1675,test,25000,16761.490910784552,8238.509089215448
3550,test,10000,15046.379820478216,-5046.379820478216
3899,test,35000,23406.714388088476,11593.285611911524
225,test,3500,8837.833717309151,-5337.833717309151
3736,test,10000,26310.80425626051,-16310.804256260511
2258,test,15000,9441.798141637282,5558.201858362718
4222,test,10000,10856.168055645983,-856.1680556459833
2083,test,62000,37191.81660020538,24808.183399794623
3628,test,10000,13431.762174113357,-3431.762174113357
3465,test,12000,11513.12075083123,486.8792491687691
3424,test,7000,8195.949993410195,-1195.949993410195
1479,test,50000,24520.693169748745,25479.306830251255
3703,test,12500,13087.885351207546,-587.8853512075457
2482,test,36000,30875.005740509627,5124.994259490373
2440,test,12000,11543.17956777316,456.82043222683933
2673,test,5000,8561.06571993058,-3561.0657199305806
1005,test,60000,30762.863216262624,29237.136783737376
699,test,140000,80261.49290001327,59738.50709998673
3650,test,30000,40141.265324747284,-10141.265324747284
3290,test,13000,10841.972092954895,2158.027907045105
1073,test,70000,92457.48153624259,-22457.481536242587
2640,test,13000,15449.105566537652,-2449.1055665376516
3001,test,20000,10491.706441340162,9508.293558659838
4498,test,15000,12961.38984699544,2038.6101530045598
3000,test,11000,8453.119628450853,2546.8803715491467
1535,test,10000,9929.514161059607,70.48583894039257
424,test,9000,15967.40130220083,-6967.401302200829
3693,test,100000,82330.27347078237,17669.72652921763
1255,test,30000,21400.714221066344,8599.285778933656
2774,test,21000,24253.03193604033,-3253.03193604033
4532,test,19000,21105.82821182382,-2105.8282118238203
3319,test,14000,9876.610093330435,4123.389906669565
1358,test,45000,40075.38646387402,4924.61353612598
1058,test,11000,30092.46919699475,-19092.46919699475
3985,test,10000,6924.410862255874,3075.5891377441258
2434,test,50000,41262.89658804409,8737.103411955912
588,test,350000,558609.0613969489,-208609.06139694888
3071,test,21000,25233.264191523544,-4233.264191523544
1977,test,5000,8098.233867145106,-3098.233867145106
1665,test,14000,10639.485648676355,3360.5143513236453
4696,test,6000,9431.188184685121,-3431.188184685121
3614,test,14000,13122.627968900782,877.3720310992176
35,test,15000,8539.230529790912,6460.7694702090885
3843,test,12000,9244.703429892023,2755.2965701079775
2421,test,29000,12752.657021024947,16247.342978975053
2233,test,9000,7414.934144790512,1585.0658552094883
4624,test,6000,7921.950739248139,-1921.9507392481391
112,test,20000,7813.38505642959,12186.61494357041
3937,test,5000,4970.915044575891,29.084955424108557
2526,test,11000,11141.504538983048,-141.5045389830484
594,test,210000,82852.97358882579,127147.02641117421
877,test,48000,29624.117653927387,18375.882346072613
2904,test,3500,6683.243133593265,-3183.243133593265
1611,test,9500,11767.678432496814,-2267.678432496814
2569,test,70000,43531.94919191697,26468.050808083033
3470,test,12000,16935.26210376579,-4935.262103765788
2917,test,14500,35502.17704148023,-21002.17704148023
4082,test,8500,6562.828866960342,1937.1711330396583
3045,test,33000,18675.7088424185,14324.291157581501
3766,test,11500,11706.441140694185,-206.44114069418538
4107,test,15000,11890.570532566588,3109.4294674334124
1911,test,21500,23276.160318797687,-1776.160318797687
4355,test,20000,20671.46348765491,-671.4634876549098
979,test,45000,77375.09198841114,-32375.091988411135
1513,test,25000,19511.591103554387,5488.408896445613
2109,test,10000,7071.078411471772,2928.9215885282283
4436,test,12000,11080.210369783166,919.7896302168338
1820,test,55000,53662.42026126762,1337.5797387323764
126,test,8000,6759.435522616229,1240.5644773837712
4544,test,17000,31144.51087519852,-14144.51087519852
807,test,90000,117073.12750374146,-27073.12750374146
2325,test,8500,9458.442478092173,-958.4424780921727
3206,test,16000,15414.896847356064,585.1031526439365
2349,test,4500,6827.8661165496505,-2327.8661165496505
491,test,13000,11767.989773254818,1232.010226745182
3618,test,16500,7175.359043617583,9324.640956382416
1445,test,230000,270011.78091292834,-40011.78091292834
2587,test,32000,26331.48241363795,5668.51758636205
1109,test,250000,176729.99805092716,73270.00194907284
1778,test,6000,5866.986036969248,133.01396303075217
2403,test,14000,28436.122046147615,-14436.122046147615
1017,test,250000,201411.0150248652,48588.98497513481
2957,test,12500,17027.13083395576,-4527.130833955762
2988,test,10500,14435.628101780076,-3935.6281017800757
4062,test,22000,27872.505142857757,-5872.505142857757
3272,test,35000,32027.928045088553,2972.0719549114474
3335,test,22000,20529.388787083662,1470.6112129163375
2486,test,7500,7599.204998036072,-99.20499803607163
3003,test,22000,63959.465075772,-41959.465075772
7,test,5000,5821.963002183237,-821.9630021832372
4508,test,7500,10677.695416654133,-3177.6954166541327
4630,test,15000,11762.715905204346,3237.284094795654
3417,test,12000,11378.904432623529,621.0955673764711
3979,test,40000,24007.10079361417,15992.899206385831
4196,test,9500,9028.055119903149,471.9448800968512
3546,test,10500,11454.499019085093,-954.4990190850931
3215,test,12000,12259.29404140291,-259.2940414029108
4117,test,50000,38019.59668150947,11980.403318490527
3861,test,10000,17711.916324066635,-7711.916324066635
1581,test,11400,17181.029468988767,-5781.029468988767
3351,test,16000,17643.119586637542,-1643.119586637542
4002,test,35000,33943.36581412931,1056.6341858706874
1229,test,62000,38989.709096226085,23010.290903773915
4178,test,9500,13338.67605502125,-3838.6760550212493
4158,test,22000,13730.37329062718,8269.62670937282
771,test,60000,31860.213774113457,28139.786225886543
945,test,28000,17179.133635811377,10820.866364188623
4570,test,13000,9875.504728548356,3124.495271451644
655,test,75000,60091.38057140962,14908.619428590377
3094,test,12000,12456.944278478404,-456.94427847840416
89,test,8500,12619.77028719539,-4119.77028719539
2680,test,30000,24713.487950366172,5286.512049633828
1595,test,16000,10095.760870375896,5904.239129624104
3732,test,10000,18797.809749010554,-8797.809749010554
4323,test,13000,14625.127882464494,-1625.1278824644942
4173,test,20000,19059.800048243353,940.1999517566474
941,test,22000,17911.94808913123,4088.0519108687695
3829,test,32000,26032.416812280815,5967.583187719185
889,test,8500,16021.441638700446,-7521.441638700446
2730,test,14000,10457.59317102808,3542.40682897192
1413,test,85000,109392.91437527176,-24392.914375271765
4553,test,6500,8047.866939222612,-1547.866939222612
2544,test,40000,29465.419973618347,10534.580026381653
1556,test,16000,20237.371837621176,-4237.371837621176
1495,test,17000,18824.488249860773,-1824.488249860773
164,test,40000,17800.259668152463,22199.740331847537
1829,test,18000,10558.922704249891,7441.0772957501085
1159,test,40000,43795.21238230608,-3795.212382306083
2215,test,48000,46352.48360267758,1647.516397322419
3334,test,9500,13849.059722028325,-4349.059722028325
3062,test,12500,9402.488627625704,3097.511372374296
190,test,13000,14601.600703523682,-1601.6007035236817
4297,test,8000,6068.253977704724,1931.746022295276
4220,test,14000,11381.130376616404,2618.8696233835963
4491,test,10500,12711.618897213535,-2211.618897213535
3957,test,6000,8141.041061974608,-2141.041061974608
4146,test,9000,7616.227082074249,1383.7729179257512
33,test,5000,7275.0073781713845,-2275.0073781713845
3270,test,16000,14630.471098859372,1369.5289011406276
1972,test,15000,10776.418137401422,4223.581862598578
3738,test,8000,9440.92124885213,-1440.9212488521298
2442,test,4500,8476.709108493451,-3976.709108493451
1175,test,35000,36705.556834816154,-1705.5568348161542
914,test,27000,23270.399501313077,3729.600498686923
2192,test,7500,9864.248213950286,-2364.2482139502863
1220,test,46000,44420.59323158507,1579.4067684149268
4341,test,60000,127203.88269176586,-67203.88269176586
4356,test,12500,11771.723070920427,728.2769290795732
2682,test,13000,21945.429862364246,-8945.429862364246
1724,test,10500,10516.86164748591,-16.861647485909998
2650,test,190000,102442.18119144475,87557.81880855525
151,test,3500,6177.691845982609,-2677.6918459826093
420,test,10000,6500.99793501137,3499.00206498863
4518,test,9000,9949.008004544039,-949.0080045440391
1874,test,15000,11636.347402963953,3363.652597036047
136,test,5000,6165.2644882932955,-1165.2644882932955
3853,test,5000,5714.411197844335,-714.4111978443352
3435,test,90000,55059.0250088525,34940.9749911475
3357,test,15000,10518.242316214802,4481.7576837851975
3038,test,35000,28900.438153107832,6099.5618468921675
4008,test,15000,13319.709514077247,1680.2904859227529
4710,test,25000,22499.767251119723,2500.2327488802766
2580,test,27000,11726.646469289564,15273.353530710436
3757,test,34000,37407.50628246515,-3407.506282465147
4574,test,13000,11540.7817940094,1459.2182059906008
2524,test,12000,23777.33636675219,-11777.336366752192
1774,test,17000,22886.267598108898,-5886.267598108898
389,test,10000,9740.995945833814,259.0040541661856
716,test,33000,35807.02839867642,-2807.028398676419
2954,test,16500,20854.451102173152,-4354.451102173152
3885,test,8200,7021.608173847886,1178.391826152114
721,test,100000,44504.19184099755,55495.80815900245
1194,test,25000,48509.3697825738,-23509.369782573798
1852,test,24000,28728.336847885315,-4728.336847885315
3869,test,75000,83630.60605457288,-8630.606054572883
3084,test,24000,14753.074960554311,9246.925039445689
1534,test,30000,10811.280902510573,19188.719097489426
1999,test,24000,25035.710984198748,-1035.7109841987476
3965,test,10500,9590.408656598502,909.5913434014983
1819,test,7500,7480.700665728987,19.299334271013322
1084,test,160000,93647.70586182717,66352.29413817283
1771,test,15000,11975.617565481065,3024.382434518935
3060,test,27000,27011.507219254367,-11.507219254366646
4526,test,12500,15770.347632442164,-3270.3476324421645
3375,test,7000,11513.886156504586,-4513.886156504586
1231,test,80000,83712.81811687867,-3712.8181168786687
2586,test,14000,12006.831482669066,1993.1685173309343
1768,test,16000,14659.091564088694,1340.9084359113058
202,test,15000,11020.634875687501,3979.3651243124987
2862,test,14000,17143.154342355985,-3143.154342355985
47,test,12000,6560.200073337915,5439.799926662085
1365,test,350000,262186.6651282479,87813.33487175207
4226,test,27000,17200.348854800544,9799.651145199456
4072,test,25000,17987.8727194644,7012.127280535598
2958,test,14000,15682.563825999547,-1682.5638259995467
2688,test,70000,46766.32187507019,23233.678124929807
1279,test,52000,30186.392422665926,21813.607577334074
4509,test,35000,96575.0353139632,-61575.035313963206
1204,test,25000,19182.51724317799,5817.48275682201
3655,test,10500,14178.550084926273,-3678.5500849262735
2167,test,18000,13979.677758207497,4020.3222417925026
2931,test,7000,11886.079156560872,-4886.079156560872
3091,test,9000,7413.933058279731,1586.066941720269
1900,test,25000,12757.079783951578,12242.920216048422
2146,test,17000,17332.2964812971,-332.2964812971004
4590,test,15000,11003.780270437164,3996.2197295628357
2982,test,15000,8702.177454442686,6297.822545557314
2602,test,29000,39412.198080687325,-10412.198080687325
528,test,60000,27004.000705575312,32995.99929442469
3136,test,15000,21563.48063602578,-6563.480636025779
1143,test,250000,398217.5512783251,-148217.5512783251
3199,test,70000,38033.43365602009,31966.56634397991
493,test,6000,5407.264303980194,592.7356960198058
2176,test,16000,17351.180445185622,-1351.1804451856224
4699,test,13000,12378.763354571658,621.236645428342
1471,test,54500,48874.98006408783,5625.019935912169
2636,test,130000,90194.42152891943,39805.578471080575
4183,test,12333,11345.085174185986,987.914825814014
2411,test,95000,64960.88163226004,30039.11836773996
1038,test,70000,108553.67780058968,-38553.67780058968
4164,test,15000,19047.98210407251,-4047.982104072511
4374,test,18000,10706.297687989227,7293.702312010773
2160,test,10000,8097.552425208707,1902.447574791293
4682,test,20000,21672.175960690452,-1672.1759606904525
2174,test,10000,15840.327042716794,-5840.327042716794
2312,test,85000,71910.99368472147,13089.00631527853
3903,test,60000,30685.68918895456,29314.31081104544
2085,test,18000,16603.047378117666,1396.952621882334
4535,test,18500,14451.880754291187,4048.1192457088127
1099,test,85000,71900.96708417,13099.032915830001
1407,test,6500,27232.14874973275,-20732.14874973275
1179,test,130000,113993.96907345655,16006.030926543448
353,test,6500,4415.555378985672,2084.444621014328
741,test,320000,440136.8743367711,-120136.87433677108
4245,test,30000,25156.119102518693,4843.880897481307
1490,test,90000,106009.56279883906,-16009.562798839062
264,test,8000,9322.83586773976,-1322.8358677397591
2520,test,35000,11281.181432481519,23718.81856751848
4719,test,30000,32596.747539338103,-2596.747539338103
1846,test,12000,18955.7055920784,-6955.7055920784005
611,test,85000,70544.17691471193,14455.823085288066
4620,test,20000,13507.770072847534,6492.229927152466
3245,test,20000,13856.600036573449,6143.399963426551
4523,test,35000,28072.05666225249,6927.943337747511
4006,test,12500,14297.004897538336,-1797.004897538336
3004,test,6000,12150.527083414128,-6150.527083414128
2029,test,8000,7741.284119611286,258.71588038871414
2262,test,8000,9964.089206748353,-1964.0892067483528
572,test,27000,26592.987951682713,407.0120483172868
1787,test,16500,16971.674402146396,-471.67440214639646
1547,test,7500,7307.270586893014,192.7294131069857
871,test,85000,108108.81198292472,-23108.811982924715
1928,test,35000,20113.862603053443,14886.137396946557
4432,test,10000,19832.392464807792,-9832.392464807792
1924,test,6000,7282.273033324459,-1282.273033324459
456,test,9500,8171.639021911899,1328.3609780881006
3870,test,250000,69965.0533178199,180034.9466821801
4264,test,14000,14134.229640101366,-134.22964010136639
329,test,3000,4977.647250407282,-1977.6472504072817
1786,test,17000,11705.53877148094,5294.46122851906
280,test,7000,7715.334537381036,-715.3345373810362
2095,test,26000,26508.345343247183,-508.34534324718334
2773,test,19500,15395.29465069621,4104.705349303789
2857,test,22999,28729.32781542299,-5730.327815422988
3801,test,9000,6559.805003760669,2440.194996239331
635,test,32000,21114.385185315063,10885.614814684937
1152,test,26500,32148.9435863657,-5648.943586365702
1985,test,13500,6681.50777234144,6818.49222765856
3390,test,13000,18998.12628355748,-5998.126283557482
3747,test,8000,6776.567731469853,1223.4322685301468
1177,test,20000,16200.073028183895,3799.926971816105
2144,test,7700,9082.551138117915,-1382.551138117915
4733,test,29000,24543.64143574967,4456.358564250331
832,test,55000,63326.30231544121,-8326.302315441208
425,test,5000,6032.498887618785,-1032.4988876187854
1821,test,11000,13872.150482378654,-2872.1504823786545
3426,test,10000,9708.160016388016,291.8399836119843
1212,test,20000,24794.697028789025,-4794.697028789025
3473,test,12000,17644.982453019842,-5644.982453019842
1898,test,12000,15678.463460146259,-3678.4634601462585
4552,test,7500,7832.452842999153,-332.4528429991533
1872,test,9000,13889.51991792168,-4889.51991792168
1754,test,14500,19758.032212310045,-5258.032212310045
1320,test,45000,47295.92064921303,-2295.9206492130324
1012,test,42000,46202.70498706108,-4202.704987061079
3067,test,34000,34802.275897339816,-802.2758973398159
1435,test,150000,94871.73917698332,55128.26082301668
903,test,50000,38046.374779825586,11953.625220174414
2775,test,20000,23392.596696938945,-3392.5966969389447
1275,test,40000,32959.36597900861,7040.634020991391
2874,test,18000,13009.551902319796,4990.448097680204
1565,test,20000,15317.414449703147,4682.585550296853
963,test,52000,55825.045446007454,-3825.0454460074543
2984,test,7600,10380.225963590972,-2780.2259635909722
2922,test,90000,59172.48130696367,30827.518693036327
1501,test,17000,16062.050662924446,937.9493370755536
3178,test,12000,10790.74664381088,1209.2533561891196
159,test,6000,7336.907682017759,-1336.9076820177588
2579,test,24000,19159.03437332045,4840.96562667955
3967,test,9000,10364.922819990777,-1364.9228199907775
1151,test,75000,102808.2255448375,-27808.225544837507
3855,test,14000,14200.616608814591,-200.61660881459102
3947,test,13000,13198.78241456742,-198.78241456742035
2462,test,40000,24976.775738410346,15023.224261589654
4248,test,7500,6786.436039349022,713.5639606509776
4168,test,5500,7359.668132094583,-1859.6681320945827
1860,test,14000,14897.63601981223,-897.6360198122293
666,test,55000,129157.30014315322,-74157.30014315322
770,test,120000,94137.2137752101,25862.786224789903
4076,test,11000,13258.474235081288,-2258.4742350812885
1938,test,7000,8190.494202254126,-1190.4942022541263
3514,test,34000,22101.51234131825,11898.487658681752
4175,test,7500,8088.7553031592315,-588.7553031592315
2713,test,6000,11896.117231030388,-5896.117231030388
1363,test,23000,28236.178346997127,-5236.178346997127
3475,test,26000,13418.70500857895,12581.29499142105
2714,test,18000,14026.103957266616,3973.896042733384
4334,test,12000,11716.036015856651,283.9639841433491
2696,test,13500,11358.953646886019,2141.0463531139812
1297,test,55000,69486.27204515504,-14486.272045155041
2316,test,16000,18935.966915405566,-2935.9669154055664
537,test,28000,28950.687475506344,-950.6874755063436
1409,test,69999,101313.49079880663,-31314.490798806626
3574,test,9500,11682.969043250356,-2182.9690432503558
1651,test,32900,24361.029378120707,8538.970621879293
3117,test,8000,5059.299237776332,2940.700762223668
1769,test,5000,6926.726403972593,-1926.7264039725933
3820,test,13500,13303.121911053573,196.87808894642694
1333,test,25000,19228.898953121847,5771.101046878153
4275,test,12000,15094.058375800381,-3094.0583758003813
1596,test,10000,11659.788439991094,-1659.7884399910945
369,test,9000,6739.390277082003,2260.609722917997
4368,test,32000,19008.69838787118,12991.30161212882
2606,test,8000,9220.86241705116,-1220.8624170511594
4385,test,13000,8603.83939922552,4396.1606007744795
3352,test,26000,30132.788458514642,-4132.788458514642
1298,test,66000,47527.17847403702,18472.82152596298
748,test,130000,87203.42670143992,42796.57329856008
2320,test,5000,13537.435254241007,-8537.435254241007
4534,test,200000,92172.65120400918,107827.34879599082
2767,test,18000,14539.932198867815,3460.067801132185
4155,test,12500,12708.750585811062,-208.75058581106168
2113,test,7500,7108.842770615242,391.15722938475756
2114,test,16000,14221.67087446376,1778.32912553624
4073,test,13000,9437.838336417071,3562.1616635829287
576,test,95000,71033.49508691957,23966.504913080425
2645,test,7000,15873.677334776154,-8873.677334776154
907,test,34000,36775.1475310219,-2775.147531021903
1689,test,18000,13803.316431758027,4196.683568241973
3501,test,7000,6544.878885141444,455.1211148585562
3699,test,13000,7260.838508915675,5739.161491084325
4577,test,4000,7133.215599447571,-3133.2155994475706
612,test,50000,41451.660214052594,8548.339785947406
2340,test,19000,16348.383852173843,2651.6161478261565
2292,test,12000,8201.896839023033,3798.103160976967
1313,test,23000,22628.655032389182,371.34496761081755
3744,test,10000,12228.686122460895,-2228.6861224608947
4081,test,20000,24618.63325919708,-4618.633259197079
3340,test,33000,45437.318068707355,-12437.318068707355
4493,test,16000,13272.676914993792,2727.323085006208
