row_id,split,actual_rent,predicted_rent,residual
1124,train,95000,80597.65489448965,14402.34510551035
3886,train,12000,14848.185870599462,-2848.185870599462
4122,train,14000,13641.991861524315,358.008138475685
2762,train,6500,7444.619000943616,-944.6190009436159
1963,train,30000,26842.095693261363,3157.9043067386374
345,train,12000,10982.810244651151,1017.1897553488488
3892,train,20000,19695.806867569107,304.19313243089346
3420,train,6250,7094.98649485216,-844.9864948521599
2348,train,6000,6215.7828259763155,-215.7828259763155
4572,train,37000,30539.182067696463,6460.8179323035365
288,train,7000,6708.812465941413,291.1875340585866
3875,train,58000,53944.57294505775,4055.427054942251
4652,train,9000,9867.426467829362,-867.4264678293621
2920,train,10000,10491.792364083112,-491.79236408311226
641,train,68000,62088.34091425035,5911.6590857496485
3749,train,5000,5639.737374184978,-639.7373741849779
3972,train,24000,19165.933591608253,4834.066408391747
1625,train,22000,23238.40363383103,-1238.4036338310289
1703,train,20000,17346.036438803043,2653.963561196957
3288,train,35000,23437.951562615475,11562.048437384525
3553,train,13000,13323.911067539286,-323.9110675392858
1465,train,70000,62393.08076383429,7606.9192361657115
3938,train,13000,12953.476302482806,46.523697517193796
885,train,32000,28647.274409518745,3352.7255904812555
3121,train,11000,10951.79787022855,48.20212977144911
2055,train,18000,17432.790884060003,567.209115939997
381,train,12000,18583.327551133636,-6583.327551133636
2810,train,9500,10965.928480810924,-1465.9284808109242
2885,train,33500,30355.732765021283,3144.267234978717
3883,train,16000,17882.34289017513,-1882.3428901751286
2801,train,13000,13722.080285342076,-722.0802853420755
2695,train,7500,8128.711630283043,-628.7116302830427
1899,train,75000,64079.43955869882,10920.560441301182
4455,train,16000,16475.214385309308,-475.21438530930754
3793,train,10000,10553.723645046972,-553.7236450469718
3668,train,9000,9957.800191013674,-957.8001910136736
1839,train,16500,17127.575933183554,-627.5759331835543
3894,train,12500,12999.043147690978,-499.043147690978
1355,train,52000,46433.93399520063,5566.066004799373
2697,train,14000,14062.307118726108,-62.307118726108456
514,train,22000,21844.985394616564,155.014605383436
927,train,30000,23567.812393607208,6432.187606392792
1104,train,17000,17938.729057103024,-938.7290571030244
3360,train,8000,8185.6937557356505,-185.69375573565048
2768,train,30000,32792.04889799475,-2792.0488979947477
1165,train,52000,51164.22127190936,835.7787280906414
2715,train,18000,18568.48348181486,-568.4834818148593
4305,train,6000,7166.203603985706,-1166.2036039857057
1257,train,100000,140485.58008028456,-40485.58008028456
2594,train,18000,19425.31971536685,-1425.3197153668516
3217,train,20000,20779.66271046292,-779.6627104629188
3163,train,10000,11485.351961823093,-1485.351961823093
1554,train,15000,13545.887490652207,1454.112509347793
3088,train,26000,24986.227002742464,1013.7729972575362
998,train,70000,70414.64963054475,-414.64963054475083
417,train,6500,6004.702838284815,495.2971617151852
427,train,5500,5487.835464670183,12.164535329817227
2632,train,40000,37507.84687759226,2492.1531224077407
4519,train,18000,18512.677569254924,-512.6775692549236
850,train,190000,233789.78306099802,-43789.783060998016
3968,train,11000,10317.640094092658,682.3599059073422
4003,train,6000,6566.646322701819,-566.6463227018194
3265,train,24000,28431.66024116003,-4431.660241160029
108,train,8000,7889.146858110256,110.85314188974371
3309,train,7500,7468.692323568965,31.30767643103536
3872,train,60000,61930.185927329076,-1930.1859273290756
2286,train,15000,14750.692452493457,249.30754750654341
1950,train,40000,38511.08140099786,1488.9185990021433
3657,train,20000,20350.895477488943,-350.89547748894256
4546,train,10000,10091.541976952542,-91.54197695254152
4600,train,20000,17141.90476708681,2858.0952329131906
2379,train,80000,68533.58594844064,11466.41405155936
4379,train,12500,11785.363259052227,714.6367409477734
3836,train,20000,18648.914771898984,1351.0852281010157
2806,train,14000,12526.569045213513,1473.4309547864868
376,train,7000,7485.845174303836,-485.84517430383585
2051,train,7000,7107.046293022223,-107.04629302222293
1805,train,15000,13331.75929813944,1668.2407018605609
2744,train,12000,12514.70414173726,-514.7041417372602
549,train,20000,19868.130246626155,131.86975337384501
1378,train,24000,26042.66332467023,-2042.6633246702295
2728,train,13500,15234.365200545855,-1734.3652005458553
3220,train,11000,11876.444185147877,-876.4441851478769
575,train,40000,40422.98703398633,-422.9870339863264
468,train,6500,7155.5502937893325,-655.5502937893325
213,train,11000,9370.387030310087,1629.6129696899134
3526,train,15000,15730.48523066376,-730.4852306637604
4278,train,15000,14760.877281534515,239.12271846548538
677,train,55000,58651.174520297405,-3651.1745202974053
3410,train,15000,17889.931553376744,-2889.931553376744
3041,train,12000,12917.178853917918,-917.1788539179179
1994,train,22000,21562.190748504177,437.80925149582254
1222,train,21000,21626.197972743004,-626.1979727430044
1570,train,8500,9198.779605710659,-698.7796057106589
4271,train,13000,13290.24365982908,-290.24365982908057
438,train,5000,4975.883569732668,24.116430267332362
821,train,34000,34173.695447895916,-173.695447895916
4449,train,9000,8607.412773888338,392.58722611166195
3025,train,11200,10843.810761462588,356.18923853741217
530,train,300000,287298.38096832327,12701.619031676732
2702,train,4000,4468.966084952747,-468.9660849527472
3884,train,18000,20887.50376718187,-2887.503767181872
2745,train,13500,12187.676283458824,1312.3237165411756
1722,train,19000,17849.496666689243,1150.5033333107567
1704,train,28000,25647.83051421132,2352.1694857886796
661,train,35000,37352.8556783866,-2352.8556783866006
1243,train,72000,60022.934995248856,11977.065004751144
1027,train,230000,174683.75795209713,55316.242047902866
4463,train,20000,21219.303934259227,-1219.3039342592274
2210,train,10000,10833.823435285063,-833.8234352850632
1607,train,6000,7169.99376663361,-1169.99376663361
163,train,9000,9705.081109044115,-705.0811090441148
3591,train,7000,6240.387189137683,759.612810862317
4262,train,10000,9300.21311814635,699.7868818536499
2722,train,20000,19941.32422429051,58.675775709489244
4058,train,30000,31180.36857220734,-1180.3685722073387
3627,train,15000,15464.553793423445,-464.5537934234453
3187,train,13000,14692.446656126858,-1692.4466561268582
812,train,36000,37605.24547666287,-1605.2454766628725
1508,train,13500,10704.323402914339,2795.6765970856613
2811,train,15000,16842.78477856913,-1842.7847785691301
3362,train,12000,12395.142237824988,-395.1422378249881
4457,train,12000,12142.178587390259,-142.17858739025905
421,train,12000,11498.340405983146,501.6595940168536
1477,train,70000,59946.05967158306,10053.940328416938
1588,train,10000,10334.197638542726,-334.19763854272605
313,train,15000,15702.760310788504,-702.7603107885043
3945,train,12000,12881.736804354265,-881.7368043542647
2161,train,24000,23953.206320424935,46.79367957506474
277,train,15000,11469.481649601352,3530.518350398648
2750,train,9000,8852.842969583477,147.1570304165234
140,train,12500,12356.435285897465,143.5647141025347
1383,train,37000,41580.80987540581,-4580.809875405808
2708,train,10000,9606.210772049055,393.78922795094513
1881,train,15000,15053.226020723732,-53.22602072373229
4448,train,400000,257814.47958928975,142185.52041071025
310,train,9000,8065.809642638446,934.1903573615537
3601,train,18000,18216.186492694473,-216.1864926944727
4279,train,15000,13113.968224637127,1886.0317753628733
3190,train,15000,14877.057548740771,122.94245125922862
1347,train,20000,19920.829857007953,79.17014299204675
2295,train,30000,25749.427371415488,4250.572628584512
189,train,6500,5648.870022134497,851.129977865503
1923,train,24000,20571.175188626126,3428.8248113738737
1842,train,17000,15669.028415205014,1330.9715847949865
1155,train,38000,39292.48816258371,-1292.488162583708
3933,train,23000,19615.876702830257,3384.1232971697427
61,train,30000,35275.98374207246,-5275.983742072458
1691,train,20000,19539.202964958004,460.7970350419964
499,train,6000,6708.552095451973,-708.5520954519734
1733,train,12500,13389.199831109527,-889.1998311095267
2555,train,6000,6205.504487497974,-205.50448749797397
2004,train,15000,11908.431902440243,3091.568097559757
1337,train,110000,112872.42496531871,-2872.4249653187144
2652,train,60000,64940.15117104935,-4940.1511710493505
3823,train,22000,20471.037370968126,1528.9626290318738
2193,train,34000,37553.441214343235,-3553.4412143432346
1425,train,35000,33965.104992133405,1034.8950078665948
2893,train,16000,15879.280973361121,120.71902663887886
687,train,100000,95132.18865388418,4867.811346115821
1517,train,7500,7572.389307244703,-72.38930724470265
852,train,75000,94940.70728088687,-19940.70728088687
4726,train,35000,28175.994099447315,6824.0059005526855
261,train,7000,7300.603009751728,-300.60300975172777
4487,train,18000,16572.86496180764,1427.1350381923585
3852,train,15000,13591.696121488196,1408.3038785118042
4246,train,18000,14383.00578898028,3616.9942110197208
584,train,13000,20303.095328707863,-7303.095328707863
1305,train,51000,56521.81523080332,-5521.815230803317
875,train,15000,16898.182688547255,-1898.1826885472547
4116,train,14000,13773.300814357806,226.6991856421937
1608,train,17000,15309.266454712892,1690.7335452871084
4302,train,18000,19457.819117945543,-1457.8191179455425
1560,train,12000,9770.042404306138,2229.9575956938625
827,train,40000,42108.662844979925,-2108.6628449799246
625,train,85000,78037.22661624679,6962.773383753214
4274,train,25000,21926.10479174792,3073.895208252081
1984,train,11000,9371.386963219204,1628.6130367807964
1642,train,12000,13750.764316856652,-1750.764316856652
1278,train,15000,15199.864568129136,-199.8645681291364
4468,train,24000,26325.154685675836,-2325.154685675836
1742,train,14000,21118.108868653828,-7118.108868653828
4400,train,50000,55270.68067916599,-5270.680679165991
522,train,25000,20835.2643174365,4164.7356825635
4688,train,12000,12118.088204406338,-118.08820440633826
614,train,120000,88856.21704211383,31143.78295788617
2223,train,28000,27123.877017511128,876.1229824888724
2483,train,12000,12919.010549333421,-919.0105493334213
2281,train,22000,22916.723135307202,-916.723135307202
3394,train,20000,20994.41200246814,-994.4120024681397
2698,train,18000,18848.010687033347,-848.0106870333475
935,train,18000,20492.947995506394,-2492.9479955063944
1987,train,55000,51892.27983726149,3107.7201627385075
483,train,5000,5279.661281434877,-279.6612814348773
4396,train,24000,20912.00015760221,3087.9998423977886
2047,train,11000,10868.594228813956,131.40577118604415
459,train,22500,19838.334645826184,2661.665354173816
4615,train,5000,6017.457292993348,-1017.4572929933483
4156,train,31000,33251.219264869396,-2251.2192648693963
3871,train,10000,9832.536051187171,167.46394881282868
2116,train,14000,12889.080890303288,1110.9191096967115
3081,train,12000,13404.331611453794,-1404.3316114537938
4094,train,12000,11761.663018762792,238.3369812372075
4632,train,9000,9772.70540650898,-772.7054065089796
4229,train,8000,8529.547371581948,-529.547371581948
3713,train,19000,16323.644869878588,2676.355130121412
2010,train,50000,33228.572402415244,16771.427597584756
1589,train,7000,6246.907088521739,753.0929114782612
1139,train,77000,75025.50789859671,1974.492101403288
2494,train,14000,12842.15722749536,1157.8427725046404
1552,train,84000,85026.90707901948,-1026.907079019482
3294,train,65000,70892.84856120899,-5892.848561208986
3145,train,8500,7736.645078968696,763.354921031304
1751,train,7500,8376.36781515238,-876.36781515238
30,train,7500,6693.859270558263,806.1407294417368
462,train,14000,14152.834140570507,-152.83414057050686
3110,train,9000,8103.964515612814,896.0354843871864
3479,train,12000,11814.056626590424,185.94337340957645
2545,train,36000,37557.84631938464,-1557.84631938464
2384,train,40000,23182.979141731925,16817.020858268075
1546,train,16000,16300.038387674967,-300.03838767496745
917,train,8000,10887.64624410196,-2887.6462441019594
4601,train,10000,10431.796288694537,-431.796288694537
432,train,5500,6468.047348139598,-968.0473481395984
4668,train,7000,8391.790035973943,-1391.7900359739433
901,train,75000,76122.67201581754,-1122.672015817545
3599,train,22000,22815.360691525242,-815.3606915252421
1882,train,11000,11485.487214018422,-485.4872140184216
1939,train,24000,21647.810476356026,2352.189523643974
2077,train,11000,10471.833548467026,528.166451532974
2662,train,35000,39895.15219946277,-4895.152199462769
1685,train,17500,16751.833192500315,748.1668074996851
1036,train,100000,123823.58816379975,-23823.58816379975
3856,train,20000,18231.975346586452,1768.0246534135476
406,train,5500,6054.227338616644,-554.2273386166444
3233,train,25000,23545.84323734448,1454.1567626555188
1880,train,10000,10656.89898128259,-656.8989812825894
3802,train,14000,14596.613207838163,-596.6132078381634
1537,train,7500,7388.265312649192,111.73468735080769
4389,train,15000,16475.60164738544,-1475.6016473854397
1185,train,76000,63777.25595184213,12222.744048157867
418,train,4500,4869.460414766926,-369.4604147669261
1068,train,130000,123675.49494905247,6324.505050947526
3838,train,15000,14041.250197527324,958.7498024726756
4501,train,8000,8173.675163445231,-173.6751634452312
4548,train,10000,10178.069729824656,-178.06972982465595
2082,train,10000,9871.155303055224,128.84469694477593
3558,train,24000,22692.10061099965,1307.8993890003512
2248,train,12000,12546.810855385023,-546.8108553850234
147,train,8000,7905.38183455658,94.61816544342037
4133,train,20000,19720.26461851191,279.73538148809166
137,train,17500,17953.786670305406,-453.786670305406
76,train,5500,5993.770976742509,-493.77097674250945
4565,train,18000,18369.579340944205,-369.5793409442049
2218,train,40000,31335.45454329659,8664.54545670341
833,train,80000,102931.2891417772,-22931.289141777204
1188,train,39000,40768.663642660715,-1768.6636426607147
43,train,8500,8576.315418707063,-76.31541870706315
3680,train,8000,9761.399716030372,-1761.3997160303716
2257,train,7000,7350.510556912284,-350.5105569122843
2529,train,24000,19926.538822535054,4073.4611774649456
4678,train,30000,24611.148667448266,5388.851332551734
4492,train,37000,33364.89040451364,3635.109595486363
2639,train,15000,13713.68579219736,1286.3142078026394
2492,train,14000,12578.783416255908,1421.2165837440916
3011,train,22000,19808.96480015298,2191.0351998470214
838,train,450000,465839.88926118345,-15839.889261183445
3332,train,20000,19867.130186617153,132.8698133828475
3720,train,40000,37792.231655304386,2207.7683446956144
323,train,8500,9047.13190739767,-547.1319073976701
4023,train,12000,13215.955000534017,-1215.955000534017
3733,train,20000,20368.094568554872,-368.09456855487224
274,train,30000,43088.2251063253,-13088.225106325299
1373,train,24000,27270.893486723326,-3270.8934867233256
3336,train,23000,19812.414724149312,3187.585275850688
2783,train,10000,9968.028758362487,31.97124163751323
169,train,40000,27874.797231640565,12125.202768359435
2541,train,16000,20621.800177695437,-4621.800177695437
1461,train,30000,29675.666606754487,324.33339324551343
2903,train,110000,101310.31896077353,8689.681039226474
2990,train,26000,23842.84134370205,2157.15865629795
4685,train,17000,15441.394761740197,1558.6052382598027
894,train,15500,16280.505591139008,-780.5055911390082
4007,train,25000,21273.857949358546,3726.1420506414543
631,train,50000,46956.05930581936,3043.9406941806374
2777,train,6500,7681.423171093114,-1181.4231710931144
3455,train,45000,48968.468448381616,-3968.4684483816163
2230,train,16000,15784.541321256558,215.45867874344185
3723,train,35000,25049.04491174122,9950.95508825878
2886,train,9500,9021.684182683872,478.31581731612823
4472,train,15000,14070.512146249348,929.487853750652
2408,train,9000,9476.35589939733,-476.35589939732927
730,train,95000,101666.44640437984,-6666.446404379836
2184,train,24000,22863.741908766984,1136.2580912330159
703,train,40000,39983.06798558952,16.932014410478587
652,train,43000,44961.7446745513,-1961.7446745513007
1280,train,13000,16362.122061320688,-3362.122061320688
4213,train,42000,42454.862701813836,-454.8627018138359
1905,train,6000,6979.646945361618,-979.6469453616182
4298,train,13000,13959.930872933457,-959.9308729334571
484,train,10000,10755.08234423318,-755.0823442331803
3146,train,20000,31263.296075020884,-11263.296075020884
1955,train,15000,14322.76243556777,677.2375644322292
4100,train,16500,19399.480684103914,-2899.4806841039135
2053,train,4800,5604.641011724095,-804.6410117240948
4067,train,1200,3721.2084855914754,-2521.2084855914754
302,train,20000,17037.263287095968,2962.736712904032
2967,train,7500,8197.74605219147,-697.7460521914709
4127,train,10000,10499.6217557895,-499.62175578949973
3285,train,8000,8278.759745263644,-278.7597452636437
1809,train,22000,19964.159237135704,2035.8407628642963
4360,train,26000,25537.92348274988,462.07651725011965
1973,train,70000,55296.77183836143,14703.228161638574
1614,train,7000,6879.526823036834,120.47317696316622
3192,train,19000,19522.548241323944,-522.5482413239442
3764,train,6000,5643.486351061679,356.51364893832124
2352,train,17500,16198.191384607715,1301.808615392285
4150,train,12000,12664.635865561242,-664.6358655612421
2241,train,14000,14025.072297854416,-25.07229785441632
2930,train,5500,6050.112586773363,-550.1125867733626
610,train,50000,51607.802631925995,-1607.8026319259952
3791,train,12500,10499.005397635967,2000.9946023640332
3056,train,22000,22019.86566723061,-19.865667230609688
1783,train,20000,17287.497964206534,2712.5020357934663
776,train,150000,151173.36444280646,-1173.364442806458
4513,train,60000,57227.62338192903,2772.3766180709717
1116,train,55000,57491.84213002149,-2491.8421300214904
2140,train,13900,13775.736210336217,124.26378966378252
3468,train,26000,25447.948919779974,552.051080220026
2106,train,12000,11045.14474743346,954.85525256654
1380,train,600000,488153.3118251786,111846.68817482138
4201,train,10000,9896.27130787193,103.72869212807018
2871,train,30000,28904.78732645669,1095.2126735433085
191,train,9000,8017.709676984279,982.2903230157208
1046,train,27000,24930.891024984852,2069.1089750151477
973,train,85000,83568.90919883188,1431.0908011681167
4499,train,35000,35184.307443056096,-184.3074430560955
449,train,4000,4539.399734712275,-539.399734712275
628,train,50000,54736.73633661368,-4736.736336613678
1403,train,20000,18385.47640678795,1614.5235932120486
4311,train,9500,9705.15078752231,-205.15078752231057
3416,train,10000,11542.940705133851,-1542.9407051338512
1303,train,50000,51742.20446271085,-1742.204462710848
3383,train,30000,26512.92040827873,3487.079591721271
4293,train,70000,74216.16557131623,-4216.165571316233
616,train,110000,115410.32992290825,-5410.329922908248
745,train,100000,103543.74884238894,-3543.7488423889445
193,train,12000,11325.66326947036,674.3367305296397
1862,train,8000,9202.54562923286,-1202.54562923286
1449,train,45000,37858.93681866229,7141.063181337711
3064,train,40000,39712.46108238368,287.5389176163226
46,train,4600,5378.018612373696,-778.0186123736958
4291,train,12000,12433.80347054917,-433.80347054917
3950,train,4000,4840.942410957501,-840.9424109575011
3506,train,15000,16753.59142112078,-1753.5914211207783
1107,train,35500,38191.90195179335,-2691.9019517933484
4102,train,8500,9432.120446192746,-932.1204461927464
2143,train,13000,14241.274774763993,-1241.2747747639933
2369,train,7500,8617.052809521181,-1117.0528095211812
642,train,150000,156197.48019919844,-6197.480199198442
3061,train,8000,9554.602599074886,-1554.6025990748858
4074,train,35000,27114.50030859368,7885.4996914063195
1225,train,65000,65367.32151404797,-367.3215140479733
777,train,230000,316007.47216268,-86007.47216268
3545,train,26000,31335.78774781952,-5335.787747819519
4154,train,6000,6438.135526244624,-438.1355262446241
3249,train,15000,13723.554371254791,1276.4456287452085
3931,train,22000,23350.20994041404,-1350.209940414039
1158,train,180000,142657.73099299762,37342.26900700238
3168,train,14000,16234.474669868709,-2234.4746698687086
815,train,42000,43232.89381240864,-1232.8938124086417
2381,train,14000,19275.23860303444,-5275.238603034439
4357,train,18000,14705.305925249868,3294.694074750132
1284,train,360000,335984.84320015146,24015.15679984854
331,train,6500,6101.097479376532,398.90252062346826
788,train,170000,163989.86019308248,6010.139806917519
1834,train,12500,11966.359012311295,533.6409876887046
4054,train,14000,13253.774314745984,746.2256852540158
1746,train,55000,56170.23031949746,-1170.2303194974593
1292,train,65000,65610.57194802072,-610.571948020719
883,train,45000,41630.98555305632,3369.014446943678
2269,train,7000,7600.050862693322,-600.0508626933224
4339,train,10000,11003.74457188297,-1003.7445718829695
4284,train,9500,9166.744417096043,333.2555829039575
289,train,3500,3597.1653264608285,-97.16532646082851
4515,train,9000,10346.841077663852,-1346.841077663852
2879,train,28000,30720.24207787469,-2720.242077874689
2201,train,16500,17203.600137080168,-703.6001370801678
1960,train,26969,26038.23257711151,930.7674228884898
4530,train,8000,8665.27863632331,-665.2786363233099
2824,train,9300,9549.77851069312,-249.77851069312055
263,train,6000,5976.235198297339,23.764801702661316
3020,train,5000,5656.2748610972585,-656.2748610972585
3299,train,26000,23464.212334630145,2535.787665369855
2006,train,27000,22719.453938246614,4280.546061753386
3547,train,15000,12822.989822235537,2177.010177764463
1864,train,15000,14375.383540373556,624.6164596264443
441,train,5500,4674.2668795322115,825.7331204677885
1515,train,7500,7932.467160989319,-432.4671609893194
1412,train,45000,48626.47451961572,-3626.4745196157164
2798,train,37000,32552.34569795643,4447.654302043571
4331,train,6000,6013.150517878194,-13.150517878193568
4214,train,20000,18165.5957366474,1834.4042633526005
1487,train,65000,68000.88578836953,-3000.885788369531
295,train,10500,10208.064246451631,291.93575354836867
2552,train,13000,11028.140139852516,1971.8598601474841
2877,train,16000,15654.495033484958,345.5049665150418
364,train,10000,8895.602942563182,1104.3970574368177
3948,train,9500,11127.149666861571,-1627.149666861571
3491,train,8500,9100.518298479252,-600.5182984792518
1658,train,14000,11806.238455997198,2193.761544002802
2324,train,12000,12229.742430690952,-229.74243069095246
761,train,36000,39098.25332603043,-3098.2533260304335
4418,train,14000,13595.80937245766,404.19062754234074
758,train,35000,35235.395251655886,-235.39525165588566
1095,train,25000,24403.703375336143,596.2966246638571
2228,train,12000,11878.495474035079,121.50452596492141
4188,train,7500,7026.909470871984,473.090529128016
3456,train,5000,5342.846982734968,-342.84698273496815
4618,train,9000,10532.23560772468,-1532.2356077246804
2661,train,36000,44052.039055014844,-8052.039055014844
4063,train,15000,12816.05752532356,2183.94247467644
2050,train,9000,10057.85899454383,-1057.8589945438307
496,train,14000,13109.924312320893,890.0756876791074
810,train,40000,46285.44518459412,-6285.445184594122
1797,train,5000,6038.740755781052,-1038.740755781052
2599,train,25000,30083.432065692967,-5083.432065692967
471,train,7500,7412.9207847524785,87.07921524752146
2071,train,35000,34578.947799816895,421.052200183105
1504,train,8000,7822.2255219348035,177.7744780651965
3330,train,12000,9607.38604492211,2392.61395507789
1261,train,70000,86611.99528980488,-16611.99528980488
3578,train,18000,14770.982907401021,3229.0170925989787
736,train,46000,42190.48384887332,3809.516151126678
2236,train,16000,17080.207994747583,-1080.2079947475831
955,train,72000,57466.68295302782,14533.31704697218
2718,train,11000,11377.98505623548,-377.98505623548044
1100,train,26000,27090.42051675691,-1090.420516756909
4028,train,10000,11304.107705753459,-1304.1077057534585
2790,train,22000,26423.619432163814,-4423.619432163814
480,train,6000,8587.670939695348,-2587.6709396953484
2278,train,20000,15652.295618225064,4347.704381774936
3411,train,75000,62605.484561462836,12394.515438537164
4416,train,120000,109550.69928536448,10449.300714635523
3083,train,20000,20747.20880719952,-747.2088071995204
910,train,24000,22374.771154625072,1625.228845374928
3098,train,13000,12662.461098287004,337.53890171299645
1200,train,25000,26258.32501606346,-1258.3250160634598
3917,train,25000,27249.7191524428,-2249.7191524428017
1974,train,19000,17593.90747932037,1406.092520679631
2878,train,20000,19334.779601514554,665.2203984854459
3317,train,45000,31136.382624160975,13863.617375839025
3775,train,18500,20367.654505198036,-1867.6545051980356
1707,train,20000,18238.836723636396,1761.1632763636044
1830,train,11000,9772.131714313191,1227.868285686809
2883,train,8000,8748.717445979997,-748.7174459799971
2121,train,15000,15413.220463925101,-413.2204639251013
2675,train,30000,30737.768497913738,-737.7684979137375
1142,train,40000,39342.05433751933,657.9456624806699
393,train,7000,6492.475958611196,507.5240413888041
1586,train,7000,7269.571467331492,-269.5714673314924
884,train,35000,31957.441993612596,3042.558006387404
3443,train,16000,16833.372350264282,-833.3723502642824
3891,train,11000,11118.264895196397,-118.26489519639654
3896,train,30000,22930.979662117432,7069.020337882568
1680,train,12000,10710.657498074655,1289.3425019253445
3227,train,30000,33310.32483525758,-3310.324835257583
398,train,8000,7612.377994273756,387.6220057262444
598,train,55000,54240.95401730552,759.0459826944789
4144,train,45000,42750.63098228207,2249.3690177179305
2122,train,9500,11492.574125180316,-1992.5741251803156
408,train,11000,12762.595980354592,-1762.595980354592
3850,train,8500,9813.156936145066,-1313.1569361450656
811,train,40000,35070.30739480341,4929.692605196593
135,train,9000,9255.838551274024,-255.8385512740242
4,train,7500,7419.322358608752,80.67764139124756
3112,train,17000,21280.105882308846,-4280.105882308846
2493,train,14000,13696.750969553192,303.2490304468083
4025,train,45000,43870.471045685284,1129.5289543147155
987,train,75000,72934.90295143826,2065.0970485617436
996,train,75000,66215.63534763345,8784.364652366552
1828,train,7000,6944.259624120924,55.740375879076055
4517,train,5800,7028.576627519552,-1228.576627519552
2422,train,18000,15643.405954526868,2356.5940454731317
3174,train,7000,7269.536124635226,-269.53612463522586
2517,train,22000,20294.02929831864,1705.970701681359
1562,train,16000,17011.308762801014,-1011.3087628010144
3748,train,12000,11497.300731778842,502.6992682211585
2437,train,10000,9405.969367376643,594.0306326233567
3380,train,16000,15757.049232764437,242.95076723556303
4627,train,5000,5011.348572538977,-11.34857253897735
4045,train,25000,21413.177949451183,3586.822050548817
2065,train,17681,17920.629639561277,-239.62963956127714
764,train,7500,11806.971176058658,-4306.971176058658
237,train,5500,6540.701686312446,-1040.7016863124463
3188,train,9000,8735.052847049137,264.9471529508628
3404,train,45000,38743.982728370036,6256.017271629964
893,train,40000,48130.50047121765,-8130.500471217652
3241,train,85000,71973.4088277202,13026.591172279805
2330,train,12500,12783.815143009979,-283.8151430099788
3815,train,100000,81344.53691394522,18655.463086054777
3058,train,6500,7446.904699974901,-946.9046999749007
396,train,35000,23972.006459165415,11027.993540834585
3759,train,15000,13548.665032371788,1451.3349676282123
1996,train,15000,15755.024241291603,-755.0242412916032
479,train,10000,10940.936318770258,-940.9363187702584
4304,train,9000,9943.559710941567,-943.5597109415667
2815,train,250000,146937.73730807911,103062.26269192089
3566,train,15000,14047.741083959321,952.2589160406787
4406,train,3000,3625.8429314560394,-625.8429314560394
2617,train,140000,111240.12460775231,28759.87539224769
154,train,7000,6836.010112394848,163.98988760515203
4182,train,16000,16513.732275401828,-513.7322754018278
705,train,230000,193655.76509785542,36344.234902144584
3611,train,8000,8002.538810783664,-2.538810783664303
3017,train,12000,11185.3638209632,814.6361790367991
1045,train,46000,47813.05239698937,-1813.0523969893693
2364,train,24000,23198.242818803927,801.7571811960734
1832,train,60000,58363.5478224534,1636.4521775465983
188,train,7000,7429.589567621562,-429.5895676215623
4235,train,26000,23564.671300772916,2435.328699227084
2968,train,10000,14851.829778199508,-4851.829778199508
3207,train,14000,13646.882495223334,353.11750477666646
1247,train,8000,9979.577225688237,-1979.5772256882374
2700,train,65000,45780.38246141622,19219.617538583778
3888,train,13000,12282.748116943922,717.2518830560784
344,train,7500,7728.343575231277,-228.3435752312771
1289,train,130000,140731.62798554605,-10731.627985546045
2342,train,18000,20239.735749012732,-2239.7357490127324
1851,train,40000,46115.70592418273,-6115.70592418273
533,train,33000,33689.90097124923,-689.9009712492334
3954,train,13000,13526.101539108073,-526.1015391080728
1354,train,55000,50675.909720679716,4324.090279320284
4684,train,22000,21150.30317559116,849.6968244088384
2985,train,29000,32046.132825909437,-3046.132825909437
1744,train,11000,11392.648520997096,-392.64852099709606
1937,train,14000,13613.750144770847,386.2498552291527
1840,train,13000,11621.817796993682,1378.1822030063176
2812,train,12000,12736.86602682276,-736.8660268227595
4642,train,8000,9750.936183615217,-1750.9361836152166
1806,train,130000,148581.83255536025,-18581.832555360248
3673,train,10000,9811.39311336297,188.60688663702967
3536,train,12500,12906.80522585766,-406.80522585766084
341,train,12000,11552.747320632392,447.2526793676079
2119,train,10000,10079.175269878779,-79.17526987877864
4735,train,45000,46445.57006595177,-1445.570065951768
2782,train,13000,13067.705493492516,-67.70549349251633
2665,train,20000,17818.367731398666,2181.6322686013336
4042,train,10000,10431.793903453785,-431.7939034537849
2343,train,70000,70654.30583608383,-654.3058360838331
67,train,7500,8340.382895975015,-840.3828959750153
3629,train,7000,6701.966133041553,298.0338669584471
2273,train,15000,15040.651484686554,-40.651484686553886
4242,train,12000,12715.417059330648,-715.417059330648
206,train,5000,5033.036665322703,-33.0366653227029
3278,train,4500,5546.063273497196,-1046.063273497196
4503,train,5500,5236.2559479254305,263.7440520745695
1775,train,30000,24215.13441962438,5784.865580375619
1506,train,50000,52485.84134040826,-2485.8413404082603
1762,train,15000,17453.144718434625,-2453.1447184346252
939,train,32000,45599.87671266336,-13599.876712663361
4243,train,15000,15797.760719347552,-797.7607193475524
4181,train,8000,9009.440758805535,-1009.4407588055346
2464,train,6000,6564.530006002233,-564.5300060022328
63,train,30000,27767.033930591708,2232.9660694082922
3610,train,25000,23211.328680494153,1788.6713195058474
4352,train,12000,12388.99779808751,-388.9977980875101
1400,train,20000,22540.92109460848,-2540.9210946084786
2044,train,250000,197282.957617066,52717.042382934014
3478,train,30000,23156.338459116043,6843.661540883957
2575,train,8000,7826.361541767094,173.63845823290558
3919,train,45000,48752.18053822057,-3752.180538220571
3054,train,16000,15303.747885264487,696.2521147355128
3210,train,7000,7721.337300565333,-721.337300565333
3494,train,18000,16425.528505505896,1574.4714944941043
1069,train,58000,53250.10456985143,4749.895430148572
4512,train,9000,10124.056701139687,-1124.056701139687
1389,train,310000,345172.49947444285,-35172.499474442855
4326,train,18000,14649.801649186544,3350.1983508134563
1854,train,16000,16182.784179218124,-182.78417921812434
3312,train,12000,12819.461412551218,-819.461412551218
2928,train,30000,28684.49463601503,1315.5053639849684
1408,train,55000,56342.224320543515,-1342.2243205435152
1136,train,40000,35253.44798089072,4746.55201910928
2748,train,200000,158828.57069225973,41171.42930774027
2668,train,14000,12969.90707653013,1030.0929234698706
2842,train,24000,24106.857661524544,-106.8576615245438
545,train,22000,20197.493165735636,1802.5068342643644
3914,train,12000,11592.529584264938,407.4704157350625
2528,train,140000,118465.68777505042,21534.31222494958
1564,train,11000,11373.223754126446,-373.2237541264458
842,train,55000,53102.02697974498,1897.97302025502
2513,train,20000,20191.07302401098,-191.0730240109806
2461,train,5000,6660.743291221614,-1660.7432912216136
3832,train,11000,11361.765709416513,-361.76570941651335
541,train,270000,274023.85631821014,-4023.856318210135
855,train,39000,36485.114378395665,2514.885621604335
804,train,50000,47492.90995129314,2507.0900487068575
372,train,35000,35691.944744273365,-691.9447442733654
3457,train,30000,29025.58116417892,974.4188358210813
409,train,10000,9232.293525778558,767.7064742214425
1153,train,45000,43681.69089443477,1318.309105565233
4325,train,22000,21549.496822590514,450.50317740948594
4504,train,5000,5449.293585612906,-449.2935856129061
3268,train,16000,14185.565551111988,1814.4344488880124
2387,train,25000,24012.20133499049,987.7986650095118
3729,train,12000,10704.264934926117,1295.7350650738827
1324,train,20000,24516.92672617544,-4516.926726175439
2358,train,4500,4965.380395293987,-465.380395293987
4456,train,22000,23093.072543565442,-1093.0725435654422
4628,train,6000,5331.4288980321535,668.5711019678465
4187,train,14000,15099.141672284684,-1099.1416722846843
4032,train,130000,124698.85282100704,5301.147178992964
4348,train,12000,11858.032167393598,141.96783260640223
2840,train,150000,137951.22229094597,12048.777709054033
3144,train,30000,37166.945419739335,-7166.945419739335
1518,train,25000,23760.69131149359,1239.3086885064113
334,train,8000,7419.720850599948,580.2791494000521
1015,train,60000,54644.64869743484,5355.351302565163
3698,train,18000,19409.318369603254,-1409.3183696032538
3873,train,12000,10192.8989244689,1807.1010755311
3238,train,22000,19769.961598460977,2230.0384015390227
2378,train,20000,13843.807049305691,6156.192950694309
3184,train,12000,11762.572107422282,237.427892577718
2677,train,11000,9916.871466003025,1083.1285339969745
2556,train,100000,64401.46898385405,35598.53101614595
4372,train,9000,8692.612630340387,307.3873696596129
2039,train,25000,19749.399608186002,5250.600391813998
223,train,12500,11639.519786671653,860.4802133283465
1183,train,18000,25160.748056711283,-7160.748056711283
2301,train,10000,11065.785709819058,-1065.785709819058
1244,train,180000,180489.95171573258,-489.9517157325754
4087,train,18000,17582.283752505056,417.7162474949437
2925,train,80000,77131.22241928837,2868.777580711627
2126,train,10000,9342.839897329482,657.1601026705175
2760,train,38000,35617.87034658934,2382.1296534106586
3428,train,16000,18588.02588243766,-2588.0258824376615
3008,train,27000,30125.07529542359,-3125.0752954235904
4659,train,12500,13655.742712334233,-1155.7427123342331
3724,train,4000,4235.0879180030215,-235.0879180030215
3296,train,13500,13901.725925617604,-401.72592561760393
2172,train,30000,29948.96808877784,51.03191122215867
1463,train,90000,83108.626046592,6891.373953407994
662,train,15000,17708.48390128913,-2708.4839012891316
3462,train,17000,18168.24150282251,-1168.2415028225114
4641,train,15500,12157.61570670707,3342.384293292929
465,train,20000,17694.344638840714,2305.6553611592863
1683,train,25000,23833.289892318266,1166.7101076817344
4138,train,12000,11141.086536352213,858.9134636477866
4132,train,6500,6843.578837451196,-343.5788374511958
2081,train,11000,10860.28120476389,139.71879523610914
1334,train,25000,27059.587901325463,-2059.5879013254635
711,train,15000,15706.436026080924,-706.4360260809244
1823,train,13500,12829.63765655149,670.3623434485107
473,train,15000,13593.962061631357,1406.0379383686432
4059,train,12000,12284.029725504444,-284.0297255044443
3074,train,15000,15850.22579499898,-850.2257949989798
3433,train,6000,6320.276743431239,-320.2767434312391
3862,train,32000,32294.70809395274,-294.70809395274046
300,train,35000,27415.878277896438,7584.121722103562
2416,train,50000,51700.67047104889,-1700.670471048892
1909,train,5500,5972.850741126956,-472.85074112695565
2769,train,16000,14883.69789405802,1116.3021059419807
4607,train,15000,14993.256717367654,6.743282632345654
3395,train,18000,13115.922021185947,4884.0779788140535
24,train,8000,8457.54345889875,-457.54345889875003
3301,train,15000,10177.835455109891,4822.164544890109
2097,train,8500,8335.20717146689,164.79282853311088
450,train,30000,22892.0809133881,7107.919086611899
709,train,300000,184107.62374237122,115892.37625762878
4273,train,8000,9788.496417442188,-1788.4964174421875
2355,train,22000,18469.987232614603,3530.0127673853967
114,train,15000,15696.952233651511,-696.952233651511
923,train,43500,46216.38345623332,-2716.3834562333213
2625,train,10000,9455.756547691408,544.2434523085922
1879,train,21000,26723.151895367555,-5723.151895367555
4640,train,15000,14479.300550096641,520.699449903359
4380,train,25000,23087.822548328415,1912.177451671585
969,train,60000,60930.981440435666,-930.9814404356657
1326,train,850000,638289.9780995197,211710.02190048026
3392,train,130000,100967.22527623476,29032.774723765237
3612,train,12500,11462.063795064149,1037.9362049358515
4460,train,15000,14371.220570820366,628.7794291796345
790,train,55000,49933.12382908955,5066.876170910451
4358,train,21000,19843.19853741209,1156.8014625879114
1887,train,20000,19204.92274586548,795.0772541345214
985,train,22000,23069.086646513748,-1069.0866465137478
933,train,65000,59690.42580661992,5309.574193380082
4126,train,6500,6799.082518770801,-299.08251877080056
2253,train,15000,14413.509847145951,586.4901528540486
1308,train,30000,30656.069315265828,-656.0693152658278
4613,train,15000,16281.098232163067,-1281.0982321630672
1295,train,22000,23689.742354599122,-1689.7423545991223
1750,train,12000,10483.034698656955,1516.9653013430452
4429,train,8000,9957.465847575264,-1957.465847575264
3593,train,8000,8448.21437020997,-448.2143702099693
2153,train,14000,12975.095654810639,1024.9043451893613
3572,train,130000,97134.84252531477,32865.15747468523
3128,train,17000,17450.683362265623,-450.68336226562315
2155,train,20000,20651.733445675396,-651.7334456753961
2621,train,6000,7476.692050324018,-1476.692050324018
1624,train,11500,11827.582284844653,-327.58228484465326
551,train,25000,23224.029940666256,1775.9700593337438
3966,train,100000,111514.97031707178,-11514.970317071784
1741,train,5000,6078.985756989508,-1078.9857569895084
755,train,42000,42981.189036375465,-981.1890363754646
645,train,65000,68833.34692818271,-3833.346928182713
446,train,10000,10370.791403444062,-370.79140344406187
390,train,22000,21455.013923863742,544.9860761362579
4259,train,25000,25476.917268251207,-476.91726825120713
222,train,25000,21136.22303340825,3863.7769665917513
869,train,200000,189388.41377338849,10611.586226611515
3528,train,35000,34514.00578572036,485.9942142796426
205,train,15000,13597.151337437286,1402.8486625627138
1593,train,16000,14304.858557283269,1695.141442716731
1370,train,60000,76853.39114927711,-16853.391149277115
2202,train,14500,16643.565343101898,-2143.565343101898
1613,train,9000,8554.44315169051,445.5568483094903
3246,train,15000,14518.512523547337,481.48747645266303
495,train,10000,8855.435002878814,1144.564997121186
2380,train,9500,9367.823205377352,132.17679462264823
2477,train,10000,9664.167131051867,335.8328689481332
123,train,8000,8392.784549777492,-392.78454977749243
2297,train,9250,9922.611085212446,-672.6110852124457
1908,train,20000,19141.920887357377,858.0791126426229
359,train,15000,9602.384717539951,5397.615282460049
4137,train,12500,12008.01873536131,491.98126463869085
2022,train,35000,24370.804658582252,10629.195341417748
1187,train,45000,27155.396027864466,17844.603972135534
3902,train,9000,10065.912701110987,-1065.9127011109867
1736,train,10500,10040.31204917801,459.68795082198994
822,train,93000,103026.61765384574,-10026.617653845737
1251,train,45000,50568.72384252292,-5568.7238425229225
3817,train,16000,16145.326585647792,-145.32658564779194
3451,train,15000,14527.352244704205,472.6477552957949
1557,train,9500,9174.562312057882,325.4376879421179
837,train,33003,35327.900036352075,-2324.9000363520754
3617,train,27000,27438.519520656144,-438.51952065614387
4610,train,15000,12603.07134623848,2396.9286537615208
3848,train,70000,85007.2627744388,-15007.262774438801
4110,train,10000,9778.177656589975,221.8223434100255
892,train,25000,23908.21862174988,1091.7813782501216
1146,train,32000,24701.532450162387,7298.467549837613
1462,train,45000,45883.69050017371,-883.6905001737105
831,train,200000,187969.14276461615,12030.857235383854
4716,train,9000,10628.544601480897,-1628.5446014808967
589,train,40000,42606.036631894836,-2606.0366318948363
4730,train,25000,23275.218498037746,1724.781501962254
2366,train,16000,14780.474886524556,1219.5251134754435
2274,train,8200,7943.038349546253,256.9616504537471
98,train,18000,16432.95769338487,1567.0423066151307
2115,train,5000,5894.999109606491,-894.9991096064914
3701,train,8000,8610.681614952467,-610.6816149524675
3415,train,24000,23218.252344913606,781.7476550863939
4104,train,15000,16432.81268851403,-1432.81268851403
1028,train,180000,175437.34883130065,4562.651168699347
3376,train,38000,35235.00066890856,2764.9993310914433
1219,train,260000,277116.02816491295,-17116.028164912947
4723,train,7000,7938.871158667374,-938.8711586673744
1693,train,15000,13972.099220459078,1027.9007795409216
4617,train,8500,7754.496677770032,745.503322229968
1922,train,20000,18764.627824432016,1235.3721755679835
1684,train,7000,7015.383348660494,-15.383348660494448
3602,train,8500,9343.36668346677,-843.3666834667692
1310,train,15000,16791.604859901985,-1791.604859901985
1047,train,95000,111324.74069648868,-16324.740696488676
620,train,40000,41874.03944070097,-1874.0394407009735
2734,train,80000,75859.89623783327,4140.103762166735
4329,train,13000,14848.464516462005,-1848.4645164620051
490,train,8000,7846.495482331484,153.5045176685162
1205,train,150000,146159.0358579745,3840.9641420255066
1853,train,18500,20038.01738484318,-1538.0173848431805
2537,train,11000,11458.171327408703,-458.1713274087033
250,train,12000,13510.962434381785,-1510.962434381785
724,train,85000,93720.3364432347,-8720.3364432347
1444,train,36000,29107.09060222462,6892.90939777538
4568,train,16500,15001.09420968083,1498.9057903191697
2643,train,6500,6952.562224304154,-452.56222430415437
1160,train,300000,309635.39953568863,-9635.39953568863
3658,train,9000,9532.847412180854,-532.847412180854
3356,train,11500,11125.220108174179,374.7798918258213
1338,train,21000,21376.972679800052,-376.972679800052
2308,train,20000,20979.239123144915,-979.2391231449146
2875,train,18000,15172.725550941654,2827.2744490583464
4694,train,12000,12336.663517586523,-336.6635175865231
3803,train,8500,9002.200150572351,-502.20015057235105
3313,train,45000,41816.535705165574,3183.4642948344263
2390,train,22000,17266.82409134831,4733.17590865169
3534,train,16500,16260.535192045623,239.46480795437674
379,train,40000,38195.187988375816,1804.8120116241844
2532,train,15000,14883.69789405802,116.3021059419807
684,train,150000,155138.40795991215,-5138.407959912147
4035,train,9000,9212.28192276238,-212.28192276238042
2475,train,11000,11196.956916441859,-196.956916441859
36,train,12500,11998.19165220125,501.8083477987493
2642,train,10000,11189.29048254958,-1189.2904825495807
1576,train,15000,14708.914876701007,291.0851232989935
2619,train,12500,12414.922812684756,85.07718731524437
3059,train,3000,3485.726691290595,-485.7266912905952
3633,train,15000,15199.910761831577,-199.91076183157747
658,train,32000,30028.704989582056,1971.2950104179436
463,train,9500,8490.49657616981,1009.5034238301905
299,train,20000,17892.605485918233,2107.394514081767
3323,train,25000,24411.897292662885,588.1027073371151
2012,train,25000,28784.994999840732,-3784.994999840732
2503,train,12500,11213.284530842308,1286.7154691576925
3483,train,40000,41924.976418927436,-1924.9764189274356
2733,train,9300,9259.909767844543,40.09023215545676
2583,train,15000,14737.459669210724,262.5403307892757
1249,train,52000,39798.71723764649,12201.282762353512
2135,train,25000,26805.354691522334,-1805.3546915223342
3014,train,6500,8323.261663396988,-1823.2616633969883
3072,train,12000,13181.191656100775,-1181.1916561007747
2134,train,21000,20741.492898057342,258.50710194265775
4330,train,6000,6722.92418752476,-722.9241875247599
1995,train,15000,14688.775907153682,311.22409284631794
981,train,23500,23992.175982094934,-492.1759820949337
1167,train,140000,144867.74311215951,-4867.743112159515
1701,train,5000,6397.232663117649,-1397.2326631176493
3868,train,23000,18156.286893803197,4843.713106196803
540,train,35000,35423.834137784565,-423.8341377845645
919,train,230000,263378.6670839426,-33378.66708394262
4265,train,34000,37162.12333886591,-3162.1233388659093
3142,train,6500,7953.784625157777,-1453.7846251577766
179,train,15000,14232.773057456054,767.2269425439463
3690,train,8500,8677.641236356567,-177.64123635656688
4070,train,17000,18751.50785279293,-1751.507852792929
1195,train,90000,81023.73948614208,8976.260513857924
1245,train,26000,25265.786263822825,734.2137361771747
216,train,7000,7969.171246217086,-969.1712462170863
753,train,170000,162698.88154857422,7301.118451425777
3604,train,40000,39656.351583714226,343.64841628577415
4462,train,9000,8439.719210065672,560.2807899343279
3496,train,10000,10193.386597412313,-193.38659741231277
1711,train,7500,7294.826079361157,205.1739206388429
1398,train,140000,127115.49522479398,12884.50477520602
4283,train,15000,12864.922212403128,2135.0777875968724
4085,train,16000,14928.54140705646,1071.4585929435398
1213,train,85000,91461.25023123847,-6461.250231238475
3286,train,10000,9262.634501150058,737.365498849942
2959,train,15000,13116.083394160161,1883.9166058398387
3304,train,15000,13785.790179940464,1214.2098200595356
120,train,6300,6031.6682182892555,268.3317817107445
759,train,14000,14940.880496067073,-940.8804960670732
3969,train,24000,23505.253502172993,494.74649782700726
3773,train,7500,7156.991415638215,343.0085843617853
2056,train,22500,20381.71572477822,2118.2842752217803
2620,train,14000,13438.11744278137,561.8825572186306
131,train,6000,6316.808948031537,-316.8089480315366
2300,train,12000,10217.407598970129,1782.5924010298713
1096,train,110000,112216.60895971599,-2216.608959715988
2169,train,18000,16302.964123916221,1697.035876083779
4531,train,20000,16419.307299129094,3580.6927008709063
4012,train,130000,111227.12640234386,18772.873597656144
743,train,25000,20234.570268300075,4765.4297316999255
3916,train,9000,7984.091838186749,1015.9081618132514
3527,train,12000,13021.73964359004,-1021.7396435900391
680,train,30000,29134.663536962795,865.3364630372052
4398,train,8000,8883.970853437524,-883.970853437524
4033,train,8500,8530.240238071056,-30.2402380710555
2490,train,45000,38471.85727007603,6528.142729923973
2375,train,8000,7804.376082135969,195.62391786403077
2889,train,10000,9975.08367473003,24.916325269969093
2328,train,25000,23134.200568576758,1865.799431423242
797,train,200000,201487.13358502416,-1487.1335850241594
4337,train,10000,10236.678376979871,-236.67837697987125
2800,train,12000,12009.812583679824,-9.812583679824456
4478,train,9000,9766.924778660994,-766.924778660994
467,train,7500,8068.542763845045,-568.5427638450446
1169,train,65000,71392.99565002443,-6392.99565002443
2616,train,14000,10768.543897516245,3231.456102483755
2624,train,8000,14296.599629208838,-6296.599629208838
3826,train,15000,15992.155640915491,-992.155640915491
4500,train,30000,32441.091896130787,-2441.091896130787
1883,train,7500,7476.990560496434,23.009439503565773
208,train,18000,17045.213943582432,954.786056417568
281,train,6500,6500.8362529684,-0.8362529684000037
492,train,20000,14818.649893792552,5181.350106207448
4704,train,35000,33175.84240121369,1824.1575987863107
2828,train,15000,17265.57426074797,-2265.5742607479697
3373,train,35000,33790.83858632278,1209.1614136772187
3106,train,15000,15179.870556947508,-179.8705569475078
2350,train,8000,8242.56829206295,-242.5682920629497
1110,train,180000,164177.3573213572,15822.642678642791
1182,train,55000,61347.48467219229,-6347.484672192288
1603,train,12000,11973.290292974081,26.70970702591876
2251,train,18500,16087.328325389637,2412.671674610363
4714,train,17000,14264.783755158865,2735.2162448411345
1441,train,65000,65849.75108365946,-849.7510836594593
2817,train,30000,32587.7305793882,-2587.7305793882006
512,train,11000,9564.383636352113,1435.6163636478868
1076,train,45000,52395.367756580876,-7395.367756580876
1889,train,13000,13057.937578277935,-57.937578277935245
3955,train,12500,12397.505816676228,102.49418332377172
2689,train,30000,26144.3321901181,3855.6678098818993
507,train,5000,4692.52642265325,307.47357734675006
1813,train,60000,54188.75219857149,5811.247801428508
2523,train,15000,14469.98718318628,530.0128168137198
3237,train,4500,4889.6537672283885,-389.65376722838846
1605,train,36000,35476.2405278874,523.7594721126006
2032,train,9000,9568.729227714475,-568.7292277144752
3175,train,18000,16521.82260426441,1478.1773957355908
1306,train,140000,155910.87804426858,-15910.878044268582
3941,train,28000,28028.904202761965,-28.90420276196528
2386,train,3500,3872.065509967356,-372.06550996735587
4533,train,14000,13175.523017787327,824.4769822126727
497,train,10000,10309.557832814216,-309.55783281421645
3485,train,8000,7758.300979388838,241.69902061116227
3378,train,7500,7326.275641715421,173.72435828457856
3438,train,12500,12300.757809776595,199.2421902234055
3540,train,72000,63678.14610018207,8321.853899817928
249,train,6000,6775.4486442762745,-775.4486442762745
954,train,40000,32337.12315664325,7662.876843356749
1649,train,22000,21982.85600827405,17.14399172594858
1415,train,25000,24837.650755553146,162.34924444685385
4254,train,15000,14177.757678616239,822.242321383761
45,train,10000,11065.529880160264,-1065.529880160264
1132,train,75000,87634.67371240743,-12634.673712407428
3209,train,14000,12635.823789163987,1364.1762108360126
3493,train,60000,50863.740859797035,9136.259140202965
3484,train,25000,23732.950601132437,1267.0493988675626
2392,train,11000,10468.39482042793,531.6051795720705
94,train,20000,16993.37224713853,3006.62775286147
3897,train,11000,10573.082002708858,426.91799729114246
4324,train,52000,61373.03129866193,-9373.031298661932
1387,train,210000,233810.98953318212,-23810.989533182117
1700,train,6000,6107.113325628443,-107.11332562844291
4473,train,8000,9176.203456049836,-1176.203456049836
4413,train,10000,12604.561353313824,-2604.561353313824
3787,train,80000,86401.78636639277,-6401.786366392771
2400,train,16000,12808.543081604557,3191.4569183954427
3007,train,12000,12260.109826683638,-260.10982668363795
3641,train,11000,11915.601651950281,-915.6016519502809
3659,train,18000,17322.61462910403,677.3853708959687
1816,train,11000,11342.463374077099,-342.4633740770987
626,train,180000,199395.03313661882,-19395.03313661882
3588,train,18000,14049.616356212531,3950.383643787469
548,train,8000,10944.170626980766,-2944.1706269807655
4586,train,37000,39118.111644186036,-2118.111644186036
1443,train,55000,53779.60547457742,1220.3945254225764
2807,train,15000,13992.138068318032,1007.8619316819677
4167,train,85000,78526.44097042414,6473.559029575859
73,train,6500,6734.9166741380395,-234.91667413803953
2498,train,25000,20318.49522119969,4681.50477880031
2679,train,35000,30062.361815418186,4937.638184581814
980,train,40000,45941.73846838583,-5941.738468385833
1532,train,50000,45514.68140814103,4485.318591858973
2128,train,13000,13739.784157531964,-739.7841575319635
971,train,130000,166986.4280439331,-36986.42804393309
4013,train,27000,28310.248218709738,-1310.2482187097376
195,train,6000,6228.117816549914,-228.1178165499141
260,train,25000,30652.95786447505,-5652.957864475051
1224,train,60000,58750.71769997462,1249.2823000253775
162,train,3500,3563.9268927511075,-63.926892751107516
651,train,17500,21997.263020421236,-4497.263020421236
3584,train,22000,21193.72851865337,806.27148134663
3900,train,23382,24751.515896679277,-1369.515896679277
3998,train,18000,18501.730351556263,-501.7303515562635
4390,train,20000,16575.213445212128,3424.786554787872
2935,train,14000,16808.557433998234,-2808.557433998234
686,train,160000,135291.2708582525,24708.72914174749
1668,train,15000,15880.052129691023,-880.0521296910229
2666,train,8500,9918.337235759427,-1418.3372357594271
3490,train,8500,9621.410914312844,-1121.4109143128444
3032,train,150000,118226.44717682466,31773.55282317534
4047,train,45000,51970.051331768744,-6970.051331768744
1342,train,18000,20036.20180946929,-2036.2018094692903
1348,train,140000,103945.97354717611,36054.02645282389
902,train,8000,10928.594349484047,-2928.5943494840467
3314,train,22000,20602.9661932495,1397.0338067505
913,train,21000,21599.91459979443,-599.9145997944288
2574,train,45000,43745.42755379005,1254.5724462099533
1293,train,33000,32155.6354697515,844.3645302484983
4228,train,16000,13609.986291796713,2390.013708203287
153,train,20000,21214.10424660043,-1214.1042466004292
2974,train,9000,8245.035730544989,754.9642694550112
4656,train,20000,16102.24477284904,3897.7552271509594
586,train,38000,41043.88091078794,-3043.8809107879424
3492,train,11000,10755.147827606566,244.85217239343365
1207,train,40000,28461.838426372382,11538.161573627618
1450,train,14000,14485.842099454763,-485.84209945476323
3639,train,10000,11005.910921523162,-1005.910921523162
4578,train,15000,18067.95587627596,-3067.955876275959
3344,train,8500,9672.965556962285,-1172.9655569622846
3847,train,40000,62597.444521844285,-22597.444521844285
4024,train,15000,14279.575950381739,720.424049618261
3671,train,11000,10868.024136219814,131.97586378018605
3226,train,38000,30085.029974569454,7914.970025430546
829,train,75000,59518.018765139146,15481.981234860854
1133,train,45000,55017.24012054117,-10017.240120541173
2737,train,13000,12125.22663461506,874.7733653849391
4115,train,18000,16479.929365616677,1520.0706343833226
3548,train,8500,9143.730035285715,-643.7300352857146
997,train,39000,42105.04387111765,-3105.0438711176466
276,train,5000,5414.520351702218,-414.52035170221825
601,train,70000,77269.54162495646,-7269.541624956459
3203,train,80000,74398.66782515784,5601.332174842159
2360,train,6000,6800.64080332396,-800.6408033239604
3912,train,25000,21762.296461247173,3237.7035387528267
2293,train,9000,8178.032656171922,821.9673438280779
1745,train,5500,6036.804430134205,-536.8044301342052
11,train,5000,5545.03732921836,-545.0373292183604
3476,train,13000,13534.475665054486,-534.475665054486
1420,train,75000,66642.38295675805,8357.617043241946
554,train,23000,26875.39866318478,-3875.39866318478
1268,train,43000,45161.17261908234,-2161.172619082339
4671,train,18000,18158.585822445144,-158.585822445144
1643,train,20000,20071.458535788795,-71.45853578879542
4327,train,7000,8955.214691380803,-1955.2146913808028
2515,train,85000,73427.3392087689,11572.660791231101
2941,train,10000,8457.004854975474,1542.9951450245262
948,train,45000,46466.11510318383,-1466.1151031838308
3379,train,12500,12814.285132401974,-314.2851324019739
1480,train,680000,492379.979821497,187620.020178503
3464,train,22000,21245.808081092273,754.1919189077271
2125,train,20000,19089.61815648823,910.3818435117682
2285,train,24000,21782.19363091769,2217.806369082311
1315,train,40000,40240.38914882421,-240.38914882420795
983,train,110000,115210.84188132512,-5210.841881325119
3387,train,15000,13508.913776123944,1491.0862238760565
2814,train,70000,56405.2588491056,13594.741150894399
2780,train,33000,35494.612878214466,-2494.612878214466
2771,train,9000,8922.735343248136,77.2646567518641
2017,train,15000,11522.393209085287,3477.606790914713
2152,train,75000,56363.21588338816,18636.784116611838
3109,train,75000,58581.57315047719,16418.42684952281
3363,train,12000,11822.882585479732,177.11741452026763
1366,train,90000,83927.79128102788,6072.208718972121
414,train,8500,9122.842527109235,-622.8425271092347
2658,train,29000,30737.768497913738,-1737.7684979137375
2137,train,13000,14280.184198561557,-1280.1841985615574
1033,train,400000,316638.6127118112,83361.3872881888
2549,train,10000,13834.022343950895,-3834.0223439508954
950,train,160000,173040.10606264192,-13040.10606264192
4004,train,9000,8086.697332219388,913.302667780612
4113,train,9000,9891.854947664051,-891.854947664051
1208,train,52000,56323.53195119614,-4323.5319511961425
1014,train,44000,47833.651272371586,-3833.651272371586
4080,train,18000,17717.10902219537,282.8909778046291
2398,train,350000,152590.6538617001,197409.3461382999
2420,train,13000,14337.705130005816,-1337.7051300058156
4231,train,10000,9890.795908004864,109.20409199513597
113,train,12000,10834.65287018463,1165.3471298153709
2500,train,22000,22950.659293447483,-950.6592934474829
2489,train,8000,9410.267733072362,-1410.2677330723618
809,train,55000,65289.43028235689,-10289.430282356887
1447,train,170000,192984.41567705598,-22984.41567705598
835,train,40000,36117.967509077294,3882.0324909227056
3232,train,7000,5917.678441872233,1082.3215581277673
3596,train,9800,11549.903683486247,-1749.9036834862472
4083,train,14000,12821.894700191018,1178.1052998089817
3160,train,12000,12487.119644280192,-487.119644280192
27,train,6000,7120.217642500882,-1120.217642500882
4109,train,6500,6854.520649120407,-354.52064912040714
3709,train,20000,23489.616431870927,-3489.616431870927
1949,train,22000,19560.381190018077,2439.618809981923
4039,train,17000,16569.742690949686,430.2573090503138
3719,train,12000,12242.612087598223,-242.6120875982233
2221,train,18000,16879.244037188513,1120.7559628114868
1719,train,7000,7016.794083547621,-16.794083547621085
3381,train,16000,15374.213416128612,625.7865838713878
1971,train,10000,10897.51282490244,-897.5128249024401
2306,train,8000,8163.307741369172,-163.3077413691717
2110,train,8500,9659.411992726107,-1159.4119927261072
3297,train,29000,25539.07662971336,3460.9233702866404
4051,train,15000,13648.080392456408,1351.919607543592
2681,train,30000,37015.71549959629,-7015.715499596292
3019,train,8000,8631.110943708154,-631.1109437081541
2189,train,28000,28750.220427367785,-750.2204273677853
3767,train,6000,6078.58539425165,-78.58539425164963
294,train,10000,11183.56779887506,-1183.5677988750595
115,train,14000,13904.66640055303,95.33359944697077
4016,train,10000,10803.39506455746,-803.3950645574605
2447,train,5500,6151.430412509301,-651.4304125093013
2037,train,10000,9419.237114433146,580.7628855668536
3930,train,20000,19950.00698687242,49.993013127579616
4362,train,13000,13211.837233231541,-211.83723323154118
3799,train,15000,14831.22100027564,168.7789997243599
1029,train,180000,165766.10772685814,14233.892273141857
88,train,6500,6813.072074458237,-313.0720744582368
900,train,180000,165537.95800699262,14462.041993007384
1309,train,85000,75605.96728418926,9394.03271581074
4065,train,8000,9516.144090012112,-1516.1440900121124
2147,train,39000,38451.821780023114,548.1782199768859
3509,train,110000,67550.52142533446,42449.47857466554
1371,train,49000,50183.06587556002,-1183.0658755600234
552,train,14000,17992.257736501473,-3992.257736501473
1692,train,10000,9769.420937028272,230.5790629717285
989,train,150000,138509.04323398008,11490.956766019925
3361,train,16000,16289.305787949423,-289.30578794942267
646,train,80000,56601.51781329756,23398.482186702437
2243,train,4700,5412.700783236924,-712.7007832369236
2058,train,12000,12950.861653448115,-950.8616534481152
1591,train,8000,7238.576236692261,761.4237633077391
3728,train,10000,10017.720155711311,-17.720155711311236
4171,train,10000,10952.430653203124,-952.4306532031242
2591,train,30000,30620.147022995654,-620.147022995654
4621,train,11500,11059.836864106435,440.1631358935647
739,train,65000,58110.494759201894,6889.505240798106
4169,train,14000,13516.287209609289,483.71279039071123
3806,train,5000,5834.6674348718525,-834.6674348718525
1108,train,24000,26722.33568080141,-2722.3356808014105
2849,train,25000,20646.28168346221,4353.71831653779
4660,train,140000,143568.3250344862,-3568.325034486188
726,train,150000,178117.27739603148,-28117.27739603148
2070,train,8000,10006.707203515869,-2006.707203515869
2543,train,6000,7269.384109252988,-1269.3841092529883
4238,train,8500,10281.51891117457,-1781.5189111745694
4249,train,12000,9557.99336147631,2442.0066385236896
3469,train,9000,10001.889724613264,-1001.8897246132638
2851,train,14000,13877.23891069503,122.76108930496957
2151,train,17500,20918.835155171204,-3418.835155171204
2395,train,11000,13069.730392760119,-2069.730392760119
2547,train,45000,28480.185357797265,16519.814642202735
1640,train,15000,15588.737276223545,-588.7372762235445
3770,train,16000,17583.626051799944,-1583.6260517999435
4212,train,12500,12504.132342670448,-4.132342670447542
3935,train,18000,16255.974030254773,1744.0259697452275
400,train,6000,6369.8752755239575,-369.8752755239575
59,train,8500,10179.639957449323,-1679.6399574493225
563,train,40000,46412.59238090334,-6412.592380903341
3890,train,10500,10219.228899444915,280.77110055508456
775,train,36000,39945.34137440449,-3945.3413744044883
1737,train,6000,6329.627108219213,-329.62710821921337
4359,train,95000,85287.02996508713,9712.970034912869
1454,train,55000,57870.344241058774,-2870.344241058774
2785,train,23000,23193.928483104035,-193.92848310403497
2980,train,90000,89490.07693840763,509.9230615923734
1652,train,15000,12579.04131850511,2420.9586814948907
4576,train,15000,14259.725916501086,740.2740834989145
2779,train,20000,22347.734835688792,-2347.7348356887924
3425,train,14000,14197.201562799764,-197.20156279976436
4674,train,19000,18023.30237476411,976.6976252358909
2898,train,11000,10578.390336371762,421.6096636282382
2604,train,21000,26571.801871192325,-5571.801871192325
523,train,25000,22904.712165967383,2095.287834032617
3409,train,20000,20056.292321751636,-56.29232175163634
2141,train,15000,15491.613111914887,-491.61311191488676
4720,train,13000,13754.296281824469,-754.2962818244687
1086,train,200000,163454.17720623454,36545.82279376546
286,train,12000,10107.487083754355,1892.512916245645
1992,train,8500,10629.034453433393,-2129.0344534333926
1841,train,12000,11883.471926272698,116.5280737273024
2282,train,6500,6755.354751014041,-255.35475101404063
1416,train,75000,73461.35956023402,1538.640439765979
1452,train,7000,10737.800847989345,-3737.800847989345
4055,train,25000,25314.495378363663,-314.4953783636629
2766,train,10000,10839.008240233294,-839.0082402332937
967,train,32000,34008.73370894132,-2008.7337089413195
4135,train,14000,15008.879728152893,-1008.8797281528932
2975,train,9000,10222.082795933142,-1222.0827959331418
2683,train,13000,15424.46733531344,-2424.4673353134403
3347,train,7000,6763.40540917083,236.59459082916965
650,train,250000,255175.9023543287,-5175.902354328689
1650,train,6000,6020.999501533255,-20.99950153325517
4727,train,15000,17145.952516848873,-2145.9525168488726
3669,train,13500,10899.888778575878,2600.111221424122
5,train,7000,7146.364448394425,-146.36444839442538
2294,train,7500,10322.000418442414,-2822.0004184424142
4438,train,7000,7452.935779699193,-452.9357796991926
58,train,7000,8230.939312912302,-1230.9393129123018
2649,train,7000,7441.748164886499,-441.74816488649867
754,train,29999,29412.558708441753,586.441291558247
3522,train,15000,12921.301362462596,2078.6986375374036
4310,train,9000,8825.107210305567,174.8927896944333
2101,train,18000,17735.731325819987,264.2686741800135
3321,train,20000,21851.156519964006,-1851.1565199640063
1406,train,45000,49309.323287271356,-4309.323287271356
2511,train,45000,32331.319643497445,12668.680356502555
26,train,5300,5622.087092297855,-322.0870922978547
4043,train,12000,11420.755812156736,579.2441878432637
4026,train,20000,17707.610316405782,2292.389683594218
1843,train,15000,15578.042092609727,-578.0420926097268
315,train,8000,9031.67146265502,-1031.6714626550202
3489,train,15000,14453.02010371558,546.9798962844197
660,train,47000,44134.87638119818,2865.123618801823
2593,train,19500,18429.384524808785,1070.6154751912145
325,train,14000,12908.835286013706,1091.1647139862944
4481,train,15000,16252.91083292682,-1252.9108329268201
1394,train,12000,12501.763899944095,-501.7638999440951
1233,train,55000,58607.66132536395,-3607.6613253639516
4651,train,22000,27139.818993644694,-5139.818993644694
2710,train,16500,16156.448814861467,343.5511851385327
1189,train,12500,13334.02799768324,-834.0279976832408
678,train,32000,27704.58174670914,4295.41825329086
536,train,49000,33354.395630611965,15645.604369388035
2829,train,20000,20352.797849621948,-352.79784962194753
2914,train,150000,139307.0484417984,10692.951558201603
2336,train,120000,84924.04218072354,35075.95781927646
1002,train,190000,198441.11910408878,-8441.119104088779
2578,train,12000,10900.306628060862,1099.6933719391382
2854,train,10000,9595.171816537131,404.82818346286876
4573,train,6500,7869.9438160614445,-1369.9438160614445
4244,train,6000,7256.484296408771,-1256.4842964087711
2067,train,30000,37426.351250234075,-7426.3512502340745
2225,train,110000,77914.12613049221,32085.873869507792
49,train,15000,14484.707457021841,515.292542978159
2540,train,15000,15312.994286554758,-312.9942865547582
3994,train,9000,8600.273974678445,399.7260253215554
3510,train,8500,7521.777493574712,978.222506425288
2983,train,15000,15333.91006199826,-333.91006199826006
1421,train,350000,263401.8912730033,86598.1087269967
4399,train,55000,41425.190603734656,13574.809396265344
460,train,12500,12465.862932476291,34.13706752370854
2759,train,15000,14162.775290270485,837.2247097295149
3120,train,8500,12219.154004114778,-3719.154004114778
2481,train,150000,122229.54105785133,27770.458942148674
3915,train,6500,7686.962155284858,-1186.9621552848585
2199,train,19500,17645.89671320924,1854.1032867907597
4112,train,12000,12166.817433452854,-166.81743345285395
3042,train,30000,30297.110469868076,-297.1104698680756
3327,train,13000,12203.114173335583,796.8858266644165
3292,train,14000,13742.724655919388,257.27534408061183
3182,train,20000,16376.684994179586,3623.3150058204137
1869,train,15000,17262.34877720492,-2262.3487772049193
3368,train,10000,9960.789975140568,39.21002485943245
2469,train,45000,36180.494113532324,8819.505886467676
119,train,14000,12529.938696373783,1470.0613036262166
3730,train,19397,18872.66023206073,524.3397679392692
367,train,21000,21360.48924800547,-360.48924800546956
1986,train,17000,13077.015064155394,3922.9849358446063
1912,train,9300,9542.009798184597,-242.00979818459746
3651,train,8000,8518.74452735623,-518.7445273562298
2099,train,8000,8468.976274004166,-468.97627400416604
116,train,5000,4455.152467786103,544.8475322138966
3958,train,50000,53121.14651622792,-3121.14651622792
3111,train,6500,6667.793340790531,-167.79334079053115
3521,train,30000,31358.15039126474,-1358.1503912647386
3865,train,10677,11275.215371210512,-598.2153712105119
4626,train,45000,45002.08808035179,-2.0880803517866298
649,train,18000,20331.672533051526,-2331.6725330515255
1519,train,54000,54040.59172398413,-40.5917239841292
3697,train,12000,13690.550173364,-1690.5501733639994
1081,train,300000,288235.47966548445,11764.520334515546
2211,train,12000,12632.868829750481,-632.8688297504814
3372,train,16500,19296.00568577114,-2796.005685771139
1391,train,27000,33975.7895802199,-6975.789580219898
1811,train,23000,20409.06071370725,2590.939286292749
2063,train,12500,10163.685208854076,2336.3147911459237
3467,train,10000,12598.662874660999,-2598.6628746609986
4198,train,15000,14951.271810036225,48.72818996377464
2156,train,12000,13217.396760961241,-1217.396760961241
3570,train,15000,15747.895866553632,-747.895866553632
1654,train,10000,10618.281954816837,-618.2819548168372
4056,train,36000,26329.094158778225,9670.905841221775
615,train,60000,52966.895257673525,7033.104742326475
4314,train,19500,19991.089425623937,-491.08942562393713
4687,train,30000,47843.10098116137,-17843.10098116137
3946,train,12500,13165.903128173319,-665.9031281733187
3043,train,10000,10952.89596766152,-952.8959676615195
509,train,6000,5969.352032968068,30.64796703193224
4424,train,35000,36607.37361728338,-1607.3736172833815
3173,train,10000,10857.157276347452,-857.1572763474524
1357,train,75000,81020.81456610793,-6020.8145661079325
947,train,40000,47139.6923437156,-7139.6923437156
912,train,100000,52397.90973174407,47602.09026825593
532,train,130000,144850.39336094382,-14850.393360943825
3342,train,18999,18115.397062686567,883.6029373134334
3055,train,6000,7040.29766489193,-1040.2976648919303
1688,train,22000,21233.529174254272,766.4708257457278
3034,train,15000,13935.345100413082,1064.654899586918
2947,train,12000,12476.21643889484,-476.2164388948404
447,train,12000,14432.934065283227,-2432.934065283227
3542,train,17000,17076.329939882573,-76.32993988257294
3918,train,12500,14188.328639472496,-1688.3286394724964
2611,train,20500,20369.68668976645,130.3133102335487
624,train,150000,150655.94741003955,-655.9474100395455
87,train,22000,20637.502282386486,1362.4977176135144
1612,train,13500,12971.336199946025,528.6638000539751
1906,train,160000,152160.26716847753,7839.732831522473
3700,train,160000,121396.632150698,38603.367849302
2691,train,14500,13836.203446793867,663.7965532061335
2424,train,27000,27593.865198014228,-593.8651980142276
789,train,180000,163669.2211960027,16330.778803997295
2932,train,10000,11044.004294171611,-1044.004294171611
1536,train,15000,14201.88139106812,798.1186089318799
4152,train,120000,110457.29006430047,9542.709935699531
1050,train,30000,34853.0202678129,-4853.020267812899
4698,train,25000,18315.435969328868,6684.564030671132
4464,train,6500,7330.603772963905,-830.6037729639047
2337,train,7000,7184.041503335035,-184.04150333503458
864,train,18000,19553.051531642886,-1553.0515316428864
2000,train,32000,20923.15780741103,11076.84219258897
2784,train,10000,11125.352567967013,-1125.3525679670129
4162,train,7000,8559.941721679363,-1559.9417216793627
382,train,6500,5908.995449703184,591.004550296816
2086,train,17500,14273.785061259914,3226.214938740086
1712,train,14000,13541.320303263183,458.6796967368173
68,train,6500,6986.773430305675,-486.773430305675
1863,train,20000,18498.581787971594,1501.4182120284058
2159,train,12000,12230.896440407792,-230.8964404077924
1601,train,55000,53056.25445373673,1943.7455462632715
4040,train,9000,9932.288064630506,-932.2880646305057
926,train,77500,73555.67488664763,3944.3251133523736
4272,train,45000,46028.547526771465,-1028.5475267714646
602,train,150000,138355.58334738357,11644.416652616434
77,train,5000,5672.429835241352,-672.4298352413516
2315,train,7000,7217.386876452746,-217.38687645274604
478,train,18000,18040.78498081317,-40.78498081316866
3266,train,35000,32560.416611675926,2439.583388324074
2188,train,12500,12445.248558601968,54.7514413980316
4708,train,20000,20371.739061992866,-371.7390619928665
4711,train,17000,15702.865344875994,1297.1346551240058
1785,train,9000,8855.352615407428,144.64738459257205
371,train,7000,7381.174153048344,-381.1741530483441
1392,train,26000,22406.02463867584,3593.975361324159
1316,train,650000,557349.8662410032,92650.13375899685
3242,train,15000,16821.881696136883,-1821.881696136883
1695,train,56000,59147.958875363525,-3147.9588753635253
2399,train,16000,15770.30561508193,229.69438491806977
895,train,45000,43918.27127636817,1081.7287236318298
1827,train,10000,10293.359737137018,-293.3597371370179
4015,train,13000,13177.848075382983,-177.84807538298264
1749,train,15000,16638.699380596336,-1638.6993805963357
2309,train,12500,11748.482720417891,751.517279582109
1799,train,6500,6892.202033657797,-392.2020336577971
3239,train,10000,9126.152527277294,873.8474727227058
2123,train,25000,23249.123183107004,1750.8768168929964
1217,train,58000,64302.59726887223,-6302.597268872232
283,train,10000,9247.24875231612,752.7512476838801
133,train,4700,4895.379125970967,-195.37912597096692
1855,train,8000,7589.047067231895,410.9529327681048
3959,train,40000,40371.96847716328,-371.96847716328193
908,train,32000,32179.53680977731,-179.53680977730983
2826,train,20000,18836.467458407384,1163.5325415926163
731,train,40000,36474.5145416418,3525.4854583581982
3224,train,12000,12206.43298581705,-206.43298581704948
3606,train,12000,10288.645022561499,1711.354977438501
1969,train,18000,16325.664463872883,1674.335536127117
3434,train,20000,18586.29695833759,1413.7030416624111
3450,train,5000,5594.283137158323,-594.2831371583234
4665,train,14000,12849.500174913761,1150.499825086239
2036,train,12000,10874.577244274438,1125.4227557255617
4350,train,26000,24012.732363514904,1987.2676364850959
4068,train,8000,8404.683730308147,-404.68373030814655
888,train,35000,38341.37462413137,-3341.374624131371
1283,train,21000,22634.382388889953,-1634.3823888899533
4636,train,12000,12976.16685430659,-976.1668543065898
15,train,40000,28822.079381204316,11177.920618795684
1000,train,25000,23425.90363801235,1574.0963619876493
3205,train,23000,23529.338119971435,-529.3381199714349
4099,train,5400,5628.7913364270835,-228.79133642708348
403,train,5000,5755.662955353267,-755.6629553532666
847,train,300000,366994.9277119721,-66994.9277119721
2445,train,23000,16719.13661283573,6280.8633871642705
1669,train,11500,10173.165585262981,1326.834414737019
4445,train,6000,5978.44131965195,21.558680348050075
350,train,5500,6397.446633847397,-897.4466338473967
278,train,6500,5497.429860276712,1002.5701397232879
375,train,9900,9617.216696388625,282.78330361137523
3620,train,45000,39154.3494488749,5845.650551125102
358,train,12000,10498.398392707682,1501.6016072923176
644,train,55000,53846.72790491084,1153.2720950891598
617,train,84500,77676.34170341643,6823.65829658357
1655,train,21000,19309.701970329097,1690.298029670903
2961,train,40000,35215.65913266653,4784.340867333471
3090,train,15000,16936.45054360364,-1936.4505436036416
2317,train,11000,10257.03850684475,742.9614931552496
3508,train,6800,6795.351723343258,4.648276656742382
879,train,28000,28762.377780991006,-762.3777809910061
2942,train,35000,33294.25780909643,1705.7421909035693
3216,train,7000,7554.951721326505,-554.9517213265053
2731,train,18000,18862.377612345044,-862.3776123450443
4227,train,12000,12267.201621548202,-267.20162154820173
3275,train,23000,24558.507988865204,-1558.5079888652035
4440,train,9000,10470.873429744235,-1470.8734297442352
3670,train,26000,21400.59052134942,4599.409478650581
2577,train,25000,23304.09384434525,1695.9061556547495
2038,train,25000,21461.16398616792,3538.8360138320786
4447,train,21000,17895.44133042272,3104.55866957728
407,train,35000,35343.17423975769,-343.17423975768907
3996,train,8000,9079.693645009227,-1079.693645009227
1730,train,29000,28708.873872933164,291.1261270668365
387,train,6000,6731.719643326823,-731.7196433268227
1781,train,20000,20844.160978758082,-844.1609787580819
3702,train,6000,6304.329429689361,-304.32942968936095
4683,train,8000,8931.19147991355,-931.1914799135502
2510,train,11500,11502.088808527982,-2.08880852798211
1764,train,4500,5355.975396832021,-855.975396832021
4419,train,6000,5967.401687809836,32.5983121901636
474,train,7000,7381.720314616259,-381.7203146162592
3339,train,12000,9101.314755011794,2898.6852449882063
2235,train,12000,12405.975801573735,-405.9758015737352
1042,train,14000,14426.256318693191,-426.25631869319113
3828,train,70000,69147.04018189796,852.959818102041
3093,train,15000,14737.38016883935,262.6198311606495
738,train,55100,55509.6645971992,-409.6645971991966
2412,train,20000,16627.907874541164,3372.0921254588357
3810,train,28000,21493.982176053567,6506.017823946433
273,train,15000,10847.497474010379,4152.502525989621
4693,train,12000,12064.089194643715,-64.08919464371502
4384,train,13000,14784.074877072633,-1784.0748770726332
1458,train,27000,27330.52689331799,-330.52689331799047
943,train,15000,19876.958336085114,-4876.958336085114
3194,train,16000,16236.115816128631,-236.1158161286312
1664,train,20000,18538.341700087887,1461.6582999121129
134,train,14000,11865.989903420228,2134.010096579772
3236,train,7000,6952.936372160676,47.063627839324
1171,train,54000,52393.845029942066,1606.1549700579344
1818,train,10000,13083.672387022842,-3083.6723870228416
413,train,6800,7020.588369421258,-220.588369421258
1273,train,65000,62296.75587910715,2703.2441208928503
2266,train,15000,14911.273612693818,88.726387306182
511,train,5000,5948.137566947616,-948.1375669476156
2966,train,18000,18021.317613942676,-21.317613942675962
3171,train,11500,12498.027453331066,-998.0274533310658
569,train,65000,58357.32015041973,6642.679849580272
524,train,70000,71128.61621558366,-1128.6162155836646
3646,train,12000,13539.385050155504,-1539.3850501555044
1966,train,10000,10223.894153887373,-223.89415388737325
4205,train,7500,9053.72625474008,-1553.7262547400805
2981,train,200000,177700.84965464592,22299.15034535408
825,train,55000,58727.59726471762,-3727.597264717617
2595,train,25000,19906.548559145187,5093.451440854813
3992,train,9500,10578.398511380083,-1078.3985113800827
2638,train,45000,46239.37134099442,-1239.3713409944176
3276,train,11000,10638.461563127465,361.5384368725354
394,train,8500,8464.726687039407,35.2733129605931
81,train,8200,7236.658242425634,963.341757574366
3975,train,10000,10144.508188826083,-144.50818882608291
3049,train,15000,10528.93616762177,4471.06383237823
1615,train,12000,11870.155011526926,129.8449884730744
72,train,16000,14992.236375553104,1007.7636244468958
2716,train,8000,9359.319633980616,-1359.3196339806163
3047,train,30000,27981.870148593134,2018.1298514068658
2087,train,6500,7407.902602422434,-907.902602422434
2971,train,12000,12881.32719981239,-881.3271998123892
3170,train,25000,23978.58529361984,1021.4147063801611
3878,train,13000,13333.11803633741,-333.11803633740965
1089,train,6000,7350.325153889062,-1350.3251538890618
29,train,12500,12132.621980404572,367.37801959542776
3114,train,15000,13217.671773962673,1782.328226037327
3300,train,8200,8777.013403806524,-577.0134038065244
339,train,7500,7648.144551423256,-148.14455142325642
3421,train,6000,7791.113074361376,-1791.1130743613758
1125,train,14000,15936.121492967293,-1936.1214929672933
2072,train,8000,7984.215878987215,15.784121012785363
3616,train,17500,16624.261620752903,875.7383792470973
1748,train,8500,8367.07571951393,132.92428048606962
550,train,20000,23309.176303302138,-3309.176303302138
3287,train,7000,9415.152243708711,-2415.1522437087115
2205,train,280000,162072.61700257764,117927.38299742236
785,train,85000,58490.130471752585,26509.869528247415
2124,train,14000,14488.420889446155,-488.42088944615534
84,train,6700,7443.913983781989,-743.9139837819894
2504,train,15000,16523.12295512411,-1523.1229551241086
1633,train,20000,16751.43012803399,3248.5698719660104
3073,train,75000,61134.81568026464,13865.18431973536
2743,train,530000,353728.68432388065,176271.31567611935
2761,train,50000,45319.51402193994,4680.48597806006
2181,train,9500,10041.359622721415,-541.3596227214148
2973,train,31000,30176.525441487393,823.4745585126075
2455,train,5000,5744.20645913867,-744.2064591386697
1163,train,40000,43279.889153487566,-3279.8891534875656
2289,train,4000,4601.383977022691,-601.3839770226914
4253,train,11000,11688.303523182683,-688.3035231826834
3515,train,17000,17353.380297835567,-353.38029783556703
4114,train,60000,59641.64771136448,358.3522886355204
1540,train,12000,11978.809396505803,21.190603494196694
3513,train,10000,11440.977287831982,-1440.9772878319818
4692,train,7500,8233.468679859676,-733.4686798596758
1470,train,80000,81630.4398364773,-1630.4398364772933
2068,train,25000,23279.80038038983,1720.1996196101718
3432,train,10500,10899.998114918866,-399.9981149188661
679,train,150000,149608.12704740302,391.87295259698294
2633,train,22000,16750.27415345087,5249.725846549129
2915,train,13000,14111.223352150813,-1111.2233521508133
543,train,21000,24912.119692306995,-3912.1196923069947
1793,train,30000,31126.82346825422,-1126.8234682542206
2402,train,8000,8515.886388437399,-515.8863884373986
940,train,36000,31054.10257950678,4945.89742049322
352,train,7000,7667.972737503351,-667.9727375033508
1023,train,45000,47074.78956139612,-2074.7895613961227
786,train,75000,76257.44918496924,-1257.4491849692422
1964,train,6500,6866.450578240276,-366.4505782402757
3051,train,20000,18070.945800494406,1929.0541995055937
2647,train,5500,7871.0927654858915,-2371.0927654858915
3520,train,8000,8437.809262766976,-437.80926276697573
2866,train,8000,9901.975716810348,-1901.9757168103479
4136,train,25000,24062.26648905167,937.7335109483283
1031,train,20000,18890.913307359973,1109.0866926400267
2472,train,9000,9168.573329082717,-168.57332908271746
284,train,1500,2200.865456183335,-700.865456183335
3721,train,16000,18059.12545625791,-2059.125456257909
4554,train,7500,8451.486930604808,-951.4869306048076
1667,train,14500,14789.533480451793,-289.53348045179337
2627,train,25000,23379.55181900074,1620.4481809992612
2880,train,7000,7102.955698374616,-102.95569837461608
2076,train,6000,7715.125410460389,-1715.1254104603886
4052,train,5500,6289.91373274677,-789.9137327467697
4048,train,20000,19328.385801726494,671.6141982735062
3656,train,16000,16731.171623918523,-731.1716239185225
2260,train,100000,77790.5118451884,22209.488154811595
1945,train,30000,25940.72812555043,4059.2718744495687
1486,train,45000,47590.90962640156,-2590.9096264015607
308,train,13000,13802.692254588286,-802.6922545882862
1150,train,65000,66746.78101895178,-1746.7810189517768
762,train,53500,48158.49578880213,5341.504211197869
1638,train,30000,32783.62533620095,-2783.625336200952
599,train,120000,133327.97543127512,-13327.975431275117
3005,train,20000,18842.400312225385,1157.5996877746147
253,train,12000,12306.225676990862,-306.22567699086176
143,train,8000,8802.459307419405,-802.4593074194054
1738,train,16000,17605.98570615365,-1605.9857061536495
2341,train,11000,12860.160645223961,-1860.1606452239612
4219,train,9000,9846.125973889377,-846.1259738893768
4486,train,12000,11464.689104130272,535.3108958697285
3129,train,8500,8983.242177662185,-483.242177662185
3388,train,7500,10050.960241898463,-2550.960241898463
1122,train,40000,37564.56897033038,2435.4310296696203
4370,train,30000,35624.18868034856,-5624.188680348561
51,train,7500,6914.270801496223,585.7291985037773
1770,train,10000,11534.03268569673,-1534.0326856967295
3554,train,16000,13783.27990892687,2216.72009107313
2564,train,14500,23182.979141731925,-8682.979141731925
3253,train,12000,12525.416173524412,-525.4161735244124
2319,train,60000,51483.41838851856,8516.581611481437
2254,train,17600,16431.64894966358,1168.3510503364196
2910,train,13000,13325.555422384785,-325.55542238478483
2929,train,42000,41072.53818317686,927.4618168231391
4378,train,12000,12674.05561539654,-674.0556153965408
4351,train,8000,7482.449805121544,517.5501948784558
845,train,28000,34370.12391459617,-6370.123914596174
4130,train,12000,10532.23560772468,1467.7643922753196
3691,train,5000,5646.320140234315,-646.3201402343147
674,train,32000,31495.081502792138,504.91849720786195
1959,train,10000,8194.562915259492,1805.437084740508
2752,train,7000,8190.439617321503,-1190.4396173215027
1623,train,6500,7189.082335515723,-689.0823355157227
3964,train,16000,17984.698313208344,-1984.6983132083442
4701,train,12500,12122.582189869825,377.417810130175
1629,train,15000,15267.613208434315,-267.6132084343153
3085,train,16000,16876.659948331468,-876.6599483314676
2354,train,17000,16164.179655500326,835.8203444996743
4159,train,17500,17207.061624654296,292.9383753457041
1621,train,18000,17329.813459618188,670.1865403818119
4614,train,9500,11597.082979281302,-2097.082979281302
1776,train,12000,13614.058019346121,-1614.058019346121
436,train,7000,8450.451933388413,-1450.4519333884127
3384,train,16000,17015.63134859695,-1015.6313485969513
732,train,180000,168798.27539791638,11201.724602083617
415,train,5000,5854.672661591147,-854.6726615911466
3271,train,13000,12754.404372691277,245.59562730872312
993,train,200000,209735.96725922133,-9735.967259221332
2419,train,16000,15537.996692625715,462.0033073742852
529,train,160000,87422.44608320334,72577.55391679666
1594,train,4500,5471.986753849517,-971.9867538495173
52,train,5000,5986.318012031927,-986.3180120319266
354,train,10000,10228.667419279207,-228.66741927920702
1218,train,130000,112164.13476755809,17835.86523244191
3877,train,7000,5813.480859392694,1186.5191406073063
4282,train,7000,9266.889407064307,-2266.8894070643073
4648,train,15000,13409.460761287028,1590.5392387129723
2894,train,23000,23699.614129475704,-699.6141294757035
454,train,8500,8404.060925589574,95.93907441042575
2789,train,30000,28716.43513713823,1283.564862861771
995,train,48000,42502.59518258848,5497.404817411523
2764,train,15000,16480.496751058185,-1480.4967510581846
152,train,5000,6031.482848412763,-1031.482848412763
813,train,45000,48504.288822741495,-3504.288822741495
82,train,15000,13735.017938232586,1264.982061767414
1662,train,8000,8577.73150534676,-577.7315053467591
2333,train,9000,10282.427213132874,-1282.4272131328744
723,train,80000,77147.38769072096,2852.6123092790367
3863,train,15000,14230.73242808209,769.2675719179097
2832,train,8000,10033.891285519561,-2033.8912855195613
695,train,17000,19341.305871264667,-2341.305871264667
2844,train,28000,26252.50221095548,1747.4977890445189
3760,train,8000,6964.045690067578,1035.954309932422
4375,train,25000,22807.628157017196,2192.371842982804
2608,train,32000,32015.498758312846,-15.498758312845894
2684,train,11000,10670.526589446454,329.4734105535463
1007,train,39000,39441.89596088348,-441.8959608834775
4354,train,10000,11654.586897634139,-1654.586897634139
1082,train,80000,65546.32180548817,14453.678194511827
2518,train,32000,30460.571919499293,1539.4280805007074
1717,train,5500,5941.613057994006,-441.61305799400634
4639,train,80000,75065.06366551304,4934.9363344869635
3910,train,5500,5742.581674075621,-242.58167407562087
4328,train,16500,17789.518990127013,-1289.5189901270132
3804,train,35000,33205.38127082568,1794.618729174319
1430,train,58000,52880.33182838891,5119.668171611091
3505,train,6500,6043.76402812477,456.23597187522955
3364,train,12000,12422.717442494812,-422.7174424948116
2209,train,180000,117500.19202965924,62499.80797034076
4411,train,8000,9151.891515627438,-1151.891515627438
2231,train,11000,11371.610403888484,-371.61040388848414
2765,train,30000,25722.273329209616,4277.726670790384
2479,train,25000,23659.76601772736,1340.233982272639
1404,train,50000,45716.63773768361,4283.36226231639
246,train,10000,11908.497924191286,-1908.497924191286
2711,train,100000,101852.08790935314,-1852.0879093531403
3541,train,10000,9008.066616471393,991.933383528607
1916,train,14000,13997.62791346735,2.372086532650428
2562,train,10000,8513.017779654032,1486.982220345968
2831,train,40000,35299.21887859438,4700.78112140562
513,train,10000,10332.256643944018,-332.2566439440179
397,train,6000,5974.186409592591,25.81359040740881
581,train,28000,26686.232717476,1313.7672825240006
3311,train,280000,214809.4514503999,65190.54854960009
2130,train,24000,21915.30974222487,2084.6902577751316
3156,train,18000,18134.625523197523,-134.62552319752285
3837,train,12000,13019.581700689798,-1019.5817006897978
984,train,150000,175978.51774064676,-25978.517740646756
4193,train,30000,28580.32709961989,1419.6729003801083
3598,train,15000,15819.721933829871,-819.721933829871
3665,train,15000,14374.407070323237,625.5929296767627
244,train,15000,17033.219624494886,-2033.2196244948864
327,train,7000,7184.97196870286,-184.97196870286007
1569,train,12000,12318.932851481852,-318.9328514818517
4388,train,10000,11162.470624989526,-1162.4706249895262
3310,train,14500,13640.711703255176,859.288296744824
161,train,10000,10040.405590553946,-40.40559055394624
2198,train,7500,8117.076211012078,-617.0762110120777
3913,train,23000,21400.184414537845,1599.8155854621546
1180,train,25000,24892.132194247704,107.86780575229568
4111,train,12000,12867.34210049249,-867.3421004924894
1350,train,21000,20785.208657718522,214.79134228147814
4575,train,17500,18329.954899255343,-829.9548992553428
1794,train,120000,111137.1686856035,8862.831314396506
2859,train,40000,37443.341380658014,2556.658619341986
3161,train,16000,14255.078926390106,1744.921073609894
368,train,5000,5302.0844441487025,-302.08444414870246
4524,train,7500,8572.187236702262,-1072.1872367022625
3686,train,25000,24065.653858015048,934.3461419849518
1697,train,25000,22688.641950315377,2311.3580496846225
3358,train,4200,5278.509502353096,-1078.5095023530957
4147,train,20000,19393.794963894597,606.2050361054025
3579,train,18000,16824.75429611149,1175.2457038885113
3472,train,7000,9615.46238680081,-2615.4623868008093
4145,train,10500,11357.933938109663,-857.9339381096634
4103,train,14000,13814.870618714185,185.12938128581482
18,train,11000,11148.990978184305,-148.99097818430528
2256,train,8000,9113.034675712834,-1113.0346757128336
2561,train,15000,12531.613835290287,2468.386164709713
498,train,10500,11931.505523275337,-1431.5055232753366
199,train,24000,18058.516124657497,5941.483875342503
1339,train,46700,47982.131806944555,-1282.1318069445551
657,train,160000,142858.52695384753,17141.473046152474
3893,train,14000,14993.414409465091,-993.414409465091
2907,train,40000,36895.30936003513,3104.6906399648724
139,train,15000,16347.215677250457,-1347.2156772504568
3739,train,13500,13129.692163362479,370.3078366375212
518,train,5000,5605.549103288718,-605.5491032887176
1057,train,45000,40276.99060921524,4723.009390784762
4216,train,45000,50345.06990283841,-5345.0699028384115
3797,train,25000,21985.607709963373,3014.392290036627
3648,train,11000,10943.726451605467,56.273548394532554
958,train,50000,56773.15107596739,-6773.151075967391
1620,train,11000,10351.061008095498,648.9389919045025
430,train,5000,5496.266265756777,-496.2662657567771
734,train,140000,136973.2736544388,3026.726345561212
1865,train,20000,19305.33299074781,694.667009252189
2664,train,30000,31048.93711275211,-1048.9371127521117
3833,train,12000,13020.176480859689,-1020.176480859689
440,train,8000,7470.31587950823,529.68412049177
4387,train,9000,9484.745111124557,-484.7451111245573
2720,train,9000,8475.513333389072,524.4866666109283
2707,train,70000,81981.15118344466,-11981.151183444657
4174,train,25000,22068.481236648735,2931.518763351265
4363,train,12000,14485.063532026716,-2485.0635320267156
974,train,98000,103596.19867442225,-5596.198674422252
3488,train,17000,20349.54241102112,-3349.5424110211206
3461,train,25000,24563.923704431796,436.07629556820393
3264,train,14000,14845.930138210699,-845.9301382106987
918,train,75000,62950.76281226294,12049.23718773706
3812,train,14000,12923.340077360406,1076.6599226395938
2956,train,52000,44307.46109129088,7692.538908709117
2551,train,8000,10255.550930305737,-2255.550930305737
1541,train,7000,7614.266736090059,-614.2667360900587
3048,train,13000,14770.815714773138,-1770.815714773138
4676,train,10000,10173.244672153174,-173.24467215317418
1191,train,55000,52604.62014397909,2395.3798560209107
402,train,9000,8905.369545760985,94.63045423901531
4645,train,5000,5523.317590730813,-523.3175907308132
1646,train,8000,7935.2274488557805,64.7725511442195
4525,train,25000,24165.78400401779,834.2159959822093
3605,train,17000,15715.501851832058,1284.4981481679424
2485,train,17000,16523.12295512411,476.87704487589144
4049,train,16000,13278.362227702306,2721.637772297694
3366,train,15723,16723.15129605099,-1000.1512960509899
1514,train,17000,16387.689716646084,612.310283353916
1626,train,13000,11630.423661522698,1369.5763384773018
2252,train,4750,5543.553835689415,-793.5538356894149
357,train,7000,6823.880514251409,176.1194857485907
4069,train,15000,16973.926618370973,-1973.9266183709733
2572,train,200000,111951.59748868085,88048.40251131915
4661,train,65000,65014.33634012803,-14.336340128029406
2976,train,27000,24619.444384967905,2380.5556150320954
2136,train,8500,8549.314826473075,-49.3148264730753
177,train,4000,5122.054860070643,-1122.0548600706434
1325,train,26000,25738.859021931676,261.14097806832433
1008,train,190000,185293.927598842,4706.072401157988
2778,train,25000,23108.658156899415,1891.3418431005848
4547,train,7500,7363.506402022801,136.493597977199
3369,train,3000,3935.059394262401,-935.0593942624009
166,train,8000,8987.64112466966,-987.6411246696607
2030,train,15000,16909.580180629386,-1909.5801806293857
3459,train,15000,15039.658923519431,-39.65892351943148
2034,train,22000,19569.546957367205,2430.4530426327947
101,train,35000,36484.87810561743,-1484.8781056174266
882,train,75000,61702.78334427429,13297.216655725708
2573,train,20000,18676.213278881834,1323.7867211181656
2265,train,7500,8477.398432083493,-977.3984320834934
1239,train,100000,82183.67203900586,17816.32796099414
3816,train,18000,15423.281224044778,2576.7187759552216
4276,train,19000,15553.536151277764,3446.4638487222364
4637,train,14500,14980.037152888484,-480.03715288848434
1009,train,84000,79256.92496025666,4743.075039743344
3867,train,32500,38763.94681652186,-6263.946816521857
3267,train,8000,8879.104956077881,-879.1049560778811
870,train,20000,21397.525976005803,-1397.5259760058034
90,train,18000,17917.35679030619,82.64320969381151
2311,train,26000,27579.543580532798,-1579.543580532798
2049,train,4300,5103.52442289384,-803.52442289384
3906,train,11000,10634.141996915696,365.8580030843041
2796,train,10000,10856.16973472869,-856.16973472869
34,train,22000,18743.675447528458,3256.324552471542
793,train,19000,17601.9929996888,1398.0070003112014
780,train,61000,83508.52275543753,-22508.52275543753
3675,train,24000,22896.431383286214,1103.5686167137865
2075,train,140000,137296.29681505726,2703.703184942744
1121,train,57000,84932.71347710688,-27932.71347710688
972,train,25000,25342.6153286014,-342.6153286014014
3880,train,9500,10369.208047869452,-869.2080478694515
1844,train,35000,34172.999133881276,827.0008661187239
2288,train,8500,8048.92891571118,451.0710842888202
3664,train,8500,9747.075596838971,-1247.0755968389713
2598,train,12000,11824.065903203393,175.93409679660726
1405,train,29000,26637.524311839563,2362.475688160437
4405,train,15000,17867.8570901366,-2867.8570901366
2162,train,9000,9205.582461437549,-205.58246143754877
1041,train,75000,69445.9738885397,5554.026111460305
3980,train,300000,145448.22151895333,154551.77848104667
2884,train,9000,11155.24830133892,-2155.248301338919
314,train,7000,7308.629050121956,-308.6290501219564
1164,train,45000,42755.82438693342,2244.1756130665817
1990,train,16000,14582.707316188167,1417.2926838118328
4602,train,13000,12760.791206224714,239.2087937752858
1831,train,9000,7889.908214469052,1110.091785530948
54,train,11000,10414.884645028409,585.1153549715909
1272,train,330000,240193.09468241085,89806.90531758915
2196,train,16000,18086.626379887446,-2086.626379887446
2742,train,40000,41674.21839352532,-1674.2183935253197
1788,train,7000,7114.253956886177,-114.25395688617664
3235,train,6500,7152.560040969579,-652.560040969579
2476,train,35000,30560.487868962202,4439.512131037798
3157,train,9500,10167.754073299247,-667.7540732992475
2566,train,24000,19425.874293015408,4574.125706984592
3279,train,100000,94714.36272266708,5285.63727733292
3731,train,12000,12162.550099773507,-162.5500997735071
3986,train,10000,9490.157600248025,509.8423997519749
1696,train,43000,41360.67321634498,1639.3267836550222
1464,train,25000,25458.765321862178,-458.7653218621781
1203,train,27000,29129.82934379742,-2129.8293437974207
2634,train,4500,5254.947004859923,-754.9470048599233
3262,train,5250,5216.74554616205,33.25445383794977
2822,train,6500,7458.766563113236,-958.7665631132359
2891,train,55000,50434.01745412653,4565.98254587347
1533,train,7000,6991.262097715637,8.737902284363372
3822,train,11500,11126.110171930959,373.88982806904096
1926,train,20000,20482.200381443537,-482.2003814435375
1753,train,20000,23173.395202592343,-3173.3952025923427
3525,train,40000,32512.695695773928,7487.304304226072
1498,train,61500,65363.63811155381,-3863.6381115538097
1807,train,15000,13561.253322817276,1438.746677182724
3989,train,9000,10165.948950866734,-1165.9489508667339
3050,train,12000,11857.910688359056,142.0893116409443
3283,train,18000,15555.30096887906,2444.6990311209393
2991,train,25000,22858.482621744817,2141.517378255183
4307,train,36000,31508.704042867223,4491.295957132777
2229,train,11500,11947.199266474177,-447.1992664741774
242,train,7500,7460.213167495839,39.786832504160884
782,train,42000,48608.52446233981,-6608.52446233981
2410,train,13500,13428.910719279602,71.08928072039816
4207,train,8000,7580.687378853142,419.31262114685796
960,train,65000,80509.50563922376,-15509.50563922376
4545,train,47000,50135.60051669234,-3135.6005166923424
3402,train,19000,15852.579755447305,3147.4202445526953
801,train,45000,38729.03254131012,6270.967458689876
2825,train,7500,8794.65103630744,-1294.6510363074394
4319,train,13000,12980.898159910792,19.101840089208054
3636,train,10000,9462.467755125837,537.5322448741626
232,train,35000,35159.68323128726,-159.6832312872575
1144,train,47000,46201.66546863456,798.3345313654427
2534,train,30000,27956.44072501719,2043.5592749828102
1059,train,50000,49202.59246577798,797.4075342220167
504,train,25000,20000.141885475576,4999.858114524424
751,train,92500,83261.18022895842,9238.819771041584
4038,train,26000,24732.764722642136,1267.235277357864
3097,train,8000,7292.135952032357,707.8640479676433
4584,train,13000,11646.67348903387,1353.3265109661297
2027,train,12000,12007.642109802066,-7.642109802065534
4263,train,6000,6460.902377855281,-460.902377855281
4340,train,8000,9097.583780660023,-1097.583780660023
3350,train,21000,20203.945262243724,796.0547377562762
823,train,69999,66615.2854080373,3383.714591962693
1644,train,13000,12732.855550152015,267.144449847985
2536,train,80000,76626.27122228897,3373.7287777110323
3983,train,27000,34908.6463678438,-7908.646367843801
4170,train,10000,10575.94664837856,-575.94664837856
346,train,20000,19837.448450726297,162.55154927370313
1048,train,94000,76525.77143637014,17474.228563629862
343,train,9500,8442.763883932968,1057.2361160670316
1682,train,23000,22638.63488540683,361.365114593169
2275,train,8500,8058.519975288129,441.480024711871
516,train,7500,7411.238632464448,88.76136753555238
781,train,70000,69308.91671851736,691.0832814826426
2363,train,35000,38468.38383384143,-3468.383833841428
2020,train,14000,16445.260371181455,-2445.2603711814554
4579,train,9000,8951.342698649487,48.65730135051308
12,train,6500,6688.913736852843,-188.9137368528427
3624,train,34999,37627.94228051334,-2628.9422805133436
3929,train,30000,26637.67974232883,3362.32025767117
256,train,5000,5500.870060493419,-500.87006049341926
2804,train,12000,13943.161659103183,-1943.1616591031834
3993,train,49000,46801.15758855023,2198.8424114497684
4268,train,9500,10649.568605279897,-1149.5686052798974
3999,train,18000,17820.110879267246,179.88912073275424
656,train,18000,18749.106780567505,-749.1067805675048
105,train,6000,6482.0461363428185,-482.0461363428185
3814,train,33000,34409.5552769231,-1409.5552769230999
1056,train,57000,61370.942726096604,-4370.942726096604
3089,train,10000,10286.800985803568,-286.8009858035675
1448,train,34000,29021.723825348476,4978.276174651524
3118,train,17500,17261.49641395518,238.5035860448188
3349,train,14000,12760.038724276092,1239.9612757239083
4700,train,6000,6038.644953276425,-38.64495327642544
1432,train,45000,50558.96196057715,-5558.961960577151
4589,train,44000,44377.074237092,-377.07423709199793
25,train,7000,7571.671923948509,-571.6719239485092
4482,train,6800,7127.700423156158,-327.70042315615774
3625,train,7000,8300.21941898746,-1300.2194189874608
4397,train,13000,13440.153191326272,-440.15319132627155
104,train,180000,61816.99110551571,118183.00889448429
3722,train,9000,9628.58392743266,-628.5839274326609
332,train,20000,21017.702189469353,-1017.7021894693535
4088,train,140000,146139.88177589484,-6139.881775894843
4317,train,16000,15850.854009093293,149.14599090670708
168,train,6500,6986.752428151805,-486.75242815180536
817,train,40000,37027.8676071236,2972.132392876403
2016,train,10000,9275.502105424408,724.497894575592
3857,train,12000,11531.18649151831,468.8135084816895
4106,train,14000,13573.401762449914,426.5982375500862
4071,train,12000,11890.61605707494,109.38394292506018
500,train,12000,12674.2768956178,-674.2768956178006
4237,train,28000,25766.702533383654,2233.2974666163464
1522,train,10500,11207.802868110037,-707.8028681100368
1094,train,20000,21959.697528798763,-1959.6975287987625
3529,train,8000,8829.421036752869,-829.4210367528685
2450,train,22000,27431.366140106235,-5431.3661401062345
621,train,34000,30108.44337392494,3891.55662607506
1215,train,21000,25865.567322437622,-4865.567322437622
2331,train,18000,16375.777957586559,1624.2220424134412
1304,train,18500,16216.11537138359,2283.88462861641
391,train,8500,8497.638618028484,2.361381971515584
1172,train,180000,182088.29083473107,-2088.290834731073
2382,train,65000,65771.09659310651,-771.0965931065148
3921,train,75000,76518.12183449283,-1518.1218344928348
2952,train,40000,38369.516040319184,1630.483959680816
3399,train,19000,21958.28549494428,-2958.285494944281
2499,train,9000,9435.183328008887,-435.18332800888675
1505,train,9500,9167.88930893371,332.1106910662893
1759,train,18000,15212.224499694508,2787.7755003054917
2019,train,17000,18336.094942243428,-1336.0949422434278
4270,train,30000,28853.513000826777,1146.486999173223
439,train,6500,6917.329498428141,-417.32949842814105
2466,train,75000,67375.1616939742,7624.838306025806
4422,train,6000,6083.556278046651,-83.55627804665073
476,train,14000,12264.69769378907,1735.3023062109296
792,train,18000,17017.15872902023,982.8412709797703
1018,train,65000,62063.82027550027,2936.1797244997288
172,train,7000,6512.011929625132,487.9880703748677
1847,train,10000,10021.728443232185,-21.728443232184873
1475,train,90000,86973.73826715662,3026.2617328433844
633,train,210000,157431.9624868084,52568.03751319161
79,train,8000,7183.274115914298,816.7258840857021
2304,train,12000,11433.015760036817,566.9842399631834
4475,train,22000,22486.599642948993,-486.5996429489933
4528,train,7500,8205.115895860881,-705.1158958608812
2178,train,6500,7506.549872791861,-1006.5498727918612
2338,train,28000,25718.268313275225,2281.7316867247755
1241,train,100000,108882.14931163113,-8882.149311631132
4376,train,8500,7951.41530709752,548.5846929024801
857,train,190000,158017.5140863662,31982.485913633805
4017,train,10000,10658.329107197176,-658.3291071971762
2370,train,16000,17839.715398330667,-1839.715398330667
2670,train,25000,24482.88490196056,517.1150980394414
2906,train,19000,15856.236410573356,3143.763589426644
3307,train,6500,6765.224467617738,-265.2244676177379
1915,train,7000,6788.1450176105145,211.85498238948549
567,train,32000,34161.46813996833,-2161.4681399683323
4713,train,8000,8088.624741661611,-88.62474166161064
3015,train,9000,9674.748507756938,-674.7485077569381
4142,train,65000,59753.24269879417,5246.757301205827
961,train,33000,34474.012361989626,-1474.0123619896258
1184,train,100000,107288.41627364824,-7288.416273648239
4295,train,8500,7697.340190719465,802.6598092805352
1090,train,280000,298565.25156798196,-18565.251567981963
2802,train,22000,22598.405480108533,-598.4054801085331
3984,train,10000,10849.387202141223,-849.3872021412226
3295,train,9000,9750.390112506302,-750.3901125063021
2519,train,20000,17283.463656829987,2716.5363431700134
3792,train,18000,16900.523481709708,1099.476518290292
710,train,6500,12313.187393979919,-5813.187393979919
2998,train,10000,9850.394751917576,149.6052480824237
3808,train,15000,13748.183096299532,1251.8169037004682
3905,train,11000,11403.642190474142,-403.6421904741419
1118,train,50000,54007.20534445793,-4007.2053444579287
1677,train,10000,9141.616566194736,858.3834338052638
2361,train,11000,9768.870968611654,1231.1290313883455
988,train,41000,45183.61014517936,-4183.610145179358
562,train,25000,29966.76503994737,-4966.765039947371
66,train,5000,5249.978574918821,-249.97857491882132
3191,train,15000,14780.08965500991,219.91034499009038
3037,train,10000,12018.626867820869,-2018.626867820869
3926,train,24000,22809.6691780759,1190.3308219241007
3564,train,20000,15606.032434559653,4393.967565440347
3835,train,8000,9228.409529177017,-1228.4095291770172
4165,train,10000,10489.472653094052,-489.47265309405157
515,train,65000,52683.33700688272,12316.66299311728
91,train,12000,10959.76288903149,1040.23711096851
4315,train,25000,22730.872461508618,2269.1275384913824
1957,train,15000,18088.599157383054,-3088.5991573830543
2432,train,38000,31371.644356727422,6628.355643272578
1954,train,15000,14992.837135306601,7.16286469339866
4157,train,7000,8483.465908892293,-1483.4659088922926
1803,train,20000,21163.956657097428,-1163.9566570974275
3458,train,17000,14389.9832364003,2610.0167635997004
3116,train,40000,44439.09587377584,-4439.095873775841
251,train,6000,7297.940680099329,-1297.9406800993293
4583,train,25000,22882.503149910128,2117.496850089872
527,train,14000,16676.091037314658,-2676.091037314658
938,train,32000,33421.265698839445,-1421.2656988394447
1777,train,9000,9072.880450825056,-72.88045082505596
876,train,40000,41414.769542111775,-1414.769542111775
3763,train,85000,91795.97634814966,-6795.976348149663
1210,train,55000,61981.49951831862,-6981.499518318618
1728,train,23000,17576.48380912863,5423.516190871371
3115,train,25000,23501.767483980562,1498.2325160194378
2305,train,14000,13934.940855293573,65.0591447064271
2740,train,45000,46913.76923387008,-1913.76923387008
3769,train,32000,29600.940196726013,2399.059803273987
1914,train,13000,12317.056771660562,682.9432283394381
1457,train,42000,44031.5050802395,-2031.505080239498
3704,train,6500,6244.613789773368,255.3862102266321
1427,train,400000,380201.26634711114,19798.733652888855
3354,train,25000,20467.81243430661,4532.187565693392
3273,train,11000,10141.364753084174,858.6352469158264
437,train,5000,5261.227290560615,-261.2272905606151
3460,train,3500,4625.468287456444,-1125.4682874564442
3149,train,19000,16630.569976726703,2369.4300232732967
909,train,50000,59186.65485046918,-9186.654850469182
2213,train,22000,19882.265244066457,2117.734755933543
769,train,110000,91953.18969837447,18046.810301625534
1968,train,13000,12868.08515020652,131.91484979348024
3824,train,12000,14403.340640817883,-2403.3406408178835
37,train,7000,6847.201307451294,152.79869254870573
3638,train,12500,10773.70752684614,1726.2924731538606
1678,train,8000,9165.660815823247,-1165.6608158232466
4084,train,35000,33491.42064974938,1508.5793502506203
2576,train,9500,9766.075224359378,-266.0752243593779
434,train,22000,21697.774485794198,302.225514205802
936,train,48000,45752.684593748665,2247.315406251335
856,train,150000,180834.09830560343,-30834.09830560343
4717,train,16000,16191.276075472058,-191.27607547205844
377,train,5000,5659.331909186196,-659.3319091861958
2427,train,80000,87000.23074514068,-7000.230745140681
144,train,8000,7796.406819709322,203.593180290678
4474,train,6500,5917.7474621736865,582.2525378263135
4444,train,16000,17431.470975022137,-1431.4709750221373
3643,train,15000,13381.666290365458,1618.3337096345422
2024,train,130000,129649.66609431485,350.3339056851546
2770,train,22000,24237.734083012554,-2237.734083012554
3341,train,33000,30844.41893006828,2155.581069931719
3256,train,11000,11166.184013677554,-166.1840136775536
4695,train,10500,8618.930255891291,1881.0697441087086
546,train,100000,79341.63973688029,20658.360263119714
1307,train,80000,80818.75240846185,-818.752408461849
3576,train,7000,7270.550970950056,-270.55097095005567
423,train,12000,10823.181070056844,1176.818929943156
1723,train,15000,16302.964123916221,-1302.964123916221
2298,train,13000,12945.2686542635,54.73134573649986
307,train,9000,9621.184764285794,-621.1847642857938
2284,train,16000,15919.051781293192,80.94821870680789
544,train,150000,89993.33808408187,60006.66191591813
2093,train,8500,9215.695302074942,-715.6953020749424
779,train,190000,182030.80645375836,7969.193546241644
2672,train,28000,30512.53289002272,-2512.5328900227214
2177,train,9500,10785.020178229977,-1285.0201782299773
585,train,24000,24865.063647313094,-865.0636473130944
2203,train,16000,15199.560614145958,800.4393858540425
4631,train,10000,9941.320370764364,58.67962923563573
2456,train,20500,20040.124967740016,459.87503225998444
4239,train,12500,12536.723371163285,-36.723371163285265
2911,train,44000,40841.23531493832,3158.76468506168
1956,train,10000,10976.155863758346,-976.1558637583457
2405,train,15000,15755.524640279315,-755.5246402793146
2899,train,11500,11665.733728892254,-165.73372889225357
3053,train,10000,10277.35190970089,-277.35190970089025
4346,train,30000,29212.997425329908,787.0025746700921
2833,train,95000,81325.07019990393,13674.92980009607
1967,train,6000,7513.87954997429,-1513.87954997429
138,train,8500,9042.364493156168,-542.3644931561685
2431,train,35000,30932.24240467534,4067.7575953246596
2977,train,12500,13009.91340512756,-509.9134051275596
1731,train,12000,12786.127157833407,-786.1271578334072
3502,train,17000,15419.563868591313,1580.4361314086873
4691,train,7500,7674.605522541267,-174.60552254126742
3427,train,30000,27004.121364238435,2995.8786357615645
1884,train,22000,20511.677209048557,1488.3227909514426
1687,train,39000,29766.195709998232,9233.804290001768
1106,train,27000,25986.584292427953,1013.4157075720468
4260,train,11500,11885.21426003423,-385.2142600342304
715,train,16000,17799.763535014128,-1799.7635350141281
1332,train,39000,35481.038958524754,3518.961041475246
4225,train,25000,20882.23844661949,4117.761553380511
3649,train,10000,9759.304955941987,240.69504405801308
1377,train,32000,30281.920034765742,1718.0799652342575
157,train,12000,13290.86179804309,-1290.86179804309
198,train,9000,9355.18195532627,-355.1819553262703
1039,train,30000,28084.6623083961,1915.3376916039015
4353,train,15000,16263.286428675176,-1263.2864286751756
3672,train,18000,15429.987772642811,2570.0122273571887
760,train,45000,43462.39131262593,1537.6086873740715
23,train,6500,7563.308983377317,-1063.3089833773174
1542,train,9000,8599.546085600172,400.45391439982814
4559,train,8000,7295.287307258419,704.7126927415811
4680,train,6500,6703.745944976529,-203.74594497652924
3101,train,14000,17095.407539423108,-3095.4075394231077
931,train,55000,55954.505492484306,-954.5054924843062
1520,train,14500,13465.561569733283,1034.4384302667168
4506,train,8000,8947.97816940443,-947.9781694044304
2480,train,8000,7915.196154761708,84.80384523829161
2064,train,21000,22291.972275948632,-1291.9722759486322
3708,train,17000,15588.61945494882,1411.380545051181
1531,train,13000,11902.932693942792,1097.067306057208
3895,train,10500,9768.11109382095,731.8889061790505
525,train,45000,38630.17535725369,6369.824642746309
1661,train,13000,13341.125519948524,-341.125519948524
639,train,100000,109152.16385677144,-9152.16385677144
3705,train,10000,10031.00371718218,-31.00371718218048
3258,train,17500,16660.998413264904,839.0015867350958
2200,train,75000,58668.06978422431,16331.93021577569
3044,train,15000,14968.116034160286,31.88396583971371
1509,train,13000,12705.547149185455,294.45285081454495
1070,train,65000,70020.66612690089,-5020.666126900891
419,train,6000,5765.844455814897,234.15554418510328
3135,train,10000,10224.301928246916,-224.30192824691585
1467,train,110000,105785.23746622523,4214.762533774774
1952,train,15000,13594.145522719156,1405.8544772808436
2226,train,5500,6811.470587380658,-1311.470587380658
2175,train,9500,10026.01449194521,-526.0144919452105
1267,train,6000,8843.432360058943,-2843.4323600589432
2041,train,60000,55061.64660114488,4938.353398855121
3549,train,10000,11159.874983203586,-1159.8749832035865
3208,train,13000,13327.553741311101,-327.5537413111015
4722,train,13000,13115.330266023913,-115.33026602391328
3711,train,11500,13052.092607189741,-1552.092607189741
4417,train,25000,22918.531353659302,2081.468646340698
3761,train,220000,226069.16666081382,-6069.166660813818
4484,train,12000,13433.703235931322,-1433.7032359313216
2323,train,18000,18042.92420364134,-42.92420364134159
1577,train,21000,20806.343265360916,193.65673463908388
392,train,35000,33970.66024917966,1029.3397508203416
3441,train,28000,25433.697432124525,2566.302567875475
4543,train,11000,11168.617971067564,-168.6179710675642
3076,train,20500,17441.38303347698,3058.616966523019
951,train,36000,36213.87205068722,-213.8720506872196
404,train,8000,10268.721415956485,-2268.7214159564846
2823,train,17000,18789.722012289032,-1789.7220122890321
1079,train,95000,86015.37304692407,8984.626953075931
1718,train,10000,10615.371098403013,-615.3710984030131
1484,train,78000,61991.93065428948,16008.069345710523
321,train,12000,13659.49569458352,-1659.4956945835202
2944,train,7000,7174.622640265667,-174.62264026566663
4318,train,15000,12396.460566979527,2603.5394330204726
2585,train,70000,60840.770000750585,9159.229999249415
1878,train,45000,53442.54823304964,-8442.548233049638
4677,train,9000,9721.415707481843,-721.4157074818431
2066,train,28000,37037.19051313796,-9037.19051313796
3582,train,15000,14241.218219455446,758.7817805445538
643,train,18000,18528.889367893487,-528.8893678934874
2603,train,35000,39555.14927345861,-4555.149273458614
4597,train,9500,10627.134782841762,-1127.134782841762
2704,train,7500,7634.114046692987,-134.11404669298736
712,train,38000,33930.77502749831,4069.224972501688
14,train,8500,9748.94907696311,-1248.9490769631102
962,train,27000,33485.450508548565,-6485.450508548565
401,train,15000,14467.441541605895,532.5584583941054
2554,train,7500,7819.568137677795,-319.56813767779477
4289,train,12000,12480.961640410265,-480.9616404102653
2487,train,16000,17388.794900136007,-1388.7949001360066
3257,train,11000,11845.393363786832,-845.3933637868322
2873,train,15000,12984.569939913468,2015.4300600865317
2953,train,8500,9785.35307526849,-1285.3530752684892
3788,train,22999,22232.886147420482,766.1138525795177
2073,train,10000,11348.716550998499,-1348.7165509984989
3447,train,22000,18805.663356051038,3194.336643948962
3858,train,17000,14199.371583135684,2800.628416864316
1192,train,90000,81859.01169189275,8140.988308107248
1766,train,10000,10973.554214549076,-973.5542145490763
156,train,7000,7314.600009725564,-314.6000097255637
1936,train,31000,26425.612617035968,4574.387382964032
3172,train,11000,12278.440750473424,-1278.4407504734245
1725,train,12000,12854.572736410346,-854.5727364103459
2397,train,60000,63228.387961207874,-3228.3879612078745
442,train,6000,6915.529996867152,-915.5299968671516
1790,train,8500,9943.586280667934,-1443.5862806679343
4367,train,21467,15475.414134627788,5991.585865372212
4520,train,45000,47912.45655083381,-2912.456550833813
466,train,6500,6651.207491159768,-151.20749115976832
3718,train,60000,80264.59725223393,-20264.59725223393
362,train,8000,8693.901557320163,-693.9015573201632
1270,train,280000,223744.03087292647,56255.969127073535
48,train,30000,26616.15436757584,3383.8456324241597
2521,train,35000,31100.83092380658,3899.1690761934187
4643,train,7500,6958.897565666422,541.1024343335775
2242,train,14000,15975.028962034974,-1975.028962034974
4199,train,22500,21223.727929060416,1276.2720709395835
820,train,50000,48574.038794524444,1425.9612054755562
1468,train,20000,21508.80843374336,-1508.808433743361
2180,train,25000,22404.147761361484,2595.8522386385157
3052,train,36000,30594.66669761293,5405.333302387069
982,train,250000,265973.6834723603,-15973.68347236031
92,train,9000,8838.580588383935,161.4194116160652
867,train,170000,165439.13123705413,4560.868762945873
4321,train,12000,11655.877043946331,344.12295605366853
1227,train,130000,130165.0356765646,-165.03567656459927
1734,train,32000,32057.111501347892,-57.111501347892045
597,train,14000,19675.715867292532,-5675.7158672925325
3904,train,11000,11612.680762039694,-612.680762039694
2313,train,14000,13819.149188433934,180.8508115660661
2908,train,8000,8122.590504461647,-122.59050446164656
3022,train,6500,6960.678490831562,-460.67849083156216
1761,train,31000,30640.291282746108,359.70871725389225
702,train,21000,25681.329429664904,-4681.329429664904
3800,train,15000,15335.90280050363,-335.9028005036307
4230,train,14000,11640.409323146077,2359.5906768539226
4702,train,26000,23575.704393739466,2424.2956062605335
1312,train,60000,57966.88833299279,2033.1116670072079
2996,train,23000,19128.006674095723,3871.9933259042773
603,train,62000,67968.82314544507,-5968.823145445072
2096,train,8000,7838.981000329505,161.01899967049485
2735,train,7500,8133.858822161781,-633.8588221617811
784,train,60000,58444.46092526909,1555.5390747309066
2268,train,14000,11805.34857178049,2194.6514282195094
2433,train,16000,15016.424221573634,983.575778426366
4658,train,11000,11887.598451969761,-887.5984519697613
4057,train,20000,21621.40130795029,-1621.401307950291
1344,train,88000,77292.19469192205,10707.80530807795
4480,train,15000,17255.36278022017,-2255.36278022017
1388,train,200000,177691.4601802621,22308.539819737896
1529,train,28000,26363.693881475418,1636.3061185245824
2933,train,17000,16060.704946362852,939.2950536371482
783,train,27000,25400.10671273469,1599.8932872653095
4561,train,17000,14980.199430198898,2019.800569801102
911,train,62000,57966.21753889243,4033.7824611075703
1061,train,100000,97084.9537224312,2915.0462775688065
878,train,15000,19579.882346285725,-4579.882346285725
342,train,8500,8884.56334509824,-384.56334509824046
2739,train,44300,43257.9671935383,1042.0328064616988
1539,train,65000,63540.076558615714,1459.923441384286
1199,train,300000,287226.4301896583,12773.569810341694
897,train,51000,56403.48205584824,-5403.482055848239
3013,train,7000,7826.554477324706,-826.5544773247057
4194,train,16500,18455.64427120659,-1955.644271206591
1085,train,44000,50518.26037846804,-6518.26037846804
2937,train,27000,26205.87792960311,794.1220703968902
3842,train,25000,21363.167722751383,3636.832277248617
1141,train,35000,36696.26851948909,-1696.2685194890873
2091,train,6500,5488.320399638169,1011.679600361831
3774,train,10000,9566.132038025165,433.86796197483454
122,train,6800,6646.798793023941,153.20120697605944
3371,train,18000,17137.921938555526,862.0780614444739
880,train,25000,24154.590076762743,845.4099232372573
2717,train,14000,14680.702126376007,-680.7021263760071
2992,train,10000,10490.835532155908,-490.83553215590837
3901,train,9500,11154.149730737872,-1654.1497307378722
1571,train,9000,8274.93995656615,725.0600434338503
1259,train,38000,41456.59093786078,-3456.590937860783
4452,train,6000,6897.158399091983,-897.1583990919826
3630,train,200000,132182.84979069018,67817.15020930982
3595,train,9000,8469.470744692737,530.5292553072632
303,train,12000,10721.458024727312,1278.5419752726884
659,train,55000,51353.21060544915,3646.7893945508476
1784,train,25000,24356.47056859095,643.5294314090497
1866,train,11000,12227.778757234573,-1227.7787572345733
2676,train,10000,10018.481957334077,-18.48195733407738
1998,train,12500,12784.012075194367,-284.01207519436684
4108,train,37000,39382.06888416935,-2382.068884169348
4241,train,10000,10287.894702630447,-287.8947026304468
3222,train,75000,75103.49108091307,-103.49108091306698
1488,train,65000,67847.19758570186,-2847.197585701855
1810,train,9750,10022.066474435374,-272.0664744353744
4490,train,23000,23823.279683248576,-823.2796832485765
4064,train,14000,15714.847729994171,-1714.8477299941715
728,train,55000,57628.46632778064,-2628.4663277806394
1198,train,70000,67896.42791719463,2103.5720828053745
1800,train,10000,11706.226869883807,-1706.226869883807
3746,train,11000,11132.421153151949,-132.4211531519486
3750,train,7000,8011.066422605221,-1011.0664226052213
4437,train,9000,8140.923343148253,859.0766568517474
2727,train,15000,16128.073815500396,-1128.0738155003964
141,train,13000,11076.281938253054,1923.7180617469458
16,train,6000,6459.165505927838,-459.16550592783824
335,train,14000,13468.024736804204,531.9752631957963
4662,train,60000,47625.48263863317,12374.51736136683
1856,train,15000,14672.765277671617,327.2347223283832
1021,train,500000,439805.2384588713,60194.76154112868
1102,train,180000,146214.95704548183,33785.04295451817
1341,train,280000,232213.27351437724,47786.726485622756
4218,train,15000,13653.558338184794,1346.4416618152063
60,train,5000,5198.074876046096,-198.0748760460956
2002,train,9000,8914.770148280933,85.22985171906657
452,train,12000,11265.581709060336,734.4182909396641
475,train,6000,6450.244647764729,-450.24464776472905
2596,train,18000,18228.3483698301,-228.34836983009882
3158,train,12000,13852.421968265573,-1852.421968265573
4709,train,12000,12230.69051264548,-230.69051264548034
2964,train,6000,6699.178712954295,-699.1787129542954
2307,train,11000,11998.850610587078,-998.8506105870783
212,train,12000,13393.38510740456,-1393.3851074045597
1328,train,35000,31267.387812672005,3732.6121873279953
1946,train,12000,11779.416521499039,220.58347850096106
388,train,15000,13345.591414410925,1654.4085855890753
1597,train,8000,8148.962372572403,-148.96237257240318
2797,train,15000,12287.481208488865,2712.5187915111346
3423,train,6300,6105.01048373995,194.98951626004964
1478,train,380000,360695.2222032551,19304.777796744893
1246,train,72000,74527.1769952406,-2527.176995240603
4021,train,35000,29122.402706194203,5877.597293805797
4287,train,8000,7897.238141428872,102.76185857112796
2539,train,10500,13430.015744902485,-2930.0157449024846
322,train,3200,3781.6929358358834,-581.6929358358834
1897,train,18000,19391.578011303813,-1391.5780113038127
4139,train,10000,8605.12859832953,1394.8714016704707
819,train,11000,10760.296531732281,239.70346826771856
664,train,25500,34024.63650549485,-8524.636505494847
3860,train,19500,18165.794672367683,1334.2053276323168
282,train,17500,13310.40878892645,4189.59121107355
4420,train,15000,14033.78549436822,966.2145056317804
3212,train,12000,12059.470305611776,-59.470305611775984
2856,train,25000,21130.86643599306,3869.133564006941
3151,train,16000,16737.55280707563,-737.55280707563
3338,train,13500,13760.5151125502,-260.5151125501998
1240,train,13000,12268.690546407186,731.309453592814
1149,train,85000,84915.4507094094,84.54929059059941
1105,train,37000,39541.22720584266,-2541.2272058426606
566,train,75000,66442.27150673026,8557.728493269737
3567,train,25000,25953.861665578926,-953.8616655789265
4435,train,25000,24376.467220948587,623.532779051413
1983,train,7000,6935.281006798107,64.71899320189277
3717,train,45000,42354.62215993659,2645.377840063411
2776,train,13000,13916.463999318146,-916.4639993181463
380,train,40000,38275.60704334245,1724.3929566575534
2104,train,100000,76212.53447819196,23787.465521808044
3742,train,5000,5452.920476057068,-452.9204760570683
4240,train,25000,24641.48285667161,358.5171433283904
2615,train,8500,8973.208981858888,-473.20898185888836
3040,train,24000,19724.951800949562,4275.048199050438
2339,train,55000,54024.06738536411,975.9326146358871
1423,train,32000,38687.71836828002,-6687.718368280017
3619,train,12000,12938.724505357319,-938.7245053573188
1379,train,100000,112497.33280358887,-12497.33280358887
2951,train,45000,41200.43495783319,3799.5650421668106
3768,train,24000,21475.57397308775,2524.4260269122497
2035,train,14000,14242.970371374344,-242.9703713743438
2207,train,30000,34421.36229161828,-4421.362291618279
1374,train,270000,227388.32761866171,42611.672381338285
2474,train,13000,11613.8226659679,1386.1773340320997
4616,train,20000,21452.169175318344,-1452.169175318344
727,train,130000,139716.70203674326,-9716.702036743256
746,train,33000,31447.01797502861,1552.9820249713885
2660,train,37000,47897.88555295203,-10897.88555295203
1848,train,9000,9323.74677434942,-323.74677434941987
4342,train,8000,9001.43282173368,-1001.4328217336806
1063,train,52000,46053.32399644096,5946.676003559041
578,train,300000,286574.2678034603,13425.732196539699
2612,train,60000,62910.673452359726,-2910.673452359726
231,train,16000,16684.348547451704,-684.3485474517038
3046,train,9000,10075.180824703046,-1075.1808247030458
2986,train,20000,22298.924651164376,-2298.924651164376
2997,train,10000,10437.755641404554,-437.7556414045539
2637,train,23000,22163.308937378533,836.6910626214667
547,train,60000,58253.81383030197,1746.1861696980268
2855,train,100000,105911.6290625845,-5911.6290625844995
38,train,21000,18862.889072969097,2137.1109270309025
3741,train,15000,14613.908808016133,386.09119198386725
1671,train,12000,12831.953217125727,-831.953217125727
4705,train,16000,16525.035369470923,-525.0353694709229
1538,train,45000,41564.665702389924,3435.3342976100757
312,train,10000,9411.656718074228,588.3432819257723
2443,train,30000,24091.96180313048,5908.038196869518
4619,train,15000,15292.204248450855,-292.2042484508547
688,train,45002,45016.49150530429,-14.491505304293241
4585,train,20000,20465.05444744806,-465.05444744805936
1010,train,68000,79875.61598883511,-11875.61598883511
4320,train,12000,12518.977774923973,-518.9777749239729
2261,train,18000,18304.39654887373,-304.39654887373035
4258,train,12000,12140.745190993019,-140.7451909930187
2185,train,15000,16739.93014515518,-1739.93014515518
4466,train,42000,41405.87347069554,594.1265293044635
968,train,42000,50013.667863789924,-8013.667863789924
2813,train,8000,7832.476128519496,167.52387148050366
2548,train,20000,15246.884805014122,4753.115194985878
3666,train,8200,9386.449365620343,-1186.449365620343
3973,train,12000,11976.998603590673,23.001396409326844
2630,train,7000,8494.614359138684,-1494.6143591386844
4044,train,14000,13595.008492718054,404.9915072819458
3504,train,39000,32395.727713559427,6604.272286440573
1181,train,56000,53169.06603099922,2830.9339690007764
3143,train,18000,18871.971622695368,-871.9716226953678
2344,train,12000,12383.181273502814,-383.1812735028143
1483,train,32000,28742.36946482177,3257.6305351782285
976,train,65000,53290.11716899502,11709.88283100498
2351,train,20000,22150.344618617157,-2150.344618617157
4344,train,7500,8940.307578869666,-1440.307578869666
1248,train,130000,138443.47623074468,-8443.47623074468
85,train,10000,8280.592655687442,1719.407344312558
1653,train,10000,9909.869811337072,90.13018866292805
486,train,10000,14313.82391375572,-4313.823913755719
4558,train,11000,11151.960517291718,-151.96051729171813
905,train,16500,19072.001866150757,-2572.0018661507565
2531,train,16000,18995.59551536414,-2995.5955153641407
1890,train,38000,38221.63195177398,-221.63195177398302
4669,train,16000,17013.349706569883,-1013.349706569883
3337,train,9500,9898.409176411673,-398.4091764116729
853,train,83000,75106.13385171421,7893.866148285786
194,train,5000,5357.308532032237,-357.30853203223705
2208,train,65000,64299.36463121771,700.6353687822921
1598,train,6000,6814.298029539453,-814.2980295394527
3006,train,6500,6951.645515935364,-451.6455159353636
2,train,17000,13625.07853244405,3374.9214675559506
2949,train,25000,23112.424615668286,1887.5753843317143
4625,train,15000,12880.150768780713,2119.8492312192866
2362,train,20000,17761.088152901786,2238.911847098214
4443,train,10500,10979.373330242106,-479.373330242106
1230,train,160000,137778.0261886828,22221.973811317206
929,train,20000,25521.817317241497,-5521.817317241497
2003,train,5500,7756.900089885153,-2256.9000898851527
4483,train,5000,5545.322557039556,-545.3225570395562
1202,train,120000,132661.71449452735,-12661.714494527347
1544,train,30000,23431.173953743677,6568.826046256323
2100,train,52000,59565.30489728489,-7565.304897284892
937,train,10000,11455.042559317228,-1455.0425593172276
3585,train,10000,10228.177745991286,-228.17774599128643
1419,train,30000,36302.34271206063,-6302.342712060628
4257,train,20000,20284.453218777213,-284.4532187772129
3150,train,12000,11850.434731245172,149.56526875482814
1521,train,4500,6175.695384396892,-1675.6953843968922
3631,train,12000,11996.676782623479,3.3232173765209154
293,train,6500,6875.225483814993,-375.2254838149929
2613,train,95000,80704.68646089303,14295.313539106966
178,train,10500,10993.602387011328,-493.60238701132766
1492,train,70000,87728.1968305337,-17728.196830533707
2626,train,8500,7457.215058582308,1042.7849414176917
306,train,20000,18699.006813115087,1300.9931868849126
2618,train,8000,8374.487100196438,-374.4871001964384
1472,train,350000,358347.79144100146,-8347.791441001464
2163,train,12000,11505.938366813063,494.0616331869369
1708,train,25000,28386.63151177748,-3386.6315117774793
1232,train,80000,91995.78262360847,-11995.782623608466
1411,train,50000,52769.38054795798,-2769.3805479579823
1861,train,5000,5691.958750590027,-691.9587505900272
1170,train,50000,51875.52477766038,-1875.5247776603792
708,train,35000,37882.1221098227,-2882.1221098227034
2496,train,10000,10782.228370673563,-782.2283706735634
3333,train,12000,12736.593108371671,-736.5931083716714
2516,train,15000,12831.503191756368,2168.4968082436317
2924,train,32000,31206.953800696923,793.0461993030767
2936,train,17000,15437.197738036544,1562.8022619634557
3211,train,3500,4273.934276698284,-773.9342766982836
722,train,65000,66230.65839646578,-1230.6583964657766
4663,train,26000,22978.490365601192,3021.509634398808
1510,train,15000,14355.19888429399,644.80111570601
1516,train,15000,14768.000254096858,231.99974590314196
4303,train,12000,10866.088472694648,1133.9115273053521
2978,train,15000,14513.331514426176,486.668485573824
3762,train,22000,23368.540120776746,-1368.5401207767463
1083,train,380000,342722.85764061485,37277.14235938515
4098,train,15000,14511.514694578153,488.48530542184744
320,train,5000,5377.031934149871,-377.0319341498707
165,train,16500,16433.86427154853,66.13572845147064
2687,train,25000,24338.15748433804,661.8425156619596
2026,train,10000,9006.765612719728,993.2343872802721
568,train,16000,19231.920973949127,-3231.920973949127
4294,train,10000,10555.028789800665,-555.0287898006645
3942,train,15000,13341.240628292138,1658.7593717078616
2401,train,12000,13517.772049299672,-1517.7720492996723
4453,train,45000,44865.65688864525,134.34311135474854
62,train,10000,10147.296424702585,-147.29642470258477
1040,train,330000,297904.88640862016,32095.113591379835
2787,train,25000,29448.897597161416,-4448.897597161416
1699,train,31000,34196.10136014571,-3196.101360145709
2754,train,3500,4476.626125507713,-976.6261255077134
1410,train,18500,17584.014279937895,915.9857200621045
1236,train,100000,105422.08276639915,-5422.082766399151
78,train,6500,6734.9166741380395,-234.91667413803953
2858,train,6000,7111.763026268303,-1111.7630262683033
2368,train,14000,12389.785297335346,1610.2147026646544
718,train,60000,51616.10700388614,8383.892996113856
3231,train,8500,8635.954990728938,-135.95499072893836
1476,train,22000,20890.42539902569,1109.5746009743089
1553,train,17000,16161.674233743144,838.3257662568558
1628,train,10000,11129.57443136417,-1129.5744313641699
2685,train,13000,11093.887860375007,1906.1121396249928
4066,train,57000,56217.69040028537,782.3095997146302
3454,train,8000,7245.331149039498,754.6688509605019
1375,train,69000,70425.52101373985,-1425.5210137398535
4255,train,17000,17671.988925676,-671.9889256759998
3036,train,12000,11867.455597739627,132.54440226037332
2746,train,30000,25219.772385722477,4780.227614277523
4206,train,15000,14478.91752589761,521.0824741023898
3031,train,11000,11950.383524004903,-950.3835240049029
3654,train,9300,9513.927193596666,-213.92719359666626
110,train,8000,7562.729630792261,437.27036920773935
3694,train,7500,7160.512109388706,339.48789061129355
4580,train,13000,12199.765280446105,800.234719553895
4516,train,11000,12008.885902004471,-1008.8859020044711
4538,train,5000,6546.232766662645,-1546.2327666626452
685,train,27000,27153.093918937226,-153.09391893722568
1929,train,22000,23861.4940341462,-1861.4940341461988
8,train,26000,23865.202407462544,2134.797592537456
4442,train,15500,17435.892507064516,-1935.8925070645164
2853,train,10000,10645.935968809503,-645.9359688095028
4511,train,45000,42477.31590250362,2522.684097496378
324,train,16000,17693.797454594962,-1693.797454594962
2635,train,15000,16539.563702720676,-1539.5637027206758
2276,train,20000,21338.391228303364,-1338.3912283033642
3794,train,18000,18834.97048634854,-834.9704863485385
1128,train,55000,53283.15170184122,1716.8482981587804
3308,train,26000,25899.84822572563,100.15177427437084
4551,train,15000,15520.270771643136,-520.270771643136
2103,train,12000,11504.330111291649,495.6698887083512
3562,train,8000,7472.748154690883,527.251845309117
2631,train,22000,22118.72949455671,-118.72949455670823
1438,train,66000,67621.69262159416,-1621.692621594164
4149,train,18000,18775.574172011948,-775.5741720119477
1579,train,7000,8234.474252191489,-1234.4742521914886
2133,train,6000,6236.138698363467,-236.13869836346657
1364,train,20000,19568.17195626761,431.8280437323883
3137,train,34500,32448.170900660407,2051.829099339593
2881,train,30000,20027.728588724254,9972.271411275746
1335,train,49500,41394.43918136838,8105.560818631617
1822,train,50000,45413.35573640006,4586.644263599941
636,train,26000,28443.662312393728,-2443.662312393728
4502,train,7000,7543.319527477056,-543.319527477056
3706,train,12500,13323.789159958982,-823.789159958982
257,train,8500,9102.36960059769,-602.3696005976908
19,train,6000,6498.043579829508,-498.0435798295084
860,train,90000,96659.46350322486,-6659.4635032248625
2357,train,12000,11258.48931894611,741.5106810538891
183,train,11000,9531.921487099911,1468.0785129000888
3077,train,13500,14619.000081013297,-1119.000081013297
2912,train,11000,10967.978668291977,32.021331708023354
1351,train,95000,112287.92906501213,-17287.929065012126
4697,train,4500,5344.87468624495,-844.8746862449498
4256,train,20000,22287.965595847207,-2287.9655958472067
1660,train,6500,7366.312671873261,-866.312671873261
1656,train,63000,78571.59499375203,-15571.594993752034
3180,train,40000,34895.12787606131,5104.872123938687
4675,train,7000,7537.332536482216,-537.3325364822158
2303,train,35000,36922.647935518704,-1922.647935518704
3963,train,9000,8804.788436454188,195.21156354581217
83,train,20000,18466.91761377199,1533.0823862280085
3125,train,150000,125489.12745288612,24510.872547113875
3530,train,11000,10804.795561581135,195.2044384188648
142,train,8000,7497.481890435535,502.5181095644648
3831,train,10000,9001.714470629118,998.2855293708817
1417,train,190000,162648.81109077038,27351.18890922962
2609,train,30000,36184.295382118056,-6184.295382118056
846,train,150000,119377.71590699768,30622.284093002323
3155,train,17000,18275.8429865952,-1275.8429865951985
742,train,33000,29711.960632839902,3288.0393671600978
1526,train,12500,13375.442386386921,-875.4423863869215
3386,train,18000,17603.007384321336,396.99261567866415
1673,train,15000,15864.434896495026,-864.4348964950259
1166,train,90000,100948.78605894059,-10948.78605894059
1888,train,18000,14219.284954510129,3780.715045489871
3200,train,45000,51385.75814452734,-6385.758144527339
2467,train,36000,31564.192360390458,4435.807639609542
1716,train,15000,13999.73539261456,1000.2646073854394
1507,train,13000,12787.032761025917,212.96723897408265
4734,train,35000,36668.20093652692,-1668.2009365269187
3140,train,22000,20818.16175309694,1181.8382469030585
2605,train,31000,29896.25121282342,1103.7487871765807
2641,train,10000,11058.496050578062,-1058.4960505780618
1346,train,38000,38458.82428132546,-458.8242813254619
1645,train,17500,17279.924179092373,220.07582090762662
311,train,9000,8694.848718448875,305.15128155112507
924,train,62000,56425.41927517592,5574.580724824082
4125,train,17000,18089.6371985554,-1089.6371985553997
1062,train,130000,116377.44659545923,13622.55340454077
227,train,3000,3527.1798416248953,-527.1798416248953
966,train,48000,51371.36618895992,-3371.366188959917
1385,train,190000,182264.86734194064,7735.1326580593595
508,train,60000,51272.05046196638,8727.949538033623
2628,train,13000,13129.911405606255,-129.91140560625536
2538,train,21000,18126.454313712155,2873.5456862878455
605,train,130000,118238.77359765484,11761.226402345157
1903,train,11000,10938.151323798684,61.848676201316266
4172,train,13000,13058.937625687713,-58.93762568771308
774,train,50000,50243.2789143533,-243.27891435330093
3198,train,10000,13304.778937820985,-3304.7789378209854
2581,train,18000,15830.769221973169,2169.230778026831
3480,train,10000,8688.800825941757,1311.1991740582434
6,train,10000,11953.450307359404,-1953.4503073594042
692,train,50000,52489.72292339824,-2489.7229233982434
2090,train,28000,24537.86016792403,3462.139832075969
1604,train,9000,11988.186024770872,-2988.186024770872
405,train,35000,34453.576954731616,546.4230452683842
2525,train,8000,8929.99184714419,-929.9918471441906
4184,train,9500,8930.932798695936,569.0672013040639
3183,train,6500,6798.174755858184,-298.17475585818374
2098,train,12500,12567.014098666501,-67.01409866650101
844,train,55000,54338.83981482596,661.1601851740415
2508,train,15000,15960.938251936155,-960.9382519361552
1709,train,35000,42753.71473001295,-7753.714730012951
4269,train,10000,10107.771725451013,-107.77172545101348
1871,train,11000,11431.830281024835,-431.83028102483513
4673,train,18000,16562.00056409566,1437.9994359043412
510,train,7000,9162.705878931425,-2162.705878931425
167,train,12000,10119.98121721238,1880.0187827876198
3978,train,6500,6868.997481937536,-368.99748193753567
1549,train,110000,110659.05858383367,-659.0585838336701
922,train,62000,62957.86620469528,-957.8662046952813
3637,train,13000,13233.43824612563,-233.43824612563003
1530,train,12000,14494.688048283744,-2494.688048283744
124,train,10000,9259.843723766015,740.1562762339854
200,train,5500,5593.611542129559,-93.61154212955898
121,train,13000,10949.331696110614,2050.668303889386
1228,train,90000,92969.7390652684,-2969.739065268397
2955,train,100000,72320.1698505198,27679.8301494802
1630,train,8000,6898.732393628401,1101.267606371599
1961,train,8000,7420.214699934826,579.7853000651739
2736,train,30000,33055.295905076004,-3055.2959050760037
1459,train,60000,61893.906657252635,-1893.9066572526353
1927,train,17000,16856.31877718294,143.6812228170602
238,train,8500,8895.229271327096,-395.2292713270963
1285,train,60000,62798.79882377952,-2798.7988237795216
4060,train,16000,18068.097204201218,-2068.097204201218
1481,train,140000,114858.54423456536,25141.455765434643
4690,train,11000,11143.33592117352,-143.33592117352055
4588,train,45000,44552.140491314276,447.859508685724
3499,train,10000,12093.686515967569,-2093.686515967569
2150,train,28000,24058.23296145503,3941.767038544971
3477,train,30000,27050.963681711175,2949.036318288825
445,train,10000,11340.744019477535,-1340.7440194775354
3234,train,8500,9845.14833115373,-1345.1483311537304
4316,train,14000,15264.198777131653,-1264.1987771316526
97,train,10000,8697.400828300964,1302.5991716990357
3391,train,25000,21480.326214116216,3519.673785883784
2584,train,13000,12187.846500829779,812.153499170221
604,train,42000,44343.608564709226,-2343.608564709226
2934,train,18000,15116.580216802618,2883.4197831973815
1587,train,15000,16450.41929382764,-1450.4192938276392
2757,train,23000,20870.770214040494,2129.2297859595055
2283,train,6500,6646.833127477096,-146.83312747709624
2287,train,18000,16773.40968833273,1226.5903116672707
4022,train,12000,10584.802184879742,1415.1978151202584
553,train,19411,20490.9600952263,-1079.960095226299
1384,train,210000,180685.67277644575,29314.327223554254
2246,train,12000,10586.516090769717,1413.4839092302827
3452,train,19000,16834.190295747547,2165.8097042524532
3289,train,100000,101970.12921961158,-1970.1292196115828
4266,train,15000,15993.106208426801,-993.1062084268015
384,train,15000,11352.288690944584,3647.7113090554158
482,train,10000,13426.676017401278,-3426.676017401278
3663,train,16000,18241.7267257325,-2241.7267257325
472,train,10000,10656.386622441161,-656.3866224411613
920,train,15000,17936.845825254564,-2936.8458252545643
370,train,8000,9483.870700623957,-1483.8707006239565
2648,train,20000,15817.38893193058,4182.61106806942
1390,train,26000,24486.02218374704,1513.9778162529583
4036,train,13000,11225.990624181535,1774.0093758184648
3254,train,7500,8672.683838937905,-1172.6838389379045
4581,train,25000,22317.0952555777,2682.9047444222997
1439,train,45000,36961.03837947696,8038.961620523041
21,train,9000,9276.615617072008,-276.6156170720078
3661,train,16000,13405.298739845442,2594.7012601545575
1559,train,15000,13739.784157531964,1260.2158424680365
2927,train,6000,6889.1096012735115,-889.1096012735115
1075,train,75000,66430.68531516672,8569.314684833284
1174,train,65000,59130.35849347782,5869.641506522181
3635,train,25000,21364.357293125806,3635.642706874194
211,train,7500,6902.134664319043,597.8653356809573
365,train,12000,9300.48877590977,2699.511224090231
4338,train,9000,9620.202039979911,-620.2020399799112
3147,train,12000,13025.980272387365,-1025.9802723873654
830,train,23000,27726.33456362355,-4726.33456362355
3987,train,18000,20303.257442118884,-2303.257442118884
160,train,9500,9441.956063715785,58.043936284215306
1772,train,3500,4689.98329776795,-1189.9832977679498
3189,train,10000,10429.035591106425,-429.0355911064253
4306,train,32000,34279.49379105932,-2279.4937910593217
1920,train,7000,7640.845823679751,-640.8458236797514
953,train,40000,37505.98635817412,2494.013641825877
637,train,60000,50740.628311214125,9259.371688785875
3068,train,7500,8536.950875949278,-1036.9508759492783
623,train,25000,22775.271141319787,2224.7288586802133
1551,train,20000,28157.183436749507,-8157.183436749507
756,train,330000,265469.30144631304,64530.69855368696
668,train,50000,50829.551997507995,-829.5519975079951
1361,train,34000,39550.5848139846,-5550.584813984598
1600,train,10000,11785.134417381645,-1785.134417381645
2565,train,18500,20291.902384966288,-1791.902384966288
4542,train,25000,25016.22938862607,-16.22938862607043
1525,train,7000,6505.271869373872,494.7281306261284
2999,train,15000,13981.08526404812,1018.9147359518793
319,train,5000,5806.68534825296,-806.6853482529596
3882,train,14000,12632.778474425246,1367.2215255747542
2451,train,35000,31871.60161890745,3128.3983810925492
944,train,40000,34698.32360326599,5301.676396734008
4383,train,12000,15229.992999697797,-3229.992999697797
4224,train,10000,11074.649002872904,-1074.649002872904
426,train,6000,6832.035198169698,-832.0351981696977
4373,train,15000,14406.789985629104,593.2100143708958
1502,train,25000,24123.311571579216,876.6884284207845
3463,train,50000,54842.70181405234,-4842.701814052343
4301,train,10000,10640.031529324218,-640.0315293242184
4467,train,12000,11886.296008585805,113.70399141419512
3139,train,330000,234522.73745212785,95477.26254787215
1825,train,120000,87946.14607478905,32053.853925210948
3325,train,5000,5939.354903219884,-939.3549032198844
386,train,7000,6897.018361305339,102.98163869466134
2385,train,90000,91209.97709618419,-1209.977096184186
3228,train,9000,8445.585700566136,554.4142994338636
1286,train,19000,22247.070705149326,-3247.0707051493264
385,train,5000,5239.7002520465085,-239.70025204650847
3516,train,23000,18542.468954220865,4457.531045779135
4096,train,13000,12472.068319845937,527.9316801540626
1003,train,140000,132334.60179304157,7665.398206958431
4566,train,50000,49330.24427887352,669.7557211264793
2005,train,14000,14203.568191951434,-203.56819195143362
4654,train,16000,18304.209057841716,-2304.2090578417155
3951,train,8000,7779.5309131110025,220.46908688899748
2805,train,9000,7446.769425100334,1553.230574899666
2418,train,12000,11781.493809109952,218.50619089004795
1269,train,65000,47847.998887170965,17152.001112829035
461,train,34000,21434.277843342075,12565.722156657925
2217,train,11000,12487.161395881518,-1487.1613958815178
3471,train,8500,8641.75399582723,-141.75399582723003
4034,train,4500,4632.0985016745535,-132.09850167455352
3981,train,4000,4793.835925720529,-793.8359257205293
640,train,35000,35619.34354727135,-619.3435472713536
559,train,110000,119385.30550120982,-9385.30550120982
3324,train,18000,16175.7620600511,1824.2379399489
3133,train,10000,9672.014177829455,327.98582217054536
3095,train,20000,19943.107122453497,56.89287754650286
1190,train,35000,32593.104277806644,2406.895722193356
1499,train,13000,15438.21064846557,-2438.2106484655706
3716,train,9500,9920.620659647653,-420.62065964765316
3374,train,15000,16193.115901888674,-1193.1159018886738
290,train,10000,12011.63045647244,-2011.6304564724396
3586,train,6500,6896.116920155953,-396.11692015595327
2852,train,18000,16459.336033095,1540.6639669049982
1026,train,65000,60878.07785655351,4121.922143446493
1401,train,22000,26887.228924760995,-4887.228924760995
297,train,5000,5552.580867160785,-552.5808671607847
4407,train,52000,48732.5130475658,3267.4869524341993
1300,train,260000,285695.68109429517,-25695.68109429517
1323,train,22000,22366.845140481593,-366.84514048159326
2507,train,52000,44512.39642597993,7487.603574020068
3280,train,47500,47770.02896154544,-270.0289615454385
2061,train,9000,8217.26794000945,782.7320599905506
4005,train,9500,10966.391126949475,-1466.3911269494747
3544,train,72000,88100.48639161262,-16100.48639161262
411,train,6000,7318.598491735607,-1318.5984917356072
2009,train,30000,26431.484760573585,3568.515239426415
2187,train,34000,35564.69588482866,-1564.6958848286595
2346,train,30000,28408.511167047174,1591.4888329528258
2709,train,15000,13317.521772885668,1682.4782271143322
3689,train,8500,11243.682394719508,-2743.682394719508
3087,train,30000,28613.81073084117,1386.1892691588291
4041,train,8000,7294.936376772165,705.0636232278348
891,train,55000,49424.6034377883,5575.396562211703
3795,train,37000,39584.80682464553,-2584.8068246455296
2567,train,11000,11091.932545613188,-91.93254561318827
3517,train,17000,14534.836264578213,2465.1637354217874
1234,train,100000,108230.03404302416,-8230.034043024163
224,train,8500,8818.665962353713,-318.66596235371253
1256,train,28500,30118.502694349805,-1618.502694349805
3559,train,6166,6541.727647341057,-375.7276473410566
3523,train,25000,26344.82982728817,-1344.8298272881693
2296,train,14000,14891.688908506254,-891.6889085062539
2512,train,16000,14557.788635219202,1442.2113647807982
2863,train,20000,20012.84498515635,-12.84498515634914
816,train,45000,40885.165357294914,4114.834642705086
750,train,10000,12772.14370325024,-2772.14370325024
2622,train,10000,11179.408781787046,-1179.4087817870459
719,train,20000,21281.35025010162,-1281.3502501016192
9,train,10000,12138.033152236168,-2138.0331522361685
1353,train,34000,35146.75067927136,-1146.7506792713612
2582,train,17000,15756.702792945176,1243.297207054824
2018,train,5000,5701.1239925499485,-701.1239925499485
1921,train,13000,14424.476125390416,-1424.4761253904162
254,train,8000,7862.1513238491825,137.84867615081748
881,train,34000,32007.194790705358,1992.8052092946418
3075,train,6000,5545.011581972337,454.9884180276631
3687,train,12000,14715.274111358276,-2715.274111358276
3269,train,28000,24351.102708697523,3648.8972913024772
766,train,95000,75719.37077390666,19280.62922609334
2646,train,17401,17155.06088345023,245.9391165497691
3844,train,18000,17616.286990791796,383.7130092082043
740,train,33000,30908.512696185535,2091.487303814465
378,train,6500,7868.596763253413,-1368.596763253413
2872,train,12000,12139.699526731694,-139.69952673169428
2850,train,16500,18605.04072498963,-2105.0407249896307
2473,train,12000,12042.91184259973,-42.911842599729425
1497,train,10000,10565.133229031488,-565.1332290314876
4000,train,32000,27213.02152018389,4786.978479816109
3988,train,14500,13910.772387152501,589.2276128474987
1698,train,9000,9744.97264402765,-744.97264402765
2255,train,35000,32268.024782579236,2731.9752174207642
2247,train,30000,29143.969933177035,856.0300668229647
1631,train,12000,12867.502748689476,-867.502748689476
1641,train,12000,12501.275089778586,-501.27508977858633
4408,train,9500,9763.520762429112,-263.52076242911244
3696,train,26000,23694.489345779613,2305.5106542203866
2868,train,28000,26452.896051035663,1547.1039489643372
1252,train,180000,161151.85340379574,18848.146596204257
3751,train,15000,15521.179939574671,-521.1799395746712
1451,train,75000,65235.288631517484,9764.711368482516
4050,train,35000,27177.47600363993,7822.523996360069
2314,train,22000,19162.632269381476,2837.3677306185236
111,train,6000,6337.6149882995405,-337.6149882995405
2367,train,100000,93453.22646755037,6546.773532449632
4232,train,150000,146380.10508108133,3619.894918918668
670,train,50000,57285.39163206243,-7285.391632062427
317,train,5000,4584.356399561754,415.6436004382458
1779,train,20000,17538.50785965175,2461.4921403482513
3674,train,40000,42441.36310020998,-2441.363100209979
4672,train,20000,15371.505659667162,4628.494340332838
1648,train,7500,7563.622669451331,-63.622669451330694
338,train,7000,7398.92411969069,-398.9241196906896
1296,train,17000,16700.22597854785,299.7740214521509
218,train,7500,7905.182029004921,-405.1820290049209
4591,train,37000,40886.53366182912,-3886.5336618291185
4587,train,40000,40751.14695241105,-751.1469524110507
802,train,30000,29799.96291686424,200.03708313576135
1555,train,6000,6442.608752534812,-442.6087525348121
4477,train,9000,8609.234091493614,390.76590850638604
673,train,25000,23226.789305441423,1773.2106945585765
3782,train,11000,11250.642327861486,-250.64232786148568
2310,train,35000,29652.874360346697,5347.125639653303
1982,train,20000,17247.826238748148,2752.173761251852
4494,train,25000,23555.9397516021,1444.0602483978982
1469,train,35000,27580.115796333892,7419.884203666108
1592,train,35000,32830.67778643913,2169.3222135608667
1958,train,7000,7702.169721404165,-702.1697214041651
1176,train,43000,45329.74670212576,-2329.7467021257617
4611,train,7500,7754.496677770032,-254.49667777003197
593,train,30000,26084.23121744703,3915.7687825529683
2117,train,60000,53595.71434991547,6404.28565008453
3685,train,13000,12477.901897253689,522.0981027463113
2571,train,22000,22027.121030725724,-27.121030725724268
3176,train,7500,7213.026368172491,286.97363182750905
309,train,7000,6701.212102053262,298.78789794673776
4608,train,11000,10648.086320778988,351.913679221012
3259,train,8000,9696.106257343028,-1696.1062573430281
4393,train,10000,10792.688782418098,-792.6887824180976
1030,train,120000,137743.95593949925,-17743.955939499254
3367,train,6000,5669.094508702771,330.90549129722876
469,train,9500,9698.472962619076,-198.4729626190765
2299,train,12000,13651.82199355954,-1651.8219935595407
787,train,200000,170649.75523723237,29350.24476276763
2623,train,15000,13743.786113739121,1256.213886260879
2819,train,35000,30013.160945757678,4986.839054242322
3293,train,46000,47796.89393382863,-1796.893933828629
2111,train,32000,36056.75496909376,-4056.7549690937594
4562,train,16000,14253.158499549998,1746.841500450002
3389,train,9000,10423.186870814643,-1423.186870814643
1619,train,18000,15247.328408230776,2752.6715917692236
1962,train,52000,49661.308727405965,2338.6912725940347
4179,train,12000,10664.010011000524,1335.9899889994758
4131,train,52000,65292.37123930612,-13292.371239306121
2031,train,25000,26663.634260119805,-1663.6342601198048
1919,train,12500,10136.510092442168,2363.4899075578323
4123,train,14000,14053.014552731613,-53.01455273161264
3028,train,45000,38467.93478311333,6532.065216886673
1705,train,18000,17529.55504382997,470.4449561700312
800,train,35000,32811.894614343495,2188.105385656505
2756,train,19000,15578.571503290052,3421.4284967099484
2264,train,6000,6130.01249767176,-130.01249767175977
1115,train,24000,26152.499821255024,-2152.4998212550236
3779,train,9000,9805.320229833986,-805.3202298339856
229,train,18000,14469.918866149606,3530.0811338503936
259,train,7000,7206.654718508476,-206.65471850847644
1395,train,180000,135556.27001958305,44443.729980416945
1720,train,11500,12490.111966117513,-990.1119661175126
1186,train,270000,226002.0727791074,43997.9272208926
681,train,150000,149924.6317309292,75.36826907080831
3783,train,140000,120781.48258140258,19218.517418597417
2250,train,6000,6549.848182209886,-549.8481822098856
904,train,100000,115082.83490682505,-15082.834906825054
3776,train,12000,12141.507139107587,-141.50713910758714
360,train,5000,5075.206264806064,-75.2062648060637
1287,train,140000,107784.88663570117,32215.113364298828
3660,train,10000,9481.140706526603,518.859293473397
3113,train,49000,49932.465658894274,-932.4656588942744
2227,train,50000,49118.751862209196,881.2481377908043
4605,train,10000,13869.12295835084,-3869.1229583508393
2960,train,5000,6694.802155231514,-1694.802155231514
3622,train,14000,18007.469120667014,-4007.469120667014
2376,train,30000,26139.484167154205,3860.5158328457946
305,train,3000,3587.9689037573735,-587.9689037573735
505,train,2200,3076.811990610586,-876.8119906105858
3274,train,5000,5994.528421828787,-994.528421828787
1112,train,200000,165327.20787643568,34672.792123564315
2799,train,90000,84977.90987317247,5022.090126827534
214,train,6000,6004.576929610794,-4.576929610793741
3592,train,15000,13608.92877492534,1391.07122507466
1947,train,15000,12864.340504725933,2135.659495274067
865,train,75000,79531.28953026242,-4531.289530262424
3524,train,16500,15231.51371214807,1268.4862878519307
326,train,8000,8147.806951618461,-147.80695161846143
3154,train,11000,11534.584014592887,-534.5840145928869
2788,train,21000,14851.829778199508,6148.170221800492
1111,train,18500,23301.20020909433,-4801.2002090943315
4153,train,28000,30336.158203904233,-2336.1582039042332
2657,train,27000,28548.427365968677,-1548.427365968677
834,train,220000,187652.4576762153,32347.5423237847
839,train,65000,54478.26403503692,10521.735964963082
2694,train,15000,17061.097980766484,-2061.0979807664844
1836,train,30000,27457.44275160696,2542.557248393041
3397,train,16000,13518.057799681144,2481.9422003188556
328,train,8000,8360.175916676817,-360.175916676817
1376,train,120000,111196.71818590455,8803.281814095448
942,train,5500,7180.834870308273,-1680.834870308273
1223,train,46000,46457.7252325901,-457.72523259009904
3537,train,25000,23401.160067342415,1598.8399326575855
1690,train,23000,20022.84242830227,2977.1575716977313
2563,train,12000,10692.559293767297,1307.4407062327027
1975,train,20000,19223.841785188353,776.1582148116468
2836,train,130000,158146.63399093747,-28146.633990937466
351,train,7000,6632.166748458153,367.83325154184695
4290,train,20000,16998.18688802565,3001.8131119743484
2046,train,42500,37673.4554494649,4826.544550535102
4510,train,8000,10585.865042105082,-2585.8650421050825
1618,train,8500,8577.036808530886,-77.03680853088554
1066,train,30000,26848.415215963072,3151.584784036928
1276,train,23000,23129.33715229986,-129.33715229986046
1558,train,8000,7258.308578406906,741.6914215930938
39,train,10000,8718.474017738727,1281.5259822612734
270,train,5500,5597.196094113751,-97.19609411375131
2435,train,9500,9757.482129507744,-257.4821295077436
4635,train,45000,50753.75886112851,-5753.75886112851
1035,train,350000,403445.07872153627,-53445.078721536265
854,train,32000,30647.50292014412,1352.4970798558788
69,train,7500,5198.074658157069,2301.9253418429307
3066,train,8000,10528.93616762177,-2528.9361676217704
1838,train,8000,7930.33577140031,69.66422859969043
2795,train,8000,8617.346565472777,-617.346565472777
1238,train,84500,85088.37806341235,-588.3780634123541
1599,train,13000,13108.98995969444,-108.98995969443968
3796,train,18000,17491.941298012738,508.0587019872619
4633,train,16000,15108.917685683926,891.0823143160742
3225,train,8500,9100.46683651114,-600.4668365111393
991,train,53000,53583.232779778096,-583.2327797780963
1091,train,46000,42952.89576869558,3047.1042313044236
3571,train,15000,13176.103857033468,1823.8961429665324
2463,train,12500,11526.609003150954,973.3909968490461
4401,train,32000,26530.31413362253,5469.685866377469
1466,train,90000,73964.29013498472,16035.709865015277
665,train,350000,319943.0361572021,30056.963842797908
1288,train,30000,33724.759937063995,-3724.7599370639946
3977,train,22000,21064.967930694922,935.032069305078
1080,train,40000,45003.12943662856,-5003.129436628558
1849,train,6000,5926.807957163086,73.19204283691397
3577,train,23000,19119.16355124367,3880.8364487563304
4529,train,42000,47678.06064348937,-5678.060643489371
4300,train,30000,30340.102750389906,-340.10275038990585
698,train,140000,127170.98444724915,12829.015552750847
3778,train,35000,35142.25280252872,-142.25280252871744
921,train,260000,282618.66005337716,-22618.660053377156
1674,train,12000,13170.775808825472,-1170.7758088254723
2107,train,6500,7135.252814689969,-635.2528146899685
2446,train,70000,48802.80099123353,21197.199008766467
2861,train,13000,13062.568698625892,-62.56869862589156
2459,train,25000,25959.36162834511,-959.3616283451083
2008,train,43000,42315.16611120885,684.8338887911523
4476,train,6200,6935.148843945797,-735.1488439457971
3179,train,12000,12682.492502330104,-682.4925023301039
3497,train,20000,19165.211200172,834.7887998279984
3533,train,9000,10004.690822010993,-1004.6908220109926
1782,train,15000,13889.34859383428,1110.65140616572
2118,train,8500,8018.473567751544,481.52643224845633
1789,train,30000,27071.777873243744,2928.2221267562563
215,train,20000,20085.353172572435,-85.35317257243514
2699,train,14000,12627.409928939258,1372.590071060742
1804,train,16500,15290.818690844208,1209.1813091557924
1386,train,25000,28297.073281320394,-3297.073281320394
859,train,25000,27714.225639903827,-2714.225639903827
3405,train,20000,17142.33966512616,2857.660334873839
582,train,89000,92042.7667365445,-3042.766736544494
4285,train,6500,6467.752154060343,32.247845939657054
3565,train,14000,11926.8531464352,2073.1468535648
3798,train,10000,9803.543424988049,196.45657501195092
1489,train,35000,30878.426045890577,4121.573954109423
964,train,95000,86734.84906380542,8265.15093619458
1543,train,23000,21481.217072992345,1518.7829270076545
4428,train,7000,7063.435819722971,-63.435819722971246
2108,train,13500,15666.097003649733,-2166.097003649733
1431,train,85000,86081.53109060045,-1081.5310906004452
296,train,10000,10375.297600783377,-375.29760078337677
2164,train,11000,11640.09729527867,-640.0972952786706
4732,train,15000,14696.32449300768,303.67550699232015
1092,train,35000,31703.015639340287,3296.9843606597133
2989,train,29000,21739.461305768225,7260.538694231775
1372,train,34000,46437.00833422191,-12437.008334221908
2271,train,6000,6688.459586749771,-688.459586749771
2491,train,27000,25023.058664731845,1976.941335268155
557,train,68000,54109.95581679334,13890.044183206657
849,train,180000,180269.0028222796,-269.00282227961
4208,train,25000,27328.980271499702,-2328.980271499702
3162,train,8000,8449.474420591381,-449.4744205913812
3,train,10000,11197.936168550958,-1197.9361685509575
4395,train,10000,10470.604059186142,-470.60405918614197
930,train,150000,141227.79433037923,8772.205669620773
1670,train,15000,18236.3063746549,-3236.3063746549014
128,train,4700,4859.391157968366,-159.39115796836631
4564,train,20000,18624.36795628652,1375.6320437134782
192,train,10000,12354.876681185746,-2354.876681185746
4221,train,11000,11104.848617784302,-104.8486177843024
3688,train,25000,24952.913405604806,47.08659439519397
3359,train,9500,9566.170874928404,-66.17087492840437
4180,train,10000,11681.304274668704,-1681.3042746687042
196,train,5200,5289.717604069578,-89.71760406957765
455,train,7000,6447.857971549039,552.1420284509613
3936,train,55000,62329.543817982165,-7329.543817982165
2190,train,12000,12969.977361851154,-969.9773618511535
3365,train,13000,12668.35333967523,331.64666032477
2237,train,35000,38528.253582322286,-3528.253582322286
487,train,6000,7413.860906896559,-1413.8609068965588
520,train,25000,26270.953540330444,-1270.9535403304435
501,train,14000,16279.595262185043,-2279.595262185043
4495,train,14000,13295.453316094417,704.5466839055825
957,train,16000,16867.99512800983,-867.9951280098285
2816,train,31500,33748.838691786674,-2248.8386917866737
4505,train,8500,9937.084975973783,-1437.084975973783
3429,train,22000,22538.367253595625,-538.3672535956248
1870,train,11000,11286.416566789456,-286.4165667894558
1812,train,12000,11245.602733870248,754.3972661297521
682,train,27000,22454.102157335958,4545.897842664042
2629,train,6000,6250.510190346871,-250.51019034687124
3100,train,9000,9205.712154734238,-205.71215473423763
2692,train,50000,41807.20205224566,8192.797947754341
799,train,70000,72837.99900370612,-2837.9990037061216
2897,train,9000,10394.695535834393,-1394.695535834393
4018,train,17000,14556.988710831114,2443.011289168886
3908,train,9000,9608.220333693878,-608.2203336938783
2506,train,35000,26934.163924058095,8065.836075941905
125,train,18000,15434.677639911164,2565.322360088836
1072,train,54500,44933.0410160333,9566.958983966702
2568,train,52000,56530.261861133025,-4530.261861133025
180,train,15000,11386.504671673509,3613.4953283264913
1755,train,6000,6700.399319484312,-700.3993194843124
1258,train,270000,241753.38332320165,28246.616676798352
1201,train,35000,29712.12520205994,5287.874797940061
843,train,56000,56067.96282844976,-67.9628284497594
3281,train,7500,8925.909227228587,-1425.909227228587
241,train,9000,8509.674915839621,490.32508416037854
717,train,8500,12286.874454657174,-3786.8744546571743
3127,train,18000,18039.823773200675,-39.82377320067462
2212,train,9000,9004.207753351988,-4.207753351987776
4309,train,20000,19503.354945518775,496.6450544812251
4092,train,11000,11202.15642662925,-202.15642662924984
619,train,50000,55956.66630337295,-5956.666303372949
3023,train,10000,10873.32405716683,-873.3240571668302
2705,train,17000,14672.058324996913,2327.941675003087
798,train,150000,103500.9605690951,46499.0394309049
749,train,80000,74526.60504879078,5473.394951209222
1130,train,33000,38429.21626655101,-5429.216266551011
1758,train,27500,24768.144847493197,2731.8551525068033
2651,train,13000,13141.418269212381,-141.41826921238135
2224,train,6200,6721.908108884791,-521.9081088847906
596,train,47000,45489.16604773728,1510.8339522627211
235,train,15000,13189.185099865013,1810.8149001349866
458,train,15000,13738.282126712516,1261.7178732874836
2011,train,15000,15107.484523619674,-107.48452361967429
318,train,14000,10323.874021647884,3676.1259783521164
3683,train,13500,13852.830794722504,-352.8307947225039
4461,train,15000,16540.80756274669,-1540.8075627466897
22,train,4000,4569.126010562082,-569.1260105620822
4471,train,15000,12724.477578454207,2275.522421545793
1795,train,7000,7271.842398880124,-271.84239888012416
4177,train,12000,11954.286629593269,45.713370406730974
4163,train,15000,16287.203284849942,-1287.203284849942
2396,train,10000,9911.934704583988,88.0652954160123
4190,train,5500,6093.43560207508,-593.4356020750802
2939,train,23000,21889.208838007842,1110.7911619921579
836,train,35000,37554.08478264768,-2554.084782647682
1686,train,10000,9997.090467072778,2.9095329272222443
1024,train,9400,11968.97564509355,-2568.9756450935492
3328,train,30000,27553.699333298544,2446.300666701456
3486,train,6000,5953.142971187175,46.857028812824865
3079,train,15000,16345.563173814004,-1345.5631738140037
2867,train,25000,30920.988352860837,-5920.988352860837
1739,train,45000,45560.75595842753,-560.7559584275295
4425,train,16000,14533.810708390522,1466.1892916094785
3758,train,11500,12824.258352275572,-1324.2583522755722
519,train,12000,10887.909872330622,1112.0901276693785
291,train,14000,15578.241132085663,-1578.2411320856627
2377,train,14000,15291.72049919353,-1291.7204991935305
1161,train,85000,75172.59408256336,9827.405917436641
4211,train,3000,3577.36383205198,-577.3638320519799
693,train,55000,56519.570506932265,-1519.5705069322648
1572,train,180000,153110.12057056322,26889.879429436784
4569,train,25000,23703.48518289601,1296.514817103991
1582,train,15000,13673.731246261108,1326.268753738892
2291,train,22000,21653.369365941675,346.6306340583251
2869,train,22000,22763.267201762217,-763.2672017622172
1250,train,13000,14744.473298441662,-1744.4732984416623
538,train,33500,37443.93739283847,-3943.9373928384666
841,train,280000,282186.36105566414,-2186.361055664136
1635,train,11000,12004.933651189343,-1004.9336511893434
1162,train,110000,109132.41705464761,867.5829453523911
3221,train,65000,71279.56631141125,-6279.566311411254
1032,train,130000,138012.32693902086,-8012.326939020859
2919,train,30000,28572.59353012013,1427.4064698798684
1767,train,9000,8454.764518649867,545.2354813501333
464,train,7000,6980.134033262276,19.865966737724193
3765,train,14000,12637.782311639334,1362.2176883606662
2322,train,15000,15650.846007284508,-650.8460072845082
4086,train,20000,21778.017183105225,-1778.0171831052248
3247,train,9000,10427.62729163478,-1427.6272916347807
3924,train,24000,26838.997354921816,-2838.9973549218157
4439,train,20000,15872.750229332709,4127.249770667291
3012,train,7000,7012.609820966405,-12.609820966405096
3466,train,10000,12350.288998037702,-2350.288998037702
591,train,45000,46348.371257672385,-1348.3712576723847
2987,train,12000,11861.823423392974,138.1765766070257
470,train,1800,2675.9214526244664,-875.9214526244664
1440,train,22000,20230.21035919257,1769.7896408074303
840,train,45000,47172.0173909037,-2172.0173909036967
3518,train,8500,10574.774213149502,-2074.7742131495015
2918,train,24000,22830.46687151222,1169.5331284877793
488,train,18000,14919.620143239645,3080.3798567603553
3016,train,4500,4350.815930535704,149.18406946429604
3442,train,9500,10888.025015428917,-1388.025015428917
3997,train,13000,15609.750674584076,-2609.7506745840765
4458,train,13000,11644.951022431134,1355.0489775688657
2724,train,5000,6057.7371872099175,-1057.7371872099175
1103,train,70000,63071.27592841244,6928.72407158756
4001,train,15000,13576.484165371288,1423.5158346287117
3940,train,7000,8479.509320030753,-1479.5093200307529
795,train,18500,19104.948709930726,-604.9487099307262
4288,train,3300,3779.877495525385,-479.8774955253848
704,train,40000,41660.610657588724,-1660.6106575887243
4347,train,7500,7402.132144226233,97.86785577376668
3790,train,70000,44344.101838708564,25655.898161291436
3676,train,18000,15928.429347141628,2071.5706528583723
1319,train,12000,15927.811449885456,-3927.8114498854557
2270,train,60000,55943.476931868456,4056.5230681315443
3786,train,250000,214992.03280130026,35007.96719869974
1291,train,85000,99121.00400298393,-14121.00400298393
1414,train,85000,85760.17442931102,-760.1744293110241
2139,train,7500,7874.1705698889555,-374.17056988895547
3119,train,11000,11694.544749757188,-694.5447497571877
1965,train,22000,22031.104472532494,-31.104472532493673
4725,train,18000,18467.181139792912,-467.1811397929123
2173,train,12000,12388.347914807178,-388.3479148071783
558,train,30000,27280.37958961175,2719.6204103882483
1845,train,13000,14067.303605393174,-1067.3036053931737
1634,train,8000,7402.473083446028,597.5269165539721
431,train,23000,20009.714918085414,2990.285081914586
2439,train,30000,23316.244592131363,6683.755407868637
3543,train,12000,10782.85315591164,1217.14684408836
349,train,6000,8537.090389682482,-2537.090389682482
53,train,15000,14813.501658165063,186.49834183493658
3632,train,10000,11334.655705900384,-1334.6557059003844
50,train,7500,7392.2539865882045,107.7460134117955
4412,train,9000,9254.049745528959,-254.04974552895874
3284,train,7000,8530.450356797743,-1530.4503567977426
2905,train,12100,12345.111166874682,-245.11116687468166
1418,train,20000,20821.426261619043,-821.4262616190426
2157,train,12000,11420.064564275595,579.9354357244047
1302,train,45000,46180.08008004545,-1180.0800800454526
1859,train,50000,48215.63345146763,1784.3665485323727
3539,train,14000,14639.907259082054,-639.9072590820542
1993,train,30000,28048.684321991692,1951.3156780083082
28,train,8500,9125.967815689999,-625.967815689999
2092,train,9000,9819.57753391132,-819.5775339113206
3243,train,25000,29086.436590560083,-4086.4365905600825
3682,train,9500,8792.6889002284,707.3110997715994
3453,train,37500,37011.07149672611,488.9285032738917
1260,train,26000,25490.04773031066,509.95226968934
1424,train,22000,18657.304908111808,3342.695091888192
3440,train,14000,12854.056061424913,1145.9439385750866
1933,train,8000,8059.086785726025,-59.08678572602457
204,train,5000,5237.326476565426,-237.32647656542576
3010,train,20000,22559.15358701374,-2559.1535870137413
4540,train,7000,6578.932162760918,421.0678372390821
2803,train,4000,5825.840895530326,-1825.8408955303257
3854,train,26000,22915.225426857305,3084.774573142695
1301,train,32000,28214.69106480503,3785.308935194971
4160,train,14000,11502.287071138691,2497.7129288613087
1237,train,79500,73632.27266668547,5867.727333314528
3057,train,6000,6846.372581660239,-846.3725816602391
1792,train,20000,18940.1492495794,1059.850750420599
977,train,23000,27373.44489859254,-4373.444898592541
2216,train,11000,10703.145172244085,296.8548277559148
2913,train,40000,46667.2647175836,-6667.264717583603
1437,train,75000,92866.78430051245,-17866.784300512445
2693,train,20000,15683.226767109247,4316.773232890753
4679,train,20000,22431.02586077569,-2431.0258607756914
1639,train,8000,8757.262024891585,-757.2620248915846
3449,train,15000,14224.258547994476,775.7414520055245
542,train,400000,363010.6830094724,36989.316990527615
1362,train,170000,158807.3634567086,11192.636543291388
2415,train,80000,67205.46893212794,12794.531067872056
3002,train,15000,13249.871005024797,1750.1289949752027
2404,train,14900,12141.637180127262,2758.3628198727383
4664,train,8000,9728.714501229026,-1728.7145012290257
2259,train,30000,29354.40441750024,645.5955824997618
2901,train,23000,22973.79661627962,26.20338372038168
2497,train,7000,7535.62592871281,-535.6259287128096
1330,train,16000,13168.54817721295,2831.4518227870503
2993,train,14000,14832.888980213274,-832.8889802132744
3712,train,23000,19625.8709839938,3374.1290160062017
3756,train,16000,13767.922711563824,2232.077288436176
2238,train,9000,10601.542617923242,-1601.5426179232418
330,train,3800,4637.053996106738,-837.0539961067379
1067,train,45000,49004.16982244112,-4004.169822441123
1127,train,43000,45585.764867685466,-2585.764867685466
3834,train,40000,33262.023939896746,6737.976060103254
3343,train,18000,17711.468638112983,288.5313618870168
630,train,310000,299578.0279611976,10421.9720388024
713,train,35000,43062.197419781165,-8062.197419781165
2747,train,9500,8309.971434340783,1190.0285656592168
2094,train,20000,17098.60295318992,2901.3970468100815
268,train,6500,8477.780715992498,-1977.7807159924978
3928,train,27000,28761.510529446557,-1761.5105294465575
2535,train,16000,13136.137898314098,2863.8621016859015
2105,train,6000,8244.486524110014,-2244.486524110014
3851,train,27500,28309.232244579063,-809.2322445790633
1617,train,12000,12726.41326470292,-726.4132647029201
2895,train,150000,85120.83132284797,64879.16867715203
265,train,40000,41015.66421211844,-1015.6642121184414
4120,train,80000,68035.91733247574,11964.082667524257
2533,train,28500,26128.832764038427,2371.167235961573
4250,train,15000,14553.643256768091,446.3567432319087
2249,train,21000,22035.223383220877,-1035.2233832208767
3419,train,10500,10855.524751079021,-355.52475107902137
506,train,3300,3325.4509782106443,-25.45097821064428
2994,train,6000,7048.542456923106,-1048.5424569231063
4426,train,14000,12820.073800365217,1179.9261996347832
1345,train,90000,93349.69884148943,-3349.6988414894295
1485,train,280000,306478.72542654653,-26478.72542654653
1796,train,10000,10174.148441938747,-174.14844193874706
233,train,21000,14911.444792505903,6088.555207494097
622,train,220000,214505.72166571236,5494.2783342876355
1074,train,67000,70589.42310526331,-3589.4231052633113
2821,train,20000,16631.07837283928,3368.9216271607183
2601,train,30000,31600.83868490588,-1600.8386849058807
1976,train,9000,9589.682967205732,-589.682967205732
4689,train,53000,58131.55535904936,-5131.555359049358
3223,train,15000,17816.81545998075,-2816.8154599807494
220,train,3000,3292.1829731574867,-292.1829731574867
4729,train,17000,18255.717615029054,-1255.7176150290543
1294,train,36000,37067.85159434066,-1067.85159434066
3840,train,13000,13181.839795648,-181.8397956480003
428,train,5500,5467.275162514562,32.724837485438
429,train,8500,11839.518057436715,-3339.518057436715
1590,train,9000,9046.047924292308,-46.04792429230838
2460,train,13000,13667.41744234881,-667.4174423488093
2191,train,8000,7487.028772604715,512.9712273952846
872,train,130000,135140.1255186931,-5140.125518693094
107,train,8000,8641.492218870791,-641.4922188707915
2234,train,6000,6619.73923484501,-619.7392348450103
613,train,30000,25353.84735169336,4646.152648306641
1760,train,10000,10869.111398383364,-869.1113983833638
4649,train,6000,6434.095329368687,-434.0953293686871
4366,train,10000,10920.312340918857,-920.3123409188574
1340,train,400000,349431.2025012588,50568.79749874119
4715,train,15000,13303.747268929154,1696.2527310708465
1211,train,30000,27744.73312278171,2255.2668772182915
2132,train,8000,7721.153636409923,278.8463635900771
1168,train,150000,156904.15861168219,-6904.158611682185
861,train,95000,83486.10297513133,11513.897024868667
1567,train,14500,14134.888036982786,365.1119630172143
2667,train,11000,10896.749738536488,103.25026146351229
689,train,48000,48258.864624492744,-258.86462449274404
2690,train,9000,9863.475574113534,-863.4755741135341
2165,train,15000,13462.894300011447,1537.1056999885532
348,train,20000,20029.818040610844,-29.818040610844037
2413,train,7500,7997.883628075092,-497.883628075092
4280,train,10000,9867.27352391158,132.7264760884209
3329,train,9000,9415.38793807795,-415.3879380779508
3551,train,25000,26464.291537877874,-1464.2915378778744
2054,train,15000,14181.987463417523,818.012536582477
3298,train,23999,21413.001670951555,2585.998329048445
3029,train,35000,37165.23985102366,-2165.23985102366
494,train,12000,12997.547995923396,-997.5479959233962
2558,train,10000,11090.391816575784,-1090.391816575784
4361,train,53000,47811.55780158575,5188.442198414246
3519,train,10000,11145.632070861304,-1145.6320708613039
2429,train,55000,50034.144000867054,4965.855999132946
2168,train,42000,33402.55545520884,8597.444544791157
4030,train,19800,15922.373165890758,3877.626834109242
1561,train,10000,8957.802367018006,1042.1976329819936
4415,train,9000,9264.156835980419,-264.1568359804187
3907,train,8000,10389.968637713691,-2389.9686377136914
3970,train,12000,13076.498601494337,-1076.498601494337
2148,train,18000,16128.328008596507,1871.671991403493
3953,train,65000,47322.97065664962,17677.029343350383
2166,train,5500,6021.549246832346,-521.5492468323464
720,train,38000,36253.825316878945,1746.1746831210548
863,train,18500,19334.624909484362,-834.6249094843624
399,train,5000,5434.519987949328,-434.5199879493284
2214,train,10000,9266.409195071372,733.5908049286281
3594,train,7000,7214.507565572058,-214.5075655720584
2430,train,20000,20519.94380686775,-519.9438068677482
3771,train,13000,12511.616048323851,488.3839516761491
2112,train,42000,40713.06465031568,1286.9353496843178
3734,train,15000,17031.132984035947,-2031.1329840359467
4176,train,200000,122378.27322703984,77621.72677296016
2428,train,15500,14230.552438747818,1269.447561252182
925,train,400000,344821.80209295446,55178.19790704554
2950,train,6000,7225.559494174014,-1225.5594941740137
109,train,6000,5354.194547763732,645.8054522362681
2719,train,25000,22573.32984144298,2426.670158557019
4386,train,25000,22672.40002976762,2327.599970232379
2644,train,7000,6613.208127774128,386.7918722258719
3398,train,18000,16931.562007493987,1068.437992506013
4563,train,12000,12853.615776441005,-853.6157764410054
4296,train,8000,9325.25016709521,-1325.2501670952097
1511,train,15000,15099.957654214873,-99.9576542148734
4195,train,24000,24136.04730429023,-136.0473042902304
3784,train,12000,10349.838784173484,1650.1612158265161
4634,train,16000,14206.764246302428,1793.2357536975724
2723,train,6000,6349.727798060832,-349.72779806083236
1940,train,8000,8042.777716138084,-42.77771613808363
1494,train,13000,13450.854221497313,-450.8542214973131
4557,train,23000,21480.936872874554,1519.063127125446
2194,train,32000,40261.27038719059,-8261.27038719059
1500,train,7500,7008.125720815626,491.87427918437425
2921,train,10000,9906.175050248676,93.82494975132431
2948,train,30000,25064.10353031894,4935.896469681062
2465,train,15500,18297.872633788258,-2797.872633788258
2488,train,9000,8024.611806598119,975.3881934018809
86,train,7000,7930.751655651426,-930.7516556514256
1659,train,14500,14425.45040093897,74.54959906103068
2457,train,7500,9577.94644947985,-2077.9464494798503
3196,train,11000,11052.996620223483,-52.99662022348275
1676,train,150000,137885.8352430042,12114.1647569958
4308,train,17000,16836.499656402528,163.50034359747224
1148,train,240000,223195.9234321279,16804.076567872107
3437,train,7000,7524.629570367125,-524.6295703671249
3785,train,13000,12619.71131230641,380.28868769358996
1934,train,9500,9965.030877720923,-465.03087772092294
1135,train,40000,40510.46589710229,-510.4658971022873
2808,train,12500,15239.755109152024,-2739.7551091520236
3607,train,30000,24422.985274612503,5577.014725387497
561,train,20000,22936.232606508995,-2936.2326065089946
3481,train,13000,12899.940736044413,100.05926395558708
4148,train,20000,19592.75046053845,407.24953946155074
826,train,1000000,692109.7645997663,307890.23540023365
949,train,180000,167296.3746580009,12703.625341999112
898,train,60000,66466.85743317728,-6466.857433177283
3511,train,65000,60844.56016640723,4155.439833592769
80,train,14500,18322.654414982822,-3822.6544149828223
453,train,7000,8707.09490986475,-1707.0949098647507
2560,train,12000,13831.509647428622,-1831.509647428622
1396,train,30000,26911.267938542132,3088.7320614578675
3250,train,14000,16365.622778616013,-2365.6227786160125
570,train,45000,48449.331048062566,-3449.331048062566
1606,train,37000,30938.187110140745,6061.812889859255
1399,train,70000,68146.03487492306,1853.9651250769384
1523,train,5500,6194.155974896914,-694.1559748969139
4281,train,10000,11451.81737858397,-1451.81737858397
240,train,8500,7895.492081023725,604.5079189762746
451,train,5146,6034.398494541816,-888.398494541816
1311,train,50000,50554.24604785669,-554.2460478566936
258,train,22000,18462.27458400971,3537.7254159902914
3138,train,8000,7778.399447245524,221.60055275447576
102,train,21000,20528.04928004269,471.95071995730905
794,train,150000,151342.31508547123,-1342.3150854712294
3575,train,60000,50194.98013799498,9805.019862005021
1528,train,18000,17491.677835385657,508.3221646143429
4596,train,6000,6119.814628512022,-119.81462851202195
818,train,50000,47764.91647774808,2235.0835222519236
2781,train,18000,16879.03133339308,1120.968666606921
1088,train,50000,59206.85689538469,-9206.856895384692
219,train,6500,7117.33163241415,-617.3316324141497
245,train,7000,7869.854783849069,-869.8547838490686
210,train,13000,12799.201695467043,200.79830453295654
4371,train,40000,41353.67364833523,-1353.6736483352288
706,train,20000,27216.631748902084,-7216.631748902084
874,train,250000,239371.93755770908,10628.062442290917
2120,train,8500,7883.185959641299,616.8140403587013
1873,train,120000,122479.74445782058,-2479.744457820576
337,train,7000,7740.997049779486,-740.9970497794857
1948,train,14000,13078.201944383556,921.7980556164439
1951,train,12000,10399.020059511357,1600.9799404886435
1134,train,36000,29133.27036354472,6866.7296364552785
1563,train,11000,9013.575999981213,1986.4240000187874
2909,train,42000,40400.880259833306,1599.119740166694
44,train,6000,6073.166212466035,-73.16621246603518
2892,train,20000,21403.450107400553,-1403.450107400553
1622,train,17000,18911.709949081724,-1911.7099490817236
4313,train,17000,16603.87252815281,396.12747184719046
3444,train,120000,111343.31667767529,8656.683322324709
697,train,43000,41310.4288322703,1689.5711677297004
298,train,9000,7754.0475051881895,1245.9524948118105
4233,train,16000,15299.60189839694,700.3981016030593
1054,train,100000,94068.09451325306,5931.905486746939
2406,train,10000,10189.460917569337,-189.46091756933674
2725,train,20000,16035.178354194892,3964.8216458051083
4470,train,20000,27221.53151887771,-7221.5315188777095
129,train,4700,5233.700429463902,-533.7004294639019
4292,train,20000,18525.99584130938,1474.004158690619
4736,val,15000,13198.55394959146,1801.44605040854
1052,val,130000,128906.43294067256,1093.5670593274408
2600,val,40000,74553.80832775397,-34553.80832775397
2818,val,60000,30444.562814360583,29555.437185639417
2820,val,55000,43870.16224412158,11129.83775587842
1037,val,55000,56841.6043706598,-1841.6043706597993
2610,val,42000,63496.87171734807,-21496.87171734807
1382,val,80000,64993.60587130342,15006.394128696578
2755,val,65000,102841.40733234872,-37841.407332348725
2674,val,35000,52615.94836603917,-17615.94836603917
1397,val,100000,155942.10360406112,-55942.10360406112
2206,val,21000,23496.216185313686,-2496.216185313686
1980,val,12000,7662.877859432663,4337.122140567337
4277,val,22000,23031.84876233883,-1031.8487623388282
4121,val,7500,5835.658105458586,1664.3418945414141
2033,val,30000,21513.57645975144,8486.423540248561
1446,val,22000,27884.44463392913,-5884.444633929132
3807,val,23000,15706.024121313765,7293.975878686235
2045,val,19000,12525.887205522677,6474.112794477323
4571,val,12000,16191.050830946688,-4191.050830946688
1574,val,12000,13922.739712612816,-1922.7397126128162
4681,val,9000,9799.872238778395,-799.8722387783946
2335,val,22000,19664.350134931334,2335.6498650686663
1817,val,19000,14191.078802093767,4808.921197906233
2553,val,15000,13543.145031484051,1456.8549685159487
3498,val,16000,14113.920043427157,1886.079956572843
2864,val,5500,10059.825336682345,-4559.825336682345
3777,val,17000,15501.518143435955,1498.4818565640453
4599,val,16000,15546.981072780336,453.01892721966396
2502,val,11000,18771.042366875612,-7771.042366875612
765,val,140000,107173.02443785389,32826.97556214611
3974,val,12000,20431.96487013087,-8431.964870130869
1503,val,10500,13434.405410220497,-2934.4054102204973
1876,val,5000,5275.085313366444,-275.0853133664441
1886,val,6000,6950.861292521822,-950.8612925218222
866,val,100000,108598.85640363528,-8598.856403635276
862,val,30000,19164.04670575089,10835.95329424911
347,val,8500,8711.579078056782,-211.57907805678224
1271,val,98000,147346.21229734694,-49346.21229734694
1129,val,35000,36041.01873002786,-1041.018730027863
2738,val,8500,12147.678629719954,-3647.678629719954
1197,val,55000,39419.05287292453,15580.947127075473
3181,val,5000,4886.088648850512,113.91135114948793
768,val,45000,37443.9373928386,7556.062607161402
1025,val,100000,103175.770656364,-3175.770656363995
4556,val,11000,12837.010118825754,-1837.010118825754
2453,val,6000,11609.271879748188,-5609.271879748188
1,val,20000,8860.921324802272,11139.078675197728
2843,val,28000,26586.618620837173,1413.3813791628272
1281,val,95000,59807.12690924559,35192.87309075441
4377,val,20000,22810.42607853324,-2810.426078533241
1904,val,65000,46409.432332568475,18590.567667431525
3263,val,25000,16032.70089882067,8967.29910117933
2965,val,85000,71567.79812672293,13432.201873277067
4414,val,39000,38589.325857488584,410.674142511416
209,val,8000,5808.963479959837,2191.036520040163
1147,val,8000,36902.056715876504,-28902.056715876504
3385,val,5700,5979.9548741615745,-279.9548741615745
3839,val,27000,53504.250873739824,-26504.250873739824
4143,val,60000,46069.897233580574,13930.102766419426
2926,val,5500,7606.867452084953,-2106.8674520849527
3195,val,12000,11206.185569546422,793.8144304535781
2597,val,10000,13349.990162733102,-3349.990162733102
2302,val,60000,62603.26365601705,-2603.2636560170504
4469,val,16000,11361.547682849881,4638.452317150119
638,val,190000,161304.97523357274,28695.02476642726
4489,val,15000,13558.057428687838,1441.9425713121618
3213,val,8000,5374.955396762139,2625.0446032378613
3495,val,70000,83881.40049287,-13881.400492870001
285,val,25000,12493.78914730668,12506.21085269332
4667,val,15000,10609.316318204963,4390.683681795037
3725,val,11000,9765.321620816434,1234.678379183566
3846,val,14000,12480.086266736018,1519.913733263982
3331,val,30000,23277.39387790947,6722.6061220905285
2220,val,6500,6813.258729895229,-313.2587298952294
4622,val,13000,19683.63987092819,-6683.639870928189
667,val,25000,17619.677108155814,7380.3228918441855
1773,val,16000,21394.148638828203,-5394.148638828203
744,val,300000,121246.80210478943,178753.1978952106
3849,val,15000,12361.822881217868,2638.1771187821323
4514,val,70000,78465.40552779281,-8465.405527792813
2023,val,16000,15307.462221155545,692.5377788444548
1732,val,10000,15135.166660273537,-5135.166660273537
2277,val,8000,7737.872518748498,262.1274812515021
1801,val,18000,8966.571830289344,9033.428169710656
3715,val,17000,17685.78253424664,-685.7825342466385
4134,val,25000,19008.693442033546,5991.306557966454
3500,val,100000,64529.36093418419,35470.63906581581
3326,val,12000,14694.524302335063,-2694.524302335063
3583,val,10000,9802.265787243276,197.73421275672445
3370,val,7500,11482.78340176759,-3982.7834017675905
2142,val,30000,27968.622326283945,2031.3776737160551
433,val,8500,7330.690604734675,1169.3093952653253
634,val,150000,126488.16744699565,23511.83255300435
2239,val,8000,6036.33392292427,1963.6660770757298
3413,val,30000,31095.486920213683,-1095.4869202136833
262,val,15000,9138.762386993225,5861.237613006775
2007,val,14000,14328.877451603614,-328.87745160361374
733,val,25000,21808.86135644269,3191.1386435573113
2069,val,13000,11731.134578312623,1268.8654216873765
3960,val,30000,41704.28119554732,-11704.281195547323
814,val,100000,105763.89073357955,-5763.890733579552
4706,val,12000,12048.360889464187,-48.360889464187494
1077,val,98000,105933.12143965308,-7933.121439653085
975,val,100000,40857.479458062015,59142.520541937985
4335,val,30000,29850.596951713196,149.40304828680382
146,val,2200,8565.064938864785,-6365.064938864785
2021,val,35000,22692.334620094727,12307.665379905273
1895,val,6500,7685.970196539598,-1185.970196539598
3218,val,18000,17381.69114442954,618.3088555704599
2195,val,14500,9042.551931836932,5457.4480681630685
4312,val,7000,13989.235951976018,-6989.2359519760175
2923,val,280000,147499.89421234158,132500.10578765842
64,val,3500,4554.550520721224,-1054.5505207212236
4118,val,17000,17146.824643307053,-146.8246433070526
1131,val,47000,59233.051535126906,-12233.051535126906
1196,val,120000,111431.01037967278,8568.989620327222
336,val,7200,6787.9091930186205,412.0908069813795
1815,val,12000,10551.101704839915,1448.8982951600847
4582,val,37000,43443.635164186206,-6443.635164186206
2887,val,10000,9711.189931217184,288.8100687828155
2154,val,9000,9251.272913233506,-251.2729132335062
3944,val,45000,39096.01919077259,5903.980809227411
1290,val,80000,50790.13656028707,29209.863439712928
747,val,35000,40165.58858688291,-5165.588586882906
2449,val,9000,11062.626850575407,-2062.626850575407
221,val,5200,7697.994482528525,-2497.9944825285247
3102,val,55000,95248.4726767618,-40248.4726767618
2079,val,14000,11579.91832200758,2420.0816779924207
1049,val,40000,38962.40604839809,1037.5939516019134
1051,val,95000,58948.04511725249,36051.95488274751
4014,val,16000,14261.477025817954,1738.5229741820458
2860,val,250000,57146.42734313845,192853.57265686156
1433,val,7500,33870.73263027124,-26370.73263027124
4421,val,8000,11583.5437295331,-3583.5437295330994
3009,val,15000,16720.423304162534,-1720.423304162534
4728,val,15000,19495.362751900066,-4495.362751900066
3305,val,14000,14055.18831529207,-55.18831529206909
2057,val,9500,7233.100546062802,2266.899453937198
992,val,140000,160819.31709834584,-20819.31709834584
994,val,65000,64222.5218747161,777.478125283902
4536,val,38000,19116.832829507744,18883.167170492256
1216,val,43000,58217.01122921701,-15217.011229217009
1277,val,55000,39053.87924071489,15946.120759285113
2052,val,15000,16819.636994495453,-1819.636994495453
3991,val,18000,11652.760842409509,6347.239157590491
3169,val,10000,12105.44559962847,-2105.4455996284705
965,val,68000,70903.40800909474,-2903.408009094739
2182,val,190000,72632.42381244399,117367.57618755601
99,val,15000,20017.09620033239,-5017.096200332391
2970,val,24000,24729.11026062473,-729.1102606247296
226,val,7000,6891.909030854209,108.09096914579095
74,val,40000,17563.20015874814,22436.79984125186
752,val,57000,54740.833417351845,2259.166582648155
4670,val,17000,17768.37479727728,-768.3747972772799
3126,val,25000,16134.65676923631,8865.34323076369
1299,val,140000,218397.14318633563,-78397.14318633563
3448,val,120000,102839.11928765137,17160.880712348633
3193,val,15000,13646.06258570671,1353.9374142932902
4650,val,32000,24673.97446288463,7326.025537115369
3573,val,7500,7154.732881857458,345.26711814254213
2326,val,11000,11750.501953995607,-750.5019539956065
1988,val,13000,9801.209412316523,3198.7905876834775
791,val,600000,485403.9111692318,114596.08883076819
3039,val,40000,52269.849416560646,-12269.849416560646
170,val,5000,2507.889826899346,2492.110173100654
3866,val,50000,33222.2986869606,16777.701313039397
2846,val,27000,27251.039672381135,-251.03967238113546
3982,val,12000,11883.878124232722,116.12187576727774
2758,val,12000,18525.247386932722,-6525.247386932722
2712,val,7500,7472.020279647689,27.979720352311233
3925,val,15000,11093.223080887265,3906.7769191127354
3130,val,15000,12970.808975638089,2029.1910243619113
2588,val,4000,4561.0354335112925,-561.0354335112925
906,val,4500,19944.692416816983,-15444.692416816983
4234,val,6000,4498.919721105409,1501.0802788945912
890,val,80000,78693.163613773,1306.8363862270053
1482,val,40000,34941.21061020183,5058.78938979817
535,val,30000,34157.88386200733,-4157.883862007329
1329,val,50000,27870.06559759016,22129.93440240984
2444,val,12000,9281.333494312088,2718.666505687912
1442,val,55000,61012.3527305733,-6012.3527305733005
1943,val,5000,9309.448772596848,-4309.448772596848
4151,val,12000,10422.988025512985,1577.0119744870153
2902,val,30000,40351.81961367776,-10351.819613677762
2943,val,27000,31871.37068967075,-4871.370689670752
271,val,9000,19810.06618974764,-10810.066189747638
1527,val,10000,12640.245357891754,-2640.245357891754
2373,val,8000,9932.03392219743,-1932.03392219743
3474,val,12000,9737.053455783032,2262.9465442169676
4189,val,13900,7435.415839698239,6464.584160301761
4567,val,23000,20572.158153414388,2427.841846585612
1892,val,7500,6948.846589829549,551.153410170451
3291,val,10000,7911.641054014938,2088.358945985062
3864,val,28000,27781.899057406063,218.10094259393736
858,val,160000,131033.74413507021,28966.255864929786
3353,val,20000,21015.740954951103,-1015.740954951103
1715,val,21000,17490.850617331962,3509.149382668038
3445,val,20000,25116.39635571249,-5116.396355712492
3932,val,25000,24417.600032038397,582.3999679616027
2040,val,16000,13309.247145400217,2690.752854599783
663,val,50000,54803.95960925709,-4803.959609257086
4192,val,4700,9727.015592643995,-5027.015592643995
3202,val,12000,13647.145067934238,-1647.1450679342379
1266,val,85000,37227.61790804846,47772.38209195154
217,val,30000,37316.85991708256,-7316.859917082562
1978,val,27500,18247.89174663026,9252.10825336974
2749,val,30000,31618.210500393565,-1618.2105003935649
3609,val,14000,13347.239921328211,652.7600786717885
1473,val,45000,45259.806836687756,-259.806836687756
2059,val,9000,16835.59507802807,-7835.595078028069
4539,val,25000,10991.199271941108,14008.800728058892
653,val,13500,28464.790832373925,-14964.790832373925
2048,val,18000,20740.013424518616,-2740.0134245186164
42,val,5000,6468.868406936974,-1468.8684069369738
4454,val,15000,13394.513002531092,1605.4869974689082
1989,val,11000,10067.42926351204,932.57073648796
2671,val,20500,19830.201811186693,669.7981888133072
580,val,13000,17518.423163394513,-4518.423163394513
2792,val,7000,11880.403357463516,-4880.403357463516
916,val,90000,77221.72953008678,12778.270469913215
3789,val,36000,49930.751653168016,-13930.751653168016
410,val,6500,10826.144992440753,-4326.144992440753
2089,val,30000,38193.76773043829,-8193.767730438289
3735,val,28000,15092.338997486977,12907.661002513023
201,val,10000,5866.410033396497,4133.589966603503
2546,val,12000,11683.981649549596,316.0183504504039
2084,val,12000,13076.369634378769,-1076.3696343787688
1710,val,7000,6775.2328192032755,224.76718079672446
4079,val,27000,29053.473287535337,-2053.4732875353366
4488,val,25000,26402.06905367328,-1402.06905367328
3035,val,10000,11096.311319669045,-1096.3113196690447
3920,val,27000,25394.804145741873,1605.195854258127
3277,val,25000,25316.983512172617,-316.98351217261734
3949,val,35000,41955.39219911858,-6955.392199118578
2656,val,5000,7281.871605294765,-2281.871605294765
1941,val,22000,6805.834644552374,15194.165355447625
2383,val,18500,14317.737111123046,4182.262888876954
2423,val,8500,7491.657524044686,1008.3424759553136
4653,val,12000,8968.436948221142,3031.5630517788577
3962,val,25000,19548.944152071363,5451.055847928637
565,val,44000,65577.00863138761,-21577.00863138761
3248,val,14000,16245.62075391029,-2245.6207539102907
1428,val,31000,37427.541600593126,-6427.541600593126
1193,val,250000,185825.8113287047,64174.1886712953
2448,val,35000,48542.40091330034,-13542.400913300342
1512,val,7000,5162.328903297555,1837.6710967024446
2841,val,10000,9709.31383338348,290.6861666165205
3400,val,7500,10523.434746772451,-3023.434746772451
395,val,6000,6901.547577246132,-901.5475772461323
2607,val,15500,15800.936121167695,-300.9361211676951
1097,val,29500,39109.77732600019,-9609.777326000192
1917,val,14000,11585.375362995916,2414.6246370040844
1491,val,250000,353432.74244348344,-103432.74244348344
1453,val,55000,66134.51932228195,-11134.51932228195
1877,val,18000,9548.212831736908,8451.787168263092
3436,val,13500,12059.804812516652,1440.1951874833485
1566,val,24000,22669.30937232594,1330.6906276740592
757,val,24000,25251.6101626363,-1251.6101626363015
3956,val,45000,51121.64533331151,-6121.645333311513
4251,val,15500,10610.525895953991,4889.4741040460085
3603,val,6500,9360.514310050738,-2860.5143100507375
1496,val,21000,26219.27527088368,-5219.2752708836815
3377,val,20000,14192.140209865247,5807.859790134753
3507,val,17000,13774.466288374982,3225.5337116250175
2197,val,7500,9222.719689002428,-1722.719689002428
1858,val,17000,16781.17415133225,218.82584866775142
3841,val,9000,12673.556022041194,-3673.5560220411935
1578,val,12000,10769.795816898946,1230.2041831010538
247,val,7000,10935.890606333913,-3935.8906063339127
2170,val,15000,15823.318130448659,-823.3181304486588
3069,val,14000,7695.549345239455,6304.450654760545
1093,val,75000,72784.39855080609,2215.601449193913
808,val,60000,29819.799924942927,30180.200075057073
2837,val,150000,169462.07386960796,-19462.073869607964
4061,val,13000,17129.018578728344,-4129.018578728344
2703,val,10000,10226.039781912086,-226.03978191208626
2417,val,13000,10584.485369098986,2415.5146309010142
2590,val,20000,28603.321924820553,-8603.321924820553
4409,val,46000,74230.05459029802,-28230.054590298023
2245,val,11000,10801.863607150131,198.13639284986857
3560,val,20000,16291.930788468857,3708.069211531143
4029,val,15000,20657.491932751414,-5657.491932751414
2409,val,7000,7477.4299138898605,-477.4299138898605
3568,val,26000,22827.801098982898,3172.198901017102
592,val,170000,161133.59670887757,8866.403291122435
1979,val,16000,13594.742671833812,2405.257328166188
373,val,15000,18367.83204823499,-3367.832048234992
2732,val,20000,13865.992564315571,6134.007435684429
2678,val,17000,19237.940493136037,-2237.940493136037
2751,val,13000,10685.878930420124,2314.1210695798763
1826,val,7000,7821.391536538847,-821.3915365388466
301,val,15000,16180.03292134224,-1180.0329213422392
2900,val,16000,20638.915816616198,-4638.915816616198
3316,val,7000,6172.139911288676,827.8600887113244
648,val,80000,111643.14775726377,-31643.147757263767
3645,val,20000,12938.874750004254,7061.125249995746
457,val,8000,7679.893404040316,320.10659595968355
1679,val,40000,34388.982101979775,5611.017898020225
3219,val,15000,15405.560587952623,-405.5605879526229
3030,val,34999,53597.43316592309,-18598.43316592309
3261,val,12000,11287.52349481565,712.4765051843497
1016,val,45000,49667.4077799182,-4667.407779918198
3033,val,15000,9984.142520472944,5015.857479527056
4369,val,7000,8605.607239257197,-1605.6072392571969
3318,val,20000,26416.431132135967,-6416.431132135967
3662,val,13500,9088.12938329038,4411.870616709621
2830,val,12000,20489.821893969754,-8489.821893969754
4077,val,25000,15630.681143781232,9369.318856218768
1019,val,20000,22207.784159072773,-2207.784159072773
3446,val,21000,18249.624410295502,2750.3755897044975
1891,val,36000,26272.289278172928,9727.710721827072
1336,val,21000,19851.743278367474,1148.256721632526
3927,val,12000,10956.719541582806,1043.2804584171936
4703,val,60000,56930.757502802815,3069.242497197185
4522,val,9500,10096.609207975871,-596.609207975871
2655,val,9500,9401.257461244408,98.74253875559225
187,val,8000,11585.742300650218,-3585.7423006502177
1584,val,27000,21184.92655334857,5815.07344665143
2726,val,10000,11707.382006437376,-1707.3820064373758
287,val,7500,16900.16808353982,-9400.168083539818
1156,val,260000,170052.5948019935,89947.40519800651
3348,val,53000,45767.5796155574,7232.420384442601
3679,val,11000,12007.801229580053,-1007.8012295800527
3740,val,36000,42037.20654404096,-6037.206544040957
1263,val,27000,34474.426417613606,-7474.426417613606
503,val,40000,37836.48151597367,2163.518484026332
1747,val,15000,13311.490640512076,1688.5093594879236
4410,val,12000,13032.644036313895,-1032.6440363138954
2329,val,8500,8248.314497066629,251.68550293337103
600,val,300000,287758.59217479,12241.407825210015
2592,val,150000,35654.98199491747,114345.01800508253
4497,val,12500,11880.05437683552,619.9456231644799
3934,val,12000,14593.720375220475,-2593.720375220475
675,val,21000,15969.564604230321,5030.4353957696785
4724,val,5000,8304.79715486632,-3304.797154866321
4019,val,12500,10099.421223103274,2400.5787768967257
2542,val,45000,36421.342796753815,8578.657203246185
2478,val,20000,10750.122046781591,9249.877953218409
2522,val,65000,42511.810637384144,22488.189362615856
2809,val,30000,36273.377429487526,-6273.377429487526
2501,val,10000,10541.256090282252,-541.2560902822515
2280,val,30000,31209.411239661473,-1209.4112396614728
1868,val,22500,44737.33569771007,-22237.33569771007
3422,val,7500,6167.485673308117,1332.514326691883
999,val,1200000,381690.1597074987,818309.8402925013
2786,val,150000,115250.69039019846,34749.30960980154
2870,val,21000,8892.407094113289,12107.592905886711
4345,val,5000,9089.71352543293,-4089.7135254329296
1837,val,17000,27056.63771772278,-10056.63771772278
4431,val,12000,13857.054899509794,-1857.0548995097943
3653,val,10000,7395.506589250374,2604.4934107496256
1317,val,80000,57855.71835280875,22144.281647191252
1456,val,140000,194340.3843192079,-54340.38431920789
2470,val,2000,9123.434024544886,-7123.434024544886
1545,val,8000,7875.565961051022,124.43403894897801
595,val,75000,81038.55925795897,-6038.559257958972
230,val,3500,5965.214231174608,-2465.2142311746084
4623,val,11000,5754.495143898092,5245.504856101908
4441,val,30000,18758.863089106875,11241.136910893125
4105,val,6000,8897.792933324947,-2897.7929333249467
3024,val,13000,11470.8673037525,1529.1326962474996
2232,val,150000,167667.76860875578,-17667.76860875578
2721,val,47000,41418.09554396716,5581.90445603284
3876,val,14000,10773.720104219405,3226.2798957805953
40,val,7200,7681.401563855574,-481.40156385557384
3322,val,10000,7500.43449639054,2499.5655036094604
3781,val,27999,28639.77008931403,-640.7700893140318
1681,val,16000,15309.270027437997,690.7299725620032
3396,val,8000,8481.596622413048,-481.59662241304795
4541,val,10000,15137.622044224949,-5137.622044224949
1857,val,27000,18900.91718831871,8099.082811681292
2158,val,24000,20084.305566178493,3915.694433821507
3589,val,7000,9561.69826180092,-2561.6982618009206
3244,val,9000,8445.585700566136,554.4142994338636
4391,val,13500,14034.611077409592,-534.6110774095923
824,val,48000,45434.248681387435,2565.7513186125652
55,val,7000,6589.039286501282,410.9607134987182
2267,val,10000,12088.692794464056,-2088.6927944640556
3531,val,20000,17600.813879886176,2399.1861201138236
3092,val,9000,11222.992427684136,-2222.9924276841357
2407,val,40000,19252.46411782763,20747.53588217237
3563,val,18000,17701.926700373686,298.0732996263141
1896,val,6000,11398.008430028163,-5398.008430028163
333,val,30000,18287.894863396526,11712.105136603474
32,val,6000,8450.565889168865,-2450.5658891688654
1235,val,200000,328446.18912678293,-128446.18912678293
4485,val,12000,13191.599124272174,-1191.5991242721739
1991,val,23500,13407.19653467723,10092.80346532277
1367,val,55000,38335.568289163275,16664.431710836725
4638,val,8000,7758.307081681323,241.69291831867667
2347,val,10000,13816.934364535686,-3816.9343645356857
2454,val,22000,21676.909902811458,323.09009718854213
1221,val,6500,13748.340899581399,-7248.340899581399
2371,val,65000,102164.72693336228,-37164.72693336228
1893,val,9000,7818.4519113728265,1181.5480886271735
1126,val,50000,64943.65801155142,-14943.658011551423
2171,val,6000,8166.083986440927,-2166.083986440927
2131,val,10000,8304.950990431618,1695.0490095683817
2468,val,13000,10293.87789568551,2706.1221043144906
1065,val,18000,21801.416040173277,-3801.416040173277
3634,val,19000,19004.872102983445,-4.872102983445075
1636,val,40000,39575.261289949995,424.73871005000547
1262,val,41000,23797.196642081723,17202.803357918277
3845,val,9500,9067.006482036635,432.99351796336487
3408,val,5000,10567.519101284079,-5567.519101284079
1616,val,100000,131341.49986081407,-31341.499860814074
2729,val,5500,7791.395718260328,-2291.395718260328
2509,val,32000,24655.242783739723,7344.757216260277
1548,val,20000,28069.873285868147,-8069.873285868147
3714,val,45000,25046.227193369472,19953.772806630528
2530,val,20000,16125.890072916762,3874.1099270832383
4446,val,15000,15564.16505215926,-564.1650521592601
2972,val,10500,12556.11393280715,-2056.1139328071495
3141,val,13000,10232.902588433055,2767.097411566945
3197,val,8000,9184.179427333615,-1184.1794273336145
4647,val,16000,17285.024710291385,-1285.0247102913854
1206,val,32000,31926.35436266262,73.64563733738032
4089,val,10000,16096.646419865787,-6096.646419865787
1935,val,9000,17377.98561855422,-8377.98561855422
2793,val,18500,19652.146256184707,-1152.1462561847075
873,val,40000,35266.62310098579,4733.3768990142125
772,val,120000,116034.28929432189,3965.7107056781097
1953,val,9500,13766.707261527887,-4266.707261527887
3532,val,17000,14256.847517221078,2743.1524827789217
3401,val,15000,10604.115809156234,4395.884190843766
207,val,6000,8423.677961817832,-2423.6779618178316
3825,val,10000,10997.900770190086,-997.9007701900864
20,val,7900,7454.532964859261,445.4670351407394
3556,val,9500,12263.589998667594,-2763.589998667594
952,val,59000,39776.718274521765,19223.281725478235
4215,val,40000,41530.818909414345,-1530.8189094143454
4686,val,7000,5467.43177768653,1532.56822231347
3561,val,13000,9325.313238239909,3674.686761760091
3818,val,8500,7170.738663569963,1329.2613364300369
1666,val,50000,77084.38114260405,-27084.38114260405
1925,val,15000,13160.112793114213,1839.8872068857872
3752,val,10000,7999.12577692291,2000.8742230770904
1735,val,8000,8275.842751190972,-275.8427511909722
444,val,10000,12267.843639417924,-2267.8436394179244
3608,val,4000,6416.0878199038625,-2416.0878199038625
556,val,32000,23738.519208505586,8261.480791494414
1078,val,16000,18424.55706022724,-2424.5570602272383
75,val,12500,20252.328491173223,-7752.328491173223
197,val,15000,17417.51221733336,-2417.5122173333584
1120,val,90100,83053.98458985456,7046.015410145439
2845,val,18000,22264.823430515997,-4264.823430515997
10,val,25000,18663.453831512426,6336.546168487574
4093,val,12000,11766.797759064313,233.20224093568686
181,val,50000,33828.20928268813,16171.790717311873
4404,val,12000,17833.087887031164,-5833.087887031164
1609,val,8000,8405.412237709632,-405.4122377096319
96,val,12000,17052.45687094841,-5052.456870948408
4141,val,15500,11635.71792802297,3864.28207197703
4707,val,110000,66320.0898314332,43679.9101685668
355,val,5200,5945.227400306496,-745.2274003064958
2127,val,10000,8947.320181901992,1052.6798180980077
1740,val,6000,8147.940688794589,-2147.940688794589
292,val,15000,15556.535811053283,-556.5358110532834
806,val,19500,77898.23589991177,-58398.23589991177
1114,val,55000,58359.09957944615,-3359.0995794461487
2389,val,90000,108236.34884351796,-18236.34884351796
2263,val,9000,9916.422176501945,-916.4221765019447
158,val,14500,16924.309963466018,-2424.3099634660175
4053,val,35000,18362.57325497035,16637.42674502965
3251,val,8000,9440.112586943527,-1440.1125869435273
3080,val,11000,10101.240698059117,898.7593019408832
2772,val,20200,26349.43605053959,-6149.436050539589
2557,val,12000,13866.22148742067,-1866.2214874206693
127,val,8000,6557.42151777945,1442.5784822205496
1930,val,18000,22089.41614116622,-4089.4161411662208
654,val,18000,55248.16739961965,-37248.16739961965
2505,val,35000,11310.035054923925,23689.964945076077
4186,val,20000,19642.006191290624,357.993808709376
1429,val,60000,41819.12076523392,18180.87923476608
4721,val,8000,10410.231870065934,-2410.2318700659343
443,val,5500,5447.711720084167,52.2882799158333
4646,val,10000,11100.152870944701,-1100.1528709447011
2394,val,260000,155238.40755874163,104761.59244125837
1145,val,50000,31177.92342157056,18822.07657842944
4128,val,22000,18482.777538696184,3517.222461303816
1583,val,19000,17234.9779795225,1765.0220204774996
3414,val,12500,7425.916912964638,5074.083087035362
4392,val,21000,18210.96891635889,2789.0310836411118
2015,val,5000,6447.591876860531,-1447.5918768605306
978,val,40000,49479.10313181955,-9479.103131819553
4430,val,22000,20958.91093562493,1041.0890643750718
3186,val,14000,16336.151669750943,-2336.1516697509433
1729,val,6500,8505.485385391696,-2005.4853853916957
275,val,30000,14817.756895550088,15182.243104449912
1113,val,70000,74807.01380459726,-4807.013804597256
3535,val,12000,12026.59863220976,-26.59863220975967
2945,val,5000,7196.999968576355,-2196.999968576355
117,val,7000,6274.924107711196,725.0758922888044
671,val,65000,69807.59696377284,-4807.596963772841
3315,val,7000,5803.570019721915,1196.4299802780852
574,val,55000,58696.92317911782,-3696.923179117817
3406,val,7500,10584.524707000477,-3084.524707000477
3096,val,15000,46635.991734684125,-31635.991734684125
2888,val,20000,15068.816929526367,4931.183070473633
1436,val,80000,38471.245518995434,41528.754481004566
3177,val,7500,10070.066933923647,-2570.0669339236465
647,val,53000,52754.698220214654,245.3017797853463
2244,val,17000,16300.256336831892,699.7436631681085
2078,val,4000,5998.091317249427,-1998.0913172494274
1932,val,10000,13188.055773353331,-3188.0557733533315
175,val,5500,8044.7369168160385,-2544.7369168160385
1137,val,32000,47065.595058262494,-15065.595058262494
1356,val,74999,49323.69907605921,25675.30092394079
13,val,5500,6533.801613248585,-1033.8016132485855
915,val,10000,15927.788196677875,-5927.788196677875
3922,val,9000,14545.366843481488,-5545.366843481488
3943,val,14000,18423.462337211153,-4423.462337211153
234,val,4500,5818.399473335076,-1318.3994733350764
1343,val,80000,184686.87797510793,-104686.87797510793
3167,val,16000,11913.072227815035,4086.927772184965
1850,val,8900,20944.08822552999,-12044.088225529991
3122,val,12500,13348.814506644025,-848.8145066440247
3678,val,23000,24072.938008982328,-1072.938008982328
236,val,4500,4524.653300561332,-24.65330056133189
4191,val,9000,9094.232409145274,-94.23240914527378
1824,val,16500,23368.003141852558,-6868.003141852558
2938,val,25000,22492.122748363083,2507.877251636917
3710,val,22000,19555.037623078304,2444.962376921696
4595,val,12000,8864.902963892622,3135.097036107378
2222,val,22000,41001.34194621709,-19001.341946217093
3569,val,9000,10318.465830476964,-1318.4658304769637
149,val,20000,12358.920925933397,7641.079074066603
4020,val,25000,27355.079896077994,-2355.079896077994
4598,val,10000,7502.481585949519,2497.5184140504807
3132,val,15000,10342.764553630992,4657.235446369008
2458,val,5500,10188.812712895728,-4688.812712895728
383,val,10000,12027.253778509004,-2027.2537785090044
4185,val,16000,12621.562898602595,3378.437101397405
4731,val,12000,12241.893476470892,-241.89347647089198
3320,val,18000,15183.300199332076,2816.699800667924
4592,val,12000,14565.116956177091,-2565.116956177091
3346,val,9000,11883.789155535662,-2883.789155535662
1808,val,70000,7220.430739944579,62779.56926005542
2013,val,25500,41641.34065449259,-16141.34065449259
3065,val,15000,17284.070457780534,-2284.0704577805336
737,val,22000,29588.080333204693,-7588.080333204693
1757,val,7000,6712.298568242341,287.7014317576586
803,val,50000,101828.0645619713,-51828.0645619713
1226,val,15000,27394.01173518251,-12394.01173518251
3879,val,11000,13035.604870937786,-2035.6048709377865
1580,val,15000,11515.704405519902,3484.295594480098
3780,val,13000,17285.20098003921,-4285.200980039212
2353,val,22000,14317.667507174941,7682.332492825059
4247,val,8500,10128.959233958578,-1628.959233958578
4594,val,30000,22879.768740427546,7120.231259572454
1265,val,65000,71074.73097618224,-6074.73097618224
4364,val,28000,20801.201928791186,7198.798071208814
3393,val,13000,10982.519883326377,2017.4801166736233
4166,val,14000,20189.019548963566,-6189.019548963566
118,val,3900,4613.597626453472,-713.597626453472
725,val,600000,321103.83533008565,278896.16466991435
2129,val,13000,16342.577565490186,-3342.5775654901863
1791,val,8000,8208.031951520916,-208.03195152091575
1426,val,47000,38187.48532117511,8812.51467882489
521,val,18000,12869.319106135445,5130.680893864555
3952,val,12500,13582.497999145678,-1082.4979991456785
583,val,28000,32689.227710562227,-4689.227710562227
361,val,8000,6053.546333624897,1946.4536663751032
1602,val,15000,23153.603118211075,-8153.603118211075
3647,val,600000,12948.879672491985,587051.120327508
4718,val,30000,34202.1754006859,-4202.175400685897
95,val,5000,5546.127686738859,-546.1276867388588
4394,val,10000,11801.969972821098,-1801.969972821098
956,val,40000,32291.72952429839,7708.270475701611
1894,val,18000,23249.84828342479,-5249.848283424792
1727,val,15000,12343.84084836531,2656.1591516346907
228,val,14000,12940.112036044231,1059.887963955769
1944,val,6000,7261.228321270981,-1261.2283212709808
1402,val,32000,32896.908693123594,-896.9086931235943
1743,val,20000,15621.805613930619,4378.194386069381
2669,val,55000,33431.395238585086,21568.604761414914
4555,val,15000,16358.306667719113,-1358.3066677191127
2332,val,6000,7606.220156628946,-1606.220156628946
1721,val,22000,34415.721083396646,-12415.721083396646
3229,val,25000,28492.156010780283,-3492.1560107802834
3692,val,8500,10635.315351782172,-2135.315351782172
4078,val,35000,25083.64778597805,9916.35221402195
934,val,310000,291378.4474529402,18621.55254705978
3976,val,45000,18431.174040217622,26568.825959782378
4129,val,15000,12697.366911196083,2302.6330888039174
4433,val,15000,21009.621051065325,-6009.621051065325
1117,val,150000,151605.41449628572,-1605.4144962857245
3995,val,130000,9575.175936051905,120424.8240639481
185,val,8000,9622.027391724241,-1622.0273917242412
489,val,8000,6168.967633854547,1831.0323661454531
560,val,44000,60320.13927195812,-16320.13927195812
868,val,45000,44891.59515697637,108.40484302362893
2145,val,25000,13920.94169465461,11079.05830534539
1713,val,20000,18585.549395515638,1414.450604484362
3681,val,15000,10492.664131519616,4507.335868480384
3552,val,10000,6210.814318754698,3789.1856812453016
1902,val,8000,19459.80211379908,-11459.80211379908
2388,val,9000,9743.348272669049,-743.348272669049
3108,val,15000,10003.633733889994,4996.366266110006
3745,val,8500,17976.508967151454,-9476.508967151454
130,val,4500,6790.286427364526,-2290.2864273645264
2559,val,10000,16157.271292835276,-6157.271292835276
3230,val,9000,11932.044932788613,-2932.0449327886126
4550,val,21000,15154.111432335312,5845.888567664688
2138,val,5000,5295.74480823966,-295.7448082396604
1752,val,16000,22594.468168640775,-6594.468168640775
3345,val,20000,25760.825024351438,-5760.825024351438
1931,val,120000,146549.68462225748,-26549.684622257482
1573,val,10500,11821.138511904832,-1321.1385119048318
171,val,9000,9245.051849690153,-245.05184969015318
3027,val,12000,7187.688877912213,4812.311122087787
1637,val,10000,14065.358488337519,-4065.358488337519
2848,val,350000,93537.31609054812,256462.68390945188
3821,val,19000,14670.69329419151,4329.306705808491
2753,val,18000,13897.324021931894,4102.675978068106
3727,val,25000,16216.789268460006,8783.210731539994
4427,val,10000,9957.918083054652,42.081916945347984
3737,val,3500,4954.283013427486,-1454.2830134274864
3302,val,10000,17246.38119489427,-7246.381194894271
3557,val,18000,18461.53183198502,-461.5318319850194
2835,val,18000,19667.092909750223,-1667.092909750223
1381,val,45000,57138.74866297258,-12138.748662972583
534,val,32000,32352.62467675999,-352.6246767599914
3086,val,10000,9786.523073510598,213.4769264894021
1910,val,12000,23814.66957216186,-11814.66957216186
4333,val,10000,18132.097279972997,-8132.097279972997
2043,val,21000,24581.870451734165,-3581.870451734165
3303,val,20000,14984.535640513493,5015.4643594865065
1214,val,40000,24001.460626394997,15998.539373605003
374,val,6200,7317.337156672072,-1117.3371566720716
1055,val,35000,20358.60002285505,14641.399977144949
3255,val,20000,29218.841155969225,-9218.841155969225
1907,val,11000,6803.964983800081,4196.035016199919
100,val,22000,36651.01991332811,-14651.019913328113
3201,val,60000,47868.91329277209,12131.086707227907
2425,val,18000,13617.966207899977,4382.033792100023
255,val,5300,7007.152533722284,-1707.1525337222838
1798,val,30000,82805.28292238679,-52805.28292238679
3961,val,7000,8684.68209353193,-1684.6820935319301
828,val,130000,138063.83430797126,-8063.834307971265
1610,val,7500,7846.923654879686,-346.9236548796862
1647,val,8500,14821.083447608957,-6321.083447608957
1672,val,18000,13708.29867036846,4291.70132963154
1726,val,7000,6552.497809037824,447.5021909621764
4450,val,30000,24242.558590813755,5757.441409186245
606,val,170000,149885.74972820078,20114.250271799217
2969,val,9000,7588.583787613208,1411.4162123867918
1632,val,20000,7370.829218664142,12629.170781335859
2882,val,15000,13240.303458348373,1759.6965416516268
4203,val,7000,8795.270975560426,-1795.2709755604265
4666,val,15000,22823.476025633023,-7823.476025633023
1209,val,80000,67154.90038151656,12845.099618483437
3282,val,16500,25763.447216027118,-9263.447216027118
3911,val,12000,19252.2420560812,-7252.242056081199
3482,val,13000,14329.65660778933,-1329.6566077893294
2074,val,11500,8803.614751133695,2696.385248866305
1835,val,16000,16763.589488255977,-763.5894882559769
4299,val,15500,19586.166794526318,-4086.166794526318
1123,val,80000,33814.68444773322,46185.31555226678
3306,val,11000,9402.60429315789,1597.3957068421096
2240,val,13500,10634.770172513687,2865.2298274863133
1178,val,57000,46396.30559711533,10603.69440288467
1314,val,14500,19077.724978947062,-4577.7249789470625
1981,val,75000,76597.73346153327,-1597.7334615332657
4124,val,10000,9049.650950815834,950.3490491841658
3754,val,7000,12975.596756062318,-5975.596756062318
70,val,7500,5452.54557965439,2047.4544203456098
1918,val,6000,9820.614823168842,-3820.614823168842
896,val,180000,190367.9806287826,-10367.980628782592
3430,val,14000,12750.824422903337,1249.175577096663
1157,val,300000,295454.93574476603,4545.0642552339705
4202,val,13000,10605.006603289294,2394.9933967107063
3684,val,11000,7765.680167521352,3234.319832478648
4161,val,9500,10097.274688522615,-597.2746885226152
577,val,85000,41557.539164457456,43442.460835542544
3503,val,17000,14365.666921834203,2634.333078165797
690,val,18000,17493.274216946105,506.7257830538947
2962,val,17000,13168.786939184063,3831.213060815937
3412,val,30000,19914.888016607292,10085.111983392708
2741,val,30000,21342.612531086157,8657.387468913843
416,val,6500,7224.031840149817,-724.0318401498171
555,val,190000,267348.04092897224,-77348.04092897224
3131,val,22000,15454.71034270282,6545.28965729718
3667,val,20000,13410.030137737549,6589.969862262451
1013,val,35000,36773.69647247058,-1773.696472470583
2979,val,6500,13334.38962751975,-6834.389627519749
4521,val,55000,51197.67778968562,3802.322210314378
1422,val,70000,37133.60040739435,32866.39959260565
4537,val,67000,54200.51365233464,12799.486347665363
3581,val,13000,11627.778649216745,1372.2213507832548
4090,val,12000,9182.150805356912,2817.8491946430877
1657,val,6900,6849.839804624331,50.16019537566899
71,val,16000,13357.108189260887,2642.8918107391128
4336,val,15000,31500.6717539949,-16500.6717539949
3580,val,6000,7449.300846875801,-1449.3008468758007
1101,val,33000,20327.632450632733,12672.367549367267
3512,val,7500,6103.685480844342,1396.3145191556578
1802,val,30000,41095.71817530214,-11095.718175302143
481,val,10000,8098.176487038962,1901.8235129610384
3923,val,12000,10689.17963431281,1310.8203656871901
1368,val,15000,22465.465858939548,-7465.465858939548
1970,val,30000,30504.550673290196,-504.55067329019585
2028,val,10500,12393.361689443911,-1893.361689443911
1393,val,60000,65308.33516379439,-5308.335163794392
4527,val,22000,21729.27666545247,270.7233345475288
2827,val,18000,23458.784437817696,-5458.784437817696
3623,val,17000,12167.75108950691,4832.24891049309
2374,val,11000,12777.239286774759,-1777.2392867747585
1460,val,17000,22664.3105481612,-5664.3105481612
4612,val,11000,13685.192927499165,-2685.1929274991653
4009,test,38000,42547.43047257636,-4547.430472576358
3431,test,18000,14050.037370979824,3949.962629020176
3613,test,100000,144288.57173890562,-44288.57173890562
1455,test,700000,513116.4806834605,186883.51931653952
4349,test,15500,12961.621053952058,2538.378946047942
1004,test,35000,17027.661433501074,17972.338566498926
3898,test,9000,10876.100132025116,-1876.1001320251162
2060,test,25000,34277.513846471295,-9277.513846471295
3677,test,11000,9766.60618014267,1233.3938198573305
3204,test,23999,18913.598755046733,5085.401244953267
608,test,41000,47987.175696920065,-6987.175696920065
1098,test,53000,78578.88025242816,-25578.880252428164
3165,test,7500,8610.117607142387,-1110.117607142387
3819,test,10000,14762.256422222757,-4762.2564222227575
435,test,5500,6622.2139255056,-1122.2139255056
848,test,50000,22657.914276378066,27342.085723621934
531,test,22000,26911.074437339077,-4911.074437339077
3153,test,15000,7939.852534442875,7060.147465557125
4712,test,5500,5507.243715039733,-7.243715039732706
4101,test,12000,18862.49914147139,-6862.499141471391
3082,test,15000,30123.48113457719,-15123.481134577189
2896,test,25000,19564.059566579203,5435.9404334207975
145,test,7000,9967.718682009514,-2967.718682009514
2025,test,35000,19258.477840144264,15741.522159855736
700,test,120000,88342.49222732184,31657.50777267816
2794,test,8500,11109.139414941728,-2609.1394149417283
2327,test,42000,28937.953074180885,13062.046925819115
632,test,65000,61008.44332431494,3991.5566756850603
150,test,7000,8886.024426510627,-1886.0244265106267
3152,test,5700,6429.165981235148,-729.1659812351481
3026,test,8900,5917.596484962346,2982.403515037654
3805,test,10000,9923.979619736394,76.02038026360606
2441,test,16500,16519.353000505227,-19.3530005052271
694,test,26000,21592.339827146716,4407.660172853284
1814,test,11000,15517.800538048632,-4517.800538048632
2062,test,11000,12104.874421753933,-1104.8744217539333
928,test,110000,76031.87973848327,33968.12026151673
485,test,7000,9964.568511569765,-2964.568511569765
2290,test,5000,6440.392399768712,-1440.3923997687116
1043,test,130000,61084.51791315903,68915.48208684097
2614,test,16000,11381.360220858109,4618.639779141891
3889,test,22000,16952.204355004153,5047.795644995847
2763,test,35000,37765.074126950145,-2765.074126950145
3555,test,5000,6053.42136633775,-1053.4213663377504
3811,test,32000,35863.92868961497,-3863.9286896149715
959,test,24000,14073.076000573235,9926.923999426765
279,test,4500,8558.716775272067,-4058.716775272067
1360,test,32000,25071.61447347206,6928.385526527942
4381,test,10000,15817.455049903043,-5817.455049903043
676,test,20000,17577.293084368328,2422.706915631672
735,test,55000,58986.111261539234,-3986.111261539234
2042,test,7000,9413.03245979306,-2413.0324597930594
2550,test,5000,7677.080465126991,-2677.080465126991
4606,test,25000,22850.625613572705,2149.3743864272947
2359,test,5000,7483.466078350044,-2483.466078350044
627,test,40000,38713.276258528,1286.7237414720003
3652,test,7000,7459.026526893093,-459.02652689309343
31,test,15000,17345.713082210714,-2345.7130822107138
4091,test,5300,6163.381398987953,-863.3813989879527
2321,test,4000,10361.296796878209,-6361.296796878209
3439,test,15000,10725.250134854206,4274.749865145794
1942,test,12000,12455.203607809739,-455.20360780973897
1575,test,32000,20205.780839298524,11794.219160701476
2890,test,15000,14737.480549795684,262.51945020431594
3134,test,5000,4669.113779137914,330.8862208620858
2219,test,10000,7407.902602422434,2592.097397577566
887,test,230000,219947.97468885282,10052.025311147183
672,test,160000,66527.17028705096,93472.82971294904
2272,test,17000,18060.172524401358,-1060.1725244013578
422,test,12000,8158.68377641648,3841.31622358352
1318,test,55000,48453.12142045863,6546.878579541371
1331,test,55000,57082.308964607866,-2082.308964607866
174,test,9000,22675.30980650991,-13675.309806509911
182,test,12000,49099.62743061778,-37099.62743061778
2940,test,24500,25053.315457616205,-553.3154576162051
2183,test,90000,14521.309525517288,75478.69047448272
502,test,3700,7378.994686314512,-3678.9946863145124
2426,test,11500,10164.292269739926,1335.7077302600737
4365,test,57000,44392.56615524483,12607.43384475517
1060,test,35000,42137.30841095869,-7137.308410958693
184,test,12000,15745.668197959503,-3745.6681979595032
3166,test,30000,33595.61555218382,-3595.6155521838227
714,test,32000,38434.39030935372,-6434.390309353723
2663,test,37000,41563.444201757855,-4563.444201757855
4604,test,15000,17248.332726307395,-2248.332726307395
571,test,57000,60795.997453807846,-3795.997453807846
587,test,32000,26976.766785180804,5023.233214819196
272,test,6000,4175.227712519442,1824.7722874805577
4507,test,16000,12560.053023071161,3439.946976928839
203,test,5000,6561.192178990257,-1561.1921789902572
2436,test,90000,80861.32302772865,9138.67697227135
3772,test,14000,10705.85757188617,3294.1424281138297
1349,test,78000,74646.19075688855,3353.809243111449
243,test,7000,13162.007430003874,-6162.007430003874
3809,test,18500,18351.729291207634,148.27070879236635
155,test,10000,9103.380745592149,896.6192544078513
3164,test,15000,17862.692477707154,-2862.6924777071545
590,test,150000,148418.25388497286,1581.746115027141
4657,test,9000,6524.459509511132,2475.5404904888683
805,test,42000,21093.095958394282,20906.904041605718
1913,test,6000,7123.237320337073,-1123.2373203370726
1627,test,20000,23834.839220022735,-3834.8392200227354
4210,test,15000,18415.68319408136,-3415.683194081361
1321,test,90000,71097.4162521546,18902.583747845405
2393,test,20000,7934.633328345828,12065.366671654172
3021,test,14000,14333.264859639507,-333.26485963950654
4140,test,17000,14199.48775205708,2800.512247942919
3355,test,10000,5349.49173454049,4650.50826545951
2438,test,25000,16441.250057608126,8558.749942391874
1044,test,40000,54042.0872387841,-14042.087238784101
2484,test,8500,9382.049613910647,-882.0496139106472
1020,test,75000,94743.85456712719,-19743.854567127186
4403,test,8500,9969.195813458793,-1469.195813458793
3382,test,8500,7451.283147074818,1048.7168529251821
2186,test,22000,20252.391378293614,1747.6086217063857
4609,test,7500,5658.706000870968,1841.2939991290323
1173,test,60000,41647.211618778754,18352.788381221246
4423,test,10000,9922.135272115816,77.8647278841836
93,test,6000,3884.7408807904912,2115.2591192095088
3148,test,18000,17764.877625982757,235.1223740172427
1352,test,90000,62492.77056275532,27507.229437244678
1011,test,26000,34764.04601215165,-8764.046012151652
266,test,6000,10137.400383415485,-4137.400383415485
1242,test,35000,37976.13166087284,-2976.1316608728375
363,test,5000,6513.08022065446,-1513.0802206544604
3597,test,14500,17173.14865904876,-2673.1486590487584
4097,test,22000,21581.409675781968,418.59032421803204
4459,test,10000,11489.55552064801,-1489.5555206480094
2356,test,24000,25693.983730010208,-1693.983730010208
2589,test,100000,55843.0768804259,44156.9231195741
3123,test,90000,94267.41199764183,-4267.41199764183
3600,test,9000,10986.607771084575,-1986.6077710845748
2791,test,14000,14846.440426304056,-846.440426304056
579,test,80000,64311.21805409222,15688.78194590778
1138,test,17000,16202.535501971299,797.4644980287012
1154,test,95000,105704.65644466323,-10704.656444663226
701,test,400000,278278.74656254513,121721.25343745487
669,test,65000,64389.30429861359,610.6957013864085
3252,test,13500,14795.311803744587,-1295.3118037445875
1001,test,45000,46650.16220607858,-1650.1622060785812
1322,test,43000,56632.94621220126,-13632.946212201263
618,test,80000,73316.74746660482,6683.252533395178
1867,test,8500,10677.918291604281,-2177.918291604281
4027,test,15000,10039.2011930693,4960.798806930699
3615,test,7500,7646.2206850701,-146.22068507010044
3813,test,7000,8637.64364057238,-1637.6436405723798
4496,test,10000,9759.867695788931,240.1323042110689
767,test,130000,154123.65041685198,-24123.650416851975
3403,test,10000,13654.742023611145,-3654.7420236111448
4549,test,11000,13432.136599610347,-2432.136599610347
2847,test,17000,14506.220132217917,2493.779867782083
4479,test,15000,13142.441724061053,1857.5582759389472
4209,test,26000,30643.653253089353,-4643.653253089353
629,test,38000,34236.21542557644,3763.78457442356
4322,test,7500,10837.77080154855,-3337.7708015485496
2391,test,12000,10685.878930420105,1314.1210695798945
304,test,8000,7225.507667741397,774.4923322586028
3260,test,25000,26297.828465512994,-1297.8284655129937
4560,test,13000,8604.28096735485,4395.719032645149
2916,test,17500,15537.996692625742,1962.003307374258
3063,test,11000,12072.571691123314,-1072.571691123314
3642,test,13000,10566.783610701328,2433.216389298672
1140,test,290000,145722.17300018517,144277.82699981483
4204,test,12000,20719.31026123156,-8719.31026123156
3214,test,25000,9388.64900351261,15611.35099648739
2279,test,11500,7278.547642218837,4221.452357781163
4217,test,8500,8206.411898359534,293.58810164046554
2654,test,16000,12147.678629719954,3852.321370280046
3240,test,16000,11549.632221039414,4450.367778960586
252,test,10000,15196.953189265118,-5196.9531892651175
970,test,51500,104340.87709123657,-52840.87709123657
3743,test,10000,13273.805065200593,-3273.805065200593
3124,test,14000,11442.197749422705,2557.802250577295
448,test,5200,3806.070353126229,1393.9296468737712
173,test,18000,9503.894187503192,8496.105812496808
3874,test,48000,34268.081394438675,13731.918605561325
132,test,16000,10979.70451120966,5020.29548879034
1369,test,22000,31274.51606519766,-9274.516065197658
707,test,60000,66419.26472480594,-6419.264724805937
3755,test,6500,6269.447340345367,230.55265965463332
683,test,47000,45485.1640944383,1514.8359055616966
986,test,150000,224714.66473551182,-74714.66473551182
3827,test,35000,33782.28773547023,1217.7122645297713
4434,test,6500,6404.153869957887,95.84613004211315
3107,test,15000,12779.428482967516,2220.571517032484
729,test,23000,28068.223601440906,-5068.223601440906
4382,test,18000,18143.96666053304,-143.96666053303852
691,test,7500,15643.843169648017,-8143.843169648017
899,test,36000,39207.92999171733,-3207.9299917173266
1282,test,25000,31094.932709393725,-6094.9327093937245
3621,test,15000,13239.837500392423,1760.162499607577
2963,test,15000,29820.250931227627,-14820.250931227627
773,test,40000,15610.434726887248,24389.565273112752
2318,test,20000,21729.059148812757,-1729.0591488127575
2372,test,18000,22237.315563727214,-4237.315563727214
3830,test,35000,52129.1697021896,-17129.169702189603
1901,test,20000,16562.76771459871,3437.232285401289
3078,test,10000,8738.499321933916,1261.5006780660842
4075,test,6500,6309.379541589456,190.62045841054442
778,test,25000,25759.656825619208,-759.6568256192077
2001,test,19000,13153.64326116986,5846.35673883014
2653,test,17000,22461.549044724637,-5461.5490447246375
103,test,25000,22635.6236636915,2364.376336308502
3105,test,16000,13753.571282533207,2246.4287174667934
1087,test,65000,44010.88179336107,20989.11820663893
1997,test,10000,11509.005688945828,-1509.0056889458283
3887,test,10000,10010.941588031019,-10.94158803101891
1706,test,12000,11813.501391826761,186.4986081732386
3487,test,17000,17925.99639362429,-925.9963936242893
3707,test,22000,25637.399131792004,-3637.3991317920045
17,test,10000,8415.797614535333,1584.2023854646668
564,test,43000,87884.04829307015,-44884.048293070155
2838,test,75000,97832.55372380058,-22832.553723800578
763,test,80000,72951.8164055761,7048.183594423899
2088,test,16000,16755.94807712135,-755.9480771213493
3640,test,16000,14580.077097511376,1419.9229024886245
3695,test,7000,6963.279683586685,36.72031641331523
1585,test,48000,65984.3342424585,-17984.3342424585
3644,test,15000,18200.23026641864,-3200.230266418639
1034,test,75000,93515.42684984191,-18515.42684984191
4603,test,17000,15782.177523223596,1217.822476776404
4037,test,18000,18821.823488149657,-821.8234881496574
3753,test,37500,43638.642215647225,-6138.642215647225
851,test,8000,64318.98176180804,-56318.98176180804
366,test,8000,11380.18564389224,-3380.1856438922405
239,test,5000,4576.647178381211,423.35282161878877
412,test,36125,23858.16321382409,12266.83678617591
56,test,6000,8762.358982249614,-2762.358982249614
607,test,20000,50154.34870551097,-30154.348705510973
3726,test,9500,11997.74813938052,-2497.748139380519
4593,test,8000,11453.586794448896,-3453.5867944488964
1493,test,10500,15868.321623539832,-5368.321623539832
2659,test,29000,44358.53446564737,-15358.534465647368
1474,test,38000,47257.95414975294,-9257.954149752943
176,test,7500,7317.337156672058,182.66284332794203
3018,test,18000,13658.350707074922,4341.649292925078
2452,test,12000,8147.332323100531,3852.6676768994694
3538,test,15000,11070.550902831586,3929.4490971684136
2414,test,9000,15200.694252780833,-6200.694252780833
932,test,70000,64299.582251273285,5700.417748726715
1694,test,17000,15058.76513181603,1941.2348681839703
1663,test,18000,11628.91261386602,6371.0873861339805
526,test,75000,63001.22666576708,11998.773334232923
4197,test,12000,13816.425586419802,-1816.4255864198021
2701,test,22000,27517.042771476335,-5517.0427714763355
2345,test,18000,17760.86225011573,239.1377498842703
2471,test,28000,17438.724339308697,10561.275660691303
1253,test,63000,65050.88180184347,-2050.8818018434686
4095,test,20000,26058.380930171832,-6058.380930171832
65,test,8000,10963.51268362176,-2963.5126836217605
2865,test,32000,26595.231744347777,5404.768255652223
2149,test,15000,7372.945471230778,7627.054528769222
1765,test,10000,12690.558933865663,-2690.5589338656628
3939,test,9000,12047.772526847783,-3047.7725268477825
4200,test,32000,38418.381145471714,-6418.381145471714
4629,test,8000,8680.056961176606,-680.0569611766059
4031,test,8500,11618.663537098324,-3118.663537098324
186,test,18000,9566.464114895343,8433.535885104657
1568,test,4000,6931.194544939106,-2931.194544939106
4010,test,20000,25259.60102989182,-5259.601029891819
1064,test,28000,32593.591112689814,-4593.591112689814
990,test,150000,136660.86903168878,13339.13096831122
573,test,57000,40160.7891111673,16839.2108888327
2876,test,10000,6105.0531844592,3894.9468155408003
2706,test,18000,13403.179639022757,4596.820360977243
3418,test,45000,75020.05318447288,-30020.053184472883
2946,test,5000,10739.369390630613,-5739.3693906306125
1763,test,11000,7060.631518984839,3939.368481015161
106,test,14000,10154.189066977657,3845.8109330223433
3859,test,75000,32545.866018226538,42454.13398177346
248,test,3200,10902.199800943461,-7702.199800943461
796,test,35000,35809.36491678394,-809.3649167839394
4655,test,13000,14253.740206976687,-1253.7402069766867
3103,test,50000,48317.85970054897,1682.140299451028
4261,test,6500,10263.08439977942,-3763.08439977942
4252,test,20000,16031.915376644896,3968.0846233551038
3070,test,15000,17141.190918792112,-2141.190918792112
3971,test,20000,15608.423344551187,4391.576655448813
356,test,13000,14094.115503522627,-1094.1155035226275
4402,test,22000,22643.708444572992,-643.7084445729924
3909,test,8000,11172.933585411445,-3172.933585411445
4451,test,6500,6974.216654921435,-474.2166549214353
517,test,45000,14330.9428576111,30669.057142388898
2080,test,24000,17070.314748775312,6929.685251224688
1274,test,85000,64307.35737967167,20692.642620328334
3626,test,10500,13244.970503718134,-2744.970503718134
1006,test,15000,18409.315157325407,-3409.315157325407
4223,test,55000,49974.52076681344,5025.479233186561
609,test,65000,57289.00597250514,7710.99402749486
1780,test,30000,21045.598442395098,8954.401557604902
3159,test,8000,12760.829974595146,-4760.829974595146
2834,test,68000,45308.677424861475,22691.322575138525
1756,test,14000,21343.538872117,-7343.538872116998
2102,test,15000,13208.474995245244,1791.525004754756
2839,test,110000,117111.7478178,-7111.747817800002
2014,test,6000,5988.701703723821,11.298296276178917
1022,test,140000,77311.30357219072,62688.69642780928
269,test,8000,10853.11376799975,-2853.11376799975
1254,test,7500,17010.403957728886,-9510.403957728886
2179,test,13500,16948.303881521137,-3448.3038815211366
2570,test,12000,13101.915756878592,-1101.9157568785922
148,test,5500,8145.38408415962,-2645.38408415962
696,test,40000,48809.08269023963,-8809.08269023963
4119,test,9000,11286.587500675627,-2286.587500675627
4286,test,10000,9201.06904788599,798.9309521140094
4267,test,20000,18796.089455654765,1203.9105443452354
2514,test,7000,7488.331015474641,-488.3310154746414
1119,test,300000,299629.35822709295,370.64177290705265
41,test,12000,18316.8121912171,-6316.812191217101
3104,test,8000,7186.763860210407,813.2361397895929
3590,test,22000,12117.138922229127,9882.861077770873
316,test,8000,6569.329739179473,1430.670260820527
1053,test,14000,24358.711251705303,-10358.711251705303
886,test,17000,37479.60399988641,-20479.603999886407
2334,test,54000,81733.84530767868,-27733.845307678683
4343,test,8500,12564.756799112834,-4064.7567991128344
4465,test,45000,44207.151208011375,792.8487919886247
1702,test,16000,12290.71752689155,3709.2824731084493
3990,test,14000,16505.05998891544,-2505.05998891544
539,test,85000,71665.00745290134,13334.992547098664
340,test,8500,11631.963794278301,-3131.963794278301
477,test,22000,16408.76887756497,5591.231122435031
3099,test,6800,6902.938146686912,-102.93814668691175
3185,test,12000,6988.542098338063,5011.457901661937
1875,test,7000,6576.258966774162,423.7410332258378
2204,test,8000,11272.951334523403,-3272.9513345234027
1327,test,34999,32426.886374385474,2572.1136256145255
1550,test,30000,18285.00523790902,11714.99476209098
946,test,11000,15901.547253721124,-4901.547253721124
3881,test,7500,11449.92247704646,-3949.9224770464607
1714,test,380000,134672.81678767106,245327.18321232894
1359,test,22000,16704.082092175588,5295.917907824412
267,test,15000,8481.589927977277,6518.410072022723
4046,test,22000,28056.86278852288,-6056.862788522882
2495,test,7500,7820.2787972505075,-320.2787972505075
3587,test,7000,12877.756897083522,-5877.756897083522
1264,test,53000,24321.29909784394,28678.70090215606
0,test,10000,10162.226324959056,-162.226324959056
1885,test,17000,14466.81161879845,2533.1883812015494
2365,test,10000,13920.217409948504,-3920.2174099485037
3407,test,14000,14030.238879367305,-30.238879367305344
4011,test,15000,20838.189073172438,-5838.189073172438
2527,test,12000,15851.731652602126,-3851.731652602126
1071,test,24000,20130.51694483088,3869.4830551691193
4236,test,13000,11558.760598028577,1441.239401971423
2995,test,40000,27997.743571761857,12002.256428238143
57,test,6000,13268.422955827546,-7268.422955827546
1524,test,16000,12454.972777006577,3545.0272229934235
4332,test,21000,18822.349875089596,2177.650124910404
1434,test,250000,276031.8774573574,-26031.87745735742
2686,test,33000,18436.199944889602,14563.800055110398
1675,test,25000,17659.344965490316,7340.655034509684
3550,test,10000,12722.994259078816,-2722.994259078816
3899,test,35000,27462.67679321347,7537.323206786528
225,test,3500,8001.994745185242,-4501.994745185242
3736,test,10000,29469.148655294095,-19469.148655294095
2258,test,15000,11125.44798950321,3874.552010496791
4222,test,10000,12099.582680993399,-2099.5826809933988
2083,test,62000,34436.160545378356,27563.839454621644
3628,test,10000,15414.673273079019,-5414.673273079019
3465,test,12000,10341.261085027558,1658.7389149724422
3424,test,7000,8054.429771685791,-1054.429771685791
1479,test,50000,22612.399095612134,27387.600904387866
3703,test,12500,11035.606494325859,1464.3935056741411
2482,test,36000,26321.581520922813,9678.418479077187
2440,test,12000,15114.120748400119,-3114.120748400119
2673,test,5000,10267.922927453072,-5267.922927453072
1005,test,60000,40083.34086561142,19916.65913438858
699,test,140000,68545.63469856119,71454.36530143881
3650,test,30000,35538.45164722745,-5538.451647227448
3290,test,13000,10946.154811092829,2053.845188907171
1073,test,70000,71436.85692190162,-1436.8569219016208
2640,test,13000,22159.364112566782,-9159.364112566782
3001,test,20000,14027.0760300761,5972.923969923901
4498,test,15000,13829.99569060141,1170.0043093985896
3000,test,11000,10058.07746291998,941.9225370800195
1535,test,10000,10506.7140705381,-506.7140705381007
424,test,9000,17970.649533984903,-8970.649533984903
3693,test,100000,99140.09221537969,859.9077846203145
1255,test,30000,19018.687823433847,10981.312176566153
2774,test,21000,14592.453798309023,6407.546201690977
4532,test,19000,19284.25190869622,-284.2519086962202
3319,test,14000,11363.967089927633,2636.0329100723666
1358,test,45000,33074.793589857574,11925.206410142426
1058,test,11000,28718.56814418056,-17718.56814418056
3985,test,10000,9555.205734846792,444.79426515320847
2434,test,50000,48262.67726377484,1737.3227362251564
588,test,350000,558961.7699742633,-208961.76997426327
3071,test,21000,25220.980299310064,-4220.980299310064
1977,test,5000,8275.684778940573,-3275.684778940573
1665,test,14000,9226.737001113705,4773.2629988862955
4696,test,6000,9586.323088720108,-3586.323088720108
3614,test,14000,13377.159178297981,622.8408217020187
35,test,15000,10458.262397994034,4541.7376020059655
3843,test,12000,12304.074559988501,-304.0745599885013
2421,test,29000,16090.720898960399,12909.279101039601
2233,test,9000,7327.773883464609,1672.2261165353912
4624,test,6000,6336.015331723714,-336.01533172371364
112,test,20000,6194.174064937044,13805.825935062956
3937,test,5000,5359.455618046086,-359.4556180460859
2526,test,11000,11391.27879196589,-391.27879196588947
594,test,210000,151678.6960933449,58321.303906655114
877,test,48000,32687.86241087914,15312.137589120859
2904,test,3500,6432.641380397096,-2932.6413803970963
1611,test,9500,10398.440291311977,-898.4402913119775
2569,test,70000,41463.04125018714,28536.95874981286
3470,test,12000,16084.612181663246,-4084.612181663246
2917,test,14500,32314.69480014057,-17814.69480014057
4082,test,8500,8881.683416825948,-381.68341682594837
3045,test,33000,20002.75306610951,12997.246933890488
3766,test,11500,9325.313238239909,2174.686761760091
4107,test,15000,10848.827771404205,4151.172228595795
1911,test,21500,23896.037945156986,-2396.037945156986
4355,test,20000,20692.831760630193,-692.8317606301935
979,test,45000,64129.8654974245,-19129.8654974245
1513,test,25000,13698.45734364844,11301.54265635156
2109,test,10000,6644.914417038182,3355.0855829618176
4436,test,12000,13069.053356042747,-1069.0533560427466
1820,test,55000,56012.294897295345,-1012.2948972953454
126,test,8000,8618.535157839204,-618.5351578392037
4544,test,17000,22357.17664874549,-5357.176648745492
807,test,90000,139965.92442444738,-49965.92442444738
2325,test,8500,7810.9671538298835,689.0328461701165
3206,test,16000,14884.421787402722,1115.5782125972783
2349,test,4500,6980.513341016353,-2480.5133410163526
491,test,13000,12332.78914297375,667.2108570262499
3618,test,16500,11633.23359543931,4866.766404560691
1445,test,230000,269682.0460469301,-39682.046046930074
2587,test,32000,32008.571944657284,-8.571944657283893
1109,test,250000,269371.7416723927,-19371.7416723927
1778,test,6000,6393.386381320594,-393.3863813205944
2403,test,14000,19921.32856063729,-5921.328560637288
1017,test,250000,192901.55231131308,57098.44768868692
2957,test,12500,12592.846598980397,-92.84659898039718
2988,test,10500,13802.231312526057,-3302.231312526057
4062,test,22000,43523.52338533348,-21523.52338533348
3272,test,35000,27016.491211661312,7983.508788338688
3335,test,22000,23085.61147647216,-1085.6114764721606
2486,test,7500,7073.462730655916,426.53726934408405
3003,test,22000,44461.58889338612,-22461.58889338612
7,test,5000,5901.556975951301,-901.556975951301
4508,test,7500,10574.072680071718,-3074.0726800717184
4630,test,15000,10616.825341136966,4383.174658863034
3417,test,12000,11277.922858165028,722.0771418349723
3979,test,40000,22853.441774428036,17146.558225571964
4196,test,9500,9977.489225476287,-477.4892254762872
3546,test,10500,10607.651540457879,-107.65154045787858
3215,test,12000,11873.869714694083,126.13028530591691
4117,test,50000,50465.649362734584,-465.64936273458443
3861,test,10000,20666.545878906363,-10666.545878906363
1581,test,11400,18667.19989746901,-7267.1998974690105
3351,test,16000,16871.865008569814,-871.8650085698137
4002,test,35000,34915.89060378832,84.10939621167927
1229,test,62000,37099.55531825922,24900.44468174078
4178,test,9500,11401.77684286625,-1901.7768428662494
4158,test,22000,15003.35194515289,6996.64805484711
771,test,60000,45059.87917729192,14940.120822708079
945,test,28000,23007.523617536353,4992.476382463647
4570,test,13000,8755.327075269324,4244.672924730676
655,test,75000,80193.87988362924,-5193.879883629241
3094,test,12000,11669.294659876869,330.70534012313146
89,test,8500,11119.134278974763,-2619.134278974763
2680,test,30000,26875.511513733883,3124.4884862661165
1595,test,16000,8714.66383875107,7285.33616124893
3732,test,10000,16718.139676137893,-6718.139676137893
4323,test,13000,11000.416306256806,1999.583693743194
4173,test,20000,19046.37538711243,953.6246128875682
941,test,22000,17265.04919858038,4734.950801419622
3829,test,32000,22410.967117381042,9589.032882618958
889,test,8500,15824.169201191993,-7324.169201191993
2730,test,14000,8646.845061577658,5353.154938422342
1413,test,85000,120040.44003392743,-35040.44003392743
4553,test,6500,6499.449286145674,0.5507138543262045
2544,test,40000,40460.30381444574,-460.3038144457387
1556,test,16000,15273.412726680674,726.5872733193264
1495,test,17000,16613.929925163877,386.07007483612324
164,test,40000,20765.239178015137,19234.760821984863
1829,test,18000,9324.732228896739,8675.267771103261
1159,test,40000,43616.9238861472,-3616.9238861471968
2215,test,48000,40030.83363640868,7969.166363591321
3334,test,9500,13853.931037435834,-4353.931037435834
3062,test,12500,8993.282921598686,3506.717078401314
190,test,13000,12971.46322829731,28.536771702689293
4297,test,8000,6461.855681235525,1538.1443187644754
4220,test,14000,10908.165508886159,3091.834491113841
4491,test,10500,11063.629460005379,-563.6294600053789
3957,test,6000,9043.484916280677,-3043.4849162806768
4146,test,9000,10445.45763985614,-1445.4576398561403
33,test,5000,8932.71371032089,-3932.7137103208897
3270,test,16000,14733.05501330878,1266.94498669122
1972,test,15000,12609.540224659775,2390.459775340225
3738,test,8000,10755.59719401829,-2755.59719401829
2442,test,4500,5617.790603072193,-1117.7906030721933
1175,test,35000,35164.509140806236,-164.50914080623625
914,test,27000,26895.384838428017,104.61516157198275
2192,test,7500,8339.540497005228,-839.5404970052277
1220,test,46000,45151.43037234776,848.5696276522431
4341,test,60000,48920.11312818771,11079.88687181229
4356,test,12500,12386.348494025486,113.6515059745143
2682,test,13000,17682.73791974226,-4682.73791974226
1724,test,10500,10643.994034078103,-143.99403407810314
2650,test,190000,103864.49965273413,86135.50034726587
151,test,3500,5775.150118049709,-2275.150118049709
420,test,10000,7124.962628098655,2875.037371901345
4518,test,9000,9900.28894785612,-900.2889478561192
1874,test,15000,10957.110035518865,4042.8899644811354
136,test,5000,5928.335044437186,-928.3350444371863
3853,test,5000,6673.419759931481,-1673.4197599314812
3435,test,90000,68697.30759708422,21302.69240291578
3357,test,15000,10314.86528100023,4685.1347189997705
3038,test,35000,24855.937459134922,10144.062540865078
4008,test,15000,16495.836565944333,-1495.8365659443334
4710,test,25000,20685.274375917794,4314.725624082206
2580,test,27000,14268.378840780208,12731.621159219792
3757,test,34000,34806.0726427923,-806.0726427923
4574,test,13000,14945.83206235617,-1945.8320623561704
2524,test,12000,27228.17569686311,-15228.175696863109
1774,test,17000,16959.186583069884,40.813416930115636
389,test,10000,11032.779490498395,-1032.7794904983948
716,test,33000,32177.208619240206,822.7913807597943
2954,test,16500,13075.496447851423,3424.503552148577
3885,test,8200,7484.156222889865,715.8437771101353
721,test,100000,48563.07510020234,51436.92489979766
1194,test,25000,54305.83245133087,-29305.83245133087
1852,test,24000,20883.366311662518,3116.6336883374825
3869,test,75000,137646.895845396,-62646.89584539601
3084,test,24000,17796.109888738214,6203.890111261786
1534,test,30000,11536.298459323512,18463.701540676488
1999,test,24000,22163.259995695284,1836.7400043047164
3965,test,10500,11389.833744380063,-889.8337443800629
1819,test,7500,7776.331502985738,-276.33150298573764
1084,test,160000,94745.81307875997,65254.186921240034
1771,test,15000,15525.484074454851,-525.484074454851
3060,test,27000,28109.173993032273,-1109.1739930322728
4526,test,12500,10659.945693447262,1840.0543065527381
3375,test,7000,11524.975634359838,-4524.975634359838
1231,test,80000,72004.7627241451,7995.237275854903
2586,test,14000,11019.849828655206,2980.150171344794
1768,test,16000,15159.68330333738,840.3166966626195
202,test,15000,7851.212943051719,7148.787056948281
2862,test,14000,12906.329388922288,1093.6706110777122
47,test,12000,8035.6593143925065,3964.3406856074935
1365,test,350000,294735.14611569676,55264.853884303244
4226,test,27000,19242.321193379685,7757.678806620315
4072,test,25000,16847.07349881738,8152.926501182621
2958,test,14000,13083.87647846409,916.1235215359102
2688,test,70000,32176.573831154143,37823.42616884586
1279,test,52000,23875.966446170594,28124.033553829406
4509,test,35000,49638.37089975632,-14638.370899756323
1204,test,25000,16784.108055635,8215.891944365001
3655,test,10500,12722.508384222441,-2222.5083842224412
2167,test,18000,14398.376838619575,3601.623161380425
2931,test,7000,11501.434902782255,-4501.434902782255
3091,test,9000,7282.66270388298,1717.3372961170198
1900,test,25000,14202.58279750189,10797.41720249811
2146,test,17000,18358.022987516448,-1358.0229875164478
4590,test,15000,12404.954560415428,2595.045439584572
2982,test,15000,8291.072929469017,6708.927070530983
2602,test,29000,34409.040828931684,-5409.040828931684
528,test,60000,35215.47141456186,24784.528585438144
3136,test,15000,20142.53256281037,-5142.532562810371
1143,test,250000,300001.7593544279,-50001.75935442792
3199,test,70000,38485.03381941336,31514.96618058664
493,test,6000,5545.2226681523325,454.7773318476675
2176,test,16000,16204.641513925237,-204.64151392523672
4699,test,13000,13167.368156895232,-167.36815689523246
1471,test,54500,52931.29816380596,1568.7018361940427
2636,test,130000,130114.08102578425,-114.08102578425314
4183,test,12333,10158.049892802394,2174.9501071976065
2411,test,95000,78859.84954407148,16140.150455928524
1038,test,70000,67214.625500382,2785.374499618003
4164,test,15000,23236.05346570313,-8236.053465703131
4374,test,18000,11075.78462434575,6924.21537565425
2160,test,10000,8585.078258669959,1414.9217413300412
4682,test,20000,19648.993587983856,351.00641201614417
2174,test,10000,13667.520616246697,-3667.5206162466966
2312,test,85000,83889.10970122484,1110.8902987751644
3903,test,60000,34536.61687931613,25463.383120683873
2085,test,18000,16300.256336831892,1699.7436631681085
4535,test,18500,16141.31194107646,2358.6880589235407
1099,test,85000,67459.06460971084,17540.93539028916
1407,test,6500,23468.74547502922,-16968.74547502922
1179,test,130000,109708.8677764868,20291.132223513196
353,test,6500,5956.922385420695,543.0776145793052
741,test,320000,378972.0927930298,-58972.09279302979
4245,test,30000,25952.5011713689,4047.498828631102
1490,test,90000,92009.1866293322,-2009.1866293321946
264,test,8000,8710.8531653361,-710.8531653361006
2520,test,35000,9846.43099834722,25153.56900165278
4719,test,30000,38033.55938625729,-8033.559386257293
1846,test,12000,19332.45755187346,-7332.45755187346
611,test,85000,79568.18835690734,5431.81164309266
4620,test,20000,13256.0171743535,6743.982825646501
3245,test,20000,14886.388018273075,5113.611981726925
4523,test,35000,26638.974623304428,8361.025376695572
4006,test,12500,18504.21975631753,-6004.219756317529
3004,test,6000,13397.62233912754,-7397.62233912754
2029,test,8000,8273.585490516762,-273.58549051676164
2262,test,8000,9940.923468213678,-1940.9234682136776
572,test,27000,33746.249720381646,-6746.249720381646
1787,test,16500,14763.215857605132,1736.7841423948685
1547,test,7500,8910.640464079412,-1410.6404640794117
871,test,85000,75182.4894485834,9817.510551416606
1928,test,35000,18734.071160387983,16265.928839612017
4432,test,10000,11158.376436503162,-1158.376436503162
1924,test,6000,7970.641785176701,-1970.641785176701
456,test,9500,6949.595205151017,2550.4047948489833
3870,test,250000,201029.63467326673,48970.36532673327
4264,test,14000,15915.12997228493,-1915.1299722849308
329,test,3000,5011.979492885766,-2011.9794928857664
1786,test,17000,11643.42814359722,5356.571856402779
280,test,7000,6236.585860575512,763.414139424488
2095,test,26000,26407.2820604216,-407.28206042159945
2773,test,19500,15717.892107607411,3782.107892392589
2857,test,22999,23429.643321274645,-430.64332127464513
3801,test,9000,8362.574408916884,637.4255910831162
635,test,32000,30227.82164986653,1772.1783501334685
1152,test,26500,27272.572644780932,-772.572644780932
1985,test,13500,7103.578514881433,6396.421485118567
3390,test,13000,20397.99517540607,-7397.995175406071
3747,test,8000,6002.021231131286,1997.9787688687138
1177,test,20000,19040.245042364553,959.7549576354468
2144,test,7700,7241.158200844932,458.84179915506775
4733,test,29000,21660.388061841764,7339.611938158236
832,test,55000,69975.02015132458,-14975.020151324585
425,test,5000,6320.962679873382,-1320.9626798733816
1821,test,11000,16097.664032360688,-5097.664032360688
3426,test,10000,9706.76109325896,293.2389067410404
1212,test,20000,20043.5550064368,-43.555006436799886
3473,test,12000,14945.81621262033,-2945.8162126203297
1898,test,12000,14559.777523890709,-2559.777523890709
4552,test,7500,7759.506703115629,-259.5067031156286
1872,test,9000,13337.379717351783,-4337.379717351783
1754,test,14500,17749.99975897893,-3249.999758978931
1320,test,45000,63570.70384426632,-18570.703844266318
1012,test,42000,34141.9942841534,7858.005715846601
3067,test,34000,22518.82177164465,11481.178228355351
1435,test,150000,58602.514985986614,91397.4850140134
903,test,50000,40343.9729729101,9656.027027089898
2775,test,20000,15196.281146005578,4803.718853994422
1275,test,40000,32094.07585310737,7905.92414689263
2874,test,18000,10807.255759937705,7192.744240062295
1565,test,20000,18004.633441104208,1995.366558895792
963,test,52000,54323.811299169756,-2323.8112991697562
2984,test,7600,10035.575345147052,-2435.575345147052
2922,test,90000,63136.996034699085,26863.003965300915
1501,test,17000,14515.173182140412,2484.826817859588
3178,test,12000,9903.490520009995,2096.5094799900053
159,test,6000,5659.307411538927,340.6925884610728
2579,test,24000,23478.122134391328,521.8778656086724
3967,test,9000,10226.910441871192,-1226.9104418711922
1151,test,75000,63386.48520567831,11613.514794321687
3855,test,14000,12470.080693838321,1529.9193061616788
3947,test,13000,13897.739673354527,-897.7396733545265
2462,test,40000,23965.58532155488,16034.414678445119
4248,test,7500,10653.609677260403,-3153.6096772604033
4168,test,5500,6072.3375781889945,-572.3375781889945
1860,test,14000,15051.30371510385,-1051.3037151038498
666,test,55000,107408.82351614891,-52408.823516148914
770,test,120000,104573.49885774015,15426.501142259847
4076,test,11000,13095.381916555936,-2095.381916555936
1938,test,7000,7971.947447960805,-971.9474479608052
3514,test,34000,23657.947921461302,10342.052078538698
4175,test,7500,7032.724268570646,467.275731429354
2713,test,6000,8265.53923085913,-2265.539230859131
1363,test,23000,28592.33870884111,-5592.338708841111
3475,test,26000,15798.732450559419,10201.267549440581
2714,test,18000,15823.499805509598,2176.5001944904016
4334,test,12000,12659.541585035071,-659.541585035071
2696,test,13500,11790.2596111589,1709.7403888411009
1297,test,55000,51436.53885574235,3563.4611442576497
2316,test,16000,18026.067406594826,-2026.067406594826
537,test,28000,20364.64433098396,7635.35566901604
1409,test,69999,86313.68031060445,-16314.680310604454
3574,test,9500,11683.41527591715,-2183.41527591715
1651,test,32900,30384.430408826876,2515.5695911731236
3117,test,8000,4798.389318307149,3201.6106816928514
1769,test,5000,6938.126494760869,-1938.1264947608688
3820,test,13500,11980.238386865694,1519.7616131343057
1333,test,25000,25457.281598092995,-457.2815980929954
4275,test,12000,12271.843012388883,-271.8430123888829
1596,test,10000,9427.875357803101,572.124642196899
369,test,9000,6667.3901273985275,2332.6098726014725
4368,test,32000,14803.542612564046,17196.457387435956
2606,test,8000,12175.394263097964,-4175.394263097964
4385,test,13000,6842.61901084103,6157.38098915897
3352,test,26000,35322.20809968496,-9322.208099684962
1298,test,66000,46518.72350178267,19481.276498217332
748,test,130000,83053.97656616636,46946.023433833645
2320,test,5000,13976.542906609984,-8976.542906609984
4534,test,200000,105192.31429927435,94807.68570072565
2767,test,18000,11548.21685418678,6451.7831458132205
4155,test,12500,13499.01185848362,-999.01185848362
2113,test,7500,8039.378726536855,-539.3787265368546
2114,test,16000,15514.76359929893,485.2364007010692
4073,test,13000,9272.00182910492,3727.99817089508
576,test,95000,77700.44928560188,17299.550714398123
2645,test,7000,13449.418969916545,-6449.418969916545
907,test,34000,31747.31256739839,2252.6874326016114
1689,test,18000,14864.718096653543,3135.2819033464566
3501,test,7000,6247.239282122544,752.760717877456
3699,test,13000,9007.207119385788,3992.7928806142118
4577,test,4000,7088.578052570243,-3088.578052570243
612,test,50000,41011.178082514496,8988.821917485504
2340,test,19000,19249.320216191598,-249.32021619159786
2292,test,12000,8563.325638747698,3436.6743612523023
1313,test,23000,22635.091923567747,364.90807643225344
3744,test,10000,11990.699534245563,-1990.699534245563
4081,test,20000,26361.93497033855,-6361.934970338549
3340,test,33000,41490.21126340074,-8490.211263400743
4493,test,16000,10670.101048845947,5329.898951154053
