row_id,split,actual_rent,predicted_rent,residual
1124,train,95000,73039.56151097156,21960.438489028442
3886,train,12000,16385.723489135686,-4385.723489135686
4122,train,14000,13486.612020405239,513.3879795947614
2762,train,6500,8449.328983658113,-1949.3289836581134
1963,train,30000,23588.726906667605,6411.273093332395
345,train,12000,10107.337518308443,1892.6624816915573
3892,train,20000,20068.19082591425,-68.19082591425104
3420,train,6250,8800.813849257438,-2550.813849257438
2348,train,6000,6578.4017504271515,-578.4017504271515
4572,train,37000,27713.64616825188,9286.353831748122
288,train,7000,6366.513495125105,633.4865048748952
3875,train,58000,50753.48112454771,7246.51887545229
4652,train,9000,10941.17046749678,-1941.1704674967805
2920,train,10000,11197.95987224409,-1197.9598722440896
641,train,68000,64265.364887622076,3734.635112377924
3749,train,5000,5696.558244733906,-696.5582447339057
3972,train,24000,15490.554624147042,8509.445375852958
1625,train,22000,22802.506712120296,-802.5067121202956
1703,train,20000,15111.87220459236,4888.1277954076395
3288,train,35000,19400.959503037688,15599.040496962312
3553,train,13000,14215.413173987012,-1215.4131739870118
1465,train,70000,62597.43055529084,7402.569444709159
3938,train,13000,12363.066975500786,636.9330244992143
885,train,32000,29174.65276772381,2825.347232276192
3121,train,11000,10649.90653913333,350.0934608666703
2055,train,18000,16128.08794320982,1871.9120567901791
381,train,12000,16719.3455551555,-4719.345555155502
2810,train,9500,12048.288339943007,-2548.2883399430066
2885,train,33500,26397.689772882164,7102.310227117836
3883,train,16000,18842.218160497043,-2842.218160497043
2801,train,13000,13927.514450942273,-927.5144509422735
2695,train,7500,8777.713413545545,-1277.7134135455453
1899,train,75000,53309.57099890194,21690.429001098062
4455,train,16000,16303.652278099184,-303.6522780991836
3793,train,10000,10625.340305561991,-625.340305561991
3668,train,9000,11511.18266137049,-2511.1826613704907
1839,train,16500,17712.895763258868,-1212.895763258868
3894,train,12500,13678.294866103091,-1178.2948661030914
1355,train,52000,40948.745160858256,11051.254839141744
2697,train,14000,15618.333876159251,-1618.3338761592513
514,train,22000,20824.665153241058,1175.3348467589421
927,train,30000,21182.24557050296,8817.75442949704
1104,train,17000,18626.712630256687,-1626.7126302566867
3360,train,8000,8662.951997692893,-662.9519976928932
2768,train,30000,36251.228842427205,-6251.228842427205
1165,train,52000,50400.415568875746,1599.5844311242545
2715,train,18000,17038.50286949965,961.4971305003492
4305,train,6000,8693.890927092942,-2693.8909270929416
1257,train,100000,176884.91543201244,-76884.91543201244
2594,train,18000,19444.990724649084,-1444.9907246490839
3217,train,20000,20961.256807323844,-961.2568073238435
3163,train,10000,13500.66340624332,-3500.6634062433204
1554,train,15000,13090.14352656446,1909.8564734355405
3088,train,26000,24466.7703243334,1533.2296756666
998,train,70000,76204.55428965928,-6204.5542896592815
417,train,6500,5917.724050704334,582.2759492956657
427,train,5500,5621.434397753233,-121.43439775323259
2632,train,40000,31198.89077607808,8801.109223921922
4519,train,18000,20231.13244953469,-2231.132449534689
850,train,190000,257176.60926482506,-67176.60926482506
3968,train,11000,10380.099675642492,619.900324357508
4003,train,6000,7053.617707441138,-1053.617707441138
3265,train,24000,29036.068925505686,-5036.068925505686
108,train,8000,8076.273463877358,-76.27346387735815
3309,train,7500,7485.295927254795,14.70407274520494
3872,train,60000,67916.6868753897,-7916.6868753897
2286,train,15000,14045.669062511497,954.330937488503
1950,train,40000,36089.44143569162,3910.558564308383
3657,train,20000,21332.775159896686,-1332.775159896686
4546,train,10000,10281.902050101477,-281.90205010147656
4600,train,20000,14269.195273715342,5730.804726284658
2379,train,80000,54983.72880836117,25016.27119163883
4379,train,12500,11506.997665638672,993.0023343613284
3836,train,20000,17674.831981339976,2325.1680186600242
2806,train,14000,10960.850848949225,3039.149151050775
376,train,7000,7532.518476070038,-532.5184760700377
2051,train,7000,7095.834191101032,-95.83419110103205
1805,train,15000,11057.83658476581,3942.1634152341903
2744,train,12000,13498.122647619566,-1498.1226476195661
549,train,20000,20437.931894681173,-437.9318946811727
1378,train,24000,28560.51873133812,-4560.518731338121
2728,train,13500,15916.837114754344,-2416.837114754344
3220,train,11000,12272.126539697641,-1272.1265396976414
575,train,40000,40669.312215398255,-669.3122153982549
468,train,6500,7452.452783468161,-952.4527834681612
213,train,11000,8489.63446994382,2510.3655300561804
3526,train,15000,17056.911930337283,-2056.9119303372827
4278,train,15000,14305.192613468573,694.8073865314273
677,train,55000,63491.15880629762,-8491.158806297623
3410,train,15000,19582.533239847733,-4582.533239847733
3041,train,12000,13971.551162007598,-1971.5511620075977
1994,train,22000,21189.895093266583,810.104906733417
1222,train,21000,20614.42361524441,385.57638475558997
1570,train,8500,10084.943446328509,-1584.9434463285088
4271,train,13000,12969.479453716396,30.520546283603835
438,train,5000,5361.141103022696,-361.14110302269637
821,train,34000,35337.00361416395,-1337.0036141639503
4449,train,9000,8812.618530431544,187.38146956845594
3025,train,11200,10658.724654288679,541.2753457113213
530,train,300000,260423.62992211393,39576.370077886066
2702,train,4000,4806.266576276492,-806.2665762764918
3884,train,18000,25526.50380164819,-7526.5038016481885
2745,train,13500,11743.4105336505,1756.5894663495
1722,train,19000,17218.329974807613,1781.6700251923867
1704,train,28000,23835.252062640062,4164.747937359938
661,train,35000,40009.23556089308,-5009.235560893081
1243,train,72000,50191.90200068314,21808.09799931686
1027,train,230000,145515.53592263872,84484.46407736128
4463,train,20000,21960.063657323153,-1960.0636573231532
2210,train,10000,11617.699507646721,-1617.699507646721
1607,train,6000,8278.654801458899,-2278.654801458899
163,train,9000,10091.38065937679,-1091.3806593767895
3591,train,7000,6057.511076768307,942.4889232316928
4262,train,10000,8445.948479391607,1554.0515206083928
2722,train,20000,20120.4277068131,-120.4277068131014
4058,train,30000,31351.017284094167,-1351.0172840941668
3627,train,15000,15368.998244968041,-368.99824496804104
3187,train,13000,15987.98101334903,-2987.98101334903
812,train,36000,40563.12203867161,-4563.122038671609
1508,train,13500,8874.204882273636,4625.795117726364
2811,train,15000,19642.38424141144,-4642.384241411441
3362,train,12000,12282.084305111292,-282.08430511129154
4457,train,12000,12760.294997207868,-760.2949972078677
421,train,12000,10475.815722035388,1524.1842779646122
1477,train,70000,56969.705989998714,13030.294010001286
1588,train,10000,10469.352499923549,-469.35249992354875
313,train,15000,15731.327008196711,-731.3270081967112
3945,train,12000,14470.13577727615,-2470.1357772761494
2161,train,24000,23540.61819549963,459.3818045003718
277,train,15000,9087.524683022064,5912.475316977936
2750,train,9000,9047.174443914371,-47.174443914371295
140,train,12500,11280.141148533698,1219.8588514663024
1383,train,37000,44694.63686157329,-7694.636861573294
2708,train,10000,8928.421454001666,1071.5785459983344
1881,train,15000,15551.717297358093,-551.7172973580928
4448,train,400000,202437.5324053713,197562.4675946287
310,train,9000,7541.914694169753,1458.0853058302473
3601,train,18000,16918.16360612174,1081.8363938782604
4279,train,15000,11455.470330244834,3544.5296697551657
3190,train,15000,15165.524983937923,-165.52498393792303
1347,train,20000,19337.505522712265,662.4944772877352
2295,train,30000,24387.798165696764,5612.201834303236
189,train,6500,5312.270586336875,1187.7294136631253
1923,train,24000,17888.510632689413,6111.489367310587
1842,train,17000,14446.607229008307,2553.3927709916934
1155,train,38000,37755.6932232372,244.30677676280175
3933,train,23000,16146.568137013497,6853.431862986503
61,train,30000,36380.195975497525,-6380.195975497525
1691,train,20000,18758.723831105286,1241.276168894714
499,train,6000,7606.643489990386,-1606.6434899903861
1733,train,12500,13820.854190294398,-1320.854190294398
2555,train,6000,6518.623241857566,-518.6232418575664
2004,train,15000,9263.156200122055,5736.843799877945
1337,train,110000,108085.80122677288,1914.1987732271227
2652,train,60000,67985.7237884484,-7985.723788448406
3823,train,22000,19556.88967977005,2443.110320229949
2193,train,34000,40887.97732069137,-6887.977320691367
1425,train,35000,33786.58140759277,1213.4185924072299
2893,train,16000,15562.482511915805,437.51748808419507
687,train,100000,85184.4501527471,14815.5498472529
1517,train,7500,7492.924373585401,7.0756264145993555
852,train,75000,100165.34428771153,-25165.34428771153
4726,train,35000,25608.780256555696,9391.219743444304
261,train,7000,7740.573324776959,-740.5733247769595
4487,train,18000,15697.356006351178,2302.6439936488223
3852,train,15000,12243.187349587577,2756.812650412423
4246,train,18000,12712.977576822837,5287.022423177163
584,train,13000,24678.19042305727,-11678.190423057269
1305,train,51000,60015.24667614352,-9015.24667614352
875,train,15000,16840.85199139493,-1840.8519913949312
4116,train,14000,13983.580231741225,16.41976825877464
1608,train,17000,14199.409152098277,2800.5908479017235
4302,train,18000,19493.017039305778,-1493.0170393057779
1560,train,12000,8577.84870209861,3422.1512979013896
827,train,40000,44625.64422007271,-4625.644220072711
625,train,85000,75776.08888213012,9223.91111786988
4274,train,25000,20260.316409649316,4739.6835903506835
1984,train,11000,8287.005715986308,2712.994284013692
1642,train,12000,16934.36215665008,-4934.362156650081
1278,train,15000,15823.017504385032,-823.0175043850322
4468,train,24000,24333.817699919808,-333.81769991980764
1742,train,14000,24240.875768813545,-10240.875768813545
4400,train,50000,63380.74797207033,-13380.747972070327
522,train,25000,16727.01383472931,8272.98616527069
4688,train,12000,12583.989766796045,-583.9897667960449
614,train,120000,73262.23601111893,46737.763988881066
2223,train,28000,27783.87926677124,216.1207332287595
2483,train,12000,13824.94711415293,-1824.9471141529302
2281,train,22000,22600.500935188884,-600.5009351888839
3394,train,20000,21878.5924804266,-1878.5924804265996
2698,train,18000,20055.320308257415,-2055.3203082574146
935,train,18000,21630.02275697609,-3630.02275697609
1987,train,55000,52342.053977466516,2657.946022533484
483,train,5000,5318.196651320919,-318.19665132091905
4396,train,24000,17426.342705042593,6573.657294957407
2047,train,11000,10172.634867855848,827.3651321441521
459,train,22500,17551.307822210652,4948.692177789348
4615,train,5000,6875.024647447044,-1875.0246474470441
4156,train,31000,38416.98439517961,-7416.9843951796065
3871,train,10000,9885.530179040967,114.46982095903331
2116,train,14000,12488.332390201671,1511.667609798329
3081,train,12000,14832.759712193949,-2832.759712193949
4094,train,12000,11711.820039606631,288.1799603933687
4632,train,9000,10080.093032177214,-1080.093032177214
4229,train,8000,9010.84145585531,-1010.8414558553104
3713,train,19000,13911.975945328237,5088.024054671763
2010,train,50000,24497.297644656934,25502.702355343066
1589,train,7000,5616.717944103537,1383.2820558964631
1139,train,77000,75932.71352920902,1067.2864707909757
2494,train,14000,12041.416314947724,1958.5836850522755
1552,train,84000,79745.38905151951,4254.610948480491
3294,train,65000,69259.37703238528,-4259.3770323852805
3145,train,8500,7027.026243114847,1472.9737568851533
1751,train,7500,8711.36916007977,-1211.3691600797702
30,train,7500,5881.3520040904195,1618.6479959095805
462,train,14000,14070.340780039798,-70.34078003979812
3110,train,9000,7554.967762864473,1445.0322371355269
3479,train,12000,11648.919163443918,351.08083655608243
2545,train,36000,38940.39207132517,-2940.392071325172
2384,train,40000,23059.408231847003,16940.591768152997
1546,train,16000,17432.676458579543,-1432.6764585795427
917,train,8000,14694.37370363174,-6694.37370363174
4601,train,10000,10815.544134112302,-815.5441341123023
432,train,5500,7101.094768185662,-1601.0947681856624
4668,train,7000,9767.530376909139,-2767.530376909139
901,train,75000,75280.15695322104,-280.1569532210415
3599,train,22000,23703.0524549581,-1703.0524549580987
1882,train,11000,11616.864885824025,-616.8648858240249
1939,train,24000,20038.10597631412,3961.89402368588
2077,train,11000,9717.358469104083,1282.6415308959167
2662,train,35000,40747.73584967018,-5747.735849670178
1685,train,17500,15732.643473094795,1767.356526905205
1036,train,100000,124852.64442996583,-24852.644429965832
3856,train,20000,15127.793140851458,4872.206859148542
406,train,5500,6819.078086715875,-1319.0780867158746
3233,train,25000,21649.981628172216,3350.018371827784
1880,train,10000,12057.205073855037,-2057.205073855037
3802,train,14000,15301.986065968187,-1301.9860659681872
1537,train,7500,7676.6815870707105,-176.68158707071052
4389,train,15000,19976.324328418334,-4976.324328418334
1185,train,76000,55930.09150987187,20069.90849012813
418,train,4500,5678.263215957348,-1178.2632159573477
1068,train,130000,118095.27712047694,11904.722879523062
3838,train,15000,13895.410370558802,1104.5896294411978
4501,train,8000,8831.071188968197,-831.071188968197
4548,train,10000,10573.778502205856,-573.7785022058561
2082,train,10000,9544.666807813714,455.3331921862864
3558,train,24000,22018.03152064084,1981.9684793591587
2248,train,12000,14051.472003251978,-2051.472003251978
147,train,8000,8394.884055852348,-394.88405585234796
4133,train,20000,17837.19715357337,2162.8028464266317
137,train,17500,18455.93178914614,-955.9317891461396
76,train,5500,6290.784316384706,-790.7843163847056
4565,train,18000,17996.828188439795,3.171811560205242
2218,train,40000,27738.650670179686,12261.349329820314
833,train,80000,119791.76442242487,-39791.764422424865
1188,train,39000,44065.95306773229,-5065.953067732291
43,train,8500,9328.853866902225,-828.8538669022255
3680,train,8000,11321.49017989538,-3321.4901798953797
2257,train,7000,7519.981153568158,-519.9811535681583
2529,train,24000,14502.600945215512,9497.399054784488
4678,train,30000,20162.786560198718,9837.213439801282
4492,train,37000,31558.98299453737,5441.017005462629
2639,train,15000,12663.28879666411,2336.71120333589
2492,train,14000,12318.127883227395,1681.8721167726053
3011,train,22000,17465.178302764278,4534.821697235722
838,train,450000,508198.1610537981,-58198.1610537981
3332,train,20000,19743.157206842552,256.8427931574479
3720,train,40000,35581.24542574895,4418.754574251048
323,train,8500,9813.138309757689,-1313.138309757689
4023,train,12000,14075.737461473062,-2075.7374614730616
3733,train,20000,20141.185309203385,-141.18530920338526
274,train,30000,60945.782572449054,-30945.782572449054
1373,train,24000,30756.908308458114,-6756.908308458114
3336,train,23000,18328.458515324706,4671.541484675294
2783,train,10000,10199.119308931504,-199.11930893150384
169,train,40000,22327.248529511355,17672.751470488645
2541,train,16000,23781.971425487813,-7781.971425487813
1461,train,30000,30732.53876136052,-732.5387613605199
2903,train,110000,85463.82337698058,24536.17662301942
2990,train,26000,23782.449787063695,2217.550212936305
4685,train,17000,14740.457558569155,2259.5424414308454
894,train,15500,16800.376787446232,-1300.376787446232
4007,train,25000,20103.112982681738,4896.887017318262
631,train,50000,43929.50639115516,6070.493608844838
2777,train,6500,8719.033027061927,-2219.033027061927
3455,train,45000,56105.05064162302,-11105.05064162302
2230,train,16000,15439.793074702739,560.2069252972615
3723,train,35000,19638.70659489809,15361.293405101911
2886,train,9500,8511.660586604985,988.3394133950151
4472,train,15000,13224.359455508968,1775.6405444910324
2408,train,9000,9404.220305046943,-404.2203050469434
730,train,95000,108209.45963382127,-13209.459633821272
2184,train,24000,22008.752537667635,1991.247462332365
703,train,40000,40657.07900966907,-657.0790096690689
652,train,43000,48499.73889541399,-5499.73889541399
1280,train,13000,21234.116834744265,-8234.116834744265
4213,train,42000,42594.82127742723,-594.8212774272324
1905,train,6000,8149.815557749248,-2149.815557749248
4298,train,13000,13992.771642409783,-992.7716424097835
484,train,10000,11373.140313515141,-1373.1403135151413
3146,train,20000,42075.75970873729,-22075.759708737292
1955,train,15000,13487.92529834853,1512.0747016514706
4100,train,16500,20750.295417420763,-4250.2954174207625
2053,train,4800,6294.225598732108,-1494.2255987321078
4067,train,1200,6186.803588464304,-4986.803588464304
302,train,20000,14413.1435490485,5586.8564509515
2967,train,7500,9084.911545053994,-1584.911545053994
4127,train,10000,11595.07732543162,-1595.077325431619
3285,train,8000,8777.75599776147,-777.7559977614692
1809,train,22000,15644.063264238594,6355.936735761406
4360,train,26000,23687.882080482657,2312.1179195173427
1973,train,70000,44833.980365885276,25166.019634114724
1614,train,7000,6619.403815884715,380.5961841152848
3192,train,19000,18644.037235985874,355.96276401412615
3764,train,6000,5485.551598421732,514.4484015782682
2352,train,17500,15962.026632385634,1537.973367614366
4150,train,12000,13162.278223043668,-1162.2782230436678
2241,train,14000,13274.657032555542,725.3429674444578
2930,train,5500,6792.3269111946975,-1292.3269111946975
610,train,50000,52210.40174555747,-2210.401745557472
3791,train,12500,9654.375528780944,2845.6244712190564
3056,train,22000,24717.737058774677,-2717.7370587746773
1783,train,20000,15829.366609463776,4170.633390536224
776,train,150000,151409.09623143915,-1409.0962314391509
4513,train,60000,60704.43707843806,-704.437078438059
1116,train,55000,59211.99703577716,-4211.99703577716
2140,train,13900,12815.40558011663,1084.5944198833695
3468,train,26000,24325.992088896786,1674.0079111032137
2106,train,12000,10300.484612756754,1699.5153872432456
1380,train,600000,480648.3107408068,119351.6892591932
4201,train,10000,10802.005835721922,-802.0058357219223
2871,train,30000,25411.093747679017,4588.906252320983
191,train,9000,7054.125395483944,1945.874604516056
1046,train,27000,20340.154489479733,6659.8455105202665
973,train,85000,83777.55457129967,1222.4454287003318
4499,train,35000,34564.313318907385,435.6866810926149
449,train,4000,5035.205595640238,-1035.2055956402382
628,train,50000,59632.36359342518,-9632.36359342518
1403,train,20000,17042.804349239625,2957.1956507603754
4311,train,9500,9794.254609035112,-294.25460903511157
3416,train,10000,12107.127129337032,-2107.127129337032
1303,train,50000,52420.499927753386,-2420.499927753386
3383,train,30000,24047.705524848967,5952.294475151033
4293,train,70000,78729.16739583666,-8729.16739583666
616,train,110000,118352.20661660164,-8352.206616601645
745,train,100000,107401.95879462379,-7401.958794623788
193,train,12000,11686.939677468681,313.0603225313189
1862,train,8000,10619.948990023075,-2619.9489900230747
1449,train,45000,32103.247197894125,12896.752802105875
3064,train,40000,36624.178441520686,3375.8215584793143
46,train,4600,6270.091384291662,-1670.0913842916616
4291,train,12000,12310.332781631614,-310.3327816316141
3950,train,4000,5733.927280999933,-1733.927280999933
3506,train,15000,18424.525220624073,-3424.525220624073
1107,train,35500,41013.3035388023,-5513.303538802298
4102,train,8500,10184.309511007048,-1684.309511007048
2143,train,13000,13953.98848383057,-953.9884838305697
2369,train,7500,8959.203937582834,-1459.2039375828335
642,train,150000,156969.43526746446,-6969.4352674644615
3061,train,8000,9877.916949033326,-1877.916949033326
4074,train,35000,26641.483902655214,8358.516097344786
1225,train,65000,66080.85005041545,-1080.8500504154508
777,train,230000,389375.75632044236,-159375.75632044236
3545,train,26000,35271.34542748613,-9271.345427486129
4154,train,6000,6725.883479399424,-725.8834793994238
3249,train,15000,12904.844547456447,2095.155452543553
3931,train,22000,24632.22130358051,-2632.2213035805107
1158,train,180000,128783.95909760338,51216.04090239662
3168,train,14000,19460.325090173577,-5460.325090173577
815,train,42000,42424.42287926538,-424.4228792653812
2381,train,14000,21631.368874476346,-7631.368874476346
4357,train,18000,13365.999170082123,4634.000829917877
1284,train,360000,305372.5759015836,54627.424098416406
331,train,6500,5755.88795000002,744.1120499999797
788,train,170000,153063.68027958978,16936.319720410218
1834,train,12500,12612.026899990686,-112.0268999906857
4054,train,14000,12835.291252079744,1164.7087479202564
1746,train,55000,56626.54643128181,-1626.5464312818076
1292,train,65000,65133.8843580255,-133.88435802549793
883,train,45000,37076.25762981467,7923.742370185333
2269,train,7000,7785.907119653918,-785.907119653918
4339,train,10000,12273.228761375454,-2273.2287613754543
4284,train,9500,8885.959205090432,614.0407949095679
289,train,3500,4253.196985899706,-753.1969858997063
4515,train,9000,11233.07969526923,-2233.079695269231
2879,train,28000,32823.95075123269,-4823.950751232689
2201,train,16500,16924.481966932246,-424.481966932246
1960,train,26969,25407.48065411362,1561.5193458863796
4530,train,8000,8718.280560409992,-718.2805604099922
2824,train,9300,10396.453028879661,-1096.4530288796614
263,train,6000,5868.563676442985,131.43632355701538
3020,train,5000,6226.666072236883,-1226.6660722368833
3299,train,26000,20458.219902375648,5541.7800976243525
2006,train,27000,20803.861447212195,6196.138552787805
3547,train,15000,10505.372919364374,4494.627080635626
1864,train,15000,13359.548089210684,1640.4519107893157
441,train,5500,4690.724442846271,809.2755571537291
1515,train,7500,8784.380312122144,-1284.3803121221445
1412,train,45000,50872.998432962144,-5872.998432962144
2798,train,37000,25158.361838596727,11841.638161403273
4331,train,6000,6407.705651908202,-407.7056519082016
4214,train,20000,18346.416727574702,1653.5832724252978
1487,train,65000,71789.94031561681,-6789.940315616812
295,train,10500,10265.907245293616,234.09275470638386
2552,train,13000,10022.305315295205,2977.694684704795
2877,train,16000,15468.828316902924,531.1716830970763
364,train,10000,8306.934195105141,1693.065804894859
3948,train,9500,12092.585191958535,-2592.585191958535
3491,train,8500,9322.614281828051,-822.6142818280514
1658,train,14000,10227.349983707105,3772.650016292895
2324,train,12000,12492.652114420509,-492.65211442050895
761,train,36000,41393.58210405012,-5393.582104050118
4418,train,14000,13402.06038316637,597.9396168336298
758,train,35000,38578.411076115255,-3578.411076115255
1095,train,25000,23371.978127596743,1628.0218724032566
2228,train,12000,10895.740186970928,1104.2598130290717
4188,train,7500,6685.191266464934,814.8087335350656
3456,train,5000,6178.434540954137,-1178.4345409541374
4618,train,9000,10405.751440483338,-1405.7514404833382
2661,train,36000,56896.6896767561,-20896.689676756097
4063,train,15000,11588.393217004885,3411.6067829951153
2050,train,9000,10894.482626669429,-1894.482626669429
496,train,14000,11454.169683598431,2545.830316401569
810,train,40000,47129.464713392976,-7129.464713392976
1797,train,5000,7522.467228863939,-2522.4672288639395
2599,train,25000,38514.13384019601,-13514.13384019601
471,train,7500,7264.103033914153,235.89696608584745
2071,train,35000,33951.0908502572,1048.9091497428017
1504,train,8000,7812.6567042022,187.34329579780024
3330,train,12000,8058.708464112934,3941.291535887066
1261,train,70000,102210.08050787961,-32210.08050787961
3578,train,18000,11829.568689748747,6170.431310251253
736,train,46000,39384.518318924915,6615.481681075085
2236,train,16000,18040.10661103009,-2040.106611030089
955,train,72000,47145.34812235967,24854.65187764033
2718,train,11000,11791.782047039233,-791.7820470392326
1100,train,26000,29995.958132196367,-3995.958132196367
4028,train,10000,12120.443922026905,-2120.443922026905
2790,train,22000,29004.73895059976,-7004.73895059976
480,train,6000,11146.670942991368,-5146.670942991368
2278,train,20000,12077.756906428034,7922.243093571966
3411,train,75000,48619.41283772389,26380.58716227611
4416,train,120000,105672.8395549488,14327.160445051195
3083,train,20000,21861.094506092806,-1861.0945060928061
910,train,24000,21806.19899207169,2193.8010079283085
3098,train,13000,12369.373021268126,630.6269787318743
1200,train,25000,28379.965791415216,-3379.965791415216
3917,train,25000,28215.73779023588,-3215.7377902358785
1974,train,19000,15916.067383325706,3083.932616674294
2878,train,20000,19651.47550623152,348.52449376848017
3317,train,45000,22196.298976121867,22803.701023878133
3775,train,18500,23496.976739058307,-4996.976739058307
1707,train,20000,16735.833002402505,3264.1669975974946
1830,train,11000,8785.902750947384,2214.0972490526165
2883,train,8000,9123.37308425289,-1123.3730842528894
2121,train,15000,16014.808634182595,-1014.8086341825947
2675,train,30000,31333.432429462417,-1333.4324294624166
1142,train,40000,40884.53675909762,-884.5367590976166
393,train,7000,6421.099807427185,578.9001925728153
1586,train,7000,7632.615773670777,-632.6157736707773
884,train,35000,29812.410550229037,5187.589449770963
3443,train,16000,17187.380591836463,-1187.3805918364633
3891,train,11000,11569.188721805906,-569.1887218059055
3896,train,30000,19805.65679698094,10194.34320301906
1680,train,12000,9465.466997447791,2534.533002552209
3227,train,30000,34677.27375770865,-4677.273757708652
398,train,8000,7211.010225486558,788.9897745134422
598,train,55000,52353.76377780681,2646.2362221931908
4144,train,45000,44407.04088937916,592.959110620839
2122,train,9500,11141.484898336768,-1641.4848983367683
408,train,11000,13454.981969430375,-2454.981969430375
3850,train,8500,11166.146756390974,-2666.1467563909737
811,train,40000,31155.852416672362,8844.147583327638
135,train,9000,9041.25759636593,-41.2575963659292
4,train,7500,7914.617398579065,-414.6173985790647
3112,train,17000,22495.10894085417,-5495.10894085417
2493,train,14000,13119.249604190813,880.7503958091875
4025,train,45000,42081.471598582655,2918.528401417345
987,train,75000,77938.84723479682,-2938.84723479682
996,train,75000,54855.17535984698,20144.82464015302
1828,train,7000,6958.9287663831155,41.071233616884456
4517,train,5800,8393.253941487686,-2593.2539414876865
2422,train,18000,14151.322137844274,3848.677862155726
3174,train,7000,7411.974636741912,-411.97463674191204
2517,train,22000,18272.998944469044,3727.0010555309564
1562,train,16000,18339.877686157713,-2339.8776861577135
3748,train,12000,10398.681518649355,1601.318481350645
2437,train,10000,9276.877332472603,723.1226675273974
3380,train,16000,14569.884767239935,1430.1152327600648
4627,train,5000,5081.130853525885,-81.13085352588496
4045,train,25000,17523.385251638083,7476.614748361917
2065,train,17681,17751.838166380032,-70.83816638003191
764,train,7500,15296.291283203123,-7796.291283203123
237,train,5500,7497.943437528565,-1997.9434375285646
3188,train,9000,8297.944180287886,702.0558197121136
3404,train,45000,31966.5965545364,13033.403445463598
893,train,40000,60266.92565343686,-20266.92565343686
3241,train,85000,56858.21195255635,28141.788047443653
2330,train,12500,13273.737581470712,-773.737581470712
3815,train,100000,67889.93534707343,32110.064652926565
3058,train,6500,8279.75410784421,-1779.75410784421
396,train,35000,20031.599900637513,14968.400099362487
3759,train,15000,13037.639058811139,1962.360941188861
1996,train,15000,16791.30305281335,-1791.3030528133495
479,train,10000,11424.519638576166,-1424.5196385761665
4304,train,9000,11137.712586050686,-2137.712586050686
2815,train,250000,111985.17225021336,138014.82774978664
3566,train,15000,13782.307038190638,1217.6929618093618
4406,train,3000,4584.553280233847,-1584.5532802338466
2617,train,140000,85007.01907038012,54992.98092961988
154,train,7000,6912.278754925644,87.72124507435637
4182,train,16000,16185.752105255955,-185.75210525595503
705,train,230000,179918.4024755109,50081.5975244891
3611,train,8000,7946.253596081203,53.746403918797114
3017,train,12000,10978.830917585983,1021.1690824140169
1045,train,46000,50295.751543394596,-4295.7515433945955
2364,train,24000,22441.262432564872,1558.7375674351279
1832,train,60000,47393.25510105644,12606.744898943558
188,train,7000,7804.3382948501285,-804.3382948501285
4235,train,26000,21661.746066881526,4338.253933118474
2968,train,10000,13330.276802737882,-3330.2768027378825
3207,train,14000,13031.820024299346,968.1799757006538
1247,train,8000,18207.139147294445,-10207.139147294445
2700,train,65000,36407.580097760605,28592.419902239395
3888,train,13000,11206.167561977692,1793.8324380223075
344,train,7500,8349.617095703828,-849.6170957038285
1289,train,130000,160658.51613298955,-30658.51613298955
2342,train,18000,22133.2392510837,-4133.239251083702
1851,train,40000,54016.87031934001,-14016.870319340007
533,train,33000,34067.74713555816,-1067.7471355581583
3954,train,13000,13877.129595416996,-877.1295954169964
1354,train,55000,45268.45106359817,9731.548936401829
4684,train,22000,21235.819257306757,764.1807426932428
2985,train,29000,34810.37074551544,-5810.370745515444
1744,train,11000,12532.170186942594,-1532.1701869425942
1937,train,14000,13145.838265577528,854.1617344224724
1840,train,13000,10383.99622016696,2616.0037798330395
2812,train,12000,13678.63338465283,-1678.6333846528305
4642,train,8000,11046.071188008262,-3046.0711880082617
1806,train,130000,161426.90689649672,-31426.906896496715
3673,train,10000,10059.180557732705,-59.18055773270498
3536,train,12500,13496.020105100186,-996.0201051001859
341,train,12000,11904.760461029524,95.23953897047613
2119,train,10000,9152.00609318014,847.9939068198601
4735,train,45000,46889.84131343666,-1889.8413134366565
2782,train,13000,13075.367378114905,-75.36737811490457
2665,train,20000,18680.12026070675,1319.8797392932502
4042,train,10000,10345.076825011682,-345.07682501168165
2343,train,70000,72282.90657021091,-2282.9065702109074
67,train,7500,8353.778749498428,-853.7787494984277
3629,train,7000,6711.119632896382,288.8803671036176
2273,train,15000,15671.917173586986,-671.9171735869859
4242,train,12000,13895.9017269536,-1895.9017269535998
206,train,5000,5275.87656042677,-275.8765604267701
3278,train,4500,6443.749012566384,-1943.7490125663844
4503,train,5500,4868.958654870407,631.0413451295926
1775,train,30000,22019.213915866225,7980.786084133775
1506,train,50000,59452.79712330869,-9452.797123308686
1762,train,15000,20318.194921843482,-5318.194921843482
939,train,32000,51570.774962018506,-19570.774962018506
4243,train,15000,16895.38633487427,-1895.3863348742707
4181,train,8000,9296.693158584883,-1296.6931585848833
2464,train,6000,7327.058594197037,-1327.0585941970367
63,train,30000,24360.61397028577,5639.386029714231
3610,train,25000,22140.664817667774,2859.3351823322264
4352,train,12000,12901.816134760064,-901.8161347600635
1400,train,20000,27424.70837469941,-7424.70837469941
2044,train,250000,183455.39881131428,66544.60118868572
3478,train,30000,16057.181285567523,13942.818714432477
2575,train,8000,7712.168182008011,287.8318179919888
3919,train,45000,52717.956204383496,-7717.956204383496
3054,train,16000,13578.43697850736,2421.5630214926405
3210,train,7000,8381.408037916864,-1381.4080379168645
3494,train,18000,15175.380577204698,2824.619422795302
1069,train,58000,48892.66280180231,9107.337198197689
4512,train,9000,11745.901098166914,-2745.9010981669144
1389,train,310000,345866.1503424084,-35866.15034240839
4326,train,18000,12218.606375566524,5781.393624433476
1854,train,16000,17099.85919843174,-1099.859198431739
3312,train,12000,13658.848677386728,-1658.848677386728
2928,train,30000,27339.893989374374,2660.1060106256264
1408,train,55000,59537.1657921888,-4537.165792188804
1136,train,40000,31518.81595891312,8481.184041086879
2748,train,200000,126476.3091580333,73523.6908419667
2668,train,14000,13383.793147235174,616.2068527648262
2842,train,24000,23489.697701034416,510.30229896558376
545,train,22000,19412.037685642717,2587.9623143572826
3914,train,12000,11856.785951378663,143.2140486213375
2528,train,140000,113015.75208807066,26984.247911929342
1564,train,11000,12193.97006583611,-1193.9700658361107
842,train,55000,54022.260764849474,977.7392351505259
2513,train,20000,19823.932818655965,176.0671813440349
2461,train,5000,8071.771363094242,-3071.7713630942417
3832,train,11000,12219.957500188875,-1219.9575001888752
541,train,270000,256449.78284756295,13550.21715243705
855,train,39000,32454.963380317597,6545.036619682403
804,train,50000,46691.53492839846,3308.4650716015385
372,train,35000,34409.00518868344,590.9948113165592
3457,train,30000,25916.568104285838,4083.4318957141622
409,train,10000,8958.713974965041,1041.2860250349586
1153,train,45000,41645.55582917187,3354.44417082813
4325,train,22000,21668.971908388372,331.02809161162804
4504,train,5000,6400.134373339355,-1400.134373339355
3268,train,16000,12996.20848342682,3003.7915165731793
2387,train,25000,24164.529071768542,835.470928231458
3729,train,12000,10035.69586624294,1964.3041337570594
1324,train,20000,28071.68023112213,-8071.680231122129
2358,train,4500,5520.522303053636,-1020.5223030536363
4456,train,22000,24046.973117123634,-2046.9731171236344
4628,train,6000,5234.052811733194,765.9471882668058
4187,train,14000,15890.051654596222,-1890.0516545962219
4032,train,130000,116973.05109749043,13026.948902509568
4348,train,12000,11759.556047227497,240.4439527725026
2840,train,150000,131208.91503800987,18791.084961990127
3144,train,30000,42767.23990449199,-12767.239904491988
1518,train,25000,22828.8945039118,2171.1054960881993
334,train,8000,6722.837996697145,1277.1620033028548
1015,train,60000,49375.29602941161,10624.703970588387
3698,train,18000,18696.260354052356,-696.260354052356
3873,train,12000,9743.268208402691,2256.731791597309
3238,train,22000,17699.999794845888,4300.000205154112
2378,train,20000,9619.896484013003,10380.103515986997
3184,train,12000,11883.154183571314,116.8458164286858
2677,train,11000,9301.48660175887,1698.5133982411298
2556,train,100000,47841.49641281625,52158.50358718375
4372,train,9000,8474.103541247925,525.896458752075
2039,train,25000,18311.93284958507,6688.067150414929
223,train,12500,10275.530394991172,2224.469605008828
1183,train,18000,29834.93206397504,-11834.93206397504
2301,train,10000,12474.11709585917,-2474.11709585917
1244,train,180000,191400.79007026908,-11400.790070269082
4087,train,18000,17952.189114463476,47.81088553652444
2925,train,80000,73571.33441833877,6428.665581661233
2126,train,10000,8505.817015711697,1494.1829842883035
2760,train,38000,26509.393572216875,11490.606427783125
3428,train,16000,19881.700946845503,-3881.7009468455035
3008,train,27000,32150.155548596373,-5150.155548596373
4659,train,12500,14561.160304259189,-2061.1603042591887
3724,train,4000,4842.924153186733,-842.9241531867328
3296,train,13500,14858.62484769705,-1358.6248476970504
2172,train,30000,29919.898554392388,80.10144560761182
1463,train,90000,84978.38721470472,5021.612785295278
662,train,15000,19173.76865655912,-4173.768656559121
3462,train,17000,20542.418038228272,-3542.418038228272
4641,train,15500,11238.525506220247,4261.474493779753
465,train,20000,15565.461921760541,4434.538078239459
1683,train,25000,24196.38606904925,803.6139309507489
4138,train,12000,10878.942359100523,1121.0576408994766
4132,train,6500,7126.1241525730165,-626.1241525730165
2081,train,11000,10944.346541216508,55.65345878349217
1334,train,25000,26976.838383075916,-1976.8383830759158
711,train,15000,17352.230715911744,-2352.2307159117445
1823,train,13500,12480.267126609611,1019.7328733903887
473,train,15000,12856.855033174937,2143.1449668250625
4059,train,12000,13744.089212645993,-1744.089212645993
3074,train,15000,16337.464745060845,-1337.4647450608445
3433,train,6000,6633.041985563446,-633.0419855634464
3862,train,32000,30895.975292968847,1104.0247070311525
300,train,35000,21190.406918323046,13809.593081676954
2416,train,50000,52031.25055171321,-2031.2505517132086
1909,train,5500,6394.144824869532,-894.1448248695324
2769,train,16000,13194.330100802437,2805.6698991975627
4607,train,15000,16022.439768057835,-1022.439768057835
3395,train,18000,9508.345253096357,8491.654746903643
24,train,8000,8345.330519691359,-345.33051969135886
3301,train,15000,10189.787788693728,4810.212211306272
2097,train,8500,8397.435656219663,102.56434378033737
450,train,30000,14590.588582057333,15409.411417942667
709,train,300000,129457.09853527813,170542.9014647219
4273,train,8000,10600.032825519706,-2600.0328255197055
2355,train,22000,17136.63169323651,4863.368306763488
114,train,15000,16530.613782774497,-1530.613782774497
923,train,43500,44465.92256386368,-965.9225638636781
2625,train,10000,8893.43992478059,1106.5600752194096
1879,train,21000,33478.71021297177,-12478.710212971768
4640,train,15000,14023.164920608266,976.8350793917343
4380,train,25000,22138.811760921548,2861.188239078452
969,train,60000,61450.691017494755,-1450.6910174947552
1326,train,850000,487192.6099174405,362807.3900825595
3392,train,130000,87351.15467901675,42648.84532098325
3612,train,12500,10702.64203308356,1797.3579669164392
4460,train,15000,14335.019906609336,664.9800933906645
790,train,55000,47880.67614271657,7119.323857283431
4358,train,21000,19598.85581812117,1401.1441818788298
1887,train,20000,18732.808940578503,1267.191059421497
985,train,22000,23460.53080976626,-1460.53080976626
933,train,65000,50332.60679736507,14667.393202634928
4126,train,6500,7459.400341636894,-959.4003416368942
2253,train,15000,14015.241655642534,984.7583443574658
1308,train,30000,33289.10373829372,-3289.103738293721
4613,train,15000,17830.86664649295,-2830.8666464929483
1295,train,22000,26436.705135151857,-4436.705135151857
1750,train,12000,9705.987910802272,2294.0120891977276
4429,train,8000,11815.103661599394,-3815.1036615993944
3593,train,8000,9165.282719966142,-1165.2827199661424
2153,train,14000,12027.234315728922,1972.7656842710785
3572,train,130000,78281.8658928779,51718.134107122096
3128,train,17000,18367.96575879655,-1367.9657587965485
2155,train,20000,22073.450754201695,-2073.4507542016945
2621,train,6000,9802.947164504416,-3802.947164504416
1624,train,11500,12417.194816662612,-917.1948166626116
551,train,25000,21054.33115073161,3945.6688492683897
3966,train,100000,110983.18178371835,-10983.181783718348
1741,train,5000,7671.819243290322,-2671.8192432903224
755,train,42000,45643.00789662706,-3643.0078966270594
645,train,65000,71077.55273415144,-6077.552734151439
446,train,10000,11471.369589670412,-1471.369589670412
390,train,22000,20720.65121684965,1279.3487831503517
4259,train,25000,21831.948811047892,3168.0511889521076
222,train,25000,18802.603465465752,6197.396534534248
869,train,200000,167110.00435676106,32889.995643238944
3528,train,35000,34054.7902098399,945.209790160101
205,train,15000,13600.868079587723,1399.1319204122774
1593,train,16000,13422.005252226447,2577.994747773553
1370,train,60000,107499.66129808889,-47499.66129808889
2202,train,14500,16806.393853424943,-2306.393853424943
1613,train,9000,8215.737558492121,784.262441507879
3246,train,15000,14819.534952866734,180.46504713326613
495,train,10000,7308.4458235046195,2691.5541764953805
2380,train,9500,8841.658464813941,658.3415351860585
2477,train,10000,9402.10793735409,597.8920626459094
123,train,8000,8972.600651009663,-972.6006510096631
2297,train,9250,10655.632926774904,-1405.6329267749043
1908,train,20000,17861.085917245317,2138.9140827546835
359,train,15000,9012.399138293278,5987.600861706722
4137,train,12500,12425.820757705515,74.17924229448545
2022,train,35000,18715.84857630402,16284.151423695981
1187,train,45000,19732.543810798874,25267.456189201126
3902,train,9000,10482.744466776094,-1482.7444667760938
1736,train,10500,9906.911834941477,593.0881650585234
822,train,93000,138016.54405284184,-45016.54405284184
1251,train,45000,56094.7277659545,-11094.7277659545
3817,train,16000,16893.73451706598,-893.7345170659792
3451,train,15000,13568.952645807723,1431.0473541922765
1557,train,9500,9196.927680613042,303.07231938695804
837,train,33003,34431.79857517128,-1428.7985751712768
3617,train,27000,27500.81479038426,-500.81479038425823
4610,train,15000,10842.792827024768,4157.2071729752315
3848,train,70000,110408.55455004962,-40408.55455004962
4110,train,10000,9357.456958006836,642.5430419931636
892,train,25000,24750.73634855527,249.26365144472948
1146,train,32000,21517.889799697572,10482.110200302428
1462,train,45000,47808.89738250037,-2808.8973825003704
831,train,200000,165664.13357720315,34335.866422796855
4716,train,9000,11244.963593946988,-2244.963593946988
589,train,40000,42300.89475701554,-2300.8947570155433
4730,train,25000,21899.08751952063,3100.9124804793682
2366,train,16000,13768.94925724416,2231.0507427558405
2274,train,8200,7836.004180806792,363.99581919320826
98,train,18000,15237.151512558868,2762.8484874411315
2115,train,5000,6730.3891499966585,-1730.3891499966585
3701,train,8000,9961.456943627012,-1961.4569436270122
3415,train,24000,23554.087371679077,445.9126283209225
4104,train,15000,17710.457065444993,-2710.4570654449926
1028,train,180000,168737.88177999924,11262.11822000076
3376,train,38000,32354.668734871735,5645.331265128265
1219,train,260000,274752.6374460712,-14752.637446071196
4723,train,7000,8780.738006427973,-1780.7380064279732
1693,train,15000,15069.205435454976,-69.2054354549764
4617,train,8500,7266.000087245255,1233.9999127547453
1922,train,20000,17345.529067720316,2654.4709322796843
1684,train,7000,7011.321396278243,-11.3213962782429
3602,train,8500,9255.167157442922,-755.167157442922
1310,train,15000,18409.71476950808,-3409.7147695080785
1047,train,95000,131757.05178080397,-36757.05178080397
620,train,40000,46516.41514475437,-6516.41514475437
2734,train,80000,74871.33115722034,5128.668842779662
4329,train,13000,17400.84013874866,-4400.840138748659
490,train,8000,7948.683300781353,51.316699218647045
1205,train,150000,140759.72238741815,9240.27761258185
1853,train,18500,20383.531231186447,-1883.5312311864473
2537,train,11000,12122.327355895715,-1122.3273558957153
250,train,12000,13414.239371072821,-1414.239371072821
724,train,85000,105200.48555235965,-20200.48555235965
1444,train,36000,24734.757382384465,11265.242617615535
4568,train,16500,13911.597528863776,2588.4024711362235
2643,train,6500,7079.840433203153,-579.8404332031532
1160,train,300000,328638.7791670813,-28638.779167081288
3658,train,9000,10064.483668559848,-1064.4836685598475
3356,train,11500,10837.972868672045,662.0271313279554
1338,train,21000,21367.629509310478,-367.62950931047817
2308,train,20000,22444.229832113386,-2444.229832113386
2875,train,18000,13864.734560061986,4135.2654399380135
4694,train,12000,13404.188419422599,-1404.1884194225986
3803,train,8500,9383.728807536612,-883.7288075366123
3313,train,45000,38313.95808803646,6686.041911963541
2390,train,22000,13480.142422858564,8519.857577141436
3534,train,16500,16294.626872187246,205.37312781275432
379,train,40000,35177.0446991708,4822.955300829199
2532,train,15000,13194.330100802437,1805.6698991975627
684,train,150000,157629.24131483227,-7629.241314832267
4035,train,9000,9713.902892924707,-713.902892924707
2475,train,11000,11484.388733990338,-484.38873399033764
36,train,12500,11354.058924927716,1145.9410750722836
2642,train,10000,13311.042810896224,-3311.042810896224
1576,train,15000,14950.780745352511,49.219254647488924
2619,train,12500,13230.672104575202,-730.672104575202
3059,train,3000,4684.787042514573,-1684.787042514573
3633,train,15000,16009.630805351642,-1009.6308053516423
658,train,32000,29364.83725686351,2635.1627431364905
463,train,9500,7718.709243522805,1781.290756477195
299,train,20000,16279.642761724372,3720.3572382756283
3323,train,25000,24023.735621703894,976.2643782961059
2012,train,25000,31921.000245095693,-6921.000245095693
2503,train,12500,9648.42538614882,2851.5746138511804
3483,train,40000,42291.11648292438,-2291.116482924379
2733,train,9300,9404.73906548495,-104.7390654849496
2583,train,15000,14624.513791967045,375.4862080329549
1249,train,52000,34764.40308297462,17235.59691702538
2135,train,25000,28203.477938751774,-3203.4779387517738
3014,train,6500,8935.038324360872,-2435.038324360872
3072,train,12000,14097.776326913128,-2097.7763269131283
2134,train,21000,19781.94657306799,1218.0534269320087
4330,train,6000,7205.2330159853855,-1205.2330159853855
1995,train,15000,14409.511691494843,590.488308505157
981,train,23500,23966.321879514435,-466.32187951443484
1167,train,140000,148881.89352034594,-8881.89352034594
1701,train,5000,8205.838562465115,-3205.8385624651146
3868,train,23000,15374.599137179152,7625.4008628208485
540,train,35000,34426.81222911527,573.1877708847314
919,train,230000,289976.5291398201,-59976.52913982008
4265,train,34000,40262.84583478833,-6262.845834788328
3142,train,6500,10995.332603938661,-4495.332603938661
179,train,15000,14052.757635814469,947.2423641855312
3690,train,8500,8860.96026998567,-360.9602699856696
4070,train,17000,19881.270386355485,-2881.2703863554852
1195,train,90000,75233.87032953341,14766.129670466587
1245,train,26000,26043.1277246772,-43.127724677200604
216,train,7000,8789.350475347079,-1789.3504753470788
753,train,170000,154308.94920196544,15691.050798034557
3604,train,40000,40819.1183141174,-819.118314117397
4462,train,9000,8398.74494107471,601.2550589252896
3496,train,10000,10409.472834472212,-409.4728344722116
1711,train,7500,7370.945430571537,129.05456942846286
1398,train,140000,122998.29410098301,17001.70589901699
4283,train,15000,12612.232086160267,2387.7679138397325
4085,train,16000,13895.067426593858,2104.932573406142
1213,train,85000,85249.10512255212,-249.10512255212234
3286,train,10000,8409.530094691583,1590.4699053084169
2959,train,15000,10804.194189774134,4195.805810225866
3304,train,15000,12545.694032733254,2454.305967266746
120,train,6300,5816.756364395353,483.24363560464735
759,train,14000,16351.128143080641,-2351.128143080641
3969,train,24000,21926.71354320639,2073.2864567936085
3773,train,7500,6912.215027308329,587.7849726916711
2056,train,22500,18450.07897406809,4049.9210259319116
2620,train,14000,13250.824681556844,749.1753184431564
131,train,6000,6529.279049807625,-529.2790498076247
2300,train,12000,7713.320770986096,4286.679229013904
1096,train,110000,111838.14030256191,-1838.1403025619074
2169,train,18000,16784.887544023826,1215.1124559761738
4531,train,20000,13242.734849171182,6757.265150828818
4012,train,130000,95853.58780730159,34146.41219269841
743,train,25000,17515.635528620023,7484.364471379977
3916,train,9000,7634.975095795041,1365.024904204959
3527,train,12000,14398.452606796749,-2398.452606796749
680,train,30000,28001.546131516578,1998.4538684834224
4398,train,8000,9741.320684629212,-1741.3206846292123
4033,train,8500,8339.643624663064,160.35637533693625
2490,train,45000,29885.933433052833,15114.066566947167
2375,train,8000,7515.378818078025,484.6211819219752
2889,train,10000,10764.587897250221,-764.5878972502214
2328,train,25000,23477.3164497856,1522.6835502143986
797,train,200000,210209.75544018394,-10209.755440183944
4337,train,10000,10765.196193215743,-765.1961932157428
2800,train,12000,12629.31406931594,-629.3140693159403
4478,train,9000,10485.314874435313,-1485.314874435313
467,train,7500,8225.407549111775,-725.4075491117746
1169,train,65000,74363.88954051556,-9363.889540515564
2616,train,14000,8276.00501293882,5723.99498706118
2624,train,8000,18009.042267197667,-10009.042267197667
3826,train,15000,16408.437790781954,-1408.4377907819544
4500,train,30000,37762.13341412688,-7762.133414126882
1883,train,7500,7690.112268642515,-190.11226864251512
208,train,18000,15409.513686932598,2590.486313067402
281,train,6500,6075.3836202981975,424.61637970180254
492,train,20000,11478.875785836877,8521.124214163123
4704,train,35000,33297.1213415604,1702.8786584396003
2828,train,15000,17243.72093459424,-2243.720934594239
3373,train,35000,30955.15272878059,4044.847271219409
3106,train,15000,14219.53188208662,780.4681179133804
2350,train,8000,8685.602812616526,-685.6028126165256
1110,train,180000,146502.23657932007,33497.76342067993
1182,train,55000,65282.88213151667,-10282.882131516672
1603,train,12000,12788.284742831094,-788.2847428310943
2251,train,18500,14642.962538996038,3857.0374610039617
4714,train,17000,13010.701866342786,3989.298133657214
1441,train,65000,68533.85802263554,-3533.8580226355407
2817,train,30000,34534.8609296154,-4534.860929615403
512,train,11000,9341.398994819112,1658.601005180888
1076,train,45000,58518.4223353944,-13518.422335394403
1889,train,13000,12582.294276407316,417.7057235926841
3955,train,12500,12906.284053315823,-406.28405331582326
2689,train,30000,25027.421072211353,4972.578927788647
507,train,5000,4880.558652758768,119.4413472412316
1813,train,60000,51592.46687983483,8407.533120165172
2523,train,15000,14094.072510084254,905.9274899157463
3237,train,4500,4908.779496136089,-408.7794961360887
1605,train,36000,33484.226622992544,2515.7733770074556
2032,train,9000,10692.228913699773,-1692.2289136997733
3175,train,18000,14695.05265532487,3304.947344675131
1306,train,140000,171695.47611671872,-31695.476116718724
3941,train,28000,28810.888125140325,-810.8881251403254
2386,train,3500,4993.200628610575,-1493.2006286105752
4533,train,14000,13119.862809022867,880.1371909771333
497,train,10000,10562.85973722966,-562.8597372296608
3485,train,8000,7481.678951998354,518.321048001646
3378,train,7500,6759.889186933598,740.1108130664024
3438,train,12500,11690.658255327027,809.3417446729727
3540,train,72000,50828.48687707751,21171.513122922493
249,train,6000,7679.542314574784,-1679.5423145747836
954,train,40000,30516.48996685129,9483.510033148708
1649,train,22000,19687.139556163944,2312.860443836056
1415,train,25000,25554.380231908835,-554.3802319088354
4254,train,15000,13535.982598654207,1464.0174013457927
45,train,10000,12546.426023116514,-2546.4260231165135
1132,train,75000,97497.70190845443,-22497.70190845443
3209,train,14000,11719.78749197732,2280.2125080226797
3493,train,60000,51157.25061110246,8842.749388897537
3484,train,25000,22436.646698400917,2563.3533015990834
2392,train,11000,9433.519144447519,1566.4808555524814
94,train,20000,14493.214681433656,5506.785318566344
3897,train,11000,10564.158968662545,435.8410313374552
4324,train,52000,65204.26429652843,-13204.264296528432
1387,train,210000,243961.24742599705,-33961.24742599705
1700,train,6000,6302.133096164512,-302.1330961645117
4473,train,8000,10853.069682887874,-2853.0696828878736
4413,train,10000,13999.42736487164,-3999.4273648716407
3787,train,80000,93634.66917614186,-13634.669176141862
2400,train,16000,10850.10894395956,5149.89105604044
3007,train,12000,12397.620877813875,-397.62087781387527
3641,train,11000,13083.67067286386,-2083.67067286386
3659,train,18000,16883.74292885784,1116.2570711421613
1816,train,11000,11684.71258061918,-684.7125806191798
626,train,180000,222463.71907176412,-42463.71907176412
3588,train,18000,12331.569601339257,5668.430398660743
548,train,8000,13548.95369646785,-5548.95369646785
4586,train,37000,44428.844598076656,-7428.8445980766555
1443,train,55000,52839.3676882573,2160.632311742702
2807,train,15000,14200.438274522065,799.5617254779354
4167,train,85000,80191.31584123701,4808.68415876299
73,train,6500,7265.051263677581,-765.0512636775811
2498,train,25000,16374.36370622119,8625.63629377881
2679,train,35000,25014.311137744087,9985.688862255913
980,train,40000,47151.277030238736,-7151.277030238736
1532,train,50000,43097.166314665556,6902.833685334444
2128,train,13000,14053.100291119012,-1053.1002911190117
971,train,130000,162660.6216088121,-32660.6216088121
4013,train,27000,28806.423650792207,-1806.423650792207
195,train,6000,6962.49358112254,-962.4935811225396
260,train,25000,34315.332243650024,-9315.332243650024
1224,train,60000,53972.996972924244,6027.003027075756
162,train,3500,3877.3203320747048,-377.32033207470477
651,train,17500,23663.917955577446,-6163.917955577446
3584,train,22000,20286.064135942488,1713.935864057512
3900,train,23382,26380.351419690644,-2998.3514196906435
3998,train,18000,19313.080042899444,-1313.0800428994444
4390,train,20000,14770.653834293455,5229.346165706545
2935,train,14000,20152.65654562562,-6152.656545625621
686,train,160000,123357.20419229947,36642.79580770053
1668,train,15000,15884.421958157522,-884.4219581575217
2666,train,8500,11199.243214413837,-2699.2432144138365
3490,train,8500,10792.60741658911,-2292.6074165891096
3032,train,150000,95358.86062176601,54641.13937823399
4047,train,45000,55030.56659450992,-10030.566594509917
1342,train,18000,21335.56208879239,-3335.5620887923906
1348,train,140000,82222.49822902097,57777.501770979026
902,train,8000,12734.2080671112,-4734.2080671112
3314,train,22000,17942.092527455574,4057.907472544426
913,train,21000,24133.431358090267,-3133.431358090267
2574,train,45000,43797.643882912525,1202.3561170874746
1293,train,33000,29558.532453680833,3441.467546319167
4228,train,16000,12293.183516936138,3706.8164830638616
153,train,20000,20004.52718662077,-4.527186620769498
2974,train,9000,7729.170530491158,1270.8294695088416
4656,train,20000,13025.749386740272,6974.250613259728
586,train,38000,36438.83472888865,1561.1652711113493
3492,train,11000,10607.872261163333,392.12773883666705
1207,train,40000,20796.53121568576,19203.46878431424
1450,train,14000,16374.84134987335,-2374.84134987335
3639,train,10000,11735.212901361423,-1735.212901361423
4578,train,15000,21690.4255209227,-6690.425520922701
3344,train,8500,10024.925349334548,-1524.9253493345477
3847,train,40000,72579.0784066376,-32579.078406637607
4024,train,15000,13688.61414473285,1311.38585526715
3671,train,11000,11142.819723054075,-142.81972305407544
3226,train,38000,29567.559512081018,8432.440487918982
829,train,75000,52603.76185287975,22396.238147120253
1133,train,45000,63206.523700690355,-18206.523700690355
2737,train,13000,11167.256217927594,1832.7437820724062
4115,train,18000,14798.005076194466,3201.994923805534
3548,train,8500,9934.076533801226,-1434.076533801226
997,train,39000,45948.22054614904,-6948.220546149038
276,train,5000,5963.639145948998,-963.6391459489978
601,train,70000,79822.80280231245,-9822.80280231245
3203,train,80000,68878.93633830543,11121.06366169457
2360,train,6000,8046.773944689172,-2046.773944689172
3912,train,25000,19455.03965081686,5544.96034918314
2293,train,9000,7468.852633735774,1531.1473662642256
1745,train,5500,6553.2893715767295,-1053.2893715767295
11,train,5000,5901.566445868917,-901.5664458689171
3476,train,13000,14157.064306893659,-1157.0643068936588
1420,train,75000,62264.44881027637,12735.551189723628
554,train,23000,31049.925418592175,-8049.9254185921745
1268,train,43000,45394.804940883594,-2394.804940883594
4671,train,18000,19113.69812394157,-1113.698123941569
1643,train,20000,19944.67450450577,55.32549549423129
4327,train,7000,11100.378559086701,-4100.378559086701
2515,train,85000,62944.69990719327,22055.300092806727
2941,train,10000,7199.402096787275,2800.597903212725
948,train,45000,45657.33039333559,-657.3303933355928
3379,train,12500,12139.277005808051,360.7229941919486
1480,train,680000,348157.96654152015,331842.03345847985
3464,train,22000,20306.88915847018,1693.1108415298186
2125,train,20000,18126.613531099596,1873.386468900404
2285,train,24000,20204.534228258217,3795.465771741783
1315,train,40000,42314.57816064828,-2314.578160648278
983,train,110000,131080.63505336986,-21080.635053369857
3387,train,15000,12967.611716901154,2032.388283098846
2814,train,70000,45659.66642271046,24340.333577289537
2780,train,33000,37947.574408254564,-4947.574408254564
2771,train,9000,9764.720454107171,-764.7204541071715
2017,train,15000,9080.676786757882,5919.323213242118
2152,train,75000,49096.94556267766,25903.05443732234
3109,train,75000,50618.11805678036,24381.88194321964
3363,train,12000,11475.457285654142,524.5427143458583
1366,train,90000,77861.70403086276,12138.295969137238
414,train,8500,9614.02520746395,-1114.0252074639502
2658,train,29000,31333.432429462417,-2333.4324294624166
2137,train,13000,15981.133248433818,-2981.133248433818
1033,train,400000,263209.6190187896,136790.3809812104
2549,train,10000,18108.037113838396,-8108.037113838396
950,train,160000,197248.30362489322,-37248.30362489322
4004,train,9000,7688.3064607687475,1311.6935392312525
4113,train,9000,10590.380816931223,-1590.3808169312233
1208,train,52000,57627.41692827066,-5627.416928270657
1014,train,44000,50763.90555688593,-6763.905556885933
4080,train,18000,17287.303865116297,712.696134883703
2398,train,350000,89487.86721310567,260512.13278689433
2420,train,13000,13812.152677825152,-812.1526778251518
4231,train,10000,10286.086320676412,-286.08632067641156
113,train,12000,11301.036420930746,698.9635790692537
2500,train,22000,23408.186997831082,-1408.1869978310824
2489,train,8000,10628.197919539713,-2628.1979195397125
809,train,55000,68780.31281062245,-13780.312810622447
1447,train,170000,205859.87271042372,-35859.87271042372
835,train,40000,32027.4326324478,7972.567367552201
3232,train,7000,5675.479230036436,1324.520769963564
3596,train,9800,13087.711428507298,-3287.7114285072985
4083,train,14000,11997.799321150278,2002.200678849722
3160,train,12000,13072.57635611058,-1072.5763561105796
27,train,6000,8770.390846120961,-2770.390846120961
4109,train,6500,7385.88152445573,-885.88152445573
3709,train,20000,23805.19874219748,-3805.198742197481
1949,train,22000,16175.509273074542,5824.490726925458
4039,train,17000,16479.623038643873,520.3769613561271
3719,train,12000,12179.193285005775,-179.19328500577467
2221,train,18000,14961.060924339447,3038.9390756605535
1719,train,7000,6794.713666540738,205.2863334592621
3381,train,16000,14214.446269291824,1785.5537307081759
1971,train,10000,11776.63932077942,-1776.6393207794208
2306,train,8000,7962.092682630263,37.90731736973703
2110,train,8500,10355.40749992496,-1855.4074999249606
3297,train,29000,25601.20554612638,3398.794453873619
4051,train,15000,12723.889501262587,2276.110498737413
2681,train,30000,43062.67409792674,-13062.674097926742
3019,train,8000,9225.068622312287,-1225.0686223122866
2189,train,28000,29241.27772453281,-1241.2777245328107
3767,train,6000,6358.274041838694,-358.27404183869385
294,train,10000,11973.362043010558,-1973.3620430105584
115,train,14000,14152.547663714715,-152.54766371471487
4016,train,10000,11435.207051153056,-1435.2070511530565
2447,train,5500,6687.822065722148,-1187.8220657221482
2037,train,10000,9055.478419025218,944.5215809747824
3930,train,20000,19624.328051269087,375.67194873091285
4362,train,13000,13583.383683377328,-583.3836833773275
3799,train,15000,14120.424178861062,879.5758211389384
1029,train,180000,163150.9514093592,16849.0485906408
88,train,6500,7377.192766003721,-877.1927660037209
900,train,180000,147089.22796641407,32910.772033585934
1309,train,85000,66572.39750164973,18427.602498350272
4065,train,8000,11655.87386145855,-3655.873861458551
2147,train,39000,39645.73032805971,-645.7303280597116
3509,train,110000,46344.96680884662,63655.03319115338
1371,train,49000,54840.983133431655,-5840.983133431655
552,train,14000,21790.30688904124,-7790.30688904124
1692,train,10000,9263.097762382275,736.9022376177254
989,train,150000,128412.859280739,21587.140719261006
3361,train,16000,16527.98380407374,-527.9838040737413
646,train,80000,39373.854817024636,40626.145182975364
2243,train,4700,6259.387408715568,-1559.3874087155682
2058,train,12000,13721.26904787202,-1721.2690478720197
1591,train,8000,6967.5015917365645,1032.4984082634355
3728,train,10000,10493.238172464651,-493.23817246465114
4171,train,10000,12447.589924136833,-2447.5899241368334
2591,train,30000,31630.64214200637,-1630.6421420063707
4621,train,11500,11111.166854761734,388.8331452382663
739,train,65000,51760.9832626867,13239.0167373133
4169,train,14000,12090.93253910505,1909.0674608949503
3806,train,5000,6408.530044668548,-1408.5300446685478
1108,train,24000,29979.8085146763,-5979.808514676301
2849,train,25000,17258.579527388632,7741.420472611368
4660,train,140000,153872.1219686131,-13872.121968613093
726,train,150000,203207.26867366352,-53207.26867366352
2070,train,8000,10697.300608912918,-2697.3006089129176
2543,train,6000,8645.610330395457,-2645.610330395457
4238,train,8500,11372.87497896177,-2872.8749789617705
4249,train,12000,8613.085254801297,3386.914745198703
3469,train,9000,11029.304827121487,-2029.3048271214866
2851,train,14000,13405.241504893167,594.7584951068329
2151,train,17500,22022.013410435145,-4522.0134104351455
2395,train,11000,15798.14859637419,-4798.148596374191
2547,train,45000,26799.28056435556,18200.71943564444
1640,train,15000,17415.876980218818,-2415.876980218818
3770,train,16000,20481.12793903253,-4481.127939032529
4212,train,12500,12306.431525580783,193.56847441921673
3935,train,18000,15381.235961429267,2618.7640385707327
400,train,6000,7069.8969911815875,-1069.8969911815875
59,train,8500,10850.18687279109,-2350.1868727910896
563,train,40000,46640.49044353943,-6640.490443539427
3890,train,10500,9740.03353693148,759.9664630685202
775,train,36000,40765.82595601417,-4765.825956014167
1737,train,6000,6648.39657637611,-648.3965763761098
4359,train,95000,84578.2544792195,10421.745520780503
1454,train,55000,61376.55833381518,-6376.558333815177
2785,train,23000,22027.14937805922,972.8506219407791
2980,train,90000,79464.89575636334,10535.104243636655
1652,train,15000,11520.093806912693,3479.9061930873067
4576,train,15000,14064.55717633345,935.4428236665499
2779,train,20000,24038.002762058833,-4038.0027620588335
3425,train,14000,14122.481520910325,-122.48152091032534
4674,train,19000,17608.311602511458,1391.6883974885423
2898,train,11000,10191.948608249928,808.0513917500721
2604,train,21000,34640.86197687681,-13640.861976876811
523,train,25000,22020.892486816265,2979.107513183735
3409,train,20000,18683.536759205286,1316.4632407947138
2141,train,15000,16823.333963332432,-1823.3339633324322
4720,train,13000,14203.111535845925,-1203.1115358459247
1086,train,200000,127596.47491052255,72403.52508947745
286,train,12000,8830.049785278128,3169.950214721872
1992,train,8500,11910.362397832723,-3410.362397832723
1841,train,12000,11586.167981384122,413.83201861587804
2282,train,6500,7774.995915924404,-1274.9959159244036
1416,train,75000,77029.02893548126,-2029.0289354812558
1452,train,7000,16041.544656768805,-9041.544656768805
4055,train,25000,21899.113541588347,3100.8864584116527
2766,train,10000,12153.53702189179,-2153.5370218917906
967,train,32000,36015.08351760159,-4015.08351760159
4135,train,14000,17042.59292059024,-3042.5929205902394
2975,train,9000,11804.507296981126,-2804.5072969811263
2683,train,13000,16939.34561191044,-3939.345611910441
3347,train,7000,7121.0182637825255,-121.01826378252554
650,train,250000,250972.82724197672,-972.8272419767163
1650,train,6000,5936.060829289138,63.93917071086162
4727,train,15000,18816.59593212328,-3816.5959321232804
3669,train,13500,10084.854991934508,3415.145008065492
5,train,7000,7605.239158867032,-605.2391588670316
2294,train,7500,13305.605276857135,-5805.605276857135
4438,train,7000,8422.186935826916,-1422.186935826916
58,train,7000,9100.009062857833,-2100.0090628578328
2649,train,7000,8269.078132992476,-1269.0781329924757
754,train,29999,28193.33331474134,1805.6666852586604
3522,train,15000,11206.165289860333,3793.8347101396666
4310,train,9000,8745.154114263154,254.84588573684596
2101,train,18000,18685.238077680315,-685.2380776803147
3321,train,20000,22853.948803216197,-2853.948803216197
1406,train,45000,51694.966423414975,-6694.966423414975
2511,train,45000,28954.563549709503,16045.436450290497
26,train,5300,5860.579901927967,-560.5799019279666
4043,train,12000,11283.98330231304,716.0166976869605
4026,train,20000,15008.154080663038,4991.845919336962
1843,train,15000,14905.045663289116,94.95433671088358
315,train,8000,10388.49001539967,-2388.4900153996696
3489,train,15000,14361.589882049759,638.4101179502413
660,train,47000,44312.776446335396,2687.223553664604
2593,train,19500,17585.52227097112,1914.4777290288803
325,train,14000,11539.707030988426,2460.2929690115743
4481,train,15000,16011.210590606122,-1011.2105906061224
1394,train,12000,12722.745078301856,-722.7450783018558
1233,train,55000,64152.18349055082,-9152.183490550822
4651,train,22000,32916.42147621345,-10916.42147621345
2710,train,16500,15825.731722859147,674.2682771408527
1189,train,12500,16504.078036472645,-4004.078036472645
678,train,32000,21576.785330269035,10423.214669730965
536,train,49000,26295.289540704096,22704.710459295904
2829,train,20000,19287.00816611075,712.9918338892494
2914,train,150000,130371.46260246163,19628.53739753837
2336,train,120000,63236.15345315678,56763.84654684322
1002,train,190000,199284.38757076825,-9284.387570768245
2578,train,12000,9410.909072639044,2589.090927360956
2854,train,10000,10301.177917454876,-301.17791745487557
4573,train,6500,9412.505843165703,-2912.5058431657035
4244,train,6000,8813.010798924985,-2813.0107989249846
2067,train,30000,41566.507729747194,-11566.507729747194
2225,train,110000,56447.9535515236,53552.0464484764
49,train,15000,14611.038439995924,388.9615600040761
2540,train,15000,14986.513296845409,13.486703154590941
3994,train,9000,7270.612979300314,1729.3870206996862
3510,train,8500,6640.492624303457,1859.507375696543
2983,train,15000,15475.074230462138,-475.0742304621381
1421,train,350000,208265.09139302946,141734.90860697054
4399,train,55000,30802.259782717832,24197.740217282168
460,train,12500,12188.116887174041,311.88311282595896
2759,train,15000,13294.504865552517,1705.495134447483
3120,train,8500,15550.917352452405,-7050.917352452405
2481,train,150000,115618.44006806743,34381.55993193257
3915,train,6500,8409.342609081628,-1909.3426090816283
2199,train,19500,15521.28391587793,3978.7160841220702
4112,train,12000,12508.050779715588,-508.05077971558785
3042,train,30000,28312.11093820846,1687.8890617915386
3327,train,13000,12278.28616278125,721.7138372187492
3292,train,14000,13349.630286254165,650.3697137458348
3182,train,20000,15316.869440668279,4683.130559331721
1869,train,15000,19696.685935361565,-4696.6859353615655
3368,train,10000,10420.198160437863,-420.1981604378634
2469,train,45000,25001.021810210612,19998.978189789388
119,train,14000,12075.36165234432,1924.6383476556803
3730,train,19397,18531.77682150084,865.22317849916
367,train,21000,19929.60047609204,1070.3995239079595
1986,train,17000,10009.170433746924,6990.829566253076
1912,train,9300,9911.256933302568,-611.2569333025676
3651,train,8000,8988.017590988024,-988.0175909880236
2099,train,8000,8511.245171531207,-511.24517153120723
116,train,5000,4370.905177353401,629.0948226465989
3958,train,50000,57369.61365951791,-7369.613659517912
3111,train,6500,7404.3293181471945,-904.3293181471945
3521,train,30000,30404.203127644967,-404.203127644967
3865,train,10677,12136.838926048502,-1459.838926048502
4626,train,45000,45826.61014282859,-826.610142828591
649,train,18000,23216.013180215356,-5216.0131802153555
1519,train,54000,49637.90601033729,4362.09398966271
3697,train,12000,15168.961349272304,-3168.961349272304
1081,train,300000,253933.2402533211,46066.7597466789
2211,train,12000,13163.545769777946,-1163.5457697779457
3372,train,16500,21867.82456774784,-5367.824567747841
1391,train,27000,38276.21681017589,-11276.216810175887
1811,train,23000,18694.351870041188,4305.648129958812
2063,train,12500,8472.041233044825,4027.9587669551747
3467,train,10000,15451.039604399079,-5451.039604399079
4198,train,15000,15584.342062140118,-584.3420621401183
2156,train,12000,14373.507170674024,-2373.5071706740237
3570,train,15000,16831.555394422936,-1831.555394422936
1654,train,10000,11725.824275689434,-1725.8242756894342
4056,train,36000,25530.8372575152,10469.162742484801
615,train,60000,49117.21173045955,10882.788269540448
4314,train,19500,18253.64339718414,1246.3566028158602
4687,train,30000,68738.5700126137,-38738.570012613694
3946,train,12500,14270.687632575346,-1770.6876325753456
3043,train,10000,11656.813815170639,-1656.813815170639
509,train,6000,6271.139110563461,-271.13911056346114
4424,train,35000,40402.89592581905,-5402.895925819052
3173,train,10000,11483.649479349335,-1483.6494793493348
1357,train,75000,82281.10355298902,-7281.103552989021
947,train,40000,47609.1576605571,-7609.157660557103
912,train,100000,36425.75109462181,63574.24890537819
532,train,130000,159945.412081864,-29945.412081863993
3342,train,18999,17185.011971887274,1813.9880281127262
3055,train,6000,7874.583169949829,-1874.5831699498294
1688,train,22000,20908.528692688622,1091.471307311378
3034,train,15000,13720.55935051467,1279.4406494853301
2947,train,12000,13238.094551436128,-1238.0945514361283
447,train,12000,15852.273571633095,-3852.2735716330953
3542,train,17000,16693.921156364147,306.07884363585254
3918,train,12500,16543.67046656735,-4043.6704665673496
2611,train,20500,17806.553022640397,2693.446977359603
624,train,150000,154597.13241254727,-4597.132412547275
87,train,22000,17349.074093362815,4650.925906637185
1612,train,13500,12887.365896034933,612.634103965067
1906,train,160000,155183.40473114102,4816.595268858975
3700,train,160000,82888.1086185326,77111.8913814674
2691,train,14500,13788.540661957682,711.4593380423175
2424,train,27000,30613.432749315118,-3613.4327493151177
789,train,180000,156172.7131547079,23827.28684529211
2932,train,10000,11954.40722299605,-1954.4072229960493
1536,train,15000,13195.164717334135,1804.8352826658647
4152,train,120000,115481.74529333475,4518.254706665248
1050,train,30000,36895.2778493232,-6895.277849323204
4698,train,25000,16031.714704078102,8968.285295921898
4464,train,6500,8074.794999398882,-1574.7949993988823
2337,train,7000,7619.770676441125,-619.770676441125
864,train,18000,22109.36538684832,-4109.36538684832
2000,train,32000,18404.97384357934,13595.02615642066
2784,train,10000,12221.408897949897,-2221.4088979498974
4162,train,7000,9671.482586202746,-2671.4825862027465
382,train,6500,6695.578991734798,-195.57899173479836
2086,train,17500,13105.351851538584,4394.648148461416
1712,train,14000,13608.63308988703,391.3669101129708
68,train,6500,7687.471051631217,-1187.471051631217
1863,train,20000,17551.69717063648,2448.3028293635216
2159,train,12000,12798.746632856592,-798.7466328565915
1601,train,55000,49604.33684202113,5395.663157978866
4040,train,9000,10397.030832047616,-1397.030832047616
926,train,77500,69427.1392248619,8072.860775138106
4272,train,45000,48244.55184629804,-3244.55184629804
602,train,150000,141637.9887106916,8362.0112893084
77,train,5000,6314.367633396519,-1314.3676333965186
2315,train,7000,7519.6423098724445,-519.6423098724445
478,train,18000,17472.297141243518,527.7028587564819
3266,train,35000,28556.48706473819,6443.51293526181
2188,train,12500,12178.958680484702,321.0413195152978
4708,train,20000,20223.2027613128,-223.20276131280116
4711,train,17000,14584.47502139368,2415.5249786063196
1785,train,9000,9102.614922207702,-102.61492220770197
371,train,7000,8662.212633115478,-1662.2126331154777
1392,train,26000,21734.570896030207,4265.429103969793
1316,train,650000,458288.59004174644,191711.40995825356
3242,train,15000,17235.947330405324,-2235.9473304053245
1695,train,56000,61225.74958784685,-5225.749587846847
2399,train,16000,17085.163762365322,-1085.1637623653223
895,train,45000,44638.49919662393,361.5008033760678
1827,train,10000,10668.4522781048,-668.4522781047999
4015,train,13000,12671.344312826352,328.6556871736484
1749,train,15000,17702.905229580618,-2702.9052295806177
2309,train,12500,10818.488552088827,1681.5114479111726
1799,train,6500,7186.75273363491,-686.7527336349103
3239,train,10000,9133.877064135464,866.122935864536
2123,train,25000,22653.312284844018,2346.687715155982
1217,train,58000,68817.70830344933,-10817.708303449326
283,train,10000,8767.661491730927,1232.338508269073
133,train,4700,5315.918754809525,-615.9187548095251
1855,train,8000,7673.92620128857,326.07379871142984
3959,train,40000,39655.90223630742,344.0977636925818
908,train,32000,31864.107240167912,135.8927598320879
2826,train,20000,17376.151266980974,2623.8487330190255
731,train,40000,34448.625424336824,5551.374575663176
3224,train,12000,13826.797416087784,-1826.7974160877839
3606,train,12000,9501.14928027536,2498.85071972464
1969,train,18000,16353.102772201875,1646.8972277981247
3434,train,20000,18001.200654492946,1998.7993455070537
3450,train,5000,6316.715791019279,-1316.715791019279
4665,train,14000,11423.531770391268,2576.468229608732
2036,train,12000,10329.31390841829,1670.6860915817106
4350,train,26000,22596.334894144013,3403.6651058559873
4068,train,8000,9200.15256847404,-1200.152568474041
888,train,35000,40084.53651889074,-5084.536518890738
1283,train,21000,23860.594305572307,-2860.5943055723073
4636,train,12000,14035.361562426035,-2035.3615624260347
15,train,40000,21967.250601475527,18032.749398524473
1000,train,25000,23426.01920979157,1573.9807902084285
3205,train,23000,24331.82258611078,-1331.8225861107785
4099,train,5400,6137.017463662919,-737.017463662919
403,train,5000,6103.359316315032,-1103.3593163150317
847,train,300000,394354.4859027278,-94354.48590272781
2445,train,23000,13381.729173581722,9618.270826418278
1669,train,11500,9211.809092683947,2288.190907316053
4445,train,6000,5966.736391478722,33.263608521278
350,train,5500,7826.610201921808,-2326.610201921808
278,train,6500,5730.995691918659,769.0043080813412
375,train,9900,9648.077913514477,251.92208648552332
3620,train,45000,33385.305240690395,11614.694759309605
358,train,12000,9582.154103746469,2417.8458962535315
644,train,55000,52552.603987820876,2447.396012179124
617,train,84500,79278.02174277914,5221.978257220864
1655,train,21000,18590.053286755865,2409.946713244135
2961,train,40000,30819.901880371464,9180.098119628536
3090,train,15000,17459.92324505234,-2459.9232450523414
2317,train,11000,9604.76573496026,1395.2342650397404
3508,train,6800,6733.228824105687,66.77117589431327
879,train,28000,29080.496668148797,-1080.4966681487967
2942,train,35000,32119.70546191256,2880.2945380874407
3216,train,7000,7474.54762561651,-474.54762561651023
2731,train,18000,20248.784842481946,-2248.784842481946
4227,train,12000,12898.799395754477,-898.7993957544768
3275,train,23000,27058.54464269909,-4058.5446426990893
4440,train,9000,11294.522154725431,-2294.5221547254314
3670,train,26000,18853.243814308822,7146.756185691178
2577,train,25000,23591.865522340417,1408.1344776595834
2038,train,25000,19366.147754634087,5633.852245365913
4447,train,21000,14985.784558165087,6014.215441834913
407,train,35000,34198.829643045334,801.1703569546662
3996,train,8000,9984.488328817428,-1984.4883288174278
1730,train,29000,28396.940587143963,603.0594128560369
387,train,6000,6954.844899518941,-954.844899518941
1781,train,20000,22138.717637957398,-2138.7176379573975
3702,train,6000,6609.194702924741,-609.1947029247413
4683,train,8000,10442.79004995213,-2442.7900499521293
2510,train,11500,11976.433992182185,-476.43399218218474
1764,train,4500,6422.962219538243,-1922.9622195382426
4419,train,6000,6149.7304847040705,-149.73048470407048
474,train,7000,7682.415906864088,-682.4159068640884
3339,train,12000,7559.733488020459,4440.266511979541
2235,train,12000,12843.293083027376,-843.2930830273763
1042,train,14000,16036.67614012661,-2036.6761401266103
3828,train,70000,68839.551470039,1160.448529960995
3093,train,15000,15378.92029449899,-378.9202944989902
738,train,55100,53167.39894208026,1932.601057919739
2412,train,20000,14585.725306716526,5414.274693283474
3810,train,28000,16807.061478896176,11192.938521103824
273,train,15000,9038.494305023793,5961.505694976207
4693,train,12000,12315.09059818532,-315.0905981853193
4384,train,13000,16450.382910499364,-3450.382910499364
1458,train,27000,26735.186716480624,264.81328351937555
943,train,15000,27172.15457091256,-12172.15457091256
3194,train,16000,16401.585935860032,-401.5859358600319
1664,train,20000,17322.676401686927,2677.3235983130726
134,train,14000,9868.041035296801,4131.958964703199
3236,train,7000,7040.00199324971,-40.00199324970981
1171,train,54000,51342.382440395995,2657.617559604005
1818,train,10000,14681.517727078575,-4681.517727078575
413,train,6800,7494.772649733821,-694.7726497338208
1273,train,65000,65034.753580561664,-34.75358056166442
2266,train,15000,15297.702440663114,-297.7024406631135
511,train,5000,6256.7690248292065,-1256.7690248292065
2966,train,18000,17918.676699173167,81.32330082683256
3171,train,11500,13108.197178781762,-1608.197178781762
569,train,65000,53912.60781870714,11087.39218129286
524,train,70000,80178.69116936738,-10178.691169367376
3646,train,12000,14123.70420545655,-2123.70420545655
1966,train,10000,10520.040558673396,-520.0405586733959
4205,train,7500,10483.703506684167,-2983.703506684167
2981,train,200000,163774.64925829292,36225.35074170708
825,train,55000,66845.14134249995,-11845.141342499948
2595,train,25000,16999.641350743972,8000.358649256028
3992,train,9500,11664.914330290316,-2164.914330290316
2638,train,45000,44382.893266993065,617.1067330069345
3276,train,11000,10405.20293717156,594.7970628284402
394,train,8500,10451.280640084537,-1951.2806400845366
81,train,8200,6851.56788266959,1348.4321173304097
3975,train,10000,9833.768426121447,166.2315738785528
3049,train,15000,11332.64070201492,3667.35929798508
1615,train,12000,12194.17310086667,-194.1731008666702
72,train,16000,14024.452067899332,1975.5479321006678
2716,train,8000,10181.958957050954,-2181.9589570509543
3047,train,30000,25336.803837991203,4663.196162008797
2087,train,6500,8030.650991985964,-1530.6509919859636
2971,train,12000,12872.40635523348,-872.4063552334792
3170,train,25000,23949.120506917872,1050.8794930821277
3878,train,13000,13852.253285132792,-852.2532851327924
1089,train,6000,8212.00556004223,-2212.0055600422293
29,train,12500,11395.617699437254,1104.3823005627455
3114,train,15000,12031.440594092563,2968.5594059074374
3300,train,8200,9509.23354827521,-1309.2335482752096
339,train,7500,7722.754444822914,-222.75444482291368
3421,train,6000,8292.835371293215,-2292.835371293215
1125,train,14000,17898.922814137513,-3898.9228141375133
2072,train,8000,7794.651254563927,205.34874543607293
3616,train,17500,15943.950325521777,1556.049674478223
1748,train,8500,7684.765560022775,815.2344399772246
550,train,20000,30570.182339833482,-10570.182339833482
3287,train,7000,11640.58801147633,-4640.5880114763295
2205,train,280000,130825.72064375432,149174.27935624568
785,train,85000,42998.098178259286,42001.901821740714
2124,train,14000,14425.827218115386,-425.82721811538613
84,train,6700,8512.551836959796,-1812.5518369597958
2504,train,15000,16200.669283174966,-1200.669283174966
1633,train,20000,14861.256041923554,5138.743958076446
3073,train,75000,54643.23675783333,20356.76324216667
2743,train,530000,221085.02265413047,308914.9773458695
2761,train,50000,40643.12723241815,9356.872767581852
2181,train,9500,10779.773100142185,-1279.7731001421853
2973,train,31000,28893.625523313058,2106.374476686942
2455,train,5000,6836.801822155416,-1836.8018221554157
1163,train,40000,46944.135046403484,-6944.135046403484
2289,train,4000,5061.245873968193,-1061.2458739681933
4253,train,11000,11426.864556558497,-426.8645565584975
3515,train,17000,17428.641202262643,-428.64120226264276
4114,train,60000,71310.1307402845,-11310.130740284498
1540,train,12000,12306.18406887554,-306.1840688755401
3513,train,10000,11995.515018294955,-1995.5150182949546
4692,train,7500,8732.066231959618,-1232.0662319596177
1470,train,80000,78476.13772409486,1523.862275905136
2068,train,25000,20347.423100581473,4652.576899418527
3432,train,10500,11318.935164685594,-818.9351646855939
679,train,150000,152084.64742250435,-2084.6474225043494
2633,train,22000,15201.23339580948,6798.7666041905195
2915,train,13000,14699.336256587916,-1699.336256587916
543,train,21000,25791.889620986203,-4791.889620986203
1793,train,30000,31261.264660425717,-1261.264660425717
2402,train,8000,8694.019260296986,-694.0192602969855
940,train,36000,27356.766468231133,8643.233531768867
352,train,7000,7950.880581150344,-950.8805811503444
1023,train,45000,46661.59720305548,-1661.5972030554767
786,train,75000,73288.75529189958,1711.2447081004211
1964,train,6500,6609.128488278327,-109.12848827832659
3051,train,20000,15852.212604501505,4147.787395498495
2647,train,5500,9644.59457469504,-4144.59457469504
3520,train,8000,8433.036188612456,-433.0361886124556
2866,train,8000,10713.81439959882,-2713.8143995988194
4136,train,25000,23924.537957734912,1075.4620422650878
1031,train,20000,17743.676281303,2256.323718697
2472,train,9000,9523.152113380374,-523.1521133803744
284,train,1500,3781.811485131779,-2281.811485131779
3721,train,16000,18323.999080173715,-2323.999080173715
4554,train,7500,9092.110153804493,-1592.1101538044932
1667,train,14500,14943.919744485269,-443.9197444852689
2627,train,25000,21190.58407990701,3809.41592009299
2880,train,7000,7038.592585259534,-38.592585259533735
2076,train,6000,8563.69165536742,-2563.69165536742
4052,train,5500,6899.466479627506,-1399.4664796275056
4048,train,20000,20428.958752917963,-428.95875291796256
3656,train,16000,17052.04782133996,-1052.0478213399583
2260,train,100000,65420.306644053446,34579.693355946554
1945,train,30000,23035.321064809188,6964.678935190812
1486,train,45000,48472.64718302345,-3472.6471830234514
308,train,13000,14332.974460924326,-1332.9744609243262
1150,train,65000,71353.87150698656,-6353.8715069865575
762,train,53500,47094.90744852216,6405.092551477843
1638,train,30000,35273.47525019622,-5273.475250196221
599,train,120000,139660.82648863553,-19660.826488635532
3005,train,20000,18220.29908884372,1779.7009111562802
253,train,12000,14119.314949731099,-2119.3149497310987
143,train,8000,9601.102582397314,-1601.102582397314
1738,train,16000,18433.26861893806,-2433.2686189380584
2341,train,11000,15113.129962025781,-4113.129962025781
4219,train,9000,10793.216225599295,-1793.2162255992953
4486,train,12000,11660.99966362203,339.0003363779706
3129,train,8500,9919.736883265672,-1419.736883265672
3388,train,7500,12453.591746299753,-4953.591746299753
1122,train,40000,35036.69096262219,4963.3090373778105
4370,train,30000,37008.79233769533,-7008.792337695333
51,train,7500,6350.860209699155,1149.1397903008447
1770,train,10000,13633.275644241843,-3633.275644241843
3554,train,16000,12442.524299452178,3557.4757005478223
2564,train,14500,23059.408231847003,-8559.408231847003
3253,train,12000,12817.2367023371,-817.2367023371007
2319,train,60000,50416.533644624826,9583.466355375174
2254,train,17600,16294.534088768622,1305.4659112313784
2910,train,13000,15083.2465943618,-2083.246594361801
2929,train,42000,39547.13524678053,2452.8647532194664
4378,train,12000,13285.87355147018,-1285.8735514701802
4351,train,8000,7501.12835095412,498.8716490458801
845,train,28000,39511.885682162094,-11511.885682162094
4130,train,12000,10405.751440483338,1594.2485595166618
3691,train,5000,6212.555484289188,-1212.555484289188
674,train,32000,32852.47458778244,-852.4745877824389
1959,train,10000,6904.016152569829,3095.9838474301714
2752,train,7000,9497.940698437724,-2497.9406984377238
1623,train,6500,7622.270133830874,-1122.2701338308743
3964,train,16000,18482.307892054294,-2482.307892054294
4701,train,12500,12071.1106345535,428.88936544649914
1629,train,15000,15380.725780615938,-380.72578061593777
3085,train,16000,16891.091533832972,-891.0915338329723
2354,train,17000,16305.795248517945,694.2047514820551
4159,train,17500,17206.65322968181,293.34677031818865
1621,train,18000,16687.270104572057,1312.7298954279431
4614,train,9500,12196.699553574568,-2696.699553574568
1776,train,12000,14459.957075228405,-2459.9570752284053
436,train,7000,11988.445722559656,-4988.445722559656
3384,train,16000,18239.643923778145,-2239.643923778145
732,train,180000,163097.98268929255,16902.01731070745
415,train,5000,6528.99778683136,-1528.99778683136
3271,train,13000,12870.858068650748,129.14193134925154
993,train,200000,221337.3889233385,-21337.388923338498
2419,train,16000,14694.001458009787,1305.9985419902132
529,train,160000,56614.550477658275,103385.44952234172
1594,train,4500,6845.492717312657,-2345.492717312657
52,train,5000,7554.772236877616,-2554.772236877616
354,train,10000,10533.790714263523,-533.7907142635231
1218,train,130000,88012.14006630328,41987.859933696716
3877,train,7000,4841.819961268969,2158.1800387310313
4282,train,7000,10812.186499136455,-3812.1864991364546
4648,train,15000,12165.97212879362,2834.027871206379
2894,train,23000,22612.948031379157,387.0519686208427
454,train,8500,8498.762713988095,1.237286011904871
2789,train,30000,26698.337772715997,3301.662227284003
995,train,48000,39014.53852125646,8985.461478743542
2764,train,15000,19258.644092970033,-4258.644092970033
152,train,5000,7965.664238052649,-2965.664238052649
813,train,45000,51552.53483291959,-6552.534832919591
82,train,15000,12504.395703416782,2495.6042965832185
1662,train,8000,9379.6157545165,-1379.6157545165006
2333,train,9000,11375.28898602662,-2375.2889860266205
723,train,80000,76577.93694697501,3422.063053024991
3863,train,15000,13774.763636125428,1225.236363874572
2832,train,8000,12113.236772674154,-4113.236772674154
695,train,17000,20744.207315495078,-3744.2073154950776
2844,train,28000,25141.69690727486,2858.3030927251384
3760,train,8000,6427.540634540348,1572.459365459652
4375,train,25000,21236.666646477806,3763.3333535221936
2608,train,32000,33370.850562935295,-1370.8505629352949
2684,train,11000,9778.187799430852,1221.8122005691475
1007,train,39000,34358.924676937786,4641.075323062214
4354,train,10000,12547.145015490658,-2547.145015490658
1082,train,80000,51053.56403884669,28946.435961153307
2518,train,32000,29628.595380085593,2371.404619914407
1717,train,5500,6771.702591906512,-1271.7025919065118
4639,train,80000,73212.05413823036,6787.945861769636
3910,train,5500,5832.308114295273,-332.3081142952733
4328,train,16500,18836.199741926062,-2336.1997419260624
3804,train,35000,29506.195269674754,5493.804730325246
1430,train,58000,48505.01482102841,9494.98517897159
3505,train,6500,5445.015809393823,1054.9841906061774
3364,train,12000,11947.627103365892,52.37289663410775
2209,train,180000,92160.40301025039,87839.59698974961
4411,train,8000,10191.765095835512,-2191.7650958355116
2231,train,11000,12116.079306454287,-1116.0793064542868
2765,train,30000,22784.496164483968,7215.503835516032
2479,train,25000,23151.902232150183,1848.0977678498166
1404,train,50000,42483.657077836426,7516.342922163574
246,train,10000,12638.63612816617,-2638.6361281661702
2711,train,100000,98362.18288435825,1637.817115641752
3541,train,10000,8175.32743504428,1824.6725649557202
1916,train,14000,14078.73630886927,-78.73630886926912
2562,train,10000,8358.959695392346,1641.0403046076535
2831,train,40000,29376.48515132671,10623.51484867329
513,train,10000,10774.063423756172,-774.0634237561717
397,train,6000,5704.051040184645,295.948959815355
581,train,28000,23816.03501977119,4183.964980228811
3311,train,280000,167411.11060021233,112588.88939978767
2130,train,24000,20979.08067984555,3020.9193201544513
3156,train,18000,19253.056408672903,-1253.0564086729028
3837,train,12000,14184.066650756982,-2184.066650756982
984,train,150000,194400.83184109448,-44400.83184109448
4193,train,30000,27308.892422209985,2691.107577790015
3598,train,15000,16365.124864914997,-1365.1248649149966
3665,train,15000,13522.508821076799,1477.491178923201
244,train,15000,16871.93297884352,-1871.9329788435207
327,train,7000,7311.689783457402,-311.689783457402
1569,train,12000,13193.128338896158,-1193.1283388961583
4388,train,10000,12493.457105909161,-2493.4571059091613
3310,train,14500,13660.740808697132,839.2591913028682
161,train,10000,9676.020329791992,323.9796702080075
2198,train,7500,8779.46541305486,-1279.4654130548606
3913,train,23000,19669.42457780648,3330.5754221935204
1180,train,25000,25269.967472145552,-269.96747214555216
4111,train,12000,13383.407871625424,-1383.4078716254244
1350,train,21000,22424.950743771387,-1424.9507437713874
4575,train,17500,18245.839553294838,-745.839553294838
1794,train,120000,102717.92124013347,17282.078759866534
2859,train,40000,33600.30864563684,6399.69135436316
3161,train,16000,12545.480377737871,3454.519622262129
368,train,5000,5352.045240258479,-352.04524025847877
4524,train,7500,9731.950615955624,-2231.950615955624
3686,train,25000,23134.570428266627,1865.4295717333735
1697,train,25000,20048.62556997652,4951.374430023479
3358,train,4200,6565.2291420413085,-2365.2291420413085
4147,train,20000,19857.50423448353,142.49576551646896
3579,train,18000,16770.71754253197,1229.2824574680308
3472,train,7000,12994.0636178235,-5994.0636178235
4145,train,10500,12454.366874087764,-1954.3668740877638
4103,train,14000,13848.479556784852,151.52044321514768
18,train,11000,11002.784969405973,-2.784969405973243
2256,train,8000,9827.564193527032,-1827.5641935270323
2561,train,15000,11867.767279751442,3132.2327202485576
498,train,10500,13283.676809233079,-2783.6768092330785
199,train,24000,13668.048834516767,10331.951165483233
1339,train,46700,51244.051492596394,-4544.051492596394
657,train,160000,135687.28956108994,24312.710438910057
3893,train,14000,16044.516018218963,-2044.516018218963
2907,train,40000,34192.37402853098,5807.625971469017
139,train,15000,16959.296941507124,-1959.2969415071238
3739,train,13500,12774.013765257685,725.986234742315
518,train,5000,6018.936678397285,-1018.9366783972846
1057,train,45000,37129.07520668188,7870.924793318118
4216,train,45000,59646.812075970854,-14646.812075970854
3797,train,25000,19669.43369689218,5330.566303107818
3648,train,11000,11299.04380578681,-299.0438057868105
958,train,50000,60658.23922324148,-10658.239223241479
1620,train,11000,9763.315189743333,1236.6848102566673
430,train,5000,5750.677183103849,-750.6771831038486
734,train,140000,132551.87608359117,7448.123916408833
1865,train,20000,19638.364204696816,361.63579530318384
2664,train,30000,33858.09238395057,-3858.0923839505704
3833,train,12000,13499.263408415012,-1499.2634084150122
440,train,8000,7200.579991186239,799.4200088137613
4387,train,9000,9592.969629934158,-592.9696299341576
2720,train,9000,8580.15905208002,419.84094791997995
2707,train,70000,95058.58825007385,-25058.58825007385
4174,train,25000,20153.955478960168,4846.044521039832
4363,train,12000,15439.191968409707,-3439.1919684097065
974,train,98000,112266.39824770685,-14266.39824770685
3488,train,17000,23892.925923308565,-6892.925923308565
3461,train,25000,24673.348646182043,326.651353817957
3264,train,14000,14895.487818090603,-895.4878180906035
918,train,75000,51174.490407220655,23825.509592779345
3812,train,14000,11546.037966251719,2453.962033748281
2956,train,52000,33428.16428332606,18571.835716673937
2551,train,8000,11727.404761164493,-3727.404761164493
1541,train,7000,7495.845324118523,-495.8453241185234
3048,train,13000,15384.895483263459,-2384.895483263459
4676,train,10000,10400.049558411825,-400.0495584118253
1191,train,55000,49537.45924089099,5462.540759109012
402,train,9000,8762.061184238572,237.9388157614285
4645,train,5000,6078.9672419377,-1078.9672419377002
1646,train,8000,8487.477399430189,-487.4773994301886
4525,train,25000,23415.983015253223,1584.0169847467769
3605,train,17000,15094.676079031711,1905.3239209682888
2485,train,17000,16200.669283174966,799.330716825034
4049,train,16000,11329.64263163764,4670.35736836236
3366,train,15723,17224.824912293378,-1501.8249122933776
1514,train,17000,15506.123140057676,1493.8768599423238
1626,train,13000,10689.258907600626,2310.741092399374
2252,train,4750,5858.653324680362,-1108.653324680362
357,train,7000,6837.273574981734,162.72642501826613
4069,train,15000,20121.78018117634,-5121.780181176338
2572,train,200000,83375.31225066651,116624.68774933349
4661,train,65000,66157.06949388202,-1157.0694938820234
2976,train,27000,23546.37509138917,3453.624908610829
2136,train,8500,8541.939086855107,-41.939086855107234
177,train,4000,6731.862239036735,-2731.8622390367354
1325,train,26000,24173.292182828533,1826.7078171714675
1008,train,190000,170935.3916407859,19064.608359214093
2778,train,25000,23138.94819581782,1861.0518041821815
4547,train,7500,7890.668188792316,-390.66818879231596
3369,train,3000,4782.745172813267,-1782.7451728132673
166,train,8000,10420.686395337094,-2420.686395337094
2030,train,15000,19469.722242443306,-4469.722242443306
3459,train,15000,16496.481527696164,-1496.4815276961635
2034,train,22000,16016.789725750346,5983.210274249654
101,train,35000,36098.56356724797,-1098.5635672479693
882,train,75000,46235.90954618681,28764.090453813187
2573,train,20000,19707.585056426407,292.4149435735926
2265,train,7500,9158.220342493309,-1658.2203424933086
1239,train,100000,62405.75013066114,37594.24986933886
3816,train,18000,13462.644875141217,4537.355124858783
4276,train,19000,14024.928996577808,4975.071003422192
4637,train,14500,15148.79885260618,-648.7988526061799
1009,train,84000,74945.35423882652,9054.64576117348
3867,train,32500,40079.704617216885,-7579.704617216885
3267,train,8000,9081.222757057145,-1081.222757057145
870,train,20000,22229.484391249985,-2229.4843912499855
90,train,18000,18446.798058288616,-446.7980582886157
2311,train,26000,27690.192110197157,-1690.1921101971566
2049,train,4300,6274.024928689605,-1974.024928689605
3906,train,11000,9948.516574643176,1051.4834253568242
2796,train,10000,12522.759266413437,-2522.759266413437
34,train,22000,14259.838058682355,7740.161941317645
793,train,19000,16904.88417710509,2095.11582289491
780,train,61000,92067.08063864724,-31067.08063864724
3675,train,24000,22720.205086748887,1279.794913251113
2075,train,140000,137568.8389678312,2431.161032168806
1121,train,57000,101821.87389584638,-44821.87389584638
972,train,25000,25996.867730686285,-996.8677306862846
3880,train,9500,11982.780935098412,-2482.7809350984116
1844,train,35000,33141.335613870186,1858.6643861298144
2288,train,8500,7862.360000098988,637.6399999010118
3664,train,8500,10439.032545944601,-1939.0325459446012
2598,train,12000,12166.113455348232,-166.11345534823158
1405,train,29000,28055.029225353024,944.9707746469758
4405,train,15000,20164.22931459092,-5164.229314590921
2162,train,9000,9201.388039919044,-201.38803991904388
1041,train,75000,60196.86067307146,14803.13932692854
3980,train,300000,90873.39664782055,209126.60335217946
2884,train,9000,15260.497511546424,-6260.497511546424
314,train,7000,7667.372322962172,-667.3723229621719
1164,train,45000,36450.68261278524,8549.31738721476
1990,train,16000,12874.439163381976,3125.560836618024
4602,train,13000,12621.921917966345,378.07808203365494
1831,train,9000,7567.719444114032,1432.2805558859682
54,train,11000,10027.999929133943,972.0000708660573
1272,train,330000,191313.8791619579,138686.1208380421
2196,train,16000,18221.688344446437,-2221.6883444464365
2742,train,40000,41305.28587914233,-1305.2858791423278
1788,train,7000,7181.344766976729,-181.34476697672926
3235,train,6500,7941.370286440424,-1441.370286440424
2476,train,35000,26880.38835456856,8119.61164543144
3157,train,9500,11738.771777493026,-2238.771777493026
2566,train,24000,17312.03640908928,6687.96359091072
3279,train,100000,93904.83689295086,6095.163107049142
3731,train,12000,12744.358600266787,-744.3586002667871
3986,train,10000,9183.079150599424,816.9208494005761
1696,train,43000,40209.59235772595,2790.4076422740472
1464,train,25000,24905.032173328127,94.9678266718729
1203,train,27000,31341.064113296816,-4341.064113296816
2634,train,4500,6042.6160102904905,-1542.6160102904905
3262,train,5250,5445.2374195937655,-195.23741959376548
2822,train,6500,8816.082816720342,-2316.0828167203417
2891,train,55000,48014.38884169446,6985.611158305539
1533,train,7000,7441.702273187604,-441.7022731876041
3822,train,11500,10910.293135766135,589.7068642338654
1926,train,20000,21065.615056645227,-1065.615056645227
1753,train,20000,24266.16423857402,-4266.16423857402
3525,train,40000,24421.387553705707,15578.612446294293
1498,train,61500,73559.16526230714,-12059.165262307142
1807,train,15000,12456.506426723136,2543.4935732768645
3989,train,9000,10716.582010280534,-1716.5820102805337
3050,train,12000,12217.090842802607,-217.09084280260686
3283,train,18000,14964.74099590373,3035.2590040962696
2991,train,25000,20959.323862840454,4040.6761371595458
4307,train,36000,22177.490964631772,13822.509035368228
2229,train,11500,11876.307869451597,-376.30786945159707
242,train,7500,7663.492064984795,-163.49206498479543
782,train,42000,58628.32001900826,-16628.320019008257
2410,train,13500,13162.0829087033,337.91709129670016
4207,train,8000,6984.270730876861,1015.7292691231387
960,train,65000,77938.55198062997,-12938.55198062997
4545,train,47000,56675.878996443804,-9675.878996443804
3402,train,19000,14146.233492318812,4853.766507681188
801,train,45000,35098.939467749085,9901.060532250915
2825,train,7500,9712.837834032229,-2212.837834032229
4319,train,13000,13277.192214099709,-277.1922140997085
3636,train,10000,9627.609542700693,372.39045729930695
232,train,35000,32432.320417618677,2567.6795823813227
1144,train,47000,47616.09651488884,-616.0965148888426
2534,train,30000,28386.59950324229,1613.4004967577093
1059,train,50000,45308.44698331732,4691.553016682679
504,train,25000,13922.264276658354,11077.735723341646
751,train,92500,77516.56340337872,14983.436596621279
4038,train,26000,24418.42636527747,1581.5736347225284
3097,train,8000,6511.728873663798,1488.2711263362016
4584,train,13000,10557.351146687894,2442.6488533121064
2027,train,12000,11944.835150892606,55.16484910739382
4263,train,6000,7391.42833144801,-1391.4283314480099
4340,train,8000,10247.45051836941,-2247.450518369409
3350,train,21000,19005.64428577653,1994.3557142234713
823,train,69999,64743.14779951783,5255.852200482172
1644,train,13000,12900.990004699479,99.00999530052104
2536,train,80000,70327.0826976937,9672.917302306305
3983,train,27000,47648.42760086202,-20648.42760086202
4170,train,10000,11044.078785428796,-1044.0787854287955
346,train,20000,19090.147153977323,909.8528460226771
1048,train,94000,66381.01603459238,27618.98396540762
343,train,9500,7574.170526704809,1925.8294732951908
1682,train,23000,22907.466175061905,92.53382493809477
2275,train,8500,7208.641681516612,1291.3583184833878
516,train,7500,7019.318861388803,480.68113861119673
781,train,70000,72844.11154679515,-2844.111546795146
2363,train,35000,40913.05931462757,-5913.059314627571
2020,train,14000,17601.003129052602,-3601.003129052602
4579,train,9000,8409.571375680718,590.4286243192819
12,train,6500,7127.6387329428435,-627.6387329428435
3624,train,34999,38448.564698465336,-3449.564698465336
3929,train,30000,23317.18455588511,6682.815444114891
256,train,5000,6194.558560926475,-1194.5585609264754
2804,train,12000,15667.038660278624,-3667.038660278624
3993,train,49000,45644.111660558694,3355.888339441306
4268,train,9500,10868.372217422677,-1368.3722174226768
3999,train,18000,18216.652447247572,-216.65244724757213
656,train,18000,19171.557786684218,-1171.5577866842177
105,train,6000,7184.067356517586,-1184.0673565175857
3814,train,33000,34365.43013320664,-1365.4301332066389
1056,train,57000,62171.39857865619,-5171.39857865619
3089,train,10000,10759.013942509984,-759.0139425099842
1448,train,34000,23648.371110864064,10351.628889135936
3118,train,17500,16172.208026916742,1327.7919730832582
3349,train,14000,11980.14657403846,2019.8534259615408
4700,train,6000,6362.27055920094,-362.2705592009397
1432,train,45000,53703.59381184511,-8703.593811845109
4589,train,44000,44653.45987120865,-653.4598712086517
25,train,7000,8553.583421960137,-1553.5834219601365
4482,train,6800,7487.0586784591205,-687.0586784591205
3625,train,7000,9449.38733602586,-2449.3873360258603
4397,train,13000,14220.2847396428,-1220.2847396428006
104,train,180000,21050.613386410696,158949.3866135893
3722,train,9000,10876.004151155998,-1876.0041511559975
332,train,20000,22151.30575826779,-2151.30575826779
4088,train,140000,152525.33399878407,-12525.333998784074
4317,train,16000,15569.42178734994,430.57821265005987
168,train,6500,7028.098772575801,-528.0987725758014
817,train,40000,36276.61572162413,3723.3842783758664
2016,train,10000,8928.929938851079,1071.070061148921
3857,train,12000,11606.920135548877,393.0798644511233
4106,train,14000,13596.234690310355,403.7653096896447
4071,train,12000,10976.063713370428,1023.9362866295724
500,train,12000,11440.647014431472,559.3529855685283
4237,train,28000,23440.25891533031,4559.741084669691
1522,train,10500,12884.269815161186,-2384.2698151611858
1094,train,20000,22167.135958261464,-2167.135958261464
3529,train,8000,9777.641901878178,-1777.641901878178
2450,train,22000,29456.15731199694,-7456.15731199694
621,train,34000,27095.478932328315,6904.521067671685
1215,train,21000,26856.981275991013,-5856.981275991013
2331,train,18000,15685.939998074826,2314.060001925174
1304,train,18500,15635.845338241106,2864.154661758894
391,train,8500,8625.86684787652,-125.86684787651939
1172,train,180000,186641.66384617207,-6641.663846172072
2382,train,65000,64092.05600892132,907.9439910786823
3921,train,75000,78166.60590078386,-3166.605900783863
2952,train,40000,41435.224584206066,-1435.2245842060656
3399,train,19000,22248.008687774993,-3248.0086877749927
2499,train,9000,9722.673552102673,-722.673552102673
1505,train,9500,9188.70978652691,311.29021347309026
1759,train,18000,13779.09479773389,4220.905202266111
2019,train,17000,19689.28537388135,-2689.28537388135
4270,train,30000,30516.454546966852,-516.4545469668519
439,train,6500,7449.5337956397,-949.5337956396997
2466,train,75000,55064.820085456246,19935.179914543754
4422,train,6000,6275.040347016579,-275.0403470165793
476,train,14000,12295.835559722953,1704.164440277047
792,train,18000,18370.509306550302,-370.5093065503024
1018,train,65000,56991.61127269416,8008.388727305843
172,train,7000,5882.207774540885,1117.792225459115
1847,train,10000,11463.55731366765,-1463.5573136676503
1475,train,90000,85329.2492380443,4670.7507619557
633,train,210000,131617.82894231705,78382.17105768295
79,train,8000,6311.669120025283,1688.3308799747174
2304,train,12000,11342.547207010295,657.4527929897049
4475,train,22000,21874.78398672076,125.21601327924145
4528,train,7500,10035.83288217183,-2535.8328821718296
2178,train,6500,8116.964841333372,-1616.9648413333716
2338,train,28000,24382.854288569437,3617.145711430563
1241,train,100000,121091.17195322525,-21091.171953225246
4376,train,8500,7854.813291278414,645.186708721586
857,train,190000,139238.57662650346,50761.42337349654
4017,train,10000,10973.143346224067,-973.1433462240675
2370,train,16000,18342.745638489137,-2342.7456384891375
2670,train,25000,23938.636039621353,1061.3639603786469
2906,train,19000,14505.988534646018,4494.011465353982
3307,train,6500,7136.376752596841,-636.3767525968406
1915,train,7000,7354.948832602795,-354.94883260279494
567,train,32000,34232.863646141945,-2232.8636461419446
4713,train,8000,8046.589298838791,-46.589298838791365
3015,train,9000,10036.260325202944,-1036.260325202944
4142,train,65000,48677.093123245904,16322.906876754096
961,train,33000,35371.664333939676,-2371.664333939676
1184,train,100000,111985.4931680035,-11985.493168003493
4295,train,8500,7385.217787958116,1114.7822120418841
1090,train,280000,313298.9820765904,-33298.982076590415
2802,train,22000,23810.026857489418,-1810.026857489418
3984,train,10000,11236.86705427005,-1236.8670542700493
3295,train,9000,10668.419598594233,-1668.4195985942333
2519,train,20000,16425.352294706616,3574.647705293384
3792,train,18000,15480.816231389144,2519.1837686108556
710,train,6500,24548.814601945047,-18048.814601945047
2998,train,10000,10119.529101686157,-119.52910168615745
3808,train,15000,12401.341953229197,2598.6580467708027
3905,train,11000,10790.386069629492,209.61393037050766
1118,train,50000,57217.89985714751,-7217.8998571475095
1677,train,10000,8009.4440748852785,1990.5559251147215
2361,train,11000,9081.411551668722,1918.5884483312784
988,train,41000,55789.98510151995,-14789.985101519953
562,train,25000,29300.10971818959,-4300.109718189589
66,train,5000,5612.279517332342,-612.279517332342
3191,train,15000,14897.045460867677,102.95453913232268
3037,train,10000,12844.92328313839,-2844.9232831383906
3926,train,24000,22050.92802169621,1949.0719783037894
3564,train,20000,12747.927565846001,7252.072434153999
3835,train,8000,10665.51037111708,-2665.5103711170796
4165,train,10000,11082.5926357966,-1082.5926357966
515,train,65000,42318.646270421326,22681.353729578674
91,train,12000,9758.794264323538,2241.2057356764617
4315,train,25000,18298.141389582743,6701.858610417257
1957,train,15000,20941.76853771604,-5941.7685377160415
2432,train,38000,25896.96429503387,12103.035704966129
1954,train,15000,15630.820976280123,-630.8209762801234
4157,train,7000,9446.418842713485,-2446.418842713485
1803,train,20000,21874.460997278078,-1874.4609972780781
3458,train,17000,13240.541254919746,3759.4587450802537
3116,train,40000,51350.05541131619,-11350.055411316192
251,train,6000,7562.891195230259,-1562.8911952302587
4583,train,25000,20523.170673171968,4476.829326828032
527,train,14000,20646.551427883227,-6646.551427883227
938,train,32000,34885.90577442327,-2885.9057744232705
1777,train,9000,8658.865940210591,341.13405978940864
876,train,40000,43636.681981691654,-3636.681981691654
3763,train,85000,90558.1029341423,-5558.102934142298
1210,train,55000,67164.78431643824,-12164.784316438236
1728,train,23000,14274.194351689279,8725.805648310721
3115,train,25000,23356.179735424597,1643.8202645754027
2305,train,14000,13931.439855606459,68.56014439354112
2740,train,45000,48403.61114350206,-3403.6111435020575
3769,train,32000,26880.92882997769,5119.071170022311
1914,train,13000,12223.612653096847,776.3873469031532
1457,train,42000,45673.182987243395,-3673.1829872433955
3704,train,6500,6485.855600775346,14.14439922465408
1427,train,400000,337536.17609280464,62463.82390719536
3354,train,25000,20562.52595585708,4437.47404414292
3273,train,11000,10150.86601953144,849.1339804685595
437,train,5000,5631.2667478599315,-631.2667478599315
3460,train,3500,6237.224778657364,-2737.2247786573644
3149,train,19000,15552.744471259928,3447.255528740072
909,train,50000,66053.21825412809,-16053.218254128093
2213,train,22000,18640.010077771934,3359.9899222280656
769,train,110000,83539.05093431461,26460.94906568539
1968,train,13000,12856.552555096097,143.44744490390258
3824,train,12000,17015.363778130763,-5015.3637781307625
37,train,7000,6674.159632244889,325.8403677551114
3638,train,12500,9901.436610607436,2598.563389392564
1678,train,8000,10672.368329320123,-2672.368329320123
4084,train,35000,32230.65612678755,2769.3438732124487
2576,train,9500,10061.188011437092,-561.1880114370924
434,train,22000,20211.930878652332,1788.0691213476675
936,train,48000,43692.76149261908,4307.23850738092
856,train,150000,212547.32648892858,-62547.32648892858
4717,train,16000,16531.1059658825,-531.1059658824997
377,train,5000,6078.457137300997,-1078.4571373009967
2427,train,80000,87359.40152496165,-7359.40152496165
144,train,8000,8500.156905217156,-500.15690521715624
4474,train,6500,4960.295167013799,1539.704832986201
4444,train,16000,18991.551918466444,-2991.5519184664445
3643,train,15000,12480.707931904204,2519.292068095796
2024,train,130000,143162.51774603434,-13162.51774603434
2770,train,22000,25431.5855792917,-3431.585579291699
3341,train,33000,30192.37813260339,2807.6218673966105
3256,train,11000,11347.121620825003,-347.12162082500254
4695,train,10500,7780.779324142294,2719.220675857706
546,train,100000,72370.57745605435,27629.42254394565
1307,train,80000,77778.080928848,2221.919071152006
3576,train,7000,7394.9351070905905,-394.93510709059046
423,train,12000,8714.306638484535,3285.693361515465
1723,train,15000,16784.887544023826,-1784.8875440238262
2298,train,13000,12569.769490309931,430.2305096900691
307,train,9000,9449.26497562095,-449.2649756209503
2284,train,16000,15842.1052262507,157.89477374929993
544,train,150000,61766.59027660803,88233.40972339196
2093,train,8500,9534.343121773294,-1034.3431217732941
779,train,190000,170660.81604438045,19339.18395561955
2672,train,28000,32656.65702785905,-4656.657027859052
2177,train,9500,11848.340940919968,-2348.3409409199685
585,train,24000,26218.84998720778,-2218.849987207781
2203,train,16000,13516.136494910235,2483.8635050897647
4631,train,10000,9996.303936743405,3.696063256595153
2456,train,20500,19378.103946418378,1121.8960535816223
4239,train,12500,13405.243565288572,-905.2435652885724
2911,train,44000,39235.9889862182,4764.011013781797
1956,train,10000,10967.17790072623,-967.1779007262303
2405,train,15000,17548.55151711599,-2548.5515171159896
2899,train,11500,11938.459471105984,-438.45947110598354
3053,train,10000,10787.986257518654,-787.9862575186544
4346,train,30000,26321.340919285823,3678.6590807141765
2833,train,95000,67311.11578614752,27688.884213852478
1967,train,6000,8195.426220856843,-2195.4262208568434
138,train,8500,9326.554164530262,-826.5541645302619
2431,train,35000,28428.19157279396,6571.8084272060405
2977,train,12500,13156.8380609559,-656.8380609559008
1731,train,12000,13647.23838880509,-1647.23838880509
3502,train,17000,13901.890039040658,3098.109960959342
4691,train,7500,8223.038444024749,-723.038444024749
3427,train,30000,24767.591823719282,5232.408176280718
1884,train,22000,19956.48294855734,2043.5170514426609
1687,train,39000,22997.17709502606,16002.822904973938
1106,train,27000,26741.38713173291,258.61286826708965
4260,train,11500,12476.81808737472,-976.8180873747206
715,train,16000,20673.578644111934,-4673.578644111934
1332,train,39000,31685.780676246362,7314.219323753638
4225,train,25000,17831.203275107953,7168.796724892047
3649,train,10000,9301.276658837854,698.7233411621455
1377,train,32000,32006.45283442541,-6.452834425410401
157,train,12000,14450.431342021264,-2450.431342021264
198,train,9000,10058.300909888805,-1058.300909888805
1039,train,30000,23574.1891230128,6425.8108769872015
4353,train,15000,16958.784525599607,-1958.7845255996072
3672,train,18000,13689.297014613052,4310.702985386948
760,train,45000,40573.07269840604,4426.927301593962
23,train,6500,10004.333947804476,-3504.3339478044763
1542,train,9000,8613.658851455806,386.34114854419386
4559,train,8000,6797.2993863633055,1202.7006136366945
4680,train,6500,6899.996323386445,-399.9963233864446
3101,train,14000,19612.64723629522,-5612.647236295219
931,train,55000,54078.50117747223,921.4988225277702
1520,train,14500,12246.19764598819,2253.80235401181
4506,train,8000,10163.185511156522,-2163.185511156522
2480,train,8000,7979.066478038864,20.93352196113574
2064,train,21000,22914.072280937697,-1914.0722809376966
3708,train,17000,13859.811135313796,3140.1888646862044
1531,train,13000,11488.078670392866,1511.9213296071339
3895,train,10500,9265.75308372503,1234.2469162749694
525,train,45000,34008.67019896152,10991.329801038482
1661,train,13000,12771.749779894908,228.250220105092
639,train,100000,114817.0461745095,-14817.046174509494
3705,train,10000,10570.403065995835,-570.4030659958353
3258,train,17500,16400.49313290166,1099.5068670983383
2200,train,75000,51501.49013912486,23498.509860875143
3044,train,15000,13762.69783080662,1237.302169193381
1509,train,13000,11369.44338389436,1630.5566161056395
1070,train,65000,82668.41026882184,-17668.41026882184
419,train,6000,5689.821373442793,310.1786265572073
3135,train,10000,10857.287700224322,-857.2877002243222
1467,train,110000,104302.5097649043,5697.490235095698
1952,train,15000,13377.314531828908,1622.685468171092
2226,train,5500,8283.758151249773,-2783.7581512497727
2175,train,9500,10406.460807599937,-906.4608075999367
1267,train,6000,14073.718233596053,-8073.718233596053
2041,train,60000,45550.5414503455,14449.458549654497
3549,train,10000,11357.86474244907,-1357.86474244907
3208,train,13000,13958.510978773736,-958.5109787737365
4722,train,13000,12765.962079989837,234.03792001016336
3711,train,11500,14716.919173994344,-3216.9191739943435
4417,train,25000,21130.726136836496,3869.273863163504
3761,train,220000,205062.6431850578,14937.356814942206
4484,train,12000,15259.887645048755,-3259.887645048755
2323,train,18000,18420.27339528451,-420.2733952845083
1577,train,21000,20507.775382123462,492.2246178765381
392,train,35000,33340.00857164747,1659.9914283525286
3441,train,28000,26945.52669308685,1054.4733069131507
4543,train,11000,10892.735491445997,107.26450855400253
3076,train,20500,15667.414642984399,4832.585357015601
951,train,36000,33465.47967448915,2534.52032551085
404,train,8000,12875.061325073326,-4875.061325073326
2823,train,17000,20950.33727241406,-3950.337272414061
1079,train,95000,79199.42946071406,15800.570539285938
1718,train,10000,11538.147525585106,-1538.1475255851055
1484,train,78000,50248.01012738771,27751.989872612292
321,train,12000,13823.647793792665,-1823.6477937926647
2944,train,7000,7532.635423071441,-532.6354230714414
4318,train,15000,11605.781518400052,3394.218481599948
2585,train,70000,56578.451447175124,13421.548552824876
1878,train,45000,63201.686426692126,-18201.686426692126
4677,train,9000,9786.842601390477,-786.8426013904773
2066,train,28000,47115.14769581394,-19115.14769581394
3582,train,15000,13078.384957612481,1921.6150423875188
643,train,18000,19455.553263810743,-1455.5532638107434
2603,train,35000,48133.58422954363,-13133.58422954363
4597,train,9500,11795.110065471024,-2295.1100654710244
2704,train,7500,7665.6538691135975,-165.65386911359747
712,train,38000,33148.42097415201,4851.57902584799
14,train,8500,11364.614546835552,-2864.6145468355517
962,train,27000,34210.81924513053,-7210.819245130529
401,train,15000,14595.64734346822,404.35265653178067
2554,train,7500,8168.8775308762215,-668.8775308762215
4289,train,12000,12204.810706874445,-204.8107068744448
2487,train,16000,17591.905569273335,-1591.9055692733345
3257,train,11000,12913.789776086742,-1913.7897760867418
2873,train,15000,11144.324471426255,3855.6755285737454
2953,train,8500,10251.574775256615,-1751.5747752566149
3788,train,22999,22258.712258011376,740.2877419886245
2073,train,10000,12405.368847401713,-2405.3688474017126
3447,train,22000,16116.545005704858,5883.454994295142
3858,train,17000,12274.48430209684,4725.51569790316
1192,train,90000,77884.24424566524,12115.755754334765
1766,train,10000,12465.843614151048,-2465.8436141510483
156,train,7000,7880.731058477812,-880.7310584778124
1936,train,31000,24184.069547995517,6815.9304520044825
3172,train,11000,12240.072716955352,-1240.072716955352
1725,train,12000,13003.589969216837,-1003.5899692168368
2397,train,60000,60257.381885569564,-257.3818855695645
442,train,6000,6746.328981119374,-746.3289811193736
1790,train,8500,11351.61737113599,-2851.6173711359897
4367,train,21467,12085.525003046834,9381.474996953166
4520,train,45000,50336.82775645222,-5336.827756452221
466,train,6500,6737.879694834812,-237.87969483481174
3718,train,60000,89775.99355408859,-29775.993554088593
362,train,8000,10290.98433849538,-2290.98433849538
1270,train,280000,207365.57684762697,72634.42315237303
48,train,30000,23508.41354287613,6491.586457123871
2521,train,35000,25694.58520771299,9305.41479228701
4643,train,7500,6549.5979801443455,950.4020198556545
2242,train,14000,17059.01941976196,-3059.0194197619603
4199,train,22500,20079.330610266836,2420.6693897331643
820,train,50000,49948.05887695078,51.94112304921873
1468,train,20000,23972.50269584693,-3972.5026958469316
2180,train,25000,20360.832101128035,4639.167898871965
3052,train,36000,24905.551941222147,11094.448058777853
982,train,250000,272268.0269262428,-22268.026926242805
92,train,9000,8260.45995374253,739.5400462574707
867,train,170000,156691.08244594483,13308.917554055166
4321,train,12000,11655.613302017116,344.38669798288356
1227,train,130000,137457.97195939973,-7457.971959399729
1734,train,32000,29028.104482941915,2971.895517058085
597,train,14000,27005.612437468168,-13005.612437468168
3904,train,11000,12712.912548296845,-1712.9125482968448
2313,train,14000,13418.039250192798,581.9607498072019
2908,train,8000,8391.610906407728,-391.6109064077282
3022,train,6500,6979.926915306713,-479.92691530671345
1761,train,31000,26163.025870731024,4836.974129268976
702,train,21000,29627.811558281435,-8627.811558281435
3800,train,15000,14740.275048515326,259.7249514846735
4230,train,14000,11589.781051356455,2410.2189486435454
4702,train,26000,22319.08957192842,3680.91042807158
1312,train,60000,53488.65244790911,6511.3475520908905
2996,train,23000,17104.13613629198,5895.8638637080185
603,train,62000,70979.1188923576,-8979.118892357597
2096,train,8000,8093.698022898257,-93.69802289825657
2735,train,7500,8925.931770232999,-1425.931770232999
784,train,60000,50335.747320901355,9664.252679098645
2268,train,14000,10927.581167829703,3072.418832170297
2433,train,16000,14161.828887286652,1838.1711127133476
4658,train,11000,12853.662536368152,-1853.6625363681524
4057,train,20000,23800.910419057167,-3800.910419057167
1344,train,88000,62636.9957604525,25363.004239547503
4480,train,15000,18936.278345050723,-3936.278345050723
1388,train,200000,151821.2324286414,48178.76757135859
1529,train,28000,24027.363822897096,3972.636177102904
2933,train,17000,15428.9790618526,1571.0209381473996
783,train,27000,23446.67296559322,3553.3270344067787
4561,train,17000,13820.06694839469,3179.9330516053105
911,train,62000,59647.16855394872,2352.8314460512775
1061,train,100000,96035.89473543728,3964.1052645627205
878,train,15000,21626.346412284896,-6626.346412284896
342,train,8500,8762.448213006388,-262.44821300638796
2739,train,44300,42597.92891319939,1702.0710868006136
1539,train,65000,63145.34966903955,1854.6503309604523
1199,train,300000,272517.2392451959,27482.760754804127
897,train,51000,58321.70953502218,-7321.709535022179
3013,train,7000,8652.76426888166,-1652.7642688816595
4194,train,16500,19322.638772907245,-2822.638772907245
1085,train,44000,46528.434046279006,-2528.434046279006
2937,train,27000,25587.679793927113,1412.3202060728872
3842,train,25000,18666.95431205277,6333.045687947229
1141,train,35000,39238.539181451204,-4238.539181451204
2091,train,6500,5068.954770914435,1431.0452290855646
3774,train,10000,9359.670189114424,640.3298108855761
122,train,6800,6339.262995692333,460.7370043076671
3371,train,18000,16690.369059305056,1309.630940694944
880,train,25000,22979.208000221595,2020.7919997784047
2717,train,14000,15285.658274016605,-1285.658274016605
2992,train,10000,11345.949289749185,-1345.9492897491855
3901,train,9500,12738.04797075829,-3238.047970758291
1571,train,9000,7967.772242209925,1032.227757790075
1259,train,38000,45745.1189272071,-7745.118927207099
4452,train,6000,8307.399705442143,-2307.3997054421434
3630,train,200000,98611.11175172446,101388.88824827554
3595,train,9000,7715.765526777042,1284.2344732229576
303,train,12000,9864.234033537527,2135.7659664624734
659,train,55000,50536.13099340483,4463.869006595167
1784,train,25000,22581.065700788793,2418.934299211207
1866,train,11000,13469.043499319216,-2469.0434993192157
2676,train,10000,9687.813922590502,312.18607740949847
1998,train,12500,13096.934057537543,-596.9340575375427
4108,train,37000,45706.65431172392,-8706.65431172392
4241,train,10000,10659.032629138059,-659.0326291380588
3222,train,75000,77331.34483924312,-2331.3448392431164
1488,train,65000,76165.84750915543,-11165.847509155428
1810,train,9750,10112.81963752965,-362.8196375296502
4490,train,23000,24855.792483773363,-1855.7924837733626
4064,train,14000,17613.897719106404,-3613.897719106404
728,train,55000,60204.17516892128,-5204.175168921283
1198,train,70000,65440.86583096277,4559.134169037228
1800,train,10000,12904.730014672201,-2904.730014672201
3746,train,11000,11229.2304259054,-229.2304259053999
3750,train,7000,8730.200129102426,-1730.2001291024262
4437,train,9000,7323.566675842527,1676.4333241574732
2727,train,15000,17688.134522818724,-2688.134522818724
141,train,13000,10241.579648550902,2758.4203514490982
16,train,6000,7163.688397334123,-1163.6883973341228
335,train,14000,13621.696262817615,378.3037371823848
4662,train,60000,33829.95292288738,26170.04707711262
1856,train,15000,14005.584988278599,994.4150117214012
1021,train,500000,473921.86520657653,26078.134793423465
1102,train,180000,112663.9619110491,67336.0380889509
1341,train,280000,215374.6637021343,64625.336297865695
4218,train,15000,13665.01691144231,1334.9830885576903
60,train,5000,5580.23032395426,-580.2303239542598
2002,train,9000,8816.075532191515,183.92446780848513
452,train,12000,9735.752869862716,2264.2471301372843
475,train,6000,7489.682218211901,-1489.6822182119013
2596,train,18000,18385.518753228454,-385.51875322845444
3158,train,12000,13786.410605368985,-1786.4106053689848
4709,train,12000,12749.182035341913,-749.1820353419134
2964,train,6000,7486.489773795642,-1486.4897737956417
2307,train,11000,12643.96538241223,-1643.9653824122306
212,train,12000,14716.41740735297,-2716.4174073529703
1328,train,35000,31569.9660428617,3430.033957138301
1946,train,12000,11626.47560080334,373.52439919665994
388,train,15000,12136.124186324054,2863.875813675946
1597,train,8000,8352.449671255445,-352.4496712554446
2797,train,15000,12242.461415699072,2757.538584300928
3423,train,6300,5902.651897471005,397.3481025289948
1478,train,380000,322222.6859679229,57777.31403207709
1246,train,72000,73592.34364385676,-1592.3436438567587
4021,train,35000,28285.2138183573,6714.786181642699
4287,train,8000,7861.986765816472,138.01323418352786
2539,train,10500,16669.793291568094,-6169.793291568094
322,train,3200,4518.115448247872,-1318.1154482478723
1897,train,18000,18568.6644584,-568.6644583999987
4139,train,10000,7728.929660662851,2271.0703393371487
819,train,11000,10574.801881412548,425.198118587452
664,train,25500,40289.923821232,-14789.923821231998
3860,train,19500,18078.14296705419,1421.857032945809
282,train,17500,11816.199886348279,5683.800113651721
4420,train,15000,13085.760988089343,1914.2390119106567
3212,train,12000,11046.525878604218,953.4741213957823
2856,train,25000,18276.757833941683,6723.242166058317
3151,train,16000,17014.683106404595,-1014.6831064045946
3338,train,13500,14145.370787297334,-645.3707872973337
1240,train,13000,14459.694342034829,-1459.6943420348289
1149,train,85000,81172.45934910189,3827.5406508981105
1105,train,37000,42164.73924051232,-5164.739240512317
566,train,75000,58359.38958432325,16640.610415676747
3567,train,25000,27148.848411506126,-2148.8484115061256
4435,train,25000,22865.67985816499,2134.320141835011
1983,train,7000,6794.448179926503,205.55182007349686
3717,train,45000,37145.18407262614,7854.8159273738565
2776,train,13000,14839.538984480609,-1839.5389844806086
380,train,40000,38422.51275936266,1577.4872406373397
2104,train,100000,56640.22308654288,43359.77691345712
3742,train,5000,6034.103364176772,-1034.1033641767717
4240,train,25000,25293.50564927115,-293.5056492711483
2615,train,8500,11002.00514663806,-2502.005146638059
3040,train,24000,16256.511335364088,7743.488664635912
2339,train,55000,52137.42993127576,2862.5700687242424
1423,train,32000,37287.109933937965,-5287.109933937965
3619,train,12000,13399.652757570593,-1399.6527575705932
1379,train,100000,119540.68088619664,-19540.680886196642
2951,train,45000,41531.458115413676,3468.541884586324
3768,train,24000,22980.52871403876,1019.4712859612409
2035,train,14000,15225.931705109588,-1225.9317051095877
2207,train,30000,37128.26913227656,-7128.26913227656
1374,train,270000,204919.77827272142,65080.22172727858
2474,train,13000,10578.321206712635,2421.678793287365
4616,train,20000,24852.165446930103,-4852.165446930103
727,train,130000,154582.05050165113,-24582.05050165113
746,train,33000,31289.621565384157,1710.3784346158427
2660,train,37000,78512.88423710749,-41512.884237107486
1848,train,9000,9418.170242487253,-418.17024248725284
4342,train,8000,9747.668344537355,-1747.6683445373546
1063,train,52000,41757.47089656104,10242.52910343896
578,train,300000,255575.49492475658,44424.50507524342
2612,train,60000,59757.26498925487,242.7350107451275
231,train,16000,16974.757022777438,-974.7570227774377
3046,train,9000,11039.680741955955,-2039.6807419559555
2986,train,20000,25543.322189574483,-5543.322189574483
2997,train,10000,11098.557494036571,-1098.5574940365714
2637,train,23000,22752.138606966553,247.8613930334468
547,train,60000,60004.43049856996,-4.430498569956399
2855,train,100000,102043.2971877684,-2043.297187768403
38,train,21000,15766.836864074938,5233.163135925062
3741,train,15000,13575.01097950309,1424.9890204969106
1671,train,12000,13054.637971444143,-1054.6379714441427
4705,train,16000,16686.39854514448,-686.3985451444787
1538,train,45000,37509.69929042379,7490.300709576208
312,train,10000,8083.875778020052,1916.1242219799478
2443,train,30000,19026.845584763974,10973.154415236026
4619,train,15000,15066.479053118814,-66.47905311881368
688,train,45002,43400.2596247941,1601.7403752059035
4585,train,20000,20092.33151800026,-92.33151800026098
1010,train,68000,91407.05360819664,-23407.053608196642
4320,train,12000,13436.429156994029,-1436.4291569940287
2261,train,18000,20033.359752923814,-2033.359752923814
4258,train,12000,12865.915209246356,-865.9152092463555
2185,train,15000,18030.09166210181,-3030.0916621018114
4466,train,42000,45537.74489964163,-3537.744899641628
968,train,42000,52911.37192708446,-10911.37192708446
2813,train,8000,8013.447173341379,-13.447173341379312
2548,train,20000,11923.008195041533,8076.991804958467
3666,train,8200,9869.391413235808,-1669.3914132358077
3973,train,12000,12208.143270744655,-208.14327074465473
2630,train,7000,9619.724574666052,-2619.724574666052
4044,train,14000,13216.041890211967,783.9581097880327
3504,train,39000,28433.438638589556,10566.561361410444
1181,train,56000,50820.352566371694,5179.647433628306
3143,train,18000,19651.72037016021,-1651.7203701602084
2344,train,12000,12293.69703093639,-293.69703093638964
1483,train,32000,30185.067063446862,1814.9329365531376
976,train,65000,44455.09886041989,20544.901139580114
2351,train,20000,25987.4038025017,-5987.4038025017
4344,train,7500,10599.872976170778,-3099.872976170778
1248,train,130000,130150.47561962265,-150.47561962265172
85,train,10000,7118.676390319952,2881.3236096800483
1653,train,10000,9830.57126439987,169.42873560012958
486,train,10000,17452.297966149177,-7452.297966149177
4558,train,11000,11490.717466954236,-490.71746695423644
905,train,16500,24114.80781820883,-7614.807818208828
2531,train,16000,21158.957156713495,-5158.957156713495
1890,train,38000,37567.94759212323,432.0524078767703
4669,train,16000,17597.674094824622,-1597.6740948246224
3337,train,9500,10227.017150467638,-727.0171504676382
853,train,83000,72530.30911511592,10469.690884884083
194,train,5000,5858.120039931529,-858.1200399315294
2208,train,65000,63786.979302826854,1213.020697173146
1598,train,6000,7592.740971563244,-1592.7409715632439
3006,train,6500,6992.06447170337,-492.06447170337015
2,train,17000,12115.50092118661,4884.499078813389
2949,train,25000,20333.46834069827,4666.5316593017305
4625,train,15000,12009.948416655643,2990.051583344357
2362,train,20000,16664.817728062848,3335.182271937152
4443,train,10500,11807.121303355552,-1307.1213033555523
1230,train,160000,119355.84548544828,40644.154514551716
929,train,20000,28800.180857232834,-8800.180857232834
2003,train,5500,9122.224947098272,-3622.2249470982715
4483,train,5000,5946.141924187062,-946.1419241870617
1202,train,120000,139528.26909767292,-19528.26909767292
1544,train,30000,18700.012096361443,11299.987903638557
2100,train,52000,69950.53457373574,-17950.534573735742
937,train,10000,13316.599787032332,-3316.5997870323317
3585,train,10000,11061.748519729586,-1061.7485197295864
1419,train,30000,45379.49625111829,-15379.49625111829
4257,train,20000,20112.07547911982,-112.07547911981965
3150,train,12000,11553.767577180293,446.2324228197067
1521,train,4500,6999.2744144703465,-2499.2744144703465
3631,train,12000,12089.748503396588,-89.7485033965877
293,train,6500,6872.356571278184,-372.35657127818376
2613,train,95000,67650.24595157239,27349.75404842761
178,train,10500,11997.918992775865,-1497.9189927758653
1492,train,70000,97582.02673612985,-27582.026736129847
2626,train,8500,6428.208116740149,2071.7918832598507
306,train,20000,17425.631659945953,2574.3683400540467
2618,train,8000,9640.839092434018,-1640.8390924340183
1472,train,350000,355367.7948033505,-5367.794803350524
2163,train,12000,10861.521876494646,1138.4781235053542
1708,train,25000,36244.64036404303,-11244.640364043029
1232,train,80000,102561.8893344429,-22561.889334442894
1411,train,50000,55297.03486000525,-5297.034860005253
1861,train,5000,6480.391271989573,-1480.3912719895734
1170,train,50000,52293.81393183211,-2293.813931832112
708,train,35000,42932.850976616275,-7932.850976616275
2496,train,10000,11893.411317669985,-1893.4113176699848
3333,train,12000,12354.78046745076,-354.7804674507606
2516,train,15000,9803.078526582454,5196.921473417546
2924,train,32000,30295.500434730937,1704.4995652690632
2936,train,17000,13984.585447336018,3015.4145526639822
3211,train,3500,5705.587105890996,-2205.587105890996
722,train,65000,63086.371974314425,1913.6280256855753
4663,train,26000,21019.9871111944,4980.012888805599
1510,train,15000,13348.603486997077,1651.3965130029228
1516,train,15000,14965.972521744501,34.02747825549886
4303,train,12000,9645.372254605008,2354.6277453949915
2978,train,15000,14202.699492931939,797.300507068061
3762,train,22000,23478.307632261127,-1478.3076322611269
1083,train,380000,315675.18175575545,64324.818244244554
4098,train,15000,13546.683453121757,1453.3165468782427
320,train,5000,5820.312476382267,-820.312476382267
165,train,16500,14038.041960219798,2461.958039780202
2687,train,25000,25178.304539165798,-178.3045391657979
2026,train,10000,8499.145339576084,1500.8546604239164
568,train,16000,22456.825672195326,-6456.825672195326
4294,train,10000,12076.11048421439,-2076.1104842143905
3942,train,15000,12503.33588796499,2496.6641120350105
2401,train,12000,14953.652190689125,-2953.652190689125
4453,train,45000,48702.46319313043,-3702.463193130432
62,train,10000,10268.587025354249,-268.5870253542489
1040,train,330000,269198.00803426164,60801.99196573836
2787,train,25000,35259.497215067575,-10259.497215067575
1699,train,31000,31627.93156312825,-627.9315631282516
2754,train,3500,5403.598247627065,-1903.5982476270647
1410,train,18500,17641.3040540552,858.6959459448008
1236,train,100000,104666.037436272,-4666.037436272003
78,train,6500,7265.051263677581,-765.0512636775811
2858,train,6000,8313.735329050733,-2313.7353290507326
2368,train,14000,11304.68146184324,2695.31853815676
718,train,60000,44152.894798130284,15847.105201869716
3231,train,8500,8748.038473125787,-248.03847312578728
1476,train,22000,20174.831692382544,1825.1683076174559
1553,train,17000,16219.28840013932,780.7115998606805
1628,train,10000,12461.708366948134,-2461.7083669481344
2685,train,13000,10853.163643504016,2146.8363564959836
4066,train,57000,51583.64710861345,5416.352891386552
3454,train,8000,6484.851972546173,1515.1480274538271
1375,train,69000,70865.98514547365,-1865.985145473649
4255,train,17000,18272.42887240427,-1272.4288724042708
3036,train,12000,12479.330825374193,-479.3308253741925
2746,train,30000,21243.740223413148,8756.259776586852
4206,train,15000,14219.656393386686,780.3436066133145
3031,train,11000,12589.05434567365,-1589.0543456736505
3654,train,9300,9634.858152088673,-334.8581520886728
110,train,8000,6921.01836610669,1078.9816338933097
3694,train,7500,6929.046040007517,570.9539599924829
4580,train,13000,11285.79119104372,1714.2088089562803
4516,train,11000,12362.730630666232,-1362.7306306662322
4538,train,5000,8085.2633154270425,-3085.2633154270425
685,train,27000,27432.479899275364,-432.479899275364
1929,train,22000,28215.7283774425,-6215.728377442501
8,train,26000,19994.11550435127,6005.88449564873
4442,train,15500,19983.232029744395,-4483.232029744395
2853,train,10000,11338.584780167379,-1338.584780167379
4511,train,45000,40549.808679586335,4450.191320413665
324,train,16000,19195.87831832017,-3195.8783183201704
2635,train,15000,19771.54294682371,-4771.542946823709
2276,train,20000,23220.87734114706,-3220.877341147061
3794,train,18000,19154.72173106556,-1154.7217310655615
1128,train,55000,51129.37481730947,3870.625182690528
3308,train,26000,26477.62867695831,-477.62867695830937
4551,train,15000,16141.850972883807,-1141.8509728838071
2103,train,12000,11500.979374744298,499.0206252557018
3562,train,8000,6793.448022193842,1206.551977806158
2631,train,22000,20900.756602934845,1099.2433970651546
1438,train,66000,70495.37844714349,-4495.378447143492
4149,train,18000,21000.416817693924,-3000.416817693924
1579,train,7000,9102.723012408667,-2102.7230124086673
2133,train,6000,6484.4942724861485,-484.4942724861485
1364,train,20000,20254.33273893955,-254.33273893954902
3137,train,34500,29087.731734981076,5412.268265018924
2881,train,30000,13884.21774229605,16115.78225770395
1335,train,49500,35714.83911386765,13785.160886132348
1822,train,50000,42651.75864152398,7348.241358476022
636,train,26000,29051.50983268177,-3051.5098326817715
4502,train,7000,8369.635748184011,-1369.6357481840114
3706,train,12500,13518.14597331945,-1018.1459733194497
257,train,8500,10491.25251043177,-1991.2525104317701
19,train,6000,6807.633471387065,-807.6334713870647
860,train,90000,106804.03111313339,-16804.031113133387
2357,train,12000,10386.409480462673,1613.590519537327
183,train,11000,8023.050096543352,2976.949903456648
3077,train,13500,16044.229759856069,-2544.229759856069
2912,train,11000,11257.992755878362,-257.992755878362
1351,train,95000,131528.56341678233,-36528.56341678233
4697,train,4500,5746.870721815896,-1246.870721815896
4256,train,20000,23165.783941114725,-3165.783941114725
1660,train,6500,7979.427813166608,-1479.4278131666078
1656,train,63000,92021.42147945396,-29021.42147945396
3180,train,40000,30837.187356045913,9162.812643954087
4675,train,7000,8070.67435992861,-1070.67435992861
2303,train,35000,39141.17272863894,-4141.172728638943
3963,train,9000,8395.398114644802,604.6018853551977
83,train,20000,17635.414516875167,2364.5854831248325
3125,train,150000,91479.48824516448,58520.51175483552
3530,train,11000,11055.901707853765,-55.9017078537654
142,train,8000,7379.049172091496,620.9508279085039
3831,train,10000,7699.07548091917,2300.9245190808297
1417,train,190000,128336.07176495422,61663.92823504578
2609,train,30000,39543.80176325638,-9543.801763256379
846,train,150000,87741.6566086181,62258.3433913819
3155,train,17000,19244.212974425747,-2244.2129744257472
742,train,33000,27130.931892336383,5869.068107663617
1526,train,12500,13347.325333910188,-847.3253339101884
3386,train,18000,17101.04389204889,898.9561079511113
1673,train,15000,16294.801931183885,-1294.8019311838852
1166,train,90000,110782.76267298684,-20782.762672986835
1888,train,18000,12257.110427403999,5742.889572596001
3200,train,45000,51996.599172658534,-6996.599172658534
2467,train,36000,26433.649903478217,9566.350096521783
1716,train,15000,12893.27341837583,2106.7265816241706
1507,train,13000,12950.092702330548,49.90729766945151
4734,train,35000,38453.45625502566,-3453.4562550256596
3140,train,22000,19671.38828963803,2328.611710361969
2605,train,31000,27490.98900967291,3509.0109903270895
2641,train,10000,12248.457515660208,-2248.4575156602077
1346,train,38000,41409.339565940514,-3409.339565940514
1645,train,17500,17534.869462960396,-34.86946296039605
311,train,9000,7664.343265330904,1335.6567346690963
924,train,62000,53899.08506485563,8100.91493514437
4125,train,17000,18874.348586763983,-1874.348586763983
1062,train,130000,110331.35247530579,19668.647524694214
227,train,3000,4195.563150039314,-1195.5631500393138
966,train,48000,54720.90033842264,-6720.900338422638
1385,train,190000,178584.24402176688,11415.755978233123
508,train,60000,42623.3145876117,17376.685412388302
2628,train,13000,12721.871192369477,278.1288076305227
2538,train,21000,12819.260065735469,8180.739934264531
605,train,130000,95326.29793689532,34673.702063104676
1903,train,11000,10907.264135543803,92.7358644561973
4172,train,13000,14744.427183237283,-1744.4271832372833
774,train,50000,47702.57852350498,2297.421476495023
3198,train,10000,14957.907110225955,-4957.907110225955
2581,train,18000,14838.795428376157,3161.2045716238426
3480,train,10000,7677.679910969924,2322.320089030076
6,train,10000,14654.00253846332,-4654.002538463321
692,train,50000,55841.45526038333,-5841.455260383329
2090,train,28000,22915.34063206724,5084.65936793276
1604,train,9000,15642.267641353754,-6642.267641353754
405,train,35000,32543.0387539014,2456.961246098599
2525,train,8000,9010.986183575409,-1010.9861835754091
4184,train,9500,8065.893261990691,1434.106738009309
3183,train,6500,7128.795859776123,-628.7958597761226
2098,train,12500,13013.703016649339,-513.7030166493387
844,train,55000,53155.36854717468,1844.6314528253206
2508,train,15000,17604.42503790659,-2604.425037906589
1709,train,35000,51743.31212061829,-16743.31212061829
4269,train,10000,10148.628157005085,-148.6281570050851
1871,train,11000,12332.625336370324,-1332.6253363703236
4673,train,18000,14854.115573697418,3145.884426302582
510,train,7000,12148.534267673629,-5148.534267673629
167,train,12000,9263.46111266517,2736.5388873348293
3978,train,6500,7002.555277279097,-502.555277279097
1549,train,110000,117553.44861163084,-7553.44861163084
922,train,62000,67033.35552279581,-5033.355522795813
3637,train,13000,13510.497006592352,-510.4970065923517
1530,train,12000,17018.621342826336,-5018.621342826336
124,train,10000,8957.511842617692,1042.4881573823077
200,train,5500,6046.775385162455,-546.7753851624548
121,train,13000,10346.995933070968,2653.004066929032
1228,train,90000,93917.55951910574,-3917.5595191057364
2955,train,100000,50471.92977131541,49528.07022868459
1630,train,8000,6133.29379393168,1866.7062060683202
1961,train,8000,7641.568255590918,358.43174440908206
2736,train,30000,36619.97159791583,-6619.971597915828
1459,train,60000,66040.25780770968,-6040.257807709684
1927,train,17000,16647.278548945193,352.7214510548074
238,train,8500,9072.340134121394,-572.3401341213939
1285,train,60000,67095.1733504223,-7095.173350422294
4060,train,16000,20317.337653740473,-4317.337653740473
1481,train,140000,83133.27929987622,56866.720700123784
4690,train,11000,10991.3956775902,8.604322409799352
4588,train,45000,44051.45163841987,948.5483615801277
3499,train,10000,14504.229442116348,-4504.229442116348
2150,train,28000,19953.362601091914,8046.637398908086
3477,train,30000,24149.997963538233,5850.002036461767
445,train,10000,13161.660201882973,-3161.6602018829726
3234,train,8500,11390.055916686923,-2890.0559166869225
4316,train,14000,16840.58405857229,-2840.584058572291
97,train,10000,8023.6820632640965,1976.3179367359035
3391,train,25000,19027.325035227397,5972.674964772603
2584,train,13000,12519.524674909911,480.4753250900885
604,train,42000,47979.404306827106,-5979.404306827106
2934,train,18000,12995.085673692323,5004.914326307677
1587,train,15000,16859.996461608673,-1859.9964616086727
2757,train,23000,17740.503040007286,5259.4969599927135
2283,train,6500,6878.648069974165,-378.6480699741651
2287,train,18000,15852.46283048245,2147.537169517551
4022,train,12000,10475.072388483066,1524.9276115169341
553,train,19411,21410.379445316146,-1999.3794453161463
1384,train,210000,162400.72352369718,47599.276476302824
2246,train,12000,10389.495307472647,1610.5046925273527
3452,train,19000,14604.435334660822,4395.564665339178
3289,train,100000,105922.13646105841,-5922.136461058413
4266,train,15000,17218.151246105463,-2218.1512461054626
384,train,15000,8500.575092442756,6499.424907557244
482,train,10000,15452.296060946466,-5452.296060946466
3663,train,16000,20220.739576932167,-4220.7395769321665
472,train,10000,10947.259799478948,-947.2597994789485
920,train,15000,22682.85363076157,-7682.853630761569
370,train,8000,10891.50013316755,-2891.5001331675503
2648,train,20000,12879.231132125711,7120.768867874289
1390,train,26000,25305.86976601548,694.1302339845206
4036,train,13000,9881.737366008305,3118.262633991695
3254,train,7500,9891.667531874884,-2391.667531874884
4581,train,25000,19838.538600939064,5161.461399060936
1439,train,45000,30299.36703410071,14700.63296589929
21,train,9000,9287.07170548516,-287.0717054851593
3661,train,16000,11381.210377551844,4618.789622448156
1559,train,15000,14053.100291119012,946.8997088809883
2927,train,6000,7649.206562956814,-1649.2065629568142
1075,train,75000,67168.91103594904,7831.088964050956
1174,train,65000,55169.45268340923,9830.547316590768
3635,train,25000,17008.40429778984,7991.595702210161
211,train,7500,6382.66892330783,1117.3310766921704
365,train,12000,8644.634904183476,3355.3650958165235
4338,train,9000,10439.456428114385,-1439.4564281143848
3147,train,12000,13065.072293269215,-1065.0722932692152
830,train,23000,29224.29914949239,-6224.299149492392
3987,train,18000,22813.803592707405,-4813.803592707405
160,train,9500,9655.723531507436,-155.72353150743584
1772,train,3500,5207.9613075071475,-1707.9613075071475
3189,train,10000,11213.914112611928,-1213.9141126119284
4306,train,32000,37187.81984217887,-5187.819842178869
1920,train,7000,8113.412950883198,-1113.4129508831984
953,train,40000,33479.81830312086,6520.181696879139
637,train,60000,48478.00943967174,11521.99056032826
3068,train,7500,9102.734467666338,-1602.7344676663379
623,train,25000,21991.39581022724,3008.604189772759
1551,train,20000,35112.26915117841,-15112.269151178407
756,train,330000,209957.91744747653,120042.08255252347
668,train,50000,51186.04241232037,-1186.0424123203702
1361,train,34000,49753.42361396319,-15753.42361396319
1600,train,10000,14141.83695653986,-4141.836956539861
2565,train,18500,20691.972191054916,-2191.972191054916
4542,train,25000,21843.792912598612,3156.207087401388
1525,train,7000,6355.870451657231,644.1295483427693
2999,train,15000,13726.948957896833,1273.0510421031668
319,train,5000,6541.2689486203435,-1541.2689486203435
3882,train,14000,11992.742153097586,2007.2578469024138
2451,train,35000,30232.88636187212,4767.113638127881
944,train,40000,32774.741816769565,7225.258183230435
4383,train,12000,17579.57660167275,-5579.57660167275
4224,train,10000,12284.146029742837,-2284.1460297428366
426,train,6000,7341.844966551426,-1341.8449665514263
4373,train,15000,13859.686883128015,1140.3131168719847
1502,train,25000,24485.888764307845,514.1112356921549
3463,train,50000,57194.504938059166,-7194.504938059166
4301,train,10000,10413.807292189655,-413.8072921896546
4467,train,12000,10790.666529813041,1209.333470186959
3139,train,330000,168310.85847655663,161689.14152344337
1825,train,120000,74759.53028831017,45240.46971168983
3325,train,5000,6783.237536609306,-1783.2375366093056
386,train,7000,7093.327202853353,-93.3272028533529
2385,train,90000,96628.4884533254,-6628.4884533253935
3228,train,9000,8190.166539330496,809.8334606695043
1286,train,19000,25170.754050296786,-6170.754050296786
385,train,5000,5716.753227600947,-716.753227600947
3516,train,23000,16880.900255253593,6119.099744746407
4096,train,13000,12470.520805482662,529.4791945173383
1003,train,140000,129668.58576007417,10331.414239925827
4566,train,50000,47784.98907697367,2215.0109230263333
2005,train,14000,14197.60005321934,-197.60005321933932
4654,train,16000,20249.07991065473,-4249.079910654731
3951,train,8000,7286.990362639785,713.0096373602146
2805,train,9000,6933.924866270944,2066.075133729056
2418,train,12000,11991.970397510251,8.029602489748868
1269,train,65000,30953.916069768424,34046.08393023157
461,train,34000,18995.13954628202,15004.860453717982
2217,train,11000,14533.912094696052,-3533.912094696052
3471,train,8500,8738.07729892621,-238.07729892620955
4034,train,4500,4743.84907972949,-243.84907972948986
3981,train,4000,5559.073096719989,-1559.0730967199888
640,train,35000,34798.08343739251,201.91656260749005
559,train,110000,124330.5260081784,-14330.526008178407
3324,train,18000,14124.94472888024,3875.0552711197597
3133,train,10000,9555.62328032061,444.3767196793906
3095,train,20000,20626.90609031033,-626.9060903103309
1190,train,35000,27939.127169140775,7060.872830859225
1499,train,13000,17580.86177675976,-4580.861776759761
3716,train,9500,10151.014407471477,-651.0144074714772
3374,train,15000,16748.89798105975,-1748.8979810597484
290,train,10000,13691.851664286967,-3691.851664286967
3586,train,6500,7448.140989310597,-948.1409893105974
2852,train,18000,14546.592055719459,3453.4079442805414
1026,train,65000,58967.215340136645,6032.784659863355
1401,train,22000,30962.018801395592,-8962.018801395592
297,train,5000,5843.712157048709,-843.7121570487088
4407,train,52000,46193.86750083705,5806.132499162952
1300,train,260000,296019.91385791736,-36019.91385791736
1323,train,22000,23616.998749150673,-1616.9987491506727
2507,train,52000,33028.34988682968,18971.65011317032
3280,train,47500,48119.13033287824,-619.1303328782378
2061,train,9000,7568.865955358735,1431.134044641265
4005,train,9500,12041.220244226422,-2541.2202442264224
3544,train,72000,94681.03449254669,-22681.034492546692
411,train,6000,8618.715098471761,-2618.715098471761
2009,train,30000,22860.11781604971,7139.882183950289
2187,train,34000,34381.0134127246,-381.0134127245983
2346,train,30000,26977.316189017878,3022.683810982122
2709,train,15000,12392.033005545276,2607.966994454724
3689,train,8500,14012.37538000924,-5512.37538000924
3087,train,30000,26936.12268900036,3063.87731099964
4041,train,8000,6992.85127695154,1007.1487230484599
891,train,55000,39812.10056460564,15187.899435394364
3795,train,37000,40073.096304134764,-3073.096304134764
2567,train,11000,10711.176040245395,288.8239597546053
3517,train,17000,13183.405873712882,3816.5941262871183
1234,train,100000,114779.21565369151,-14779.215653691514
224,train,8500,8995.700308929388,-495.7003089293885
1256,train,28500,30606.295358041923,-2106.2953580419235
3559,train,6166,6929.725373063531,-763.7253730635312
3523,train,25000,27478.20915017389,-2478.2091501738905
2296,train,14000,15558.481482416153,-1558.481482416153
2512,train,16000,14410.034666498586,1589.9653335014136
2863,train,20000,19550.23271535364,449.7672846463611
816,train,45000,36521.48096986254,8478.51903013746
750,train,10000,13484.855267230583,-3484.855267230583
2622,train,10000,11881.653733295765,-1881.653733295765
719,train,20000,20097.656492936207,-97.65649293620663
9,train,10000,14746.708448375717,-4746.708448375717
1353,train,34000,35842.9350758275,-1842.9350758275032
2582,train,17000,14933.929367138007,2066.0706328619926
2018,train,5000,6226.250802772967,-1226.2508027729673
1921,train,13000,15398.182316679442,-2398.182316679442
254,train,8000,7720.377570586314,279.6224294136864
881,train,34000,30835.941015563185,3164.058984436815
3075,train,6000,5097.700468260663,902.299531739337
3687,train,12000,16840.216165381873,-4840.216165381873
3269,train,28000,24660.97919749609,3339.02080250391
766,train,95000,59936.45371554811,35063.54628445189
2646,train,17401,18445.104933308703,-1044.104933308703
3844,train,18000,17651.80785712777,348.19214287223076
740,train,33000,28427.104383169215,4572.895616830785
378,train,6500,8521.480701423361,-2021.480701423361
2872,train,12000,12491.07443972909,-491.07443972908914
2850,train,16500,24775.677937473076,-8275.677937473076
2473,train,12000,11711.100096894841,288.89990310515896
1497,train,10000,10804.960663056601,-804.9606630566013
4000,train,32000,24601.141287910705,7398.858712089295
3988,train,14500,13622.985476724663,877.0145232753366
1698,train,9000,9257.724978853115,-257.7249788531153
2255,train,35000,31049.059571316,3950.940428684
2247,train,30000,27958.12631743227,2041.8736825677297
1631,train,12000,13753.714477755271,-1753.7144777552712
1641,train,12000,13130.454700190556,-1130.4547001905557
4408,train,9500,10141.629152008063,-641.6291520080631
3696,train,26000,22474.490659453255,3525.509340546745
2868,train,28000,25660.94350267859,2339.0564973214096
1252,train,180000,147011.28259023343,32988.71740976657
3751,train,15000,17010.249695735,-2010.2496957350013
1451,train,75000,60097.66658862208,14902.33341137792
4050,train,35000,20923.379009437842,14076.620990562158
2314,train,22000,17549.66792104565,4450.33207895435
111,train,6000,6704.706120641389,-704.7061206413891
2367,train,100000,100267.45909234359,-267.4590923435899
4232,train,150000,139355.28982850537,10644.710171494633
670,train,50000,69376.19345531052,-19376.193455310524
317,train,5000,4795.342463511238,204.65753648876216
1779,train,20000,15473.256631634771,4526.743368365229
3674,train,40000,39787.92498617442,212.07501382558257
4672,train,20000,13913.156091151479,6086.843908848521
1648,train,7500,7717.927631131375,-217.92763113137516
338,train,7000,7595.8847514328345,-595.8847514328345
1296,train,17000,17708.193850518088,-708.1938505180879
218,train,7500,7849.787407097103,-349.7874070971029
4591,train,37000,45887.509223827285,-8887.509223827285
4587,train,40000,43463.29715203624,-3463.2971520362407
802,train,30000,27117.748810156743,2882.2511898432567
1555,train,6000,7638.599261272089,-1638.5992612720893
4477,train,9000,8238.62291204412,761.3770879558797
673,train,25000,22045.29744024833,2954.7025597516695
3782,train,11000,10885.68454876773,114.31545123227079
2310,train,35000,29431.52639693219,5568.4736030678105
1982,train,20000,14614.742308279277,5385.2576917207225
4494,train,25000,22985.409945799893,2014.5900542001073
1469,train,35000,26152.173440949762,8847.826559050238
1592,train,35000,31985.35638710533,3014.64361289467
1958,train,7000,8223.21006454798,-1223.2100645479804
1176,train,43000,45415.818156726054,-2415.8181567260544
4611,train,7500,7266.000087245255,233.9999127547453
593,train,30000,24317.6326636021,5682.3673363979
2117,train,60000,51543.514660972025,8456.485339027975
3685,train,13000,12887.405967966746,112.59403203325382
2571,train,22000,22153.54496636095,-153.54496636095064
3176,train,7500,7163.4133926739805,336.5866073260195
309,train,7000,6248.04694071047,751.9530592895298
4608,train,11000,10818.41379058844,181.58620941156005
3259,train,8000,11016.185439801116,-3016.1854398011164
4393,train,10000,12073.09949466264,-2073.0994946626397
1030,train,120000,150017.10148734966,-30017.10148734966
3367,train,6000,5515.003207635277,484.99679236472275
469,train,9500,9226.202772278146,273.79722772185414
2299,train,12000,14344.09470255204,-2344.09470255204
787,train,200000,159870.64618094437,40129.35381905563
2623,train,15000,14171.147455076747,828.8525449232529
2819,train,35000,27507.100189047535,7492.8998109524655
3293,train,46000,46898.84652701934,-898.846527019341
2111,train,32000,38986.818645652485,-6986.818645652485
4562,train,16000,13420.643830972984,2579.356169027016
3389,train,9000,11684.708844911731,-2684.708844911731
1619,train,18000,13538.770531441432,4461.2294685585675
1962,train,52000,47304.57704311778,4695.422956882219
4179,train,12000,9790.869435106197,2209.1305648938032
4131,train,52000,80596.12386123084,-28596.123861230837
2031,train,25000,29157.06097799235,-4157.060977992351
1919,train,12500,8028.833028381086,4471.166971618914
4123,train,14000,13689.528783398142,310.47121660185803
3028,train,45000,35811.33459455611,9188.665405443891
1705,train,18000,17652.33514362037,347.6648563796298
800,train,35000,31055.14650368971,3944.85349631029
2756,train,19000,13235.683236649755,5764.316763350245
2264,train,6000,6519.573343378745,-519.5733433787454
1115,train,24000,28575.720938381713,-4575.7209383817135
3779,train,9000,10077.916633131908,-1077.9166331319084
229,train,18000,13435.489722387832,4564.510277612168
259,train,7000,8413.585324545862,-1413.585324545862
1395,train,180000,104354.22070003355,75645.77929996645
1720,train,11500,13371.657791646632,-1871.6577916466322
1186,train,270000,201200.32419719017,68799.67580280983
681,train,150000,159043.16751466793,-9043.167514667934
3783,train,140000,103397.03913175855,36602.960868241455
2250,train,6000,7132.007508137889,-1132.007508137889
904,train,100000,122734.57361473482,-22734.57361473482
3776,train,12000,12085.322769733566,-85.32276973356602
360,train,5000,5245.685123758564,-245.68512375856426
1287,train,140000,87381.90506803402,52618.094931965985
3660,train,10000,9275.690967244374,724.3090327556256
3113,train,49000,52627.173118950486,-3627.1731189504862
2227,train,50000,49778.70428247229,221.29571752771153
4605,train,10000,15839.609032671957,-5839.609032671957
2960,train,5000,8412.621482595143,-3412.621482595143
3622,train,14000,22048.5164034959,-8048.516403495902
2376,train,30000,23346.004476724906,6653.9955232750945
305,train,3000,4626.846719163959,-1626.8467191639593
505,train,2200,5150.088661096852,-2950.088661096852
3274,train,5000,6500.542318922631,-1500.5423189226312
1112,train,200000,141992.3874818467,58007.6125181533
2799,train,90000,76344.41096863656,13655.589031363445
214,train,6000,5988.88769542922,11.112304570779997
3592,train,15000,13353.139979280017,1646.8600207199834
1947,train,15000,12043.120814728882,2956.8791852711183
865,train,75000,80370.89289231687,-5370.892892316871
3524,train,16500,13346.339777839506,3153.6602221604935
326,train,8000,8432.710164167534,-432.71016416753446
3154,train,11000,11983.913185924557,-983.9131859245572
2788,train,21000,13330.276802737882,7669.7231972621175
1111,train,18500,28712.19572954447,-10212.19572954447
4153,train,28000,31312.238148704564,-3312.238148704564
2657,train,27000,32274.409578219176,-5274.409578219176
834,train,220000,176092.0780128815,43907.92198711849
839,train,65000,44782.60659210028,20217.39340789972
2694,train,15000,19502.727575713983,-4502.727575713983
1836,train,30000,24666.937624355123,5333.062375644877
3397,train,16000,10920.2443105158,5079.7556894842
328,train,8000,8192.397621058293,-192.39762105829323
1376,train,120000,96621.43936124412,23378.56063875588
942,train,5500,13208.53328404662,-7708.53328404662
1223,train,46000,47417.536589668176,-1417.536589668176
3537,train,25000,22143.372427584316,2856.627572415684
1690,train,23000,19665.01625294776,3334.98374705224
2563,train,12000,10020.781017438268,1979.2189825617315
1975,train,20000,18419.502212576488,1580.497787423512
2836,train,130000,174084.72457121557,-44084.72457121557
351,train,7000,6955.898851536715,44.101148463285426
4290,train,20000,16916.104030632352,3083.895969367648
2046,train,42500,35132.326915221216,7367.673084778784
4510,train,8000,13107.052092870234,-5107.0520928702335
1618,train,8500,9198.501213128848,-698.5012131288477
1066,train,30000,23466.547994091172,6533.452005908828
1276,train,23000,24688.461272034125,-1688.4612720341247
1558,train,8000,6835.321856988167,1164.6781430118326
39,train,10000,6656.682193478651,3343.3178065213488
270,train,5500,5964.0617961474045,-464.0617961474045
2435,train,9500,10545.474137206984,-1045.4741372069839
4635,train,45000,60686.05791705859,-15686.057917058592
1035,train,350000,453805.7923145435,-103805.7923145435
854,train,32000,29614.46645028645,2385.5335497135493
69,train,7500,5721.404518291059,1778.5954817089414
3066,train,8000,11332.64070201492,-3332.64070201492
1838,train,8000,7650.159655654737,349.84034434526257
2795,train,8000,9981.503230365017,-1981.5032303650169
1238,train,84500,90398.08974684788,-5898.08974684788
1599,train,13000,13662.684233586355,-662.6842335863548
3796,train,18000,15992.064778471611,2007.9352215283889
4633,train,16000,15314.7858313828,685.2141686171999
3225,train,8500,9613.96660603889,-1113.96660603889
991,train,53000,56688.386496664585,-3688.386496664585
1091,train,46000,37204.18181420842,8795.818185791577
3571,train,15000,12499.071068357032,2500.9289316429677
2463,train,12500,10194.821566158536,2305.1784338414636
4401,train,32000,22609.406992625012,9390.593007374988
1466,train,90000,64464.76864385389,25535.231356146112
665,train,350000,300394.2576080939,49605.7423919061
1288,train,30000,37771.23956201075,-7771.239562010749
3977,train,22000,20531.883163791164,1468.1168362088356
1080,train,40000,46397.144078534366,-6397.144078534366
1849,train,6000,6042.919593304599,-42.9195933045994
3577,train,23000,17881.798211616122,5118.201788383878
4529,train,42000,54328.58768758278,-12328.587687582782
4300,train,30000,28824.554396404335,1175.4456035956646
698,train,140000,119161.77691882958,20838.22308117042
3778,train,35000,34696.45659539464,303.5434046053633
921,train,260000,327792.6851584155,-67792.68515841552
1674,train,12000,13783.444708907895,-1783.444708907895
2107,train,6500,7371.105943451087,-871.1059434510871
2446,train,70000,42539.02582366793,27460.97417633207
2861,train,13000,14110.185453750277,-1110.1854537502768
2459,train,25000,26241.2987343646,-1241.2987343645982
2008,train,43000,42360.237753945104,639.7622460548955
4476,train,6200,7242.685331236565,-1042.6853312365647
3179,train,12000,12344.818594965593,-344.81859496559264
3497,train,20000,18378.455110952465,1621.5448890475345
3533,train,9000,10501.978049847135,-1501.9780498471355
1782,train,15000,14580.157388258729,419.84261174127096
2118,train,8500,8251.243171212927,248.75682878707266
1789,train,30000,23958.693462934898,6041.306537065102
215,train,20000,20234.545958150346,-234.54595815034554
2699,train,14000,11747.42436819924,2252.5756318007607
1804,train,16500,14429.356798934941,2070.6432010650587
1386,train,25000,31423.088466792742,-6423.088466792742
859,train,25000,30828.250974657458,-5828.250974657458
3405,train,20000,16149.715829875691,3850.2841701243087
582,train,89000,97201.24186880798,-8201.241868807978
4285,train,6500,6385.461429987397,114.53857001260258
3565,train,14000,10251.1759718678,3748.8240281321996
3798,train,10000,10222.933687337158,-222.9336873371576
1489,train,35000,27359.230277915467,7640.769722084533
964,train,95000,77039.34256854127,17960.657431458734
1543,train,23000,19553.2247611792,3446.775238820799
4428,train,7000,7223.923091160564,-223.92309116056367
2108,train,13500,17541.983150252094,-4041.9831502520938
1431,train,85000,90457.69077580479,-5457.690775804789
296,train,10000,11670.953259170068,-1670.9532591700681
2164,train,11000,12972.691621106242,-1972.6916211062417
4732,train,15000,14534.319545962797,465.68045403720316
1092,train,35000,31699.799778346707,3300.200221653293
2989,train,29000,17520.09219917066,11479.90780082934
1372,train,34000,56289.992018778554,-22289.992018778554
2271,train,6000,7252.732185730719,-1252.7321857307188
2491,train,27000,23476.256520360253,3523.7434796397465
557,train,68000,33967.15117267237,34032.84882732763
849,train,180000,179062.65755169286,937.3424483071431
4208,train,25000,31572.874290034735,-6572.874290034735
3162,train,8000,9043.14156144966,-1043.14156144966
3,train,10000,11814.649411024633,-1814.649411024633
4395,train,10000,11842.293757795973,-1842.2937577959729
930,train,150000,131601.8700220679,18398.129977932113
1670,train,15000,20286.38447362265,-5286.384473622649
128,train,4700,5335.461782736328,-635.4617827363281
4564,train,20000,15961.4654514218,4038.5345485782
192,train,10000,14475.71983312929,-4475.719833129289
4221,train,11000,11127.681640523151,-127.68164052315115
3688,train,25000,26319.91637682962,-1319.9163768296203
3359,train,9500,9686.156614093861,-186.1566140938612
4180,train,10000,14330.160735109122,-4330.1607351091225
196,train,5200,5855.323058402165,-655.3230584021649
455,train,7000,5974.098932926125,1025.9010670738753
3936,train,55000,66391.0611405634,-11391.061140563397
2190,train,12000,13797.60661382126,-1797.606613821261
3365,train,13000,12370.257596379415,629.7424036205848
2237,train,35000,39658.18686308914,-4658.18686308914
487,train,6000,8838.757349301557,-2838.757349301557
520,train,25000,26752.365828864782,-1752.365828864782
501,train,14000,17925.997367390628,-3925.997367390628
4495,train,14000,12971.929528590885,1028.0704714091153
957,train,16000,18735.541722343514,-2735.5417223435143
2816,train,31500,34312.17217636708,-2812.1721763670794
4505,train,8500,11376.732623279142,-2876.732623279142
3429,train,22000,23204.35606595075,-1204.3560659507493
1870,train,11000,11830.229156983982,-830.2291569839817
1812,train,12000,11033.780036675242,966.2199633247583
682,train,27000,18545.32867536073,8454.671324639268
2629,train,6000,6982.116691296573,-982.1166912965728
3100,train,9000,9700.922013509653,-700.922013509653
2692,train,50000,37811.57900394807,12188.42099605193
799,train,70000,71696.64992567536,-1696.6499256753596
2897,train,9000,11810.892089875604,-2810.892089875604
4018,train,17000,13651.725580599923,3348.274419400077
3908,train,9000,10457.581236829506,-1457.5812368295065
2506,train,35000,23363.20466033612,11636.79533966388
125,train,18000,13941.102396901215,4058.897603098785
1072,train,54500,38168.07998048004,16331.92001951996
2568,train,52000,61572.776640194556,-9572.776640194556
180,train,15000,9590.770637210953,5409.229362789047
1755,train,6000,7468.429632702213,-1468.429632702213
1258,train,270000,200938.93804252546,69061.06195747454
1201,train,35000,26627.775419294536,8372.224580705464
843,train,56000,52951.49278814401,3048.507211855991
3281,train,7500,10548.306544912528,-3048.306544912528
241,train,9000,7793.364406146985,1206.635593853015
717,train,8500,17506.059422255203,-9006.059422255203
3127,train,18000,17727.33074484189,272.6692551581109
2212,train,9000,9272.401790850265,-272.40179085026466
4309,train,20000,18821.760708452708,1178.239291547292
4092,train,11000,11889.799054376224,-889.7990543762244
619,train,50000,64698.39139751074,-14698.391397510743
3023,train,10000,11432.509035351346,-1432.509035351346
2705,train,17000,12177.365618178537,4822.634381821463
798,train,150000,96738.0591003618,53261.9408996382
749,train,80000,70391.34342973844,9608.656570261563
1130,train,33000,42083.635581825634,-9083.635581825634
1758,train,27500,21080.128420826906,6419.871579173094
2651,train,13000,12814.829053961943,185.17094603805708
2224,train,6200,7287.037472589071,-1087.0374725890706
596,train,47000,46981.350805830894,18.649194169105613
235,train,15000,11445.514162762747,3554.485837237253
458,train,15000,13966.516561761613,1033.483438238387
2011,train,15000,14527.685215253963,472.3147847460368
318,train,14000,8342.388152912856,5657.611847087144
3683,train,13500,13722.484542428188,-222.48454242818843
4461,train,15000,19795.870178455312,-4795.870178455312
22,train,4000,5118.800999504666,-1118.800999504666
4471,train,15000,11354.915313630581,3645.0846863694187
1795,train,7000,7523.112461248972,-523.1124612489721
4177,train,12000,12166.743008501444,-166.7430085014439
4163,train,15000,17518.516654117233,-2518.516654117233
2396,train,10000,10550.708899276022,-550.7088992760218
4190,train,5500,6613.231446548726,-1113.2314465487261
2939,train,23000,19807.21102910848,3192.788970891521
836,train,35000,38701.80840022123,-3701.808400221227
1686,train,10000,10563.708207281652,-563.708207281652
1024,train,9400,15638.96475384199,-6238.96475384199
3328,train,30000,24228.24513250857,5771.754867491429
3486,train,6000,6283.809877262064,-283.8098772620642
3079,train,15000,18076.66041403402,-3076.6604140340205
2867,train,25000,34498.942985062415,-9498.942985062415
1739,train,45000,47064.49911595565,-2064.499115955652
4425,train,16000,13393.223258660548,2606.776741339452
3758,train,11500,14479.837578190663,-2979.8375781906634
519,train,12000,9846.657844667086,2153.3421553329135
291,train,14000,17596.62782492862,-3596.627824928619
2377,train,14000,16456.069469829257,-2456.0694698292573
1161,train,85000,71455.64477451003,13544.35522548997
4211,train,3000,4680.679867880938,-1680.6798678809382
693,train,55000,61259.78785582365,-6259.787855823648
1572,train,180000,121854.67475084963,58145.325249150366
4569,train,25000,22158.371309292015,2841.628690707985
1582,train,15000,13665.275489524533,1334.7245104754675
2291,train,22000,20481.6759908514,1518.3240091486005
2869,train,22000,23458.217130086185,-1458.2171300861846
1250,train,13000,17474.320329024173,-4474.320329024173
538,train,33500,39663.410147432056,-6163.410147432056
841,train,280000,319901.2133366575,-39901.2133366575
1635,train,11000,13669.337930967893,-2669.337930967893
1162,train,110000,114051.63711863259,-4051.637118632585
3221,train,65000,75629.6441674905,-10629.644167490507
1032,train,130000,143136.57013792847,-13136.570137928473
2919,train,30000,26181.84649894397,3818.153501056029
1767,train,9000,7618.455937183817,1381.5440628161832
464,train,7000,7442.969683472879,-442.9696834728793
3765,train,14000,12089.147087732854,1910.8529122671462
2322,train,15000,13889.151675197136,1110.8483248028642
4086,train,20000,23984.011843421726,-3984.0118434217256
3247,train,9000,12308.497886811374,-3308.497886811374
3924,train,24000,31218.749581465625,-7218.749581465625
4439,train,20000,14137.496553564562,5862.503446435438
3012,train,7000,6945.961965710169,54.03803428983065
3466,train,10000,14205.94223467323,-4205.94223467323
591,train,45000,44344.44982078228,655.5501792177165
2987,train,12000,11369.805704385833,630.1942956141665
470,train,1800,4608.668266169178,-2808.6682661691784
1440,train,22000,19626.536356728728,2373.4636432712723
840,train,45000,52585.25664746469,-7585.256647464688
3518,train,8500,11849.795402758671,-3349.795402758671
2918,train,24000,22275.92481066628,1724.0751893337183
488,train,18000,13447.992635546685,4552.007364453315
3016,train,4500,4688.443477948389,-188.44347794838905
3442,train,9500,11781.13745947281,-2281.1374594728095
3997,train,13000,16883.61942384247,-3883.6194238424687
4458,train,13000,10968.940417414151,2031.059582585849
2724,train,5000,7801.397418734177,-2801.3974187341773
1103,train,70000,56400.77365176824,13599.226348231758
4001,train,15000,12318.207414447583,2681.792585552417
3940,train,7000,9910.566833803001,-2910.566833803001
795,train,18500,20616.094704506977,-2116.094704506977
4288,train,3300,4337.094784969825,-1037.094784969825
704,train,40000,36272.92604803054,3727.0739519694616
4347,train,7500,7352.854586909463,147.14541309053675
3790,train,70000,28106.971196745184,41893.02880325481
3676,train,18000,15296.075425598567,2703.9245744014333
1319,train,12000,18768.399778908144,-6768.399778908144
2270,train,60000,53394.80435300425,6605.195646995751
3786,train,250000,175908.15493496932,74091.84506503068
1291,train,85000,102422.65446367297,-17422.654463672967
1414,train,85000,81497.1328107581,3502.8671892418934
2139,train,7500,8080.611387960818,-580.6113879608183
3119,train,11000,12536.469732125277,-1536.469732125277
1965,train,22000,21972.918258447375,27.081741552625317
4725,train,18000,19259.474775214934,-1259.4747752149342
2173,train,12000,13068.824479978626,-1068.8244799786262
558,train,30000,24243.426097406944,5756.573902593056
1845,train,13000,15064.854794917444,-2064.8547949174445
1634,train,8000,7267.7487250509985,732.2512749490015
431,train,23000,17007.017907091617,5992.9820929083835
2439,train,30000,17238.92246264848,12761.07753735152
3543,train,12000,9839.673446862704,2160.3265531372963
349,train,6000,10072.531216743835,-4072.531216743835
53,train,15000,13837.590695736855,1162.4093042631448
3632,train,10000,13300.864451299407,-3300.864451299407
50,train,7500,6931.321380004049,568.6786199959506
4412,train,9000,9542.890427488435,-542.8904274884353
3284,train,7000,9986.824297963421,-2986.8242979634215
2905,train,12100,13353.483082211686,-1253.4830822116855
1418,train,20000,18243.259982182124,1756.740017817876
2157,train,12000,10889.362817371524,1110.6371826284758
1302,train,45000,46958.93937506626,-1958.9393750662566
1859,train,50000,47409.61716836155,2590.3828316384534
3539,train,14000,17373.79634568004,-3373.796345680039
1993,train,30000,25914.923292355277,4085.076707644723
28,train,8500,8855.672835941163,-355.6728359411627
2092,train,9000,10428.214376773276,-1428.214376773276
3243,train,25000,28833.628660092367,-3833.6286600923668
3682,train,9500,8222.843797074915,1277.1562029250854
3453,train,37500,34787.99996168511,2712.000038314887
1260,train,26000,26226.407138167608,-226.40713816760763
1424,train,22000,17898.45247292192,4101.547527078081
3440,train,14000,12582.867394460958,1417.1326055390418
1933,train,8000,8559.115402882358,-559.1154028823585
204,train,5000,5782.421308799567,-782.4213087995668
3010,train,20000,24759.97237763863,-4759.972377638631
4540,train,7000,5995.0660018025155,1004.9339981974845
2803,train,4000,8431.2937376216,-4431.2937376216
3854,train,26000,19825.731968519685,6174.268031480315
1301,train,32000,28756.882619714033,3243.1173802859666
4160,train,14000,10418.739084181283,3581.260915818717
1237,train,79500,64372.10525444237,15127.894745557627
3057,train,6000,8014.505960512442,-2014.5059605124416
1792,train,20000,18306.524594181803,1693.475405818197
977,train,23000,31388.410868944637,-8388.410868944637
2216,train,11000,9907.222605135978,1092.7773948640224
2913,train,40000,52381.754000132576,-12381.754000132576
1437,train,75000,105778.3504041364,-30778.350404136407
2693,train,20000,13387.112576349562,6612.887423650438
4679,train,20000,22014.731710679313,-2014.7317106793125
1639,train,8000,9079.446447591577,-1079.4464475915775
3449,train,15000,13198.414341205003,1801.5856587949966
542,train,400000,347821.2623753384,52178.73762466159
1362,train,170000,153844.21028401054,16155.789715989464
2415,train,80000,59397.7699111485,20602.230088851502
3002,train,15000,12336.414732033827,2663.585267966173
2404,train,14900,11130.022014715865,3769.977985284135
4664,train,8000,10826.778420348417,-2826.778420348417
2259,train,30000,29128.668444696123,871.3315553038774
2901,train,23000,22691.935124926382,308.06487507361817
2497,train,7000,8278.181167783838,-1278.1811677838377
1330,train,16000,11722.94330322513,4277.056696774869
2993,train,14000,15894.199841699801,-1894.1998416998013
3712,train,23000,17776.625245334413,5223.374754665587
3756,train,16000,12625.657977488827,3374.342022511173
2238,train,9000,12726.322165219608,-3726.322165219608
330,train,3800,5666.474214647103,-1866.4742146471026
1067,train,45000,55421.68004450805,-10421.680044508052
1127,train,43000,48207.87427117349,-5207.8742711734885
3834,train,40000,29256.4871217093,10743.512878290701
3343,train,18000,16835.15386109732,1164.8461389026816
630,train,310000,296418.2632926162,13581.736707383825
713,train,35000,49558.986968010824,-14558.986968010824
2747,train,9500,7915.553831048968,1584.4461689510317
2094,train,20000,14661.78349454758,5338.216505452419
268,train,6500,9659.637559226714,-3159.637559226714
3928,train,27000,31876.193143976823,-4876.193143976823
2535,train,16000,10073.942055763282,5926.057944236718
2105,train,6000,10271.880559427527,-4271.880559427527
3851,train,27500,30237.992207531584,-2737.9922075315844
1617,train,12000,13582.22057835127,-1582.220578351271
2895,train,150000,57490.08406944897,92509.91593055104
265,train,40000,39829.95533781657,170.04466218342714
4120,train,80000,64819.97594880151,15180.024051198488
2533,train,28500,23212.181468357707,5287.818531642293
4250,train,15000,14159.365186803692,840.6348131963077
2249,train,21000,22167.039368868383,-1167.0393688683835
3419,train,10500,11692.580609267303,-1192.5806092673029
506,train,3300,3710.171000237266,-410.17100023726607
2994,train,6000,8238.816257063065,-2238.8162570630648
4426,train,14000,11709.844760035649,2290.1552399643515
1345,train,90000,95457.83603883916,-5457.836038839159
1485,train,280000,327535.54517618025,-47535.545176180254
1796,train,10000,11232.418164119099,-1232.418164119099
233,train,21000,10784.159489325248,10215.840510674752
622,train,220000,216881.7766215487,3118.2233784513082
1074,train,67000,72190.77566818174,-5190.775668181741
2821,train,20000,12557.05342182452,7442.946578175481
2601,train,30000,32420.836165298704,-2420.836165298704
1976,train,9000,10484.16207345735,-1484.1620734573498
4689,train,53000,61482.31169684726,-8482.31169684726
3223,train,15000,18639.73108031695,-3639.7310803169494
220,train,3000,3850.3461816709246,-850.3461816709246
4729,train,17000,19434.262277040394,-2434.262277040394
1294,train,36000,39226.741633743215,-3226.741633743215
3840,train,13000,13064.796004440659,-64.79600444065909
428,train,5500,5649.741395001437,-149.741395001437
429,train,8500,14021.452073821121,-5521.452073821121
1590,train,9000,9581.192821451597,-581.1928214515974
2460,train,13000,13399.118310155958,-399.11831015595817
2191,train,8000,6822.182006295594,1177.817993704406
872,train,130000,134675.24133475602,-4675.241334756021
107,train,8000,9341.746213193244,-1341.7462131932443
2234,train,6000,7214.770722569218,-1214.7707225692184
613,train,30000,23042.090654904867,6957.909345095133
1760,train,10000,12610.362250184013,-2610.3622501840127
4649,train,6000,6524.084845237167,-524.0848452371674
4366,train,10000,11787.902241137685,-1787.9022411376845
1340,train,400000,318655.02135371946,81344.97864628054
4715,train,15000,12967.985926196454,2032.0140738035461
1211,train,30000,24387.904100007978,5612.095899992022
2132,train,8000,7744.79246120833,255.20753879167023
1168,train,150000,166828.1872266155,-16828.187226615497
861,train,95000,75411.64459134734,19588.355408652656
1567,train,14500,13626.069172154534,873.9308278454664
2667,train,11000,10565.501981311658,434.4980186883422
689,train,48000,46659.416388311394,1340.5836116886057
2690,train,9000,11080.772405427577,-2080.772405427577
2165,train,15000,12409.403154093938,2590.5968459060623
348,train,20000,19271.34928081529,728.6507191847086
2413,train,7500,8574.735681651604,-1074.735681651604
4280,train,10000,9453.130139432513,546.8698605674872
3329,train,9000,9791.261548265236,-791.2615482652363
3551,train,25000,27110.065965057674,-2110.0659650576745
2054,train,15000,13578.532341942588,1421.4676580574123
3298,train,23999,16944.67207150495,7054.327928495051
3029,train,35000,37686.4036944583,-2686.4036944582986
494,train,12000,13996.380959298976,-1996.3809592989764
2558,train,10000,11309.099151590732,-1309.0991515907317
4361,train,53000,45599.54619455829,7400.4538054417135
3519,train,10000,11979.194865595055,-1979.1948655950546
2429,train,55000,45648.88199472883,9351.118005271172
2168,train,42000,26688.44263406929,15311.557365930708
4030,train,19800,14184.966635280802,5615.033364719198
1561,train,10000,8090.6150183058235,1909.3849816941765
4415,train,9000,9391.239927698323,-391.2399276983233
3907,train,8000,13585.757004533792,-5585.7570045337925
3970,train,12000,13769.726593335115,-1769.7265933351155
2148,train,18000,14911.56013475083,3088.439865249171
3953,train,65000,34212.50146090274,30787.498539097258
2166,train,5500,7220.568185738954,-1720.5681857389536
720,train,38000,33174.50852137725,4825.491478622753
863,train,18500,20322.77434220233,-1822.7743422023304
399,train,5000,5628.794661115549,-628.7946611155494
2214,train,10000,8699.74733210133,1300.2526678986706
3594,train,7000,6852.532373746012,147.46762625398787
2430,train,20000,22171.344413579056,-2171.344413579056
3771,train,13000,12164.749108055208,835.2508919447919
2112,train,42000,39550.0491363734,2449.9508636265964
3734,train,15000,19271.09354236045,-4271.09354236045
4176,train,200000,89973.2909608852,110026.7090391148
2428,train,15500,14004.966116903855,1495.0338830961446
925,train,400000,317585.5731291288,82414.42687087122
2950,train,6000,8415.475716017163,-2415.475716017163
109,train,6000,5478.494092104525,521.5059078954746
2719,train,25000,20897.201589628316,4102.798410371684
4386,train,25000,22374.134086781865,2625.8659132181347
2644,train,7000,7038.521493896753,-38.52149389675287
3398,train,18000,16213.119276012727,1786.880723987273
4563,train,12000,13525.431832835018,-1525.4318328350182
4296,train,8000,10039.808472334595,-2039.8084723345946
1511,train,15000,15567.354491230451,-567.3544912304515
4195,train,24000,23169.06411008247,830.9358899175313
3784,train,12000,8337.769024832578,3662.230975167422
4634,train,16000,12546.896942052914,3453.103057947086
2723,train,6000,6998.886171941617,-998.8861719416172
1940,train,8000,8036.592313198274,-36.59231319827359
1494,train,13000,13603.236948541258,-603.2369485412582
4557,train,23000,20612.070398399228,2387.929601600772
2194,train,32000,39687.30373127423,-7687.303731274231
1500,train,7500,6912.408174696967,587.5918253030331
2921,train,10000,9601.528222019931,398.4717779800685
2948,train,30000,23558.424196765918,6441.575803234082
2465,train,15500,19590.344050532032,-4090.3440505320323
2488,train,9000,8035.448373756858,964.551626243142
86,train,7000,10125.487535598502,-3125.4875355985023
1659,train,14500,15086.45750499585,-586.4575049958494
2457,train,7500,12843.411989058428,-5343.411989058428
3196,train,11000,11551.782999379291,-551.7829993792911
1676,train,150000,130028.0591809713,19971.940819028707
4308,train,17000,16421.258093403125,578.7419065968752
1148,train,240000,206358.4765407116,33641.52345928841
3437,train,7000,7590.933964458918,-590.9339644589181
3785,train,13000,11624.44233807749,1375.5576619225103
1934,train,9500,9785.274402273184,-285.274402273184
1135,train,40000,34554.9815652839,5445.0184347160975
2808,train,12500,18194.199419928787,-5694.199419928787
3607,train,30000,18004.44063468069,11995.55936531931
561,train,20000,25649.80971485284,-5649.8097148528395
3481,train,13000,13158.540479590907,-158.54047959090713
4148,train,20000,19743.21046391296,256.78953608703887
826,train,1000000,436052.02148977143,563947.9785102286
949,train,180000,152471.65872500162,27528.341274998384
898,train,60000,66002.52674718958,-6002.526747189579
3511,train,65000,60749.190371333905,4250.809628666095
80,train,14500,19733.627232670206,-5233.627232670206
453,train,7000,10370.972194627526,-3370.972194627526
2560,train,12000,17612.486088637816,-5612.486088637816
1396,train,30000,25580.46363888148,4419.53636111852
3250,train,14000,17496.152650524324,-3496.1526505243237
570,train,45000,52496.67250483207,-7496.672504832073
1606,train,37000,23871.301284745885,13128.698715254115
1399,train,70000,65997.40938258627,4002.5906174137344
1523,train,5500,6811.066084889754,-1311.0660848897542
4281,train,10000,12547.641819084638,-2547.641819084638
240,train,8500,7691.667828092941,808.3321719070591
451,train,5146,7127.166571960501,-1981.1665719605007
1311,train,50000,56825.51929457734,-6825.519294577338
258,train,22000,16487.37252936627,5512.627470633732
3138,train,8000,7433.976903636074,566.023096363926
102,train,21000,18158.657164426822,2841.3428355731776
794,train,150000,149591.5416348543,408.45836514569237
3575,train,60000,43298.78360374544,16701.21639625456
1528,train,18000,17236.756108638536,763.2438913614642
4596,train,6000,6391.645517832501,-391.64551783250135
818,train,50000,51143.341652848874,-1143.3416528488742
2781,train,18000,15451.277424524384,2548.7225754756164
1088,train,50000,61876.164267451575,-11876.164267451575
219,train,6500,7770.707959921072,-1270.707959921072
245,train,7000,8720.909497455228,-1720.9094974552281
210,train,13000,11901.049624761348,1098.9503752386518
4371,train,40000,44488.98087553691,-4488.980875536909
706,train,20000,33302.14887436241,-13302.148874362407
874,train,250000,240716.82002775508,9283.179972244921
2120,train,8500,7676.568457126884,823.4315428731161
1873,train,120000,122765.81190495528,-2765.811904955277
337,train,7000,8896.172063104348,-1896.1720631043481
1948,train,14000,11931.29675222605,2068.7032477739504
1951,train,12000,8773.237029629636,3226.762970370364
1134,train,36000,25912.28790017026,10087.71209982974
1563,train,11000,7645.251676416966,3354.748323583034
2909,train,42000,39771.451775740716,2228.5482242592843
44,train,6000,6569.129050180832,-569.1290501808317
2892,train,20000,22687.50009149795,-2687.50009149795
1622,train,17000,21027.193865871217,-4027.193865871217
4313,train,17000,16539.834163462852,460.1658365371477
3444,train,120000,129524.9041164537,-9524.904116453705
697,train,43000,40670.23653237066,2329.7634676293383
298,train,9000,7581.813622578145,1418.1863774218546
4233,train,16000,15026.459708135855,973.5402918641448
1054,train,100000,101092.63360687136,-1092.6336068713572
2406,train,10000,10491.625229734063,-491.6252297340634
2725,train,20000,15152.588862352422,4847.411137647578
4470,train,20000,38348.8720188948,-18348.8720188948
129,train,4700,5400.991715382642,-700.9917153826418
4292,train,20000,17772.56109020214,2227.43890979786
4736,val,15000,13514.559209257757,1485.4407907422428
1052,val,130000,116332.13626368363,13667.863736316373
2600,val,40000,70664.81475366306,-30664.814753663057
2818,val,60000,31549.280158522233,28450.719841477767
2820,val,55000,41484.288966656895,13515.711033343105
1037,val,55000,57507.28909089357,-2507.2890908935733
2610,val,42000,82526.4681320327,-40526.46813203271
1382,val,80000,66915.52962177603,13084.470378223967
2755,val,65000,97894.62371788819,-32894.623717888186
2674,val,35000,51893.919381944186,-16893.919381944186
1397,val,100000,153618.3937512955,-53618.39375129549
2206,val,21000,24313.483377762415,-3313.4833777624153
1980,val,12000,7933.158001646196,4066.8419983538042
4277,val,22000,22838.042183834023,-838.0421838340226
4121,val,7500,6313.679069063923,1186.3209309360773
2033,val,30000,19614.043481743483,10385.956518256517
1446,val,22000,28865.355235102073,-6865.3552351020735
3807,val,23000,14912.29185525212,8087.7081447478795
2045,val,19000,12566.851698110426,6433.148301889574
4571,val,12000,16749.132298926586,-4749.132298926586
1574,val,12000,13851.276241018522,-1851.2762410185223
4681,val,9000,10263.25105168505,-1263.2510516850507
2335,val,22000,20452.83630620316,1547.1636937968397
1817,val,19000,14869.9411262743,4130.0588737257
2553,val,15000,13110.167796377364,1889.8322036226364
3498,val,16000,13823.341901209036,2176.658098790964
2864,val,5500,9803.18345882296,-4303.183458822959
3777,val,17000,15554.272794457711,1445.727205542289
4599,val,16000,17771.749839374475,-1771.7498393744754
2502,val,11000,19717.867237534825,-8717.867237534825
765,val,140000,102424.89424815412,37575.105751845884
3974,val,12000,19878.352001294184,-7878.352001294184
1503,val,10500,12938.179842909996,-2438.1798429099963
1876,val,5000,4993.760470359588,6.239529640412002
1886,val,6000,7549.796276339656,-1549.7962763396563
866,val,100000,112134.71774334613,-12134.717743346133
862,val,30000,20786.760453553892,9213.239546446108
347,val,8500,8081.57393779337,418.4260622066304
1271,val,98000,135265.4711918941,-37265.47119189409
1129,val,35000,33293.67475953987,1706.3252404601299
2738,val,8500,13229.618919960742,-4729.618919960742
1197,val,55000,34753.40892489475,20246.59107510525
3181,val,5000,5180.431665886915,-180.43166588691474
768,val,45000,39663.410147432056,5336.589852567944
1025,val,100000,99338.49411696981,661.5058830301859
4556,val,11000,12534.677345986895,-1534.6773459868946
2453,val,6000,11111.579572126895,-5111.579572126895
1,val,20000,9105.378781793323,10894.621218206677
2843,val,28000,26988.144184988818,1011.8558150111821
1281,val,95000,60926.21007994227,34073.78992005773
4377,val,20000,21157.526107652986,-1157.526107652986
1904,val,65000,45512.3635906651,19487.636409334897
3263,val,25000,17969.156570252606,7030.843429747394
2965,val,85000,65221.87235493834,19778.127645061657
4414,val,39000,37569.316128065744,1430.6838719342559
209,val,8000,6078.852170017995,1921.1478299820046
1147,val,8000,31928.039062584892,-23928.039062584892
3385,val,5700,6759.016138721975,-1059.016138721975
3839,val,27000,47456.227070962945,-20456.227070962945
4143,val,60000,46606.708117486145,13393.291882513855
2926,val,5500,8113.8104110534205,-2613.8104110534205
3195,val,12000,11636.31912849683,363.6808715031693
2597,val,10000,12389.564423670005,-2389.5644236700045
2302,val,60000,67723.6411706202,-7723.641170620205
4469,val,16000,12330.257413936557,3669.742586063443
638,val,190000,158983.32352549347,31016.67647450653
4489,val,15000,14102.577840295253,897.4221597047472
3213,val,8000,5616.326303629298,2383.6736963707017
3495,val,70000,88067.47923265016,-18067.479232650163
285,val,25000,13681.253294496171,11318.746705503829
4667,val,15000,10388.3078293216,4611.6921706784
3725,val,11000,9440.396869160983,1559.6031308390175
3846,val,14000,13687.225527880597,312.7744721194031
3331,val,30000,23539.761110606516,6460.238889393484
2220,val,6500,7393.615368239583,-893.6153682395834
4622,val,13000,19225.706499571374,-6225.706499571374
667,val,25000,17924.09833149314,7075.90166850686
1773,val,16000,21138.16200068171,-5138.16200068171
744,val,300000,115565.03157690282,184434.96842309716
3849,val,15000,11529.728421138729,3470.2715788612713
4514,val,70000,83301.25411398997,-13301.25411398997
2023,val,16000,13826.794569143585,2173.2054308564148
1732,val,10000,15418.847971160005,-5418.847971160005
2277,val,8000,7513.360515355252,486.63948464474834
1801,val,18000,9054.492083825664,8945.507916174336
3715,val,17000,17182.408995118272,-182.4089951182723
4134,val,25000,21897.503814442916,3102.4961855570837
3500,val,100000,61972.83931321077,38027.16068678923
3326,val,12000,15158.56414337237,-3158.5641433723704
3583,val,10000,10347.18506243448,-347.18506243448064
3370,val,7500,11815.72747858252,-4315.727478582519
2142,val,30000,30731.40131436596,-731.4013143659613
433,val,8500,8055.337789028038,444.66221097196194
634,val,150000,125265.88651372376,24734.11348627624
2239,val,8000,6339.6843075986435,1660.3156924013565
3413,val,30000,32006.931045021316,-2006.931045021316
262,val,15000,9496.77353821397,5503.226461786029
2007,val,14000,15383.218236671724,-1383.2182366717243
733,val,25000,22430.941072543654,2569.0589274563463
2069,val,13000,11642.409129188803,1357.5908708111965
3960,val,30000,40578.071705723116,-10578.071705723116
814,val,100000,100098.6442174912,-98.64421749119356
4706,val,12000,12092.447696252215,-92.44769625221488
1077,val,98000,111949.62727420608,-13949.627274206083
975,val,100000,34067.68298268945,65932.31701731056
4335,val,30000,29733.717555016854,266.282444983146
146,val,2200,8607.20511960445,-6407.20511960445
2021,val,35000,25394.478523531106,9605.521476468894
1895,val,6500,7753.275947014098,-1253.2759470140982
3218,val,18000,16742.01217596176,1257.9878240382386
2195,val,14500,9508.432349085148,4991.5676509148525
4312,val,7000,13102.295827093667,-6102.295827093667
2923,val,280000,151679.6023849596,128320.39761504039
64,val,3500,4954.811124507579,-1454.8111245075788
4118,val,17000,17268.294064768244,-268.2940647682444
1131,val,47000,58066.23502915279,-11066.235029152791
1196,val,120000,116232.50177783493,3767.4982221650716
336,val,7200,7466.038646079366,-266.0386460793661
1815,val,12000,10764.961812294325,1235.0381877056752
4582,val,37000,45326.5466734723,-8326.546673472301
2887,val,10000,10204.145883292269,-204.145883292269
2154,val,9000,8962.238113378902,37.7618866210978
3944,val,45000,40868.71546198373,4131.284538016269
1290,val,80000,56248.35430919462,23751.64569080538
747,val,35000,38679.792840460505,-3679.7928404605045
2449,val,9000,11340.456315392252,-2340.456315392252
221,val,5200,7510.105893630033,-2310.1058936300333
3102,val,55000,87991.0905474961,-32991.090547496104
2079,val,14000,12392.57529389627,1607.4247061037295
1049,val,40000,41052.83186590411,-1052.8318659041106
1051,val,95000,58120.73806691809,36879.26193308191
4014,val,16000,14285.755321577766,1714.2446784222338
2860,val,250000,60188.42147449548,189811.5785255045
1433,val,7500,33777.950856458476,-26277.950856458476
4421,val,8000,12544.015185322409,-4544.015185322409
3009,val,15000,17532.326176643302,-2532.3261766433025
4728,val,15000,19167.058279199762,-4167.058279199762
3305,val,14000,14243.459522183171,-243.45952218317143
2057,val,9500,7481.275244231035,2018.7247557689652
992,val,140000,156828.52141609203,-16828.52141609203
994,val,65000,65703.16028801921,-703.1602880192077
4536,val,38000,20596.690898681016,17403.309101318984
1216,val,43000,59057.86465301048,-16057.864653010482
1277,val,55000,42312.22128866422,12687.778711335777
2052,val,15000,17112.391786353703,-2112.3917863537026
3991,val,18000,10852.8495223302,7147.1504776698
3169,val,10000,11367.984928527001,-1367.984928527001
965,val,68000,78724.07248668226,-10724.072486682257
2182,val,190000,75022.41357140204,114977.58642859796
99,val,15000,19382.459635021238,-4382.459635021238
2970,val,24000,24865.612269838773,-865.6122698387735
226,val,7000,7103.621131259109,-103.62113125910855
74,val,40000,16683.447034093668,23316.552965906332
752,val,57000,53707.88002216434,3292.1199778356604
4670,val,17000,18362.326346544713,-1362.3263465447126
3126,val,25000,16733.500672933766,8266.499327066234
1299,val,140000,222367.4822904946,-82367.4822904946
3448,val,120000,105804.67942592074,14195.320574079262
3193,val,15000,13061.457515085585,1938.5424849144147
4650,val,32000,25397.419853032825,6602.580146967175
3573,val,7500,7057.280999480586,442.7190005194143
2326,val,11000,10886.462013737813,113.53798626218668
1988,val,13000,10579.58224930084,2420.41775069916
791,val,600000,449694.71525699797,150305.28474300203
3039,val,40000,47934.472788077524,-7934.4727880775245
170,val,5000,3703.4135843243457,1296.5864156756543
3866,val,50000,34865.10329636426,15134.896703635743
2846,val,27000,28017.855118466603,-1017.855118466603
3982,val,12000,12440.826067401993,-440.826067401993
2758,val,12000,14866.617630102919,-2866.617630102919
2712,val,7500,8605.4887255199,-1105.4887255198992
3925,val,15000,10814.440809936501,4185.559190063499
3130,val,15000,13726.885867411154,1273.1141325888457
2588,val,4000,5224.097298752129,-1224.097298752129
906,val,4500,20054.979360217247,-15554.979360217247
4234,val,6000,4761.142565350503,1238.857434649497
890,val,80000,76551.72893589111,3448.2710641088925
1482,val,40000,34665.37611222686,5334.6238877731375
535,val,30000,35479.636036910735,-5479.636036910735
1329,val,50000,26051.81014113234,23948.18985886766
2444,val,12000,8740.902827072256,3259.0971729277444
1442,val,55000,60714.16635519803,-5714.166355198031
1943,val,5000,9556.476415142679,-4556.476415142679
4151,val,12000,10799.438717536534,1200.5612824634663
2902,val,30000,42600.501681874615,-12600.501681874615
2943,val,27000,28260.3768866086,-1260.3768866085993
271,val,9000,20247.801129502674,-11247.801129502674
1527,val,10000,12442.736756662327,-2442.736756662327
2373,val,8000,10396.626557064203,-2396.6265570642026
3474,val,12000,9933.193719125493,2066.806280874507
4189,val,13900,8012.257978367334,5887.742021632666
4567,val,23000,20229.636830353258,2770.363169646742
1892,val,7500,6976.915183597673,523.0848164023273
3291,val,10000,9034.54069948842,965.4593005115803
3864,val,28000,28429.34455466197,-429.3445546619696
858,val,160000,140472.24453139544,19527.755468604562
3353,val,20000,19794.98053922173,205.0194607782687
1715,val,21000,17290.502420471388,3709.497579528612
3445,val,20000,24059.964523399907,-4059.964523399907
3932,val,25000,27480.433985486372,-2480.433985486372
2040,val,16000,13194.93799263107,2805.0620073689297
663,val,50000,52562.046768753076,-2562.0467687530763
4192,val,4700,9428.937639838383,-4728.937639838383
3202,val,12000,13827.693169274924,-1827.693169274924
1266,val,85000,41159.805583803805,43840.194416196195
217,val,30000,36175.914433626276,-6175.914433626276
1978,val,27500,18699.770838114597,8800.229161885403
2749,val,30000,32573.85412170317,-2573.8541217031707
3609,val,14000,12611.982880401803,1388.0171195981966
1473,val,45000,43720.775022155285,1279.2249778447149
2059,val,9000,15818.12176614813,-6818.12176614813
4539,val,25000,11161.800471417891,13838.199528582109
653,val,13500,28194.853426030233,-14694.853426030233
2048,val,18000,18471.45269482585,-471.4526948258499
42,val,5000,6489.447713288953,-1489.4477132889533
4454,val,15000,13066.93244795228,1933.0675520477198
1989,val,11000,9951.984451015456,1048.0155489845438
2671,val,20500,18323.684584056908,2176.3154159430924
580,val,13000,19568.268567559047,-6568.268567559047
2792,val,7000,11767.919831145671,-4767.919831145671
916,val,90000,72080.69565934109,17919.304340658913
3789,val,36000,50362.12229785268,-14362.122297852678
410,val,6500,10298.558206370499,-3798.5582063704987
2089,val,30000,40807.80823744538,-10807.80823744538
3735,val,28000,14656.06147702435,13343.93852297565
201,val,10000,6380.827028920003,3619.1729710799973
2546,val,12000,12308.370595688688,-308.3705956886879
2084,val,12000,12910.179041809663,-910.1790418096625
1710,val,7000,6999.013991403269,0.9860085967311534
4079,val,27000,27560.65676772922,-560.6567677292187
4488,val,25000,25751.323654198608,-751.323654198608
3035,val,10000,10927.072213897702,-927.0722138977017
3920,val,27000,24381.991811994332,2618.0081880056678
3277,val,25000,26721.777338455817,-1721.7773384558168
3949,val,35000,40008.41821666075,-5008.41821666075
2656,val,5000,7477.290210415392,-2477.290210415392
1941,val,22000,7467.689739567152,14532.310260432849
2383,val,18500,13679.425477477216,4820.574522522784
2423,val,8500,8552.373877931157,-52.37387793115704
4653,val,12000,9119.05639605085,2880.94360394915
3962,val,25000,19829.022918412524,5170.977081587476
565,val,44000,70526.1735199576,-26526.173519957607
3248,val,14000,15071.847885737101,-1071.847885737101
1428,val,31000,30197.630041282133,802.3699587178671
1193,val,250000,163775.27623881702,86224.72376118298
2448,val,35000,40711.464206475284,-5711.464206475284
1512,val,7000,6122.040491678516,877.9595083214836
2841,val,10000,9988.126666708336,11.873333291663585
3400,val,7500,10704.461049983302,-3204.4610499833016
395,val,6000,7082.498760944733,-1082.4987609447326
2607,val,15500,14941.65699763179,558.3430023682104
1097,val,29500,37944.546840071824,-8444.546840071824
1917,val,14000,13254.280562942298,745.7194370577017
1491,val,250000,328954.6426822974,-78954.64268229739
1453,val,55000,70903.39436978105,-15903.394369781046
1877,val,18000,9415.713803256818,8584.286196743182
3436,val,13500,13226.14994784646,273.8500521535407
1566,val,24000,22962.592020844608,1037.4079791553922
757,val,24000,25828.159464032546,-1828.1594640325457
3956,val,45000,52839.0919351709,-7839.091935170902
4251,val,15500,10000.132458319496,5499.867541680504
3603,val,6500,9304.959214341348,-2804.9592143413483
1496,val,21000,24219.0781458673,-3219.078145867301
3377,val,20000,13685.362735726596,6314.637264273404
3507,val,17000,13230.134498946283,3769.865501053717
2197,val,7500,8726.70219420572,-1226.70219420572
1858,val,17000,16303.430745768499,696.569254231501
3841,val,9000,12732.738161372496,-3732.7381613724956
1578,val,12000,11904.178402851778,95.82159714822228
247,val,7000,10925.199218244297,-3925.1992182442973
2170,val,15000,15146.779989045366,-146.77998904536616
3069,val,14000,6887.381166941796,7112.618833058204
1093,val,75000,74827.22683497868,172.77316502132453
808,val,60000,29115.43031515184,30884.56968484816
2837,val,150000,157481.69087494342,-7481.690874943422
4061,val,13000,15006.280157715422,-2006.2801577154223
2703,val,10000,10266.287018251609,-266.28701825160897
2417,val,13000,11701.625056511868,1298.374943488132
2590,val,20000,28082.696255184077,-8082.696255184077
4409,val,46000,75870.61075258859,-29870.61075258859
2245,val,11000,11254.777278892041,-254.77727889204107
3560,val,20000,15963.66173744413,4036.3382625558697
4029,val,15000,21657.251880497108,-6657.251880497108
2409,val,7000,8124.309614404418,-1124.3096144044184
3568,val,26000,22390.3376580009,3609.662341999101
592,val,170000,158161.01465076747,11838.985349232535
1979,val,16000,13727.695357042921,2272.3046429570786
373,val,15000,17040.982167357262,-2040.9821673572624
2732,val,20000,12774.72898724829,7225.271012751709
2678,val,17000,17727.040614884747,-727.0406148847469
2751,val,13000,9465.009174219416,3534.9908257805837
1826,val,7000,8177.625626379911,-1177.6256263799114
301,val,15000,14454.07218135013,545.9278186498705
2900,val,16000,20930.066243856607,-4930.066243856607
3316,val,7000,6273.177019533199,726.8229804668008
648,val,80000,94184.06564993493,-14184.065649934928
3645,val,20000,13277.69728222863,6722.30271777137
457,val,8000,7256.726036197846,743.273963802154
1679,val,40000,33690.4202590741,6309.579740925903
3219,val,15000,16905.921094109748,-1905.921094109748
3030,val,34999,51075.59318554308,-16076.593185543083
3261,val,12000,10996.47031709046,1003.5296829095405
1016,val,45000,52292.67635009689,-7292.676350096888
3033,val,15000,9866.393130406868,5133.606869593132
4369,val,7000,8224.509759467917,-1224.5097594679173
3318,val,20000,27041.48024922124,-7041.48024922124
3662,val,13500,9022.750058936304,4477.249941063696
2830,val,12000,21067.870029123605,-9067.870029123605
4077,val,25000,15027.736949032167,9972.263050967833
1019,val,20000,22687.436924578495,-2687.4369245784947
3446,val,21000,16947.586807249823,4052.4131927501767
1891,val,36000,27647.459108266525,8352.540891733475
1336,val,21000,18568.678287369043,2431.3217126309573
3927,val,12000,11580.110609560828,419.8893904391716
4703,val,60000,56934.87368075647,3065.126319243529
4522,val,9500,9960.486554452104,-460.4865544521035
2655,val,9500,10317.420152283292,-817.4201522832918
187,val,8000,11603.40934637641,-3603.4093463764093
1584,val,27000,21606.79157989916,5393.20842010084
2726,val,10000,10875.751345740335,-875.7513457403347
287,val,7500,15989.30106704743,-8489.30106704743
1156,val,260000,182424.39421260482,77575.60578739518
3348,val,53000,43799.52194013926,9200.47805986074
3679,val,11000,11752.675495724176,-752.6754957241756
3740,val,36000,41375.90056450957,-5375.900564509568
1263,val,27000,39608.117793579964,-12608.117793579964
503,val,40000,36374.60917600743,3625.390823992573
1747,val,15000,12323.390358784609,2676.609641215391
4410,val,12000,12763.683671161041,-763.6836711610413
2329,val,8500,8756.388149922755,-256.3881499227555
600,val,300000,284045.2805122468,15954.719487753173
2592,val,150000,34825.46371766521,115174.5362823348
4497,val,12500,12391.005989794992,108.99401020500773
3934,val,12000,13590.492649474127,-1590.4926494741267
675,val,21000,18529.333765280462,2470.666234719538
4724,val,5000,8090.088009879301,-3090.0880098793014
4019,val,12500,9937.60056903066,2562.3994309693408
2542,val,45000,33512.65018937297,11487.349810627027
2478,val,20000,11236.087919448171,8763.912080551829
2522,val,65000,43048.95330565229,21951.046694347708
2809,val,30000,34803.175370483026,-4803.175370483026
2501,val,10000,10372.484907984595,-372.48490798459534
2280,val,30000,29656.274198006548,343.7258019934525
1868,val,22500,44795.764937753964,-22295.764937753964
3422,val,7500,5868.386727898111,1631.6132721018894
999,val,1200000,410903.82556426554,789096.1744357345
2786,val,150000,105280.43047939985,44719.569520600155
2870,val,21000,9703.799783122735,11296.200216877265
4345,val,5000,8985.528613279725,-3985.5286132797246
1837,val,17000,27227.995726072808,-10227.995726072808
4431,val,12000,13729.934879212315,-1729.9348792123146
3653,val,10000,7279.472854550242,2720.527145449758
1317,val,80000,52266.062382464865,27733.937617535135
1456,val,140000,183071.63089264013,-43071.630892640125
2470,val,2000,9332.913704842156,-7332.913704842156
1545,val,8000,7756.38514708947,243.61485291053032
595,val,75000,82209.02178204672,-7209.021782046722
230,val,3500,6883.151191478625,-3383.151191478625
4623,val,11000,6076.033722270663,4923.966277729337
4441,val,30000,19273.52247937871,10726.47752062129
4105,val,6000,8798.467082439669,-2798.467082439669
3024,val,13000,11524.667006244263,1475.3329937557373
2232,val,150000,154047.34706280363,-4047.3470628036303
2721,val,47000,40907.311680065766,6092.688319934234
3876,val,14000,11935.703375953537,2064.296624046463
40,val,7200,7645.372893056384,-445.3728930563839
3322,val,10000,7085.135926136059,2914.8640738639406
3781,val,27999,28705.02166029207,-706.02166029207
1681,val,16000,15829.021038074097,170.9789619259027
3396,val,8000,9157.324446469906,-1157.3244464699055
4541,val,10000,15308.673050396725,-5308.673050396725
1857,val,27000,18408.62059374113,8591.379406258871
2158,val,24000,19515.50952268411,4484.490477315889
3589,val,7000,9838.022298107311,-2838.022298107311
3244,val,9000,8190.166539330481,809.8334606695189
4391,val,13500,13074.841415545565,425.1585844544352
824,val,48000,45321.056781119725,2678.943218880275
55,val,7000,6564.722052432733,435.2779475672669
2267,val,10000,11795.637448951087,-1795.6374489510872
3531,val,20000,17738.46336725563,2261.53663274437
3092,val,9000,11284.808289344403,-2284.8082893444025
2407,val,40000,20861.564056985033,19138.435943014967
3563,val,18000,18603.7688573537,-603.7688573537016
1896,val,6000,10092.55589496683,-4092.5558949668302
333,val,30000,18615.24705171763,11384.75294828237
32,val,6000,7711.320259397912,-1711.3202593979122
1235,val,200000,294435.82896698907,-94435.82896698907
4485,val,12000,15063.01090412463,-3063.0109041246305
1991,val,23500,13582.637874608014,9917.362125391986
1367,val,55000,37210.017055053046,17789.982944946954
4638,val,8000,7558.616268291099,441.383731708901
2347,val,10000,13709.733507445066,-3709.7335074450657
2454,val,22000,20933.025822195006,1066.9741778049938
1221,val,6500,16351.174982573926,-9851.174982573926
2371,val,65000,97978.12356735535,-32978.123567355346
1893,val,9000,8426.851864497694,573.1481355023061
1126,val,50000,63909.362866545314,-13909.362866545314
2171,val,6000,8174.887511146206,-2174.8875111462057
2131,val,10000,8364.19391564916,1635.8060843508392
2468,val,13000,10665.49376362232,2334.5062363776797
1065,val,18000,22846.54879476037,-4846.548794760369
3634,val,19000,20971.37047273158,-1971.3704727315817
1636,val,40000,37043.171404772685,2956.8285952273145
1262,val,41000,28736.33093763554,12263.66906236446
3845,val,9500,9157.180978232967,342.8190217670326
3408,val,5000,10469.334237462183,-5469.3342374621825
1616,val,100000,125902.35244014401,-25902.352440144008
2729,val,5500,7581.3186402882,-2081.3186402882
2509,val,32000,24352.399078807684,7647.600921192316
1548,val,20000,27435.463470414626,-7435.4634704146265
3714,val,45000,23958.29844708888,21041.70155291112
2530,val,20000,14961.185006175849,5038.814993824151
4446,val,15000,17358.44886535619,-2358.4488653561893
2972,val,10500,12673.93514281614,-2173.935142816141
3141,val,13000,10515.500923442773,2484.4990765572275
3197,val,8000,9011.48800164572,-1011.4880016457191
4647,val,16000,17590.39218349866,-1590.3921834986613
1206,val,32000,32048.465213043597,-48.46521304359703
4089,val,10000,13483.616397096372,-3483.6163970963717
1935,val,9000,18295.275278637473,-9295.275278637473
2793,val,18500,20015.430648063553,-1515.4306480635532
873,val,40000,35220.17066840123,4779.8293315987685
772,val,120000,117462.95755217661,2537.042447823391
1953,val,9500,13684.020390015534,-4184.020390015534
3532,val,17000,14837.939078056728,2162.0609219432718
3401,val,15000,11099.133632533689,3900.866367466311
207,val,6000,8024.503508474007,-2024.5035084740066
3825,val,10000,11335.338225194562,-1335.3382251945623
20,val,7900,7410.683616866074,489.31638313392614
3556,val,9500,12160.71346258051,-2660.71346258051
952,val,59000,38035.20678562236,20964.79321437764
4215,val,40000,44364.0752589246,-4364.075258924597
4686,val,7000,5783.350502619471,1216.6494973805293
3561,val,13000,10222.712500333655,2777.287499666345
3818,val,8500,6912.99475636014,1587.00524363986
1666,val,50000,73689.90900804932,-23689.90900804932
1925,val,15000,12875.906059493038,2124.093940506962
3752,val,10000,8196.45452407201,1803.5454759279892
1735,val,8000,8180.157098587884,-180.15709858788432
444,val,10000,13620.451046876222,-3620.451046876222
3608,val,4000,6609.273482921512,-2609.2734829215124
556,val,32000,23074.648118819685,8925.351881180315
1078,val,16000,17731.955498127314,-1731.955498127314
75,val,12500,17225.21632718077,-4725.216327180769
197,val,15000,16396.249132259592,-1396.2491322595924
1120,val,90100,79454.21393684385,10645.786063156149
2845,val,18000,22029.892090661044,-4029.8920906610438
10,val,25000,20996.442231743393,4003.5577682566072
4093,val,12000,11981.3741361603,18.625863839699377
181,val,50000,30987.67431802725,19012.32568197275
4404,val,12000,16748.63854979888,-4748.638549798881
1609,val,8000,8485.851705554114,-485.85170555411423
96,val,12000,17240.903260489482,-5240.903260489482
4141,val,15500,12493.655863345955,3006.3441366540446
4707,val,110000,73086.0317969083,36913.9682030917
355,val,5200,6220.0268390348065,-1020.0268390348065
2127,val,10000,8826.780957768013,1173.2190422319873
1740,val,6000,7403.174184386764,-1403.174184386764
292,val,15000,14641.323160453267,358.6768395467334
806,val,19500,63740.36085747764,-44240.36085747764
1114,val,55000,62599.112879101005,-7599.112879101005
2389,val,90000,105026.3797208649,-15026.379720864905
2263,val,9000,9359.024769933747,-359.02476993374694
158,val,14500,15962.468847605416,-1462.4688476054162
4053,val,35000,17305.112758419767,17694.887241580233
3251,val,8000,10048.793664616225,-2048.793664616225
3080,val,11000,10039.544971908032,960.4550280919684
2772,val,20200,24670.033652324306,-4470.033652324306
2557,val,12000,14306.556154182308,-2306.556154182308
127,val,8000,6363.822024864675,1636.1779751353251
1930,val,18000,21042.921594216332,-3042.921594216332
654,val,18000,58762.51443410038,-40762.51443410038
2505,val,35000,11917.283105266983,23082.716894733017
4186,val,20000,20145.604005931815,-145.60400593181475
1429,val,60000,38869.62567096332,21130.374329036676
4721,val,8000,10459.379133733844,-2459.3791337338444
443,val,5500,5998.8026194892,-498.80261948919997
4646,val,10000,11031.026628363867,-1031.0266283638666
2394,val,260000,153024.7501585341,106975.2498414659
1145,val,50000,30205.230962981725,19794.769037018275
4128,val,22000,18519.119276976042,3480.880723023958
1583,val,19000,18307.67795403079,692.3220459692093
3414,val,12500,7196.147450062091,5303.852549937909
4392,val,21000,17463.740941226733,3536.2590587732666
2015,val,5000,6551.301506580956,-1551.301506580956
978,val,40000,44140.97109731518,-4140.971097315181
4430,val,22000,22822.069918224766,-822.0699182247663
3186,val,14000,16379.352721824142,-2379.3527218241416
1729,val,6500,8943.82119530316,-2443.8211953031605
275,val,30000,14834.357727263816,15165.642272736184
1113,val,70000,73984.25122781005,-3984.2512278100476
3535,val,12000,12643.448532959417,-643.4485329594172
2945,val,5000,7903.135492740087,-2903.135492740087
117,val,7000,6207.349899271544,792.650100728456
671,val,65000,70332.93960151233,-5332.939601512335
3315,val,7000,6299.601617441189,700.3983825588111
574,val,55000,60632.50805713895,-5632.508057138948
3406,val,7500,10396.526208902467,-2896.5262089024673
3096,val,15000,42161.77983368282,-27161.77983368282
2888,val,20000,14839.454709947548,5160.545290052452
1436,val,80000,35929.967096275315,44070.032903724685
3177,val,7500,10687.819427615603,-3187.8194276156028
647,val,53000,52568.34808868334,431.6519113166578
2244,val,17000,16490.634222852725,509.36577714727537
2078,val,4000,5944.181526152541,-1944.1815261525408
1932,val,10000,12979.017423343968,-2979.0174233439684
175,val,5500,7728.893772808936,-2228.893772808936
1137,val,32000,46028.14302766989,-14028.143027669888
1356,val,74999,52014.20709845112,22984.792901548877
13,val,5500,6459.321812667799,-959.3218126677993
915,val,10000,16522.123301562257,-6522.1233015622565
3922,val,9000,16395.166771804197,-7395.166771804197
3943,val,14000,18799.526851914245,-4799.526851914245
234,val,4500,5875.319660206795,-1375.3196602067947
1343,val,80000,179293.45065630213,-99293.45065630213
3167,val,16000,12224.027346842862,3775.9726531571378
1850,val,8900,22598.82334606031,-13698.823346060311
3122,val,12500,13874.16228322776,-1374.1622832277608
3678,val,23000,23626.559412699167,-626.5594126991673
236,val,4500,4420.060516385483,79.93948361451658
4191,val,9000,10419.0799905101,-1419.0799905100994
1824,val,16500,23762.170438561734,-7262.170438561734
2938,val,25000,25019.78327251359,-19.7832725135886
3710,val,22000,18263.88711859156,3736.1128814084404
4595,val,12000,9127.28050863174,2872.7194913682597
2222,val,22000,38542.42997079827,-16542.429970798272
3569,val,9000,11005.581421361148,-2005.5814213611484
149,val,20000,13481.268320239844,6518.731679760156
4020,val,25000,25212.752855616112,-212.75285561611236
4598,val,10000,7237.2019188768945,2762.7980811231055
3132,val,15000,11045.984728055728,3954.015271944272
2458,val,5500,11376.663018530273,-5876.663018530273
383,val,10000,10886.366652565883,-886.3666525658828
4185,val,16000,12878.589232704167,3121.4107672958326
4731,val,12000,12568.480188094196,-568.4801880941959
3320,val,18000,14643.883500030575,3356.1164999694247
4592,val,12000,14146.85610201261,-2146.856102012611
3346,val,9000,11842.172958392439,-2842.172958392439
1808,val,70000,7477.561976059208,62522.43802394079
2013,val,25500,43391.44868282377,-17891.44868282377
3065,val,15000,16822.904929612418,-1822.9049296124176
737,val,22000,27890.64084297641,-5890.640842976409
1757,val,7000,6766.81539993739,233.18460006261012
803,val,50000,114028.40697626976,-64028.40697626976
1226,val,15000,25561.52811162765,-10561.52811162765
3879,val,11000,12297.048890321295,-1297.0488903212954
1580,val,15000,11829.91124333952,3170.0887566604797
3780,val,13000,17768.221096219535,-4768.221096219535
2353,val,22000,14182.542849852829,7817.457150147171
4247,val,8500,10275.704005269796,-1775.7040052697957
4594,val,30000,26117.098475133214,3882.9015248667856
1265,val,65000,77624.28749775368,-12624.287497753685
4364,val,28000,20909.940336859454,7090.059663140546
3393,val,13000,10874.498357391558,2125.501642608442
4166,val,14000,20715.056751826844,-6715.0567518268435
118,val,3900,4679.875424232298,-779.8754242322984
725,val,600000,313643.6167297364,286356.3832702636
2129,val,13000,18397.55203431817,-5397.552034318171
1791,val,8000,8199.829869400699,-199.82986940069895
1426,val,47000,39270.68824850589,7729.311751494111
521,val,18000,13918.870537971357,4081.1294620286426
3952,val,12500,14173.463063564917,-1673.4630635649173
583,val,28000,30362.78100269758,-2362.7810026975785
361,val,8000,6204.847710615378,1795.1522893846222
1602,val,15000,21621.365183371272,-6621.365183371272
3647,val,600000,12973.502474363222,587026.4975256368
4718,val,30000,33927.66228453951,-3927.6622845395104
95,val,5000,5583.443857378162,-583.4438573781617
4394,val,10000,11423.37540740616,-1423.3754074061599
956,val,40000,31401.65273160577,8598.347268394231
1894,val,18000,23096.60470860031,-5096.604708600309
1727,val,15000,13070.813209136453,1929.1867908635468
228,val,14000,13303.158088021268,696.8419119787322
1944,val,6000,7075.179504913372,-1075.1795049133716
1402,val,32000,30168.01949129757,1831.9805087024288
1743,val,20000,15362.855965965942,4637.144034034058
2669,val,55000,35957.35148539767,19042.648514602333
4555,val,15000,17767.03056093732,-2767.030560937321
2332,val,6000,7685.909532745683,-1685.9095327456826
1721,val,22000,35530.51416487553,-13530.51416487553
3229,val,25000,26077.69803971757,-1077.6980397175685
3692,val,8500,10572.90766068521,-2072.9076606852104
4078,val,35000,24634.88557219906,10365.114427800941
934,val,310000,309824.21884444385,175.78115555614932
3976,val,45000,19277.597112514868,25722.402887485132
4129,val,15000,12191.57469137707,2808.425308622929
4433,val,15000,20766.544696606506,-5766.5446966065065
1117,val,150000,146644.61749426668,3355.382505733316
3995,val,130000,9270.272664281509,120729.72733571849
185,val,8000,9292.103275038893,-1292.1032750388931
489,val,8000,6272.926981373908,1727.0730186260917
560,val,44000,58117.132292024915,-14117.132292024915
868,val,45000,46858.07203010973,-1858.0720301097317
2145,val,25000,14687.927255711002,10312.072744288998
1713,val,20000,18070.598692159725,1929.401307840275
3681,val,15000,11311.498981514886,3688.5010184851144
3552,val,10000,6847.50625473996,3152.4937452600398
1902,val,8000,18371.283480570008,-10371.283480570008
2388,val,9000,9535.535388780698,-535.5353887806978
3108,val,15000,9613.041997980776,5386.958002019224
3745,val,8500,16759.45391920792,-8259.453919207921
130,val,4500,6200.438732273232,-1700.4387322732318
2559,val,10000,16370.103671050341,-6370.103671050341
3230,val,9000,11406.90525551703,-2406.905255517029
4550,val,21000,16016.698903324936,4983.301096675064
2138,val,5000,5629.1251861389055,-629.1251861389055
1752,val,16000,23697.295698514794,-7697.295698514794
3345,val,20000,25763.649985966495,-5763.649985966495
1931,val,120000,155630.77306729485,-35630.77306729485
1573,val,10500,13362.502197953847,-2862.502197953847
171,val,9000,8942.557781677933,57.442218322066765
3027,val,12000,7061.889967770884,4938.110032229116
1637,val,10000,13567.631649282175,-3567.631649282175
2848,val,350000,77970.4209508713,272029.5790491287
3821,val,19000,13961.107887407821,5038.892112592179
2753,val,18000,13434.165312339179,4565.834687660821
3727,val,25000,16624.258760837078,8375.741239162922
4427,val,10000,9007.250210790147,992.7497892098527
3737,val,3500,5048.499448893255,-1548.4994488932552
3302,val,10000,16728.919260780076,-6728.919260780076
3557,val,18000,18432.716855648847,-432.71685564884683
2835,val,18000,19213.338168885664,-1213.3381688856643
1381,val,45000,60995.05419882817,-15995.05419882817
534,val,32000,32650.9645626649,-650.9645626648999
3086,val,10000,10075.393688568198,-75.39368856819783
1910,val,12000,22594.913699149354,-10594.913699149354
4333,val,10000,18177.76544932135,-8177.765449321349
2043,val,21000,24812.863293690807,-3812.863293690807
3303,val,20000,15364.1486251822,4635.851374817799
1214,val,40000,25929.76291057786,14070.237089422139
374,val,6200,8024.599933831904,-1824.5999338319043
1055,val,35000,20955.157505673567,14044.842494326433
3255,val,20000,27450.441758864672,-7450.441758864672
1907,val,11000,7269.683503313346,3730.3164966866543
100,val,22000,37505.64952849491,-15505.649528494912
3201,val,60000,44528.251084519005,15471.748915480995
2425,val,18000,13106.302455223014,4893.6975447769855
255,val,5300,7395.578569473626,-2095.578569473626
1798,val,30000,75776.26563709707,-45776.265637097065
3961,val,7000,9437.430409876035,-2437.430409876035
828,val,130000,143400.67109762074,-13400.67109762074
1610,val,7500,7911.3792306430205,-411.3792306430205
1647,val,8500,13765.06821650153,-5265.06821650153
1672,val,18000,15206.7028058695,2793.2971941305004
1726,val,7000,6239.922826022839,760.0771739771608
4450,val,30000,24178.604614589345,5821.395385410655
606,val,170000,167537.48547149135,2462.5145285086473
2969,val,9000,7349.138040786427,1650.8619592135728
1632,val,20000,7284.397684865097,12715.602315134904
2882,val,15000,13260.920488183741,1739.0795118162587
4203,val,7000,9113.75280680109,-2113.7528068010906
4666,val,15000,22609.106311530923,-7609.1063115309225
1209,val,80000,73199.77109468427,6800.228905315729
3282,val,16500,24624.505924714565,-8124.5059247145655
3911,val,12000,17906.74469740641,-5906.744697406411
3482,val,13000,15526.020905484154,-2526.0209054841544
2074,val,11500,8897.534135894539,2602.465864105461
1835,val,16000,17595.20854324043,-1595.208543240431
4299,val,15500,19857.73290664521,-4357.732906645211
1123,val,80000,33594.480394044025,46405.519605955975
3306,val,11000,9723.720070600124,1276.279929399876
2240,val,13500,10634.986430792336,2865.0135692076637
1178,val,57000,43487.716113386436,13512.283886613564
1314,val,14500,19914.31015774975,-5414.310157749751
1981,val,75000,85659.72744554107,-10659.727445541066
4124,val,10000,9470.355746833055,529.6442531669454
3754,val,7000,12300.574922348484,-5300.574922348484
70,val,7500,6029.514514702274,1470.485485297726
1918,val,6000,10606.732278044929,-4606.7322780449285
896,val,180000,193833.80133309172,-13833.801333091717
3430,val,14000,12481.363405711138,1518.6365942888624
1157,val,300000,303332.4489580601,-3332.448958060122
4202,val,13000,10719.084633613811,2280.915366386189
3684,val,11000,7940.053112440053,3059.946887559947
4161,val,9500,10340.784294230398,-840.7842942303978
577,val,85000,43122.57643290098,41877.42356709902
3503,val,17000,14984.9455612577,2015.0544387422997
690,val,18000,18013.92082050338,-13.920820503379218
2962,val,17000,12811.55322534041,4188.446774659589
3412,val,30000,20297.272305088452,9702.727694911548
2741,val,30000,22387.560852044015,7612.439147955985
416,val,6500,7526.4670746863185,-1026.4670746863185
555,val,190000,268270.4010651069,-78270.40106510691
3131,val,22000,14213.749679402954,7786.250320597046
3667,val,20000,13784.775419282016,6215.224580717984
1013,val,35000,34313.03940165575,686.9605983442525
2979,val,6500,12847.202257076193,-6347.202257076193
4521,val,55000,50260.74390652233,4739.25609347767
1422,val,70000,35889.92259391555,34110.07740608445
4537,val,67000,57141.396715534655,9858.603284465345
3581,val,13000,11630.276939929885,1369.723060070115
4090,val,12000,9134.035305934325,2865.964694065675
1657,val,6900,6915.601525576007,-15.60152557600668
71,val,16000,13653.129722896569,2346.8702771034314
4336,val,15000,31050.402547289832,-16050.402547289832
3580,val,6000,7469.768552856193,-1469.7685528561933
1101,val,33000,24361.199359738963,8638.800640261037
3512,val,7500,6273.813411277072,1226.1865887229278
1802,val,30000,38889.75822413542,-8889.758224135418
481,val,10000,8111.60709347352,1888.3929065264801
3923,val,12000,10751.248966389026,1248.7510336109735
1368,val,15000,21311.940999980834,-6311.940999980834
1970,val,30000,30359.58193287512,-359.5819328751204
2028,val,10500,12317.792613489759,-1817.7926134897589
1393,val,60000,66465.4558414084,-6465.455841408402
4527,val,22000,21400.685703265826,599.3142967341737
2827,val,18000,24626.577717315537,-6626.577717315537
3623,val,17000,11717.430327235174,5282.5696727648265
2374,val,11000,13351.474143070129,-2351.474143070129
1460,val,17000,22384.64976022793,-5384.6497602279305
4612,val,11000,13414.53620284889,-2414.5362028488908
4009,test,38000,40837.44694458876,-2837.446944588759
3431,test,18000,14122.075610925749,3877.924389074251
3613,test,100000,160656.23047937496,-60656.230479374964
1455,test,700000,407478.6507393236,292521.3492606764
4349,test,15500,13171.023266069293,2328.9767339307073
1004,test,35000,18886.12547889487,16113.874521105128
3898,test,9000,11023.703347917468,-2023.703347917468
2060,test,25000,37259.08464379813,-12259.08464379813
3677,test,11000,9487.087949391687,1512.9120506083127
3204,test,23999,16936.18992331541,7062.810076684589
608,test,41000,50285.02021866074,-9285.020218660742
1098,test,53000,75633.40662311336,-22633.406623113362
3165,test,7500,8917.886722544921,-1417.8867225449212
3819,test,10000,14836.922464934929,-4836.922464934929
435,test,5500,7124.448950705689,-1624.4489507056887
848,test,50000,22155.97248416472,27844.02751583528
531,test,22000,26352.903368284657,-4352.903368284657
3153,test,15000,8488.903086025428,6511.096913974572
4712,test,5500,4799.146281865456,700.8537181345437
4101,test,12000,19624.720921779663,-7624.720921779663
3082,test,15000,30426.056766019366,-15426.056766019366
2896,test,25000,18827.70791252157,6172.292087478429
145,test,7000,11999.42495642468,-4999.42495642468
2025,test,35000,18931.034561523786,16068.965438476214
700,test,120000,98010.85324240956,21989.14675759044
2794,test,8500,11080.034524059549,-2580.034524059549
2327,test,42000,29130.00828506018,12869.99171493982
632,test,65000,63709.42720956462,1290.572790435377
150,test,7000,8562.967966987197,-1562.9679669871966
3152,test,5700,6450.875819685619,-750.8758196856188
3026,test,8900,6292.2868117508515,2607.7131882491485
3805,test,10000,9880.168294596035,119.83170540396532
2441,test,16500,15615.06729126686,884.9327087331403
694,test,26000,21949.651357157414,4050.348642842586
1814,test,11000,15647.244522951678,-4647.244522951678
2062,test,11000,13090.25081531341,-2090.2508153134095
928,test,110000,77501.06661072743,32498.93338927257
485,test,7000,10038.691495771194,-3038.6914957711942
2290,test,5000,6414.713066480989,-1414.7130664809893
1043,test,130000,64616.86589674694,65383.13410325306
2614,test,16000,10046.864486481874,5953.135513518126
3889,test,22000,18585.412171372085,3414.587828627915
2763,test,35000,39881.817482838094,-4881.817482838094
3555,test,5000,6344.599825195053,-1344.5998251950532
3811,test,32000,35382.46741706627,-3382.4674170662693
959,test,24000,16617.996465612123,7382.003534387877
279,test,4500,8894.3940587209,-4394.3940587209
1360,test,32000,25346.809643939145,6653.190356060855
4381,test,10000,15669.065330082865,-5669.065330082865
676,test,20000,21175.47449563367,-1175.474495633669
735,test,55000,58238.59335525755,-3238.5933552575516
2042,test,7000,9435.47538019851,-2435.47538019851
2550,test,5000,8184.395294164482,-3184.395294164482
4606,test,25000,22047.033111459717,2952.9668885402825
2359,test,5000,7755.386864813778,-2755.3868648137777
627,test,40000,38271.066670176326,1728.9333298236743
3652,test,7000,7627.435664627732,-627.435664627732
31,test,15000,14593.061140631356,406.93885936864353
4091,test,5300,6443.704441374161,-1143.7044413741614
2321,test,4000,10447.440434145747,-6447.440434145747
3439,test,15000,11394.140453655018,3605.859546344982
1942,test,12000,11934.177385211773,65.82261478822693
1575,test,32000,19931.84178142704,12068.15821857296
2890,test,15000,12539.097403618462,2460.9025963815384
3134,test,5000,5020.84265872111,-20.84265872110973
2219,test,10000,8030.650991985964,1969.3490080140364
887,test,230000,211399.57471141167,18600.425288588332
672,test,160000,70570.62708820148,89429.37291179852
2272,test,17000,18279.532813932365,-1279.5328139323647
422,test,12000,7884.057742173668,4115.942257826332
1318,test,55000,45255.32305436037,9744.676945639629
1331,test,55000,55156.99070327014,-156.9907032701376
174,test,9000,15603.975731591003,-6603.975731591003
182,test,12000,20041.02965075662,-8041.02965075662
2940,test,24500,25392.433955238917,-892.4339552389174
2183,test,90000,14856.591186799327,75143.40881320067
502,test,3700,7008.015166101565,-3308.0151661015652
2426,test,11500,10204.462689513479,1295.5373104865212
4365,test,57000,46330.30281224956,10669.69718775044
1060,test,35000,42921.30618959988,-7921.3061895998835
184,test,12000,15612.28667757454,-3612.2866775745406
3166,test,30000,31397.610811598937,-1397.6108115989373
714,test,32000,34411.381969940696,-2411.381969940696
2663,test,37000,38919.2419552378,-1919.2419552377978
4604,test,15000,16396.301711388714,-1396.3017113887145
571,test,57000,59883.46367134073,-2883.463671340731
587,test,32000,28841.13017082962,3158.8698291703804
272,test,6000,4953.818336095907,1046.1816639040926
4507,test,16000,13008.92289471754,2991.0771052824603
203,test,5000,6449.228219714738,-1449.2282197147379
2436,test,90000,71645.8382735225,18354.161726477498
3772,test,14000,10573.077365483818,3426.9226345161824
1349,test,78000,74931.85491180448,3068.1450881955243
243,test,7000,12698.490132097566,-5698.490132097566
3809,test,18500,19577.83613587561,-1077.8361358756083
155,test,10000,9465.048662842264,534.9513371577359
3164,test,15000,17104.566030752558,-2104.5660307525577
590,test,150000,144044.25206253622,5955.747937463777
4657,test,9000,6733.763541757003,2266.2364582429973
805,test,42000,21372.08995641069,20627.91004358931
1913,test,6000,6991.00627862793,-991.0062786279304
1627,test,20000,23932.507296564785,-3932.507296564785
4210,test,15000,17786.19305727779,-2786.193057277789
1321,test,90000,73679.42653634443,16320.573463655572
2393,test,20000,7783.342270358993,12216.657729641007
3021,test,14000,13499.910313872468,500.08968612753233
4140,test,17000,14516.367023704288,2483.632976295712
3355,test,10000,5535.253510840833,4464.746489159167
2438,test,25000,17127.79930908961,7872.200690910391
1044,test,40000,50338.325402674236,-10338.325402674236
2484,test,8500,9431.941358648735,-931.9413586487353
1020,test,75000,80405.12027391898,-5405.120273918976
4403,test,8500,10076.245600522816,-1576.245600522816
3382,test,8500,7974.400754402076,525.599245597924
2186,test,22000,20659.840930124657,1340.1590698753425
4609,test,7500,6390.341493136248,1109.6585068637523
1173,test,60000,40181.049961784825,19818.950038215175
4423,test,10000,9688.000627187284,311.9993728127156
93,test,6000,5170.572773586686,829.4272264133142
3148,test,18000,17559.143905263987,440.8560947360129
1352,test,90000,62209.326607323215,27790.673392676785
1011,test,26000,34497.54009015693,-8497.54009015693
266,test,6000,11449.158386889676,-5449.158386889676
1242,test,35000,36418.29264744406,-1418.292647444061
363,test,5000,6538.316511953295,-1538.316511953295
3597,test,14500,17892.172802120964,-3392.1728021209638
4097,test,22000,21763.48000762843,236.51999237156997
4459,test,10000,11000.203849242915,-1000.2038492429147
2356,test,24000,25789.383679000646,-1789.3836790006462
2589,test,100000,54433.47354029773,45566.52645970227
3123,test,90000,81688.6959361088,8311.304063891206
3600,test,9000,10649.626294687201,-1649.6262946872012
2791,test,14000,15185.558416637981,-1185.5584166379813
579,test,80000,56709.4774395506,23290.522560449397
1138,test,17000,17114.988013194754,-114.98801319475388
1154,test,95000,105156.93655464331,-10156.936554643311
701,test,400000,267139.392388984,132860.60761101602
669,test,65000,64628.60360245832,371.3963975416773
3252,test,13500,13865.335488780038,-365.33548878003785
1001,test,45000,42869.962460872455,2130.0375391275447
1322,test,43000,56960.800685283284,-13960.800685283284
618,test,80000,73738.24698786657,6261.753012133428
1867,test,8500,10726.695687084435,-2226.695687084435
4027,test,15000,10113.801443290036,4886.198556709964
3615,test,7500,7005.053380065528,494.94661993447244
3813,test,7000,8548.742866224922,-1548.7428662249222
4496,test,10000,10488.822746969916,-488.8227469699159
767,test,130000,146523.91852686342,-16523.918526863417
3403,test,10000,12819.753797023133,-2819.7537970231333
4549,test,11000,13832.921891512668,-2832.9218915126676
2847,test,17000,14779.478587099415,2220.5214129005853
4479,test,15000,12973.797598588151,2026.2024014118488
4209,test,26000,32815.85935691275,-6815.859356912748
629,test,38000,38045.74116453233,-45.741164532330004
4322,test,7500,11127.954425497224,-3627.9544254972243
2391,test,12000,9465.009174219416,2534.9908257805837
304,test,8000,7582.327031430839,417.67296856916073
3260,test,25000,21801.853364033886,3198.1466359661135
4560,test,13000,9390.976345941981,3609.023654058019
2916,test,17500,14694.00145800976,2805.9985419902405
3063,test,11000,12599.836285687607,-1599.8362856876065
3642,test,13000,10520.857635588785,2479.1423644112147
1140,test,290000,146651.2426030524,143348.7573969476
4204,test,12000,19612.425909835772,-7612.4259098357725
3214,test,25000,9512.188907303602,15487.811092696398
2279,test,11500,6836.877325825584,4663.122674174416
4217,test,8500,8010.765310309539,489.234689690461
2654,test,16000,13229.618919960765,2770.381080039235
3240,test,16000,11264.638423472707,4735.361576527293
252,test,10000,15281.373571004557,-5281.373571004557
970,test,51500,102180.77772892856,-50680.77772892856
3743,test,10000,14119.136392575823,-4119.136392575823
3124,test,14000,11072.13679008593,2927.8632099140705
448,test,5200,4037.1070275383177,1162.8929724616823
173,test,18000,9190.467456598339,8809.532543401661
3874,test,48000,35457.39167745113,12542.60832254887
132,test,16000,10554.510487013862,5445.489512986138
1369,test,22000,33306.45770734505,-11306.45770734505
707,test,60000,71836.78619928156,-11836.78619928156
3755,test,6500,6662.470577327607,-162.47057732760732
683,test,47000,42093.09974840821,4906.900251591789
986,test,150000,226307.7087408643,-76307.7087408643
3827,test,35000,31838.83826006884,3161.1617399311617
4434,test,6500,6393.254079850504,106.74592014949576
3107,test,15000,12583.724713159467,2416.275286840533
729,test,23000,26096.704306629148,-3096.704306629148
4382,test,18000,17699.03805495041,300.9619450495884
691,test,7500,19859.942826524824,-12359.942826524824
899,test,36000,40032.84171914119,-4032.8417191411936
1282,test,25000,30531.2392459804,-5531.2392459804
3621,test,15000,13752.440871570903,1247.5591284290967
2963,test,15000,28079.813233659806,-13079.813233659806
773,test,40000,17954.47225797552,22045.52774202448
2318,test,20000,21561.85849608714,-1561.8584960871412
2372,test,18000,19996.14891664658,-1996.14891664658
3830,test,35000,51131.954165842995,-16131.954165842995
1901,test,20000,16671.794661892545,3328.2053381074547
3078,test,10000,8792.726006245448,1207.273993754552
4075,test,6500,6734.019678787278,-234.01967878727828
778,test,25000,25722.095271625283,-722.0952716252832
2001,test,19000,14290.647010616016,4709.352989383984
2653,test,17000,22755.892018910832,-5755.892018910832
103,test,25000,22252.99504284729,2747.004957152709
3105,test,16000,13348.252383253897,2651.7476167461027
1087,test,65000,44269.78820940534,20730.211790594658
1997,test,10000,11287.36226860828,-1287.36226860828
3887,test,10000,10058.889499794992,-58.889499794991934
1706,test,12000,11310.078213463123,689.9217865368773
3487,test,17000,17560.64991183425,-560.6499118342508
3707,test,22000,27412.202675281183,-5412.2026752811835
17,test,10000,7980.705907339848,2019.2940926601523
564,test,43000,83027.35148750222,-40027.35148750222
2838,test,75000,100769.75561213084,-25769.755612130844
763,test,80000,76434.97860434833,3565.0213956516673
2088,test,16000,14962.497466555842,1037.502533444158
3640,test,16000,14486.681238214514,1513.3187617854855
3695,test,7000,7458.875416721438,-458.87541672143834
1585,test,48000,64499.07348014894,-16499.073480148938
3644,test,15000,18964.501592737757,-3964.501592737757
1034,test,75000,83633.56893508673,-8633.568935086732
4603,test,17000,15596.084927147382,1403.9150728526183
4037,test,18000,19881.8739769362,-1881.8739769362
3753,test,37500,42993.65290507714,-5493.652905077142
851,test,8000,58755.048676923616,-50755.048676923616
366,test,8000,11299.665011093946,-3299.6650110939463
239,test,5000,5130.394484158477,-130.3944841584771
412,test,36125,25514.14983814076,10610.850161859242
56,test,6000,9154.438580589038,-3154.438580589038
607,test,20000,53180.52928665787,-33180.52928665787
3726,test,9500,12112.943625630865,-2612.9436256308654
4593,test,8000,11710.510724988117,-3710.5107249881166
1493,test,10500,14248.187454956626,-3748.1874549566255
2659,test,29000,44304.229666392646,-15304.229666392646
1474,test,38000,45588.27484562102,-7588.274845621017
176,test,7500,8024.59993383189,-524.5999338318898
3018,test,18000,14218.742795461509,3781.2572045384914
2452,test,12000,8093.110599952317,3906.889400047683
3538,test,15000,11196.488467169798,3803.5115328302018
2414,test,9000,14803.886045770769,-5803.886045770769
932,test,70000,63239.47108985433,6760.528910145673
1694,test,17000,15755.509797308425,1244.4902026915752
1663,test,18000,11859.39241734406,6140.607582655941
526,test,75000,65134.88055136717,9865.119448632831
4197,test,12000,13313.658666151145,-1313.6586661511446
2701,test,22000,27335.623949448644,-5335.6239494486435
2345,test,18000,17871.426514479102,128.57348552089752
2471,test,28000,16271.664668278267,11728.335331721733
1253,test,63000,65417.5719805569,-2417.5719805569024
4095,test,20000,25138.089466147085,-5138.089466147085
65,test,8000,10559.170586754992,-2559.1705867549917
2865,test,32000,24230.596659020383,7769.4033409796175
2149,test,15000,7144.898819360673,7855.101180639327
1765,test,10000,12907.296848784366,-2907.2968487843664
3939,test,9000,12861.700390131662,-3861.700390131662
4200,test,32000,38006.69799800328,-6006.6979980032775
4629,test,8000,8418.193901537394,-418.1939015373937
4031,test,8500,11781.704207913675,-3281.7042079136754
186,test,18000,9827.900341092014,8172.099658907986
1568,test,4000,7012.342970405773,-3012.3429704057726
4010,test,20000,23348.19472921179,-3348.194729211791
1064,test,28000,32381.59351416685,-4381.593514166849
990,test,150000,136080.66156302646,13919.338436973543
573,test,57000,38318.677793462964,18681.322206537036
2876,test,10000,6064.7421823612995,3935.2578176387005
2706,test,18000,14611.954540570816,3388.045459429184
3418,test,45000,70533.4224437047,-25533.422443704694
2946,test,5000,10570.158117767107,-5570.158117767107
1763,test,11000,7149.042883535106,3850.957116464894
106,test,14000,9590.630001616546,4409.369998383454
3859,test,75000,31759.63277732262,43240.36722267738
248,test,3200,12228.727987528997,-9028.727987528997
796,test,35000,34184.41320734143,815.5867926585706
4655,test,13000,14754.909320781619,-1754.9093207816186
3103,test,50000,51561.935888258995,-1561.935888258995
4261,test,6500,10104.380442515507,-3604.3804425155067
4252,test,20000,16620.80978927404,3379.1902107259593
3070,test,15000,16062.319254848653,-1062.3192548486531
3971,test,20000,15697.12285724204,4302.8771427579595
356,test,13000,14713.20792770889,-1713.2079277088906
4402,test,22000,22445.924363666367,-445.92436366636684
3909,test,8000,11498.334045863105,-3498.3340458631046
4451,test,6500,7039.732814298801,-539.7328142988008
517,test,45000,14664.609966803626,30335.390033196374
2080,test,24000,18564.315660030763,5435.684339969237
1274,test,85000,65982.2249803781,19017.7750196219
3626,test,10500,11516.009925310704,-1016.0099253107037
1006,test,15000,17788.254047344162,-2788.2540473441622
4223,test,55000,49112.49642251563,5887.503577484371
609,test,65000,55988.763062954684,9011.236937045316
1780,test,30000,21008.295013497103,8991.704986502897
3159,test,8000,12369.331403416958,-4369.331403416958
2834,test,68000,41717.11323161654,26282.88676838346
1756,test,14000,21030.936314558883,-7030.936314558883
2102,test,15000,13553.875622122987,1446.124377877013
2839,test,110000,123176.86691457964,-13176.866914579645
2014,test,6000,5902.837319754807,97.16268024519286
1022,test,140000,75264.41990811603,64735.58009188397
269,test,8000,10642.371227181306,-2642.3712271813056
1254,test,7500,16433.0237991208,-8933.023799120801
2179,test,13500,17384.543449350305,-3884.5434493503053
2570,test,12000,13283.43976780211,-1283.4397678021105
148,test,5500,8155.726265511495,-2655.7262655114946
696,test,40000,49164.29424620368,-9164.29424620368
4119,test,9000,11095.918914834649,-2095.9189148346486
4286,test,10000,9854.424570013149,145.5754299868513
4267,test,20000,17399.604759112623,2600.3952408873774
2514,test,7000,7538.260031432689,-538.2600314326892
1119,test,300000,302373.6564690239,-2373.656469023903
41,test,12000,17690.46469100109,-5690.464691001089
3104,test,8000,7000.709447715752,999.2905522842484
3590,test,22000,13363.64988588107,8636.35011411893
316,test,8000,6996.380881908504,1003.6191180914957
1053,test,14000,24959.736640144416,-10959.736640144416
886,test,17000,42760.37937072583,-25760.37937072583
2334,test,54000,69168.85941219526,-15168.859412195263
4343,test,8500,13147.95795364339,-4647.95795364339
4465,test,45000,44440.48323217298,559.5167678270227
1702,test,16000,13134.078360597636,2865.9216394023642
3990,test,14000,15594.184727674181,-1594.184727674181
539,test,85000,72136.16184812303,12863.838151876975
340,test,8500,12843.593073769378,-4343.593073769378
477,test,22000,16416.148466063387,5583.851533936613
3099,test,6800,6898.7480002249695,-98.74800022496947
3185,test,12000,7149.43040414338,4850.56959585662
1875,test,7000,6743.371646865544,256.6283531344561
2204,test,8000,10987.324042428392,-2987.324042428392
1327,test,34999,32210.630142703816,2788.369857296184
1550,test,30000,18168.830613793725,11831.169386206275
946,test,11000,16892.964460298863,-5892.964460298863
3881,test,7500,10682.24601156722,-3182.24601156722
1714,test,380000,132620.6240965527,247379.3759034473
1359,test,22000,16668.32996294414,5331.670037055861
267,test,15000,8497.71654539174,6502.2834546082595
4046,test,22000,26433.214861782035,-4433.214861782035
2495,test,7500,7552.639234558813,-52.63923455881286
3587,test,7000,12479.628101806615,-5479.628101806615
1264,test,53000,24138.7469018172,28861.2530981828
0,test,10000,10804.205140403537,-804.2051404035374
1885,test,17000,14558.198133078218,2441.8018669217818
2365,test,10000,13693.853355901756,-3693.853355901756
3407,test,14000,13621.747250728478,378.2527492715217
4011,test,15000,20839.649559431175,-5839.649559431175
2527,test,12000,15057.01138296685,-3057.01138296685
1071,test,24000,22293.036807627315,1706.9631923726847
4236,test,13000,12120.75709119766,879.24290880234
2995,test,40000,23979.870621083886,16020.129378916114
57,test,6000,13187.48720617752,-7187.48720617752
1524,test,16000,12435.34936598834,3564.6506340116593
4332,test,21000,19647.150181002566,1352.8498189974343
1434,test,250000,264734.9190220186,-14734.919022018614
2686,test,33000,20399.012925962223,12600.987074037777
1675,test,25000,17191.278982595635,7808.721017404365
3550,test,10000,13117.622854343055,-3117.622854343055
3899,test,35000,25403.99425241528,9596.00574758472
225,test,3500,7887.497120634467,-4387.497120634467
3736,test,10000,28486.255673050724,-18486.255673050724
2258,test,15000,10564.302179486796,4435.697820513204
4222,test,10000,12753.728415509237,-2753.7284155092366
2083,test,62000,34993.97338995272,27006.02661004728
3628,test,10000,15230.714998958445,-5230.714998958445
3465,test,12000,11140.016530248648,859.9834697513525
3424,test,7000,7881.931615927606,-881.9316159276059
1479,test,50000,22973.24261629473,27026.75738370527
3703,test,12500,12377.969007581665,122.03099241833479
2482,test,36000,26020.29134770845,9979.708652291549
2440,test,12000,13139.875504411828,-1139.875504411828
2673,test,5000,9311.728309441207,-4311.728309441207
1005,test,60000,37795.9102818556,22204.0897181444
699,test,140000,71508.0270085145,68491.9729914855
3650,test,30000,34920.04419298045,-4920.044192980451
3290,test,13000,11212.063364708198,1787.9366352918023
1073,test,70000,73169.76872623611,-3169.768726236114
2640,test,13000,21398.624402030757,-8398.624402030757
3001,test,20000,12998.691303890875,7001.308696109125
4498,test,15000,13660.381928752226,1339.6180712477744
3000,test,11000,10011.273871674819,988.726128325181
1535,test,10000,10328.878720195196,-328.87872019519637
424,test,9000,18176.839687304415,-9176.839687304415
3693,test,100000,86105.39847845265,13894.601521547345
1255,test,30000,18687.461070465226,11312.538929534774
2774,test,21000,16606.910877428556,4393.089122571444
4532,test,19000,19957.253421559508,-957.2534215595078
3319,test,14000,11416.039948668393,2583.9600513316072
1358,test,45000,34628.54174852252,10371.458251477481
1058,test,11000,27194.600165102336,-16194.600165102336
3985,test,10000,9643.424704784029,356.575295215971
2434,test,50000,40093.07789966834,9906.922100331663
588,test,350000,426551.12220710766,-76551.12220710766
3071,test,21000,21271.66827977617,-271.6682797761714
1977,test,5000,8345.293518986085,-3345.2935189860855
1665,test,14000,9556.396058410184,4443.603941589816
4696,test,6000,9489.046927963715,-3489.0469279637146
3614,test,14000,13389.119560878957,610.8804391210433
35,test,15000,9650.36770364318,5349.63229635682
3843,test,12000,11563.002241484159,436.99775851584127
2421,test,29000,14417.538187766515,14582.461812233485
2233,test,9000,7046.779398770842,1953.220601229158
4624,test,6000,6786.036724505767,-786.0367245057669
112,test,20000,6669.239277536743,13330.760722463256
3937,test,5000,5432.487922864358,-432.48792286435764
2526,test,11000,10132.919896265836,867.0801037341644
594,test,210000,141326.0847373614,68673.91526263859
877,test,48000,28526.99753427885,19473.00246572115
2904,test,3500,6751.0683963031815,-3251.0683963031815
1611,test,9500,10216.757484300466,-716.7574843004659
2569,test,70000,39076.55354801823,30923.44645198177
3470,test,12000,14948.673152113342,-2948.6731521133424
2917,test,14500,31283.352636021853,-16783.352636021853
4082,test,8500,8673.940218853479,-173.94021885347865
3045,test,33000,21417.489796738024,11582.510203261976
3766,test,11500,10222.712500333655,1277.287499666345
4107,test,15000,10486.444589096871,4513.555410903129
1911,test,21500,23422.806447720017,-1922.8064477200169
4355,test,20000,19847.740583587823,152.2594164121765
979,test,45000,66487.75539380463,-21487.755393804633
1513,test,25000,14155.390040038896,10844.609959961104
2109,test,10000,7027.561333969868,2972.4386660301316
4436,test,12000,12413.7063205385,-413.7063205385002
1820,test,55000,65797.49640667051,-10797.496406670514
126,test,8000,8318.173707385056,-318.17370738505633
4544,test,17000,23763.941541069467,-6763.941541069467
807,test,90000,145339.18648453723,-55339.18648453723
2325,test,8500,7950.822864767211,549.1771352327887
3206,test,16000,14462.66702613631,1537.3329738636894
2349,test,4500,7016.080325355955,-2516.080325355955
491,test,13000,11492.447225772004,1507.5527742279955
3618,test,16500,11258.895663121231,5241.104336878769
1445,test,230000,267347.77251991595,-37347.77251991595
2587,test,32000,31244.83213676617,755.1678632338298
1109,test,250000,286133.179604177,-36133.179604177014
1778,test,6000,6984.316774882322,-984.3167748823216
2403,test,14000,20392.91371040307,-6392.913710403071
1017,test,250000,200479.9449010921,49520.055098907906
2957,test,12500,12683.594746721488,-183.59474672148826
2988,test,10500,13638.70387982214,-3138.70387982214
4062,test,22000,37769.685134050094,-15769.685134050094
3272,test,35000,27752.75721547361,7247.242784526388
3335,test,22000,22739.886537734754,-739.8865377347538
2486,test,7500,7257.428657650085,242.57134234991463
3003,test,22000,48094.276502286,-26094.276502285997
7,test,5000,5887.533171686028,-887.5331716860283
4508,test,7500,10758.024594050601,-3258.024594050601
4630,test,15000,11516.413908354107,3483.5860916458932
3417,test,12000,10983.870672357525,1016.1293276424749
3979,test,40000,21045.877267028507,18954.122732971493
4196,test,9500,9522.384938947866,-22.38493894786552
3546,test,10500,11678.305811447173,-1178.3058114471733
3215,test,12000,11755.165696114807,244.83430388519264
4117,test,50000,55419.30681092961,-5419.306810929607
3861,test,10000,19251.5285322228,-9251.528532222801
1581,test,11400,18340.5172640764,-6940.517264076399
3351,test,16000,17074.09759148759,-1074.097591487589
4002,test,35000,39559.07895647898,-4559.078956478981
1229,test,62000,35611.31532592019,26388.684674079806
4178,test,9500,11273.03208826593,-1773.0320882659307
4158,test,22000,14801.068985964628,7198.931014035372
771,test,60000,42838.98913679923,17161.01086320077
945,test,28000,23782.97747251163,4217.0225274883705
4570,test,13000,8643.289698617114,4356.7103013828855
655,test,75000,75443.49360984795,-443.49360984795203
3094,test,12000,11123.858537490427,876.1414625095731
89,test,8500,10574.896160827748,-2074.8961608277477
2680,test,30000,25671.691647261374,4328.308352738626
1595,test,16000,8659.689520088183,7340.310479911817
3732,test,10000,16348.660057394629,-6348.660057394629
4323,test,13000,11053.17025184703,1946.8297481529698
4173,test,20000,18105.676421632706,1894.3235783672935
941,test,22000,17708.077252597206,4291.922747402794
3829,test,32000,22593.961383041133,9406.038616958867
889,test,8500,17590.00358503804,-9090.003585038041
2730,test,14000,8774.858820454527,5225.141179545473
1413,test,85000,133186.05924596463,-48186.05924596463
4553,test,6500,6792.7138594447315,-292.7138594447315
2544,test,40000,38004.82477481778,1995.1752251822181
1556,test,16000,14783.386386360975,1216.613613639025
1495,test,17000,16955.7568724732,44.24312752679907
164,test,40000,18821.772820293816,21178.227179706184
1829,test,18000,9286.936357757952,8713.063642242048
1159,test,40000,41291.27106430092,-1291.2710643009195
2215,test,48000,39151.1486031196,8848.851396880404
3334,test,9500,13432.06577131451,-3932.06577131451
3062,test,12500,8842.218236089908,3657.781763910092
190,test,13000,12531.870176457018,468.1298235429822
4297,test,8000,6409.253146536611,1590.746853463389
4220,test,14000,11264.886872721672,2735.1131272783277
4491,test,10500,11438.091266871445,-938.0912668714445
3957,test,6000,8747.444114657059,-2747.444114657059
4146,test,9000,10244.035018667455,-1244.035018667455
33,test,5000,9023.772758895906,-4023.772758895906
3270,test,16000,14149.64612027873,1850.3538797212695
1972,test,15000,11775.540169191117,3224.4598308088825
3738,test,8000,10826.137661441298,-2826.1376614412984
2442,test,4500,6032.239382461984,-1532.239382461984
1175,test,35000,31618.949702807397,3381.0502971926035
914,test,27000,24586.37601674186,2413.6239832581414
2192,test,7500,8276.959077083071,-776.959077083071
1220,test,46000,43790.95119313942,2209.0488068605773
4341,test,60000,52119.9652351065,7880.0347648934985
4356,test,12500,12394.378339239138,105.62166076086214
2682,test,13000,18613.936239330455,-5613.936239330455
1724,test,10500,10577.61983581581,-77.6198358158108
2650,test,190000,101297.13116209801,88702.86883790199
151,test,3500,5840.70819501012,-2340.70819501012
420,test,10000,6598.316024793544,3401.683975206456
4518,test,9000,9549.2160729673,-549.2160729672996
1874,test,15000,10711.662927073614,4288.337072926386
136,test,5000,6405.381215112964,-1405.3812151129641
3853,test,5000,6552.158589970197,-1552.1585899701968
3435,test,90000,68582.47298382627,21417.527016173728
3357,test,15000,10413.902746637274,4586.097253362726
3038,test,35000,25000.447611360087,9999.552388639913
4008,test,15000,17217.50048465062,-2217.50048465062
4710,test,25000,21981.25819329598,3018.74180670402
2580,test,27000,13303.8733904475,13696.1266095525
3757,test,34000,34373.67601789642,-373.67601789641776
4574,test,13000,14385.037880424114,-1385.0378804241136
2524,test,12000,25050.52461078172,-13050.524610781718
1774,test,17000,17465.116130483184,-465.11613048318395
389,test,10000,10132.997597829102,-132.99759782910223
716,test,33000,31934.28297068232,1065.7170293176787
2954,test,16500,13755.699676095808,2744.300323904192
3885,test,8200,7278.188671812383,921.8113281876167
721,test,100000,49742.315968668154,50257.684031331846
1194,test,25000,53093.72255607651,-28093.722556076507
1852,test,24000,23765.176937668028,234.82306233197232
3869,test,75000,132109.66402913592,-57109.66402913592
3084,test,24000,17823.747298260514,6176.252701739486
1534,test,30000,11485.456502997164,18514.543497002836
1999,test,24000,21622.354610966227,2377.6453890337725
3965,test,10500,11372.77544760917,-872.7754476091704
1819,test,7500,7760.389131359339,-260.38913135933944
1084,test,160000,97785.49806476601,62214.50193523399
1771,test,15000,15388.216689119545,-388.21668911954475
3060,test,27000,27194.637104802205,-194.6371048022047
4526,test,12500,11884.407033485697,615.592966514303
3375,test,7000,11953.106025743611,-4953.106025743611
1231,test,80000,71628.87030065926,8371.129699340745
2586,test,14000,10766.154020177717,3233.845979822283
1768,test,16000,14713.743261873871,1286.2567381261288
202,test,15000,8965.420964304498,6034.579035695502
2862,test,14000,13835.489236379603,164.51076362039748
47,test,12000,7994.061675325782,4005.938324674218
1365,test,350000,274790.39807169704,75209.60192830296
4226,test,27000,18659.859266366395,8340.140733633605
4072,test,25000,16557.696871340897,8442.303128659103
2958,test,14000,12666.99356735355,1333.0064326464508
2688,test,70000,33198.244615979864,36801.755384020136
1279,test,52000,24711.398243518528,27288.601756481472
4509,test,35000,55162.79180241457,-20162.79180241457
1204,test,25000,17495.140103154492,7504.859896845508
3655,test,10500,13172.10632162207,-2672.10632162207
2167,test,18000,14887.422351895477,3112.577648104523
2931,test,7000,11642.605604613025,-4642.605604613025
3091,test,9000,7687.318789073771,1312.6812109262291
1900,test,25000,14803.12235629901,10196.87764370099
2146,test,17000,18351.497278941308,-1351.4972789413077
4590,test,15000,12162.349555887302,2837.650444112698
2982,test,15000,7905.790195579218,7094.209804420782
2602,test,29000,36260.91185801218,-7260.911858012179
528,test,60000,34429.86444544393,25570.135554556073
3136,test,15000,18771.905512146048,-3771.905512146048
1143,test,250000,320602.4783727246,-70602.47837272461
3199,test,70000,38071.03119547769,31928.96880452231
493,test,6000,5655.173702563536,344.8262974364643
2176,test,16000,16922.40904463309,-922.4090446330883
4699,test,13000,13135.258424198917,-135.25842419891706
1471,test,54500,50566.527305196105,3933.472694803895
2636,test,130000,136271.67041306675,-6271.6704130667495
4183,test,12333,10154.022564660687,2178.977435339313
2411,test,95000,84614.03030261502,10385.969697384979
1038,test,70000,66442.75170987108,3557.2482901289186
4164,test,15000,22092.99705852016,-7092.997058520159
4374,test,18000,11010.523259943282,6989.476740056718
2160,test,10000,8126.9968025977805,1873.0031974022195
4682,test,20000,19203.321295379108,796.678704620892
2174,test,10000,13792.165598189084,-3792.1655981890835
2312,test,85000,90474.04166049551,-5474.04166049551
3903,test,60000,34862.13205999889,25137.86794000111
2085,test,18000,16490.634222852696,1509.3657771473045
4535,test,18500,16907.319466261582,1592.6805337384176
1099,test,85000,73716.68714038616,11283.312859613841
1407,test,6500,24836.92257318363,-18336.92257318363
1179,test,130000,113210.21197283303,16789.78802716697
353,test,6500,6013.165376243067,486.83462375693307
741,test,320000,353080.14561444736,-33080.14561444736
4245,test,30000,26295.734445827802,3704.265554172198
1490,test,90000,81333.91107382765,8666.08892617235
264,test,8000,9067.688242035583,-1067.6882420355832
2520,test,35000,10026.574241646545,24973.425758353456
4719,test,30000,40264.48387386352,-10264.483873863523
1846,test,12000,18207.192839408293,-6207.192839408293
611,test,85000,70009.28120147387,14990.718798526126
4620,test,20000,13706.21038007641,6293.789619923589
3245,test,20000,14292.101669245372,5707.898330754628
4523,test,35000,25446.391288933988,9553.608711066012
4006,test,12500,16428.118725087326,-3928.1187250873263
3004,test,6000,12326.305412048197,-6326.3054120481975
2029,test,8000,8106.887336078761,-106.88733607876111
2262,test,8000,10030.2265738138,-2030.2265738137994
572,test,27000,30603.246982214743,-3603.246982214743
1787,test,16500,15575.620186741528,924.3798132584725
1547,test,7500,8735.725820492502,-1235.725820492502
871,test,85000,75672.22758006646,9327.772419933535
1928,test,35000,19673.61449556403,15326.38550443597
4432,test,10000,12331.781611652012,-2331.7816116520116
1924,test,6000,7947.942403722305,-1947.9424037223052
456,test,9500,7177.847696428026,2322.152303571974
3870,test,250000,160198.06200897566,89801.93799102434
4264,test,14000,15497.005405815857,-1497.0054058158566
329,test,3000,5304.64837434364,-2304.64837434364
1786,test,17000,10784.051421350187,6215.9485786498135
280,test,7000,6220.036663042816,779.9633369571839
2095,test,26000,26827.098579067744,-827.0985790677441
2773,test,19500,14633.369464338934,4866.6305356610665
2857,test,22999,23201.06651187382,-202.06651187382158
3801,test,9000,9263.928861446564,-263.92886144656404
635,test,32000,26256.374534615697,5743.6254653843025
1152,test,26500,28520.42565619761,-2020.4256561976108
1985,test,13500,7242.664525553353,6257.335474446647
3390,test,13000,22691.911004180056,-9691.911004180056
3747,test,8000,6475.159264415026,1524.840735584974
1177,test,20000,19515.062702615498,484.937297384502
2144,test,7700,7551.058634634378,148.941365365622
4733,test,29000,24151.185853906805,4848.814146093195
832,test,55000,71055.57958169612,-16055.579581696118
425,test,5000,6461.777919954155,-1461.7779199541546
1821,test,11000,16324.813508781397,-5324.813508781397
3426,test,10000,9641.845869161041,358.15413083895874
1212,test,20000,20258.503637014623,-258.50363701462265
3473,test,12000,14910.4470494527,-2910.4470494526995
1898,test,12000,14766.923158073232,-2766.923158073232
4552,test,7500,8012.532028990303,-512.5320289903029
1872,test,9000,12498.396852722739,-3498.396852722739
1754,test,14500,17887.43140121061,-3387.4314012106115
1320,test,45000,62511.4775872133,-17511.477587213303
1012,test,42000,35922.05071520813,6077.949284791866
3067,test,34000,28164.14705261347,5835.852947386531
1435,test,150000,66458.71154007009,83541.28845992991
903,test,50000,35487.55469151147,14512.445308488532
2775,test,20000,15702.867517470264,4297.132482529736
1275,test,40000,30770.17732271539,9229.82267728461
2874,test,18000,10920.907564784606,7079.092435215394
1565,test,20000,17094.02489060209,2905.9751093979103
963,test,52000,53426.21608560463,-1426.216085604632
2984,test,7600,10399.168759940754,-2799.168759940754
2922,test,90000,59302.65445466478,30697.34554533522
1501,test,17000,15406.570658956889,1593.429341043111
3178,test,12000,10043.12119622271,1956.8788037772902
159,test,6000,5862.180233829871,137.8197661701288
2579,test,24000,23820.363702918698,179.63629708130247
3967,test,9000,10179.91199676383,-1179.9119967638308
1151,test,75000,70512.37495488158,4487.625045118417
3855,test,14000,13811.54437592085,188.45562407914986
3947,test,13000,13930.471038874914,-930.4710388749136
2462,test,40000,26116.144784270662,13883.855215729338
4248,test,7500,10020.515485969969,-2520.5154859699687
4168,test,5500,6382.180313201606,-882.1803132016057
1860,test,14000,13813.5216523189,186.4783476811008
666,test,55000,113405.79735852395,-58405.79735852395
770,test,120000,110438.24586125596,9561.754138744043
4076,test,11000,12976.124426475175,-1976.124426475175
1938,test,7000,8255.594017306688,-1255.5940173066883
3514,test,34000,23912.935243025076,10087.064756974924
4175,test,7500,6962.892693243725,537.1073067562747
2713,test,6000,8545.143720908794,-2545.1437209087944
1363,test,23000,29135.321156056063,-6135.321156056063
3475,test,26000,14765.015029443119,11234.984970556881
2714,test,18000,14966.32534130489,3033.6746586951103
4334,test,12000,12796.822004979707,-796.8220049797073
2696,test,13500,11389.775561637773,2110.2244383622274
1297,test,55000,50871.58782032114,4128.41217967886
2316,test,16000,17901.193314104145,-1901.1933141041445
537,test,28000,21200.12495335047,6799.875046649529
1409,test,69999,78365.3196173116,-8366.319617311601
3574,test,9500,11555.307911843542,-2055.3079118435417
1651,test,32900,22911.691125096808,9988.308874903192
3117,test,8000,5311.665442739785,2688.3345572602148
1769,test,5000,6950.111924433763,-1950.1119244337633
3820,test,13500,12792.297255469854,707.7027445301464
1333,test,25000,25200.87079350796,-200.8707935079583
4275,test,12000,12060.375689297822,-60.37568929782174
1596,test,10000,9739.388323349385,260.61167665061475
369,test,9000,6753.9593126897125,2246.0406873102875
4368,test,32000,15695.244196798816,16304.755803201184
2606,test,8000,11054.962291795886,-3054.962291795886
4385,test,13000,7157.799712461328,5842.200287538672
3352,test,26000,34993.927493635965,-8993.927493635965
1298,test,66000,48135.47529426631,17864.52470573369
748,test,130000,89885.263154952,40114.736845048
2320,test,5000,12871.835463674492,-7871.835463674492
4534,test,200000,96502.4624460449,103497.5375539551
2767,test,18000,11354.677614266011,6645.322385733989
4155,test,12500,13689.720453528302,-1189.7204535283017
2113,test,7500,7930.84724024362,-430.84724024362004
2114,test,16000,14908.498133088167,1091.5018669118326
4073,test,13000,9047.363118050744,3952.6368819492563
576,test,95000,76971.17995486553,18028.820045134475
2645,test,7000,13186.007599731702,-6186.007599731702
907,test,34000,31306.17877608353,2693.8212239164714
1689,test,18000,15559.010127892625,2440.989872107375
3501,test,7000,6302.808319821742,697.1916801782581
3699,test,13000,8179.145788265661,4820.854211734339
4577,test,4000,7050.984854569379,-3050.9848545693794
612,test,50000,44608.14915794573,5391.850842054271
2340,test,19000,17524.782496053333,1475.2175039466674
2292,test,12000,8646.74922510268,3353.2507748973203
1313,test,23000,23297.360877347382,-297.3608773473825
3744,test,10000,11441.728083299597,-1441.7280832995966
4081,test,20000,26303.345898113144,-6303.345898113144
3340,test,33000,39379.44121389892,-6379.441213898921
4493,test,16000,11751.892841644518,4248.107158355482
