row_id,split,actual_rent,predicted_rent,residual
1124,train,95000,68798.74260626269,26201.25739373731
3886,train,12000,25770.227407351464,-13770.227407351464
4122,train,14000,13668.67846396507,331.3215360349295
2762,train,6500,10048.40973028694,-3548.4097302869395
1963,train,30000,22035.61185732829,7964.388142671709
345,train,12000,10005.488407087796,1994.511592912204
3892,train,20000,22408.736712109556,-2408.736712109556
3420,train,6250,11615.373943622462,-5365.373943622462
2348,train,6000,5989.30823495121,10.69176504879033
4572,train,37000,30181.447817788518,6818.552182211482
288,train,7000,7758.4913157378,-758.4913157377996
3875,train,58000,46877.55131859265,11122.448681407353
4652,train,9000,12651.566406179914,-3651.5664061799143
2920,train,10000,12098.660424010928,-2098.660424010928
641,train,68000,59895.7174906553,8104.282509344703
3749,train,5000,5319.102485617124,-319.10248561712433
3972,train,24000,15077.488580536072,8922.511419463928
1625,train,22000,23547.178014244797,-1547.178014244797
1703,train,20000,13263.974565684679,6736.025434315321
3288,train,35000,18545.73731707738,16454.26268292262
3553,train,13000,18344.255544813186,-5344.255544813186
1465,train,70000,57116.5567632692,12883.443236730804
3938,train,13000,11198.069576055734,1801.9304239442663
885,train,32000,33868.74942039668,-1868.749420396678
3121,train,11000,9361.747532036798,1638.2524679632024
2055,train,18000,12694.815041810256,5305.184958189744
381,train,12000,15968.214578905967,-3968.214578905967
2810,train,9500,15257.74314582759,-5757.74314582759
2885,train,33500,21565.54148052033,11934.458519479671
3883,train,16000,19941.390047654117,-3941.3900476541166
2801,train,13000,20747.339890526913,-7747.339890526913
2695,train,7500,12004.27428033041,-4504.27428033041
1899,train,75000,48648.10565735451,26351.894342645493
4455,train,16000,17764.49835468073,-1764.4983546807307
3793,train,10000,10619.154632305394,-619.1546323053935
3668,train,9000,15103.52216303398,-6103.52216303398
1839,train,16500,19548.384596510943,-3048.384596510943
3894,train,12500,13202.978773289762,-702.9787732897621
1355,train,52000,46767.446614038905,5232.553385961095
2697,train,14000,13414.036959592373,585.963040407627
514,train,22000,22296.693778624885,-296.69377862488545
927,train,30000,23849.24482204871,6150.7551779512905
1104,train,17000,20770.08380756322,-3770.08380756322
3360,train,8000,8580.648746593124,-580.6487465931241
2768,train,30000,52478.522965816,-22478.522965816002
1165,train,52000,72132.21670124758,-20132.216701247584
2715,train,18000,15506.87693605951,2493.1230639404894
4305,train,6000,8026.803404769522,-2026.8034047695219
1257,train,100000,143708.86199372256,-43708.86199372256
2594,train,18000,23180.473052657755,-5180.473052657755
3217,train,20000,26031.937020666162,-6031.937020666162
3163,train,10000,14898.634161970152,-4898.6341619701525
1554,train,15000,14942.438563044952,57.56143695504761
3088,train,26000,28784.501880578715,-2784.501880578715
998,train,70000,96874.93345429935,-26874.933454299346
417,train,6500,7322.395924778064,-822.395924778064
427,train,5500,5736.448324314958,-236.44832431495797
2632,train,40000,23129.083387543455,16870.916612456545
4519,train,18000,21568.939229902975,-3568.939229902975
850,train,190000,251045.6281491136,-61045.62814911359
3968,train,11000,10710.429919178025,289.57008082197535
4003,train,6000,7858.351175836625,-1858.3511758366249
3265,train,24000,37828.23019266876,-13828.230192668758
108,train,8000,9383.703499745645,-1383.7034997456449
3309,train,7500,8066.236284049841,-566.2362840498408
3872,train,60000,42167.49877783186,17832.50122216814
2286,train,15000,10867.6245696338,4132.375430366201
1950,train,40000,27281.331599624285,12718.668400375715
3657,train,20000,21466.15659998831,-1466.1565999883096
4546,train,10000,11918.632174216336,-1918.6321742163364
4600,train,20000,13108.696125952101,6891.303874047899
2379,train,80000,44783.221265974156,35216.778734025844
4379,train,12500,12677.836919490124,-177.83691949012427
3836,train,20000,17998.249976215182,2001.750023784818
2806,train,14000,8405.644730450766,5594.355269549234
376,train,7000,7224.696222643258,-224.6962226432579
2051,train,7000,7089.692369174363,-89.6923691743632
1805,train,15000,9865.569200989314,5134.430799010686
2744,train,12000,13671.708884575473,-1671.7088845754733
549,train,20000,21649.848022748738,-1649.848022748738
1378,train,24000,35271.53459969141,-11271.534599691411
2728,train,13500,23155.03630569206,-9655.036305692061
3220,train,11000,11898.671293383008,-898.6712933830077
575,train,40000,39379.941281320265,620.0587186797347
468,train,6500,6978.0313813448565,-478.0313813448565
213,train,11000,8985.985382413173,2014.0146175868267
3526,train,15000,21490.910914383163,-6490.910914383163
4278,train,15000,14278.747611732733,721.2523882672667
677,train,55000,78574.01170826626,-23574.011708266262
3410,train,15000,27571.97859194461,-12571.978591944611
3041,train,12000,15771.585436098083,-3771.585436098083
1994,train,22000,23205.84918258383,-1205.8491825838282
1222,train,21000,23185.850071745805,-2185.8500717458046
1570,train,8500,10683.984936895726,-2183.9849368957257
4271,train,13000,16132.001071289793,-3132.001071289793
438,train,5000,5622.562112867077,-622.5621128670773
821,train,34000,31510.457978679904,2489.542021320096
4449,train,9000,7281.4341049653385,1718.5658950346615
3025,train,11200,11746.165345547062,-546.1653455470623
530,train,300000,403497.30570945283,-103497.30570945283
2702,train,4000,5523.275949810213,-1523.2759498102132
3884,train,18000,29914.328920890403,-11914.328920890403
2745,train,13500,10918.501613085678,2581.4983869143216
1722,train,19000,15385.607043644339,3614.392956355661
1704,train,28000,27234.43682645471,765.5631735452916
661,train,35000,50881.94124056649,-15881.941240566492
1243,train,72000,46386.560789492505,25613.439210507495
1027,train,230000,98449.82172652162,131550.17827347838
4463,train,20000,19021.779249665957,978.2207503340433
2210,train,10000,13578.858729809508,-3578.858729809508
1607,train,6000,10668.772953332202,-4668.772953332202
163,train,9000,11932.486377533522,-2932.4863775335216
3591,train,7000,5226.209930831708,1773.7900691682917
4262,train,10000,7076.919797302295,2923.0802026977053
2722,train,20000,19012.973485554394,987.0265144456062
4058,train,30000,37353.02669307238,-7353.026693072381
3627,train,15000,14610.711185918259,389.2888140817413
3187,train,13000,17798.05931844792,-4798.0593184479185
812,train,36000,45038.69378703705,-9038.693787037053
1508,train,13500,9010.939602457678,4489.060397542322
2811,train,15000,18905.901924053982,-3905.901924053982
3362,train,12000,14540.060960087183,-2540.060960087183
4457,train,12000,13550.16089549574,-1550.1608954957392
421,train,12000,10969.721386158686,1030.278613841314
1477,train,70000,65643.78202403682,4356.217975963184
1588,train,10000,10965.648169540696,-965.6481695406965
313,train,15000,15478.471513081606,-478.47151308160574
3945,train,12000,13633.7557628182,-1633.7557628182003
2161,train,24000,21580.889655566738,2419.110344433262
277,train,15000,7251.949113717723,7748.050886282277
2750,train,9000,11663.07830393838,-2663.0783039383805
140,train,12500,11518.204999797324,981.7950002026755
1383,train,37000,47751.40498158561,-10751.404981585612
2708,train,10000,8075.449378180921,1924.5506218190794
1881,train,15000,13550.07127679744,1449.92872320256
4448,train,400000,137345.04393404373,262654.95606595627
310,train,9000,7005.421531358664,1994.5784686413363
3601,train,18000,16479.83808283662,1520.1619171633793
4279,train,15000,7706.090495748078,7293.909504251922
3190,train,15000,14448.35690776224,551.6430922377604
1347,train,20000,17192.309357711143,2807.690642288857
2295,train,30000,22696.262173387124,7303.737826612876
189,train,6500,4070.2411678149992,2429.7588321850008
1923,train,24000,15393.310131548928,8606.689868451072
1842,train,17000,14857.80157412318,2142.1984258768207
1155,train,38000,50723.898261461836,-12723.898261461836
3933,train,23000,12761.111213709357,10238.888786290643
61,train,30000,27263.737161407305,2736.2628385926946
1691,train,20000,16735.200245308224,3264.799754691776
499,train,6000,7447.742056535915,-1447.7420565359153
1733,train,12500,13256.77253896828,-756.7725389682801
2555,train,6000,8571.915517997952,-2571.9155179979516
2004,train,15000,8699.575130237321,6300.424869762679
1337,train,110000,101418.69568097567,8581.304319024333
2652,train,60000,53779.5891695325,6220.410830467503
3823,train,22000,23194.946425331826,-1194.9464253318256
2193,train,34000,33646.7701405368,353.22985946320114
1425,train,35000,40218.81234268645,-5218.812342686448
2893,train,16000,23488.604895564207,-7488.604895564207
687,train,100000,66035.08101280121,33964.91898719879
1517,train,7500,8183.709977541938,-683.7099775419383
852,train,75000,103205.23633542153,-28205.236335421534
4726,train,35000,25542.370503894457,9457.629496105543
261,train,7000,8318.771045985013,-1318.7710459850132
4487,train,18000,15417.947176325983,2582.0528236740174
3852,train,15000,12104.902823086111,2895.0971769138887
4246,train,18000,13153.412609982646,4846.587390017354
584,train,13000,27053.845415994205,-14053.845415994205
1305,train,51000,50386.15844427726,613.8415557227418
875,train,15000,11889.761038686087,3110.238961313913
4116,train,14000,14965.302024545786,-965.3020245457865
1608,train,17000,10759.962873164071,6240.037126835929
4302,train,18000,21124.437914319307,-3124.4379143193073
1560,train,12000,6669.242231122793,5330.757768877207
827,train,40000,46024.62336547076,-6024.623365470761
625,train,85000,74962.52759011269,10037.472409887312
4274,train,25000,15589.213030353225,9410.786969646775
1984,train,11000,8051.603131552526,2948.396868447474
1642,train,12000,17347.344818113612,-5347.344818113612
1278,train,15000,17993.36451056088,-2993.364510560881
4468,train,24000,28478.440708234244,-4478.440708234244
1742,train,14000,33337.29751817703,-19337.29751817703
4400,train,50000,72573.42730504466,-22573.427305044665
522,train,25000,12555.240365757745,12444.759634242255
4688,train,12000,11212.592334162679,787.4076658373215
614,train,120000,47203.20890043219,72796.79109956781
2223,train,28000,29927.594445994313,-1927.594445994313
2483,train,12000,15878.949538441406,-3878.949538441406
2281,train,22000,28714.61735657031,-6714.61735657031
3394,train,20000,22530.666083870718,-2530.6660838707176
2698,train,18000,27585.379938801572,-9585.379938801572
935,train,18000,26894.277816394875,-8894.277816394875
1987,train,55000,36800.313757446085,18199.686242553915
483,train,5000,5463.1138032440085,-463.1138032440085
4396,train,24000,15625.742356947478,8374.257643052522
2047,train,11000,9930.58804215977,1069.4119578402297
459,train,22500,17334.28006857571,5165.71993142429
4615,train,5000,7520.890570900786,-2520.890570900786
4156,train,31000,39398.53744939418,-8398.537449394178
3871,train,10000,9912.10706217822,87.89293782177992
2116,train,14000,11515.882685912151,2484.117314087849
3081,train,12000,16930.168546670597,-4930.168546670597
4094,train,12000,11703.939005806076,296.06099419392376
4632,train,9000,10150.157352709133,-1150.1573527091332
4229,train,8000,7335.7343542173585,664.2656457826415
3713,train,19000,13617.294841866835,5382.705158133165
2010,train,50000,25095.801405617985,24904.198594382015
1589,train,7000,4070.077314670857,2929.922685329143
1139,train,77000,104884.42509715131,-27884.42509715131
2494,train,14000,13835.246981418082,164.7530185819178
1552,train,84000,55577.62454074968,28422.375459250317
3294,train,65000,64662.61814241186,337.3818575881378
3145,train,8500,6575.339044815595,1924.6609551844049
1751,train,7500,9097.770290121603,-1597.7702901216035
30,train,7500,4778.620375275849,2721.3796247241507
462,train,14000,11716.730477842859,2283.269522157141
3110,train,9000,7817.118349484643,1182.8816505153573
3479,train,12000,12479.260059001783,-479.2600590017828
2545,train,36000,36347.39725622578,-347.3972562257768
2384,train,40000,24278.345520134328,15721.654479865672
1546,train,16000,14302.895766400126,1697.1042335998736
917,train,8000,22535.3326404725,-14535.332640472501
4601,train,10000,12551.85092932424,-2551.8509293242405
432,train,5500,7779.761175496122,-2279.7611754961217
4668,train,7000,13087.20596113012,-6087.205961130119
901,train,75000,114929.95863180327,-39929.95863180327
3599,train,22000,24397.14359054289,-2397.1435905428916
1882,train,11000,11536.265541198858,-536.265541198858
1939,train,24000,20557.86817363051,3442.1318263694884
2077,train,11000,10125.581391017613,874.418608982387
2662,train,35000,55201.025179014454,-20201.025179014454
1685,train,17500,16020.864832631964,1479.1351673680365
1036,train,100000,151621.59898923754,-51621.59898923754
3856,train,20000,13005.753230324764,6994.246769675236
406,train,5500,7733.924855317475,-2233.924855317475
3233,train,25000,20299.634177994343,4700.365822005657
1880,train,10000,13858.203865815345,-3858.203865815345
3802,train,14000,14993.450990873216,-993.4509908732161
1537,train,7500,7608.131898434843,-108.1318984348427
4389,train,15000,23969.43958965082,-8969.439589650821
1185,train,76000,42749.26041429992,33250.73958570008
418,train,4500,5619.364630197439,-1119.3646301974386
1068,train,130000,109298.32202776195,20701.677972238045
3838,train,15000,13635.679290246146,1364.3207097538543
4501,train,8000,8010.969678228514,-10.969678228513658
4548,train,10000,11041.639990420506,-1041.6399904205064
2082,train,10000,9713.379795963008,286.6202040369917
3558,train,24000,22822.741900328776,1177.258099671224
2248,train,12000,14148.237767603066,-2148.2377676030665
147,train,8000,9904.697708923231,-1904.6977089232314
4133,train,20000,14189.75719262206,5810.242807377939
137,train,17500,19324.177037045207,-1824.1770370452068
76,train,5500,7679.358649611171,-2179.358649611171
4565,train,18000,17200.12029444074,799.8797055592586
2218,train,40000,26776.700256755194,13223.299743244806
833,train,80000,150297.16649255287,-70297.16649255287
1188,train,39000,51012.03224793473,-12012.03224793473
43,train,8500,8244.0462600495,255.95373995050068
3680,train,8000,13498.61543374487,-5498.61543374487
2257,train,7000,7785.489276911473,-785.4892769114731
2529,train,24000,9759.862936971424,14240.137063028576
4678,train,30000,16217.230149581488,13782.769850418512
4492,train,37000,28420.612298088658,8579.387701911342
2639,train,15000,13223.67495261638,1776.3250473836197
2492,train,14000,10969.002011497812,3030.9979885021876
3011,train,22000,15321.208654470216,6678.791345529784
838,train,450000,488872.96414518944,-38872.96414518944
3332,train,20000,25682.1663938536,-5682.1663938536
3720,train,40000,35102.602225467286,4897.397774532714
323,train,8500,11533.929792146808,-3033.929792146808
4023,train,12000,14264.626320628231,-2264.626320628231
3733,train,20000,18220.543177039657,1779.4568229603428
274,train,30000,55567.84059098507,-25567.84059098507
1373,train,24000,35445.9996673901,-11445.999667390097
3336,train,23000,20466.635838552993,2533.364161447007
2783,train,10000,12294.237862883305,-2294.237862883305
169,train,40000,18548.594193753397,21451.405806246603
2541,train,16000,20314.80543157229,-4314.805431572291
1461,train,30000,39379.707680814565,-9379.707680814565
2903,train,110000,77988.31753288477,32011.682467115228
2990,train,26000,25776.443597181802,223.55640281819797
4685,train,17000,13362.364163508073,3637.635836491927
894,train,15500,19410.661975881212,-3910.661975881212
4007,train,25000,16425.792073558132,8574.207926441868
631,train,50000,50577.218083298816,-577.218083298816
2777,train,6500,6914.858781647759,-414.8587816477593
3455,train,45000,51290.56132353939,-6290.56132353939
2230,train,16000,11430.74156208671,4569.2584379132895
3723,train,35000,16168.592323993626,18831.407676006376
2886,train,9500,8315.02206675256,1184.977933247441
4472,train,15000,13826.750077299392,1173.2499227006083
2408,train,9000,12963.152888624347,-3963.152888624347
730,train,95000,118152.19582150235,-23152.195821502348
2184,train,24000,20384.59964001325,3615.40035998675
703,train,40000,47268.2613629595,-7268.2613629595
652,train,43000,49775.21337317799,-6775.21337317799
1280,train,13000,32588.196743234257,-19588.196743234257
4213,train,42000,39911.85214913359,2088.1478508664077
1905,train,6000,8089.6402742173495,-2089.6402742173495
4298,train,13000,14137.320517528735,-1137.3205175287349
484,train,10000,11655.876173049815,-1655.8761730498154
3146,train,20000,64441.786767460435,-44441.786767460435
1955,train,15000,15102.632017585864,-102.63201758586365
4100,train,16500,22170.471827883415,-5670.471827883415
2053,train,4800,6942.762437967923,-2142.762437967923
4067,train,1200,28063.02837477033,-26863.02837477033
302,train,20000,11570.760989402332,8429.239010597668
2967,train,7500,7445.805788427443,54.194211572556924
4127,train,10000,13123.211996192067,-3123.211996192067
3285,train,8000,9700.03229764095,-1700.0322976409498
1809,train,22000,11021.78445852673,10978.21554147327
4360,train,26000,20500.845315189446,5499.154684810554
1973,train,70000,26491.465010109023,43508.53498989098
1614,train,7000,6552.644836259118,447.35516374088184
3192,train,19000,15461.228802242009,3538.771197757991
3764,train,6000,5948.195611515848,51.80438848415179
2352,train,17500,14226.870819352636,3273.1291806473637
4150,train,12000,14077.369024971327,-2077.3690249713272
2241,train,14000,12158.375695525447,1841.6243044745534
2930,train,5500,7947.272286230201,-2447.2722862302007
610,train,50000,47738.956557675054,2261.043442324946
3791,train,12500,8786.581143264542,3713.4188567354577
3056,train,22000,20102.27197348453,1897.7280265154695
1783,train,20000,15571.874167960383,4428.125832039617
776,train,150000,144242.55553355324,5757.444466446759
4513,train,60000,44416.889709035146,15583.110290964854
1116,train,55000,74018.43457768533,-19018.43457768533
2140,train,13900,12049.875103138374,1850.1248968616255
3468,train,26000,25297.21812532447,702.7818746755293
2106,train,12000,9929.86465151176,2070.13534848824
1380,train,600000,732797.730409679,-132797.730409679
4201,train,10000,13199.06432008329,-3199.064320083289
2871,train,30000,25976.42036171909,4023.5796382809094
191,train,9000,8093.516675602218,906.4833243977819
1046,train,27000,24020.402338259624,2979.5976617403758
973,train,85000,57347.6344193709,27652.3655806291
4499,train,35000,31482.05395799883,3517.946042001171
449,train,4000,4765.033309337719,-765.0333093377194
628,train,50000,63858.53492246522,-13858.534922465216
1403,train,20000,13120.043342050994,6879.956657949006
4311,train,9500,12437.49569127254,-2937.4956912725393
3416,train,10000,11024.48722810923,-1024.4872281092303
1303,train,50000,64689.351792811554,-14689.351792811554
3383,train,30000,25810.340495572276,4189.659504427724
4293,train,70000,51499.32044249597,18500.67955750403
616,train,110000,121723.62972674434,-11723.629726744344
745,train,100000,138063.52236498572,-38063.52236498572
193,train,12000,9674.63248696361,2325.36751303639
1862,train,8000,12249.81180854995,-4249.81180854995
1449,train,45000,23213.811737912893,21786.188262087107
3064,train,40000,50622.190714838354,-10622.190714838354
46,train,4600,7118.301427438627,-2518.301427438627
4291,train,12000,11436.402162474522,563.5978375254781
3950,train,4000,6373.681895309073,-2373.6818953090733
3506,train,15000,18732.490055160964,-3732.4900551609644
1107,train,35500,38872.58360296219,-3372.5836029621933
4102,train,8500,10832.211310133795,-2332.2113101337945
2143,train,13000,15953.41977903646,-2953.4197790364597
2369,train,7500,11239.187385468069,-3739.187385468069
642,train,150000,141327.9366350324,8672.063364967587
3061,train,8000,8345.61419466037,-345.6141946603693
4074,train,35000,30000.217133828235,4999.782866171765
1225,train,65000,109918.44073942646,-44918.440739426456
777,train,230000,262457.74693906854,-32457.746939068544
3545,train,26000,36671.32909042931,-10671.32909042931
4154,train,6000,5881.054315466233,118.94568453376723
3249,train,15000,12744.240947970153,2255.759052029847
3931,train,22000,30918.574346394198,-8918.574346394198
1158,train,180000,82763.6715963343,97236.3284036657
3168,train,14000,23566.009153728646,-9566.009153728646
815,train,42000,37519.28726930975,4480.712730690248
2381,train,14000,30146.986298982978,-16146.986298982978
4357,train,18000,12823.002845313356,5176.997154686644
1284,train,360000,397656.4384283441,-37656.43842834409
331,train,6500,5886.680471052563,613.319528947437
788,train,170000,140869.06525017708,29130.934749822918
1834,train,12500,12297.520198939317,202.4798010606828
4054,train,14000,10282.512600756803,3717.4873992431967
1746,train,55000,41716.35934826725,13283.640651732749
1292,train,65000,64829.08154942409,170.91845057591127
883,train,45000,36335.516872894856,8664.483127105144
2269,train,7000,8534.464913698986,-1534.4649136989865
4339,train,10000,13473.820930171516,-3473.820930171516
4284,train,9500,7336.907855177511,2163.092144822489
289,train,3500,4146.786893648192,-646.7868936481918
4515,train,9000,12008.306797485153,-3008.306797485153
2879,train,28000,45249.93393098958,-17249.93393098958
2201,train,16500,14633.755287222912,1866.2447127770884
1960,train,26969,30352.41594075585,-3383.415940755851
4530,train,8000,9852.21188288861,-1852.2118828886105
2824,train,9300,14858.656249664822,-5558.656249664822
263,train,6000,5551.991204118819,448.00879588118096
3020,train,5000,7489.486757842733,-2489.486757842733
3299,train,26000,21647.678075851683,4352.321924148317
2006,train,27000,20029.56040945914,6970.43959054086
3547,train,15000,8404.38481088549,6595.615189114509
1864,train,15000,13471.225466333273,1528.7745336667267
441,train,5500,4767.4543474425745,732.5456525574255
1515,train,7500,9806.053642371246,-2306.0536423712456
1412,train,45000,47487.245386284434,-2487.245386284434
2798,train,37000,15349.76677108596,21650.23322891404
4331,train,6000,7443.367823685926,-1443.367823685926
4214,train,20000,14352.162036726591,5647.837963273409
1487,train,65000,55808.638840383705,9191.361159616295
295,train,10500,8553.268311687676,1946.731688312324
2552,train,13000,11842.879090127588,1157.120909872412
2877,train,16000,17351.266083273294,-1351.2660832732945
364,train,10000,9610.250442704064,389.74955729593603
3948,train,9500,13147.185708157866,-3647.1857081578655
3491,train,8500,8960.558765896156,-460.5587658961558
1658,train,14000,9451.708052678812,4548.291947321188
2324,train,12000,13971.610660542638,-1971.6106605426376
761,train,36000,49844.332984751425,-13844.332984751425
4418,train,14000,10892.78580480815,3107.2141951918493
758,train,35000,33910.884969913095,1089.1150300869049
1095,train,25000,15299.314927331774,9700.685072668226
2228,train,12000,11419.846017916656,580.1539820833441
4188,train,7500,6958.067383231747,541.932616768253
3456,train,5000,7023.3261375069105,-2023.3261375069105
4618,train,9000,13732.997039480648,-4732.997039480648
2661,train,36000,63295.33186121479,-27295.331861214792
4063,train,15000,9317.755286883375,5682.244713116625
2050,train,9000,14216.236712225204,-5216.2367122252035
496,train,14000,9262.939335435278,4737.060664564722
810,train,40000,43689.37654020669,-3689.376540206693
1797,train,5000,8898.075989020901,-3898.075989020901
2599,train,25000,46940.26102343969,-21940.261023439693
471,train,7500,7142.801795907506,357.19820409249405
2071,train,35000,31785.870240414555,3214.129759585445
1504,train,8000,8133.232856709306,-133.23285670930636
3330,train,12000,8006.917221486483,3993.082778513517
1261,train,70000,97347.74853973989,-27347.748539739885
3578,train,18000,9525.783054249701,8474.216945750299
736,train,46000,48829.78816292553,-2829.788162925528
2236,train,16000,17560.587697640236,-1560.587697640236
955,train,72000,53865.84387727852,18134.156122721477
2718,train,11000,10347.621573737633,652.3784262623667
1100,train,26000,33343.018035369874,-7343.018035369874
4028,train,10000,11983.607704520338,-1983.6077045203383
2790,train,22000,25588.701637453712,-3588.7016374537125
480,train,6000,12878.418838700063,-6878.418838700063
2278,train,20000,8479.07768146381,11520.92231853619
3411,train,75000,40539.93956191263,34460.06043808737
4416,train,120000,63490.34245802407,56509.65754197593
3083,train,20000,22751.897344861747,-2751.897344861747
910,train,24000,18347.58920393382,5652.410796066179
3098,train,13000,11734.448592151883,1265.5514078481174
1200,train,25000,25462.730383717546,-462.7303837175459
3917,train,25000,33407.29526628114,-8407.295266281137
1974,train,19000,15750.077664336197,3249.922335663803
2878,train,20000,19449.370673449106,550.6293265508939
3317,train,45000,19620.52595911306,25379.47404088694
3775,train,18500,21755.662491159364,-3255.6624911593644
1707,train,20000,15193.92562259614,4806.07437740386
1830,train,11000,8339.845744814229,2660.154255185771
2883,train,8000,10332.933284036222,-2332.933284036222
2121,train,15000,17220.61397547872,-2220.613975478718
2675,train,30000,47288.38081376495,-17288.380813764947
1142,train,40000,34174.73274577745,5825.267254222548
393,train,7000,6636.587511476602,363.41248852339777
1586,train,7000,7242.4700368361,-242.4700368361
884,train,35000,23648.320140193326,11351.679859806674
3443,train,16000,20376.872317633693,-4376.8723176336935
3891,train,11000,12366.403140879047,-1366.403140879047
3896,train,30000,28433.952432637252,1566.047567362748
1680,train,12000,10419.505987462026,1580.4940125379744
3227,train,30000,29066.66378985905,933.3362101409512
398,train,8000,6704.59973832177,1295.40026167823
598,train,55000,64786.55599666901,-9786.555996669013
4144,train,45000,40995.00808690908,4004.9919130909184
2122,train,9500,7266.926319974713,2233.073680025287
408,train,11000,10514.45138625226,485.5486137477401
3850,train,8500,12662.31002975339,-4162.310029753389
811,train,40000,27496.77061083131,12503.22938916869
135,train,9000,9239.261182425269,-239.261182425269
4,train,7500,9934.751494408332,-2434.7514944083323
3112,train,17000,24481.505488776118,-7481.505488776118
2493,train,14000,19898.861140154928,-5898.861140154928
4025,train,45000,36397.85507866618,8602.14492133382
987,train,75000,84843.0607333288,-9843.060733328806
996,train,75000,47190.54848089238,27809.45151910762
1828,train,7000,6088.124433568557,911.8755664314431
4517,train,5800,10694.175133743587,-4894.175133743587
2422,train,18000,12620.729021357763,5379.2709786422365
3174,train,7000,7482.340267885806,-482.3402678858056
2517,train,22000,19492.408533593232,2507.5914664067677
1562,train,16000,15909.72745877655,90.27254122345039
3748,train,12000,10204.42575717366,1795.5742428263402
2437,train,10000,10069.453297294824,-69.45329729482364
3380,train,16000,17150.511517619903,-1150.5115176199033
4627,train,5000,4720.044364621687,279.95563537831276
4045,train,25000,13931.758098375682,11068.241901624318
2065,train,17681,18814.09654663836,-1133.0965466383605
764,train,7500,12289.317523342894,-4789.317523342894
237,train,5500,7151.189615481634,-1651.189615481634
3188,train,9000,8270.424423533037,729.575576466963
3404,train,45000,29066.591564293452,15933.408435706548
893,train,40000,91279.12978364165,-51279.12978364165
3241,train,85000,57589.053416563824,27410.946583436176
2330,train,12500,16667.24668251144,-4167.246682511439
3815,train,100000,55747.88793942604,44252.11206057396
3058,train,6500,10669.295995002345,-4169.295995002345
396,train,35000,17754.981160094547,17245.018839905453
3759,train,15000,13443.11769829155,1556.8823017084505
1996,train,15000,22044.596915280283,-7044.596915280283
479,train,10000,9754.29880251837,245.70119748163052
4304,train,9000,12382.783289665884,-3382.783289665884
2815,train,250000,68967.70440969543,181032.29559030457
3566,train,15000,7962.527608472989,7037.472391527011
4406,train,3000,5433.544838117004,-2433.5448381170036
2617,train,140000,62380.26101525986,77619.73898474014
154,train,7000,7046.66880896972,-46.668808969719976
4182,train,16000,17000.32667455208,-1000.3266745520814
705,train,230000,103041.80936315464,126958.19063684536
3611,train,8000,6195.929292007493,1804.0707079925069
3017,train,12000,10367.838460699371,1632.1615393006286
1045,train,46000,56574.983233379106,-10574.983233379106
2364,train,24000,26057.958165009797,-2057.958165009797
1832,train,60000,41426.886702521864,18573.113297478136
188,train,7000,9433.152171420077,-2433.152171420077
4235,train,26000,18292.141663628925,7707.858336371075
2968,train,10000,10107.946839956176,-107.94683995617561
3207,train,14000,13965.713524832872,34.28647516712772
1247,train,8000,24264.15601684796,-16264.15601684796
2700,train,65000,35173.277048084776,29826.722951915224
3888,train,13000,10284.558499820832,2715.4415001791676
344,train,7500,12292.211995165744,-4792.211995165744
1289,train,130000,287901.6739839392,-157901.67398393922
2342,train,18000,23706.937300088583,-5706.937300088583
1851,train,40000,44514.075972465864,-4514.075972465864
533,train,33000,29795.11149425457,3204.8885057454318
3954,train,13000,15371.39604913892,-2371.3960491389207
1354,train,55000,41566.175806502855,13433.824193497145
4684,train,22000,16619.253298311403,5380.746701688597
2985,train,29000,36695.9102334027,-7695.9102334026975
1744,train,11000,13021.326494314999,-2021.3264943149989
1937,train,14000,13618.598777831927,381.4012221680732
1840,train,13000,8826.964928870802,4173.035071129198
2812,train,12000,11072.99706697234,927.0029330276593
4642,train,8000,12717.56383948065,-4717.56383948065
1806,train,130000,112184.23933020489,17815.760669795112
3673,train,10000,12012.494591976101,-2012.4945919761012
3536,train,12500,14194.557621303826,-1694.5576213038257
341,train,12000,12790.45919042476,-790.4591904247609
2119,train,10000,8419.475236811742,1580.5247631882576
4735,train,45000,34341.522672900224,10658.477327099776
2782,train,13000,12558.687758449028,441.3122415509715
2665,train,20000,18570.21895726387,1429.7810427361292
4042,train,10000,12234.16417153335,-2234.16417153335
2343,train,70000,60985.059357019876,9014.940642980124
67,train,7500,6808.469371786629,691.5306282133706
3629,train,7000,6462.4003328851395,537.5996671148605
2273,train,15000,16998.550442560467,-1998.5504425604668
4242,train,12000,16846.47884284434,-4846.478842844339
206,train,5000,6941.502497922398,-1941.502497922398
3278,train,4500,7042.802390478267,-2542.8023904782667
4503,train,5500,4604.077223193054,895.9227768069459
1775,train,30000,23139.992430249906,6860.007569750094
1506,train,50000,43758.94054256007,6241.059457439929
1762,train,15000,23479.211738204747,-8479.211738204747
939,train,32000,58106.903804619316,-26106.903804619316
4243,train,15000,20198.650992161398,-5198.650992161398
4181,train,8000,10101.859996234834,-2101.8599962348344
2464,train,6000,9673.7174471741,-3673.7174471741
63,train,30000,17289.553656732707,12710.446343267293
3610,train,25000,27626.988329407835,-2626.9883294078354
4352,train,12000,12925.195295366548,-925.1952953665477
1400,train,20000,38139.94619659791,-18139.946196597914
2044,train,250000,124189.01993149648,125810.98006850352
3478,train,30000,10635.770460883228,19364.22953911677
2575,train,8000,10085.931722902036,-2085.931722902036
3919,train,45000,51894.71462584645,-6894.714625846449
3054,train,16000,12381.89105070238,3618.1089492976207
3210,train,7000,10012.247994123909,-3012.247994123909
3494,train,18000,13485.50546228603,4514.49453771397
1069,train,58000,58394.10804186898,-394.1080418689817
4512,train,9000,20502.359087389883,-11502.359087389883
1389,train,310000,317578.5629639481,-7578.562963948119
4326,train,18000,11551.642638957901,6448.357361042099
1854,train,16000,17972.30196336393,-1972.3019633639306
3312,train,12000,14251.559834177719,-2251.5598341777186
2928,train,30000,28874.663245058808,1125.3367549411923
1408,train,55000,50246.714927038716,4753.285072961284
1136,train,40000,29569.20572939629,10430.79427060371
2748,train,200000,111798.98933078746,88201.01066921254
2668,train,14000,11729.589900945555,2270.410099054445
2842,train,24000,31564.59245476132,-7564.592454761321
545,train,22000,17713.963470708553,4286.036529291447
3914,train,12000,12731.811480889417,-731.811480889417
2528,train,140000,79326.85984959026,60673.140150409745
1564,train,11000,12893.44572301921,-1893.4457230192093
842,train,55000,80636.41089403292,-25636.410894032917
2513,train,20000,19289.38349315998,710.6165068400187
2461,train,5000,8374.404395043624,-3374.4043950436244
3832,train,11000,13831.578644424006,-2831.5786444240057
541,train,270000,201882.23791948793,68117.76208051207
855,train,39000,36615.75309249195,2384.2469075080517
804,train,50000,45733.34394457184,4266.6560554281605
372,train,35000,24210.45886386214,10789.541136137861
3457,train,30000,19000.90430399478,10999.09569600522
409,train,10000,9313.977764346506,686.0222356534941
1153,train,45000,50528.522924475175,-5528.522924475175
4325,train,22000,22872.66106455674,-872.6610645567416
4504,train,5000,7204.642208001732,-2204.642208001732
3268,train,16000,12552.979299849998,3447.020700150002
2387,train,25000,22143.089630427734,2856.910369572266
3729,train,12000,10118.086197900553,1881.913802099447
1324,train,20000,46246.20388617041,-26246.203886170413
2358,train,4500,4930.339831662904,-430.33983166290363
4456,train,22000,24417.21135879579,-2417.21135879579
4628,train,6000,5513.884317376858,486.11568262314177
4187,train,14000,19105.3897245031,-5105.3897245031
4032,train,130000,141612.26615393962,-11612.266153939621
4348,train,12000,10724.764891311897,1275.2351086881026
2840,train,150000,143790.31154008277,6209.688459917234
3144,train,30000,37032.971489531206,-7032.971489531206
1518,train,25000,30386.31364424303,-5386.31364424303
334,train,8000,6145.766342610099,1854.233657389901
1015,train,60000,47854.178933546624,12145.821066453376
3698,train,18000,17345.269563696344,654.7304363036565
3873,train,12000,7904.383695593476,4095.6163044065243
3238,train,22000,14508.035521345337,7491.964478654663
2378,train,20000,9655.659969436849,10344.340030563151
3184,train,12000,13853.928842260528,-1853.9288422605277
2677,train,11000,9741.59117693347,1258.4088230665293
2556,train,100000,35169.568343866944,64830.431656133056
4372,train,9000,7017.917570785038,1982.0824292149618
2039,train,25000,13327.716927098776,11672.283072901224
223,train,12500,8386.258897491161,4113.741102508839
1183,train,18000,33971.011356455085,-15971.011356455085
2301,train,10000,13879.031437624453,-3879.0314376244532
1244,train,180000,196273.41960796932,-16273.419607969321
4087,train,18000,24968.025737470805,-6968.025737470805
2925,train,80000,63683.118652936086,16316.881347063914
2126,train,10000,7875.137332394303,2124.8626676056974
2760,train,38000,15659.43526325121,22340.56473674879
3428,train,16000,26716.487090169943,-10716.487090169943
3008,train,27000,31121.928740197745,-4121.928740197745
4659,train,12500,13087.7170757404,-587.7170757404001
3724,train,4000,5582.229013645553,-1582.229013645553
3296,train,13500,20424.497338261503,-6924.497338261503
2172,train,30000,30433.506882138696,-433.5068821386958
1463,train,90000,85551.4765074134,4448.523492586595
662,train,15000,21431.838611042986,-6431.838611042986
3462,train,17000,31439.631108260117,-14439.631108260117
4641,train,15500,9531.88732608389,5968.11267391611
465,train,20000,14909.399029480848,5090.600970519152
1683,train,25000,25330.984828863715,-330.98482886371494
4138,train,12000,13037.909625359753,-1037.9096253597527
4132,train,6500,6365.7971930464655,134.2028069535345
2081,train,11000,10977.012202807284,22.987797192716243
1334,train,25000,23443.142604413202,1556.8573955867978
711,train,15000,17129.67539445287,-2129.675394452868
1823,train,13500,12162.734834192881,1337.265165807119
473,train,15000,11745.922093677278,3254.077906322722
4059,train,12000,13388.981296336508,-1388.9812963365075
3074,train,15000,16469.047606493266,-1469.0476064932664
3433,train,6000,7374.586897355037,-1374.5868973550369
3862,train,32000,31507.728096830517,492.27190316948327
300,train,35000,17084.49165858492,17915.50834141508
2416,train,50000,43249.47561994164,6750.524380058363
1909,train,5500,6844.779520345142,-1344.7795203451424
2769,train,16000,13214.335992750848,2785.664007249152
4607,train,15000,12457.438661972239,2542.561338027761
3395,train,18000,7528.369809376761,10471.63019062324
24,train,8000,8860.493264844601,-860.4932648446011
3301,train,15000,7224.943231078371,7775.056768921629
2097,train,8500,8663.859710974479,-163.85971097447873
450,train,30000,13262.179689277657,16737.820310722345
709,train,300000,117421.44074787585,182578.55925212416
4273,train,8000,11897.139027286827,-3897.1390272868266
2355,train,22000,16154.354274160367,5845.645725839633
114,train,15000,14571.271606529783,428.72839347021727
923,train,43500,37003.3338554499,6496.666144550101
2625,train,10000,7972.452131729738,2027.5478682702624
1879,train,21000,34980.48730274218,-13980.487302742178
4640,train,15000,15469.711980757418,-469.71198075741813
4380,train,25000,20325.130789727988,4674.869210272012
969,train,60000,50005.33822692119,9994.661773078813
1326,train,850000,374938.456015318,475061.543984682
3392,train,130000,55889.23880205132,74110.76119794868
3612,train,12500,9165.775171842304,3334.224828157696
4460,train,15000,11807.062944854923,3192.9370551450775
790,train,55000,55396.40275390656,-396.40275390655734
4358,train,21000,21244.9575034343,-244.95750343429972
1887,train,20000,16466.730315461235,3533.2696845387654
985,train,22000,23566.234143374986,-1566.2341433749862
933,train,65000,54186.02605646779,10813.973943532212
4126,train,6500,7508.258376071091,-1008.2583760710913
2253,train,15000,13360.397734921604,1639.6022650783962
1308,train,30000,34173.45535450287,-4173.455354502868
4613,train,15000,17912.528480380504,-2912.5284803805043
1295,train,22000,42787.89346985224,-20787.893469852243
1750,train,12000,9733.568620896833,2266.4313791031673
4429,train,8000,13519.698052453412,-5519.698052453412
3593,train,8000,10529.829850858087,-2529.8298508580865
2153,train,14000,7045.883615028916,6954.116384971084
3572,train,130000,72943.4405659717,57056.5594340283
3128,train,17000,24041.570797982746,-7041.570797982746
2155,train,20000,22036.41143176053,-2036.4114317605308
2621,train,6000,9289.261329686631,-3289.261329686631
1624,train,11500,13787.260554253213,-2287.260554253213
551,train,25000,14909.4278125948,10090.5721874052
3966,train,100000,90754.72616214704,9245.273837852961
1741,train,5000,7734.604922755811,-2734.6049227558105
755,train,42000,54642.265486044394,-12642.265486044394
645,train,65000,118483.02887162361,-53483.02887162361
446,train,10000,10239.2282534605,-239.22825346050013
390,train,22000,20167.569579802795,1832.4304201972045
4259,train,25000,16916.063472038953,8083.9365279610465
222,train,25000,15244.415066602776,9755.584933397224
869,train,200000,103049.77141428021,96950.22858571979
3528,train,35000,32658.62730194225,2341.3726980577485
205,train,15000,13050.25241303766,1949.7475869623395
1593,train,16000,14796.196473432849,1203.8035265671515
1370,train,60000,124430.34036110266,-64430.34036110266
2202,train,14500,17135.2884174126,-2635.288417412601
1613,train,9000,8036.5932290800965,963.4067709199035
3246,train,15000,13471.996833992216,1528.0031660077839
495,train,10000,6490.915273106405,3509.084726893595
2380,train,9500,11380.488765591792,-1880.488765591792
2477,train,10000,15258.375244295488,-5258.375244295488
123,train,8000,9687.999222164903,-1687.9992221649027
2297,train,9250,11230.285929321,-1980.2859293210004
1908,train,20000,15936.870301388994,4063.1296986110065
359,train,15000,6558.565902941468,8441.434097058533
4137,train,12500,13687.621578589196,-1187.6215785891964
2022,train,35000,13967.978376377221,21032.02162362278
1187,train,45000,12512.471460095583,32487.528539904415
3902,train,9000,10149.47287067491,-1149.4728706749102
1736,train,10500,11424.60526191547,-924.6052619154707
822,train,93000,96299.86768149596,-3299.8676814959617
1251,train,45000,69981.29202206539,-24981.29202206539
3817,train,16000,18372.692424076482,-2372.692424076482
3451,train,15000,14199.460844236828,800.539155763172
1557,train,9500,10765.842373578931,-1265.842373578931
837,train,33003,47628.205775255636,-14625.205775255636
3617,train,27000,27448.442790397,-448.44279039699904
4610,train,15000,9041.183005143155,5958.816994856845
3848,train,70000,75437.15525875661,-5437.155258756611
4110,train,10000,6380.191450834443,3619.8085491655575
892,train,25000,26665.386706808535,-1665.3867068085347
1146,train,32000,19505.93705661223,12494.06294338777
1462,train,45000,41809.39305901859,3190.606940981408
831,train,200000,103066.25424892579,96933.74575107421
4716,train,9000,12760.186743367465,-3760.186743367465
589,train,40000,51469.08499995385,-11469.084999953848
4730,train,25000,16383.374003468105,8616.625996531895
2366,train,16000,15335.458947918434,664.5410520815658
2274,train,8200,7739.261385268248,460.738614731752
98,train,18000,17617.259979827453,382.7400201725468
2115,train,5000,6505.574731893514,-1505.5747318935137
3701,train,8000,11943.600256383317,-3943.600256383317
3415,train,24000,24274.0224066014,-274.0224066014016
4104,train,15000,17992.741092473138,-2992.7410924731375
1028,train,180000,159709.9096158716,20290.090384128387
3376,train,38000,35738.44246621933,2261.557533780673
1219,train,260000,245020.26933431556,14979.730665684445
4723,train,7000,9825.011656144768,-2825.0116561447685
1693,train,15000,12035.311098888871,2964.688901111129
4617,train,8500,6429.831808549525,2070.168191450475
1922,train,20000,15698.764148199552,4301.235851800448
1684,train,7000,8476.590963488812,-1476.5909634888121
3602,train,8500,9485.061285135582,-985.0612851355818
1310,train,15000,13745.955277749412,1254.0447222505882
1047,train,95000,88176.69272267824,6823.307277321757
620,train,40000,46529.056467493436,-6529.056467493436
2734,train,80000,79589.33605218779,410.6639478122088
4329,train,13000,20727.371302236545,-7727.371302236545
490,train,8000,6885.295448649688,1114.7045513503117
1205,train,150000,145924.36793347335,4075.632066526654
1853,train,18500,23022.70897340083,-4522.70897340083
2537,train,11000,12270.68968779331,-1270.6896877933104
250,train,12000,11153.112597240393,846.8874027596066
724,train,85000,93867.62257408655,-8867.622574086548
1444,train,36000,20068.026162647853,15931.973837352147
4568,train,16500,11539.951079293687,4960.048920706313
2643,train,6500,9048.348650072245,-2548.3486500722447
1160,train,300000,328898.7362325012,-28898.736232501222
3658,train,9000,11257.997471656467,-2257.9974716564666
3356,train,11500,12874.985728617643,-1374.985728617643
1338,train,21000,14269.621522095082,6730.378477904918
2308,train,20000,24747.73227671496,-4747.73227671496
2875,train,18000,14877.285920773187,3122.714079226813
4694,train,12000,16931.81149661388,-4931.811496613878
3803,train,8500,10151.486908290253,-1651.4869082902533
3313,train,45000,32216.863931303495,12783.136068696505
2390,train,22000,11348.093063425975,10651.906936574025
3534,train,16500,13811.13734038521,2688.8626596147897
379,train,40000,29821.189251940697,10178.810748059303
2532,train,15000,13214.335992750848,1785.6640072491518
684,train,150000,139153.25584047064,10846.744159529364
4035,train,9000,10518.43457215292,-1518.4345721529207
2475,train,11000,13688.550443810582,-2688.550443810582
36,train,12500,12255.276472414884,244.72352758511624
2642,train,10000,11422.723934014255,-1422.723934014255
1576,train,15000,18426.094325193804,-3426.0943251938043
2619,train,12500,17293.316910705496,-4793.316910705496
3059,train,3000,6416.156570424679,-3416.1565704246786
3633,train,15000,13566.799623786554,1433.2003762134464
658,train,32000,27376.62533706167,4623.374662938331
463,train,9500,7496.00704448789,2003.9929555121098
299,train,20000,12775.051042027128,7224.948957972872
3323,train,25000,22478.813962404467,2521.186037595533
2012,train,25000,42433.51668987832,-17433.51668987832
2503,train,12500,10156.416813855738,2343.583186144262
3483,train,40000,39335.953773186666,664.0462268133342
2733,train,9300,10813.170267453335,-1513.1702674533353
2583,train,15000,11793.643102540487,3206.3568974595128
1249,train,52000,30650.618544741734,21349.381455258266
2135,train,25000,28658.779070652763,-3658.779070652763
3014,train,6500,9152.454959392113,-2652.454959392113
3072,train,12000,15063.985609128302,-3063.985609128302
2134,train,21000,19705.271057953323,1294.7289420466768
4330,train,6000,6471.242113738784,-471.2421137387837
1995,train,15000,13750.838573252402,1249.161426747598
981,train,23500,21976.943730027397,1523.0562699726033
1167,train,140000,86813.63879040364,53186.36120959636
1701,train,5000,9504.965421051067,-4504.965421051067
3868,train,23000,16184.88378727161,6815.11621272839
540,train,35000,39093.29678163999,-4093.2967816399905
919,train,230000,265699.1899520274,-35699.1899520274
4265,train,34000,38557.39786477543,-4557.397864775427
3142,train,6500,14540.507902627163,-8040.507902627163
179,train,15000,14495.779155194126,504.22084480587364
3690,train,8500,10248.740747175774,-1748.7407471757742
4070,train,17000,19413.905670788237,-2413.9056707882373
1195,train,90000,52056.006803333315,37943.993196666685
1245,train,26000,31014.93259311882,-5014.932593118821
216,train,7000,9947.930573169639,-2947.9305731696386
753,train,170000,142474.5590260885,27525.440973911493
3604,train,40000,38729.43784329268,1270.5621567073176
4462,train,9000,8211.459124191935,788.5408758080648
3496,train,10000,12386.927198294354,-2386.9271982943537
1711,train,7500,7671.76437968674,-171.76437968673963
1398,train,140000,147912.14072614987,-7912.140726149868
4283,train,15000,13754.400826400504,1245.5991735994958
4085,train,16000,13867.959683298759,2132.040316701241
1213,train,85000,73214.43279197058,11785.567208029417
3286,train,10000,7722.690437210958,2277.3095627890416
2959,train,15000,9268.963008823992,5731.036991176008
3304,train,15000,12000.306428216089,2999.6935717839115
120,train,6300,6066.096726421395,233.90327357860497
759,train,14000,21227.863013978404,-7227.863013978404
3969,train,24000,25215.40769517412,-1215.407695174119
3773,train,7500,7313.683121339523,186.3168786604774
2056,train,22500,16825.231648445242,5674.768351554758
2620,train,14000,10186.970931271107,3813.0290687288925
131,train,6000,5949.296268761896,50.70373123810441
2300,train,12000,8234.424878434465,3765.5751215655346
1096,train,110000,155031.78342848833,-45031.78342848833
2169,train,18000,17567.723318777826,432.2766812221744
4531,train,20000,9537.198662147834,10462.801337852166
4012,train,130000,46073.14089947398,83926.85910052602
743,train,25000,18107.904286338606,6892.095713661394
3916,train,9000,6225.690278983955,2774.309721016045
3527,train,12000,19192.507734842868,-7192.507734842868
680,train,30000,27832.762135358764,2167.2378646412362
4398,train,8000,12397.433254181567,-4397.4332541815675
4033,train,8500,7916.9339770593115,583.0660229406885
2490,train,45000,23138.72214439796,21861.27785560204
2375,train,8000,7421.321884664578,578.6781153354223
2889,train,10000,13866.432215468552,-3866.4322154685524
2328,train,25000,21343.788539228903,3656.2114607710973
797,train,200000,152008.3413625747,47991.65863742531
4337,train,10000,11539.187558842392,-1539.1875588423918
2800,train,12000,17748.636747037894,-5748.636747037894
4478,train,9000,12880.016395091106,-3880.0163950911065
467,train,7500,8739.719953219781,-1239.719953219781
1169,train,65000,97331.19670699279,-32331.196706992792
2616,train,14000,7053.823123829788,6946.176876170212
2624,train,8000,29197.04233169967,-21197.04233169967
3826,train,15000,15147.786024680385,-147.7860246803848
4500,train,30000,35100.57437751636,-5100.574377516357
1883,train,7500,8441.020667180586,-941.0206671805863
208,train,18000,15442.735331250095,2557.2646687499055
281,train,6500,6235.899768194582,264.10023180541793
492,train,20000,11224.5881329179,8775.4118670821
4704,train,35000,20276.41945082133,14723.58054917867
2828,train,15000,21242.610450096105,-6242.610450096105
3373,train,35000,28799.76294520168,6200.237054798319
3106,train,15000,14159.829337702673,840.170662297327
2350,train,8000,8411.451071018415,-411.45107101841495
1110,train,180000,162801.50507243891,17198.494927561085
1182,train,55000,51517.59850923053,3482.4014907694727
1603,train,12000,10706.50826828178,1293.4917317182208
2251,train,18500,14709.33951390728,3790.66048609272
4714,train,17000,15397.116127662715,1602.8838723372846
1441,train,65000,107737.86126350705,-42737.861263507046
2817,train,30000,29049.281876253608,950.7181237463919
512,train,11000,11308.467057033995,-308.46705703399493
1076,train,45000,44551.76587036329,448.23412963670853
1889,train,13000,15880.717071377281,-2880.717071377281
3955,train,12500,12200.350534159646,299.6494658403535
2689,train,30000,23255.409638999667,6744.590361000333
507,train,5000,6206.430880553569,-1206.4308805535693
1813,train,60000,52686.64629315151,7313.3537068484875
2523,train,15000,16729.70977227412,-1729.70977227412
3237,train,4500,4992.326824667806,-492.32682466780625
1605,train,36000,39560.558178496234,-3560.558178496234
2032,train,9000,11705.469210169817,-2705.4692101698165
3175,train,18000,14901.01999878035,3098.98000121965
1306,train,140000,211675.78863764042,-71675.78863764042
3941,train,28000,27792.592627423885,207.40737257611545
2386,train,3500,7241.717881776503,-3741.7178817765034
4533,train,14000,10798.773618776158,3201.2263812238416
497,train,10000,9786.59360232609,213.40639767391076
3485,train,8000,7467.363673778291,532.6363262217092
3378,train,7500,5675.734651314206,1824.2653486857944
3438,train,12500,11659.310437718877,840.6895622811226
3540,train,72000,44839.49111121188,27160.50888878812
249,train,6000,7778.5258560074735,-1778.5258560074735
954,train,40000,34599.655821951,5400.344178049003
1649,train,22000,17179.533401499444,4820.466598500556
1415,train,25000,25250.644642082847,-250.64464208284699
4254,train,15000,11690.393073762227,3309.606926237773
45,train,10000,12168.03824981085,-2168.03824981085
1132,train,75000,85419.64259570892,-10419.642595708923
3209,train,14000,10776.845189785128,3223.1548102148718
3493,train,60000,44604.45279665967,15395.547203340328
3484,train,25000,22193.165427096945,2806.8345729030552
2392,train,11000,10982.528736878994,17.471263121005904
94,train,20000,11140.628084946125,8859.371915053875
3897,train,11000,8537.579371568452,2462.420628431548
4324,train,52000,66161.73959691785,-14161.739596917847
1387,train,210000,221736.8772321692,-11736.877232169209
1700,train,6000,6628.535625997452,-628.5356259974524
4473,train,8000,11188.804866846789,-3188.804866846789
4413,train,10000,14655.753832779877,-4655.7538327798775
3787,train,80000,78154.17406239992,1845.8259376000788
2400,train,16000,12315.937682276093,3684.0623177239067
3007,train,12000,11521.960091577948,478.03990842205167
3641,train,11000,13634.46033095653,-2634.46033095653
3659,train,18000,17047.083817544106,952.9161824558942
1816,train,11000,10734.014087739057,265.9859122609432
626,train,180000,250978.55081619738,-70978.55081619738
3588,train,18000,9348.355125111073,8651.644874888927
548,train,8000,30977.56422180951,-22977.56422180951
4586,train,37000,39178.96955182866,-2178.9695518286608
1443,train,55000,47391.79073472076,7608.209265279242
2807,train,15000,15801.470326820245,-801.4703268202447
4167,train,85000,65849.85373670289,19150.14626329711
73,train,6500,8788.423496741621,-2288.4234967416214
2498,train,25000,12949.018177513122,12050.981822486878
2679,train,35000,26339.27232898053,8660.727671019471
980,train,40000,64555.92746859067,-24555.92746859067
1532,train,50000,34724.036040309125,15275.963959690875
2128,train,13000,15738.026807086095,-2738.026807086095
971,train,130000,127238.62372443182,2761.376275568182
4013,train,27000,27917.74309655043,-917.7430965504318
195,train,6000,8821.071576747181,-2821.071576747181
260,train,25000,41310.476499711884,-16310.476499711884
1224,train,60000,45965.23556210885,14034.76443789115
162,train,3500,3530.802318709152,-30.802318709152132
651,train,17500,21488.769482820426,-3988.7694828204258
3584,train,22000,18192.481775230877,3807.5182247691228
3900,train,23382,23781.100934375252,-399.1009343752521
3998,train,18000,18639.133943525132,-639.133943525132
4390,train,20000,15595.94877338563,4404.0512266143705
2935,train,14000,27140.072039093207,-13140.072039093207
686,train,160000,127058.04258753247,32941.95741246753
1668,train,15000,20170.304908108596,-5170.304908108596
2666,train,8500,11575.491137384814,-3075.4911373848136
3490,train,8500,11586.970396715886,-3086.9703967158857
3032,train,150000,61628.598224395115,88371.40177560489
4047,train,45000,44537.04193927907,462.9580607209282
1342,train,18000,15211.2578621671,2788.7421378329
1348,train,140000,58290.39187799412,81709.60812200588
902,train,8000,27746.251859054122,-19746.251859054122
3314,train,22000,15296.81349675768,6703.186503242319
913,train,21000,25975.651622779744,-4975.651622779744
2574,train,45000,27627.353695855025,17372.646304144975
1293,train,33000,32422.191802907662,577.8081970923377
4228,train,16000,11788.147997175349,4211.852002824651
153,train,20000,16361.31186610847,3638.68813389153
2974,train,9000,8572.85921081278,427.14078918722043
4656,train,20000,11208.213507424183,8791.786492575817
586,train,38000,38300.27515763398,-300.2751576339797
3492,train,11000,11585.543867000382,-585.5438670003823
1207,train,40000,27946.64698705904,12053.35301294096
1450,train,14000,20383.537074167216,-6383.537074167216
3639,train,10000,12837.87197903204,-2837.8719790320392
4578,train,15000,19216.884733300943,-4216.8847333009435
3344,train,8500,8247.278213093532,252.72178690646797
3847,train,40000,74505.63902477958,-34505.63902477958
4024,train,15000,14492.332636765082,507.6673632349175
3671,train,11000,10724.638196350432,275.3618036495682
3226,train,38000,30958.250651621656,7041.749348378344
829,train,75000,46439.452890044944,28560.547109955056
1133,train,45000,96573.54158758992,-51573.54158758992
2737,train,13000,9366.217671474236,3633.7823285257637
4115,train,18000,12888.628266475871,5111.371733524129
3548,train,8500,11158.339498148818,-2658.339498148818
997,train,39000,38732.09115465466,267.9088453453369
276,train,5000,7260.800320367971,-2260.800320367971
601,train,70000,84683.43902009825,-14683.439020098245
3203,train,80000,55735.000091301794,24264.999908698206
2360,train,6000,9164.180753474135,-3164.1807534741347
3912,train,25000,18091.953579456258,6908.046420543742
2293,train,9000,6347.593899138615,2652.4061008613853
1745,train,5500,8376.062780109316,-2876.062780109316
11,train,5000,6430.684033482044,-1430.6840334820436
3476,train,13000,9377.746280983996,3622.2537190160037
1420,train,75000,55558.44858623684,19441.55141376316
554,train,23000,30323.656129143437,-7323.656129143437
1268,train,43000,54776.58831217198,-11776.588312171982
4671,train,18000,20466.23695241047,-2466.236952410469
1643,train,20000,19471.469501191263,528.5304988087373
4327,train,7000,13411.122536955858,-6411.122536955858
2515,train,85000,35245.6587957902,49754.3412042098
2941,train,10000,7661.135614307678,2338.864385692322
948,train,45000,51316.22394707814,-6316.223947078142
3379,train,12500,10397.860896531552,2102.1391034684475
1480,train,680000,380117.68814780324,299882.31185219676
3464,train,22000,27862.196593097608,-5862.196593097608
2125,train,20000,16953.827177539446,3046.172822460554
2285,train,24000,17560.881104129407,6439.118895870593
1315,train,40000,49951.660885835816,-9951.660885835816
983,train,110000,122081.35753206426,-12081.357532064256
3387,train,15000,15108.389289526633,-108.38928952663264
2814,train,70000,39792.34832637154,30207.65167362846
2780,train,33000,21621.72463367379,11378.275366326208
2771,train,9000,11802.175040778,-2802.175040778
2017,train,15000,6822.814937240588,8177.185062759412
2152,train,75000,47463.53905711686,27536.46094288314
3109,train,75000,55295.61114569509,19704.38885430491
3363,train,12000,12364.88292787104,-364.88292787104
1366,train,90000,100969.0082511752,-10969.008251175197
414,train,8500,7471.211061268688,1028.7889387313116
2658,train,29000,47288.38081376495,-18288.380813764947
2137,train,13000,16540.48657634125,-3540.486576341249
1033,train,400000,202419.9419642894,197580.0580357106
2549,train,10000,18072.145978809473,-8072.145978809473
950,train,160000,120921.6774347074,39078.322565292605
4004,train,9000,6563.043096013875,2436.9569039861253
4113,train,9000,12273.011630033165,-3273.0116300331647
1208,train,52000,44620.72977606061,7379.270223939391
1014,train,44000,62656.40864986219,-18656.40864986219
4080,train,18000,21077.8575262003,-3077.8575262002996
2398,train,350000,53804.964310710086,296195.0356892899
2420,train,13000,10255.708956871158,2744.291043128842
4231,train,10000,10168.918638612251,-168.91863861225102
113,train,12000,12921.87789767947,-921.8778976794692
2500,train,22000,23905.668650827865,-1905.6686508278653
2489,train,8000,12921.224146140823,-4921.224146140823
809,train,55000,54157.63821902927,842.3617809707284
1447,train,170000,213696.87917479157,-43696.87917479157
835,train,40000,32604.778533815268,7395.221466184732
3232,train,7000,5743.029391191277,1256.9706088087232
3596,train,9800,13894.471202343027,-4094.4712023430275
4083,train,14000,12966.229912658646,1033.7700873413542
3160,train,12000,10072.812306749118,1927.1876932508821
27,train,6000,10569.475388844865,-4569.475388844865
4109,train,6500,8047.631958731182,-1547.6319587311818
3709,train,20000,30548.49208941057,-10548.49208941057
1949,train,22000,10887.405839070454,11112.594160929546
4039,train,17000,12925.890144129995,4074.109855870005
3719,train,12000,13368.43315398044,-1368.4331539804407
2221,train,18000,15684.773860818159,2315.226139181841
1719,train,7000,6560.839642597728,439.160357402272
3381,train,16000,14037.215532995902,1962.7844670040977
1971,train,10000,10640.720916042868,-640.7209160428683
2306,train,8000,8775.476884767591,-775.4768847675914
2110,train,8500,17087.19461144306,-8587.194611443061
3297,train,29000,31508.610929718037,-2508.6109297180374
4051,train,15000,12572.689130583058,2427.3108694169423
2681,train,30000,54425.80338018381,-24425.80338018381
3019,train,8000,9614.52951272771,-1614.5295127277095
2189,train,28000,36511.83009030087,-8511.830090300871
3767,train,6000,7389.695191251347,-1389.6951912513468
294,train,10000,11528.710919177933,-1528.7109191779327
115,train,14000,10769.274986417928,3230.7250135820723
4016,train,10000,11212.2112357037,-1212.2112357037004
2447,train,5500,6480.247446111458,-980.247446111458
2037,train,10000,6314.150297163488,3685.849702836512
3930,train,20000,21553.075044643836,-1553.075044643836
4362,train,13000,12904.196335450353,95.80366454964678
3799,train,15000,14329.882847033292,670.1171529667081
1029,train,180000,156561.97786744163,23438.02213255837
88,train,6500,7853.299029608581,-1353.299029608581
900,train,180000,144531.339032456,35468.66096754401
1309,train,85000,54478.87549056487,30521.124509435132
4065,train,8000,14483.574033112343,-6483.574033112343
2147,train,39000,47339.276383664226,-8339.276383664226
3509,train,110000,36016.53562942534,73983.46437057466
1371,train,49000,51543.391305761594,-2543.3913057615937
552,train,14000,18376.798737975852,-4376.798737975852
1692,train,10000,8612.521000728842,1387.4789992711576
989,train,150000,137757.56976472022,12242.430235279782
3361,train,16000,21068.52284675703,-5068.5228467570305
646,train,80000,37621.07215778879,42378.92784221121
2243,train,4700,6203.3941810533925,-1503.3941810533925
2058,train,12000,15015.369329968105,-3015.3693299681054
1591,train,8000,7755.9623707734845,244.0376292265155
3728,train,10000,11821.739095132501,-1821.7390951325015
4171,train,10000,14132.41341701151,-4132.41341701151
2591,train,30000,27171.422571134495,2828.5774288655048
4621,train,11500,12488.45979180618,-988.4597918061809
739,train,65000,65981.77099740332,-981.7709974033205
4169,train,14000,12359.627293698224,1640.372706301776
3806,train,5000,7443.792781214513,-2443.7927812145126
1108,train,24000,28834.579279436428,-4834.579279436428
2849,train,25000,15621.989041589783,9378.010958410217
4660,train,140000,139752.56175437054,247.4382456294552
726,train,150000,126261.31637598621,23738.683624013793
2070,train,8000,11091.185535962893,-3091.1855359628935
2543,train,6000,9944.343528645517,-3944.343528645517
4238,train,8500,16064.834860809708,-7564.834860809708
4249,train,12000,7927.912104563457,4072.0878954365426
3469,train,9000,14002.541271954875,-5002.541271954875
2851,train,14000,10700.284799709443,3299.715200290557
2151,train,17500,24171.977649905068,-6671.977649905068
2395,train,11000,22668.40885873004,-11668.40885873004
2547,train,45000,33204.515302033244,11795.484697966756
1640,train,15000,16871.15120776103,-1871.1512077610314
3770,train,16000,20134.976353324066,-4134.976353324066
4212,train,12500,11714.85454905943,785.1454509405703
3935,train,18000,15203.8496052384,2796.1503947616
400,train,6000,8518.451924362062,-2518.4519243620616
59,train,8500,12743.59742265475,-4243.59742265475
563,train,40000,54946.55547108954,-14946.555471089538
3890,train,10500,8872.611936627956,1627.3880633720437
775,train,36000,44249.55892304959,-8249.55892304959
1737,train,6000,7199.788276397471,-1199.7882763974712
4359,train,95000,65948.10577234084,29051.894227659155
1454,train,55000,47225.46955145537,7774.530448544632
2785,train,23000,15042.788339494364,7957.211660505636
2980,train,90000,51672.812148436555,38327.187851563445
1652,train,15000,14459.438001861925,540.5619981380751
4576,train,15000,13528.420135542718,1471.5798644572824
2779,train,20000,29943.65069933922,-9943.650699339221
3425,train,14000,13403.656754434787,596.3432455652128
4674,train,19000,14400.831195282193,4599.168804717807
2898,train,11000,10692.692511676967,307.3074883230329
2604,train,21000,37387.31400342274,-16387.31400342274
523,train,25000,14609.142574652109,10390.857425347891
3409,train,20000,15733.110556997257,4266.889443002743
2141,train,15000,19676.44284860214,-4676.442848602139
4720,train,13000,12550.148361110725,449.8516388892749
1086,train,200000,89094.4076795225,110905.5923204775
286,train,12000,8103.989691609343,3896.010308390657
1992,train,8500,16634.02315025204,-8134.02315025204
1841,train,12000,13111.571550021186,-1111.5715500211863
2282,train,6500,7412.93534328125,-912.9353432812504
1416,train,75000,90626.00718686357,-15626.007186863571
1452,train,7000,16791.620001486986,-9791.620001486986
4055,train,25000,17156.319949676712,7843.680050323288
2766,train,10000,9951.082371429216,48.91762857078356
967,train,32000,39710.25037672492,-7710.250376724922
4135,train,14000,21068.395288465206,-7068.395288465206
2975,train,9000,14664.984499516597,-5664.984499516597
2683,train,13000,16577.9472939436,-3577.947293943598
3347,train,7000,6258.061771224903,741.9382287750968
650,train,250000,386008.71023245924,-136008.71023245924
1650,train,6000,5439.294922935719,560.7050770642809
4727,train,15000,20272.808092690102,-5272.808092690102
3669,train,13500,7742.159895100043,5757.840104899957
5,train,7000,7272.701257117046,-272.7012571170462
2294,train,7500,16265.73830880964,-8765.73830880964
4438,train,7000,9705.767680241212,-2705.7676802412116
58,train,7000,8850.046245003234,-1850.0462450032337
2649,train,7000,10675.659399752416,-3675.659399752416
754,train,29999,31148.538554168572,-1149.5385541685719
3522,train,15000,8656.363169380016,6343.636830619984
4310,train,9000,7497.142727922075,1502.8572720779248
2101,train,18000,18681.342880999637,-681.3428809996367
3321,train,20000,32121.881544143183,-12121.881544143183
1406,train,45000,62745.62418660868,-17745.62418660868
2511,train,45000,30916.89967992828,14083.10032007172
26,train,5300,7104.651148142723,-1804.6511481427233
4043,train,12000,10904.395905859354,1095.6040941406463
4026,train,20000,12540.75629249511,7459.243707504889
1843,train,15000,17287.53031412637,-2287.5303141263685
315,train,8000,13755.13749667281,-5755.137496672811
3489,train,15000,13746.2321914988,1253.7678085011994
660,train,47000,55482.091425984894,-8482.091425984894
2593,train,19500,12438.21137626632,7061.788623733681
325,train,14000,11585.264354585806,2414.7356454141936
4481,train,15000,17399.757403523552,-2399.757403523552
1394,train,12000,11635.51091080902,364.48908919097994
1233,train,55000,62407.81696150756,-7407.81696150756
4651,train,22000,36572.12540064212,-14572.125400642122
2710,train,16500,12597.896198839597,3902.1038011604032
1189,train,12500,18242.88213955823,-5742.882139558231
678,train,32000,22564.34638715229,9435.65361284771
536,train,49000,22316.546354397615,26683.453645602385
2829,train,20000,18074.338821349997,1925.6611786500034
2914,train,150000,118819.00757426448,31180.992425735516
2336,train,120000,36998.41899863938,83001.58100136061
1002,train,190000,160771.25539841768,29228.744601582323
2578,train,12000,14484.007481630078,-2484.0074816300785
2854,train,10000,9007.818343779036,992.1816562209642
4573,train,6500,10853.913913395558,-4353.913913395558
4244,train,6000,11596.1212378705,-5596.1212378705
2067,train,30000,54102.11538656834,-24102.115386568337
2225,train,110000,54188.619227795716,55811.380772204284
49,train,15000,14357.509907310026,642.4900926899736
2540,train,15000,12549.334442898597,2450.6655571014035
3994,train,9000,7325.831561286554,1674.1684387134464
3510,train,8500,5287.961200875094,3212.0387991249063
2983,train,15000,17468.762961067085,-2468.7629610670847
1421,train,350000,86619.47497007315,263380.52502992685
4399,train,55000,22355.838537251333,32644.161462748667
460,train,12500,10885.288915602381,1614.7110843976188
2759,train,15000,10476.596684886146,4523.403315113854
3120,train,8500,26878.762311329556,-18378.762311329556
2481,train,150000,81550.65218878891,68449.34781121109
3915,train,6500,6630.262488069618,-130.26248806961758
2199,train,19500,14949.144477971782,4550.855522028218
4112,train,12000,13025.620313640567,-1025.6203136405675
3042,train,30000,31032.134740110036,-1032.1347401100356
3327,train,13000,14840.492844002769,-1840.4928440027688
3292,train,14000,12144.260010987635,1855.7399890123652
3182,train,20000,15287.452357780092,4712.547642219908
1869,train,15000,21240.598175733634,-6240.598175733634
3368,train,10000,11703.322577580353,-1703.322577580353
2469,train,45000,14087.74150496572,30912.25849503428
119,train,14000,15178.716913906681,-1178.716913906681
3730,train,19397,20442.27032875414,-1045.2703287541408
367,train,21000,16307.75512700287,4692.244872997129
1986,train,17000,8322.193436956793,8677.806563043207
1912,train,9300,9829.418289149658,-529.4182891496584
3651,train,8000,9410.421863571943,-1410.4218635719426
2099,train,8000,9223.661539600844,-1223.6615396008438
116,train,5000,3759.0033947525294,1240.9966052474706
3958,train,50000,44277.025913763326,5722.974086236674
3111,train,6500,7118.137699358859,-618.1376993588592
3521,train,30000,30961.793805385805,-961.7938053858052
3865,train,10677,13352.87096436565,-2675.8709643656493
4626,train,45000,43790.03449216044,1209.965507839559
649,train,18000,26462.854801621514,-8462.854801621514
1519,train,54000,43511.2638568679,10488.736143132097
3697,train,12000,17142.17280304606,-5142.172803046062
1081,train,300000,207405.980614653,92594.019385347
2211,train,12000,17427.00057066986,-5427.000570669861
3372,train,16500,29268.153975292927,-12768.153975292927
1391,train,27000,43474.36418903433,-16474.364189034328
1811,train,23000,15927.396608690304,7072.603391309696
2063,train,12500,8180.161065138359,4319.838934861641
3467,train,10000,22392.636784739854,-12392.636784739854
4198,train,15000,13644.105052333376,1355.894947666624
2156,train,12000,16709.68000548029,-4709.680005480292
3570,train,15000,21094.934795990575,-6094.934795990575
1654,train,10000,13849.401592704291,-3849.401592704291
4056,train,36000,23121.960429919898,12878.039570080102
615,train,60000,39856.3349962204,20143.6650037796
4314,train,19500,16226.732186113093,3273.267813886907
4687,train,30000,85247.75771912516,-55247.75771912516
3946,train,12500,14396.316432759812,-1896.3164327598115
3043,train,10000,11814.53702381881,-1814.5370238188098
509,train,6000,7939.5064988815875,-1939.5064988815875
4424,train,35000,25294.340373461648,9705.659626538352
3173,train,10000,13253.87756268446,-3253.87756268446
1357,train,75000,119777.33870993253,-44777.338709932534
947,train,40000,50641.1342305745,-10641.134230574498
912,train,100000,28971.488883632384,71028.51111636762
532,train,130000,199295.31815181536,-69295.31815181536
3342,train,18999,18881.278704347144,117.7212956528565
3055,train,6000,8744.454182143589,-2744.4541821435887
1688,train,22000,21817.114023633058,182.8859763669425
3034,train,15000,13322.711657142909,1677.2883428570913
2947,train,12000,13451.458870184177,-1451.4588701841767
447,train,12000,14732.506839272915,-2732.5068392729154
3542,train,17000,16149.849037438193,850.1509625618073
3918,train,12500,18358.827433362138,-5858.8274333621375
2611,train,20500,34383.57821057829,-13883.578210578293
624,train,150000,201814.48498201178,-51814.48498201178
87,train,22000,17374.513762096805,4625.486237903195
1612,train,13500,13258.022632721155,241.97736727884512
1906,train,160000,92996.53457115882,67003.46542884118
3700,train,160000,51548.41785558392,108451.58214441608
2691,train,14500,16412.425922779104,-1912.4259227791044
2424,train,27000,27602.480651400696,-602.4806514006959
789,train,180000,134010.25845525094,45989.741544749064
2932,train,10000,12364.90491948862,-2364.9049194886193
1536,train,15000,13046.509770272653,1953.4902297273475
4152,train,120000,63505.95511034115,56494.04488965885
1050,train,30000,37437.27662911073,-7437.276629110733
4698,train,25000,12799.550917294904,12200.449082705096
4464,train,6500,8471.095360495568,-1971.0953604955685
2337,train,7000,7766.680945389229,-766.6809453892292
864,train,18000,25567.08713769562,-7567.08713769562
2000,train,32000,11131.306089926418,20868.693910073584
2784,train,10000,18700.962282816723,-8700.962282816723
4162,train,7000,9052.136789372771,-2052.136789372771
382,train,6500,8239.209565936055,-1739.2095659360548
2086,train,17500,12870.16488619189,4629.835113808111
1712,train,14000,14511.784566102831,-511.7845661028314
68,train,6500,9291.768088057197,-2791.768088057197
1863,train,20000,23054.658657514872,-3054.658657514872
2159,train,12000,14177.510565972718,-2177.510565972718
1601,train,55000,46303.42286638756,8696.577133612438
4040,train,9000,11177.50857154945,-2177.5085715494497
926,train,77500,69354.73376914556,8145.266230854439
4272,train,45000,48703.03839029155,-3703.038390291549
602,train,150000,119890.48088237486,30109.51911762514
77,train,5000,7089.319335739268,-2089.3193357392684
2315,train,7000,7258.482092479227,-258.4820924792266
478,train,18000,15464.193460707724,2535.8065392922763
3266,train,35000,27750.438225730948,7249.561774269052
2188,train,12500,13024.33485171446,-524.3348517144605
4708,train,20000,20718.237163090933,-718.2371630909329
4711,train,17000,14116.781941606041,2883.218058393959
1785,train,9000,10337.420808480629,-1337.4208084806287
371,train,7000,10793.604978531046,-3793.604978531046
1392,train,26000,18108.931144277405,7891.068855722595
1316,train,650000,517273.1696616476,132726.83033835242
3242,train,15000,19599.013280469968,-4599.013280469968
1695,train,56000,47045.673607389566,8954.326392610434
2399,train,16000,12772.279220757844,3227.720779242156
895,train,45000,42071.78468388475,2928.215316115253
1827,train,10000,12574.35522947483,-2574.3552294748297
4015,train,13000,11814.478648858812,1185.5213511411876
1749,train,15000,17349.18500915111,-2349.1850091511114
2309,train,12500,9983.06610877169,2516.933891228309
1799,train,6500,7777.114722466814,-1277.1147224668139
3239,train,10000,7790.649815168539,2209.350184831461
2123,train,25000,20102.399401286617,4897.600598713383
1217,train,58000,66361.6707136556,-8361.670713655607
283,train,10000,8236.870114906174,1763.1298850938256
133,train,4700,5214.831024627349,-514.8310246273486
1855,train,8000,7978.724346868609,21.275653131390754
3959,train,40000,37427.1163067166,2572.883693283402
908,train,32000,42870.19242687284,-10870.19242687284
2826,train,20000,18625.296068923453,1374.7039310765467
731,train,40000,31925.465972200338,8074.534027799662
3224,train,12000,14240.24834139696,-2240.2483413969603
3606,train,12000,9293.172584260068,2706.827415739932
1969,train,18000,17626.746409729672,373.25359027032755
3434,train,20000,18854.170862346342,1145.829137653658
3450,train,5000,7348.742975198146,-2348.7429751981463
4665,train,14000,11140.946356413098,2859.0536435869017
2036,train,12000,7664.795199397042,4335.204800602958
4350,train,26000,18054.603027875477,7945.396972124523
4068,train,8000,8755.536023608985,-755.5360236089855
888,train,35000,42855.60805495814,-7855.608054958138
1283,train,21000,24301.372945212617,-3301.372945212617
4636,train,12000,11599.410178255108,400.5898217448921
15,train,40000,20986.185244400305,19013.814755599695
1000,train,25000,18839.343049092848,6160.656950907152
3205,train,23000,20898.966901018142,2101.0330989818576
4099,train,5400,6824.627226298378,-1424.6272262983784
403,train,5000,5781.887526322144,-781.8875263221444
847,train,300000,477863.9793601526,-177863.97936015262
2445,train,23000,10924.197525117737,12075.802474882263
1669,train,11500,8033.733709904419,3466.266290095581
4445,train,6000,5600.776067082774,399.2239329172262
350,train,5500,8222.924843952329,-2722.924843952329
278,train,6500,5562.017860119045,937.9821398809554
375,train,9900,9861.364196988936,38.63580301106413
3620,train,45000,30216.69128120103,14783.30871879897
358,train,12000,9946.06733052427,2053.932669475729
644,train,55000,41988.045812208904,13011.954187791096
617,train,84500,92142.76048937449,-7642.7604893744865
1655,train,21000,18154.332061877576,2845.667938122424
2961,train,40000,23837.81686294006,16162.18313705994
3090,train,15000,20333.653114415203,-5333.653114415203
2317,train,11000,10931.919418107349,68.08058189265103
3508,train,6800,5720.120453673065,1079.8795463269353
879,train,28000,39531.98716596296,-11531.987165962957
2942,train,35000,26169.481695049697,8830.518304950303
3216,train,7000,7212.063913750717,-212.0639137507169
2731,train,18000,25096.89888376794,-7096.898883767939
4227,train,12000,16616.270975467833,-4616.270975467833
3275,train,23000,29042.349087879604,-6042.349087879604
4440,train,9000,12655.880003289838,-3655.880003289838
3670,train,26000,17940.961875610366,8059.038124389634
2577,train,25000,33307.129857469154,-8307.129857469154
2038,train,25000,21759.025742647726,3240.9742573522744
4447,train,21000,12843.309030987599,8156.690969012401
407,train,35000,23400.345870597353,11599.654129402647
3996,train,8000,11870.798690828875,-3870.798690828875
1730,train,29000,31725.471599593784,-2725.471599593784
387,train,6000,6980.245875963402,-980.2458759634019
1781,train,20000,24688.551254935464,-4688.551254935464
3702,train,6000,6987.227957556607,-987.2279575566072
4683,train,8000,13442.146090893135,-5442.146090893135
2510,train,11500,12370.045020736827,-870.0450207368267
1764,train,4500,8187.589557713501,-3687.5895577135007
4419,train,6000,7145.644711738217,-1145.6447117382168
474,train,7000,9176.124104818917,-2176.1241048189167
3339,train,12000,6463.349667220062,5536.650332779938
2235,train,12000,14256.419140840793,-2256.4191408407933
1042,train,14000,13892.851086759194,107.148913240806
3828,train,70000,55549.258333738006,14450.741666261994
3093,train,15000,15791.436786411601,-791.4367864116011
738,train,55100,62331.24625351701,-7231.2462535170125
2412,train,20000,12500.201469006213,7499.798530993787
3810,train,28000,13987.830271736848,14012.169728263152
273,train,15000,7214.272371346491,7785.727628653509
4693,train,12000,14175.315100788459,-2175.315100788459
4384,train,13000,20605.603987487684,-7605.603987487684
1458,train,27000,23745.711532192945,3254.288467807055
943,train,15000,38541.24971422407,-23541.249714224068
3194,train,16000,14331.84813107259,1668.1518689274108
1664,train,20000,19573.35606820005,426.6439317999502
134,train,14000,8104.517352068093,5895.482647931907
3236,train,7000,6018.769958779515,981.230041220485
1171,train,54000,39669.370156127145,14330.629843872855
1818,train,10000,17316.720608945634,-7316.720608945634
413,train,6800,8626.95330513829,-1826.9533051382896
1273,train,65000,83156.43425225673,-18156.43425225673
2266,train,15000,13519.844761073364,1480.1552389266362
511,train,5000,7214.564847119878,-2214.5648471198783
2966,train,18000,14146.263033382402,3853.7369666175982
3171,train,11500,13858.899963328577,-2358.8999633285766
569,train,65000,60270.96251255023,4729.037487449772
524,train,70000,83680.6369063474,-13680.636906347398
3646,train,12000,14998.618999196677,-2998.6189991966767
1966,train,10000,9274.308818242407,725.6911817575929
4205,train,7500,12185.28076886678,-4685.28076886678
2981,train,200000,124297.65435079653,75702.34564920347
825,train,55000,84132.45835430703,-29132.458354307033
2595,train,25000,12645.22877075954,12354.77122924046
3992,train,9500,14336.423158578431,-4836.423158578431
2638,train,45000,46397.85592691084,-1397.8559269108373
3276,train,11000,11643.202955698545,-643.2029556985453
394,train,8500,10880.157718482787,-2380.1577184827875
81,train,8200,6094.070279712089,2105.9297202879106
3975,train,10000,9837.887306726952,162.11269327304763
3049,train,15000,13773.077081771973,1226.922918228027
1615,train,12000,14202.954656911888,-2202.9546569118884
72,train,16000,14764.391979416794,1235.6080205832059
2716,train,8000,9481.995364276785,-1481.995364276785
3047,train,30000,27492.164093908934,2507.835906091066
2087,train,6500,8612.58625916247,-2112.58625916247
2971,train,12000,19339.31718019479,-7339.31718019479
3170,train,25000,27872.345237616013,-2872.345237616013
3878,train,13000,13337.321463291746,-337.3214632917461
1089,train,6000,10835.482287888457,-4835.482287888457
29,train,12500,11180.036386369715,1319.9636136302852
3114,train,15000,11237.642784263606,3762.357215736394
3300,train,8200,11628.847493950021,-3428.847493950021
339,train,7500,6592.090384875511,907.9096151244894
3421,train,6000,8876.986672112058,-2876.986672112058
1125,train,14000,21539.460271151387,-7539.460271151387
2072,train,8000,7952.844118726114,47.155881273885825
3616,train,17500,19736.604752101277,-2236.604752101277
1748,train,8500,6750.2448660031805,1749.7551339968195
550,train,20000,42327.05429258455,-22327.05429258455
3287,train,7000,13685.977017756773,-6685.977017756773
2205,train,280000,65669.00056080485,214330.99943919515
785,train,85000,47382.486559509096,37617.513440490904
2124,train,14000,13987.190623889153,12.809376110846642
84,train,6700,11752.684553212974,-5052.684553212974
2504,train,15000,25569.938039347526,-10569.938039347526
1633,train,20000,14614.409166776677,5385.590833223323
3073,train,75000,40596.51752276714,34403.48247723286
2743,train,530000,180096.83568178653,349903.1643182135
2761,train,50000,41099.86920563521,8900.130794364792
2181,train,9500,12536.022259942361,-3036.0222599423614
2973,train,31000,20870.378025750357,10129.621974249643
2455,train,5000,7991.917188872398,-2991.9171888723977
1163,train,40000,38719.1971490178,1280.8028509822034
2289,train,4000,5167.724397694706,-1167.7243976947057
4253,train,11000,9986.736064523928,1013.2639354760722
3515,train,17000,20323.416693643558,-3323.4166936435577
4114,train,60000,52866.847886943215,7133.152113056785
1540,train,12000,12243.857336586307,-243.8573365863067
3513,train,10000,13254.065130554713,-3254.0651305547126
4692,train,7500,10817.521227306432,-3317.5212273064317
1470,train,80000,71264.88909725618,8735.110902743821
2068,train,25000,22221.422132883985,2778.577867116015
3432,train,10500,12415.949648057058,-1915.9496480570579
679,train,150000,148606.36820101368,1393.6317989863164
2633,train,22000,15629.82220282565,6370.17779717435
2915,train,13000,21059.345241959163,-8059.345241959163
543,train,21000,29348.9529542896,-8348.952954289602
1793,train,30000,40841.03700326509,-10841.03700326509
2402,train,8000,12369.397335527303,-4369.397335527303
940,train,36000,39353.043213445155,-3353.043213445155
352,train,7000,7337.2761026039525,-337.2761026039525
1023,train,45000,49465.30336830545,-4465.303368305453
786,train,75000,60121.77180217273,14878.228197827273
1964,train,6500,5698.860450935143,801.1395490648574
3051,train,20000,13543.439076142035,6456.5609238579655
2647,train,5500,11152.11689429892,-5652.116894298921
3520,train,8000,8478.415114000562,-478.4151140005615
2866,train,8000,12097.031708704266,-4097.031708704266
4136,train,25000,24329.36618430975,670.6338156902493
1031,train,20000,21650.58687472826,-1650.5868747282584
2472,train,9000,15855.37568385843,-6855.37568385843
284,train,1500,4291.297112317084,-2791.2971123170837
3721,train,16000,23013.01696891127,-7013.01696891127
4554,train,7500,10713.924628670336,-3213.9246286703365
1667,train,14500,15177.570008574441,-677.5700085744411
2627,train,25000,18243.27207536205,6756.727924637951
2880,train,7000,6841.600187312425,158.39981268757492
2076,train,6000,10103.810727521242,-4103.810727521242
4052,train,5500,5509.224183890555,-9.224183890554741
4048,train,20000,21912.2835633538,-1912.2835633538016
3656,train,16000,18225.53988745853,-2225.53988745853
2260,train,100000,45596.84639412298,54403.15360587702
1945,train,30000,20593.6231898684,9406.376810131602
1486,train,45000,54712.68096430387,-9712.680964303872
308,train,13000,14694.007806117097,-1694.007806117097
1150,train,65000,87681.55159529267,-22681.551595292665
762,train,53500,43400.3805137232,10099.619486276802
1638,train,30000,35380.065210275374,-5380.065210275374
599,train,120000,135785.46500685677,-15785.465006856772
3005,train,20000,14707.71543350794,5292.284566492061
253,train,12000,20129.763854899626,-8129.763854899626
143,train,8000,12412.628030413549,-4412.628030413549
1738,train,16000,18599.436049818083,-2599.436049818083
2341,train,11000,12097.870709667155,-1097.870709667155
4219,train,9000,8054.325543348319,945.6744566516809
4486,train,12000,12386.86700028928,-386.86700028927953
3129,train,8500,11500.185636098093,-3000.185636098093
3388,train,7500,15349.840413527269,-7849.8404135272685
1122,train,40000,36924.166090919694,3075.8339090803056
4370,train,30000,27472.6152532893,2527.3847467107007
51,train,7500,4364.002430999068,3135.9975690009323
1770,train,10000,15997.657987655124,-5997.657987655124
3554,train,16000,12033.971403429568,3966.0285965704315
2564,train,14500,24278.345520134328,-9778.345520134328
3253,train,12000,12113.516330167155,-113.51633016715459
2319,train,60000,49669.11167589361,10330.888324106389
2254,train,17600,17014.763106098813,585.2368939011867
2910,train,13000,13033.77558248109,-33.77558248109017
2929,train,42000,43312.58847908247,-1312.5884790824712
4378,train,12000,14635.730899016082,-2635.730899016082
4351,train,8000,7889.893944964326,110.10605503567422
845,train,28000,53944.5577862498,-25944.557786249803
4130,train,12000,13732.997039480648,-1732.9970394806478
3691,train,5000,6638.018684028939,-1638.0186840289389
674,train,32000,36634.634153021194,-4634.634153021194
1959,train,10000,6592.979350345153,3407.020649654847
2752,train,7000,13076.284102424477,-6076.284102424477
1623,train,6500,7405.702894512568,-905.7028945125676
3964,train,16000,23714.32570447949,-7714.325704479488
4701,train,12500,12446.930925240562,53.06907475943808
1629,train,15000,15265.639919163657,-265.6399191636574
3085,train,16000,15471.586769979309,528.4132300206911
2354,train,17000,14231.988770250558,2768.0112297494416
4159,train,17500,18436.728696758444,-936.7286967584441
1621,train,18000,21584.82555379974,-3584.8255537997393
4614,train,9500,10623.337019338276,-1123.3370193382761
1776,train,12000,14525.47558550469,-2525.4755855046897
436,train,7000,11113.937901831487,-4113.937901831487
3384,train,16000,18228.359612225526,-2228.359612225526
732,train,180000,103148.30731176921,76851.69268823079
415,train,5000,6435.745007018539,-1435.7450070185387
3271,train,13000,12373.586446609443,626.4135533905574
993,train,200000,268920.56138387404,-68920.56138387404
2419,train,16000,22396.887777745153,-6396.887777745153
529,train,160000,34056.02237887218,125943.97762112782
1594,train,4500,8459.84597074712,-3959.8459707471193
52,train,5000,7226.548680331352,-2226.5486803313524
354,train,10000,9575.529560797375,424.47043920262513
1218,train,130000,88869.54867131876,41130.45132868124
3877,train,7000,4306.39573267717,2693.6042673228303
4282,train,7000,8197.043986779729,-1197.0439867797286
4648,train,15000,12667.08735744829,2332.9126425517097
2894,train,23000,22489.039321410928,510.9606785890719
454,train,8500,7724.830793315244,775.1692066847563
2789,train,30000,24555.787850269317,5444.212149730683
995,train,48000,31490.476920553607,16509.523079446393
2764,train,15000,16116.093293968011,-1116.0932939680115
152,train,5000,10252.901119180411,-5252.901119180411
813,train,45000,45583.54678173844,-583.5467817384415
82,train,15000,12387.404027068626,2612.5959729313745
1662,train,8000,10555.342591413471,-2555.3425914134714
2333,train,9000,14156.777958006765,-5156.777958006765
723,train,80000,95811.67674360062,-15811.67674360062
3863,train,15000,11562.651613794063,3437.3483862059365
2832,train,8000,16578.111468414965,-8578.111468414965
695,train,17000,30026.082032158163,-13026.082032158163
2844,train,28000,21572.04001760578,6427.959982394219
3760,train,8000,5429.931283708272,2570.0687162917284
4375,train,25000,27956.7664978731,-2956.766497873101
2608,train,32000,48058.611477443905,-16058.611477443905
2684,train,11000,11834.754327615823,-834.7543276158231
1007,train,39000,27466.609054181146,11533.390945818854
4354,train,10000,13077.245512166208,-3077.245512166208
1082,train,80000,43305.25180744483,36694.74819255517
2518,train,32000,20451.66788913662,11548.332110863379
1717,train,5500,8652.61943076971,-3152.6194307697097
4639,train,80000,113103.35536087111,-33103.35536087111
3910,train,5500,5048.060890688787,451.93910931121263
4328,train,16500,19515.015714502657,-3015.015714502657
3804,train,35000,30765.52842489698,4234.47157510302
1430,train,58000,54891.54850676572,3108.451493234279
3505,train,6500,5201.18233071914,1298.8176692808602
3364,train,12000,12080.530279280538,-80.5302792805378
2209,train,180000,57366.032806796764,122633.96719320324
4411,train,8000,8077.943164712733,-77.94316471273305
2231,train,11000,11992.748172521335,-992.7481725213347
2765,train,30000,15608.359520811731,14391.640479188269
2479,train,25000,29074.28132131784,-4074.2813213178415
1404,train,50000,43154.192966975876,6845.807033024124
246,train,10000,16056.124412349835,-6056.1244123498345
2711,train,100000,75359.63758503088,24640.362414969117
3541,train,10000,6386.426753647402,3613.5732463525983
1916,train,14000,13273.963663737784,726.0363362622156
2562,train,10000,9785.056847487687,214.94315251231274
2831,train,40000,21791.187427071694,18208.812572928306
513,train,10000,14611.245208095155,-4611.245208095155
397,train,6000,4477.496502126012,1522.5034978739877
581,train,28000,21846.486522589756,6153.513477410244
3311,train,280000,182699.10921246375,97300.89078753625
2130,train,24000,21560.337565447808,2439.6624345521923
3156,train,18000,18717.407825830065,-717.4078258300651
3837,train,12000,18455.77348394141,-6455.7734839414115
984,train,150000,170879.37759915,-20879.37759915
4193,train,30000,26509.614888565575,3490.385111434425
3598,train,15000,13399.214550604396,1600.7854493956038
3665,train,15000,13978.38093585173,1021.6190641482699
244,train,15000,15561.37779770435,-561.3777977043501
327,train,7000,6750.025194873901,249.97480512609945
1569,train,12000,15360.368922056658,-3360.3689220566575
4388,train,10000,14555.185296923028,-4555.185296923028
3310,train,14500,13080.115544646334,1419.8844553536655
161,train,10000,8752.332146575933,1247.6678534240673
2198,train,7500,10375.783603679649,-2875.783603679649
3913,train,23000,11471.835940220439,11528.164059779561
1180,train,25000,26394.668070473665,-1394.6680704736646
4111,train,12000,14214.103324190857,-2214.103324190857
1350,train,21000,19904.41091537917,1095.5890846208313
4575,train,17500,16209.498319946277,1290.5016800537232
1794,train,120000,53551.04187525234,66448.95812474766
2859,train,40000,28631.72817913754,11368.271820862461
3161,train,16000,12846.409389621422,3153.5906103785783
368,train,5000,4547.949102295392,452.05089770460836
4524,train,7500,12934.203643372057,-5434.203643372057
3686,train,25000,24169.819064544474,830.1809354555262
1697,train,25000,17717.969952745338,7282.030047254662
3358,train,4200,6974.469470539709,-2774.4694705397087
4147,train,20000,23846.25831629858,-3846.2583162985793
3579,train,18000,17489.011416096444,510.988583903556
3472,train,7000,15226.763284420509,-8226.763284420509
4145,train,10500,13777.68591145205,-3277.6859114520503
4103,train,14000,13165.42538055226,834.5746194477397
18,train,11000,10541.341031765973,458.65896823402727
2256,train,8000,11081.312327411015,-3081.312327411015
2561,train,15000,12448.307924649425,2551.6920753505747
498,train,10500,13952.438481950612,-3452.438481950612
199,train,24000,12949.240989276506,11050.759010723494
1339,train,46700,39494.954679084985,7205.045320915015
657,train,160000,152433.40620588604,7566.593794113956
3893,train,14000,19391.78266937297,-5391.782669372969
2907,train,40000,32460.30070592467,7539.69929407533
139,train,15000,12776.724042779362,2223.275957220638
3739,train,13500,14518.292995513384,-1018.2929955133841
518,train,5000,5701.518119921057,-701.5181199210574
1057,train,45000,39173.012886475364,5826.987113524636
4216,train,45000,44511.392448766564,488.6075512334355
3797,train,25000,19654.24885387334,5345.751146126659
3648,train,11000,12610.142250238061,-1610.142250238061
958,train,50000,105311.93672430201,-55311.93672430201
1620,train,11000,8882.029522884926,2117.9704771150737
430,train,5000,6324.293048668358,-1324.293048668358
734,train,140000,216335.21122875932,-76335.21122875932
1865,train,20000,22907.04595743265,-2907.0459574326487
2664,train,30000,52216.18810649063,-22216.188106490627
3833,train,12000,13109.981857754165,-1109.9818577541646
440,train,8000,8647.176138382252,-647.1761383822522
4387,train,9000,11862.121069953826,-2862.121069953826
2720,train,9000,8823.361090970446,176.63890902955427
2707,train,70000,83642.78398028239,-13642.783980282387
4174,train,25000,21752.04763239145,3247.9523676085482
4363,train,12000,13357.44763248856,-1357.44763248856
974,train,98000,168556.93850068512,-70556.93850068512
3488,train,17000,28030.929975591,-11030.929975591
3461,train,25000,28826.74840878972,-3826.748408789721
3264,train,14000,13405.9128133263,594.0871866736998
918,train,75000,41830.37422865028,33169.62577134972
3812,train,14000,11925.966892585562,2074.033107414438
2956,train,52000,21205.61646439619,30794.38353560381
2551,train,8000,10266.801240742703,-2266.801240742703
1541,train,7000,7178.373410752203,-178.3734107522032
3048,train,13000,13843.274770820984,-843.2747708209845
4676,train,10000,11445.959159580101,-1445.9591595801012
1191,train,55000,59052.61663176979,-4052.6166317697935
402,train,9000,8099.320423695246,900.6795763047539
4645,train,5000,5639.614643825012,-639.6146438250116
1646,train,8000,8913.360623768645,-913.3606237686454
4525,train,25000,26895.574307503015,-1895.574307503015
3605,train,17000,16815.137518690364,184.86248130963577
2485,train,17000,25569.938039347526,-8569.938039347526
4049,train,16000,12380.062545741775,3619.9374542582245
3366,train,15723,20069.961342055703,-4346.961342055703
1514,train,17000,14257.24020401758,2742.7597959824197
1626,train,13000,10224.044663658611,2775.955336341389
2252,train,4750,5528.345403962062,-778.3454039620619
357,train,7000,6812.67851297373,187.32148702627
4069,train,15000,23433.180297781313,-8433.180297781313
2572,train,200000,51594.43756698318,148405.56243301684
4661,train,65000,46406.471400127186,18593.528599872814
2976,train,27000,28037.184080588097,-1037.1840805880965
2136,train,8500,10181.749230018057,-1681.7492300180566
177,train,4000,8674.442289503722,-4674.442289503722
1325,train,26000,26984.893097230448,-984.8930972304479
1008,train,190000,156630.52522737737,33369.474772622634
2778,train,25000,21461.147158198353,3538.8528418016467
4547,train,7500,5947.638082395019,1552.3619176049806
3369,train,3000,5698.7567526806,-2698.7567526805997
166,train,8000,12412.690778182277,-4412.690778182277
2030,train,15000,25808.443517292322,-10808.443517292322
3459,train,15000,16821.08760883073,-1821.0876088307305
2034,train,22000,15921.073482182645,6078.9265178173555
101,train,35000,38482.06203672486,-3482.062036724863
882,train,75000,39345.45256824915,35654.54743175085
2573,train,20000,22144.593615503232,-2144.5936155032323
2265,train,7500,9376.424398945284,-1876.4243989452843
1239,train,100000,49623.56694164646,50376.43305835354
3816,train,18000,14244.437047072866,3755.5629529271337
4276,train,19000,12479.809340096866,6520.190659903134
4637,train,14500,13793.057026676845,706.9429733231555
1009,train,84000,102385.15247325342,-18385.152473253416
3867,train,32500,34336.05693914605,-1836.0569391460522
3267,train,8000,11572.261041110783,-3572.2610411107835
870,train,20000,23950.971123398318,-3950.971123398318
90,train,18000,17311.265252048266,688.7347479517339
2311,train,26000,28617.20653868859,-2617.2065386885915
2049,train,4300,6662.788116062792,-2362.788116062792
3906,train,11000,9896.845356128264,1103.154643871736
2796,train,10000,20497.434744032762,-10497.434744032762
34,train,22000,11456.30006320338,10543.69993679662
793,train,19000,15234.151535952307,3765.8484640476927
780,train,61000,71440.09753670637,-10440.097536706366
3675,train,24000,15504.331670884327,8495.668329115673
2075,train,140000,137809.4406074958,2190.5593925041903
1121,train,57000,146186.8939380835,-89186.89393808349
972,train,25000,29801.041925695496,-4801.041925695496
3880,train,9500,13743.96043212487,-4243.96043212487
1844,train,35000,37208.561024837596,-2208.561024837596
2288,train,8500,8766.348217468161,-266.34821746816124
3664,train,8500,11771.60257548029,-3271.6025754802904
2598,train,12000,12077.55195695661,-77.5519569566095
1405,train,29000,27592.141782291303,1407.8582177086973
4405,train,15000,25225.445460596377,-10225.445460596377
2162,train,9000,8706.558100656452,293.44189934354836
1041,train,75000,65193.71933213059,9806.28066786941
3980,train,300000,54265.70128963342,245734.2987103666
2884,train,9000,17984.176885143,-8984.176885142999
314,train,7000,8038.371801463257,-1038.3718014632568
1164,train,45000,45901.82693308564,-901.8269330856419
1990,train,16000,15834.718637336016,165.2813626639836
4602,train,13000,14084.909952843462,-1084.9099528434617
1831,train,9000,5767.315757836663,3232.6842421633373
54,train,11000,11312.00740071642,-312.0074007164203
1272,train,330000,149340.95672849848,180659.04327150152
2196,train,16000,17617.051130238146,-1617.0511302381456
2742,train,40000,36709.59364948716,3290.4063505128433
1788,train,7000,6686.852447359794,313.1475526402064
3235,train,6500,8475.054104095772,-1975.0541040957723
2476,train,35000,41572.718850599325,-6572.718850599325
3157,train,9500,12204.016699079904,-2704.0166990799044
2566,train,24000,22539.334350084922,1460.6656499150777
3279,train,100000,80735.5821715165,19264.417828483507
3731,train,12000,13691.229798853357,-1691.2297988533574
3986,train,10000,12505.03108328003,-2505.0310832800296
1696,train,43000,43505.139400410946,-505.1394004109461
1464,train,25000,20797.24023598684,4202.759764013161
1203,train,27000,31194.695642812687,-4194.695642812687
2634,train,4500,9052.421146220298,-4552.421146220298
3262,train,5250,5667.2165860816585,-417.21658608165853
2822,train,6500,11277.648169063463,-4777.648169063463
2891,train,55000,50555.73835329975,4444.261646700252
1533,train,7000,8136.989276293687,-1136.989276293687
3822,train,11500,8835.717227838846,2664.282772161154
1926,train,20000,20390.00094817725,-390.0009481772504
1753,train,20000,26903.121338439552,-6903.121338439552
3525,train,40000,25220.15072908333,14779.849270916671
1498,train,61500,75512.734479075,-14012.734479075007
1807,train,15000,12609.546211464982,2390.4537885350182
3989,train,9000,10861.22989077911,-1861.22989077911
3050,train,12000,13853.46714746085,-1853.4671474608494
3283,train,18000,15386.862625685644,2613.137374314356
2991,train,25000,25327.782488944777,-327.78248894477656
4307,train,36000,16789.557383942018,19210.442616057982
2229,train,11500,11113.26657734348,386.7334226565199
242,train,7500,7844.623567469741,-344.6235674697409
782,train,42000,82781.077334505,-40781.077334505
2410,train,13500,16879.30931894765,-3379.3093189476494
4207,train,8000,5871.096966512953,2128.9030334870467
960,train,65000,74729.60247028393,-9729.602470283935
4545,train,47000,48265.53424608069,-1265.5342460806933
3402,train,19000,13301.348105907207,5698.651894092793
801,train,45000,34725.16454826517,10274.835451734827
2825,train,7500,10435.96111439248,-2935.9611143924794
4319,train,13000,13548.007008878832,-548.0070088788325
3636,train,10000,8344.632451299876,1655.3675487001237
232,train,35000,28432.936885378847,6567.063114621153
1144,train,47000,53411.39470226442,-6411.394702264421
2534,train,30000,28938.375321007414,1061.6246789925863
1059,train,50000,45657.85501679294,4342.1449832070575
504,train,25000,12734.865664016539,12265.134335983461
751,train,92500,94580.45921249765,-2080.459212497648
4038,train,26000,25774.17237029966,225.82762970033946
3097,train,8000,7226.141132760427,773.8588672395726
4584,train,13000,8940.427933971347,4059.5720660286534
2027,train,12000,12108.132259357213,-108.13225935721312
4263,train,6000,7180.228415619495,-1180.2284156194946
4340,train,8000,10823.696612767813,-2823.6966127678133
3350,train,21000,17662.752946888046,3337.2470531119543
823,train,69999,84682.88916300725,-14683.889163007247
1644,train,13000,14138.085198841918,-1138.085198841918
2536,train,80000,75156.05297106248,4843.947028937517
3983,train,27000,49652.74111874384,-22652.74111874384
4170,train,10000,12364.989220100746,-2364.989220100746
346,train,20000,21078.159271026518,-1078.1592710265177
1048,train,94000,46166.808321436874,47833.191678563126
343,train,9500,6100.420880326008,3399.579119673992
1682,train,23000,24481.27129499631,-1481.2712949963097
2275,train,8500,6194.598977814301,2305.401022185699
516,train,7500,6975.89552153898,524.1044784610203
781,train,70000,99688.40186466501,-29688.401864665007
2363,train,35000,44825.20924922382,-9825.209249223823
2020,train,14000,18073.29336687669,-4073.293366876689
4579,train,9000,9140.510884409834,-140.51088440983403
12,train,6500,6974.090047151942,-474.0900471519417
3624,train,34999,39038.97763638876,-4039.9776363887577
3929,train,30000,25475.59658519658,4524.403414803419
256,train,5000,8262.164189105395,-3262.164189105395
2804,train,12000,14935.527155080781,-2935.527155080781
3993,train,49000,38422.16029853342,10577.839701466582
4268,train,9500,11697.415198171513,-2197.415198171513
3999,train,18000,18874.53998670259,-874.5399867025917
656,train,18000,22725.171558120997,-4725.171558120997
105,train,6000,7937.207863280259,-1937.2078632802586
3814,train,33000,36391.65961467754,-3391.659614677541
1056,train,57000,48922.02633930926,8077.973660690739
3089,train,10000,12220.178413182155,-2220.178413182155
1448,train,34000,23095.025669392096,10904.974330607904
3118,train,17500,16763.74252950831,736.2574704916915
3349,train,14000,11405.509878694493,2594.4901213055073
4700,train,6000,5690.714021082307,309.2859789176928
1432,train,45000,50817.49455435588,-5817.494554355879
4589,train,44000,43309.72406786567,690.2759321343328
25,train,7000,8870.02603055515,-1870.0260305551492
4482,train,6800,7026.976922802283,-226.9769228022833
3625,train,7000,8812.79946049247,-1812.7994604924697
4397,train,13000,14421.984045909567,-1421.9840459095667
104,train,180000,11597.279042259568,168402.72095774044
3722,train,9000,12939.215890155816,-3939.215890155816
332,train,20000,23696.18154388449,-3696.1815438844897
4088,train,140000,141824.9952062258,-1824.995206225809
4317,train,16000,14798.14426832252,1201.8557316774804
168,train,6500,8177.358933346927,-1677.3589333469272
817,train,40000,40526.29178881166,-526.2917888116572
2016,train,10000,7224.4911309414465,2775.5088690585535
3857,train,12000,12609.43481634703,-609.4348163470295
4106,train,14000,12673.74218482504,1326.2578151749603
4071,train,12000,13020.676312677671,-1020.6763126776714
500,train,12000,8722.43948648603,3277.5605135139704
4237,train,28000,19692.54205339452,8307.457946605478
1522,train,10500,13211.057262814513,-2711.057262814513
1094,train,20000,19916.111392262166,83.88860773783381
3529,train,8000,10460.615941332777,-2460.615941332777
2450,train,22000,30671.750872984092,-8671.750872984092
621,train,34000,30330.31890539292,3669.68109460708
1215,train,21000,29147.736142999544,-8147.7361429995435
2331,train,18000,16014.653205441578,1985.3467945584216
1304,train,18500,13106.52529332251,5393.474706677491
391,train,8500,9921.7953051889,-1421.7953051888999
1172,train,180000,270450.63020256563,-90450.63020256563
2382,train,65000,64022.30562016935,977.6943798306529
3921,train,75000,60386.2359499853,14613.764050014703
2952,train,40000,25427.015859727468,14572.984140272532
3399,train,19000,16357.42072398091,2642.5792760190907
2499,train,9000,8085.729468663677,914.2705313363231
1505,train,9500,9716.712269509531,-216.71226950953132
1759,train,18000,13291.047392599648,4708.952607400352
2019,train,17000,24521.148995941505,-7521.148995941505
4270,train,30000,34746.890053615265,-4746.890053615265
439,train,6500,8414.605771124034,-1914.6057711240337
2466,train,75000,41166.32878255048,33833.67121744952
4422,train,6000,6746.598192206085,-746.5981922060846
476,train,14000,11840.245216066884,2159.7547839331164
792,train,18000,15684.39071335746,2315.6092866425406
1018,train,65000,48618.28377737952,16381.716222620482
172,train,7000,4528.960399637742,2471.039600362258
1847,train,10000,11064.994083600443,-1064.9940836004425
1475,train,90000,59619.497715945814,30380.502284054186
633,train,210000,92413.18372693531,117586.81627306469
79,train,8000,5684.1139117484745,2315.8860882515255
2304,train,12000,10890.595656403517,1109.4043435964832
4475,train,22000,16334.416037668027,5665.583962331973
4528,train,7500,12617.156439951283,-5117.156439951283
2178,train,6500,8216.55045479748,-1716.5504547974797
2338,train,28000,24816.05423748888,3183.945762511121
1241,train,100000,132288.50439355813,-32288.504393558134
4376,train,8500,6783.451895478871,1716.548104521129
857,train,190000,103632.02029832044,86367.97970167956
4017,train,10000,13696.774340516276,-3696.7743405162764
2370,train,16000,26005.372580705953,-10005.372580705953
2670,train,25000,29267.49178694237,-4267.49178694237
2906,train,19000,17082.403410301144,1917.5965896988564
3307,train,6500,7766.736669139218,-1266.736669139218
1915,train,7000,6934.721541850971,65.27845814902867
567,train,32000,36725.27888768217,-4725.278887682172
4713,train,8000,7724.93707701791,275.06292298208973
3015,train,9000,10835.806653087599,-1835.8066530875985
4142,train,65000,35776.73549287122,29223.264507128777
961,train,33000,38116.51040427957,-5116.510404279572
1184,train,100000,157327.59169449395,-57327.59169449395
4295,train,8500,6645.5497137828925,1854.4502862171075
1090,train,280000,323090.92705323955,-43090.927053239546
2802,train,22000,18301.332414986027,3698.6675850139727
3984,train,10000,10899.771288962333,-899.7712889623326
3295,train,9000,12241.584849123145,-3241.5848491231445
2519,train,20000,17151.306842242073,2848.693157757927
3792,train,18000,13787.365759718741,4212.634240281259
710,train,6500,30339.63256111593,-23839.63256111593
2998,train,10000,9562.630674316764,437.36932568323573
3808,train,15000,9215.702883814416,5784.297116185584
3905,train,11000,11246.2190228854,-246.21902288539968
1118,train,50000,58750.66548472829,-8750.665484728292
1677,train,10000,7960.390321657918,2039.6096783420817
2361,train,11000,8337.245835532123,2662.7541644678768
988,train,41000,46985.942790111,-5985.942790111003
562,train,25000,24291.91360915232,708.0863908476786
66,train,5000,4838.205178144258,161.79482185574216
3191,train,15000,13604.3980110514,1395.6019889485997
3037,train,10000,15493.631766156326,-5493.631766156326
3926,train,24000,24979.6918805701,-979.6918805700989
3564,train,20000,11072.426668909136,8927.573331090864
3835,train,8000,11695.799868513137,-3695.799868513137
4165,train,10000,8125.116435757341,1874.8835642426593
515,train,65000,24342.522927395432,40657.47707260457
91,train,12000,7983.486321481373,4016.513678518627
4315,train,25000,16445.993373550584,8554.006626449416
1957,train,15000,30935.352232220772,-15935.352232220772
2432,train,38000,16344.166529635075,21655.833470364923
1954,train,15000,16157.093404689842,-1157.093404689842
4157,train,7000,13592.434413826804,-6592.434413826804
1803,train,20000,24525.886702639094,-4525.886702639094
3458,train,17000,13649.089556867677,3350.910443132323
3116,train,40000,46576.75079832553,-6576.750798325527
251,train,6000,7244.389281168382,-1244.3892811683818
4583,train,25000,20236.497132452274,4763.502867547726
527,train,14000,24287.031046561184,-10287.031046561184
938,train,32000,31142.13488455817,857.8651154418294
1777,train,9000,9409.74911895771,-409.7491189577104
876,train,40000,64848.9032529679,-24848.903252967903
3763,train,85000,52805.18787331255,32194.81212668745
1210,train,55000,58577.35545048929,-3577.355450489289
1728,train,23000,13928.274576392341,9071.725423607659
3115,train,25000,20034.706600251586,4965.293399748414
2305,train,14000,10800.479008475237,3199.5209915247633
2740,train,45000,49857.52793028227,-4857.527930282267
3769,train,32000,23971.230159150917,8028.769840849083
1914,train,13000,11736.864882905733,1263.1351170942671
1457,train,42000,44986.49896417138,-2986.4989641713764
3704,train,6500,8178.79247952335,-1678.7924795233503
1427,train,400000,427448.85504521144,-27448.855045211443
3354,train,25000,16928.707963113768,8071.292036886232
3273,train,11000,8633.567195200283,2366.432804799717
437,train,5000,5215.284854571628,-215.28485457162787
3460,train,3500,7793.215827051054,-4293.215827051054
3149,train,19000,15351.943827960959,3648.0561720390415
909,train,50000,52582.73868636362,-2582.73868636362
2213,train,22000,15270.432755450272,6729.567244549728
769,train,110000,55270.631673724165,54729.368326275835
1968,train,13000,12901.193933521412,98.80606647858804
3824,train,12000,24320.902391039115,-12320.902391039115
37,train,7000,6405.398130765461,594.6018692345388
3638,train,12500,8435.168831586694,4064.831168413306
1678,train,8000,12011.386590436183,-4011.386590436183
4084,train,35000,28655.712528621,6344.287471379001
2576,train,9500,16163.215371484506,-6663.215371484506
434,train,22000,16299.420592623455,5700.579407376545
936,train,48000,38702.64193881295,9297.35806118705
856,train,150000,224566.60915815888,-74566.60915815888
4717,train,16000,18210.585361022273,-2210.585361022273
377,train,5000,6248.850307994276,-1248.8503079942757
2427,train,80000,59014.327389154285,20985.672610845715
144,train,8000,10342.853553797366,-2342.8535537973657
4474,train,6500,4266.935616020466,2233.064383979534
4444,train,16000,19700.602747759418,-3700.602747759418
3643,train,15000,10978.405185794469,4021.5948142055313
2024,train,130000,92382.75185526845,37617.24814473155
2770,train,22000,24148.693238653796,-2148.6932386537956
3341,train,33000,30290.573697202977,2709.426302797023
3256,train,11000,11538.645732239365,-538.6457322393653
4695,train,10500,5767.13530586261,4732.86469413739
546,train,100000,53900.70281052601,46099.29718947399
1307,train,80000,82340.45929093774,-2340.459290937739
3576,train,7000,7099.203646678189,-99.20364667818922
423,train,12000,7481.050889934331,4518.949110065669
1723,train,15000,17567.723318777826,-2567.7233187778256
2298,train,13000,11722.057536558475,1277.9424634415245
307,train,9000,8996.11869490883,3.8813050911703613
2284,train,16000,18320.81613182059,-2320.8161318205894
544,train,150000,35819.93718305627,114180.06281694374
2093,train,8500,10370.922105126212,-1870.922105126212
779,train,190000,122586.93187964616,67413.06812035384
2672,train,28000,44465.75576826476,-16465.75576826476
2177,train,9500,14437.819731071695,-4937.819731071695
585,train,24000,29845.014545440932,-5845.014545440932
2203,train,16000,13032.984182739256,2967.0158172607444
4631,train,10000,8090.381166247704,1909.6188337522963
2456,train,20500,18880.531267991726,1619.468732008274
4239,train,12500,14428.165864968483,-1928.1658649684832
2911,train,44000,49959.27877418015,-5959.278774180151
1956,train,10000,9850.283774878446,149.7162251215541
2405,train,15000,17702.53592880147,-2702.5359288014697
2899,train,11500,16773.924770686986,-5273.924770686986
3053,train,10000,11820.627223584974,-1820.6272235849738
4346,train,30000,23102.809053218873,6897.190946781127
2833,train,95000,69615.53747295633,25384.462527043666
1967,train,6000,8547.300767561675,-2547.3007675616755
138,train,8500,9744.746990200814,-1244.7469902008143
2431,train,35000,20378.806690185327,14621.193309814673
2977,train,12500,19913.186487743264,-7413.186487743264
1731,train,12000,14346.105440207277,-2346.105440207277
3502,train,17000,13051.984913930579,3948.015086069421
4691,train,7500,9632.394395520449,-2132.3943955204486
3427,train,30000,24393.429437585044,5606.570562414956
1884,train,22000,19673.050280161522,2326.949719838478
1687,train,39000,29914.95249926824,9085.047500731758
1106,train,27000,31893.208206343093,-4893.2082063430935
4260,train,11500,12698.411891481483,-1198.4118914814826
715,train,16000,15251.71262980868,748.2873701913195
1332,train,39000,27468.348307523822,11531.651692476178
4225,train,25000,13875.643741925065,11124.356258074935
3649,train,10000,9968.403534682977,31.596465317023103
1377,train,32000,39537.160040424315,-7537.1600404243145
157,train,12000,15738.987076119636,-3738.987076119636
198,train,9000,8793.426202695498,206.57379730450157
1039,train,30000,20786.63974365972,9213.360256340278
4353,train,15000,18883.454087501555,-3883.4540875015555
3672,train,18000,12967.106335246688,5032.893664753312
760,train,45000,42791.42687060229,2208.573129397708
23,train,6500,10546.75073086008,-4046.75073086008
1542,train,9000,8543.509530559464,456.4904694405359
4559,train,8000,5596.381028922557,2403.6189710774433
4680,train,6500,7433.166245293244,-933.1662452932442
3101,train,14000,26517.93437019133,-12517.934370191331
931,train,55000,47830.33231110024,7169.667688899761
1520,train,14500,13436.51554771616,1063.4844522838393
4506,train,8000,11205.883439219226,-3205.8834392192257
2480,train,8000,10284.013033427185,-2284.0130334271853
2064,train,21000,23827.34396670069,-2827.3439667006896
3708,train,17000,12247.182079107499,4752.817920892501
1531,train,13000,11380.686090797408,1619.3139092025922
3895,train,10500,7854.152523475521,2645.847476524479
525,train,45000,30216.526688392118,14783.473311607882
1661,train,13000,12789.68859754666,210.31140245334063
639,train,100000,110378.52670613343,-10378.52670613343
3705,train,10000,10843.592374570171,-843.5923745701712
3258,train,17500,17142.088044511882,357.9119554881181
2200,train,75000,44727.51423158595,30272.48576841405
3044,train,15000,13392.748087990825,1607.2519120091747
1509,train,13000,11040.550006339818,1959.4499936601824
1070,train,65000,103385.53891767531,-38385.53891767531
419,train,6000,5109.452008322822,890.5479916771783
3135,train,10000,11430.182588135565,-1430.1825881355653
1467,train,110000,78703.43760344948,31296.562396550522
1952,train,15000,13524.865730330268,1475.134269669732
2226,train,5500,11541.365590081188,-6041.365590081188
2175,train,9500,12833.416714097899,-3333.416714097899
1267,train,6000,22667.595363274275,-16667.595363274275
2041,train,60000,45128.31904489524,14871.680955104763
3549,train,10000,13401.29853548676,-3401.2985354867596
3208,train,13000,15914.69409053649,-2914.69409053649
4722,train,13000,12837.181146238263,162.81885376173705
3711,train,11500,16215.968659406324,-4715.968659406324
4417,train,25000,21515.38845155829,3484.6115484417096
3761,train,220000,145047.21054455536,74952.78945544464
4484,train,12000,17915.0311879338,-5915.0311879338005
2323,train,18000,21593.973087789007,-3593.973087789007
1577,train,21000,29458.59056622848,-8458.590566228479
392,train,35000,29112.516495545296,5887.4835044547035
3441,train,28000,22779.156862686712,5220.843137313288
4543,train,11000,11034.100847689559,-34.10084768955858
3076,train,20500,15312.177578973253,5187.822421026747
951,train,36000,35602.90195085424,397.09804914575943
404,train,8000,20265.1005399501,-12265.100539950101
2823,train,17000,26960.4101842632,-9960.4101842632
1079,train,95000,55306.284382092934,39693.715617907066
1718,train,10000,13172.016345961016,-3172.0163459610158
1484,train,78000,55203.48222115155,22796.51777884845
321,train,12000,12557.575609227732,-557.5756092277315
2944,train,7000,10002.273640303783,-3002.2736403037834
4318,train,15000,7535.052780000865,7464.947219999135
2585,train,70000,54173.4151969466,15826.584803053403
1878,train,45000,48399.20993754198,-3399.2099375419784
4677,train,9000,13117.055901088308,-4117.055901088308
2066,train,28000,34676.67665764107,-6676.676657641066
3582,train,15000,12834.036914865315,2165.9630851346847
643,train,18000,20687.462006543647,-2687.4620065436466
2603,train,35000,45498.26829149169,-10498.268291491688
4597,train,9500,16899.994346210966,-7399.994346210966
2704,train,7500,9904.41217590606,-2404.41217590606
712,train,38000,37216.2051897817,783.7948102183
14,train,8500,14666.298544579495,-6166.298544579495
962,train,27000,39851.17565308003,-12851.175653080027
401,train,15000,12424.465318630087,2575.5346813699125
2554,train,7500,9049.480060392292,-1549.4800603922922
4289,train,12000,9201.166789751598,2798.833210248402
2487,train,16000,17159.059645135876,-1159.059645135876
3257,train,11000,13118.631310779272,-2118.631310779272
2873,train,15000,7700.737803893146,7299.262196106854
2953,train,8500,8892.674485626792,-392.6744856267924
3788,train,22999,21989.76368605285,1009.236313947149
2073,train,10000,14564.72496064034,-4564.72496064034
3447,train,22000,15143.468776380028,6856.531223619972
3858,train,17000,12588.165930890564,4411.834069109436
1192,train,90000,72110.9372987016,17889.062701298404
1766,train,10000,13717.634570508464,-3717.634570508464
156,train,7000,7545.061811570551,-545.0618115705511
1936,train,31000,24417.948965114836,6582.051034885164
3172,train,11000,12450.393615972898,-1450.3936159728983
1725,train,12000,13595.487345899928,-1595.4873458999282
2397,train,60000,48587.57408825414,11412.425911745857
442,train,6000,8669.591069724496,-2669.5910697244963
1790,train,8500,12559.140847997722,-4059.1408479977217
4367,train,21467,6714.203670740137,14752.796329259863
4520,train,45000,51588.27511700289,-6588.275117002893
466,train,6500,7015.282203372726,-515.2822033727261
3718,train,60000,73853.449723563,-13853.449723562997
362,train,8000,12210.34107101137,-4210.341071011369
1270,train,280000,191342.74149333863,88657.25850666137
48,train,30000,16154.110466417516,13845.889533582484
2521,train,35000,25685.42123292817,9314.578767071831
4643,train,7500,6655.900008917382,844.0999910826176
2242,train,14000,16432.629842272305,-2432.629842272305
4199,train,22500,20910.227123454566,1589.772876545434
820,train,50000,43157.964370479676,6842.035629520324
1468,train,20000,28322.72159192968,-8322.72159192968
2180,train,25000,20334.596261417246,4665.403738582754
3052,train,36000,24921.394345246958,11078.605654753042
982,train,250000,292470.41162411106,-42470.41162411106
92,train,9000,7730.894990930968,1269.1050090690323
867,train,170000,190430.14222956426,-20430.142229564255
4321,train,12000,11955.737816143652,44.2621838563482
1227,train,130000,88342.43431336542,41657.56568663458
1734,train,32000,30464.447439568394,1535.5525604316063
597,train,14000,44104.67293050728,-30104.67293050728
3904,train,11000,12751.801634169286,-1751.8016341692855
2313,train,14000,10843.57562025225,3156.42437974775
2908,train,8000,7273.737611382888,726.2623886171123
3022,train,6500,5813.768509496241,686.2314905037592
1761,train,31000,28153.380840799928,2846.6191592000723
702,train,21000,40174.6456389834,-19174.6456389834
3800,train,15000,13604.900454787472,1395.099545212528
4230,train,14000,12053.162837596114,1946.8371624038864
4702,train,26000,17837.651431094306,8162.348568905694
1312,train,60000,45502.296063825874,14497.703936174126
2996,train,23000,15376.091263732851,7623.908736267149
603,train,62000,92252.17441867941,-30252.17441867941
2096,train,8000,7358.763328549459,641.2366714505406
2735,train,7500,11245.643004482577,-3745.6430044825775
784,train,60000,52018.341485413395,7981.658514586605
2268,train,14000,10011.034960398287,3988.965039601713
2433,train,16000,16630.083733459564,-630.0837334595635
4658,train,11000,12996.905255884394,-1996.9052558843941
4057,train,20000,17049.704292310944,2950.295707689056
1344,train,88000,49018.09748211158,38981.90251788842
4480,train,15000,17277.288501524305,-2277.2885015243046
1388,train,200000,90718.21729165333,109281.78270834667
1529,train,28000,34719.561414738884,-6719.561414738884
2933,train,17000,17519.191770705736,-519.1917707057364
783,train,27000,21407.371963561753,5592.628036438247
4561,train,17000,14109.429854239273,2890.5701457607265
911,train,62000,59439.80302788959,2560.1969721104106
1061,train,100000,87191.04501299032,12808.954987009682
878,train,15000,24286.52708296026,-9286.52708296026
342,train,8500,6701.826973558191,1798.1730264418093
2739,train,44300,28146.11022068301,16153.889779316989
1539,train,65000,58026.58103401242,6973.418965987577
1199,train,300000,266510.4876075504,33489.5123924496
897,train,51000,50029.532156694986,970.467843305014
3013,train,7000,8451.670150561238,-1451.6701505612382
4194,train,16500,24222.860327794202,-7722.860327794202
1085,train,44000,36783.297590204886,7216.702409795114
2937,train,27000,23489.93922575126,3510.060774248741
3842,train,25000,19756.94062537772,5243.05937462228
1141,train,35000,49893.77972785825,-14893.779727858251
2091,train,6500,5530.439542922272,969.5604570777277
3774,train,10000,7807.264472564877,2192.735527435123
122,train,6800,6104.599828947631,695.4001710523689
3371,train,18000,13767.040324602483,4232.959675397517
880,train,25000,23558.78480186591,1441.2151981340903
2717,train,14000,17939.327978744466,-3939.3279787444662
2992,train,10000,11527.52511538485,-1527.5251153848494
3901,train,9500,13951.187089010573,-4451.187089010573
1571,train,9000,8107.04223513242,892.9577648675804
1259,train,38000,57340.15673297755,-19340.15673297755
4452,train,6000,8010.7367520952885,-2010.7367520952885
3630,train,200000,70704.48352245038,129295.51647754962
3595,train,9000,6946.311913261439,2053.6880867385607
303,train,12000,9011.401863873074,2988.598136126926
659,train,55000,46102.1390366139,8897.860963386098
1784,train,25000,22224.51642940494,2775.483570595061
1866,train,11000,16766.796668836752,-5766.796668836752
2676,train,10000,12096.136973598801,-2096.136973598801
1998,train,12500,17891.298396499184,-5391.298396499184
4108,train,37000,22043.3573201873,14956.6426798127
4241,train,10000,12644.164409171059,-2644.1644091710587
3222,train,75000,48125.55557331087,26874.44442668913
1488,train,65000,51919.00388157651,13080.996118423493
1810,train,9750,10350.817639448273,-600.8176394482725
4490,train,23000,24888.040324573143,-1888.0403245731432
4064,train,14000,16348.711380640276,-2348.711380640276
728,train,55000,72631.25110399551,-17631.251103995513
1198,train,70000,77036.25838261229,-7036.258382612286
1800,train,10000,14571.625538849075,-4571.625538849075
3746,train,11000,14623.599591873168,-3623.599591873168
3750,train,7000,8415.672925456043,-1415.6729254560432
4437,train,9000,4865.66162986676,4134.33837013324
2727,train,15000,13990.874142871678,1009.1258571283215
141,train,13000,8134.00217309753,4865.99782690247
16,train,6000,6139.549706317983,-139.54970631798278
335,train,14000,13557.766571713479,442.2334282865213
4662,train,60000,28000.66018432303,31999.33981567697
1856,train,15000,13948.56171371285,1051.4382862871498
1021,train,500000,389479.45011653134,110520.54988346866
1102,train,180000,86309.09228006618,93690.90771993382
1341,train,280000,221941.9048983258,58058.095101674204
4218,train,15000,13425.32768002369,1574.6723199763092
60,train,5000,5085.956781901784,-85.95678190178387
2002,train,9000,8810.25124799676,189.74875200323913
452,train,12000,9588.138613034855,2411.8613869651454
475,train,6000,8677.830241588814,-2677.830241588814
2596,train,18000,16623.558301775978,1376.4416982240218
3158,train,12000,13312.333992616304,-1312.3339926163044
4709,train,12000,11191.496925363623,808.5030746363773
2964,train,6000,8266.641732051727,-2266.6417320517266
2307,train,11000,12211.69322301744,-1211.6932230174407
212,train,12000,13973.311122761494,-1973.3111227614936
1328,train,35000,34161.596357806244,838.4036421937562
1946,train,12000,12751.681277468142,-751.6812774681421
388,train,15000,11909.34770304704,3090.6522969529597
1597,train,8000,7768.7513551895045,231.24864481049553
2797,train,15000,13267.961209903218,1732.0387900967817
3423,train,6300,6116.805467842028,183.1945321579724
1478,train,380000,259169.13162126517,120830.86837873483
1246,train,72000,80397.58137953885,-8397.581379538853
4021,train,35000,25523.331306380034,9476.668693619966
4287,train,8000,7023.606718335826,976.3932816641736
2539,train,10500,18005.81802523893,-7505.818025238928
322,train,3200,4087.5011186267075,-887.5011186267075
1897,train,18000,19087.10163167128,-1087.1016316712812
4139,train,10000,5906.228151604784,4093.771848395216
819,train,11000,14341.939827486583,-3341.9398274865835
664,train,25500,40742.674523402624,-15242.674523402624
3860,train,19500,18022.500702516514,1477.4992974834859
282,train,17500,10267.528812407874,7232.471187592126
4420,train,15000,13286.597975550576,1713.402024449424
3212,train,12000,9963.170256697902,2036.829743302098
2856,train,25000,25859.188477571806,-859.1884775718063
3151,train,16000,19036.06216197755,-3036.0621619775484
3338,train,13500,14038.989776410632,-538.9897764106317
1240,train,13000,20835.266947814034,-7835.266947814034
1149,train,85000,79226.41600574332,5773.583994256682
1105,train,37000,53723.89958700665,-16723.89958700665
566,train,75000,53753.25102200797,21246.74897799203
3567,train,25000,36239.64642769887,-11239.64642769887
4435,train,25000,15463.412556405254,9536.587443594746
1983,train,7000,6514.821953694201,485.1780463057994
3717,train,45000,35369.59444677887,9630.405553221128
2776,train,13000,17437.64759033902,-4437.64759033902
380,train,40000,24897.16899135334,15102.831008646659
2104,train,100000,43951.68707359179,56048.31292640821
3742,train,5000,6179.393660957516,-1179.3936609575157
4240,train,25000,24776.419058318756,223.58094168124444
2615,train,8500,14372.690058637243,-5872.690058637243
3040,train,24000,12791.500665218773,11208.499334781227
2339,train,55000,36304.66931994412,18695.33068005588
1423,train,32000,58638.187423897696,-26638.187423897696
3619,train,12000,14093.79031416555,-2093.7903141655497
1379,train,100000,146097.11487399944,-46097.11487399944
2951,train,45000,32557.858036038262,12442.141963961738
3768,train,24000,36426.428213765466,-12426.428213765466
2035,train,14000,15546.643762481976,-1546.6437624819755
2207,train,30000,41519.15722227923,-11519.157222279231
1374,train,270000,193407.32308462504,76592.67691537496
2474,train,13000,10362.081380933661,2637.9186190663386
4616,train,20000,31883.762380532255,-11883.762380532255
727,train,130000,204880.9745021817,-74880.97450218169
746,train,33000,32568.398371658677,431.6016283413228
2660,train,37000,79768.1176526476,-42768.117652647605
1848,train,9000,11166.523516839112,-2166.523516839112
4342,train,8000,10012.216303183362,-2012.2163031833625
1063,train,52000,39497.148368192094,12502.851631807906
578,train,300000,330576.85164044413,-30576.851640444132
2612,train,60000,56557.73214351634,3442.2678564836606
231,train,16000,14451.876646302755,1548.123353697245
3046,train,9000,11746.160622217874,-2746.1606222178743
2986,train,20000,30458.533985780126,-10458.533985780126
2997,train,10000,12490.73655328826,-2490.7365532882595
2637,train,23000,25192.078087190326,-2192.078087190326
547,train,60000,67659.3531174554,-7659.353117455394
2855,train,100000,61882.82770389294,38117.17229610706
38,train,21000,11679.184890548035,9320.815109451965
3741,train,15000,12852.231126886554,2147.768873113446
1671,train,12000,14389.062736958473,-2389.0627369584727
4705,train,16000,20347.69280513459,-4347.692805134589
1538,train,45000,43894.88174920119,1105.1182507988124
312,train,10000,5057.000461051896,4942.999538948104
2443,train,30000,18361.662465826612,11638.337534173388
4619,train,15000,14615.614840488124,384.3851595118758
688,train,45002,43721.66769220912,1280.332307790879
4585,train,20000,17770.01884897341,2229.98115102659
1010,train,68000,84218.95027888229,-16218.950278882287
4320,train,12000,14346.819178369,-2346.819178369
2261,train,18000,23187.922443983418,-5187.922443983418
4258,train,12000,13924.114867300948,-1924.1148673009484
2185,train,15000,19594.683968860096,-4594.683968860096
4466,train,42000,28034.568387977586,13965.431612022414
968,train,42000,47445.74028951182,-5445.740289511821
2813,train,8000,10000.01246654899,-2000.0124665489893
2548,train,20000,11778.337023574893,8221.662976425107
3666,train,8200,13425.097790750136,-5225.0977907501365
3973,train,12000,14044.774288019287,-2044.7742880192873
2630,train,7000,10434.321874272262,-3434.321874272262
4044,train,14000,14195.644223272853,-195.6442232728532
3504,train,39000,22050.77103759183,16949.22896240817
1181,train,56000,58978.68177285338,-2978.681772853379
3143,train,18000,19961.516094797546,-1961.5160947975455
2344,train,12000,12695.258530225921,-695.2585302259213
1483,train,32000,36498.34275663532,-4498.34275663532
976,train,65000,42733.01472888398,22266.98527111602
2351,train,20000,34818.05215775144,-14818.052157751437
4344,train,7500,11722.408172970656,-4222.408172970656
1248,train,130000,147953.48722886053,-17953.487228860526
85,train,10000,5355.3521790382965,4644.6478209617035
1653,train,10000,10206.276566555971,-206.27656655597093
486,train,10000,30170.492890382084,-20170.492890382084
4558,train,11000,11172.14570525416,-172.1457052541591
905,train,16500,29524.27206193069,-13024.27206193069
2531,train,16000,18003.31610041484,-2003.3161004148387
1890,train,38000,33770.3239767689,4229.676023231099
4669,train,16000,18484.60779095207,-2484.607790952072
3337,train,9500,11326.924417231967,-1826.9244172319668
853,train,83000,105517.59427915866,-22517.594279158657
194,train,5000,5986.222451172279,-986.2224511722789
2208,train,65000,60697.726622719296,4302.273377280704
1598,train,6000,7975.7615267704705,-1975.7615267704705
3006,train,6500,7543.271303062315,-1043.2713030623154
2,train,17000,10811.793395320943,6188.206604679057
2949,train,25000,18729.921347693366,6270.0786523066345
4625,train,15000,8240.751209411294,6759.2487905887065
2362,train,20000,15256.654309803078,4743.345690196922
4443,train,10500,13384.419577687224,-2884.419577687224
1230,train,160000,119106.52817779979,40893.47182220021
929,train,20000,24192.655686624632,-4192.655686624632
2003,train,5500,16432.032932418082,-10932.032932418082
4483,train,5000,5856.805430674086,-856.805430674086
1202,train,120000,132512.43657648505,-12512.436576485052
1544,train,30000,17747.75008670635,12252.24991329365
2100,train,52000,44785.12595988361,7214.874040116389
937,train,10000,12340.17881961345,-2340.1788196134494
3585,train,10000,11937.434719370569,-1937.434719370569
1419,train,30000,46097.09363305506,-16097.093633055061
4257,train,20000,21373.39231597201,-1373.3923159720107
3150,train,12000,17024.698179803174,-5024.698179803174
1521,train,4500,7861.485071521693,-3361.4850715216926
3631,train,12000,12700.685219875935,-700.6852198759352
293,train,6500,6526.830379462833,-26.830379462832752
2613,train,95000,46193.65636939389,48806.34363060611
178,train,10500,14861.775519682511,-4361.775519682511
1492,train,70000,70506.08596900178,-506.08596900178236
2626,train,8500,7336.824522651166,1163.1754773488337
306,train,20000,16722.49749205033,3277.50250794967
2618,train,8000,8990.177514032019,-990.1775140320187
1472,train,350000,481625.87114445923,-131625.87114445923
2163,train,12000,12840.426859687308,-840.426859687308
1708,train,25000,42095.7716138158,-17095.7716138158
1232,train,80000,138647.251011104,-58647.251011104
1411,train,50000,37113.455347505325,12886.544652494675
1861,train,5000,7679.8707878082205,-2679.8707878082205
1170,train,50000,44398.64693828614,5601.35306171386
708,train,35000,39898.23108775335,-4898.231087753353
2496,train,10000,10812.113788019777,-812.1137880197766
3333,train,12000,13518.88496061889,-1518.8849606188905
2516,train,15000,8629.517742057518,6370.482257942482
2924,train,32000,19747.934398687587,12252.065601312413
2936,train,17000,16113.520170692196,886.4798293078038
3211,train,3500,5882.780486253647,-2382.780486253647
722,train,65000,49637.25742173521,15362.742578264792
4663,train,26000,16347.87543790023,9652.12456209977
1510,train,15000,12379.540676861683,2620.459323138317
1516,train,15000,15275.184297134867,-275.18429713486694
4303,train,12000,7934.560149555321,4065.439850444679
2978,train,15000,13988.134236570564,1011.8657634294359
3762,train,22000,24499.238508948805,-2499.2385089488052
1083,train,380000,217033.4853263163,162966.5146736837
4098,train,15000,12380.375797105999,2619.6242028940014
320,train,5000,5720.966441083936,-720.9664410839359
165,train,16500,12581.553129112168,3918.446870887832
2687,train,25000,22087.94324497514,2912.0567550248597
2026,train,10000,10221.794239909419,-221.79423990941905
568,train,16000,28064.83159412604,-12064.83159412604
4294,train,10000,16539.67179688309,-6539.671796883089
3942,train,15000,11770.614042720304,3229.3859572796955
2401,train,12000,16800.038472102206,-4800.038472102206
4453,train,45000,35885.191260517255,9114.808739482745
62,train,10000,10554.527979372722,-554.5279793727223
1040,train,330000,219142.582789079,110857.417210921
2787,train,25000,48338.82461693333,-23338.82461693333
1699,train,31000,34615.239566028744,-3615.239566028744
2754,train,3500,6991.252436060931,-3491.2524360609314
1410,train,18500,13857.720846325587,4642.2791536744135
1236,train,100000,100795.47481838932,-795.4748183893244
78,train,6500,8788.423496741621,-2288.4234967416214
2858,train,6000,12153.040593793445,-6153.040593793445
2368,train,14000,9942.123777097639,4057.8762229023614
718,train,60000,49010.758769840955,10989.241230159045
3231,train,8500,9165.696620624669,-665.6966206246689
1476,train,22000,16395.325270544825,5604.674729455175
1553,train,17000,16431.111426108946,568.888573891054
1628,train,10000,14305.76990382754,-4305.7699038275405
2685,train,13000,9484.229494374951,3515.770505625049
4066,train,57000,50864.13195431443,6135.868045685573
3454,train,8000,6490.129494306026,1509.8705056939743
1375,train,69000,111248.4659676891,-42248.4659676891
4255,train,17000,19140.201977619894,-2140.201977619894
3036,train,12000,14516.00675076173,-2516.0067507617296
2746,train,30000,17336.81787656889,12663.18212343111
4206,train,15000,14762.019494426995,237.98050557300485
3031,train,11000,13814.64235642696,-2814.6423564269608
3654,train,9300,8655.555943108822,644.4440568911778
110,train,8000,6729.997815419411,1270.0021845805886
3694,train,7500,5932.082319571345,1567.9176804286553
4580,train,13000,8089.400327104554,4910.599672895446
4516,train,11000,8595.209938351727,2404.790061648273
4538,train,5000,10582.674621899834,-5582.674621899834
685,train,27000,27205.058185994465,-205.05818599446502
1929,train,22000,31318.24031892517,-9318.24031892517
8,train,26000,16312.39027889503,9687.60972110497
4442,train,15500,21843.06363150343,-6343.063631503432
2853,train,10000,9504.26730889452,495.7326911054806
4511,train,45000,28051.110631495623,16948.889368504377
324,train,16000,21951.58932796391,-5951.589327963909
2635,train,15000,20518.071451161377,-5518.071451161377
2276,train,20000,24215.845464558734,-4215.8454645587335
3794,train,18000,16589.85067491376,1410.1493250862404
1128,train,55000,70042.79792307613,-15042.797923076127
3308,train,26000,34090.379408447254,-8090.379408447254
4551,train,15000,19168.43052666838,-4168.4305266683805
2103,train,12000,10758.407792020767,1241.5922079792326
3562,train,8000,6265.222443228127,1734.7775567718727
2631,train,22000,19005.796552539872,2994.203447460128
1438,train,66000,115234.04849330416,-49234.04849330416
4149,train,18000,29200.803391663452,-11200.803391663452
1579,train,7000,12887.6510196385,-5887.651019638501
2133,train,6000,7214.938709061783,-1214.938709061783
1364,train,20000,23633.40377630569,-3633.4037763056913
3137,train,34500,21149.951830309856,13350.048169690144
2881,train,30000,14192.680170808944,15807.319829191056
1335,train,49500,38315.213551723355,11184.786448276645
1822,train,50000,43269.70405037097,6730.295949629028
636,train,26000,34894.139891699226,-8894.139891699226
4502,train,7000,11214.386103772076,-4214.386103772076
3706,train,12500,15259.851088044403,-2759.851088044403
257,train,8500,13414.653566079087,-4914.653566079087
19,train,6000,7348.449595424742,-1348.4495954247423
860,train,90000,78361.20591751502,11638.79408248498
2357,train,12000,8643.282965677245,3356.7170343227554
183,train,11000,8669.982259910685,2330.0177400893153
3077,train,13500,17675.933636141835,-4175.933636141835
2912,train,11000,15755.283609632315,-4755.283609632315
1351,train,95000,111371.5364396101,-16371.536439610107
4697,train,4500,4759.341637370829,-259.3416373708287
4256,train,20000,25907.388871933443,-5907.388871933443
1660,train,6500,9633.02016469377,-3133.0201646937694
1656,train,63000,118900.43455878465,-55900.43455878465
3180,train,40000,36921.685644899335,3078.314355100665
4675,train,7000,8349.466734910544,-1349.466734910544
2303,train,35000,45041.55089655684,-10041.550896556837
3963,train,9000,7052.33933203528,1947.6606679647202
83,train,20000,28112.802258104446,-8112.802258104446
3125,train,150000,54081.43137219961,95918.56862780039
3530,train,11000,12031.844624020525,-1031.8446240205249
142,train,8000,7908.959281302032,91.04071869796826
3831,train,10000,6719.839813214443,3280.160186785557
1417,train,190000,112296.78321551289,77703.21678448711
2609,train,30000,29595.50090025117,404.4990997488312
846,train,150000,64026.89136380883,85973.10863619117
3155,train,17000,23682.098689060756,-6682.098689060756
742,train,33000,17527.963447248894,15472.036552751106
1526,train,12500,15681.663366672516,-3181.6633666725156
3386,train,18000,15556.48914580325,2443.5108541967493
1673,train,15000,15025.131049257267,-25.131049257266568
1166,train,90000,172018.97765390621,-82018.97765390621
1888,train,18000,10999.449224122462,7000.550775877538
3200,train,45000,31440.106565647555,13559.893434352445
2467,train,36000,21851.783448372476,14148.216551627524
1716,train,15000,12805.678082214936,2194.321917785064
1507,train,13000,14181.485967104496,-1181.485967104496
4734,train,35000,36225.60302202341,-1225.6030220234097
3140,train,22000,14163.103225021025,7836.896774978975
2605,train,31000,36403.576165443934,-5403.576165443934
2641,train,10000,10978.305533686727,-978.3055336867274
1346,train,38000,45048.168454261555,-7048.168454261555
1645,train,17500,17645.28476351823,-145.28476351822974
311,train,9000,7233.714792845877,1766.2852071541229
924,train,62000,45659.551941457416,16340.448058542584
4125,train,17000,18196.582785998464,-1196.5827859984638
1062,train,130000,85317.09174847748,44682.90825152252
227,train,3000,4185.33316658658,-1185.3331665865799
966,train,48000,49875.37088658327,-1875.3708865832668
1385,train,190000,158678.10965243855,31321.89034756145
508,train,60000,34482.41526685136,25517.584733148637
2628,train,13000,10449.695652394928,2550.3043476050716
2538,train,21000,9879.285830912122,11120.714169087878
605,train,130000,88830.76676666294,41169.23323333706
1903,train,11000,11546.588999396166,-546.5889993961664
4172,train,13000,13153.168760341028,-153.16876034102825
774,train,50000,49492.963342493545,507.0366575064545
3198,train,10000,18260.391538294483,-8260.391538294483
2581,train,18000,12167.960197531143,5832.039802468857
3480,train,10000,7830.86144847249,2169.1385515275097
6,train,10000,15356.757790432928,-5356.757790432928
692,train,50000,67241.81974860755,-17241.81974860755
2090,train,28000,22425.970402788706,5574.0295972112945
1604,train,9000,17280.572475337074,-8280.572475337074
405,train,35000,21989.898595369974,13010.101404630026
2525,train,8000,10208.433666267545,-2208.433666267545
4184,train,9500,7313.218005814577,2186.781994185423
3183,train,6500,7504.020642400226,-1004.0206424002263
2098,train,12500,14617.871236883298,-2117.8712368832985
844,train,55000,55747.299073324466,-747.299073324466
2508,train,15000,19429.35130085713,-4429.351300857132
1709,train,35000,41839.77449811194,-6839.7744981119395
4269,train,10000,10289.351692810844,-289.3516928108438
1871,train,11000,12453.317604580345,-1453.3176045803448
4673,train,18000,14513.331565205715,3486.6684347942846
510,train,7000,18894.79888806218,-11894.798888062182
167,train,12000,10364.469675221586,1635.530324778414
3978,train,6500,6519.5334128636905,-19.5334128636905
1549,train,110000,111559.62575970474,-1559.625759704737
922,train,62000,81134.07885682429,-19134.078856824286
3637,train,13000,14304.044600341264,-1304.0446003412635
1530,train,12000,19625.46851111967,-7625.46851111967
124,train,10000,9907.445705857144,92.55429414285572
200,train,5500,6124.232228680559,-624.2322286805593
121,train,13000,13834.624008535682,-834.6240085356822
1228,train,90000,150185.83350877155,-60185.83350877155
2955,train,100000,43948.588374310704,56051.411625689296
1630,train,8000,5388.595310691331,2611.404689308669
1961,train,8000,8051.087673680711,-51.087673680711305
2736,train,30000,34484.12433122834,-4484.12433122834
1459,train,60000,84903.23580633671,-24903.235806336714
1927,train,17000,14681.82995188922,2318.17004811078
238,train,8500,8540.23849328278,-40.23849328278084
1285,train,60000,67151.79005839265,-7151.790058392653
4060,train,16000,21587.38665697763,-5587.386656977629
1481,train,140000,83896.86465873821,56103.13534126179
4690,train,11000,11712.049130023392,-712.0491300233916
4588,train,45000,43584.831382644,1415.168617356001
3499,train,10000,16072.345942876482,-6072.345942876482
2150,train,28000,15379.488343777857,12620.511656222143
3477,train,30000,16871.924567384514,13128.075432615486
445,train,10000,15199.647925002655,-5199.647925002655
3234,train,8500,12888.420953427505,-4388.420953427505
4316,train,14000,18601.684367185186,-4601.684367185186
97,train,10000,7430.145816555747,2569.854183444253
3391,train,25000,17236.902831716252,7763.097168283748
2584,train,13000,17281.035062265808,-4281.035062265808
604,train,42000,46751.475258802064,-4751.475258802064
2934,train,18000,10190.507313932425,7809.492686067575
1587,train,15000,14909.326245235905,90.67375476409507
2757,train,23000,12585.892324462156,10414.107675537844
2283,train,6500,6815.4252894649035,-315.42528946490347
2287,train,18000,16527.39437590548,1472.6056240945218
4022,train,12000,9358.430414031774,2641.5695859682255
553,train,19411,28183.871756849134,-8772.871756849134
1384,train,210000,151402.18717525405,58597.81282474595
2246,train,12000,9414.0413737906,2585.9586262094
3452,train,19000,13641.749353997238,5358.250646002762
3289,train,100000,82825.24095559248,17174.759044407518
4266,train,15000,16923.423472684648,-1923.423472684648
384,train,15000,6934.899115136363,8065.100884863637
482,train,10000,18668.51445130798,-8668.51445130798
3663,train,16000,17551.464235787138,-1551.464235787138
472,train,10000,11337.0330540269,-1337.0330540269006
920,train,15000,29320.201158721073,-14320.201158721073
370,train,8000,12820.183302258243,-4820.183302258243
2648,train,20000,8838.755139008912,11161.244860991088
1390,train,26000,18614.58448256359,7385.41551743641
4036,train,13000,8227.066705680318,4772.933294319682
3254,train,7500,11267.171625429253,-3767.1716254292533
4581,train,25000,21220.70897490261,3779.291025097391
1439,train,45000,29359.006392373205,15640.993607626795
21,train,9000,7456.308554836968,1543.6914451630319
3661,train,16000,11930.092879646507,4069.907120353493
1559,train,15000,15738.026807086095,-738.0268070860948
2927,train,6000,8649.61508765439,-2649.6150876543907
1075,train,75000,60580.601478753415,14419.398521246585
1174,train,65000,52170.33706885651,12829.662931143488
3635,train,25000,18729.89400860789,6270.105991392109
211,train,7500,7106.830513220223,393.1694867797769
365,train,12000,6030.02502521513,5969.97497478487
4338,train,9000,10849.273942479538,-1849.2739424795382
3147,train,12000,12853.401976245546,-853.4019762455464
830,train,23000,32095.295742276376,-9095.295742276376
3987,train,18000,24055.621644545445,-6055.621644545445
160,train,9500,9079.242450695705,420.757549304295
1772,train,3500,5311.498112588729,-1811.4981125887289
3189,train,10000,9357.873839141877,642.1261608581226
4306,train,32000,33566.80138442298,-1566.801384422979
1920,train,7000,8500.231086709393,-1500.231086709393
953,train,40000,29608.254161110188,10391.745838889812
637,train,60000,46457.08862826437,13542.91137173563
3068,train,7500,7921.840963873881,-421.84096387388126
623,train,25000,22270.44691636269,2729.553083637311
1551,train,20000,36944.365909956185,-16944.365909956185
756,train,330000,158844.52315301858,171155.47684698142
668,train,50000,44888.05279451252,5111.947205487479
1361,train,34000,50618.17642933047,-16618.176429330473
1600,train,10000,15256.812897320888,-5256.812897320888
2565,train,18500,19168.36831778182,-668.3683177818202
4542,train,25000,17499.348312971815,7500.651687028185
1525,train,7000,5363.037652812791,1636.9623471872092
2999,train,15000,13912.621098732512,1087.378901267488
319,train,5000,7131.584293129551,-2131.584293129551
3882,train,14000,13357.523616078592,642.4763839214083
2451,train,35000,36130.893027433995,-1130.8930274339946
944,train,40000,29257.327485969552,10742.672514030448
4383,train,12000,19406.428494641386,-7406.428494641386
4224,train,10000,12755.123230617288,-2755.123230617288
426,train,6000,7675.26283722118,-1675.2628372211802
4373,train,15000,11549.467117416954,3450.5328825830456
1502,train,25000,31814.17375014498,-6814.173750144979
3463,train,50000,76836.70452541411,-26836.704525414112
4301,train,10000,10590.796633508638,-590.7966335086385
4467,train,12000,9456.300288536271,2543.699711463729
3139,train,330000,94064.2244348175,235935.7755651825
1825,train,120000,45245.20520438548,74754.79479561452
3325,train,5000,7913.375888716769,-2913.3758887167687
386,train,7000,6804.936349617237,195.06365038276272
2385,train,90000,92040.8639000424,-2040.863900042401
3228,train,9000,8554.616707183844,445.3832928161555
1286,train,19000,17343.39978759325,1656.600212406749
385,train,5000,5512.581180587206,-512.5811805872063
3516,train,23000,17924.804478283706,5075.195521716294
4096,train,13000,11327.937392640599,1672.0626073594012
1003,train,140000,97752.18541190829,42247.814588091715
4566,train,50000,43324.18964136089,6675.810358639108
2005,train,14000,15617.935161615473,-1617.9351616154727
4654,train,16000,20679.06981666856,-4679.0698166685615
3951,train,8000,6907.656942683064,1092.3430573169362
2805,train,9000,5718.3149306654395,3281.6850693345605
2418,train,12000,13498.267105244624,-1498.267105244624
1269,train,65000,27200.53336072287,37799.46663927713
461,train,34000,10885.699777580254,23114.300222419748
2217,train,11000,16138.937581286002,-5138.937581286002
3471,train,8500,9900.956583770687,-1400.9565837706868
4034,train,4500,4592.016985035117,-92.0169850351167
3981,train,4000,5285.947604153942,-1285.947604153942
640,train,35000,43086.02869374509,-8086.028693745087
559,train,110000,161507.93775874504,-51507.93775874504
3324,train,18000,13109.962976042982,4890.037023957018
3133,train,10000,9482.90599192202,517.0940080779801
3095,train,20000,20575.591597175644,-575.591597175644
1190,train,35000,18046.832153207502,16953.167846792498
1499,train,13000,19611.56006160679,-6611.5600616067895
3716,train,9500,10561.68728951516,-1061.6872895151591
3374,train,15000,20666.321392482263,-5666.321392482263
290,train,10000,13844.947343985346,-3844.9473439853464
3586,train,6500,6694.76985201294,-194.76985201293974
2852,train,18000,11548.869048481041,6451.130951518959
1026,train,65000,51302.64688979425,13697.353110205753
1401,train,22000,48310.39647908463,-26310.39647908463
297,train,5000,6243.312159286806,-1243.3121592868056
4407,train,52000,42988.01976610089,9011.980233899107
1300,train,260000,372444.4518316023,-112444.45183160232
1323,train,22000,22665.762374327798,-665.7623743277982
2507,train,52000,23643.791072654414,28356.208927345586
3280,train,47500,43703.7928739112,3796.207126088797
2061,train,9000,7391.5062009122785,1608.4937990877215
4005,train,9500,12241.783119315483,-2741.7831193154834
3544,train,72000,77284.93693708675,-5284.93693708675
411,train,6000,10323.49979284415,-4323.49979284415
2009,train,30000,24876.84659567221,5123.15340432779
2187,train,34000,47088.017494588035,-13088.017494588035
2346,train,30000,28719.025683028376,1280.974316971624
2709,train,15000,13319.939905874871,1680.0600941251287
3689,train,8500,19565.88953655347,-11065.88953655347
3087,train,30000,25357.692181831106,4642.307818168894
4041,train,8000,6612.428045485044,1387.571954514956
891,train,55000,29026.437692831652,25973.562307168348
3795,train,37000,41247.337054673306,-4247.337054673306
2567,train,11000,9152.72953141253,1847.2704685874705
3517,train,17000,9303.259153952207,7696.740846047793
1234,train,100000,128823.38778897609,-28823.38778897609
224,train,8500,10568.930436745928,-2068.930436745928
1256,train,28500,28673.72916010863,-173.729160108629
3559,train,6166,7058.838213616965,-892.8382136169648
3523,train,25000,24543.73763094423,456.26236905577025
2296,train,14000,21266.857602590717,-7266.857602590717
2512,train,16000,18252.089220870694,-2252.0892208706937
2863,train,20000,19046.63198088741,953.3680191125895
816,train,45000,43286.166808887654,1713.833191112346
750,train,10000,22598.956309667046,-12598.956309667046
2622,train,10000,15479.200952049267,-5479.200952049267
719,train,20000,21836.846291918435,-1836.8462919184349
9,train,10000,13512.596353649526,-3512.5963536495256
1353,train,34000,39522.8307379297,-5522.830737929697
2582,train,17000,15754.92103026209,1245.0789697379096
2018,train,5000,5848.073407867834,-848.0734078678342
1921,train,13000,17780.2511065074,-4780.2511065073995
254,train,8000,7546.708924011721,453.29107598827886
881,train,34000,50405.97428101793,-16405.97428101793
3075,train,6000,5115.2511320501635,884.7488679498365
3687,train,12000,16169.271454712853,-4169.271454712853
3269,train,28000,20484.593388807072,7515.406611192928
766,train,95000,42611.37556322566,52388.62443677434
2646,train,17401,28160.734056644313,-10759.734056644313
3844,train,18000,19551.303326439895,-1551.3033264398946
740,train,33000,23372.510486346804,9627.489513653196
378,train,6500,9457.51021942854,-2957.510219428539
2872,train,12000,13729.896013063733,-1729.8960130637333
2850,train,16500,33361.76988472189,-16861.769884721893
2473,train,12000,11222.876352928342,777.1236470716576
1497,train,10000,13592.101794691123,-3592.1017946911234
4000,train,32000,19553.366659950643,12446.633340049357
3988,train,14500,11404.652669488,3095.3473305120006
1698,train,9000,8558.37950030162,441.6204996983797
2255,train,35000,40487.619048907334,-5487.619048907334
2247,train,30000,24163.283105501523,5836.716894498477
1631,train,12000,15532.982157700997,-3532.982157700997
1641,train,12000,15403.345372209089,-3403.345372209089
4408,train,9500,12216.630598065423,-2716.6305980654233
3696,train,26000,27368.64943380804,-1368.649433808041
2868,train,28000,18609.30976388295,9390.69023611705
1252,train,180000,151456.18667700377,28543.813322996226
3751,train,15000,13326.572533800354,1673.427466199646
1451,train,75000,50019.53815336541,24980.461846634593
4050,train,35000,20152.99860836658,14847.001391633421
2314,train,22000,15864.429095969675,6135.5709040303245
111,train,6000,7232.794944470165,-1232.7949444701653
2367,train,100000,69825.68094745233,30174.319052547668
4232,train,150000,77641.03796751604,72358.96203248396
670,train,50000,83200.35243486006,-33200.35243486006
317,train,5000,6409.871047676989,-1409.8710476769893
1779,train,20000,11719.70269332386,8280.29730667614
3674,train,40000,42878.73222361089,-2878.7322236108885
4672,train,20000,11873.755405445741,8126.244594554259
1648,train,7500,7946.55885693786,-446.5588569378597
338,train,7000,5962.581161778944,1037.418838221056
1296,train,17000,22679.13663821773,-5679.136638217729
218,train,7500,8096.67455315956,-596.6745531595598
4591,train,37000,49612.07705307072,-12612.077053070723
4587,train,40000,44664.21968280334,-4664.219682803341
802,train,30000,20550.345810370687,9449.654189629313
1555,train,6000,7205.502440791252,-1205.5024407912524
4477,train,9000,6422.603459589144,2577.396540410856
673,train,25000,24069.97589158273,930.0241084172703
3782,train,11000,11691.486711013193,-691.4867110131927
2310,train,35000,25625.390188297864,9374.609811702136
1982,train,20000,14661.714600156813,5338.285399843187
4494,train,25000,24682.777292829458,317.222707170542
1469,train,35000,15316.921146893326,19683.078853106672
1592,train,35000,43283.16268751609,-8283.162687516087
1958,train,7000,9755.842101995902,-2755.8421019959023
1176,train,43000,45668.33414051735,-2668.3341405173487
4611,train,7500,6429.831808549525,1070.1681914504752
593,train,30000,20216.506869845776,9783.493130154224
2117,train,60000,47009.33381624747,12990.666183752532
3685,train,13000,13620.978953575146,-620.9789535751461
2571,train,22000,26904.56408376923,-4904.56408376923
3176,train,7500,7007.60326146562,492.39673853438035
309,train,7000,6280.48349389604,719.5165061039597
4608,train,11000,9862.915199095825,1137.0848009041747
3259,train,8000,13270.899295332354,-5270.899295332354
4393,train,10000,13088.040878105876,-3088.040878105876
1030,train,120000,195116.32167589077,-75116.32167589077
3367,train,6000,5964.822581216123,35.17741878387733
469,train,9500,8290.574104863132,1209.4258951368683
2299,train,12000,13922.724625466184,-1922.724625466184
787,train,200000,153563.9704997269,46436.029500273115
2623,train,15000,16495.885152087685,-1495.8851520876851
2819,train,35000,39269.411324915985,-4269.4113249159855
3293,train,46000,47632.97867644507,-1632.9786764450691
2111,train,32000,43523.508496957635,-11523.508496957635
4562,train,16000,13728.220039160218,2271.779960839782
3389,train,9000,13128.647345491472,-4128.647345491472
1619,train,18000,15712.527209266489,2287.472790733511
1962,train,52000,54317.042065067006,-2317.0420650670058
4179,train,12000,8468.904157137646,3531.0958428623544
4131,train,52000,61240.30225947773,-9240.302259477729
2031,train,25000,30930.664829118243,-5930.664829118243
1919,train,12500,8104.311304344849,4395.688695655151
4123,train,14000,15075.799093217125,-1075.7990932171251
3028,train,45000,37181.956772616206,7818.043227383794
1705,train,18000,18141.785391143127,-141.78539114312662
800,train,35000,33003.342219872546,1996.6577801274543
2756,train,19000,11985.86955846526,7014.13044153474
2264,train,6000,7499.269127018962,-1499.2691270189616
1115,train,24000,26647.209314416694,-2647.209314416694
3779,train,9000,11035.535416292032,-2035.535416292032
229,train,18000,9975.432310221795,8024.567689778205
259,train,7000,9959.345361842956,-2959.3453618429558
1395,train,180000,86586.86753651784,93413.13246348216
1720,train,11500,14852.948781891648,-3352.9487818916477
1186,train,270000,132421.57268491885,137578.42731508115
681,train,150000,151300.90128179712,-1300.9012817971234
3783,train,140000,71476.23215587578,68523.76784412422
2250,train,6000,7181.748932625579,-1181.748932625579
904,train,100000,120453.62211943144,-20453.622119431442
3776,train,12000,13349.41727224186,-1349.4172722418607
360,train,5000,4612.337955493585,387.66204450641544
1287,train,140000,93747.76035078443,46252.23964921557
3660,train,10000,10079.029551011488,-79.02955101148837
3113,train,49000,57399.15711478235,-8399.157114782349
2227,train,50000,40461.968314863145,9538.031685136855
4605,train,10000,14870.963386685178,-4870.963386685178
2960,train,5000,11487.456014098016,-6487.456014098016
3622,train,14000,25782.708466888238,-11782.708466888238
2376,train,30000,23542.906810708417,6457.093189291583
305,train,3000,6433.301433248875,-3433.3014332488747
505,train,2200,5736.758857997143,-3536.7588579971434
3274,train,5000,8815.202717239461,-3815.202717239461
1112,train,200000,113348.82973368005,86651.17026631995
2799,train,90000,77584.39257669217,12415.607423307825
214,train,6000,4708.118295854034,1291.881704145966
3592,train,15000,13650.306010186556,1349.6939898134442
1947,train,15000,13467.293451143987,1532.706548856013
865,train,75000,99012.05667582422,-24012.05667582422
3524,train,16500,13395.021748198822,3104.978251801178
326,train,8000,8929.150428397672,-929.1504283976719
3154,train,11000,12489.191831835888,-1489.1918318358876
2788,train,21000,10107.946839956176,10892.053160043824
1111,train,18500,37491.783201877006,-18991.783201877006
4153,train,28000,30276.37028445391,-2276.370284453911
2657,train,27000,50315.92705036833,-23315.92705036833
834,train,220000,128164.42249290853,91835.57750709147
839,train,65000,33354.228489840905,31645.771510159095
2694,train,15000,25679.756443702976,-10679.756443702976
1836,train,30000,26656.64560585245,3343.354394147551
3397,train,16000,8903.425738047757,7096.5742619522425
328,train,8000,7646.548146866976,353.4518531330241
1376,train,120000,94973.52369296007,25026.476307039935
942,train,5500,19723.6505479522,-14223.650547952198
1223,train,46000,53537.17859333125,-7537.178593331249
3537,train,25000,15674.83997893396,9325.16002106604
1690,train,23000,21902.47434184237,1097.5256581576286
2563,train,12000,8388.84296595079,3611.157034049211
1975,train,20000,15477.390348488767,4522.609651511233
2836,train,130000,305452.47120786476,-175452.47120786476
351,train,7000,6123.359064506709,876.6409354932912
4290,train,20000,14799.950915196492,5200.049084803508
2046,train,42500,35844.80265916354,6655.197340836457
4510,train,8000,27572.35857766469,-19572.35857766469
1618,train,8500,8049.218045627848,450.78195437215163
1066,train,30000,15427.8243984586,14572.1756015414
1276,train,23000,23089.74592437321,-89.74592437320825
1558,train,8000,6438.431866311117,1561.5681336888829
39,train,10000,5738.011100989287,4261.988899010713
270,train,5500,5136.124831941069,363.8751680589312
2435,train,9500,12723.671697844873,-3223.671697844873
4635,train,45000,34646.47020882678,10353.52979117322
1035,train,350000,281451.3531331402,68548.64686685981
854,train,32000,30800.921247436632,1199.0787525633677
69,train,7500,5678.834138065637,1821.1658619343634
3066,train,8000,13773.077081771973,-5773.077081771973
1838,train,8000,7060.422330811186,939.5776691888141
2795,train,8000,13056.3853961139,-5056.385396113899
1238,train,84500,91469.1177231961,-6969.117723196105
1599,train,13000,14937.10802372526,-1937.1080237252609
3796,train,18000,13551.443776125416,4448.556223874584
4633,train,16000,12294.617899864434,3705.3821001355664
3225,train,8500,9067.900282681849,-567.9002826818487
991,train,53000,69731.83790687476,-16731.83790687476
1091,train,46000,28424.20786399869,17575.79213600131
3571,train,15000,12391.012215076833,2608.987784923167
2463,train,12500,10670.246506828587,1829.7534931714126
4401,train,32000,22563.63879567794,9436.36120432206
1466,train,90000,50075.82142788066,39924.17857211934
665,train,350000,480005.9873321351,-130005.98733213509
1288,train,30000,41120.023224282355,-11120.023224282355
3977,train,22000,16093.588305482153,5906.411694517847
1080,train,40000,46653.01009083451,-6653.010090834512
1849,train,6000,5712.133395943073,287.8666040569269
3577,train,23000,14063.490090642388,8936.509909357612
4529,train,42000,49533.02075377795,-7533.02075377795
4300,train,30000,25074.060774527592,4925.939225472408
698,train,140000,118133.26605516556,21866.733944834443
3778,train,35000,38759.2493712035,-3759.2493712034993
921,train,260000,295804.0980105764,-35804.09801057639
1674,train,12000,14449.714572300865,-2449.7145723008653
2107,train,6500,6960.2224534529805,-460.2224534529805
2446,train,70000,36836.55781312948,33163.44218687052
2861,train,13000,16036.23008086056,-3036.2300808605596
2459,train,25000,19554.192439767034,5445.807560232966
2008,train,43000,43294.80053228804,-294.8005322880417
4476,train,6200,6354.609941276825,-154.60994127682534
3179,train,12000,10149.63457667834,1850.3654233216603
3497,train,20000,18275.580831071256,1724.4191689287436
3533,train,9000,11492.538728743548,-2492.538728743548
1782,train,15000,15746.860472662673,-746.8604726626727
2118,train,8500,8584.247053551866,-84.24705355186597
1789,train,30000,19934.997707943105,10065.002292056895
215,train,20000,21133.73219316335,-1133.7321931633487
2699,train,14000,12564.73294795929,1435.26705204071
1804,train,16500,12840.23780288803,3659.7621971119697
1386,train,25000,36369.465597416936,-11369.465597416936
859,train,25000,34948.09916247191,-9948.09916247191
3405,train,20000,12464.92795432183,7535.072045678169
582,train,89000,120348.42675609198,-31348.426756091983
4285,train,6500,7600.743815018316,-1100.7438150183161
3565,train,14000,8958.264511078723,5041.735488921277
3798,train,10000,11200.363430424575,-1200.3634304245752
1489,train,35000,18924.72099231213,16075.27900768787
964,train,95000,68717.68126457991,26282.318735420093
1543,train,23000,15557.36717528808,7442.63282471192
4428,train,7000,6336.155472508177,663.8445274918231
2108,train,13500,22659.615313693732,-9159.615313693732
1431,train,85000,108571.18314151115,-23571.183141511152
296,train,10000,13836.6878991556,-3836.6878991556005
2164,train,11000,14907.07528314271,-3907.0752831427108
4732,train,15000,14158.229532625042,841.7704673749577
1092,train,35000,31458.69827280605,3541.30172719395
2989,train,29000,15946.41124566036,13053.58875433964
1372,train,34000,52976.66694912766,-18976.666949127663
2271,train,6000,8864.721533468115,-2864.721533468115
2491,train,27000,23299.159033487504,3700.8409665124964
557,train,68000,34431.0611585867,33568.9388414133
849,train,180000,145912.4986445751,34087.5013554249
4208,train,25000,26539.10602275046,-1539.1060227504604
3162,train,8000,10793.163064264334,-2793.163064264334
3,train,10000,9509.066462862118,490.933537137882
4395,train,10000,16574.80390474656,-6574.803904746561
930,train,150000,106345.86029535199,43654.13970464801
1670,train,15000,23763.114228227325,-8763.114228227325
128,train,4700,5343.60563731546,-643.6056373154597
4564,train,20000,11010.361355273863,8989.638644726137
192,train,10000,19754.839144196067,-9754.839144196067
4221,train,11000,13594.554939796091,-2594.5549397960913
3688,train,25000,28894.208383852427,-3894.208383852427
3359,train,9500,9044.589850463248,455.4101495367522
4180,train,10000,11730.550675239914,-1730.5506752399142
196,train,5200,6117.224260649169,-917.2242606491691
455,train,7000,6501.277864634784,498.72213536521576
3936,train,55000,47681.27919032943,7318.720809670573
2190,train,12000,15052.394014406154,-3052.3940144061544
3365,train,13000,15358.324954677408,-2358.3249546774077
2237,train,35000,53196.263329164605,-18196.263329164605
487,train,6000,10232.410692488242,-4232.410692488242
520,train,25000,29524.800615319848,-4524.800615319848
501,train,14000,22477.326028700587,-8477.326028700587
4495,train,14000,13784.97031023653,215.02968976347074
957,train,16000,20103.90123885243,-4103.901238852432
2816,train,31500,43169.96446740114,-11669.964467401143
4505,train,8500,11679.501935722987,-3179.5019357229867
3429,train,22000,34758.662883081466,-12758.662883081466
1870,train,11000,13099.104529034918,-2099.1045290349175
1812,train,12000,12840.172182278136,-840.1721822781365
682,train,27000,17543.58166538994,9456.418334610062
2629,train,6000,8512.091167637933,-2512.091167637933
3100,train,9000,10025.45117033,-1025.4511703299995
2692,train,50000,37859.197483153745,12140.802516846255
799,train,70000,56019.99201370276,13980.007986297242
2897,train,9000,17181.674217211345,-8181.6742172113445
4018,train,17000,12473.412872551879,4526.5871274481215
3908,train,9000,9285.92601098083,-285.92601098082923
2506,train,35000,15447.491942827572,19552.50805717243
125,train,18000,10559.267317192574,7440.732682807426
1072,train,54500,26761.8363320748,27738.1636679252
2568,train,52000,59452.57110241385,-7452.571102413851
180,train,15000,9619.936342820412,5380.063657179588
1755,train,6000,8956.274833371663,-2956.2748333716627
1258,train,270000,257089.96249634333,12910.03750365667
1201,train,35000,17215.44042300483,17784.55957699517
843,train,56000,62999.80876405192,-6999.8087640519225
3281,train,7500,14688.643093063683,-7188.643093063683
241,train,9000,9176.56507894686,-176.56507894686
717,train,8500,18278.481725943308,-9778.481725943308
3127,train,18000,17525.440258654413,474.5597413455871
2212,train,9000,8926.052951461234,73.94704853876647
4309,train,20000,25569.519775137236,-5569.519775137236
4092,train,11000,13513.979315001341,-2513.979315001341
619,train,50000,98075.74650275244,-48075.746502752445
3023,train,10000,14508.920486091723,-4508.920486091723
2705,train,17000,10897.141666203152,6102.8583337968485
798,train,150000,86419.96466842503,63580.03533157497
749,train,80000,79036.83322370853,963.1667762914731
1130,train,33000,46345.68379213948,-13345.683792139484
1758,train,27500,17198.01010298872,10301.98989701128
2651,train,13000,9889.277532535969,3110.722467464031
2224,train,6200,6792.728890424375,-592.7288904243751
596,train,47000,44362.27404217838,2637.725957821618
235,train,15000,9650.688737397753,5349.311262602247
458,train,15000,17195.366342104513,-2195.366342104513
2011,train,15000,12899.200058638995,2100.799941361005
318,train,14000,7374.321853052843,6625.678146947157
3683,train,13500,13444.105858856434,55.89414114356623
4461,train,15000,23222.58285165957,-8222.582851659568
22,train,4000,4562.573281569107,-562.5732815691072
4471,train,15000,12570.525772009938,2429.474227990062
1795,train,7000,7918.547387936038,-918.5473879360379
4177,train,12000,13781.646803293928,-1781.6468032939283
4163,train,15000,22772.628853891663,-7772.628853891663
2396,train,10000,11498.601862024823,-1498.6018620248233
4190,train,5500,7376.039530490356,-1876.039530490356
2939,train,23000,18639.78030249659,4360.219697503409
836,train,35000,40627.53967394532,-5627.539673945321
1686,train,10000,11462.325312892111,-1462.3253128921115
1024,train,9400,19168.531051140326,-9768.531051140326
3328,train,30000,17370.044038753535,12629.955961246465
3486,train,6000,6867.178641498132,-867.1786414981316
3079,train,15000,23637.596215447033,-8637.596215447033
2867,train,25000,38915.769397906086,-13915.769397906086
1739,train,45000,41552.17843966459,3447.821560335411
4425,train,16000,11193.437141383627,4806.562858616373
3758,train,11500,14901.596183012163,-3401.5961830121632
519,train,12000,8373.492736420509,3626.5072635794913
291,train,14000,17096.449830163816,-3096.449830163816
2377,train,14000,17402.448004661055,-3402.448004661055
1161,train,85000,61019.369135887115,23980.630864112885
4211,train,3000,5420.5078198304145,-2420.5078198304145
693,train,55000,54099.1662460555,900.8337539444983
1572,train,180000,84761.00857921953,95238.99142078047
4569,train,25000,22857.2016558335,2142.7983441664983
1582,train,15000,16262.14543235401,-1262.1454323540092
2291,train,22000,22651.80234894852,-651.8023489485204
2869,train,22000,18448.964703507678,3551.0352964923222
1250,train,13000,19849.921979221075,-6849.921979221075
538,train,33500,43888.860561508074,-10388.860561508074
841,train,280000,341463.2409181904,-61463.24091819039
1635,train,11000,11762.021789089531,-762.021789089531
1162,train,110000,102460.13389247449,7539.866107525508
3221,train,65000,51685.46836244877,13314.531637551227
1032,train,130000,111660.43693406618,18339.56306593382
2919,train,30000,22768.20756342205,7231.792436577951
1767,train,9000,6167.384661316891,2832.6153386831093
464,train,7000,9232.93771923034,-2232.93771923034
3765,train,14000,14825.095586055935,-825.0955860559352
2322,train,15000,12032.920355876162,2967.079644123838
4086,train,20000,21245.550439085593,-1245.550439085593
3247,train,9000,12882.574230397428,-3882.5742303974275
3924,train,24000,25458.695440829822,-1458.6954408298225
4439,train,20000,11538.413669401134,8461.586330598866
3012,train,7000,6263.519709737777,736.4802902622232
3466,train,10000,10472.323307719593,-472.3233077195928
591,train,45000,43866.26979335777,1133.7302066422271
2987,train,12000,13066.645200176969,-1066.6452001769685
470,train,1800,5723.579373265968,-3923.5793732659677
1440,train,22000,16331.18117420967,5668.818825790329
840,train,45000,34888.95103633029,10111.04896366971
3518,train,8500,14313.946833788623,-5813.946833788623
2918,train,24000,30264.420817801743,-6264.420817801743
488,train,18000,9992.570670520026,8007.429329479974
3016,train,4500,4999.754460488135,-499.754460488135
3442,train,9500,13076.357400197177,-3576.3574001971774
3997,train,13000,16363.047714727065,-3363.047714727065
4458,train,13000,13010.652387565528,-10.652387565527533
2724,train,5000,8727.815160800192,-3727.8151608001917
1103,train,70000,84262.0370249241,-14262.037024924095
4001,train,15000,12401.460026121265,2598.5399738787346
3940,train,7000,12726.150346186381,-5726.150346186381
795,train,18500,31643.073037638933,-13143.073037638933
4288,train,3300,4261.828943674349,-961.8289436743489
704,train,40000,40862.66591653659,-862.6659165365927
4347,train,7500,7562.889061747651,-62.889061747650885
3790,train,70000,17000.762908927172,52999.23709107283
3676,train,18000,12611.899921462851,5388.100078537149
1319,train,12000,17258.220199089206,-5258.220199089206
2270,train,60000,44620.516895540284,15379.483104459716
3786,train,250000,142779.70941539967,107220.29058460033
1291,train,85000,79320.70309230663,5679.296907693366
1414,train,85000,55600.169172751506,29399.830827248494
2139,train,7500,7496.644503072899,3.3554969271008304
3119,train,11000,15347.825787555343,-4347.825787555343
1965,train,22000,29998.981241453137,-7998.981241453137
4725,train,18000,21293.787686154963,-3293.787686154963
2173,train,12000,14466.37840854761,-2466.378408547611
558,train,30000,22777.35738587875,7222.6426141212505
1845,train,13000,14454.288561340698,-1454.288561340698
1634,train,8000,6482.16524984127,1517.8347501587295
431,train,23000,12968.114779616002,10031.885220383998
2439,train,30000,14018.81849299439,15981.18150700561
3543,train,12000,10206.454861891865,1793.5451381081348
349,train,6000,9917.114939334902,-3917.1149393349024
53,train,15000,10921.232728260147,4078.7672717398527
3632,train,10000,13485.310169028124,-3485.3101690281237
50,train,7500,6025.998623463075,1474.001376536925
4412,train,9000,6473.953003501854,2526.0469964981457
3284,train,7000,11186.69608794855,-4186.6960879485505
2905,train,12100,18770.361579382767,-6670.361579382767
1418,train,20000,19500.03819047728,499.9618095227197
2157,train,12000,11250.403816552534,749.5961834474656
1302,train,45000,53747.23019192966,-8747.230191929659
1859,train,50000,51418.10556266627,-1418.105562666271
3539,train,14000,21097.989304992625,-7097.989304992625
1993,train,30000,37406.24399264561,-7406.243992645614
28,train,8500,8062.115612771338,437.8843872286616
2092,train,9000,10539.609255993422,-1539.6092559934223
3243,train,25000,39442.43274405725,-14442.432744057252
3682,train,9500,8553.2484664511,946.7515335489006
3453,train,37500,34369.34635011465,3130.653649885353
1260,train,26000,27301.021730922555,-1301.0217309225554
1424,train,22000,19184.01963542365,2815.9803645763495
3440,train,14000,13608.203646086004,391.7963539139964
1933,train,8000,8725.46659544646,-725.4665954464599
204,train,5000,6100.362808910386,-1100.3628089103859
3010,train,20000,49328.96351575085,-29328.963515750853
4540,train,7000,5262.12025891261,1737.8797410873904
2803,train,4000,8692.841164332116,-4692.841164332116
3854,train,26000,15316.098623317206,10683.901376682794
1301,train,32000,31567.844981886952,432.15501811304784
4160,train,14000,9546.384376696493,4453.615623303507
1237,train,79500,45418.34599794617,34081.65400205383
3057,train,6000,10829.70860524257,-4829.708605242569
1792,train,20000,16778.51770381234,3221.48229618766
977,train,23000,28634.27686433705,-5634.276864337051
2216,train,11000,9878.163050545063,1121.836949454937
2913,train,40000,55977.65312168959,-15977.65312168959
1437,train,75000,95581.53755550578,-20581.537555505784
2693,train,20000,14081.836190106804,5918.163809893196
4679,train,20000,18014.89142797895,1985.1085720210503
1639,train,8000,9105.499089533354,-1105.499089533354
3449,train,15000,12808.873988567728,2191.126011432272
542,train,400000,525929.6819562915,-125929.68195629155
1362,train,170000,99882.89707860422,70117.10292139578
2415,train,80000,42775.01915357865,37224.98084642135
3002,train,15000,13246.616602682941,1753.3833973170586
2404,train,14900,12680.509316753809,2219.490683246191
4664,train,8000,15947.256520232357,-7947.256520232357
2259,train,30000,29723.690423960965,276.30957603903516
2901,train,23000,30510.684453035956,-7510.684453035956
2497,train,7000,9478.277371438639,-2478.2773714386385
1330,train,16000,11131.818062289607,4868.181937710393
2993,train,14000,14891.140137390947,-891.1401373909466
3712,train,23000,22857.323207797308,142.676792202692
3756,train,16000,12808.835215869387,3191.164784130613
2238,train,9000,10708.060666734485,-1708.0606667344855
330,train,3800,6864.572694549376,-3064.572694549376
1067,train,45000,68322.0807380592,-23322.0807380592
1127,train,43000,43179.03381975971,-179.03381975970842
3834,train,40000,30817.01506954008,9182.98493045992
3343,train,18000,17993.877157532257,6.122842467742885
630,train,310000,210290.381756991,99709.618243009
713,train,35000,45379.526752926715,-10379.526752926715
2747,train,9500,9894.62807970885,-394.6280797088493
2094,train,20000,15085.235838146402,4914.764161853598
268,train,6500,9746.516055710024,-3246.5160557100244
3928,train,27000,27058.715883381654,-58.71588338165384
2535,train,16000,9026.042532778394,6973.957467221606
2105,train,6000,15129.51165506679,-9129.51165506679
3851,train,27500,31407.636105230427,-3907.6361052304273
1617,train,12000,14200.27507204341,-2200.2750720434105
2895,train,150000,28776.97704113116,121223.02295886884
265,train,40000,29098.10312085415,10901.89687914585
4120,train,80000,68112.40819163148,11887.591808368525
2533,train,28500,26748.534944447114,1751.465055552886
4250,train,15000,14176.7785951841,823.2214048159003
2249,train,21000,26521.9237070405,-5521.9237070405
3419,train,10500,13324.331365615344,-2824.331365615344
506,train,3300,3480.861953506493,-180.86195350649314
2994,train,6000,8404.363334864312,-2404.3633348643125
4426,train,14000,11075.446590966978,2924.553409033022
1345,train,90000,103043.65714127963,-13043.657141279633
1485,train,280000,322409.17018375493,-42409.17018375493
1796,train,10000,16751.806728903022,-6751.806728903022
233,train,21000,9173.703015615578,11826.296984384422
622,train,220000,203543.823817064,16456.176182936004
1074,train,67000,90737.82946100575,-23737.82946100575
2821,train,20000,9336.369348419348,10663.630651580652
2601,train,30000,28873.58645404972,1126.4135459502795
1976,train,9000,10365.419013446617,-1365.419013446617
4689,train,53000,53250.522242228886,-250.52224222888617
3223,train,15000,16234.180061560734,-1234.1800615607335
220,train,3000,3720.3753575472265,-720.3753575472265
4729,train,17000,18864.04023092403,-1864.0402309240308
1294,train,36000,34084.943975302034,1915.0560246979658
3840,train,13000,14159.371545508036,-1159.3715455080364
428,train,5500,5797.912325693732,-297.9123256937319
429,train,8500,12191.984031236289,-3691.9840312362885
1590,train,9000,10584.975804660286,-1584.9758046602856
2460,train,13000,14600.238908931804,-1600.238908931804
2191,train,8000,6939.2850543585655,1060.7149456414345
872,train,130000,132102.49659205833,-2102.4965920583345
107,train,8000,8671.238094416953,-671.2380944169527
2234,train,6000,8981.851331718244,-2981.851331718244
613,train,30000,16556.36345095918,13443.63654904082
1760,train,10000,15320.629615212516,-5320.629615212516
4649,train,6000,6826.820931615723,-826.8209316157227
4366,train,10000,12821.416879524846,-2821.416879524846
1340,train,400000,354300.2523082753,45699.74769172468
4715,train,15000,11148.655469046489,3851.344530953511
1211,train,30000,31872.977017731464,-1872.977017731464
2132,train,8000,7743.890525942801,256.1094740571989
1168,train,150000,192029.8839521615,-42029.8839521615
861,train,95000,63188.64098352561,31811.359016474387
1567,train,14500,13506.899304587492,993.1006954125078
2667,train,11000,11723.398935257193,-723.3989352571934
689,train,48000,46253.50633168155,1746.4936683184496
2690,train,9000,13931.032338428546,-4931.032338428546
2165,train,15000,13089.829537876423,1910.1704621235767
348,train,20000,20444.714240787824,-444.71424078782366
2413,train,7500,11197.200345848762,-3697.2003458487616
4280,train,10000,6876.381489568578,3123.618510431422
3329,train,9000,10855.623164695167,-1855.6231646951674
3551,train,25000,28315.76953977651,-3315.769539776509
2054,train,15000,12890.903869999229,2109.096130000771
3298,train,23999,18211.35201356195,5787.647986438049
3029,train,35000,34953.816265527494,46.18373447250633
494,train,12000,11794.09692896489,205.90307103511077
2558,train,10000,13412.373211414342,-3412.373211414342
4361,train,53000,34531.014615752276,18468.985384247724
3519,train,10000,13755.780816184744,-3755.7808161847443
2429,train,55000,59329.57222799368,-4329.572227993682
2168,train,42000,28495.845526035144,13504.154473964856
4030,train,19800,12383.393577511812,7416.606422488188
1561,train,10000,8712.361477460874,1287.638522539126
4415,train,9000,10946.644765034673,-1946.6447650346727
3907,train,8000,14086.68312618102,-6086.68312618102
3970,train,12000,12257.041471025776,-257.04147102577554
2148,train,18000,14304.755500524576,3695.244499475424
3953,train,65000,33023.84119361158,31976.15880638842
2166,train,5500,9015.002769391687,-3515.0027693916873
720,train,38000,28032.511188030287,9967.488811969713
863,train,18500,20716.0725915234,-2216.0725915233998
399,train,5000,6397.840230318565,-1397.8402303185649
2214,train,10000,8876.97969780112,1123.02030219888
3594,train,7000,6418.117742020342,581.8822579796579
2430,train,20000,20759.387235558395,-759.3872355583953
3771,train,13000,15106.409663439212,-2106.4096634392117
2112,train,42000,43275.173560961404,-1275.1735609614043
3734,train,15000,24627.869337112974,-9627.869337112974
4176,train,200000,107728.13230549984,92271.86769450016
2428,train,15500,16281.734662209912,-781.7346622099121
925,train,400000,229145.47673488889,170854.52326511111
2950,train,6000,12044.56940260285,-6044.5694026028505
109,train,6000,6022.291531309613,-22.291531309612765
2719,train,25000,14056.739208815841,10943.260791184159
4386,train,25000,18252.840673288,6747.159326712001
2644,train,7000,7932.2102004334265,-932.2102004334265
3398,train,18000,16946.719616908278,1053.280383091722
4563,train,12000,14338.756614667189,-2338.756614667189
4296,train,8000,7504.751077610749,495.24892238925077
1511,train,15000,21821.96447809826,-6821.96447809826
4195,train,24000,25537.321029895586,-1537.3210298955855
3784,train,12000,8069.06142994496,3930.93857005504
4634,train,16000,11350.956606839336,4649.043393160664
2723,train,6000,8105.781823231029,-2105.781823231029
1940,train,8000,7312.701542347382,687.2984576526178
1494,train,13000,12515.054122892783,484.9458771072168
4557,train,23000,22349.987928258157,650.0120717418431
2194,train,32000,42359.37563744183,-10359.37563744183
1500,train,7500,7066.932735011105,433.06726498889475
2921,train,10000,12864.426148231183,-2864.426148231183
2948,train,30000,29120.5022650075,879.4977349924993
2465,train,15500,25125.4647458241,-9625.464745824102
2488,train,9000,7909.727419195429,1090.2725808045707
86,train,7000,11991.091408126136,-4991.091408126136
1659,train,14500,11500.58146450889,2999.4185354911097
2457,train,7500,15165.963867337217,-7665.963867337217
3196,train,11000,13319.01939595498,-2319.0193959549797
1676,train,150000,96362.82976168046,53637.17023831954
4308,train,17000,15072.967368138874,1927.032631861126
1148,train,240000,223027.4194586061,16972.580541393894
3437,train,7000,7746.928718936307,-746.9287189363067
3785,train,13000,11775.92966805761,1224.07033194239
1934,train,9500,9048.707020535994,451.29297946400584
1135,train,40000,26394.407298732545,13605.592701267455
2808,train,12500,17884.26456869668,-5384.264568696679
3607,train,30000,15035.087945541236,14964.912054458764
561,train,20000,23298.897841315942,-3298.897841315942
3481,train,13000,14636.914429805696,-1636.9144298056963
4148,train,20000,21731.13212460712,-1731.1321246071202
826,train,1000000,195938.01496024115,804061.9850397588
949,train,180000,108944.50984626537,71055.49015373463
898,train,60000,81378.1501857527,-21378.150185752704
3511,train,65000,63691.26579078428,1308.7342092157196
80,train,14500,16024.991570266644,-1524.991570266644
453,train,7000,9369.686339959995,-2369.686339959995
2560,train,12000,17336.77616336599,-5336.77616336599
1396,train,30000,26580.37984998886,3419.6201500111383
3250,train,14000,20754.420658268184,-6754.420658268184
570,train,45000,63812.63774060221,-18812.637740602207
1606,train,37000,26349.69428138948,10650.305718610522
1399,train,70000,76702.58839038429,-6702.588390384291
1523,train,5500,6394.916862379851,-894.9168623798514
4281,train,10000,12000.506699791737,-2000.5066997917365
240,train,8500,7436.39060919537,1063.6093908046296
451,train,5146,7130.92710787282,-1984.9271078728198
1311,train,50000,50647.61911665112,-647.6191166511198
258,train,22000,16309.883728605568,5690.116271394432
3138,train,8000,7531.300311807057,468.69968819294263
102,train,21000,11177.676371503807,9822.323628496193
794,train,150000,168025.12510298798,-18025.12510298798
3575,train,60000,122212.78554555726,-62212.78554555726
1528,train,18000,17563.427020321986,436.57297967801424
4596,train,6000,6779.834688017033,-779.8346880170329
818,train,50000,74164.36696381483,-24164.366963814828
2781,train,18000,18694.64480552318,-694.6448055231813
1088,train,50000,49556.46135246488,443.5386475351188
219,train,6500,8058.400628627902,-1558.4006286279018
245,train,7000,10414.340408398497,-3414.340408398497
210,train,13000,12007.138736282934,992.8612637170663
4371,train,40000,41276.80237985447,-1276.8023798544673
706,train,20000,32095.55697170508,-12095.556971705078
874,train,250000,225273.7083850888,24726.2916149112
2120,train,8500,8364.277398798924,135.72260120107603
1873,train,120000,87691.2724835723,32308.727516427694
337,train,7000,10909.039553613811,-3909.039553613811
1948,train,14000,13017.366052556024,982.6339474439756
1951,train,12000,8293.609544210738,3706.390455789262
1134,train,36000,28131.964844072132,7868.035155927868
1563,train,11000,7301.7785750531875,3698.2214249468125
2909,train,42000,52944.701553474864,-10944.701553474864
44,train,6000,6791.068857776562,-791.0688577765623
2892,train,20000,28258.656110870954,-8258.656110870954
1622,train,17000,20352.70720377357,-3352.7072037735707
4313,train,17000,11705.425753577761,5294.5742464222385
3444,train,120000,70250.97455563933,49749.02544436067
697,train,43000,47401.16216554435,-4401.162165544352
298,train,9000,7443.041317871002,1556.9586821289977
4233,train,16000,13363.166176260635,2636.8338237393655
1054,train,100000,113534.17541631307,-13534.175416313068
2406,train,10000,20885.773176346913,-10885.773176346913
2725,train,20000,14442.98377054479,5557.01622945521
4470,train,20000,47934.55764779963,-27934.55764779963
129,train,4700,6071.629416181208,-1371.6294161812084
4292,train,20000,17675.661966556727,2324.338033443273
4736,val,15000,13518.949970054497,1481.0500299455034
1052,val,130000,85289.63004616942,44710.36995383058
2600,val,40000,59166.54517058291,-19166.54517058291
2818,val,60000,32711.661456309463,27288.338543690537
2820,val,55000,46447.63095108394,8552.369048916058
1037,val,55000,69852.31003414701,-14852.310034147013
2610,val,42000,82283.79964737991,-40283.799647379914
1382,val,80000,68393.34648380197,11606.653516198028
2755,val,65000,53940.811844229705,11059.188155770295
2674,val,35000,42918.21924173269,-7918.219241732688
1397,val,100000,186616.5644240278,-86616.5644240278
2206,val,21000,33057.20352153498,-12057.203521534982
1980,val,12000,8176.99481978846,3823.0051802115404
4277,val,22000,24629.491850746934,-2629.491850746934
4121,val,7500,5642.8189514624755,1857.1810485375245
2033,val,30000,19031.393616110236,10968.606383889764
1446,val,22000,27153.499050431226,-5153.499050431226
3807,val,23000,15121.691939889091,7878.308060110909
2045,val,19000,12648.504762966542,6351.495237033458
4571,val,12000,14067.829399466389,-2067.829399466389
1574,val,12000,13558.781591361585,-1558.781591361585
4681,val,9000,11638.150521452222,-2638.150521452222
2335,val,22000,25624.687094399844,-3624.6870943998438
1817,val,19000,18088.74052088147,911.2594791185293
2553,val,15000,10446.677677107287,4553.322322892713
3498,val,16000,14018.572360417777,1981.4276395822235
2864,val,5500,9384.445385684821,-3884.4453856848213
3777,val,17000,15803.639608556405,1196.3603914435953
4599,val,16000,19750.41752362105,-3750.4175236210503
2502,val,11000,20275.44755280173,-9275.447552801728
765,val,140000,108988.57850483438,31011.421495165618
3974,val,12000,19990.776846659264,-7990.776846659264
1503,val,10500,13025.70572104045,-2525.705721040449
1876,val,5000,5053.3486650093055,-53.34866500930548
1886,val,6000,7967.4074756694645,-1967.4074756694645
866,val,100000,107620.4608937764,-7620.460893776399
862,val,30000,17866.340667837656,12133.659332162344
347,val,8500,7118.522119977001,1381.4778800229988
1271,val,98000,68289.61199687887,29710.38800312113
1129,val,35000,36917.61695570003,-1917.6169557000321
2738,val,8500,11410.759884043797,-2910.759884043797
1197,val,55000,25991.828021090925,29008.171978909075
3181,val,5000,5471.468593018678,-471.4685930186779
768,val,45000,43909.869043025436,1090.1309569745645
1025,val,100000,86321.46471819193,13678.535281808072
4556,val,11000,14538.509356641809,-3538.509356641809
2453,val,6000,11312.424363359376,-5312.424363359376
1,val,20000,9982.429939181824,10017.570060818176
2843,val,28000,24290.976277919395,3709.023722080605
1281,val,95000,47349.634477469386,47650.365522530614
4377,val,20000,23028.70595506376,-3028.7059550637605
1904,val,65000,39396.25828430354,25603.74171569646
3263,val,25000,15260.990733566168,9739.009266433832
2965,val,85000,42717.541241435305,42282.458758564695
4414,val,39000,26160.248057708453,12839.751942291547
209,val,8000,8003.444672729208,-3.444672729207923
1147,val,8000,36538.723001548744,-28538.723001548744
3385,val,5700,5693.093443044679,6.906556955321321
3839,val,27000,38820.41365621368,-11820.413656213677
4143,val,60000,44964.5240224737,15035.475977526301
2926,val,5500,9941.290015192704,-4441.290015192704
3195,val,12000,12465.192360204634,-465.1923602046336
2597,val,10000,13064.201848778119,-3064.201848778119
2302,val,60000,50671.2755341074,9328.7244658926
4469,val,16000,13596.954856457272,2403.0451435427276
638,val,190000,134489.4567689609,55510.543231039104
4489,val,15000,16710.512150826315,-1710.5121508263146
3213,val,8000,5798.844703623199,2201.155296376801
3495,val,70000,71859.21857952642,-1859.2185795264231
285,val,25000,19661.947307127677,5338.052692872323
4667,val,15000,13741.768791006083,1258.2312089939169
3725,val,11000,8444.729514949408,2555.2704850505925
3846,val,14000,14266.10774188677,-266.1077418867699
3331,val,30000,18283.63900767618,11716.360992323818
2220,val,6500,7935.143901303097,-1435.1439013030968
4622,val,13000,16118.25231827642,-3118.25231827642
667,val,25000,14713.259335886154,10286.740664113846
1773,val,16000,22440.492430632574,-6440.492430632574
744,val,300000,104678.82939479916,195321.17060520084
3849,val,15000,10240.254154109947,4759.745845890053
4514,val,70000,53729.07319227419,16270.92680772581
2023,val,16000,16040.812203954027,-40.8122039540267
1732,val,10000,14475.961449987282,-4475.961449987282
2277,val,8000,7640.611961435002,359.38803856499817
1801,val,18000,10304.524865913025,7695.475134086975
3715,val,17000,18986.688417024456,-1986.6884170244557
4134,val,25000,24335.234659846235,664.7653401537646
3500,val,100000,51892.04687912379,48107.95312087621
3326,val,12000,14422.984855037754,-2422.9848550377537
3583,val,10000,11564.29956234757,-1564.2995623475708
3370,val,7500,12014.72587858947,-4514.72587858947
2142,val,30000,39646.19757319305,-9646.19757319305
433,val,8500,9424.36069298294,-924.3606929829402
634,val,150000,88250.55486939411,61749.44513060589
2239,val,8000,6384.773565956257,1615.2264340437432
3413,val,30000,40703.8100864546,-10703.8100864546
262,val,15000,10739.025208440198,4260.974791559802
2007,val,14000,15857.333486207348,-1857.333486207348
733,val,25000,28861.639355397612,-3861.6393553976122
2069,val,13000,13045.601434823326,-45.60143482332569
3960,val,30000,36663.52235141002,-6663.522351410022
814,val,100000,96068.7139382981,3931.2860617019032
4706,val,12000,11384.745795854875,615.2542041451252
1077,val,98000,177491.7020619578,-79491.7020619578
975,val,100000,36455.6197861334,63544.3802138666
4335,val,30000,27988.822479340575,2011.1775206594248
146,val,2200,10687.852893352923,-8487.852893352923
2021,val,35000,34588.084983295535,411.9150167044645
1895,val,6500,8185.393067937228,-1685.393067937228
3218,val,18000,14933.704842103172,3066.2951578968277
2195,val,14500,11417.320405847246,3082.6795941527544
4312,val,7000,13007.21704824851,-6007.217048248511
2923,val,280000,110216.62227980631,169783.3777201937
64,val,3500,4210.734147777529,-710.734147777529
4118,val,17000,18312.150787533697,-1312.1507875336974
1131,val,47000,55150.88347724328,-8150.883477243282
1196,val,120000,155576.03972369648,-35576.03972369648
336,val,7200,7225.5616683620365,-25.56166836203647
1815,val,12000,11374.656468111358,625.3435318886422
4582,val,37000,43663.955153579256,-6663.955153579256
2887,val,10000,12368.41535256772,-2368.4153525677193
2154,val,9000,8605.27898000941,394.7210199905894
3944,val,45000,38217.883709073416,6782.116290926584
1290,val,80000,47434.21962782708,32565.78037217292
747,val,35000,41405.979708900435,-6405.979708900435
2449,val,9000,9110.949217704192,-110.94921770419205
221,val,5200,9072.077402055762,-3872.077402055762
3102,val,55000,67587.23681677277,-12587.236816772769
2079,val,14000,13409.848140457336,590.1518595426642
1049,val,40000,42341.432649989816,-2341.432649989816
1051,val,95000,57046.25716566038,37953.74283433962
4014,val,16000,12580.634882946246,3419.365117053754
2860,val,250000,62175.289975716136,187824.71002428385
1433,val,7500,33758.706700741255,-26258.706700741255
4421,val,8000,12083.309350176574,-4083.3093501765743
3009,val,15000,15268.39803516487,-268.3980351648697
4728,val,15000,20778.19246946076,-5778.192469460759
3305,val,14000,15320.516487927021,-1320.5164879270214
2057,val,9500,7247.906082325557,2252.093917674443
992,val,140000,200780.9765164928,-60780.97651649281
994,val,65000,82894.21912644447,-17894.21912644447
4536,val,38000,21124.54872913117,16875.45127086883
1216,val,43000,65609.92892405449,-22609.92892405449
1277,val,55000,55248.43408943172,-248.43408943172108
2052,val,15000,15485.36847396463,-485.36847396463054
3991,val,18000,8709.812342696401,9290.187657303599
3169,val,10000,12386.508304825153,-2386.5083048251527
965,val,68000,92690.96650969106,-24690.96650969106
2182,val,190000,89798.82674874447,100201.17325125553
99,val,15000,18170.828448683333,-3170.8284486833327
2970,val,24000,24963.070071825317,-963.0700718253174
226,val,7000,6806.37921833148,193.62078166852007
74,val,40000,14485.075420294213,25514.92457970579
752,val,57000,62213.561894907376,-5213.561894907376
4670,val,17000,18735.52962383962,-1735.5296238396186
3126,val,25000,15970.699435702052,9029.300564297948
1299,val,140000,259389.02417169054,-119389.02417169054
3448,val,120000,94560.01768047726,25439.982319522736
3193,val,15000,12469.042544574255,2530.957455425745
4650,val,32000,24256.286796628425,7743.713203371575
3573,val,7500,6165.726358646458,1334.2736413535422
2326,val,11000,12071.842956853594,-1071.842956853594
1988,val,13000,11532.416053720397,1467.583946279603
791,val,600000,320866.3166458396,279133.6833541604
3039,val,40000,45599.75889769544,-5599.758897695443
170,val,5000,3717.1486214100432,1282.8513785899568
3866,val,50000,49550.129339472456,449.8706605275438
2846,val,27000,38628.342188535484,-11628.342188535484
3982,val,12000,12264.211206565193,-264.2112065651927
2758,val,12000,13575.180410216402,-1575.1804102164024
2712,val,7500,10299.423898792531,-2799.423898792531
3925,val,15000,11276.871136746642,3723.128863253358
3130,val,15000,15913.012712055217,-913.012712055217
2588,val,4000,7320.438292812181,-3320.4382928121813
906,val,4500,15992.479569082068,-11492.479569082068
4234,val,6000,4230.970101183621,1769.0298988163786
890,val,80000,64894.41004052277,15105.589959477227
1482,val,40000,30423.620563763263,9576.379436236737
535,val,30000,35702.15471424781,-5702.154714247808
1329,val,50000,30716.264851242377,19283.735148757623
2444,val,12000,8262.407684756929,3737.5923152430714
1442,val,55000,67486.93584910226,-12486.935849102258
1943,val,5000,7839.971949570456,-2839.9719495704558
4151,val,12000,8032.852037784627,3967.147962215373
2902,val,30000,69682.87175710019,-39682.87175710019
2943,val,27000,23314.956880009162,3685.043119990838
271,val,9000,18879.72896771034,-9879.72896771034
1527,val,10000,14053.104389450527,-4053.1043894505274
2373,val,8000,13232.775070933378,-5232.775070933378
3474,val,12000,10859.306798140573,1140.693201859427
4189,val,13900,7905.550091118762,5994.449908881238
4567,val,23000,19747.187386475372,3252.8126135246275
1892,val,7500,6100.811899658018,1399.1881003419821
3291,val,10000,8192.013852600821,1807.9861473991787
3864,val,28000,34817.0351643355,-6817.0351643355025
858,val,160000,121060.60181291615,38939.39818708385
3353,val,20000,26959.808183816644,-6959.808183816644
1715,val,21000,15252.39404753895,5747.60595246105
3445,val,20000,19201.827662962405,798.1723370375948
3932,val,25000,29170.061913707093,-4170.0619137070935
2040,val,16000,13519.767440739688,2480.232559260312
663,val,50000,42827.64962008032,7172.350379919677
4192,val,4700,10290.176377420164,-5590.1763774201645
3202,val,12000,12657.622593785294,-657.6225937852942
1266,val,85000,42651.475023244246,42348.524976755754
217,val,30000,30317.624080692032,-317.6240806920323
1978,val,27500,20773.188743312618,6726.811256687382
2749,val,30000,30046.073157822935,-46.07315782293517
3609,val,14000,17351.946472129464,-3351.9464721294644
1473,val,45000,49174.731533409904,-4174.731533409904
2059,val,9000,13953.851322964534,-4953.851322964534
4539,val,25000,11099.159186095443,13900.840813904557
653,val,13500,25410.895625445373,-11910.895625445373
2048,val,18000,17729.161845763494,270.83815423650594
42,val,5000,6035.889788764753,-1035.8897887647527
4454,val,15000,13153.277149776577,1846.722850223423
1989,val,11000,10203.831309647427,796.1686903525733
2671,val,20500,28100.387441376963,-7600.387441376963
580,val,13000,18199.972507902705,-5199.972507902705
2792,val,7000,11340.165561483196,-4340.165561483196
916,val,90000,47896.371800289475,42103.628199710525
3789,val,36000,38926.64093977718,-2926.6409397771786
410,val,6500,9011.39119981719,-2511.3911998171898
2089,val,30000,44626.110649344,-14626.110649344002
3735,val,28000,13673.509283085703,14326.490716914297
201,val,10000,6479.70151923517,3520.29848076483
2546,val,12000,9780.222212098808,2219.777787901192
2084,val,12000,15890.964010889656,-3890.9640108896565
1710,val,7000,6556.444452544483,443.5555474555167
4079,val,27000,25753.81016923317,1246.1898307668307
4488,val,25000,24088.19734434245,911.8026556575496
3035,val,10000,9956.127004556472,43.87299544352754
3920,val,27000,17187.93721465564,9812.062785344358
3277,val,25000,29247.55528279757,-4247.55528279757
3949,val,35000,37123.94612701515,-2123.9461270151514
2656,val,5000,9324.525711829241,-4324.525711829241
1941,val,22000,8505.691165413631,13494.308834586369
2383,val,18500,16028.661773076772,2471.338226923228
2423,val,8500,7026.036510726483,1473.9634892735166
4653,val,12000,7168.494602964776,4831.505397035224
3962,val,25000,27119.11021041003,-2119.1102104100282
565,val,44000,54212.111795154364,-10212.111795154364
3248,val,14000,17710.78726625329,-3710.78726625329
1428,val,31000,30575.635820614712,424.36417938528757
1193,val,250000,119523.93433646893,130476.06566353107
2448,val,35000,45158.72015531152,-10158.720155311523
1512,val,7000,8208.909889208693,-1208.9098892086931
2841,val,10000,10249.399157621805,-249.399157621805
3400,val,7500,11128.111103761312,-3628.111103761312
395,val,6000,8180.828262894665,-2180.8282628946654
2607,val,15500,12459.708926721341,3040.2910732786586
1097,val,29500,44571.54617803861,-15071.54617803861
1917,val,14000,15753.523112939274,-1753.5231129392741
1491,val,250000,355224.62112000503,-105224.62112000503
1453,val,55000,63600.6710573941,-8600.671057394102
1877,val,18000,10908.752025249669,7091.247974750331
3436,val,13500,15436.903450133455,-1936.9034501334554
1566,val,24000,21705.031262613626,2294.9687373863744
757,val,24000,25903.17806779813,-1903.1780677981296
3956,val,45000,40400.697394005845,4599.302605994155
4251,val,15500,12910.294345584367,2589.705654415633
3603,val,6500,7408.872768252909,-908.8727682529088
1496,val,21000,27842.091346040852,-6842.091346040852
3377,val,20000,14798.361289903516,5201.638710096484
3507,val,17000,13662.747015129216,3337.2529848707836
2197,val,7500,8381.554106043504,-881.5541060435044
1858,val,17000,19457.83104167915,-2457.83104167915
3841,val,9000,15824.341897373337,-6824.341897373337
1578,val,12000,14966.452419789688,-2966.452419789688
247,val,7000,12251.771694835052,-5251.771694835052
2170,val,15000,16120.655112516917,-1120.6551125169171
3069,val,14000,6531.013206483004,7468.986793516996
1093,val,75000,114480.72210630907,-39480.72210630907
808,val,60000,25445.95991603949,34554.04008396051
2837,val,150000,190249.7569043717,-40249.756904371694
4061,val,13000,12947.425289097067,52.574710902932566
2703,val,10000,13144.45948793831,-3144.4594879383094
2417,val,13000,16049.980917133038,-3049.980917133038
2590,val,20000,29294.119511133573,-9294.119511133573
4409,val,46000,63188.94565446349,-17188.94565446349
2245,val,11000,11778.141027558311,-778.1410275583112
3560,val,20000,14660.443773322315,5339.556226677685
4029,val,15000,22479.46442590602,-7479.464425906019
2409,val,7000,12003.736333068886,-5003.736333068886
3568,val,26000,25933.30744669569,66.69255330431042
592,val,170000,149686.61208596273,20313.387914037274
1979,val,16000,14796.860178124789,1203.139821875211
373,val,15000,14837.030453163852,162.96954683614786
2732,val,20000,11558.928340169703,8441.071659830297
2678,val,17000,13284.96545724541,3715.034542754591
2751,val,13000,14705.446334564835,-1705.4463345648346
1826,val,7000,8138.716774610309,-1138.7167746103087
301,val,15000,16220.630186546914,-1220.630186546914
2900,val,16000,27150.374557865205,-11150.374557865205
3316,val,7000,7605.620729028549,-605.6207290285492
648,val,80000,80934.09408743764,-934.0940874376392
3645,val,20000,16570.30931299159,3429.6906870084094
457,val,8000,7367.408912434274,632.5910875657264
1679,val,40000,28989.38727386869,11010.612726131309
3219,val,15000,17687.000421577995,-2687.0004215779954
3030,val,34999,42456.1613688267,-7457.1613688267025
3261,val,12000,9537.092631758152,2462.9073682418475
1016,val,45000,53659.33610976679,-8659.336109766788
3033,val,15000,9278.492082272105,5721.507917727895
4369,val,7000,7260.647101783976,-260.6471017839758
3318,val,20000,35151.75386470936,-15151.75386470936
3662,val,13500,7254.62901929523,6245.37098070477
2830,val,12000,24607.278314628693,-12607.278314628693
4077,val,25000,14842.762526843193,10157.237473156807
1019,val,20000,14280.11902142047,5719.880978579529
3446,val,21000,14266.257388069716,6733.742611930284
1891,val,36000,31624.499150821048,4375.500849178952
1336,val,21000,15403.033241194844,5596.966758805156
3927,val,12000,12505.224581823599,-505.2245818235988
4703,val,60000,40903.63956467828,19096.360435321723
4522,val,9500,8375.988849445543,1124.0111505544573
2655,val,9500,12032.117311631773,-2532.117311631773
187,val,8000,12589.738168725959,-4589.7381687259585
1584,val,27000,24432.54929440366,2567.4507055963404
2726,val,10000,10127.891160467208,-127.89116046720846
287,val,7500,19012.999859460964,-11512.999859460964
1156,val,260000,122295.16448079984,137704.83551920016
3348,val,53000,52413.68738315707,586.3126168429299
3679,val,11000,10848.118116200461,151.88188379953863
3740,val,36000,40611.97766471478,-4611.977664714781
1263,val,27000,39843.89928512666,-12843.89928512666
503,val,40000,25552.38611488664,14447.613885113358
1747,val,15000,13015.126152090072,1984.8738479099284
4410,val,12000,13608.860492087564,-1608.8604920875641
2329,val,8500,9357.74447442319,-857.7444744231907
600,val,300000,136003.99181274863,163996.00818725137
2592,val,150000,38722.115490733,111277.884509267
4497,val,12500,12912.686450515346,-412.6864505153462
3934,val,12000,13221.800757313316,-1221.8007573133164
675,val,21000,18191.796719087655,2808.203280912345
4724,val,5000,8662.098550016022,-3662.0985500160223
4019,val,12500,9911.449919400202,2588.550080599798
2542,val,45000,26551.21157400496,18448.78842599504
2478,val,20000,16194.043314586244,3805.9566854137556
2522,val,65000,27324.009815620917,37675.99018437909
2809,val,30000,41093.323001854435,-11093.323001854435
2501,val,10000,8340.93854065766,1659.0614593423397
2280,val,30000,32057.64377279329,-2057.64377279329
1868,val,22500,42138.17680328489,-19638.176803284892
3422,val,7500,5059.507184697446,2440.492815302554
999,val,1200000,243923.2648332767,956076.7351667233
2786,val,150000,92537.9341043923,57462.065895607695
2870,val,21000,12038.403179173196,8961.596820826804
4345,val,5000,7118.048449601544,-2118.0484496015442
1837,val,17000,30508.141942629292,-13508.141942629292
4431,val,12000,13410.168063454863,-1410.168063454863
3653,val,10000,8232.502258481156,1767.4977415188441
1317,val,80000,50141.71128337463,29858.28871662537
1456,val,140000,197569.4866893544,-57569.48668935441
2470,val,2000,7591.298992653337,-5591.298992653337
1545,val,8000,8201.300397905517,-201.30039790551746
595,val,75000,120921.18849360192,-45921.18849360192
230,val,3500,6063.417978215268,-2563.417978215268
4623,val,11000,5488.279768275803,5511.720231724197
4441,val,30000,18629.327017834526,11370.672982165474
4105,val,6000,8887.673399609926,-2887.6733996099265
3024,val,13000,11256.73120581309,1743.2687941869099
2232,val,150000,108765.20695044994,41234.79304955006
2721,val,47000,42880.92581040943,4119.074189590567
3876,val,14000,13405.401682791433,594.5983172085671
40,val,7200,6484.465429158977,715.5345708410232
3322,val,10000,6751.678027821023,3248.3219721789774
3781,val,27999,28458.65543860783,-459.65543860783146
1681,val,16000,19308.405783655136,-3308.4057836551365
3396,val,8000,10133.128972066046,-2133.128972066046
4541,val,10000,10872.602212007516,-872.6022120075158
1857,val,27000,17793.030879091668,9206.969120908332
2158,val,24000,23160.27147931319,839.728520686811
3589,val,7000,11513.491162500095,-4513.491162500095
3244,val,9000,8558.711970034132,441.2880299658682
4391,val,13500,10201.093895733502,3298.906104266498
824,val,48000,44211.65146208407,3788.348537915932
55,val,7000,5774.946291592444,1225.0537084075559
2267,val,10000,12712.43237737858,-2712.43237737858
3531,val,20000,24906.25949707327,-4906.259497073272
3092,val,9000,12607.634708322812,-3607.634708322812
2407,val,40000,23249.143916186076,16750.856083813924
3563,val,18000,15193.980740306995,2806.0192596930046
1896,val,6000,8333.505587524362,-2333.5055875243615
333,val,30000,17607.897025758357,12392.102974241643
32,val,6000,6915.828680123931,-915.828680123931
1235,val,200000,299988.99498085765,-99988.99498085765
4485,val,12000,9244.358578485448,2755.6414215145523
1991,val,23500,16316.640579205723,7183.359420794277
1367,val,55000,35936.41137678394,19063.588623216063
4638,val,8000,6921.126934109387,1078.8730658906134
2347,val,10000,12211.865428830728,-2211.865428830728
2454,val,22000,23958.328178692587,-1958.3281786925872
1221,val,6500,19288.367783102753,-12788.367783102753
2371,val,65000,75890.47637080053,-10890.476370800534
1893,val,9000,8048.05021141988,951.9497885801202
1126,val,50000,46560.21024831573,3439.7897516842713
2171,val,6000,7566.979804258767,-1566.9798042587672
2131,val,10000,9229.55322857522,770.4467714247803
2468,val,13000,13365.637543568637,-365.63754356863683
1065,val,18000,15438.245799783708,2561.754200216292
3634,val,19000,21973.628422858455,-2973.6284228584555
1636,val,40000,37223.825811703304,2776.1741882966962
1262,val,41000,45347.30213811806,-4347.302138118059
3845,val,9500,9398.378042784661,101.62195721533863
3408,val,5000,10262.756293204013,-5262.756293204013
1616,val,100000,128442.26898540911,-28442.268985409115
2729,val,5500,8483.825231883951,-2983.8252318839513
2509,val,32000,29709.066003059164,2290.9339969408356
1548,val,20000,29180.99846610375,-9180.998466103749
3714,val,45000,21377.49996153455,23622.50003846545
2530,val,20000,15895.473242700007,4104.526757299993
4446,val,15000,18242.640779074965,-3242.6407790749654
2972,val,10500,19396.754445652317,-8896.754445652317
3141,val,13000,11782.286237127171,1217.7137628728287
3197,val,8000,9367.265665384602,-1367.2656653846025
4647,val,16000,17243.706871200015,-1243.7068712000146
1206,val,32000,38277.184250067694,-6277.184250067694
4089,val,10000,12212.885726834686,-2212.8857268346856
1935,val,9000,21973.313872804527,-12973.313872804527
2793,val,18500,19068.21177218922,-568.2117721892209
873,val,40000,33581.72025233289,6418.279747667111
772,val,120000,88868.84927286915,31131.15072713085
1953,val,9500,13565.810379618306,-4065.810379618306
3532,val,17000,17880.27994315592,-880.2799431559215
3401,val,15000,11977.05137091768,3022.9486290823206
207,val,6000,8605.630374168202,-2605.6303741682023
3825,val,10000,12347.328619013653,-2347.328619013653
20,val,7900,6770.188055302083,1129.8119446979172
3556,val,9500,14189.877894939387,-4689.877894939387
952,val,59000,43591.52313937944,15408.476860620562
4215,val,40000,36460.952282632206,3539.0477173677937
4686,val,7000,6162.088579806293,837.9114201937073
3561,val,13000,12020.167477677915,979.8325223220854
3818,val,8500,5851.540881085421,2648.4591189145794
1666,val,50000,70946.5979802107,-20946.597980210703
1925,val,15000,13319.541418966188,1680.4585810338122
3752,val,10000,7043.682967154488,2956.3170328455117
1735,val,8000,6396.02244146519,1603.9775585348098
444,val,10000,11623.918174279568,-1623.9181742795681
3608,val,4000,6968.9513805211145,-2968.9513805211145
556,val,32000,21998.230681449797,10001.769318550203
1078,val,16000,14487.849311346341,1512.150688653659
75,val,12500,13046.341058748514,-546.3410587485141
197,val,15000,15573.785725885133,-573.7857258851327
1120,val,90100,70548.25168195277,19551.748318047234
2845,val,18000,25557.024211157026,-7557.024211157026
10,val,25000,24620.79092403302,379.2090759669809
4093,val,12000,13275.195801876063,-1275.1958018760633
181,val,50000,16558.989276164477,33441.01072383553
4404,val,12000,16891.717645915323,-4891.717645915323
1609,val,8000,8492.077238006857,-492.07723800685744
96,val,12000,16670.350030539947,-4670.350030539947
4141,val,15500,11626.095671164445,3873.904328835555
4707,val,110000,69824.85132545487,40175.148674545126
355,val,5200,6245.977535701335,-1045.977535701335
2127,val,10000,8301.002750232507,1698.9972497674935
1740,val,6000,7980.7057957327215,-1980.7057957327215
292,val,15000,11624.552725876978,3375.447274123022
806,val,19500,39267.32434291554,-19767.32434291554
1114,val,55000,79990.97007859121,-24990.970078591214
2389,val,90000,80254.9052677167,9745.094732283294
2263,val,9000,8282.235484996541,717.7645150034587
158,val,14500,12694.538620700807,1805.4613792991931
4053,val,35000,17313.025828602706,17686.974171397294
3251,val,8000,10975.162419387585,-2975.162419387585
3080,val,11000,12086.37079665492,-1086.370796654919
2772,val,20200,18609.591684615076,1590.4083153849242
2557,val,12000,16054.807337752683,-4054.8073377526835
127,val,8000,8224.57243309822,-224.57243309821934
1930,val,18000,23491.30750348703,-5491.307503487031
654,val,18000,43801.10361465154,-25801.10361465154
2505,val,35000,9991.492635065548,25008.507364934452
4186,val,20000,22495.090609909887,-2495.0906099098866
1429,val,60000,46091.47609184163,13908.523908158371
4721,val,8000,11292.319842035884,-3292.319842035884
443,val,5500,6508.183365716674,-1008.1833657166744
4646,val,10000,10643.611820109845,-643.6118201098452
2394,val,260000,169987.01511541218,90012.98488458782
1145,val,50000,28296.24709486668,21703.75290513332
4128,val,22000,22633.667544388365,-633.6675443883651
1583,val,19000,21844.878693723447,-2844.878693723447
3414,val,12500,8805.093006509818,3694.906993490182
4392,val,21000,18284.337751185438,2715.662248814562
2015,val,5000,7089.3968883548805,-2089.3968883548805
978,val,40000,42210.42113767907,-2210.42113767907
4430,val,22000,19550.511835815683,2449.4881641843167
3186,val,14000,14574.506275644902,-574.5062756449024
1729,val,6500,8386.213527789703,-1886.2135277897032
275,val,30000,15603.993135503819,14396.006864496181
1113,val,70000,67320.83843300417,2679.1615669958264
3535,val,12000,12842.951307139421,-842.9513071394213
2945,val,5000,11265.398943115533,-6265.398943115533
117,val,7000,7355.692212156397,-355.69221215639664
671,val,65000,82957.34608534329,-17957.34608534329
3315,val,7000,6223.278476705113,776.7215232948874
574,val,55000,54793.18620419474,206.81379580526118
3406,val,7500,12313.000095321202,-4813.000095321202
3096,val,15000,28808.544115756435,-13808.544115756435
2888,val,20000,17403.121697425853,2596.878302574147
1436,val,80000,32206.20308438599,47793.79691561401
3177,val,7500,11139.600844593644,-3639.600844593644
647,val,53000,48757.2795323791,4242.7204676209
2244,val,17000,16593.584013330634,406.41598666936625
2078,val,4000,5521.6027351306,-1521.6027351306002
1932,val,10000,13045.43349094147,-3045.43349094147
175,val,5500,8121.748224450931,-2621.748224450931
1137,val,32000,42119.23106884671,-10119.231068846711
1356,val,74999,38422.13716668965,36576.86283331035
13,val,5500,6358.963314995383,-858.9633149953834
915,val,10000,19041.161332207197,-9041.161332207197
3922,val,9000,18617.483542211663,-9617.483542211663
3943,val,14000,23309.067646151187,-9309.067646151187
234,val,4500,4945.714967675578,-445.714967675578
1343,val,80000,101854.25120200001,-21854.251202000014
3167,val,16000,13330.181226426084,2669.8187735739157
1850,val,8900,19637.302454267116,-10737.302454267116
3122,val,12500,15959.201424516135,-3459.2014245161354
3678,val,23000,24381.762591666087,-1381.7625916660872
236,val,4500,3608.185599461654,891.814400538346
4191,val,9000,12330.272923981252,-3330.2729239812525
1824,val,16500,21926.739829456612,-5426.739829456612
2938,val,25000,35758.24353299069,-10758.243532990688
3710,val,22000,17607.75881413565,4392.24118586435
4595,val,12000,8106.105232525467,3893.894767474533
2222,val,22000,33850.88211267134,-11850.882112671337
3569,val,9000,12608.827878840371,-3608.8278788403713
149,val,20000,18584.450991724825,1415.5490082751749
4020,val,25000,28722.44626816654,-3722.446268166539
4598,val,10000,6738.356124762732,3261.643875237268
3132,val,15000,11769.676901763523,3230.3230982364767
2458,val,5500,13215.928893521426,-7715.928893521426
383,val,10000,8831.20331851664,1168.7966814833599
4185,val,16000,13933.688116158906,2066.3118838410937
4731,val,12000,13356.37670457413,-1356.3767045741297
3320,val,18000,12023.747386228384,5976.252613771616
4592,val,12000,14261.911353194819,-2261.9113531948187
3346,val,9000,12780.143651284512,-3780.143651284512
1808,val,70000,9763.65936151268,60236.34063848732
2013,val,25500,33947.10973200788,-8447.109732007877
3065,val,15000,17007.797147646535,-2007.7971476465354
737,val,22000,27578.094713831833,-5578.094713831833
1757,val,7000,5802.191269735144,1197.8087302648564
803,val,50000,127462.34994761452,-77462.34994761452
1226,val,15000,31111.352732024567,-16111.352732024567
3879,val,11000,13823.28753511995,-2823.287535119949
1580,val,15000,13514.603570236584,1485.3964297634157
3780,val,13000,14730.677881405296,-1730.677881405296
2353,val,22000,15159.98140860351,6840.018591396491
4247,val,8500,10329.504733057178,-1829.5047330571779
4594,val,30000,36672.15968805884,-6672.15968805884
1265,val,65000,84213.06731560978,-19213.067315609776
4364,val,28000,21035.344171421286,6964.655828578714
3393,val,13000,10598.672814654852,2401.327185345148
4166,val,14000,18078.513446235946,-4078.5134462359456
118,val,3900,5000.033855179071,-1100.033855179071
725,val,600000,187397.3797710244,412602.6202289756
2129,val,13000,16391.73291537444,-3391.7329153744395
1791,val,8000,7716.641259435936,283.35874056406374
1426,val,47000,40322.062384822966,6677.937615177034
521,val,18000,18951.010920519875,-951.0109205198751
3952,val,12500,14466.055232144305,-1966.0552321443047
583,val,28000,30224.606687245065,-2224.6066872450647
361,val,8000,7733.475996738994,266.5240032610063
1602,val,15000,22384.46644225467,-7384.46644225467
3647,val,600000,14325.44566178773,585674.5543382122
4718,val,30000,25893.523933351476,4106.476066648524
95,val,5000,4272.240988723871,727.7590112761291
4394,val,10000,12238.477533865058,-2238.477533865058
956,val,40000,38204.95931444661,1795.0406855533874
1894,val,18000,30451.48151930615,-12451.481519306151
1727,val,15000,13416.51186690546,1583.488133094541
228,val,14000,14620.869937838888,-620.8699378388883
1944,val,6000,6324.509302841203,-324.50930284120295
1402,val,32000,24318.218623330777,7681.781376669223
1743,val,20000,18451.245960728003,1548.7540392719966
2669,val,55000,47786.976276042726,7213.023723957274
4555,val,15000,17297.23833497145,-2297.238334971451
2332,val,6000,6826.131034646155,-826.1310346461551
1721,val,22000,34848.37688788521,-12848.376887885213
3229,val,25000,24515.101382863286,484.89861713671417
3692,val,8500,9107.505714312754,-607.5057143127542
4078,val,35000,27117.73873716683,7882.26126283317
934,val,310000,322033.92237089836,-12033.922370898363
3976,val,45000,19213.850089420866,25786.149910579134
4129,val,15000,11935.698985111974,3064.3010148880257
4433,val,15000,24590.04097348009,-9590.040973480089
1117,val,150000,98861.9694534693,51138.0305465307
3995,val,130000,7695.141904814113,122304.85809518589
185,val,8000,10013.405306319086,-2013.4053063190859
489,val,8000,7871.823042368329,128.17695763167103
560,val,44000,64360.16567798034,-20360.165677980338
868,val,45000,43891.43910356073,1108.5608964392668
2145,val,25000,14926.722416336654,10073.277583663346
1713,val,20000,17877.374798748857,2122.625201251143
3681,val,15000,11908.483059185506,3091.516940814494
3552,val,10000,7537.774299309412,2462.2257006905884
1902,val,8000,17673.191389632033,-9673.191389632033
2388,val,9000,10562.410407271722,-1562.4104072717219
3108,val,15000,9462.354059150279,5537.645940849721
3745,val,8500,14157.408198645828,-5657.408198645828
130,val,4500,5148.691753339929,-648.6917533399292
2559,val,10000,17671.008224972953,-7671.008224972953
3230,val,9000,11898.166346669243,-2898.1663466692426
4550,val,21000,15245.552998512341,5754.447001487659
2138,val,5000,4960.564443247389,39.435556752610864
1752,val,16000,21244.861107220335,-5244.861107220335
3345,val,20000,23842.51413122119,-3842.514131221189
1931,val,120000,109066.30874967604,10933.691250323958
1573,val,10500,15342.096636511795,-4842.096636511795
171,val,9000,9164.094362082213,-164.09436208221268
3027,val,12000,6316.698281001459,5683.301718998541
1637,val,10000,15112.278539775218,-5112.278539775218
2848,val,350000,46398.85297685394,303601.14702314604
3821,val,19000,13472.243304667658,5527.756695332342
2753,val,18000,17438.442978564446,561.5570214355539
3727,val,25000,20170.51043264603,4829.489567353969
4427,val,10000,5256.145744304629,4743.854255695371
3737,val,3500,4804.502560207009,-1304.502560207009
3302,val,10000,14860.13863807403,-4860.13863807403
3557,val,18000,18041.29157487336,-41.29157487336124
2835,val,18000,13950.360170192946,4049.6398298070544
1381,val,45000,48189.23420205307,-3189.2342020530705
534,val,32000,39731.85471099937,-7731.854710999367
3086,val,10000,8355.025450814783,1644.9745491852173
1910,val,12000,27332.824572401587,-15332.824572401587
4333,val,10000,18469.972873582537,-8469.972873582537
2043,val,21000,27858.456964065514,-6858.456964065514
3303,val,20000,15869.401320590181,4130.598679409819
1214,val,40000,31345.941738368496,8654.058261631504
374,val,6200,9506.08211578205,-3306.08211578205
1055,val,35000,13745.530030057713,21254.469969942285
3255,val,20000,26346.782037760335,-6346.782037760335
1907,val,11000,8730.321269963682,2269.6787300363176
100,val,22000,28345.072747054626,-6345.072747054626
3201,val,60000,47075.159608274065,12924.840391725935
2425,val,18000,15901.328092162767,2098.6719078372334
255,val,5300,6797.314863664802,-1497.314863664802
1798,val,30000,60045.37538702457,-30045.37538702457
3961,val,7000,10072.629644007231,-3072.629644007231
828,val,130000,189996.87311518792,-59996.87311518792
1610,val,7500,7452.701946886926,47.298053113074275
1647,val,8500,15696.07045437383,-7196.07045437383
1672,val,18000,17114.351893141436,885.6481068585636
1726,val,7000,6058.558003514563,941.4419964854369
4450,val,30000,25563.88097202115,4436.11902797885
606,val,170000,200615.48092732934,-30615.480927329336
2969,val,9000,9218.97287803953,-218.97287803953077
1632,val,20000,7283.043193435544,12716.956806564456
2882,val,15000,14544.861208132834,455.1387918671662
4203,val,7000,8473.968307674615,-1473.968307674615
4666,val,15000,24418.440677600647,-9418.440677600647
1209,val,80000,84508.19330616132,-4508.193306161324
3282,val,16500,21324.40350262589,-4824.40350262589
3911,val,12000,15059.867633889864,-3059.867633889864
3482,val,13000,14288.45387567177,-1288.4538756717702
2074,val,11500,8360.855414997915,3139.1445850020846
1835,val,16000,16413.64052432547,-413.6405243254703
4299,val,15500,20803.255880358738,-5303.255880358738
1123,val,80000,48065.02866206463,31934.97133793537
3306,val,11000,12487.161005024067,-1487.161005024067
2240,val,13500,10606.105398117847,2893.8946018821534
1178,val,57000,54472.03982000291,2527.9601799970915
1314,val,14500,22636.008805948,-8136.008805948
1981,val,75000,66620.73827778916,8379.261722210838
4124,val,10000,11239.407260664198,-1239.4072606641985
3754,val,7000,11961.306109166557,-4961.306109166557
70,val,7500,5610.784811148477,1889.2151888515227
1918,val,6000,9715.892251851516,-3715.8922518515155
896,val,180000,207488.17427503617,-27488.174275036174
3430,val,14000,13726.50439421404,273.4956057859599
1157,val,300000,299698.6381849391,301.36181506089633
4202,val,13000,7830.478873384776,5169.521126615224
3684,val,11000,8772.769960887454,2227.2300391125464
4161,val,9500,6807.2607439625235,2692.7392560374765
577,val,85000,49800.91489858945,35199.08510141055
3503,val,17000,14106.46320359655,2893.5367964034504
690,val,18000,23141.816260704156,-5141.816260704156
2962,val,17000,13106.45366495017,3893.5463350498303
3412,val,30000,33510.792137292294,-3510.792137292294
2741,val,30000,26892.08653860256,3107.9134613974384
416,val,6500,7043.082920925118,-543.0829209251178
555,val,190000,226029.11394539496,-36029.11394539496
3131,val,22000,15274.338410115717,6725.661589884283
3667,val,20000,14671.027119719793,5328.972880280207
1013,val,35000,29325.577078777555,5674.422921222445
2979,val,6500,13024.223639987686,-6524.223639987686
4521,val,55000,45011.930336553305,9988.069663446695
1422,val,70000,41131.41022369415,28868.589776305853
4537,val,67000,38539.08623034644,28460.91376965356
3581,val,13000,12878.994991008709,121.0050089912911
4090,val,12000,9050.415170219781,2949.5848297802186
1657,val,6900,5937.229146512236,962.7708534877638
71,val,16000,15422.684132300163,577.3158676998373
4336,val,15000,21739.854416613714,-6739.854416613714
3580,val,6000,6998.669244334046,-998.6692443340462
1101,val,33000,32166.371468781814,833.6285312181863
3512,val,7500,6529.871704009657,970.1282959903428
1802,val,30000,32037.689830471536,-2037.689830471536
481,val,10000,7821.746981336401,2178.2530186635986
3923,val,12000,12392.797314251891,-392.7973142518913
1368,val,15000,14942.345919134192,57.65408086580828
1970,val,30000,32116.522826918736,-2116.5228269187355
2028,val,10500,12339.584484968296,-1839.5844849682962
1393,val,60000,79158.47398922547,-19158.473989225473
4527,val,22000,21416.834634260937,583.1653657390634
2827,val,18000,22776.71354902559,-4776.71354902559
3623,val,17000,11599.952465237322,5400.047534762678
2374,val,11000,15400.364757154986,-4400.364757154986
1460,val,17000,15003.038855953579,1996.9611440464214
4612,val,11000,12450.133839641498,-1450.1338396414976
4009,test,38000,30620.65557041915,7379.344429580851
3431,test,18000,14858.458157315723,3141.541842684277
3613,test,100000,118873.89749935886,-18873.897499358864
1455,test,700000,262268.37903710734,437731.62096289266
4349,test,15500,13715.364718099538,1784.6352819004624
1004,test,35000,18103.647435489358,16896.352564510642
3898,test,9000,11437.493695416284,-2437.493695416284
2060,test,25000,40674.5375313932,-15674.537531393202
3677,test,11000,10075.440569905733,924.5594300942666
3204,test,23999,19675.270348308077,4323.729651691923
608,test,41000,55317.475595182026,-14317.475595182026
1098,test,53000,69086.03877330327,-16086.03877330327
3165,test,7500,7865.041650141268,-365.0416501412683
3819,test,10000,17140.587060934362,-7140.587060934362
435,test,5500,6517.349693420115,-1017.3496934201148
848,test,50000,20479.240708376117,29520.759291623883
531,test,22000,17878.7930851012,4121.206914898801
3153,test,15000,8218.231443273222,6781.768556726778
4712,test,5500,4257.292493086123,1242.7075069138773
4101,test,12000,18504.977890605795,-6504.9778906057945
3082,test,15000,17979.90160048842,-2979.9016004884215
2896,test,25000,14667.211670586667,10332.788329413333
145,test,7000,13097.144497164003,-6097.144497164003
2025,test,35000,18505.49544833496,16494.50455166504
700,test,120000,99617.21138161435,20382.788618385646
2794,test,8500,13808.553209123666,-5308.5532091236655
2327,test,42000,27837.23418112244,14162.76581887756
632,test,65000,74710.36095102532,-9710.360951025315
150,test,7000,10362.722800326224,-3362.7228003262244
3152,test,5700,6744.565910636404,-1044.5659106364037
3026,test,8900,7372.40359264946,1527.5964073505402
3805,test,10000,10839.012821092321,-839.0128210923212
2441,test,16500,17221.53214278487,-721.5321427848685
694,test,26000,21839.701407794117,4160.298592205883
1814,test,11000,14561.401567295467,-3561.4015672954665
2062,test,11000,13881.733652071116,-2881.733652071116
928,test,110000,90202.70516930155,19797.294830698447
485,test,7000,7340.352561509831,-340.3525615098306
2290,test,5000,5492.894366780528,-492.8943667805279
1043,test,130000,74885.75490893172,55114.24509106828
2614,test,16000,9944.680826281066,6055.319173718934
3889,test,22000,19555.12026263468,2444.8797373653215
2763,test,35000,27290.236558142,7709.763441857998
3555,test,5000,7728.670619086532,-2728.6706190865316
3811,test,32000,35867.10412328115,-3867.1041232811476
959,test,24000,20836.828884166807,3163.1711158331927
279,test,4500,10855.853528774285,-6355.853528774285
1360,test,32000,23980.87287148813,8019.127128511871
4381,test,10000,16913.593275376454,-6913.593275376454
676,test,20000,27933.46947879157,-7933.469478791569
735,test,55000,58740.71459067754,-3740.7145906775404
2042,test,7000,9193.671172324728,-2193.671172324728
2550,test,5000,11961.524342138238,-6961.524342138238
4606,test,25000,16902.51326528486,8097.486734715141
2359,test,5000,7270.75105572185,-2270.75105572185
627,test,40000,43671.126693304985,-3671.1266933049847
3652,test,7000,7362.479161160358,-362.47916116035776
31,test,15000,11784.035350610915,3215.964649389085
4091,test,5300,6005.8672359713355,-705.8672359713355
2321,test,4000,6945.262520008113,-2945.262520008113
3439,test,15000,12437.11188014364,2562.8881198563595
1942,test,12000,12735.347218489547,-735.3472184895472
1575,test,32000,22042.356790336158,9957.643209663842
2890,test,15000,11155.765198199684,3844.234801800316
3134,test,5000,4386.185462324376,613.8145376756238
2219,test,10000,8616.709269930972,1383.2907300690276
887,test,230000,263998.95494673355,-33998.954946733546
672,test,160000,101128.08633709124,58871.91366290876
2272,test,17000,20864.69126598774,-3864.6912659877416
422,test,12000,9524.341914735343,2475.6580852646566
1318,test,55000,42489.78343303925,12510.21656696075
1331,test,55000,61004.75920284912,-6004.75920284912
174,test,9000,9683.321759588109,-683.3217595881088
182,test,12000,12413.713007678762,-413.71300767876164
2940,test,24500,21995.18325083465,2504.816749165351
2183,test,90000,16104.901426871178,73895.09857312882
502,test,3700,4967.941390056515,-1267.941390056515
2426,test,11500,11051.017021051144,448.9829789488558
4365,test,57000,43570.99111231422,13429.008887685777
1060,test,35000,44062.37942764633,-9062.37942764633
184,test,12000,11338.353585557577,661.6464144424226
3166,test,30000,35494.268466672176,-5494.268466672176
714,test,32000,36583.94562649223,-4583.945626492226
2663,test,37000,46822.152269793594,-9822.152269793594
4604,test,15000,12098.913756831618,2901.0862431683818
571,test,57000,54460.91649723782,2539.0835027621797
587,test,32000,34464.92982654241,-2464.9298265424077
272,test,6000,4759.218755640272,1240.7812443597277
4507,test,16000,11259.683628517736,4740.316371482264
203,test,5000,5080.466815107281,-80.46681510728104
2436,test,90000,76179.62807427713,13820.371925722866
3772,test,14000,12050.87044627971,1949.1295537202896
1349,test,78000,85279.33281997884,-7279.3328199788375
243,test,7000,12577.30880319016,-5577.308803190161
3809,test,18500,16971.992777454743,1528.0072225452568
155,test,10000,10725.563131330804,-725.563131330804
3164,test,15000,14808.758302754013,191.24169724598687
590,test,150000,119714.31971787791,30285.68028212209
4657,test,9000,7198.949911833949,1801.050088166051
805,test,42000,20590.04928309478,21409.95071690522
1913,test,6000,7140.204838008623,-1140.2048380086226
1627,test,20000,30243.30485067422,-10243.30485067422
4210,test,15000,13110.51657498367,1889.4834250163294
1321,test,90000,84004.11845592594,5995.881544074058
2393,test,20000,8756.656190016132,11243.343809983868
3021,test,14000,14215.170494334621,-215.17049433462125
4140,test,17000,14840.088772162455,2159.911227837545
3355,test,10000,5534.0974432076155,4465.9025567923845
2438,test,25000,13094.683362415795,11905.316637584205
1044,test,40000,41296.45934810068,-1296.4593481006814
2484,test,8500,9713.528923959968,-1213.5289239599679
1020,test,75000,70405.04955519488,4594.950444805116
4403,test,8500,10343.162764588498,-1843.1627645884982
3382,test,8500,7234.8497364894565,1265.1502635105435
2186,test,22000,27071.91873662765,-5071.918736627649
4609,test,7500,6610.190153293848,889.8098467061518
1173,test,60000,42576.98075036602,17423.01924963398
4423,test,10000,6558.696716189434,3441.3032838105664
93,test,6000,5089.360583874279,910.6394161257213
3148,test,18000,16259.437442882783,1740.5625571172168
1352,test,90000,56287.93998611534,33712.06001388466
1011,test,26000,30420.404454477564,-4420.404454477564
266,test,6000,9931.569043076897,-3931.5690430768973
1242,test,35000,35952.31299133046,-952.3129913304583
363,test,5000,6463.442041921052,-1463.442041921052
3597,test,14500,20857.940968785984,-6357.940968785984
4097,test,22000,21985.03384098979,14.966159010211413
4459,test,10000,11299.730432796718,-1299.7304327967177
2356,test,24000,29413.150411650146,-5413.1504116501455
2589,test,100000,47040.72554804671,52959.27445195329
3123,test,90000,53811.21159171187,36188.78840828813
3600,test,9000,11374.828813553662,-2374.8288135536623
2791,test,14000,14397.045934378537,-397.0459343785369
579,test,80000,65799.43449969869,14200.565500301309
1138,test,17000,16158.144819637488,841.8551803625123
1154,test,95000,89222.31007948834,5777.689920511664
701,test,400000,204584.5331367249,195415.4668632751
669,test,65000,101451.20292327236,-36451.20292327236
3252,test,13500,20201.978790782643,-6701.978790782643
1001,test,45000,40398.67268793151,4601.32731206849
1322,test,43000,47662.42583952767,-4662.42583952767
618,test,80000,79968.10863302127,31.89136697872891
1867,test,8500,11770.70046809513,-3270.7004680951304
4027,test,15000,11130.018840428242,3869.9811595717583
3615,test,7500,6519.18781068162,980.8121893183798
3813,test,7000,9895.41548752739,-2895.4154875273907
4496,test,10000,9750.909497299444,249.0905027005556
767,test,130000,170951.53934139077,-40951.53934139077
3403,test,10000,11893.920465125706,-1893.920465125706
4549,test,11000,17992.95309987344,-6992.953099873441
2847,test,17000,21293.461348192803,-4293.461348192803
4479,test,15000,13580.601750956652,1419.3982490433482
4209,test,26000,28311.200931459396,-2311.200931459396
629,test,38000,59312.58715704563,-21312.58715704563
4322,test,7500,11661.574691119753,-4161.574691119753
2391,test,12000,14705.446334564835,-2705.4463345648346
304,test,8000,7411.876882565423,588.1231174345767
3260,test,25000,25205.651958385493,-205.65195838549334
4560,test,13000,12631.782369694773,368.21763030522743
2916,test,17500,22409.169481068486,-4909.169481068486
3063,test,11000,11048.406887921878,-48.40688792187757
3642,test,13000,14039.465526289508,-1039.4655262895085
1140,test,290000,139979.32303557804,150020.67696442196
4204,test,12000,21258.3546713982,-9258.3546713982
3214,test,25000,8287.044208764924,16712.955791235076
2279,test,11500,6733.118393139382,4766.881606860618
4217,test,8500,6623.715360114786,1876.2846398852143
2654,test,16000,11410.759884043797,4589.240115956203
3240,test,16000,13230.654991365034,2769.345008634966
252,test,10000,15984.126845200524,-5984.126845200524
970,test,51500,80171.2444297625,-28671.244429762504
3743,test,10000,12632.797002584502,-2632.7970025845025
3124,test,14000,12612.966041912367,1387.0339580876334
448,test,5200,3510.6545525384895,1689.3454474615105
173,test,18000,8334.186393735848,9665.813606264152
3874,test,48000,37433.83085917654,10566.169140823462
132,test,16000,11157.190611690932,4842.809388309068
1369,test,22000,43092.13382018608,-21092.133820186078
707,test,60000,68850.70600772671,-8850.706007726709
3755,test,6500,7492.748689791784,-992.7486897917843
683,test,47000,41780.62485451339,5219.375145486607
986,test,150000,223633.08928849432,-73633.08928849432
3827,test,35000,27616.347575535074,7383.652424464926
4434,test,6500,6163.219287028969,336.7807129710309
3107,test,15000,13303.701201858326,1696.2987981416736
729,test,23000,31872.64595098585,-8872.64595098585
4382,test,18000,17980.154248721403,19.845751278597163
691,test,7500,17758.675757636345,-10258.675757636345
899,test,36000,49248.99250760399,-13248.992507603987
1282,test,25000,29266.068345244938,-4266.0683452449375
3621,test,15000,14408.130752652785,591.8692473472147
2963,test,15000,32598.425216065632,-17598.425216065632
773,test,40000,22157.932200235147,17842.067799764853
2318,test,20000,23271.232181491425,-3271.232181491425
2372,test,18000,18255.799059037974,-255.79905903797408
3830,test,35000,40234.71158200728,-5234.7115820072795
1901,test,20000,15500.847331900773,4499.1526680992265
3078,test,10000,9378.00007625004,621.9999237499596
4075,test,6500,6209.405717295594,290.5942827044064
778,test,25000,32090.143850720546,-7090.143850720546
2001,test,19000,15049.106944688587,3950.8930553114133
2653,test,17000,24923.01268039402,-7923.012680394018
103,test,25000,22965.637157583293,2034.3628424167073
3105,test,16000,13990.331951763255,2009.6680482367447
1087,test,65000,42445.21790877428,22554.782091225723
1997,test,10000,10108.394107912047,-108.39410791204682
3887,test,10000,8143.1884431961125,1856.8115568038875
1706,test,12000,12664.687161339014,-664.687161339014
3487,test,17000,18265.28348464236,-1265.2834846423611
3707,test,22000,33729.662528605295,-11729.662528605295
17,test,10000,7580.026365035891,2419.973634964109
564,test,43000,56388.81566799239,-13388.815667992392
2838,test,75000,89340.4016974372,-14340.401697437206
763,test,80000,110867.201397499,-30867.201397498997
2088,test,16000,12711.16127537646,3288.8387246235397
3640,test,16000,14669.933376922616,1330.066623077384
3695,test,7000,9958.260069845293,-2958.2600698452934
1585,test,48000,60330.58935748469,-12330.589357484692
3644,test,15000,16565.715026979695,-1565.7150269796948
1034,test,75000,70367.95799057453,4632.042009425466
4603,test,17000,15682.456965542073,1317.5430344579272
4037,test,18000,15663.018119829903,2336.9818801700967
3753,test,37500,41219.16567332189,-3719.1656733218915
851,test,8000,32550.68468822856,-24550.68468822856
366,test,8000,9513.917718611558,-1513.9177186115576
239,test,5000,6638.759517745147,-1638.7595177451467
412,test,36125,17931.180330334042,18193.819669665958
56,test,6000,7931.011182662682,-1931.0111826626817
607,test,20000,74920.33189683595,-54920.33189683595
3726,test,9500,14260.867756220852,-4760.867756220852
4593,test,8000,13448.38711085872,-5448.387110858719
1493,test,10500,15302.506523325008,-4802.506523325008
2659,test,29000,48072.55044307377,-19072.55044307377
1474,test,38000,45231.515971985034,-7231.515971985034
176,test,7500,9506.08211578205,-2006.08211578205
3018,test,18000,16075.10618645575,1924.8938135442495
2452,test,12000,10162.7917691242,1837.2082308758
3538,test,15000,13345.158271561319,1654.8417284386815
2414,test,9000,15358.487903868043,-6358.487903868043
932,test,70000,63816.623357409866,6183.376642590134
1694,test,17000,14472.776658317656,2527.2233416823437
1663,test,18000,12465.133391729418,5534.866608270582
526,test,75000,70992.9059685828,4007.094031417204
4197,test,12000,13791.344480922855,-1791.344480922855
2701,test,22000,19621.44031647236,2378.559683527641
2345,test,18000,15074.086089092814,2925.9139109071857
2471,test,28000,12667.04992226738,15332.95007773262
1253,test,63000,81839.15976143067,-18839.159761430667
4095,test,20000,25684.964702526617,-5684.964702526617
65,test,8000,10592.74953958279,-2592.74953958279
2865,test,32000,30659.082792979683,1340.9172070203167
2149,test,15000,8175.138142321614,6824.861857678386
1765,test,10000,11081.481240668423,-1081.4812406684232
3939,test,9000,14074.511118194996,-5074.511118194996
4200,test,32000,37107.35390338117,-5107.3539033811685
4629,test,8000,8604.603493076294,-604.6034930762944
4031,test,8500,8281.713878161023,218.28612183897712
186,test,18000,10818.128710638068,7181.871289361932
1568,test,4000,6736.559748835495,-2736.559748835495
4010,test,20000,17415.872644161664,2584.1273558383364
1064,test,28000,41104.13728575937,-13104.137285759367
990,test,150000,156950.710367637,-6950.710367636988
573,test,57000,29013.126590171963,27986.873409828037
2876,test,10000,6291.101620417913,3708.898379582087
2706,test,18000,18726.52563236774,-726.5256323677386
3418,test,45000,41990.812661224336,3009.187338775664
2946,test,5000,10792.91307717025,-5792.913077170249
1763,test,11000,6181.90779895734,4818.09220104266
106,test,14000,6918.084864170688,7081.915135829312
3859,test,75000,31675.574920287338,43324.42507971266
248,test,3200,18338.758270787475,-15138.758270787475
796,test,35000,36194.66216540657,-1194.6621654065675
4655,test,13000,15029.53855507499,-2029.5385550749907
3103,test,50000,50889.8384968848,-889.8384968847968
4261,test,6500,9543.498566329277,-3043.4985663292773
4252,test,20000,15498.222953302246,4501.7770466977545
3070,test,15000,17807.381505704572,-2807.381505704572
3971,test,20000,13983.99244798844,6016.007552011561
356,test,13000,16555.89265521925,-3555.8926552192497
4402,test,22000,24417.23284792361,-2417.2328479236094
3909,test,8000,11163.9763207154,-3163.976320715399
4451,test,6500,7353.129481083375,-853.1294810833751
517,test,45000,15887.886121481943,29112.11387851806
2080,test,24000,21918.030708671788,2081.9692913282124
1274,test,85000,75286.75235318372,9713.247646816279
3626,test,10500,8963.449322106304,1536.550677893696
1006,test,15000,13699.780115369495,1300.2198846305055
4223,test,55000,41211.52293016081,13788.477069839188
609,test,65000,55756.288428945496,9243.711571054504
1780,test,30000,24932.710578998154,5067.289421001846
3159,test,8000,13632.079599276425,-5632.079599276425
2834,test,68000,44915.53989291217,23084.460107087827
1756,test,14000,24264.270517994413,-10264.270517994413
2102,test,15000,10699.432897909597,4300.567102090403
2839,test,110000,143803.35915707768,-33803.35915707768
2014,test,6000,5569.945338839297,430.0546611607033
1022,test,140000,70545.75404307559,69454.24595692441
269,test,8000,11356.072777962449,-3356.0727779624485
1254,test,7500,19066.276687183974,-11566.276687183974
2179,test,13500,18419.29870855381,-4919.298708553812
2570,test,12000,13826.410055217999,-1826.410055217999
148,test,5500,6697.714353872445,-1197.714353872445
696,test,40000,41905.97492308166,-1905.9749230816597
4119,test,9000,12068.162502203724,-3068.162502203724
4286,test,10000,9157.33496732187,842.6650326781291
4267,test,20000,14615.226645759925,5384.773354240075
2514,test,7000,8290.055476465724,-1290.0554764657245
1119,test,300000,297406.43294206855,2593.5670579314465
41,test,12000,22279.12041048325,-10279.12041048325
3104,test,8000,6780.6264335484775,1219.3735664515225
3590,test,22000,14069.89739027374,7930.10260972626
316,test,8000,7936.698445373148,63.30155462685161
1053,test,14000,24911.42050372499,-10911.420503724989
886,test,17000,33418.87967236937,-16418.879672369367
2334,test,54000,45188.82337621608,8811.176623783918
4343,test,8500,12758.067016398667,-4258.067016398667
4465,test,45000,37491.94180127871,7508.058198721294
1702,test,16000,13252.693249170685,2747.306750829315
3990,test,14000,15388.625532380254,-1388.6255323802543
539,test,85000,69986.14753537555,15013.852464624448
340,test,8500,8638.130893794067,-138.13089379406665
477,test,22000,15050.916282317383,6949.083717682617
3099,test,6800,7059.265913792029,-259.2659137920291
3185,test,12000,7297.8353612314795,4702.1646387685205
1875,test,7000,6491.39169199377,508.6083080062299
2204,test,8000,10901.034170929355,-2901.0341709293552
1327,test,34999,36572.27925242199,-1573.2792524219913
1550,test,30000,18451.702869991972,11548.297130008028
946,test,11000,19504.67658029542,-8504.676580295421
3881,test,7500,9734.746497280468,-2234.7464972804682
1714,test,380000,139718.09143791173,240281.90856208827
1359,test,22000,16418.994293728054,5581.005706271946
267,test,15000,9230.469306681636,5769.530693318364
4046,test,22000,21612.25687552467,387.74312447533157
2495,test,7500,8416.045232092958,-916.045232092958
3587,test,7000,13164.759964749173,-6164.759964749173
1264,test,53000,25820.75345532566,27179.24654467434
0,test,10000,9397.572855916414,602.4271440835855
1885,test,17000,14083.433639203833,2916.566360796167
2365,test,10000,14560.841816402648,-4560.841816402648
3407,test,14000,16626.789645658704,-2626.789645658704
4011,test,15000,23639.59899931426,-8639.598999314261
2527,test,12000,15856.108784095515,-3856.108784095515
1071,test,24000,20392.570067059238,3607.4299329407622
4236,test,13000,13655.598429637743,-655.5984296377428
2995,test,40000,19050.55132022663,20949.44867977337
57,test,6000,10828.059524167375,-4828.059524167375
1524,test,16000,12930.07699914652,3069.9230008534796
4332,test,21000,22206.56827945533,-1206.5682794553286
1434,test,250000,188522.78226443817,61477.21773556183
2686,test,33000,25132.48980878662,7867.51019121338
1675,test,25000,16675.870084677365,8324.129915322635
3550,test,10000,15063.399972691857,-5063.399972691857
3899,test,35000,23908.939367745752,11091.060632254248
225,test,3500,8924.257875582356,-5424.257875582356
3736,test,10000,25734.006926511534,-15734.006926511534
2258,test,15000,9449.521234798227,5550.478765201773
4222,test,10000,10995.900635526072,-995.9006355260717
2083,test,62000,36275.59220606521,25724.40779393479
3628,test,10000,13756.503287643829,-3756.503287643829
3465,test,12000,11696.670039767498,303.32996023250234
3424,test,7000,8066.2425332174425,-1066.2425332174425
1479,test,50000,25015.701936763344,24984.298063236656
3703,test,12500,13099.956403757104,-599.9564037571035
2482,test,36000,32498.401349381867,3501.5986506181325
2440,test,12000,11109.735479310955,890.2645206890447
2673,test,5000,8252.654220800687,-3252.6542208006867
1005,test,60000,30767.08285252692,29232.91714747308
699,test,140000,79968.9196972418,60031.0803027582
3650,test,30000,39527.53075096269,-9527.530750962687
3290,test,13000,10774.119879985774,2225.880120014226
1073,test,70000,92157.9302081532,-22157.930208153193
2640,test,13000,15027.03300117579,-2027.0330011757906
3001,test,20000,10652.530712804999,9347.469287195001
4498,test,15000,12675.055014684076,2324.944985315924
3000,test,11000,8498.310795670483,2501.6892043295175
1535,test,10000,10086.219824984022,-86.21982498402213
424,test,9000,15923.555011459328,-6923.555011459328
3693,test,100000,79063.72484116671,20936.27515883329
1255,test,30000,21989.526315363626,8010.473684636374
2774,test,21000,24407.92880492304,-3407.9288049230418
4532,test,19000,21199.645808769037,-2199.645808769037
3319,test,14000,10222.699786949232,3777.3002130507684
1358,test,45000,40644.36770458273,4355.632295417272
1058,test,11000,30271.69451939583,-19271.69451939583
3985,test,10000,6527.891195881779,3472.108804118221
2434,test,50000,43278.93277368432,6721.067226315681
588,test,350000,523096.08677840326,-173096.08677840326
3071,test,21000,25071.234257817006,-4071.2342578170064
1977,test,5000,8212.414109755302,-3212.414109755302
1665,test,14000,10402.356613999384,3597.6433860006164
4696,test,6000,9421.163920257712,-3421.1639202577117
3614,test,14000,13072.791812028367,927.2081879716334
35,test,15000,8376.083147728163,6623.916852271837
3843,test,12000,9143.10692294276,2856.8930770572406
2421,test,29000,12205.478988584247,16794.521011415753
2233,test,9000,7612.024492687236,1387.9755073127644
4624,test,6000,7475.927775935293,-1475.9277759352926
112,test,20000,7636.884673270927,12363.115326729072
3937,test,5000,4585.517524535338,414.48247546466155
2526,test,11000,10735.787412658983,264.21258734101684
594,test,210000,81016.11890278338,128983.88109721662
877,test,48000,29772.986804056072,18227.013195943928
2904,test,3500,6206.441018508433,-2706.4410185084334
1611,test,9500,11756.385509655513,-2256.3855096555126
2569,test,70000,46240.12397280481,23759.87602719519
3470,test,12000,17148.022923699195,-5148.0229236991945
2917,test,14500,37280.18291032101,-22780.18291032101
4082,test,8500,6277.048461064187,2222.951538935813
3045,test,33000,18969.18665196955,14030.81334803045
3766,test,11500,12020.167477677915,-520.1674776779146
4107,test,15000,11845.426031524,3154.573968475999
1911,test,21500,23102.63093212675,-1602.6309321267508
4355,test,20000,20893.656019194637,-893.6560191946373
979,test,45000,77642.83467801976,-32642.83467801976
1513,test,25000,20209.20007227641,4790.79992772359
2109,test,10000,7009.474699086728,2990.525300913272
4436,test,12000,10984.539597149951,1015.4604028500489
1820,test,55000,51770.49551005794,3229.504489942061
126,test,8000,6769.911538818032,1230.0884611819683
4544,test,17000,32081.361802364452,-15081.361802364452
807,test,90000,113275.33822149759,-23275.338221497586
2325,test,8500,9327.944491570981,-827.944491570981
3206,test,16000,15471.174383487009,528.8256165129915
2349,test,4500,7131.99846571496,-2631.99846571496
491,test,13000,11904.19325795271,1095.8067420472908
3618,test,16500,8038.3553301123675,8461.644669887632
1445,test,230000,254579.24626136152,-24579.24626136152
2587,test,32000,27436.16279074335,4563.83720925665
1109,test,250000,163805.32806078758,86194.67193921242
1778,test,6000,6013.272675596266,-13.272675596265799
2403,test,14000,29627.218444649225,-15627.218444649225
1017,test,250000,195311.23836268423,54688.761637315765
2957,test,12500,16439.10534824575,-3939.10534824575
2988,test,10500,14381.562991883882,-3881.562991883882
4062,test,22000,29095.864588661003,-7095.864588661003
3272,test,35000,32217.437301288523,2782.5626987114774
3335,test,22000,20462.90563408118,1537.0943659188197
2486,test,7500,7036.314503858455,463.6854961415447
3003,test,22000,61633.81374692153,-39633.81374692153
7,test,5000,6069.3615449934905,-1069.3615449934905
4508,test,7500,10635.649528843087,-3135.649528843087
4630,test,15000,11937.983824594801,3062.0161754051987
3417,test,12000,11760.675771563201,239.32422843679888
3979,test,40000,24947.914900470405,15052.085099529595
4196,test,9500,9050.151712963492,449.8482870365078
3546,test,10500,11492.353614210946,-992.353614210946
3215,test,12000,12412.552981650915,-412.55298165091517
4117,test,50000,39440.609532319286,10559.390467680714
3861,test,10000,16800.324174226153,-6800.3241742261525
1581,test,11400,16982.010505097875,-5582.010505097875
3351,test,16000,17685.4190182206,-1685.4190182206003
4002,test,35000,35144.073876885166,-144.0738768851661
1229,test,62000,39755.91736944443,22244.082630555567
4178,test,9500,13346.457877734954,-3846.4578777349543
4158,test,22000,13856.652154552618,8143.3478454473825
771,test,60000,31907.56095797234,28092.43904202766
945,test,28000,17051.89479737345,10948.10520262655
4570,test,13000,9603.159296420765,3396.840703579235
655,test,75000,59274.33713442032,15725.662865579681
3094,test,12000,12553.08082669501,-553.0808266950098
89,test,8500,12726.020635972498,-4226.020635972498
2680,test,30000,26173.33682568353,3826.663174316469
1595,test,16000,10256.946241148815,5743.053758851185
3732,test,10000,18754.41626604339,-8754.41626604339
4323,test,13000,14578.36454951601,-1578.3645495160108
4173,test,20000,19361.818470599206,638.1815294007938
941,test,22000,18655.617278625108,3344.382721374892
3829,test,32000,25954.630627727856,6045.369372272144
889,test,8500,15905.714443102699,-7405.714443102699
2730,test,14000,9721.38462923222,4278.61537076778
1413,test,85000,107843.4033728012,-22843.4033728012
4553,test,6500,7599.267268858798,-1099.2672688587982
2544,test,40000,31238.352116419224,8761.647883580776
1556,test,16000,20424.05260797476,-4424.0526079747615
1495,test,17000,18864.38090652466,-1864.3809065246605
164,test,40000,17620.66493005043,22379.33506994957
1829,test,18000,10375.722695231645,7624.277304768355
1159,test,40000,44526.02067491547,-4526.020674915468
2215,test,48000,46268.58375717977,1731.4162428202326
3334,test,9500,13849.122378895707,-4349.122378895707
3062,test,12500,9589.093189764551,2910.9068102354486
190,test,13000,14322.22311528753,-1322.2231152875302
4297,test,8000,5721.2744522133835,2278.7255477866165
4220,test,14000,11441.676479835953,2558.3235201640473
4491,test,10500,12757.034087151862,-2257.034087151862
3957,test,6000,7709.9566722543295,-1709.9566722543295
4146,test,9000,7170.533648954076,1829.466351045924
33,test,5000,7501.339116711688,-2501.339116711688
3270,test,16000,14659.815807114677,1340.1841928853228
1972,test,15000,10828.600684196957,4171.399315803043
3738,test,8000,9337.560310746974,-1337.5603107469742
2442,test,4500,7974.339242553507,-3474.3392425535067
1175,test,35000,37311.18735202512,-2311.1873520251174
914,test,27000,23489.018053348038,3510.981946651962
2192,test,7500,9679.747375587827,-2179.7473755878273
1220,test,46000,45959.49416071785,40.50583928215201
4341,test,60000,128253.0092975379,-68253.0092975379
4356,test,12500,11680.967636594973,819.0323634050274
2682,test,13000,21740.663840767862,-8740.663840767862
1724,test,10500,10482.818140237168,17.181859762831664
2650,test,190000,99805.06217072824,90194.93782927176
151,test,3500,6436.323692627853,-2936.3236926278532
420,test,10000,6570.593361517044,3429.4066384829557
4518,test,9000,9503.325027462399,-503.3250274623988
1874,test,15000,11571.18471033099,3428.81528966901
136,test,5000,6309.1839967098385,-1309.1839967098385
3853,test,5000,5888.937064456442,-888.9370644564424
3435,test,90000,52831.16524511858,37168.83475488142
3357,test,15000,10817.385379227833,4182.614620772167
3038,test,35000,28313.728917452583,6686.271082547417
4008,test,15000,13478.90605177561,1521.0939482243903
4710,test,25000,23163.5533384115,1836.4466615884994
2580,test,27000,11293.018308982797,15706.981691017203
3757,test,34000,37477.50070060094,-3477.50070060094
4574,test,13000,11518.612166357663,1481.3878336423368
2524,test,12000,24514.806363581378,-12514.806363581378
1774,test,17000,22391.405853769378,-5391.405853769378
389,test,10000,9860.166091183419,139.83390881658124
716,test,33000,36769.7797973224,-3769.7797973224006
2954,test,16500,20972.965870237615,-4472.965870237615
3885,test,8200,6662.227312356692,1537.772687643308
721,test,100000,44989.48197973352,55010.51802026648
1194,test,25000,47717.64060593773,-22717.640605937733
1852,test,24000,28619.562722917835,-4619.562722917835
3869,test,75000,88001.60167301941,-13001.60167301941
3084,test,24000,14916.88175320786,9083.11824679214
1534,test,30000,11413.753049339788,18586.246950660214
1999,test,24000,24550.433712499533,-550.4337124995327
3965,test,10500,9145.59438569991,1354.4056143000907
1819,test,7500,7461.31928220763,38.68071779237016
1084,test,160000,92745.73903348937,67254.26096651063
1771,test,15000,11931.367348275795,3068.632651724205
3060,test,27000,26240.47457752535,759.5254224746495
4526,test,12500,15949.159286703602,-3449.1592867036015
3375,test,7000,11663.261540102307,-4663.261540102307
1231,test,80000,83634.98894340642,-3634.9889434064244
2586,test,14000,11533.258690261273,2466.741309738727
1768,test,16000,14605.92623677866,1394.0737632213404
202,test,15000,10691.165575090106,4308.834424909894
2862,test,14000,16026.795637992142,-2026.7956379921416
47,test,12000,6680.097864531413,5319.902135468587
1365,test,350000,246814.31334026702,103185.68665973298
4226,test,27000,17382.351062554655,9617.648937445345
4072,test,25000,18254.056936194167,6745.943063805833
2958,test,14000,15820.874078961117,-1820.8740789611165
2688,test,70000,49671.30596411472,20328.69403588528
1279,test,52000,31561.3027801675,20438.6972198325
4509,test,35000,97697.64566419234,-62697.64566419234
1204,test,25000,19939.363797982252,5060.636202017748
3655,test,10500,14072.587294759156,-3572.587294759156
2167,test,18000,13846.789145288389,4153.210854711611
2931,test,7000,11741.461807412545,-4741.461807412545
3091,test,9000,7625.489465756381,1374.510534243619
1900,test,25000,12833.348375405703,12166.651624594297
2146,test,17000,17195.042839617516,-195.0428396175157
4590,test,15000,11077.733588394745,3922.2664116052547
2982,test,15000,8609.809021838282,6390.190978161718
2602,test,29000,41951.023826140634,-12951.023826140634
528,test,60000,26466.354520115077,33533.64547988492
3136,test,15000,21439.23699304766,-6439.23699304766
1143,test,250000,369631.87695750414,-119631.87695750414
3199,test,70000,37384.637689976465,32615.362310023535
493,test,6000,5568.808590055296,431.191409944704
2176,test,16000,17337.31536929509,-1337.315369295091
4699,test,13000,12528.66601543587,471.3339845641294
1471,test,54500,49342.242805258524,5157.757194741476
2636,test,130000,97207.18158234772,32792.81841765228
4183,test,12333,11463.545799318503,869.4542006814972
2411,test,95000,69702.55404464185,25297.445955358155
1038,test,70000,108371.76258695866,-38371.76258695866
4164,test,15000,19484.341094534037,-4484.3410945340365
4374,test,18000,10765.967549892317,7234.032450107683
2160,test,10000,8172.213728978231,1827.7862710217687
4682,test,20000,22042.96348885637,-2042.9634888563705
2174,test,10000,15777.87373913334,-5777.87373913334
2312,test,85000,67882.27223128665,17117.727768713346
3903,test,60000,31703.947728371895,28296.052271628105
2085,test,18000,16593.584013330634,1406.4159866693662
4535,test,18500,14318.21954313485,4181.78045686515
1099,test,85000,72673.33533915544,12326.664660844559
1407,test,6500,27970.03816227768,-21470.03816227768
1179,test,130000,111879.77109625656,18120.22890374344
353,test,6500,4417.506495945754,2082.493504054246
741,test,320000,400115.3315116613,-80115.3315116613
4245,test,30000,25843.035556005172,4156.964443994828
1490,test,90000,106672.73031939087,-16672.730319390874
264,test,8000,9132.690227817393,-1132.690227817393
2520,test,35000,10665.349925854052,24334.650074145946
4719,test,30000,33640.380385413126,-3640.3803854131256
1846,test,12000,18516.76439233528,-6516.764392335281
611,test,85000,71148.04816014245,13851.951839857546
4620,test,20000,13547.612559657187,6452.387440342813
3245,test,20000,13942.79222037157,6057.20777962843
4523,test,35000,29086.94134290349,5913.05865709651
4006,test,12500,14469.636076629453,-1969.6360766294529
3004,test,6000,12289.52077327706,-6289.52077327706
2029,test,8000,7914.984868458265,85.01513154173517
2262,test,8000,10132.604075928857,-2132.604075928857
572,test,27000,27284.395813515242,-284.3958135152425
1787,test,16500,16765.668211679626,-265.66821167962553
1547,test,7500,7436.9700748699515,63.02992513004847
871,test,85000,107657.03499988123,-22657.03499988123
1928,test,35000,20002.458094222766,14997.541905777234
4432,test,10000,19759.742086005528,-9759.742086005528
1924,test,6000,7278.825525599538,-1278.8255255995382
456,test,9500,8226.074413443801,1273.925586556199
3870,test,250000,73731.22566186155,176268.77433813846
4264,test,14000,14363.091646253904,-363.0916462539044
329,test,3000,5063.14513342543,-2063.14513342543
1786,test,17000,11582.378069724946,5417.621930275054
280,test,7000,7839.973680019982,-839.9736800199817
2095,test,26000,25514.08651720265,485.9134827973503
2773,test,19500,14788.178891354915,4711.821108645085
2857,test,22999,29133.901354408914,-6134.901354408914
3801,test,9000,6697.592004388044,2302.407995611956
635,test,32000,21227.393848610667,10772.606151389333
1152,test,26500,32903.885441254875,-6403.885441254875
1985,test,13500,6748.6882206105065,6751.3117793894935
3390,test,13000,18962.54500024749,-5962.54500024749
3747,test,8000,6707.126859764725,1292.873140235275
1177,test,20000,16343.699967745475,3656.300032254525
2144,test,7700,9022.485861837751,-1322.4858618377511
4733,test,29000,25370.881139641107,3629.1188603588926
832,test,55000,64319.65193801776,-9319.651938017763
425,test,5000,6044.710277380021,-1044.7102773800207
1821,test,11000,13798.212122189654,-2798.212122189654
3426,test,10000,10036.848880930067,-36.848880930067025
1212,test,20000,25658.949050323823,-5658.949050323823
3473,test,12000,17386.781703172306,-5386.781703172306
1898,test,12000,15772.367464291036,-3772.3674642910355
4552,test,7500,7469.368986573369,30.631013426631398
1872,test,9000,13563.930810260308,-4563.930810260308
1754,test,14500,20027.93287956467,-5527.932879564669
1320,test,45000,47063.4769657982,-2063.4769657982033
1012,test,42000,46785.88653062994,-4785.886530629941
3067,test,34000,33737.41005202725,262.58994797275227
1435,test,150000,93939.76571886847,56060.23428113153
903,test,50000,38332.45376392731,11667.546236072689
2775,test,20000,23508.961681226472,-3508.961681226472
1275,test,40000,33115.62074866307,6884.3792513369335
2874,test,18000,12484.079196283947,5515.920803716053
1565,test,20000,15199.00997551138,4800.990024488619
963,test,52000,55822.81073625856,-3822.810736258558
2984,test,7600,10660.55061724816,-3060.55061724816
2922,test,90000,62433.44004148547,27566.559958514532
1501,test,17000,16054.980964622599,945.0190353774015
3178,test,12000,11001.096892116862,998.9031078831376
159,test,6000,7180.77043003061,-1180.7704300306104
2579,test,24000,18378.25546611921,5621.744533880788
3967,test,9000,10476.861246537164,-1476.8612465371643
1151,test,75000,100749.02663625941,-25749.026636259412
3855,test,14000,14216.83446990705,-216.83446990704942
3947,test,13000,13309.944586550688,-309.94458655068775
2462,test,40000,26318.30337702045,13681.69662297955
4248,test,7500,6492.344161008967,1007.6558389910333
4168,test,5500,6977.123086658999,-1477.1230866589985
1860,test,14000,15068.454473178761,-1068.454473178761
666,test,55000,127308.08619998192,-72308.08619998192
770,test,120000,92397.6920209063,27602.307979093704
4076,test,11000,13321.194408992147,-2321.194408992147
1938,test,7000,8273.174008470914,-1273.1740084709145
3514,test,34000,21515.397205201323,12484.602794798677
4175,test,7500,7667.166995021264,-167.16699502126357
2713,test,6000,11650.862531175164,-5650.862531175164
1363,test,23000,29027.126986911546,-6027.126986911546
3475,test,26000,13497.08393337008,12502.91606662992
2714,test,18000,14213.748678576305,3786.251321423695
4334,test,12000,11765.640640057129,234.35935994287138
2696,test,13500,11011.155413752516,2488.8445862474837
1297,test,55000,70634.55811779526,-15634.558117795255
2316,test,16000,18833.42911431901,-2833.4291143190094
537,test,28000,29730.901199809592,-1730.901199809592
1409,test,69999,100487.65087327725,-30488.65087327725
3574,test,9500,11935.22082342084,-2435.220823420839
1651,test,32900,23699.43767703137,9200.562322968632
3117,test,8000,5468.699896129545,2531.300103870455
1769,test,5000,7147.457999009449,-2147.457999009449
3820,test,13500,13401.02984295554,98.97015704445948
1333,test,25000,19740.361982288443,5259.638017711557
4275,test,12000,15165.49767931268,-3165.4976793126807
1596,test,10000,11701.237934762305,-1701.2379347623046
369,test,9000,6776.176692530394,2223.8233074696063
4368,test,32000,18438.35383716239,13561.64616283761
2606,test,8000,8710.979609389273,-710.9796093892728
4385,test,13000,8193.770875427146,4806.229124572854
3352,test,26000,29491.442857770933,-3491.442857770933
1298,test,66000,47406.10524398484,18593.894756015157
748,test,130000,85659.12979553404,44340.87020446596
2320,test,5000,13897.00483642389,-8897.00483642389
4534,test,200000,95751.56470868515,104248.43529131485
2767,test,18000,13744.562086863692,4255.4379131363075
4155,test,12500,12801.579627603336,-301.5796276033361
2113,test,7500,7276.854058120778,223.14594187922194
2114,test,16000,14040.534732402966,1959.4652675970337
4073,test,13000,9161.866353486706,3838.1336465132936
576,test,95000,71030.74454789414,23969.255452105863
2645,test,7000,15876.676713564146,-8876.676713564146
907,test,34000,37755.30780773973,-3755.3078077397295
1689,test,18000,13743.117276383466,4256.882723616534
3501,test,7000,6747.492075069399,252.5079249306009
3699,test,13000,7401.3506751313735,5598.6493248686265
4577,test,4000,6772.143992384704,-2772.143992384704
612,test,50000,40580.09022245178,9419.909777548222
2340,test,19000,16120.167105878027,2879.8328941219734
2292,test,12000,8226.557032400111,3773.442967599889
1313,test,23000,22894.635236230624,105.36476376937571
3744,test,10000,12442.421531298138,-2442.421531298138
4081,test,20000,25457.351975804664,-5457.351975804664
3340,test,33000,44702.16486845264,-11702.164868452637
4493,test,16000,13273.589200749297,2726.4107992507033
