row_id,split,actual_rent,predicted_rent,residual
1124,train,95000,74686.79028625986,20313.209713740143
3886,train,12000,16626.180792871197,-4626.180792871197
4122,train,14000,13508.510569971537,491.4894300284632
2762,train,6500,8613.721999714795,-2113.721999714795
1963,train,30000,22924.77831569864,7075.221684301359
345,train,12000,9424.198267708285,2575.801732291715
3892,train,20000,19454.075962575487,545.9240374245128
3420,train,6250,8587.251538703247,-2337.251538703247
2348,train,6000,6589.305621987235,-589.3056219872351
4572,train,37000,28107.94912200226,8892.050877997739
288,train,7000,6708.680550339107,291.31944966089304
3875,train,58000,51186.02911184435,6813.970888155651
4652,train,9000,10676.862211016707,-1676.862211016707
2920,train,10000,11262.122106948244,-1262.1221069482435
641,train,68000,64848.824749853324,3151.1752501466763
3749,train,5000,5465.872348549229,-465.8723485492292
3972,train,24000,15371.892968731447,8628.107031268553
1625,train,22000,22684.278891144753,-684.2788911447533
1703,train,20000,15928.170612342687,4071.8293876573134
3288,train,35000,18959.768205140143,16040.231794859857
3553,train,13000,14656.513232897893,-1656.5132328978925
1465,train,70000,63422.08554379685,6577.914456203151
3938,train,13000,12678.634872925926,321.3651270740738
885,train,32000,29499.840031302905,2500.159968697095
3121,train,11000,10602.444082143858,397.5559178561416
2055,train,18000,16675.76307304569,1324.2369269543087
381,train,12000,16531.066443800144,-4531.066443800144
2810,train,9500,12158.526432867618,-2658.5264328676185
2885,train,33500,25984.609284907354,7515.390715092646
3883,train,16000,18548.899818011447,-2548.8998180114468
2801,train,13000,14125.587117426336,-1125.5871174263357
2695,train,7500,8791.929212746782,-1291.9292127467816
1899,train,75000,54905.91073185855,20094.089268141448
4455,train,16000,16527.65846993055,-527.6584699305495
3793,train,10000,10645.796611821837,-645.7966118218374
3668,train,9000,11428.823036974258,-2428.823036974258
1839,train,16500,17626.541002475333,-1126.5410024753328
3894,train,12500,13437.310872167975,-937.3108721679746
1355,train,52000,41435.61277838317,10564.387221616831
2697,train,14000,15384.122317807014,-1384.122317807014
514,train,22000,21033.741259836177,966.258740163823
927,train,30000,21464.228785657404,8535.771214342596
1104,train,17000,17945.273699724527,-945.2736997245265
3360,train,8000,8552.30627457287,-552.3062745728694
2768,train,30000,37644.85948100757,-7644.8594810075665
1165,train,52000,51133.133282986826,866.8667170131739
2715,train,18000,17975.87841193113,24.121588068868732
4305,train,6000,8786.143595899308,-2786.143595899308
1257,train,100000,184108.64179165536,-84108.64179165536
2594,train,18000,18799.56947892749,-799.5694789274894
3217,train,20000,20822.934398146932,-822.9343981469319
3163,train,10000,13197.76476125411,-3197.7647612541095
1554,train,15000,12869.916812103877,2130.0831878961235
3088,train,26000,24230.105157844242,1769.894842155758
998,train,70000,74114.1914723608,-4114.191472360806
417,train,6500,5982.921356110914,517.0786438890864
427,train,5500,5453.896966163564,46.103033836436225
2632,train,40000,28854.454305171254,11145.545694828746
4519,train,18000,20235.300514078175,-2235.300514078175
850,train,190000,259577.04497185533,-69577.04497185533
3968,train,11000,10109.592799415337,890.4072005846629
4003,train,6000,6969.123978923987,-969.1239789239871
3265,train,24000,29131.05945270916,-5131.05945270916
108,train,8000,8154.807499187112,-154.80749918711172
3309,train,7500,7357.938097796337,142.0619022036626
3872,train,60000,66722.44805160731,-6722.448051607309
2286,train,15000,14206.750213457719,793.2497865422811
1950,train,40000,35554.460947910055,4445.5390520899455
3657,train,20000,21424.86178595118,-1424.8617859511796
4546,train,10000,10075.928306943619,-75.92830694361874
4600,train,20000,14601.04797079361,5398.95202920639
2379,train,80000,53967.966276565705,26032.033723434295
4379,train,12500,11368.097394552435,1131.9026054475653
3836,train,20000,17820.694422187855,2179.305577812145
2806,train,14000,10858.624254293654,3141.3757457063457
376,train,7000,7571.808752924495,-571.8087529244949
2051,train,7000,6980.252364441438,19.74763555856225
1805,train,15000,11187.36999927028,3812.6300007297195
2744,train,12000,13421.37822069486,-1421.37822069486
549,train,20000,20075.619663509668,-75.61966350966759
1378,train,24000,27514.064951667933,-3514.064951667933
2728,train,13500,16020.221725722102,-2520.221725722102
3220,train,11000,12063.845588156395,-1063.845588156395
575,train,40000,40367.65008517687,-367.6500851768724
468,train,6500,7415.918329992242,-915.9183299922424
213,train,11000,8626.81289675326,2373.1871032467407
3526,train,15000,16837.3067782331,-1837.3067782331018
4278,train,15000,14483.00928000257,516.9907199974296
677,train,55000,63448.747122394605,-8448.747122394605
3410,train,15000,18853.403034647334,-3853.4030346473337
3041,train,12000,13599.14168794024,-1599.1416879402404
1994,train,22000,20589.44962308891,1410.550376911091
1222,train,21000,21059.144058769125,-59.14405876912497
1570,train,8500,9952.87182778741,-1452.8718277874104
4271,train,13000,13292.993138029964,-292.99313802996403
438,train,5000,5408.387899759596,-408.3878997595957
821,train,34000,31865.932442761437,2134.0675572385626
4449,train,9000,9520.682670554967,-520.6826705549665
3025,train,11200,10705.201786045263,494.79821395473664
530,train,300000,260588.60524759354,39411.39475240646
2702,train,4000,4944.7343245341945,-944.7343245341945
3884,train,18000,24793.439684736535,-6793.439684736535
2745,train,13500,11776.353810279876,1723.6461897201243
1722,train,19000,17340.17513593697,1659.82486406303
1704,train,28000,24559.120150863466,3440.879849136534
661,train,35000,39726.02760923459,-4726.027609234588
1243,train,72000,50982.66375908001,21017.33624091999
1027,train,230000,154244.10632222355,75755.89367777645
4463,train,20000,21409.569208936187,-1409.5692089361874
2210,train,10000,11641.86807403978,-1641.8680740397795
1607,train,6000,8215.41554065251,-2215.4155406525097
163,train,9000,10271.492617511605,-1271.4926175116052
3591,train,7000,5973.356691441762,1026.6433085582375
4262,train,10000,8566.70905127475,1433.290948725249
2722,train,20000,19575.80387756925,424.1961224307488
4058,train,30000,32184.72482543093,-2184.7248254309307
3627,train,15000,15375.968603631418,-375.96860363141786
3187,train,13000,15510.293916968065,-2510.293916968065
812,train,36000,39876.14570404173,-3876.14570404173
1508,train,13500,9015.35723954436,4484.642760455639
2811,train,15000,19065.394844026785,-4065.394844026785
3362,train,12000,12831.483502698671,-831.4835026986711
4457,train,12000,12580.010205659675,-580.0102056596752
421,train,12000,10367.545291189463,1632.4547088105373
1477,train,70000,55385.65258263488,14614.34741736512
1588,train,10000,10390.806595829814,-390.8065958298139
313,train,15000,15614.235933001279,-614.2359330012787
3945,train,12000,13739.70623783796,-1739.7062378379596
2161,train,24000,22909.29935517636,1090.7006448236389
277,train,15000,8934.808263711173,6065.191736288827
2750,train,9000,9018.80015962025,-18.80015962025027
140,train,12500,11642.37715393749,857.6228460625098
1383,train,37000,42804.54393872489,-5804.543938724892
2708,train,10000,9013.728527583175,986.2714724168254
1881,train,15000,15702.691217523727,-702.6912175237267
4448,train,400000,197707.70418138403,202292.29581861597
310,train,9000,7455.317245920706,1544.6827540792938
3601,train,18000,17432.424660284745,567.5753397152548
4279,train,15000,11249.729823306196,3750.2701766938044
3190,train,15000,14864.248248423512,135.75175157648846
1347,train,20000,18793.952562733957,1206.0474372660428
2295,train,30000,24227.038911309864,5772.9610886901355
189,train,6500,5359.539030235341,1140.4609697646592
1923,train,24000,17902.57893047649,6097.421069523509
1842,train,17000,14552.457122472939,2447.542877527061
1155,train,38000,37320.521163691774,679.4788363082262
3933,train,23000,16184.073975740903,6815.926024259097
61,train,30000,37719.429329509585,-7719.429329509585
1691,train,20000,18723.91370500884,1276.0862949911607
499,train,6000,7570.069882910094,-1570.0698829100938
1733,train,12500,13350.197342401136,-850.1973424011358
2555,train,6000,6736.701711116529,-736.7017111165287
2004,train,15000,9736.63559284473,5263.36440715527
1337,train,110000,106537.91004948529,3462.08995051471
2652,train,60000,66302.60530569487,-6302.605305694873
3823,train,22000,20421.20239789517,1578.7976021048307
2193,train,34000,40583.14406197466,-6583.144061974657
1425,train,35000,33813.27235309378,1186.72764690622
2893,train,16000,15414.588350628586,585.4116493714137
687,train,100000,91179.73294143172,8820.267058568279
1517,train,7500,7415.93133924388,84.06866075612015
852,train,75000,102650.47279831782,-27650.472798317816
4726,train,35000,24967.6125967768,10032.387403223202
261,train,7000,7690.396057343875,-690.3960573438753
4487,train,18000,15107.724031064918,2892.2759689350823
3852,train,15000,12360.16892113733,2639.8310788626695
4246,train,18000,12057.19752712581,5942.802472874189
584,train,13000,23843.474294492535,-10843.474294492535
1305,train,51000,58142.711353734536,-7142.711353734536
875,train,15000,16178.521492647433,-1178.5214926474328
4116,train,14000,13863.816320110504,136.1836798894965
1608,train,17000,13274.951266004111,3725.048733995889
4302,train,18000,19828.141767693192,-1828.1417676931924
1560,train,12000,8484.047188380171,3515.952811619829
827,train,40000,44320.375039652106,-4320.375039652106
625,train,85000,79521.02492868793,5478.975071312074
4274,train,25000,19834.303883153356,5165.696116846644
1984,train,11000,8335.580944857675,2664.4190551423253
1642,train,12000,16288.833316166889,-4288.833316166889
1278,train,15000,15096.136367098961,-96.13636709896127
4468,train,24000,24530.39231279699,-530.3923127969902
1742,train,14000,26532.04747293394,-12532.04747293394
4400,train,50000,66572.21139935787,-16572.211399357868
522,train,25000,17531.13672720485,7468.863272795152
4688,train,12000,12622.125986246036,-622.1259862460356
614,train,120000,74871.17175908019,45128.828240919815
2223,train,28000,27454.77513747256,545.2248625274406
2483,train,12000,13161.619341232888,-1161.6193412328885
2281,train,22000,23069.414491916352,-1069.4144919163518
3394,train,20000,22143.83260587582,-2143.832605875821
2698,train,18000,19913.124083934446,-1913.1240839344464
935,train,18000,22315.297416161087,-4315.297416161087
1987,train,55000,50242.978689141004,4757.021310858996
483,train,5000,5315.284568740758,-315.284568740758
4396,train,24000,17411.243757889144,6588.756242110856
2047,train,11000,9967.453117403416,1032.5468825965836
459,train,22500,16453.18168761693,6046.818312383071
4615,train,5000,6979.671490448406,-1979.671490448406
4156,train,31000,41987.7927577525,-10987.792757752497
3871,train,10000,9977.536646319537,22.463353680463115
2116,train,14000,12236.272121787539,1763.7278782124613
3081,train,12000,14689.195085808671,-2689.195085808671
4094,train,12000,12032.783441414294,-32.78344141429443
4632,train,9000,9732.804570842864,-732.8045708428635
4229,train,8000,8971.075337574835,-971.0753375748354
3713,train,19000,13897.002105346493,5102.997894653507
2010,train,50000,21989.621261642555,28010.378738357445
1589,train,7000,5793.758075393278,1206.241924606722
1139,train,77000,70625.26943454774,6374.730565452264
2494,train,14000,12061.238406828832,1938.761593171168
1552,train,84000,82226.22654322429,1773.7734567757143
3294,train,65000,71070.13189831165,-6070.131898311651
3145,train,8500,7089.169236236695,1410.8307637633052
1751,train,7500,8860.698790453429,-1360.698790453429
30,train,7500,5950.293080028005,1549.7069199719954
462,train,14000,13426.677289588057,573.3227104119433
3110,train,9000,7657.241356285686,1342.7586437143136
3479,train,12000,11764.807272493668,235.19272750633172
2545,train,36000,39298.86452570075,-3298.864525700752
2384,train,40000,23026.8744407974,16973.1255592026
1546,train,16000,17589.8848579003,-1589.8848579002988
917,train,8000,13151.634572665982,-5151.634572665982
4601,train,10000,10787.571755888794,-787.5717558887936
432,train,5500,7173.072757334278,-1673.0727573342783
4668,train,7000,9726.487175720966,-2726.4871757209658
901,train,75000,76123.47634165378,-1123.4763416537753
3599,train,22000,23702.93339332522,-1702.93339332522
1882,train,11000,11557.951662539206,-557.9516625392062
1939,train,24000,20054.15357535949,3945.846424640509
2077,train,11000,9848.477104852876,1151.5228951471236
2662,train,35000,41658.10555440894,-6658.1055544089395
1685,train,17500,15803.320527878677,1696.6794721213228
1036,train,100000,118376.95961665247,-18376.95961665247
3856,train,20000,15560.15701726198,4439.8429827380205
406,train,5500,6754.73693121306,-1254.7369312130604
3233,train,25000,21732.569398516003,3267.4306014839967
1880,train,10000,11889.855173529477,-1889.8551735294768
3802,train,14000,14729.876842959786,-729.8768429597858
1537,train,7500,7728.0207884595875,-228.0207884595875
4389,train,15000,16304.355266196893,-1304.3552661968934
1185,train,76000,55675.12549943315,20324.874500566853
418,train,4500,5646.23751293509,-1146.2375129350903
1068,train,130000,119406.60973889325,10593.390261106746
3838,train,15000,13771.81693339675,1228.1830666032492
4501,train,8000,9115.49679349642,-1115.4967934964207
4548,train,10000,10589.043895705483,-589.043895705483
2082,train,10000,9727.826895498776,272.17310450122386
3558,train,24000,23303.39948398075,696.6005160192508
2248,train,12000,13951.843873156902,-1951.8438731569022
147,train,8000,8450.122262532059,-450.1222625320588
4133,train,20000,18049.73644456093,1950.263555439069
137,train,17500,18228.110527650155,-728.1105276501548
76,train,5500,6336.769103293087,-836.769103293087
4565,train,18000,17961.366583232564,38.63341676743585
2218,train,40000,27164.10071197214,12835.89928802786
833,train,80000,120444.96026996007,-40444.960269960065
1188,train,39000,42134.99885171146,-3134.9988517114616
43,train,8500,8867.208998428887,-367.20899842888684
3680,train,8000,11054.434841893,-3054.4348418930003
2257,train,7000,7514.042563553232,-514.042563553232
2529,train,24000,15282.924951095934,8717.075048904066
4678,train,30000,20970.800373132795,9029.199626867205
4492,train,37000,32407.956572299674,4592.043427700326
2639,train,15000,12755.433083305257,2244.5669166947428
2492,train,14000,12282.953866536105,1717.0461334638949
3011,train,22000,18111.045018565645,3888.9549814343554
838,train,450000,511251.4307219908,-61251.43072199082
3332,train,20000,19260.226700874995,739.773299125005
3720,train,40000,36939.53271919354,3060.467280806457
323,train,8500,9884.921934094367,-1384.9219340943673
4023,train,12000,13887.79436920889,-1887.7943692088902
3733,train,20000,20103.738288200937,-103.73828820093695
274,train,30000,66707.08724211583,-36707.08724211583
1373,train,24000,30704.539667819678,-6704.539667819678
3336,train,23000,18322.650935670634,4677.349064329366
2783,train,10000,10209.260965220006,-209.26096522000626
169,train,40000,19939.94723769203,20060.05276230797
2541,train,16000,22093.597090642164,-6093.597090642164
1461,train,30000,30371.57907503148,-371.5790750314809
2903,train,110000,82746.37059002148,27253.629409978515
2990,train,26000,23327.063653817855,2672.936346182145
4685,train,17000,14476.851496910476,2523.1485030895237
894,train,15500,16859.850728356978,-1359.850728356978
4007,train,25000,20105.512302652223,4894.487697347777
631,train,50000,43570.41479450967,6429.58520549033
2777,train,6500,8819.97066469439,-2319.9706646943905
3455,train,45000,54369.20084570389,-9369.20084570389
2230,train,16000,15940.222989653294,59.77701034670645
3723,train,35000,19838.460381297056,15161.539618702944
2886,train,9500,8478.071759941757,1021.9282400582433
4472,train,15000,13235.642144567768,1764.357855432232
2408,train,9000,9440.631770885031,-440.6317708850311
730,train,95000,107619.36128703733,-12619.361287037333
2184,train,24000,21843.814337058186,2156.1856629418144
703,train,40000,40392.971801622625,-392.9718016226252
652,train,43000,49268.710494580766,-6268.710494580766
1280,train,13000,20073.993840143754,-7073.993840143754
4213,train,42000,42427.6421861576,-427.6421861576018
1905,train,6000,7863.984383933912,-1863.9843839339119
4298,train,13000,14143.335784218707,-1143.335784218707
484,train,10000,11032.821382705339,-1032.8213827053387
3146,train,20000,42877.38823520023,-22877.388235200233
1955,train,15000,13662.821825749374,1337.1781742506264
4100,train,16500,20383.98183589026,-3883.9818358902594
2053,train,4800,6231.538209296336,-1431.5382092963364
4067,train,1200,13849.726674052412,-12649.726674052412
302,train,20000,13636.165094508715,6363.834905491285
2967,train,7500,8930.192244918466,-1430.1922449184658
4127,train,10000,11712.490431887347,-1712.4904318873469
3285,train,8000,8854.918144098794,-854.9181440987941
1809,train,22000,16170.475850370294,5829.524149629706
4360,train,26000,24101.098025933916,1898.9019740660842
1973,train,70000,41951.59003771435,28048.409962285652
1614,train,7000,6679.756414001181,320.24358599881907
3192,train,19000,19011.403252313918,-11.40325231391762
3764,train,6000,5456.3126441573295,543.6873558426705
2352,train,17500,15807.65261295366,1692.3473870463404
4150,train,12000,13347.195023241096,-1347.1950232410964
2241,train,14000,13152.637466038766,847.3625339612336
2930,train,5500,6694.931597931813,-1194.9315979318126
610,train,50000,52360.421251565305,-2360.4212515653053
3791,train,12500,9771.512405887788,2728.487594112212
3056,train,22000,24348.112094079326,-2348.112094079326
1783,train,20000,15919.439436070073,4080.5605639299265
776,train,150000,153035.6707754969,-3035.6707754968957
4513,train,60000,60291.55083748875,-291.5508374887504
1116,train,55000,59222.367690560495,-4222.367690560495
2140,train,13900,13095.17852550246,804.8214744975394
3468,train,26000,24983.131860862333,1016.8681391376667
2106,train,12000,10323.691304628635,1676.3086953713646
1380,train,600000,490396.69709464547,109603.30290535453
4201,train,10000,10629.171115049885,-629.171115049885
2871,train,30000,25189.393506337958,4810.606493662042
191,train,9000,7116.879161427398,1883.1208385726022
1046,train,27000,19333.00439258099,7666.995607419009
973,train,85000,85712.45190065517,-712.4519006551709
4499,train,35000,35286.1758959807,-286.17589598069753
449,train,4000,4979.58019205704,-979.5801920570402
628,train,50000,59798.388478655164,-9798.388478655164
1403,train,20000,16508.841254584888,3491.158745415112
4311,train,9500,9764.77041797064,-264.77041797063976
3416,train,10000,11894.89151984708,-1894.8915198470804
1303,train,50000,53306.10082265076,-3306.100822650762
3383,train,30000,23654.918406249242,6345.081593750758
4293,train,70000,79401.71282823269,-9401.712828232688
616,train,110000,121309.85469199606,-11309.854691996065
745,train,100000,104298.18326749693,-4298.183267496934
193,train,12000,11801.576725948233,198.4232740517673
1862,train,8000,10495.371503856279,-2495.3715038562787
1449,train,45000,33288.565013746156,11711.434986253844
3064,train,40000,37817.23878018151,2182.761219818487
46,train,4600,6219.23877280742,-1619.23877280742
4291,train,12000,12403.0204720968,-403.0204720967995
3950,train,4000,5746.543394978927,-1746.5433949789267
3506,train,15000,18346.580483091828,-3346.580483091828
1107,train,35500,42149.446264981474,-6649.446264981474
4102,train,8500,9939.604707510087,-1439.6047075100869
2143,train,13000,14646.163039777579,-1646.163039777579
2369,train,7500,8746.2031066017,-1246.2031066017007
642,train,150000,156941.6952950781,-6941.695295078098
3061,train,8000,9933.266501441243,-1933.2665014412432
4074,train,35000,27349.17564725007,7650.824352749929
1225,train,65000,64846.5603663222,153.43963367780088
777,train,230000,399022.91628008755,-169022.91628008755
3545,train,26000,33967.09294605698,-7967.092946056982
4154,train,6000,6655.9243058587235,-655.9243058587235
3249,train,15000,13024.130350433508,1975.8696495664917
3931,train,22000,19397.85009426375,2602.149905736249
1158,train,180000,130184.60272785254,49815.39727214746
3168,train,14000,20307.3001013884,-6307.300101388399
815,train,42000,42967.2724327787,-967.2724327787
2381,train,14000,24699.795677867947,-10699.795677867947
4357,train,18000,13487.572869504702,4512.427130495298
1284,train,360000,303870.6496168694,56129.3503831306
331,train,6500,5681.9558319918815,818.0441680081185
788,train,170000,156173.69734330018,13826.302656699816
1834,train,12500,12127.23518461507,372.76481538492953
4054,train,14000,12951.771097089733,1048.2289029102667
1746,train,55000,56352.52970436985,-1352.529704369852
1292,train,65000,66598.28234188526,-1598.282341885264
883,train,45000,38561.94772674783,6438.052273252171
2269,train,7000,7827.091712372294,-827.0917123722938
4339,train,10000,12327.188079557298,-2327.188079557298
4284,train,9500,8707.62177462557,792.3782253744303
289,train,3500,4148.900975512298,-648.9009755122979
4515,train,9000,10972.405653885784,-1972.405653885784
2879,train,28000,31952.59849133141,-3952.5984913314096
2201,train,16500,17082.761182567327,-582.7611825673266
1960,train,26969,25869.41541454707,1099.5845854529289
4530,train,8000,8726.824841750118,-726.8248417501181
2824,train,9300,10125.747181833036,-825.7471818330359
263,train,6000,5862.795651140209,137.20434885979103
3020,train,5000,6158.7118076576235,-1158.7118076576235
3299,train,26000,20613.361261978112,5386.638738021888
2006,train,27000,20992.608286870753,6007.391713129247
3547,train,15000,10476.673957493738,4523.326042506262
1864,train,15000,13457.545683251912,1542.4543167480879
441,train,5500,4638.793406725878,861.2065932741216
1515,train,7500,8752.227672341305,-1252.2276723413052
1412,train,45000,49864.4949049535,-4864.494904953499
2798,train,37000,26021.50220177935,10978.497798220651
4331,train,6000,6353.288320547534,-353.28832054753366
4214,train,20000,18431.0942495054,1568.9057504945995
1487,train,65000,72878.80293660174,-7878.802936601744
295,train,10500,10207.149013233913,292.85098676608686
2552,train,13000,10083.52866435452,2916.4713356454795
2877,train,16000,15628.285005825435,371.7149941745647
364,train,10000,8212.059900100854,1787.940099899146
3948,train,9500,12226.506376826299,-2726.506376826299
3491,train,8500,9696.178665663541,-1196.1786656635413
1658,train,14000,10278.88420630088,3721.1157936991203
2324,train,12000,12749.830591322445,-749.8305913224449
761,train,36000,40257.10539876884,-4257.105398768843
4418,train,14000,13029.638222434085,970.361777565915
758,train,35000,39236.06186629241,-4236.06186629241
1095,train,25000,22524.153341288413,2475.846658711587
2228,train,12000,11291.330944026933,708.6690559730669
4188,train,7500,6698.0781207860655,801.9218792139345
3456,train,5000,6103.804283483294,-1103.804283483294
4618,train,9000,10296.281417064843,-1296.2814170648435
2661,train,36000,55215.205307057106,-19215.205307057106
4063,train,15000,11675.507229997658,3324.492770002342
2050,train,9000,10739.796949814028,-1739.7969498140283
496,train,14000,11735.019453499153,2264.9805465008467
810,train,40000,42248.888963869016,-2248.888963869016
1797,train,5000,7370.904735441679,-2370.904735441679
2599,train,25000,38496.27829592518,-13496.278295925178
471,train,7500,7325.630927738196,174.36907226180392
2071,train,35000,32599.973557551995,2400.0264424480047
1504,train,8000,7786.848757062989,213.15124293701138
3330,train,12000,8044.442392928408,3955.5576070715924
1261,train,70000,95736.40649644731,-25736.406496447307
3578,train,18000,11680.03299409876,6319.967005901241
736,train,46000,39682.73798724438,6317.262012755622
2236,train,16000,17709.245293610227,-1709.2452936102272
955,train,72000,47104.12626937747,24895.87373062253
2718,train,11000,11492.069414230938,-492.0694142309385
1100,train,26000,29632.093844065195,-3632.0938440651953
4028,train,10000,11952.807281870506,-1952.807281870506
2790,train,22000,27461.238408895533,-5461.238408895533
480,train,6000,11654.177994294127,-5654.177994294127
2278,train,20000,11975.029886217699,8024.970113782301
3411,train,75000,49928.59656070694,25071.403439293063
4416,train,120000,105148.27249348888,14851.727506511117
3083,train,20000,21721.66153538786,-1721.6615353878587
910,train,24000,21629.850338507913,2370.149661492087
3098,train,13000,11608.555642327845,1391.444357672155
1200,train,25000,27818.62481575646,-2818.6248157564587
3917,train,25000,26532.544638968655,-1532.544638968655
1974,train,19000,16111.841223336052,2888.1587766639477
2878,train,20000,19641.210330503713,358.7896694962874
3317,train,45000,22965.390733606542,22034.609266393458
3775,train,18500,21652.19604804906,-3152.1960480490598
1707,train,20000,17062.88395753006,2937.116042469941
1830,train,11000,8661.276730744361,2338.723269255639
2883,train,8000,9022.046688123748,-1022.046688123748
2121,train,15000,16220.18324690803,-1220.183246908029
2675,train,30000,31633.615232520508,-1633.6152325205076
1142,train,40000,40017.42211647971,-17.422116479712713
393,train,7000,6497.170959485641,502.8290405143589
1586,train,7000,7616.510763356069,-616.5107633560692
884,train,35000,30033.52400641879,4966.475993581211
3443,train,16000,16976.441975390248,-976.4419753902475
3891,train,11000,11821.716117347585,-821.7161173475852
3896,train,30000,19857.33566408137,10142.664335918631
1680,train,12000,9292.479458705413,2707.520541294587
3227,train,30000,34658.27273284062,-4658.272732840618
398,train,8000,7218.688151779437,781.3118482205628
598,train,55000,52794.134790289405,2205.865209710595
4144,train,45000,44742.945266368115,257.05473363188503
2122,train,9500,11692.809261904917,-2192.8092619049166
408,train,11000,13454.439108279386,-2454.4391082793863
3850,train,8500,11111.121018826929,-2611.121018826929
811,train,40000,31890.978188886307,8109.021811113693
135,train,9000,9056.898840883121,-56.89884088312101
4,train,7500,7945.615464888878,-445.6154648888778
3112,train,17000,21499.28691765236,-4499.28691765236
2493,train,14000,13134.114968166936,865.8850318330642
4025,train,45000,42316.339340959574,2683.6606590404263
987,train,75000,74142.1883531768,857.8116468232038
996,train,75000,55503.86878255224,19496.131217447757
1828,train,7000,7096.214134729869,-96.21413472986933
4517,train,5800,8443.332881610046,-2643.3328816100457
2422,train,18000,14224.586852858092,3775.4131471419078
3174,train,7000,7256.894819080344,-256.89481908034395
2517,train,22000,18655.758273421994,3344.241726578006
1562,train,16000,18178.138897940822,-2178.138897940822
3748,train,12000,10585.961587363547,1414.0384126364534
2437,train,10000,9427.158804850882,572.841195149118
3380,train,16000,14797.33896668639,1202.6610333136105
4627,train,5000,5000.255997984133,-0.2559979841325912
4045,train,25000,17946.862184641126,7053.137815358874
2065,train,17681,17565.321910752034,115.67808924796554
764,train,7500,15658.571827172404,-8158.571827172404
237,train,5500,7522.636073555833,-2022.6360735558328
3188,train,9000,8558.780090640446,441.21990935955364
3404,train,45000,33796.949370139846,11203.050629860154
893,train,40000,57606.97853052543,-17606.978530525434
3241,train,85000,60760.16512451905,24239.83487548095
2330,train,12500,13226.8550983862,-726.8550983862006
3815,train,100000,69226.6910060998,30773.308993900195
3058,train,6500,8118.885392948533,-1618.885392948533
396,train,35000,18525.24708267824,16474.75291732176
3759,train,15000,12951.518541574536,2048.4814584254636
1996,train,15000,17208.800651165315,-2208.800651165315
479,train,10000,11449.806199849168,-1449.8061998491685
4304,train,9000,11147.672282945892,-2147.672282945892
2815,train,250000,98403.34070355554,151596.65929644444
3566,train,15000,13854.294365547441,1145.705634452559
4406,train,3000,4428.852418827949,-1428.852418827949
2617,train,140000,85181.7251313911,54818.2748686089
154,train,7000,6880.523130232845,119.47686976715522
4182,train,16000,15854.499575943028,145.5004240569724
705,train,230000,187306.03539784264,42693.96460215736
3611,train,8000,7883.596726283681,116.40327371631884
3017,train,12000,10694.22118659657,1305.7788134034308
1045,train,46000,50329.498072179216,-4329.498072179216
2364,train,24000,22358.042747282925,1641.9572527170749
1832,train,60000,44279.372019127724,15720.627980872276
188,train,7000,7614.433081915303,-614.4330819153029
4235,train,26000,21332.31580608757,4667.6841939124315
2968,train,10000,13946.737709143375,-3946.7377091433755
3207,train,14000,12616.30548186909,1383.6945181309093
1247,train,8000,15865.11320771067,-7865.11320771067
2700,train,65000,35165.76508205513,29834.234917944872
3888,train,13000,11446.926529751114,1553.0734702488862
344,train,7500,8343.764698662955,-843.7646986629552
1289,train,130000,154025.5202506917,-24025.520250691712
2342,train,18000,21355.48282995206,-3355.4828299520595
1851,train,40000,51873.80214709975,-11873.802147099748
533,train,33000,34166.831069221065,-1166.8310692210653
3954,train,13000,13852.840882900698,-852.8408829006985
1354,train,55000,45915.96379636704,9084.03620363296
4684,train,22000,21161.40048879707,838.5995112029304
2985,train,29000,35086.83324966601,-6086.833249666008
1744,train,11000,12329.077437471002,-1329.0774374710018
1937,train,14000,13231.272260214057,768.7277397859434
1840,train,13000,10413.08265071129,2586.9173492887094
2812,train,12000,13561.346609603232,-1561.3466096032316
4642,train,8000,10953.025212963203,-2953.0252129632026
1806,train,130000,173066.91071871558,-43066.910718715575
3673,train,10000,9962.100694985555,37.89930501444542
3536,train,12500,13490.944877661315,-990.9448776613153
341,train,12000,11813.197660526388,186.80233947361194
2119,train,10000,9313.531849311172,686.4681506888282
4735,train,45000,46202.02166660166,-1202.0216666016568
2782,train,13000,12775.535039281749,224.46496071825095
2665,train,20000,18426.384157644392,1573.615842355608
4042,train,10000,10205.157680508797,-205.15768050879706
2343,train,70000,67364.0192003204,2635.9807996796008
67,train,7500,8397.998846663751,-897.9988466637515
3629,train,7000,6654.62491202972,345.3750879702802
2273,train,15000,15654.058214474993,-654.0582144749933
4242,train,12000,13433.113442886868,-1433.1134428868681
206,train,5000,5345.2982133618625,-345.2982133618625
3278,train,4500,6407.3896127683865,-1907.3896127683865
4503,train,5500,4873.287526791922,626.7124732080783
1775,train,30000,21923.274677995698,8076.725322004302
1506,train,50000,59024.003023127014,-9024.003023127014
1762,train,15000,20107.960102887857,-5107.960102887857
939,train,32000,48968.806941913026,-16968.806941913026
4243,train,15000,16494.636978033384,-1494.6369780333844
4181,train,8000,9162.930154260775,-1162.9301542607755
2464,train,6000,7485.396383189031,-1485.3963831890314
63,train,30000,23832.06542146926,6167.934578530741
3610,train,25000,21817.42484449803,3182.5751555019706
4352,train,12000,12936.25895572797,-936.2589557279698
1400,train,20000,25221.724505546452,-5221.724505546452
2044,train,250000,178373.14715822172,71626.85284177828
3478,train,30000,15145.611504215094,14854.388495784906
2575,train,8000,7677.2252023869605,322.7747976130395
3919,train,45000,51714.76969193251,-6714.76969193251
3054,train,16000,14133.090754455647,1866.9092455443533
3210,train,7000,8415.737356859201,-1415.737356859201
3494,train,18000,15560.391196422499,2439.608803577501
1069,train,58000,50888.44979243917,7111.550207560831
4512,train,9000,11537.140380789438,-2537.1403807894385
1389,train,310000,326982.18492670916,-16982.18492670916
4326,train,18000,12081.48059570052,5918.519404299481
1854,train,16000,17066.389092453297,-1066.389092453297
3312,train,12000,13449.934510209398,-1449.9345102093976
2928,train,30000,26503.60553481603,3496.39446518397
1408,train,55000,59672.3673425792,-4672.3673425792
1136,train,40000,31867.50981389864,8132.49018610136
2748,train,200000,126370.26356389861,73629.73643610139
2668,train,14000,13353.708814400648,646.2911855993516
2842,train,24000,23855.68437262228,144.31562737772038
545,train,22000,19761.78079997962,2238.2192000203795
3914,train,12000,11771.684504969624,228.31549503037604
2528,train,140000,115308.53685672523,24691.46314327477
1564,train,11000,11837.641338141497,-837.6413381414968
842,train,55000,54888.69479520658,111.30520479341794
2513,train,20000,19667.73062663991,332.26937336008996
2461,train,5000,7959.699659581071,-2959.6996595810706
3832,train,11000,11680.982941740844,-680.9829417408437
541,train,270000,261373.37257750853,8626.627422491467
855,train,39000,31580.683863301474,7419.316136698526
804,train,50000,45771.28292947216,4228.71707052784
372,train,35000,34479.47188777624,520.5281122237575
3457,train,30000,25523.578203197594,4476.421796802406
409,train,10000,8729.88014710135,1270.1198528986497
1153,train,45000,41425.01423316406,3574.98576683594
4325,train,22000,21180.350072234418,819.6499277655821
4504,train,5000,6256.588579844368,-1256.5885798443678
3268,train,16000,13221.473434960277,2778.526565039723
2387,train,25000,23140.904841058174,1859.0951589418255
3729,train,12000,9953.094980514456,2046.9050194855445
1324,train,20000,28969.053907809226,-8969.053907809226
2358,train,4500,5494.583012712803,-994.5830127128029
4456,train,22000,24064.968111952614,-2064.968111952614
4628,train,6000,5107.314346856633,892.6856531433668
4187,train,14000,16295.835926210792,-2295.8359262107915
4032,train,130000,119382.06226785072,10617.93773214928
4348,train,12000,11837.576093228341,162.42390677165895
2840,train,150000,124751.84332700509,25248.15667299491
3144,train,30000,42271.39298247565,-12271.392982475649
1518,train,25000,23500.232170997337,1499.7678290026633
334,train,8000,6688.193145148383,1311.8068548516167
1015,train,60000,49808.156098149324,10191.843901850676
3698,train,18000,18673.286350761042,-673.2863507610418
3873,train,12000,9807.644497553167,2192.3555024468333
3238,train,22000,17749.435186125,4250.564813875
2378,train,20000,9015.097930739541,10984.902069260459
3184,train,12000,12000.515202023706,-0.5152020237055694
2677,train,11000,9134.176808948856,1865.823191051144
2556,train,100000,42660.541959785776,57339.458040214224
4372,train,9000,8535.474286205277,464.52571379472283
2039,train,25000,17108.28017241738,7891.7198275826195
223,train,12500,10536.336037363155,1963.663962636845
1183,train,18000,30785.11355176931,-12785.113551769311
2301,train,10000,12248.648614039732,-2248.648614039732
1244,train,180000,188394.6349711872,-8394.634971187188
4087,train,18000,17375.239364475838,624.7606355241624
2925,train,80000,75826.63314345633,4173.366856543667
2126,train,10000,8525.586468944364,1474.4135310556358
2760,train,38000,28394.257079307255,9605.742920692745
3428,train,16000,20294.472586867134,-4294.472586867134
3008,train,27000,32925.46521672675,-5925.465216726749
4659,train,12500,14932.748401833152,-2432.7484018331525
3724,train,4000,4948.126157998534,-948.1261579985339
3296,train,13500,14643.20384635754,-1143.203846357541
2172,train,30000,29647.47601358524,352.52398641475884
1463,train,90000,87947.58198657064,2052.4180134293565
662,train,15000,17977.854277069437,-2977.8542770694366
3462,train,17000,20841.2783353971,-3841.278335397099
4641,train,15500,11107.522993155295,4392.477006844705
465,train,20000,15980.026714949805,4019.973285050195
1683,train,25000,24029.955905715484,970.0440942845162
4138,train,12000,10770.733883445857,1229.266116554143
4132,train,6500,7265.447457915458,-765.4474579154576
2081,train,11000,10810.58601217026,189.4139878297392
1334,train,25000,25727.112581338075,-727.112581338075
711,train,15000,17220.379399992307,-2220.3793999923073
1823,train,13500,12413.985126593267,1086.0148734067334
473,train,15000,12629.890901152581,2370.109098847419
4059,train,12000,13095.477632300866,-1095.4776323008664
3074,train,15000,16284.122040261826,-1284.1220402618255
3433,train,6000,6487.702279760725,-487.7022797607251
3862,train,32000,31292.416898921354,707.583101078646
300,train,35000,20953.208311466133,14046.791688533867
2416,train,50000,49602.69640931538,397.30359068461985
1909,train,5500,6326.930166982397,-826.9301669823972
2769,train,16000,13618.50429813449,2381.4957018655095
4607,train,15000,15890.022498490569,-890.022498490569
3395,train,18000,8885.119688674067,9114.880311325933
24,train,8000,8274.010605754127,-274.010605754127
3301,train,15000,10010.808634386358,4989.191365613642
2097,train,8500,8534.800601134693,-34.80060113469335
450,train,30000,14850.301187205381,15149.698812794619
709,train,300000,118248.79899029167,181751.20100970834
4273,train,8000,10251.685014767932,-2251.6850147679324
2355,train,22000,16701.754405752865,5298.245594247135
114,train,15000,16325.201141614976,-1325.2011416149762
923,train,43500,45592.52539044673,-2092.5253904467318
2625,train,10000,8974.29637273175,1025.7036272682508
1879,train,21000,34615.49061483298,-13615.490614832983
4640,train,15000,14093.876949910667,906.1230500893325
4380,train,25000,21359.61621410997,3640.3837858900297
969,train,60000,60768.34471331142,-768.3447133114169
1326,train,850000,480181.53640331223,369818.46359668777
3392,train,130000,91253.5242756609,38746.47572433911
3612,train,12500,10721.252683235101,1778.7473167648986
4460,train,15000,14376.19846805017,623.80153194983
790,train,55000,47108.144984174054,7891.855015825946
4358,train,21000,19661.05281964731,1338.9471803526903
1887,train,20000,19101.531674541297,898.4683254587035
985,train,22000,23826.99365182269,-1826.9936518226896
933,train,65000,51524.54510390731,13475.454896092691
4126,train,6500,7429.112026454481,-929.1120264544807
2253,train,15000,14186.639801248062,813.3601987519378
1308,train,30000,32809.48928199529,-2809.4892819952875
4613,train,15000,17724.155724880682,-2724.155724880682
1295,train,22000,24730.46357641316,-2730.46357641316
1750,train,12000,9922.12400931157,2077.8759906884297
4429,train,8000,11819.231875617705,-3819.2318756177046
3593,train,8000,9202.531149702707,-1202.531149702707
2153,train,14000,12558.715482689739,1441.2845173102614
3572,train,130000,87654.98735187163,42345.012648128366
3128,train,17000,18680.41270573406,-1680.4127057340593
2155,train,20000,22335.82079408262,-2335.8207940826214
2621,train,6000,9495.343192298953,-3495.343192298953
1624,train,11500,12267.25157654261,-767.2515765426106
551,train,25000,20384.949947378635,4615.0500526213655
3966,train,100000,115260.86856530324,-15260.868565303244
1741,train,5000,7695.705398779019,-2695.7053987790187
755,train,42000,45778.512943102454,-3778.5129431024543
645,train,65000,72000.05360445332,-7000.053604453322
446,train,10000,11170.004173768863,-1170.0041737688625
390,train,22000,21091.022416042873,908.9775839571266
4259,train,25000,23545.914031186807,1454.0859688131932
222,train,25000,18672.07899743545,6327.921002564552
869,train,200000,166056.40576835477,33943.59423164523
3528,train,35000,34212.76993057671,787.2300694232908
205,train,15000,13964.94121582522,1035.0587841747802
1593,train,16000,13520.350443457473,2479.6495565425266
1370,train,60000,100537.71821889783,-40537.71821889783
2202,train,14500,16832.0380646646,-2332.038064664601
1613,train,9000,8321.69596099726,678.30403900274
3246,train,15000,14964.798036225799,35.20196377420143
495,train,10000,7522.402635494642,2477.597364505358
2380,train,9500,8968.10942340423,531.8905765957697
2477,train,10000,9472.99062583119,527.0093741688106
123,train,8000,9049.499547196921,-1049.4995471969214
2297,train,9250,10419.98450327992,-1169.9845032799203
1908,train,20000,18134.494075157854,1865.5059248421458
359,train,15000,8455.87240230742,6544.127597692581
4137,train,12500,12659.588270900374,-159.58827090037448
2022,train,35000,14827.26560723521,20172.73439276479
1187,train,45000,19178.15772808437,25821.84227191563
3902,train,9000,10281.469209673924,-1281.4692096739236
1736,train,10500,9847.287757439852,652.7122425601483
822,train,93000,130490.68261776556,-37490.68261776556
1251,train,45000,56707.72845399923,-11707.728453999232
3817,train,16000,16909.587795557876,-909.5877955578762
3451,train,15000,13898.38137197847,1101.6186280215297
1557,train,9500,9447.815677554398,52.18432244560245
837,train,33003,33839.79873419962,-836.7987341996195
3617,train,27000,27792.74751087053,-792.7475108705294
4610,train,15000,10871.217909170098,4128.782090829902
3848,train,70000,103082.73072283881,-33082.73072283881
4110,train,10000,9383.192946897017,616.8070531029825
892,train,25000,23521.518239748544,1478.4817602514559
1146,train,32000,20925.914769339455,11074.085230660545
1462,train,45000,47727.49853316355,-2727.498533163547
831,train,200000,164709.07980835394,35290.92019164606
4716,train,9000,11523.763875282433,-2523.763875282433
589,train,40000,43337.744532806835,-3337.744532806835
4730,train,25000,22147.02031405082,2852.97968594918
2366,train,16000,14315.666622116965,1684.3333778830347
2274,train,8200,7886.257933558453,313.74206644154674
98,train,18000,15789.40061477653,2210.5993852234697
2115,train,5000,6785.8976380779195,-1785.8976380779195
3701,train,8000,9765.013352882354,-1765.0133528823535
3415,train,24000,23428.508473961207,571.4915260387934
4104,train,15000,16953.318526523923,-1953.3185265239226
1028,train,180000,172227.0298073262,7772.970192673791
3376,train,38000,31953.352893071158,6046.647106928842
1219,train,260000,272858.5958700199,-12858.595870019926
4723,train,7000,8807.321978005502,-1807.3219780055024
1693,train,15000,14803.643746514252,196.3562534857483
4617,train,8500,7319.073262229678,1180.9267377703218
1922,train,20000,17621.71127904517,2378.2887209548317
1684,train,7000,7034.427354193902,-34.42735419390192
3602,train,8500,9593.09627014469,-1093.0962701446897
1310,train,15000,19142.20967266699,-4142.2096726669915
1047,train,95000,130282.91768883982,-35282.91768883982
620,train,40000,46968.84250013326,-6968.842500133258
2734,train,80000,75755.49452913516,4244.505470864839
4329,train,13000,16721.57323222399,-3721.573232223989
490,train,8000,7952.654605985598,47.34539401440179
1205,train,150000,144506.13609837525,5493.863901624747
1853,train,18500,20497.851285520286,-1997.8512855202862
2537,train,11000,12333.017520926831,-1333.017520926831
250,train,12000,13759.737632453127,-1759.737632453127
724,train,85000,103566.80969559077,-18566.809695590768
1444,train,36000,24172.875047698122,11827.124952301878
4568,train,16500,13902.75770400923,2597.242295990771
2643,train,6500,7086.394474300351,-586.3944743003512
1160,train,300000,327004.4662837935,-27004.466283793503
3658,train,9000,9955.444487157387,-955.4444871573869
3356,train,11500,10662.108970588382,837.8910294116176
1338,train,21000,21079.07379320628,-79.07379320628024
2308,train,20000,21756.056869576307,-1756.0568695763068
2875,train,18000,13903.138619080792,4096.861380919208
4694,train,12000,13301.953363112429,-1301.9533631124286
3803,train,8500,9443.345424894005,-943.3454248940052
3313,train,45000,39058.69721357392,5941.30278642608
2390,train,22000,13231.185946648475,8768.814053351525
3534,train,16500,16325.325228179547,174.67477182045332
379,train,40000,36193.35121290015,3806.6487870998535
2532,train,15000,13618.50429813449,1381.4957018655095
684,train,150000,161025.38501352034,-11025.38501352034
4035,train,9000,9424.1922163741,-424.1922163741001
2475,train,11000,11528.283748551625,-528.2837485516247
36,train,12500,10944.965218299514,1555.0347817004858
2642,train,10000,12985.316394040352,-2985.316394040352
1576,train,15000,14771.599035571335,228.40096442866525
2619,train,12500,12553.488359759143,-53.48835975914335
3059,train,3000,4657.292856894786,-1657.2928568947864
3633,train,15000,15770.195666682679,-770.1956666826791
658,train,32000,29786.02960584009,2213.970394159911
463,train,9500,7725.670362922059,1774.3296370779408
299,train,20000,16741.05195484207,3258.9480451579293
3323,train,25000,23978.659579089523,1021.3404209104774
2012,train,25000,30474.214368736546,-5474.214368736546
2503,train,12500,9744.321745996866,2755.6782540031345
3483,train,40000,43348.25115102777,-3348.251151027769
2733,train,9300,9303.241758606042,-3.2417586060419126
2583,train,15000,14446.672091534505,553.327908465495
1249,train,52000,36288.073015142574,15711.926984857426
2135,train,25000,27298.410925837983,-2298.410925837983
3014,train,6500,8967.793369438314,-2467.7933694383137
3072,train,12000,13515.744068579836,-1515.7440685798356
2134,train,21000,20025.990531267318,974.0094687326819
4330,train,6000,7245.189387407344,-1245.189387407344
1995,train,15000,14771.134428266976,228.8655717330239
981,train,23500,23850.869932930404,-350.8699329304036
1167,train,140000,144979.74049745794,-4979.74049745794
1701,train,5000,8398.57113725269,-3398.5711372526894
3868,train,23000,15104.204940163414,7895.795059836586
540,train,35000,34648.61037669065,351.38962330934737
919,train,230000,291263.00462070433,-61263.004620704334
4265,train,34000,40330.44532862248,-6330.445328622482
3142,train,6500,11351.181608897945,-4851.181608897945
179,train,15000,14040.543371749058,959.4566282509422
3690,train,8500,9016.153758918077,-516.1537589180771
4070,train,17000,19894.247534253376,-2894.247534253376
1195,train,90000,77262.55117675185,12737.448823248153
1245,train,26000,26297.88409121441,-297.88409121441146
216,train,7000,8968.95603459627,-1968.956034596269
753,train,170000,155034.3025788823,14965.697421117686
3604,train,40000,40164.39045801392,-164.39045801392058
4462,train,9000,8445.276156662687,554.7238433373132
3496,train,10000,10341.94596434142,-341.9459643414193
1711,train,7500,7265.310519217486,234.68948078251378
1398,train,140000,122699.6937203621,17300.306279637894
4283,train,15000,12865.579684957813,2134.420315042187
4085,train,16000,14317.117740093046,1682.8822599069535
1213,train,85000,83416.61671480341,1583.3832851965853
3286,train,10000,8545.515233580887,1454.484766419113
2959,train,15000,10806.885722460553,4193.114277539447
3304,train,15000,12368.890736388055,2631.1092636119447
120,train,6300,5830.209138040642,469.79086195935815
759,train,14000,15123.692656485055,-1123.6926564850546
3969,train,24000,21507.980928005705,2492.019071994295
3773,train,7500,7013.388367762622,486.6116322373782
2056,train,22500,19032.919475158375,3467.0805248416254
2620,train,14000,13386.315173470884,613.6848265291155
131,train,6000,6584.434025465987,-584.4340254659874
2300,train,12000,7774.697089834055,4225.302910165945
1096,train,110000,109226.45994215643,773.5400578435656
2169,train,18000,16953.509739595665,1046.4902604043345
4531,train,20000,13019.769738502813,6980.230261497187
4012,train,130000,95732.43221804075,34267.56778195925
743,train,25000,17465.082181952228,7534.917818047772
3916,train,9000,7665.685104852798,1334.3148951472022
3527,train,12000,14348.037297069375,-2348.037297069375
680,train,30000,28593.873246589283,1406.1267534107174
4398,train,8000,9674.404413758479,-1674.4044137584788
4033,train,8500,8516.408243065483,-16.408243065483475
2490,train,45000,30225.190495360923,14774.809504639077
2375,train,8000,7333.915375741183,666.0846242588168
2889,train,10000,10613.331290323567,-613.3312903235674
2328,train,25000,23434.128130698777,1565.8718693012233
797,train,200000,203923.97527753247,-3923.975277532474
4337,train,10000,10487.992544562963,-487.9925445629633
2800,train,12000,12592.26421040527,-592.2642104052702
4478,train,9000,10165.143035111256,-1165.1430351112558
467,train,7500,8303.025330336148,-803.0253303361478
1169,train,65000,74348.73078880091,-9348.730788800909
2616,train,14000,8410.553770143446,5589.446229856554
2624,train,8000,19667.173620249,-11667.173620249
3826,train,15000,16015.737653398197,-1015.7376533981969
4500,train,30000,38307.95200144575,-8307.952001445752
1883,train,7500,7713.747713543477,-213.7477135434774
208,train,18000,16085.447891364636,1914.5521086353638
281,train,6500,6404.348202062408,95.65179793759216
492,train,20000,11584.603173777032,8415.396826222968
4704,train,35000,33432.237151166555,1567.7628488334449
2828,train,15000,17977.887160800266,-2977.8871608002664
3373,train,35000,31999.32622352324,3000.6737764767604
3106,train,15000,14190.686462385649,809.3135376143509
2350,train,8000,8547.799215333045,-547.7992153330451
1110,train,180000,154861.26528017543,25138.73471982457
1182,train,55000,64606.388526354785,-9606.388526354785
1603,train,12000,12667.231888661845,-667.231888661845
2251,train,18500,14856.021915452373,3643.978084547627
4714,train,17000,13338.329555066264,3661.670444933736
1441,train,65000,68053.65755363369,-3053.6575536336895
2817,train,30000,33499.79823608954,-3499.7982360895403
512,train,11000,9173.502930830875,1826.497069169125
1076,train,45000,59027.07290111882,-14027.072901118823
1889,train,13000,12666.910208517222,333.0897914827783
3955,train,12500,12496.791404172987,3.2085958270126866
2689,train,30000,24658.120492252627,5341.879507747373
507,train,5000,4749.3431962329805,250.65680376701948
1813,train,60000,50390.13846498215,9609.861535017852
2523,train,15000,14102.97070262749,897.02929737251
3237,train,4500,4920.479384358794,-420.47938435879405
1605,train,36000,34816.66247793346,1183.3375220665403
2032,train,9000,10607.86447310447,-1607.8644731044697
3175,train,18000,15002.168477832844,2997.8315221671564
1306,train,140000,166600.62603420916,-26600.626034209155
3941,train,28000,28457.89814761618,-457.8981476161789
2386,train,3500,4998.749927072274,-1498.7499270722737
4533,train,14000,12633.487456806777,1366.5125431932229
497,train,10000,10663.604785903413,-663.6047859034134
3485,train,8000,7586.072241338422,413.9277586615781
3378,train,7500,6760.15887388382,739.84112611618
3438,train,12500,11840.678559500728,659.3214404992723
3540,train,72000,52352.545726815944,19647.454273184056
249,train,6000,7464.028380716128,-1464.0283807161277
954,train,40000,29995.845041810848,10004.154958189152
1649,train,22000,20696.369191976384,1303.6308080236158
1415,train,25000,25870.406800013174,-870.4068000131738
4254,train,15000,13446.295986806259,1553.704013193741
45,train,10000,12881.640850918433,-2881.640850918433
1132,train,75000,94081.51145384702,-19081.511453847022
3209,train,14000,11863.060778260091,2136.939221739909
3493,train,60000,50891.70062933651,9108.299370663488
3484,train,25000,22487.768747889273,2512.231252110727
2392,train,11000,9365.627457925015,1634.3725420749852
94,train,20000,14048.828531219322,5951.171468780678
3897,train,11000,10866.937651363956,133.06234863604368
4324,train,52000,67933.79907087452,-15933.79907087452
1387,train,210000,237387.97950525323,-27387.979505253228
1700,train,6000,6383.152841728901,-383.15284172890097
4473,train,8000,10774.704043526826,-2774.7040435268264
4413,train,10000,13569.223908374815,-3569.2239083748154
3787,train,80000,95836.68056406181,-15836.680564061811
2400,train,16000,11363.7352930604,4636.264706939601
3007,train,12000,12678.252294545504,-678.2522945455039
3641,train,11000,13010.007071857714,-2010.0070718577135
3659,train,18000,16740.546456445998,1259.453543554002
1816,train,11000,11632.831123761896,-632.8311237618964
626,train,180000,212400.41988784305,-32400.419887843047
3588,train,18000,12062.393331688221,5937.606668311779
548,train,8000,17292.508545363704,-9292.508545363704
4586,train,37000,42517.19998448229,-5517.199984482293
1443,train,55000,54694.000459088,305.999540912002
2807,train,15000,13953.204723793957,1046.7952762060431
4167,train,85000,79816.00609057219,5183.993909427809
73,train,6500,7187.8188445806545,-687.8188445806545
2498,train,25000,17277.805260322395,7722.194739677605
2679,train,35000,24642.21202855911,10357.787971440888
980,train,40000,46322.80165467263,-6322.8016546726285
1532,train,50000,43566.61931307953,6433.380686920471
2128,train,13000,13957.52998115354,-957.5299811535406
971,train,130000,170558.5533414148,-40558.55334141481
4013,train,27000,29199.499490352904,-2199.499490352904
195,train,6000,6851.185898032585,-851.1858980325851
260,train,25000,34174.953613589205,-9174.953613589205
1224,train,60000,55172.6766418092,4827.323358190799
162,train,3500,3768.3687504532454,-268.3687504532454
651,train,17500,20580.34328570668,-3080.34328570668
3584,train,22000,20352.807813678584,1647.1921863214156
3900,train,23382,25430.638155819604,-2048.6381558196044
3998,train,18000,19230.09530627354,-1230.0953062735389
4390,train,20000,14252.684395663082,5747.315604336918
2935,train,14000,19788.71705790302,-5788.717057903021
686,train,160000,121623.62733049948,38376.37266950052
1668,train,15000,15585.057888232945,-585.0578882329446
2666,train,8500,10624.756043986747,-2124.7560439867466
3490,train,8500,10992.18773884516,-2492.1877388451594
3032,train,150000,99716.04513169914,50283.95486830086
4047,train,45000,57839.37151187016,-12839.371511870158
1342,train,18000,21771.40509453412,-3771.4050945341187
1348,train,140000,82777.48706941745,57222.512930582554
902,train,8000,15232.249689982773,-7232.249689982773
3314,train,22000,18316.151549411916,3683.8484505880842
913,train,21000,22217.618943757832,-1217.6189437578323
2574,train,45000,46956.90332217022,-1956.9033221702193
1293,train,33000,30224.267647569544,2775.7323524304556
4228,train,16000,12381.619777348125,3618.3802226518746
153,train,20000,19774.31255396052,225.68744603947925
2974,train,9000,7630.205655321986,1369.7943446780137
4656,train,20000,13109.57623055084,6890.42376944916
586,train,38000,38329.85437580291,-329.8543758029118
3492,train,11000,10574.65428935588,425.3457106441201
1207,train,40000,19596.764261599277,20403.235738400723
1450,train,14000,15351.451957458967,-1351.4519574589667
3639,train,10000,11664.728475574655,-1664.728475574655
4578,train,15000,21162.750488604408,-6162.750488604408
3344,train,8500,10103.590668758372,-1603.590668758372
3847,train,40000,73782.85687752957,-33782.85687752957
4024,train,15000,13793.797814817854,1206.2021851821464
3671,train,11000,11371.467719948485,-371.46771994848496
3226,train,38000,32472.671276588815,5527.328723411185
829,train,75000,52237.34696207664,22762.65303792336
1133,train,45000,62985.0008594491,-17985.0008594491
2737,train,13000,11132.886357632151,1867.113642367849
4115,train,18000,14999.760995985382,3000.2390040146183
3548,train,8500,10201.27872366519,-1701.2787236651893
997,train,39000,46004.43748019002,-7004.437480190019
276,train,5000,6064.974968380357,-1064.9749683803566
601,train,70000,76443.93734683383,-6443.937346833831
3203,train,80000,70137.24173265182,9862.758267348181
2360,train,6000,7969.317110277458,-1969.3171102774577
3912,train,25000,19539.627602745728,5460.372397254272
2293,train,9000,7541.8756920999,1458.1243079000997
1745,train,5500,6439.799867287517,-939.7998672875174
11,train,5000,5702.161356893756,-702.1613568937564
3476,train,13000,14228.069576504176,-1228.0695765041764
1420,train,75000,63588.86040479321,11411.13959520679
554,train,23000,30226.052898136484,-7226.052898136484
1268,train,43000,44525.14505290765,-1525.1450529076465
4671,train,18000,18944.965920573668,-944.965920573668
1643,train,20000,19586.359611327076,413.640388672924
4327,train,7000,11343.793113879861,-4343.793113879861
2515,train,85000,62965.61532506718,22034.384674932822
2941,train,10000,6856.402798784627,3143.5972012153734
948,train,45000,45090.531842477794,-90.53184247779427
3379,train,12500,12145.92245705351,354.0775429464902
1480,train,680000,334337.51762199943,345662.48237800057
3464,train,22000,20261.847785531732,1738.1522144682676
2125,train,20000,18041.642550360775,1958.3574496392248
2285,train,24000,21066.3680774807,2933.6319225193
1315,train,40000,41612.8746535462,-1612.8746535461978
983,train,110000,123696.46708791792,-13696.467087917918
3387,train,15000,13232.73810162742,1767.2618983725806
2814,train,70000,49123.838923381336,20876.161076618664
2780,train,33000,35241.06344299716,-2241.0634429971615
2771,train,9000,9735.925301390307,-735.9253013903071
2017,train,15000,8768.016589626075,6231.983410373925
2152,train,75000,48259.60013539209,26740.399864607913
3109,train,75000,57026.66093294673,17973.339067053268
3363,train,12000,11726.876498514703,273.1235014852973
1366,train,90000,79448.25879532934,10551.74120467066
414,train,8500,9615.340212893456,-1115.3402128934558
2658,train,29000,31633.615232520508,-2633.6152325205076
2137,train,13000,15980.515476840612,-2980.515476840612
1033,train,400000,273149.4163179671,126850.58368203288
2549,train,10000,17451.14942222463,-7451.149422224629
950,train,160000,194061.50290265205,-34061.50290265205
4004,train,9000,7750.056578097503,1249.943421902497
4113,train,9000,10450.663924042463,-1450.663924042463
1208,train,52000,57770.028637454605,-5770.028637454605
1014,train,44000,50995.78596768832,-6995.785967688324
4080,train,18000,17365.857713052883,634.1422869471171
2398,train,350000,75277.141218764,274722.858781236
2420,train,13000,14422.988835516979,-1422.9888355169787
4231,train,10000,10336.19439297741,-336.19439297740973
113,train,12000,11079.053897693695,920.946102306305
2500,train,22000,22967.353882459432,-967.3538824594325
2489,train,8000,10247.608009119951,-2247.608009119951
809,train,55000,68212.58977594541,-13212.58977594541
1447,train,170000,204819.81068671105,-34819.81068671105
835,train,40000,32175.610512805564,7824.389487194436
3232,train,7000,5755.566866487441,1244.433133512559
3596,train,9800,12700.287177030454,-2900.2871770304537
4083,train,14000,12015.393846389632,1984.606153610368
3160,train,12000,12814.768461751237,-814.7684617512368
27,train,6000,8926.401860626343,-2926.4018606263435
4109,train,6500,7294.708211681349,-794.708211681349
3709,train,20000,23869.978427634156,-3869.978427634156
1949,train,22000,16615.16785514803,5384.832144851971
4039,train,17000,16631.6759010606,368.32409893939985
3719,train,12000,11861.20633560041,138.79366439959085
2221,train,18000,14939.772119096857,3060.227880903143
1719,train,7000,7068.6262086927345,-68.62620869273451
3381,train,16000,14340.217081636869,1659.782918363131
1971,train,10000,12240.7306293254,-2240.7306293254005
2306,train,8000,8126.285764646396,-126.28576464639627
2110,train,8500,10510.899036817844,-2010.8990368178438
3297,train,29000,27084.497595281526,1915.5024047184743
4051,train,15000,12913.96614672939,2086.03385327061
2681,train,30000,41220.502040265426,-11220.502040265426
3019,train,8000,9167.556774129976,-1167.5567741299765
2189,train,28000,29779.29512728834,-1779.2951272883402
3767,train,6000,6395.38880313469,-395.3888031346896
294,train,10000,12058.95676307874,-2058.9567630787406
115,train,14000,14248.71297174301,-248.7129717430107
4016,train,10000,11102.400646890324,-1102.4006468903244
2447,train,5500,6638.487432527251,-1138.4874325272513
2037,train,10000,8992.404179242401,1007.5958207575986
3930,train,20000,19938.11823611199,61.88176388801003
4362,train,13000,13724.074774080698,-724.0747740806983
3799,train,15000,14052.097315263363,947.9026847366367
1029,train,180000,168305.5495409798,11694.450459020212
88,train,6500,7233.129486975859,-733.1294869758594
900,train,180000,150056.41365025815,29943.586349741847
1309,train,85000,67991.24087763824,17008.759122361764
4065,train,8000,12048.826017427704,-4048.826017427704
2147,train,39000,39400.64670692407,-400.646706924068
3509,train,110000,43090.80207694069,66909.19792305931
1371,train,49000,53613.06599100092,-4613.06599100092
552,train,14000,21207.5630740492,-7207.5630740492015
1692,train,10000,9377.51016400328,622.4898359967192
989,train,150000,131438.6344151115,18561.365584888496
3361,train,16000,16944.849233513305,-944.8492335133051
646,train,80000,41085.22371166241,38914.77628833759
2243,train,4700,6081.866608265369,-1381.866608265369
2058,train,12000,13716.250301702634,-1716.2503017026338
1591,train,8000,6949.423038469584,1050.5769615304162
3728,train,10000,10255.489891922061,-255.48989192206136
4171,train,10000,12507.100656332423,-2507.1006563324227
2591,train,30000,30071.53966748422,-71.53966748421954
4621,train,11500,10852.625982618703,647.3740173812967
739,train,65000,52173.09318734038,12826.906812659618
4169,train,14000,12243.664132285332,1756.335867714668
3806,train,5000,6313.00170005075,-1313.0017000507496
1108,train,24000,29577.839917323843,-5577.839917323843
2849,train,25000,17701.301139187886,7298.698860812114
4660,train,140000,164389.41798819666,-24389.417988196656
726,train,150000,197802.4080453121,-47802.4080453121
2070,train,8000,10551.56533060357,-2551.5653306035692
2543,train,6000,8717.72953167633,-2717.72953167633
4238,train,8500,10749.003216951443,-2249.0032169514434
4249,train,12000,8730.798287975977,3269.2017120240234
3469,train,9000,10856.491508401972,-1856.4915084019722
2851,train,14000,13530.617529381956,469.38247061804395
2151,train,17500,21928.653242687607,-4428.653242687607
2395,train,11000,15472.467687157103,-4472.467687157103
2547,train,45000,28898.645196633373,16101.354803366627
1640,train,15000,17217.961005847523,-2217.9610058475228
3770,train,16000,20486.664145462382,-4486.664145462382
4212,train,12500,12543.948687360498,-43.9486873604983
3935,train,18000,15645.56654403505,2354.4334559649506
400,train,6000,7046.544236388375,-1046.5442363883749
59,train,8500,10666.30454624534,-2166.304546245339
563,train,40000,47423.90956648499,-7423.909566484988
3890,train,10500,9687.026317090751,812.973682909249
775,train,36000,40078.670433200685,-4078.670433200685
1737,train,6000,6647.25854767586,-647.2585476758604
4359,train,95000,79010.82238448795,15989.177615512046
1454,train,55000,59931.595581681955,-4931.595581681955
2785,train,23000,22175.129674580974,824.8703254190259
2980,train,90000,80998.46712702894,9001.53287297106
1652,train,15000,11880.340830703504,3119.6591692964957
4576,train,15000,14341.030654414824,658.9693455851757
2779,train,20000,24018.770254597388,-4018.770254597388
3425,train,14000,14277.234783174481,-277.234783174481
4674,train,19000,18153.194054762254,846.8059452377456
2898,train,11000,10330.362737329753,669.6372626702469
2604,train,21000,32678.60836711856,-11678.608367118559
523,train,25000,21896.592362304553,3103.407637695447
3409,train,20000,19133.865808211824,866.1341917881764
2141,train,15000,16894.554995564085,-1894.5549955640854
4720,train,13000,14244.44654167941,-1244.44654167941
1086,train,200000,133386.53494879534,66613.46505120466
286,train,12000,9070.491293726842,2929.508706273158
1992,train,8500,12267.560191474866,-3767.560191474866
1841,train,12000,11929.863875125624,70.13612487437604
2282,train,6500,7882.667072927249,-1382.6670729272491
1416,train,75000,74428.00281345108,571.9971865489206
1452,train,7000,16327.718593201598,-9327.718593201598
4055,train,25000,23686.23026921803,1313.769730781969
2766,train,10000,11911.252652334826,-1911.252652334826
967,train,32000,36526.429282189914,-4526.429282189914
4135,train,14000,16261.262986827835,-2261.2629868278345
2975,train,9000,11766.52364018034,-2766.5236401803395
2683,train,13000,16996.27120842901,-3996.2712084290106
3347,train,7000,7025.796913557798,-25.79691355779778
650,train,250000,248646.98463030416,1353.0153696958441
1650,train,6000,5901.454336451969,98.54566354803137
4727,train,15000,18684.286579578646,-3684.2865795786456
3669,train,13500,10201.060300268839,3298.9396997311615
5,train,7000,7441.262248376881,-441.26224837688096
2294,train,7500,13280.049398073406,-5780.049398073406
4438,train,7000,8603.436987262894,-1603.436987262894
58,train,7000,9296.265404405289,-2296.265404405289
2649,train,7000,8140.400810010434,-1140.4008100104338
754,train,29999,28344.523191173612,1654.4768088263882
3522,train,15000,11490.439995969675,3509.560004030325
4310,train,9000,8453.674196840058,546.3258031599416
2101,train,18000,18685.86471723004,-685.8647172300407
3321,train,20000,24064.485497472324,-4064.485497472324
1406,train,45000,51945.965032275126,-6945.965032275126
2511,train,45000,27853.08220562128,17146.91779437872
26,train,5300,5874.862137164584,-574.862137164584
4043,train,12000,11429.26662405098,570.7333759490193
4026,train,20000,14993.54305695459,5006.45694304541
1843,train,15000,15288.339331962685,-288.3393319626848
315,train,8000,10147.831978207187,-2147.8319782071867
3489,train,15000,14330.120942420013,669.8790575799867
660,train,47000,43982.82897267481,3017.1710273251883
2593,train,19500,16793.467907306145,2706.532092693855
325,train,14000,11436.848312135522,2563.151687864478
4481,train,15000,16091.29899784756,-1091.2989978475598
1394,train,12000,12516.783379671184,-516.7833796711839
1233,train,55000,64816.69031282805,-9816.690312828046
4651,train,22000,32729.735324351615,-10729.735324351615
2710,train,16500,16166.408486453498,333.59151354650203
1189,train,12500,16029.69489275701,-3529.69489275701
678,train,32000,22515.09335992292,9484.906640077079
536,train,49000,26017.392600462994,22982.607399537006
2829,train,20000,19034.9476221332,965.0523778667994
2914,train,150000,135151.17304474907,14848.82695525093
2336,train,120000,61134.480193278585,58865.519806721415
1002,train,190000,193051.24776294135,-3051.247762941348
2578,train,12000,9600.425038034,2399.574961966
2854,train,10000,10187.447154099038,-187.44715409903802
4573,train,6500,9683.900107141439,-3183.9001071414386
4244,train,6000,8873.1074020077,-2873.1074020076994
2067,train,30000,42006.442583648364,-12006.442583648364
2225,train,110000,55957.58953124507,54042.41046875493
49,train,15000,14407.395032210174,592.6049677898263
2540,train,15000,15133.74237076451,-133.74237076451027
3994,train,9000,7420.370079746901,1579.629920253099
3510,train,8500,6805.955492191534,1694.0445078084658
2983,train,15000,15176.962435267074,-176.9624352670744
1421,train,350000,192752.63520241246,157247.36479758754
4399,train,55000,30089.559130768193,24910.440869231807
460,train,12500,12142.67008846035,357.3299115396494
2759,train,15000,13449.714772200408,1550.2852277995917
3120,train,8500,15669.140588392227,-7169.140588392227
2481,train,150000,116063.71329394037,33936.28670605963
3915,train,6500,8444.884193551165,-1944.8841935511646
2199,train,19500,16106.451758720308,3393.548241279692
4112,train,12000,12192.225200959983,-192.22520095998334
3042,train,30000,28595.65326011525,1404.3467398847497
3327,train,13000,12179.401512785693,820.5984872143072
3292,train,14000,13230.415701519236,769.5842984807641
3182,train,20000,15262.03762838472,4737.96237161528
1869,train,15000,19659.79389420019,-4659.793894200189
3368,train,10000,10183.860475681293,-183.86047568129288
2469,train,45000,26080.91611692342,18919.08388307658
119,train,14000,11665.954640348635,2334.0453596513653
3730,train,19397,19011.673789386306,385.32621061369355
367,train,21000,19961.7283836929,1038.2716163071018
1986,train,17000,9947.159874999816,7052.840125000184
1912,train,9300,9925.824845892557,-625.8248458925573
3651,train,8000,9069.484645867438,-1069.4846458674383
2099,train,8000,8658.495415900752,-658.495415900752
116,train,5000,4193.741868026147,806.2581319738529
3958,train,50000,55690.65511664544,-5690.655116645437
3111,train,6500,7221.6356966163685,-721.6356966163685
3521,train,30000,30753.36950203031,-753.3695020303094
3865,train,10677,11666.92316936978,-989.9231693697802
4626,train,45000,51530.14427640404,-6530.14427640404
649,train,18000,23098.016720340307,-5098.016720340307
1519,train,54000,51568.671536742375,2431.328463257625
3697,train,12000,15344.801132439608,-3344.8011324396084
1081,train,300000,262215.62206779077,37784.37793220923
2211,train,12000,12835.887258303348,-835.8872583033481
3372,train,16500,20521.474003562533,-4021.4740035625327
1391,train,27000,40853.57248216202,-13853.572482162017
1811,train,23000,18792.73463838691,4207.265361613088
2063,train,12500,8470.620975993907,4029.3790240060935
3467,train,10000,14914.57209071747,-4914.572090717469
4198,train,15000,15287.370919322077,-287.3709193220766
2156,train,12000,14490.455495719705,-2490.455495719705
3570,train,15000,17062.362884044895,-2062.3628840448946
1654,train,10000,11424.891795777257,-1424.8917957772574
4056,train,36000,26016.735136715943,9983.264863284057
615,train,60000,48981.754906836715,11018.245093163285
4314,train,19500,18826.89677206239,673.1032279376086
4687,train,30000,66277.39724515674,-36277.39724515674
3946,train,12500,14149.45721809894,-1649.4572180989398
3043,train,10000,11663.19837384947,-1663.1983738494691
509,train,6000,6382.615530531393,-382.61553053139323
4424,train,35000,40661.779616686144,-5661.779616686144
3173,train,10000,11610.796499084432,-1610.796499084432
1357,train,75000,82370.26116904005,-7370.261169040052
947,train,40000,46385.58657528167,-6385.586575281668
912,train,100000,31593.330236557355,68406.66976344265
532,train,130000,157256.92219993885,-27256.922199938854
3342,train,18999,17724.395396083513,1274.6046039164867
3055,train,6000,7868.059404427708,-1868.0594044277077
1688,train,22000,20871.57065604847,1128.4293439515313
3034,train,15000,13468.340316582937,1531.6596834170632
2947,train,12000,13524.97700590421,-1524.9770059042094
447,train,12000,15865.603128408275,-3865.6031284082746
3542,train,17000,16866.03368064619,133.96631935381083
3918,train,12500,15994.314816461494,-3494.314816461494
2611,train,20500,18115.50369865442,2384.4963013455817
624,train,150000,152636.03364408363,-2636.0336440836254
87,train,22000,18621.9439521929,3378.0560478070984
1612,train,13500,12956.55116834073,543.4488316592706
1906,train,160000,162288.90742939615,-2288.9074293961457
3700,train,160000,79646.6759470934,80353.3240529066
2691,train,14500,14033.37429357015,466.62570642984974
2424,train,27000,28756.412220764374,-1756.412220764374
789,train,180000,156694.8997175469,23305.100282453088
2932,train,10000,11620.902166998681,-1620.9021669986814
1536,train,15000,13455.334517544403,1544.6654824555972
4152,train,120000,109383.53018599909,10616.469814000913
1050,train,30000,36197.56995100006,-6197.569951000063
4698,train,25000,15734.191899921549,9265.808100078451
4464,train,6500,8039.726200068106,-1539.7262000681058
2337,train,7000,7474.3386218054,-474.3386218054002
864,train,18000,22314.131896470306,-4314.131896470306
2000,train,32000,15897.72074918539,16102.27925081461
2784,train,10000,12352.424673493857,-2352.424673493857
4162,train,7000,9738.471022412392,-2738.471022412392
382,train,6500,6691.785249396056,-191.78524939605632
2086,train,17500,13108.506310330262,4391.493689669738
1712,train,14000,13585.489469926453,414.51053007354676
68,train,6500,7591.1659288067785,-1091.1659288067785
1863,train,20000,18037.69484179748,1962.3051582025182
2159,train,12000,12644.189132885302,-644.1891328853017
1601,train,55000,51072.70373257101,3927.2962674289884
4040,train,9000,10404.677828291418,-1404.6778282914183
926,train,77500,68117.99074547472,9382.009254525285
4272,train,45000,47412.30991419578,-2412.309914195779
602,train,150000,138020.10870907136,11979.891290928645
77,train,5000,6371.3760660726575,-1371.3760660726575
2315,train,7000,7429.57039436445,-429.5703943644503
478,train,18000,16982.250157560888,1017.7498424391124
3266,train,35000,29784.729578505892,5215.270421494108
2188,train,12500,12381.292131883987,118.70786811601283
4708,train,20000,19842.154660216034,157.84533978396576
4711,train,17000,14442.569651673584,2557.4303483264157
1785,train,9000,9306.529614782548,-306.5296147825484
371,train,7000,8703.048031944385,-1703.048031944385
1392,train,26000,21468.017767675552,4531.982232324448
1316,train,650000,486551.33510232274,163448.66489767726
3242,train,15000,16981.480009472634,-1981.4800094726343
1695,train,56000,61527.41203148843,-5527.412031488428
2399,train,16000,17069.700581964793,-1069.700581964793
895,train,45000,44739.54204218445,260.4579578155535
1827,train,10000,10739.027050446864,-739.0270504468645
4015,train,13000,12837.888578954165,162.1114210458345
1749,train,15000,17925.916002870767,-2925.9160028707665
2309,train,12500,10798.318436004622,1701.6815639953784
1799,train,6500,7039.288134017393,-539.2881340173926
3239,train,10000,9217.951692175024,782.0483078249763
2123,train,25000,22335.374435673646,2664.625564326354
1217,train,58000,68276.19044780727,-10276.190447807268
283,train,10000,8947.25440439603,1052.7455956039703
133,train,4700,5282.120487764976,-582.1204877649761
1855,train,8000,7557.136296272174,442.86370372782585
3959,train,40000,40998.50737489756,-998.5073748975628
908,train,32000,31514.5301404892,485.4698595107984
2826,train,20000,17628.733671846257,2371.2663281537425
731,train,40000,35442.533427361755,4557.4665726382445
3224,train,12000,13813.472095022713,-1813.472095022713
3606,train,12000,9564.87275763874,2435.127242361261
1969,train,18000,16308.64261049339,1691.3573895066093
3434,train,20000,18233.377706387742,1766.6222936122576
3450,train,5000,6231.708003063539,-1231.7080030635389
4665,train,14000,11623.52206435957,2376.4779356404306
2036,train,12000,10558.633391527537,1441.3666084724628
4350,train,26000,21999.62705878497,4000.3729412150315
4068,train,8000,9108.132567769675,-1108.132567769675
888,train,35000,40018.35007619962,-5018.350076199618
1283,train,21000,23305.348270097482,-2305.348270097482
4636,train,12000,14102.507925140113,-2102.507925140113
15,train,40000,21140.377557189186,18859.622442810814
1000,train,25000,22999.611820456787,2000.3881795432135
3205,train,23000,23688.62594189825,-688.6259418982518
4099,train,5400,5937.495089420336,-537.4950894203357
403,train,5000,6035.723570541815,-1035.7235705418152
847,train,300000,400752.3446147195,-100752.3446147195
2445,train,23000,13330.940406365284,9669.059593634716
1669,train,11500,9394.228219490607,2105.7717805093926
4445,train,6000,5947.371035439483,52.62896456051658
350,train,5500,7611.14463704387,-2111.14463704387
278,train,6500,5908.963226293767,591.0367737062334
375,train,9900,10048.442217765694,-148.4422177656943
3620,train,45000,33952.42247865539,11047.57752134461
358,train,12000,9905.744091951668,2094.2559080483315
644,train,55000,52028.63140358911,2971.368596410888
617,train,84500,78686.59441509949,5813.405584900509
1655,train,21000,18652.673272066586,2347.326727933414
2961,train,40000,29431.706192393875,10568.293807606125
3090,train,15000,17244.532399182746,-2244.5323991827463
2317,train,11000,9480.643205897293,1519.3567941027068
3508,train,6800,6677.589466681383,122.41053331861713
879,train,28000,29410.610154263235,-1410.610154263235
2942,train,35000,31530.898226332647,3469.101773667353
3216,train,7000,7632.5300724881035,-632.5300724881035
2731,train,18000,19298.211405705213,-1298.211405705213
4227,train,12000,12300.677043984702,-300.6770439847023
3275,train,23000,26431.861962669034,-3431.8619626690343
4440,train,9000,11084.059618412071,-2084.0596184120714
3670,train,26000,18505.376741565276,7494.6232584347235
2577,train,25000,22385.742628165415,2614.257371834585
2038,train,25000,19379.878045882604,5620.121954117396
4447,train,21000,15093.631929314653,5906.3680706853465
407,train,35000,34939.75558216066,60.24441783934162
3996,train,8000,9451.300912447528,-1451.3009124475284
1730,train,29000,28197.907709968058,802.092290031942
387,train,6000,6823.24733767086,-823.2473376708604
1781,train,20000,21874.574838778797,-1874.5748387787971
3702,train,6000,6660.571368688231,-660.5713686882309
4683,train,8000,10319.776212459108,-2319.776212459108
2510,train,11500,12144.23756309176,-644.2375630917595
1764,train,4500,6268.217244787168,-1768.217244787168
4419,train,6000,6102.045787299414,-102.04578729941386
474,train,7000,7590.474752057142,-590.4747520571418
3339,train,12000,7616.997259349757,4383.002740650243
2235,train,12000,12598.24586430615,-598.2458643061509
1042,train,14000,14819.661173479382,-819.6611734793823
3828,train,70000,69606.3550879501,393.6449120499019
3093,train,15000,15231.689998928634,-231.68999892863394
738,train,55100,53538.90585967196,1561.0941403280376
2412,train,20000,14069.339209250227,5930.660790749773
3810,train,28000,16795.33371915968,11204.66628084032
273,train,15000,9017.600024165446,5982.399975834554
4693,train,12000,12428.880594514234,-428.88059451423396
4384,train,13000,16095.749924712018,-3095.7499247120177
1458,train,27000,26556.422478081895,443.57752191810505
943,train,15000,26258.230731532534,-11258.230731532534
3194,train,16000,16413.58305440906,-413.5830544090604
1664,train,20000,17390.33224282342,2609.6677571765795
134,train,14000,10034.233162476345,3965.7668375236553
3236,train,7000,7050.16197497136,-50.161974971359996
1171,train,54000,52573.16030871329,1426.8396912867101
1818,train,10000,14343.597719901774,-4343.597719901774
413,train,6800,7321.836945877358,-521.8369458773577
1273,train,65000,63742.309183384794,1257.6908166152061
2266,train,15000,15225.969642758253,-225.96964275825303
511,train,5000,6075.915811600996,-1075.9158116009958
2966,train,18000,18126.022443796195,-126.02244379619515
3171,train,11500,12807.587444220975,-1307.5874442209752
569,train,65000,54386.04981986721,10613.950180132793
524,train,70000,78513.46669809453,-8513.466698094533
3646,train,12000,13832.647427333786,-1832.6474273337863
1966,train,10000,10387.740967466034,-387.7409674660339
4205,train,7500,10477.02983813213,-2977.02983813213
2981,train,200000,163384.2798786388,36615.7201213612
825,train,55000,65268.61782123079,-10268.617821230793
2595,train,25000,17749.807812149767,7250.192187850233
3992,train,9500,11510.276077034907,-2010.2760770349068
2638,train,45000,47475.043940567266,-2475.043940567266
3276,train,11000,10536.855371378566,463.1446286214341
394,train,8500,10170.428285876562,-1670.4282858765619
81,train,8200,7087.750887287666,1112.249112712334
3975,train,10000,9961.059438980341,38.94056101965907
3049,train,15000,11110.67348482359,3889.32651517641
1615,train,12000,12249.780083321708,-249.78008332170793
72,train,16000,13329.339855131428,2670.6601448685724
2716,train,8000,9586.238892844953,-1586.2388928449527
3047,train,30000,26023.17951950969,3976.8204804903107
2087,train,6500,7876.547507403126,-1376.5475074031256
2971,train,12000,12632.731724953617,-632.7317249536172
3170,train,25000,24078.981146384438,921.018853615562
3878,train,13000,13932.618545586873,-932.6185455868726
1089,train,6000,8102.173491341595,-2102.173491341595
29,train,12500,11245.056206937365,1254.9437930626355
3114,train,15000,11782.295866085307,3217.7041339146926
3300,train,8200,9270.369214224675,-1070.3692142246746
339,train,7500,7859.977782283235,-359.9777822832348
3421,train,6000,8275.704085254021,-2275.7040852540213
1125,train,14000,17615.085300308598,-3615.0853003085977
2072,train,8000,7687.782360472072,312.21763952792844
3616,train,17500,15829.52114434104,1670.4788556589592
1748,train,8500,7800.35522627159,699.6447737284097
550,train,20000,27967.876964160594,-7967.876964160594
3287,train,7000,11833.169080649019,-4833.169080649019
2205,train,280000,114512.65060288855,165487.34939711145
785,train,85000,44215.86932699922,40784.13067300078
2124,train,14000,14573.084917298558,-573.0849172985581
84,train,6700,8301.890942764576,-1601.8909427645758
2504,train,15000,16165.951690558722,-1165.9516905587225
1633,train,20000,14233.687789228588,5766.312210771412
3073,train,75000,57163.475770299534,17836.524229700466
2743,train,530000,231199.0843046115,298800.9156953885
2761,train,50000,43822.50242750252,6177.497572497479
2181,train,9500,10597.831249451334,-1097.8312494513339
2973,train,31000,27573.639859648552,3426.3601403514476
2455,train,5000,6766.141876492875,-1766.1418764928749
1163,train,40000,46419.16247643586,-6419.162476435857
2289,train,4000,5008.167606838965,-1008.1676068389652
4253,train,11000,11587.604273526349,-587.6042735263491
3515,train,17000,17588.31891481817,-588.31891481817
4114,train,60000,68246.36102292023,-8246.361022920231
1540,train,12000,12450.58610918726,-450.58610918725935
3513,train,10000,12014.577216333886,-2014.577216333886
4692,train,7500,8816.680958206254,-1316.6809582062542
1470,train,80000,81019.82919492433,-1019.8291949243285
2068,train,25000,20371.497712787874,4628.502287212126
3432,train,10500,11392.83479746739,-892.8347974673907
679,train,150000,148412.85130712393,1587.1486928760714
2633,train,22000,14479.28727533087,7520.712724669131
2915,train,13000,14838.94554519692,-1838.9455451969206
543,train,21000,25326.932077006375,-4326.932077006375
1793,train,30000,31528.367349501088,-1528.367349501088
2402,train,8000,8776.634439682244,-776.6344396822442
940,train,36000,26352.697815285002,9647.302184714998
352,train,7000,7664.476291482848,-664.476291482848
1023,train,45000,45529.35370258312,-529.3537025831174
786,train,75000,73205.47722833704,1794.5227716629597
1964,train,6500,6503.6081352440615,-3.6081352440614864
3051,train,20000,16408.83105483548,3591.1689451645216
2647,train,5500,9563.738898892125,-4063.738898892125
3520,train,8000,8350.562840710501,-350.5628407105014
2866,train,8000,10512.965260271714,-2512.965260271714
4136,train,25000,23270.116329842775,1729.8836701572254
1031,train,20000,18047.826146773696,1952.1738532263043
2472,train,9000,9524.794158420224,-524.7941584202235
284,train,1500,3716.0172502274236,-2216.0172502274236
3721,train,16000,18370.201041084314,-2370.201041084314
4554,train,7500,9033.871470582959,-1533.8714705829589
1667,train,14500,15014.402775241368,-514.4027752413676
2627,train,25000,21907.097613461952,3092.9023865380477
2880,train,7000,7217.412046433663,-217.4120464336629
2076,train,6000,8839.626844443601,-2839.626844443601
4052,train,5500,6728.9132948097795,-1228.9132948097795
4048,train,20000,17263.028139038848,2736.971860961152
3656,train,16000,16621.059939285497,-621.0599392854965
2260,train,100000,68034.8175900759,31965.182409924106
1945,train,30000,23494.023067535334,6505.976932464666
1486,train,45000,47743.83350580788,-2743.833505807881
308,train,13000,13766.61694265729,-766.6169426572906
1150,train,65000,69727.51325984161,-4727.513259841609
762,train,53500,46414.07030634462,7085.92969365538
1638,train,30000,35017.13926210723,-5017.13926210723
599,train,120000,137851.50800015358,-17851.508000153583
3005,train,20000,17930.311098470444,2069.6889015295565
253,train,12000,15373.654923538397,-3373.6549235383973
143,train,8000,9386.138798354354,-1386.1387983543536
1738,train,16000,18344.088487204455,-2344.0884872044553
2341,train,11000,14975.263259340314,-3975.263259340314
4219,train,9000,10608.518030218398,-1608.518030218398
4486,train,12000,11633.021801876936,366.97819812306443
3129,train,8500,9776.255291201489,-1276.255291201489
3388,train,7500,12592.47132612286,-5092.471326122861
1122,train,40000,35118.309757927746,4881.6902420722545
4370,train,30000,37507.0357706096,-7507.0357706095965
51,train,7500,6572.0943106150135,927.9056893849865
1770,train,10000,13473.684285041872,-3473.6842850418725
3554,train,16000,12389.89290485697,3610.10709514303
2564,train,14500,23026.8744407974,-8526.8744407974
3253,train,12000,12775.361158392077,-775.3611583920774
2319,train,60000,49861.49283638958,10138.507163610419
2254,train,17600,16417.906663328402,1182.093336671598
2910,train,13000,14725.937388780276,-1725.9373887802758
2929,train,42000,40387.59286439787,1612.4071356021304
4378,train,12000,13172.39132624021,-1172.3913262402093
4351,train,8000,7404.064005862139,595.9359941378607
845,train,28000,39426.37005077975,-11426.370050779748
4130,train,12000,10296.281417064843,1703.7185829351565
3691,train,5000,6101.278945641847,-1101.2789456418468
674,train,32000,33004.35944827747,-1004.3594482774715
1959,train,10000,6961.171165028215,3038.828834971785
2752,train,7000,9719.8078327334,-2719.8078327334006
1623,train,6500,7588.226432820039,-1088.226432820039
3964,train,16000,17936.217130615154,-1936.217130615154
4701,train,12500,11965.525466441988,534.4745335580119
1629,train,15000,15463.54913227623,-463.54913227623
3085,train,16000,16370.63075585559,-370.6307558555909
2354,train,17000,16933.20725273943,66.79274726056974
4159,train,17500,17126.013658631393,373.9863413686071
1621,train,18000,16940.11399898692,1059.886001013081
4614,train,9500,11853.586607834957,-2353.5866078349572
1776,train,12000,14257.988936009639,-2257.9889360096386
436,train,7000,12570.931925893596,-5570.931925893596
3384,train,16000,17847.044473367492,-1847.0444733674922
732,train,180000,162584.81256898752,17415.187431012484
415,train,5000,6507.466322430907,-1507.466322430907
3271,train,13000,12910.04529715387,89.9547028461293
993,train,200000,214873.57415855327,-14873.574158553267
2419,train,16000,14989.529461931148,1010.470538068852
529,train,160000,50756.39008344186,109243.60991655814
1594,train,4500,6724.6559327717505,-2224.6559327717505
52,train,5000,7491.1981654427,-2491.1981654427
354,train,10000,10133.727305077984,-133.72730507798406
1218,train,130000,88272.93695016243,41727.06304983757
3877,train,7000,5034.527085653069,1965.4729143469312
4282,train,7000,11115.414009607372,-4115.414009607372
4648,train,15000,12362.00908192209,2637.9909180779105
2894,train,23000,23064.70311819703,-64.70311819703056
454,train,8500,8603.935645670375,-103.93564567037538
2789,train,30000,26474.762781261627,3525.2372187383735
995,train,48000,42284.50395442616,5715.49604557384
2764,train,15000,19219.28381573576,-4219.283815735758
152,train,5000,7906.571592956112,-2906.571592956112
813,train,45000,50616.57317077091,-5616.573170770913
82,train,15000,12633.019864692811,2366.980135307189
1662,train,8000,9269.801705001062,-1269.8017050010621
2333,train,9000,11587.74463200374,-2587.7446320037398
723,train,80000,76721.87137723208,3278.128622767923
3863,train,15000,13829.34996197743,1170.6500380225698
2832,train,8000,12438.500702959305,-4438.500702959305
695,train,17000,20154.138389289274,-3154.1383892892736
2844,train,28000,26372.790398103363,1627.2096018966367
3760,train,8000,6394.681447270486,1605.3185527295136
4375,train,25000,21529.48779471396,3470.512205286039
2608,train,32000,33144.564343023754,-1144.5643430237542
2684,train,11000,9888.840536828551,1111.1594631714488
1007,train,39000,33654.69253479062,5345.307465209378
4354,train,10000,12502.848809011497,-2502.848809011497
1082,train,80000,50876.32130338338,29123.67869661662
2518,train,32000,30149.176039759786,1850.8239602402136
1717,train,5500,6582.28979867538,-1082.2897986753796
4639,train,80000,71178.94775131092,8821.052248689084
3910,train,5500,5748.997026280993,-248.99702628099294
4328,train,16500,18583.626272907917,-2083.626272907917
3804,train,35000,29591.965937123285,5408.034062876715
1430,train,58000,50804.991529481726,7195.008470518274
3505,train,6500,5510.011452120454,989.9885478795459
3364,train,12000,12131.79967485877,-131.79967485877023
2209,train,180000,95416.08629487971,84583.91370512029
4411,train,8000,10466.84282427715,-2466.8428242771497
2231,train,11000,12197.927432986127,-1197.9274329861273
2765,train,30000,21635.413929370527,8364.586070629473
2479,train,25000,22907.287349580798,2092.712650419202
1404,train,50000,43990.80143833309,6009.198561666912
246,train,10000,12410.439858585589,-2410.439858585589
2711,train,100000,99637.85786713303,362.1421328669676
3541,train,10000,7842.398518929906,2157.6014810700945
1916,train,14000,14563.284554845577,-563.2845548455771
2562,train,10000,8622.475145804938,1377.5248541950623
2831,train,40000,26092.696070336584,13907.303929663416
513,train,10000,10425.67661208441,-425.6766120844095
397,train,6000,5730.83453931338,269.16546068661955
581,train,28000,24657.483439580345,3342.5165604196554
3311,train,280000,191385.2720494393,88614.72795056069
2130,train,24000,21088.509280487837,2911.490719512163
3156,train,18000,19050.836761031274,-1050.8367610312744
3837,train,12000,14280.243999322767,-2280.243999322767
984,train,150000,191483.96271968054,-41483.96271968054
4193,train,30000,28117.356221695238,1882.6437783047622
3598,train,15000,15832.986835339505,-832.986835339505
3665,train,15000,13803.209133685452,1196.790866314548
244,train,15000,16804.34713645664,-1804.3471364566394
327,train,7000,7403.7633496031085,-403.7633496031085
1569,train,12000,12907.546074126487,-907.5460741264869
4388,train,10000,12642.25019489199,-2642.2501948919908
3310,train,14500,13317.760912722206,1182.2390872777942
161,train,10000,9465.076574670487,534.9234253295126
2198,train,7500,8645.62167007244,-1145.6216700724399
3913,train,23000,20183.034407919287,2816.9655920807127
1180,train,25000,25379.058885232203,-379.05888523220347
4111,train,12000,13443.477523421392,-1443.477523421392
1350,train,21000,21563.533700594482,-563.5337005944821
4575,train,17500,19140.062706991022,-1640.0627069910224
1794,train,120000,101752.27045652793,18247.729543472073
2859,train,40000,34446.10296992618,5553.897030073822
3161,train,16000,12707.284877647802,3292.715122352198
368,train,5000,5454.525249047365,-454.5252490473649
4524,train,7500,9624.535924297974,-2124.535924297974
3686,train,25000,23135.314058257718,1864.685941742282
1697,train,25000,20652.03732931787,4347.962670682129
3358,train,4200,6970.977059092388,-2770.977059092388
4147,train,20000,19359.000239513705,640.9997604862947
3579,train,18000,16514.746425291378,1485.2535747086222
3472,train,7000,13504.261089347518,-6504.261089347518
4145,train,10500,12285.922041296819,-1785.9220412968189
4103,train,14000,13492.576677314328,507.42332268567225
18,train,11000,10418.201956644125,581.798043355875
2256,train,8000,9778.84299290405,-1778.8429929040503
2561,train,15000,12157.852189840267,2842.147810159733
498,train,10500,12516.412490902214,-2016.412490902214
199,train,24000,14985.093861704983,9014.906138295017
1339,train,46700,50341.36860764488,-3641.3686076448794
657,train,160000,136189.68184295783,23810.318157042173
3893,train,14000,16153.368523535648,-2153.368523535648
2907,train,40000,34397.533952812315,5602.466047187685
139,train,15000,16872.52699544868,-1872.5269954486794
3739,train,13500,12892.249092390355,607.7509076096449
518,train,5000,5890.968044812875,-890.9680448128747
1057,train,45000,39236.152395936166,5763.847604063834
4216,train,45000,58282.76913901862,-13282.769139018623
3797,train,25000,20261.37610019043,4738.623899809569
3648,train,11000,11248.942435991245,-248.94243599124457
958,train,50000,58944.66477546121,-8944.664775461213
1620,train,11000,9674.965014315552,1325.0349856844477
430,train,5000,5850.754963066015,-850.7549630660151
734,train,140000,131163.7551829794,8836.244817020604
1865,train,20000,19441.56098392519,558.4390160748117
2664,train,30000,34387.360505601144,-4387.360505601144
3833,train,12000,13419.76957283443,-1419.7695728344297
440,train,8000,6984.59742124677,1015.40257875323
4387,train,9000,9900.519298434534,-900.519298434534
2720,train,9000,8533.656174815245,466.3438251847547
2707,train,70000,95385.27099974646,-25385.270999746455
4174,train,25000,19836.902263511653,5163.097736488347
4363,train,12000,15636.797515909939,-3636.7975159099387
974,train,98000,111963.59358887048,-13963.593588870484
3488,train,17000,24014.846414345255,-7014.846414345255
3461,train,25000,24136.837447768234,863.1625522317663
3264,train,14000,15192.273552958955,-1192.2735529589554
918,train,75000,48836.19427102126,26163.80572897874
3812,train,14000,12207.1484485441,1792.8515514559003
2956,train,52000,32910.92425534695,19089.075744653048
2551,train,8000,11605.116762582677,-3605.1167625826765
1541,train,7000,7580.272081575172,-580.2720815751718
3048,train,13000,14533.401837176394,-1533.401837176394
4676,train,10000,10228.610262142538,-228.61026214253798
1191,train,55000,52289.79441014682,2710.2055898531835
402,train,9000,8629.19912699175,370.80087300824925
4645,train,5000,6034.788724539072,-1034.788724539072
1646,train,8000,8504.092512685944,-504.0925126859438
4525,train,25000,23346.274081121894,1653.7259188781063
3605,train,17000,14823.461750093975,2176.538249906025
2485,train,17000,16165.951690558722,834.0483094412775
4049,train,16000,11113.740952985521,4886.259047014479
3366,train,15723,16870.42002172432,-1147.4200217243197
1514,train,17000,15480.914195344805,1519.0858046551948
1626,train,13000,10862.759565248985,2137.2404347510146
2252,train,4750,5957.66454068372,-1207.6645406837197
357,train,7000,6962.910692505037,37.08930749496267
4069,train,15000,19149.069662127287,-4149.069662127287
2572,train,200000,71105.08602882818,128894.91397117182
4661,train,65000,67664.21430604169,-2664.2143060416856
2976,train,27000,24090.847522111424,2909.152477888576
2136,train,8500,8401.182613200337,98.81738679966293
177,train,4000,6990.72353139918,-2990.7235313991796
1325,train,26000,24975.11164762816,1024.8883523718396
1008,train,190000,172233.92982349865,17766.07017650135
2778,train,25000,22469.384117139274,2530.615882860726
4547,train,7500,7882.725270974277,-382.725270974277
3369,train,3000,4752.736320457523,-1752.736320457523
166,train,8000,10277.44473478027,-2277.4447347802707
2030,train,15000,19739.24406644353,-4739.244066443531
3459,train,15000,16036.500893942573,-1036.5008939425734
2034,train,22000,16219.529216150107,5780.4707838498925
101,train,35000,36911.551021426,-1911.5510214259994
882,train,75000,48203.76877906829,26796.23122093171
2573,train,20000,19321.114734724804,678.8852652751957
2265,train,7500,8986.15490843719,-1486.154908437191
1239,train,100000,62351.293582524704,37648.706417475296
3816,train,18000,13279.266924383233,4720.733075616767
4276,train,19000,13853.834029976722,5146.165970023278
4637,train,14500,14803.569701636401,-303.5697016364011
1009,train,84000,74278.2323040894,9721.767695910603
3867,train,32500,39747.218697668075,-7247.218697668075
3267,train,8000,9230.6006506889,-1230.6006506889007
870,train,20000,21298.368199239732,-1298.3681992397323
90,train,18000,18250.555597649207,-250.5555976492069
2311,train,26000,27168.62891731795,-1168.6289173179503
2049,train,4300,6204.221873649534,-1904.2218736495342
3906,train,11000,9852.563461719881,1147.4365382801188
2796,train,10000,12215.091075120203,-2215.0910751202027
34,train,22000,14775.9292051994,7224.0707948006
793,train,19000,16651.871153459902,2348.1288465400976
780,train,61000,84015.36294817632,-23015.36294817632
3675,train,24000,23161.680251251462,838.3197487485377
2075,train,140000,145831.4886567976,-5831.488656797592
1121,train,57000,100222.31489281094,-43222.314892810944
972,train,25000,26355.297388770112,-1355.2973887701119
3880,train,9500,11902.57930301888,-2402.5793030188797
1844,train,35000,32615.36315027061,2384.6368497293915
2288,train,8500,7765.740651059073,734.2593489409273
3664,train,8500,10259.183613748359,-1759.1836137483588
2598,train,12000,12094.145192911357,-94.1451929113573
1405,train,29000,26565.62291588082,2434.37708411918
4405,train,15000,20615.031152044496,-5615.031152044496
2162,train,9000,9283.41423979801,-283.4142397980104
1041,train,75000,60029.48073754489,14970.519262455113
3980,train,300000,97064.69736996453,202935.30263003547
2884,train,9000,16477.942879938168,-7477.942879938168
314,train,7000,7538.139360193841,-538.1393601938407
1164,train,45000,37302.42557206265,7697.574427937347
1990,train,16000,13170.24000951835,2829.7599904816507
4602,train,13000,12781.194996381451,218.80500361854865
1831,train,9000,7528.592514760144,1471.4074852398562
54,train,11000,10279.666663619664,720.3333363803358
1272,train,330000,197497.7416445397,132502.2583554603
2196,train,16000,18596.814413112497,-2596.8144131124973
2742,train,40000,43441.06022151006,-3441.060221510059
1788,train,7000,7185.778781061812,-185.77878106181197
3235,train,6500,7904.019371096436,-1404.0193710964359
2476,train,35000,27683.642639126007,7316.3573608739935
3157,train,9500,11414.603032180003,-1914.6030321800026
2566,train,24000,17412.832632885722,6587.167367114278
3279,train,100000,95167.30823490222,4832.691765097785
3731,train,12000,12661.901507891287,-661.9015078912871
3986,train,10000,8756.872821976393,1243.1271780236075
1696,train,43000,39134.476226606304,3865.5237733936956
1464,train,25000,24084.53586934232,915.4641306576814
1203,train,27000,28897.470594805385,-1897.4705948053852
2634,train,4500,6160.5240454464165,-1660.5240454464165
3262,train,5250,5422.611984359435,-172.61198435943516
2822,train,6500,8619.110223103751,-2119.110223103751
2891,train,55000,50320.50241890881,4679.497581091193
1533,train,7000,7541.613284424729,-541.6132844247286
3822,train,11500,11172.386784990233,327.6132150097674
1926,train,20000,21623.61655487301,-1623.6165548730096
1753,train,20000,23348.865095748908,-3348.865095748908
3525,train,40000,25487.805619972358,14512.194380027642
1498,train,61500,75537.61111175694,-14037.611111756938
1807,train,15000,12662.115420781247,2337.884579218753
3989,train,9000,10860.807472599983,-1860.8074725999832
3050,train,12000,12476.417317285563,-476.4173172855626
3283,train,18000,14784.10576287361,3215.8942371263893
2991,train,25000,21121.87009900687,3878.1299009931317
4307,train,36000,24001.769127484877,11998.230872515123
2229,train,11500,11947.922683979847,-447.9226839798466
242,train,7500,7713.206179351874,-213.2061793518742
782,train,42000,58351.74522566773,-16351.745225667728
2410,train,13500,13331.250157133154,168.74984286684594
4207,train,8000,7092.812485454175,907.1875145458253
960,train,65000,76818.39022483822,-11818.390224838222
4545,train,47000,53875.686614593804,-6875.686614593804
3402,train,19000,14574.39912024194,4425.60087975806
801,train,45000,33282.74475874979,11717.255241250212
2825,train,7500,9589.401294267904,-2089.4012942679037
4319,train,13000,13370.48326429277,-370.4832642927704
3636,train,10000,9792.513464691416,207.48653530858428
232,train,35000,34305.024434091385,694.975565908615
1144,train,47000,46112.51961249117,887.4803875088328
2534,train,30000,28989.811701705887,1010.1882982941133
1059,train,50000,46701.87320232145,3298.126797678553
504,train,25000,14573.51422636716,10426.48577363284
751,train,92500,77739.1731741842,14760.826825815806
4038,train,26000,24302.57570510043,1697.4242948995707
3097,train,8000,6532.051501291564,1467.948498708436
4584,train,13000,10686.100454375277,2313.899545624723
2027,train,12000,12165.251288648169,-165.25128864816907
4263,train,6000,7498.400501001244,-1498.4005010012443
4340,train,8000,10200.819110175815,-2200.819110175815
3350,train,21000,19309.66624394077,1690.33375605923
823,train,69999,64268.329725347285,5730.670274652715
1644,train,13000,12955.341044120261,44.65895587973864
2536,train,80000,72383.62331447599,7616.37668552401
3983,train,27000,45822.789941770214,-18822.789941770214
4170,train,10000,11000.199567925947,-1000.1995679259471
346,train,20000,19420.574507829922,579.4254921700776
1048,train,94000,68747.65284757169,25252.34715242831
343,train,9500,7616.797942291965,1883.2020577080348
1682,train,23000,22866.582464394978,133.41753560502184
2275,train,8500,7451.313513401774,1048.686486598226
516,train,7500,7219.087425442129,280.91257455787127
781,train,70000,72335.33819130257,-2335.338191302566
2363,train,35000,40134.86258065954,-5134.862580659537
2020,train,14000,17535.447443058667,-3535.447443058667
4579,train,9000,8441.990535405945,558.0094645940553
12,train,6500,7024.241885801657,-524.2418858016572
3624,train,34999,37886.65965994788,-2887.65965994788
3929,train,30000,23584.21605907063,6415.78394092937
256,train,5000,6293.833182607346,-1293.8331826073463
2804,train,12000,16874.467266833042,-4874.467266833042
3993,train,49000,45453.798283312586,3546.201716687414
4268,train,9500,10662.293886469975,-1162.2938864699754
3999,train,18000,18156.29952956403,-156.2995295640285
656,train,18000,18564.070027289454,-564.0700272894537
105,train,6000,7184.475137041036,-1184.4751370410359
3814,train,33000,33678.79707779352,-678.7970777935188
1056,train,57000,63300.9609068774,-6300.960906877401
3089,train,10000,10581.872234223472,-581.8722342234723
1448,train,34000,24611.66909623941,9388.33090376059
3118,train,17500,16716.709202865422,783.2907971345776
3349,train,14000,11864.577045846483,2135.422954153517
4700,train,6000,6392.568191621241,-392.56819162124066
1432,train,45000,53999.57454091078,-8999.574540910777
4589,train,44000,43993.88223310738,6.11776689261751
25,train,7000,8636.670568661772,-1636.6705686617715
4482,train,6800,7425.987710233244,-625.9877102332439
3625,train,7000,9550.31638798464,-2550.3163879846397
4397,train,13000,14242.193334721318,-1242.193334721318
104,train,180000,19046.185895909024,160953.81410409097
3722,train,9000,10880.29816807003,-1880.2981680700304
332,train,20000,22991.41295245109,-2991.41295245109
4088,train,140000,164848.8367862551,-24848.836786255095
4317,train,16000,15890.435373547703,109.56462645229658
168,train,6500,7480.0398064493575,-980.0398064493575
817,train,40000,37126.74650972289,2873.2534902771076
2016,train,10000,8969.629515333343,1030.370484666657
3857,train,12000,10993.143001783183,1006.8569982168174
4106,train,14000,13632.436738908093,367.5632610919074
4071,train,12000,10762.359584654494,1237.640415345506
500,train,12000,11251.100781198511,748.899218801489
4237,train,28000,23931.617439365793,4068.382560634207
1522,train,10500,12939.599013522864,-2439.599013522864
1094,train,20000,22215.91628589378,-2215.9162858937816
3529,train,8000,9538.770382384459,-1538.7703823844586
2450,train,22000,33359.7136874192,-11359.7136874192
621,train,34000,28088.818537696196,5911.181462303804
1215,train,21000,26509.93301726868,-5509.933017268679
2331,train,18000,15982.493432557467,2017.5065674425332
1304,train,18500,14968.594351907157,3531.405648092843
391,train,8500,8639.757349756075,-139.7573497560752
1172,train,180000,189336.23013806704,-9336.23013806704
2382,train,65000,63611.37922144254,1388.6207785574588
3921,train,75000,79124.72671697305,-4124.726716973048
2952,train,40000,43393.52577304442,-3393.525773044421
3399,train,19000,21929.846637725397,-2929.846637725397
2499,train,9000,9707.100912191001,-707.100912191001
1505,train,9500,9211.414247214627,288.5857527853732
1759,train,18000,13585.487108952073,4414.512891047927
2019,train,17000,18756.705733981584,-1756.7057339815838
4270,train,30000,30265.215353905623,-265.2153539056235
439,train,6500,7377.148223492658,-877.148223492658
2466,train,75000,56138.650586199066,18861.349413800934
4422,train,6000,6220.098890563415,-220.0988905634149
476,train,14000,12487.057844415072,1512.9421555849276
792,train,18000,17205.351329705176,794.6486702948241
1018,train,65000,52701.961627579134,12298.038372420866
172,train,7000,5802.591231908204,1197.4087680917964
1847,train,10000,11431.623026562742,-1431.6230265627419
1475,train,90000,89776.37115253259,223.62884746740747
633,train,210000,124316.20799556107,85683.79200443893
79,train,8000,6573.102172770427,1426.8978272295726
2304,train,12000,11294.13463575095,705.8653642490499
4475,train,22000,22114.765670064215,-114.76567006421465
4528,train,7500,10015.695762655843,-2515.6957626558433
2178,train,6500,8008.358657967326,-1508.3586579673256
2338,train,28000,24877.5103195499,3122.4896804501004
1241,train,100000,119223.50293647424,-19223.502936474237
4376,train,8500,7790.608166179248,709.3918338207523
857,train,190000,140239.71015018312,49760.28984981688
4017,train,10000,11111.805666183736,-1111.8056661837363
2370,train,16000,18475.658765301796,-2475.658765301796
2670,train,25000,24354.994469109315,645.0055308906849
2906,train,19000,14843.7999421036,4156.2000578964
3307,train,6500,7037.677647620057,-537.6776476200566
1915,train,7000,7279.479024278058,-279.4790242780582
567,train,32000,33290.17500938945,-1290.1750093894516
4713,train,8000,8068.693505582539,-68.69350558253882
3015,train,9000,10120.265587402906,-1120.265587402906
4142,train,65000,48276.140467629506,16723.859532370494
961,train,33000,35402.44043858577,-2402.4404385857706
1184,train,100000,110019.06594512127,-10019.06594512127
4295,train,8500,7525.140417514153,974.8595824858467
1090,train,280000,306080.8132974693,-26080.813297469285
2802,train,22000,23881.866630343,-1881.866630343
3984,train,10000,11223.456627699148,-1223.4566276991482
3295,train,9000,10527.023284358847,-1527.0232843588474
2519,train,20000,16675.051565620422,3324.9484343795775
3792,train,18000,15460.078427416112,2539.9215725838876
710,train,6500,22898.17518131194,-16398.17518131194
2998,train,10000,10326.227360914152,-326.2273609141521
3808,train,15000,12633.016701410123,2366.9832985898774
3905,train,11000,11090.468876358627,-90.46887635862731
1118,train,50000,57246.79878572813,-7246.798785728133
1677,train,10000,7981.243530135525,2018.7564698644746
2361,train,11000,8986.614670079614,2013.3853299203856
988,train,41000,55727.005100515446,-14727.005100515446
562,train,25000,29150.799480062946,-4150.799480062946
66,train,5000,5626.6648579164,-626.6648579164003
3191,train,15000,14910.72144374025,89.27855625974917
3037,train,10000,12557.235105719128,-2557.235105719128
3926,train,24000,22061.170998843678,1938.8290011563222
3564,train,20000,12720.6303127271,7279.3696872729
3835,train,8000,10543.553708001467,-2543.5537080014674
4165,train,10000,10650.14432183187,-650.1443218318691
515,train,65000,44158.40725114442,20841.592748855583
91,train,12000,9953.657756031565,2046.3422439684346
4315,train,25000,18353.979381960296,6646.020618039704
1957,train,15000,21031.26848496937,-6031.268484969369
2432,train,38000,25661.817238113617,12338.182761886383
1954,train,15000,15583.476057128037,-583.4760571280367
4157,train,7000,9088.73252311644,-2088.7325231164396
1803,train,20000,21651.3655521273,-1651.3655521272995
3458,train,17000,13265.94928694527,3734.0507130547303
3116,train,40000,49808.127261881964,-9808.127261881964
251,train,6000,7642.9253991458245,-1642.9253991458245
4583,train,25000,21267.939675313373,3732.0603246866267
527,train,14000,20176.059282163897,-6176.059282163897
938,train,32000,33856.51727292732,-1856.5172729273181
1777,train,9000,8815.203204759096,184.79679524090352
876,train,40000,43849.89668726344,-3849.896687263441
3763,train,85000,86411.87022005852,-1411.8702200585249
1210,train,55000,66485.94274697598,-11485.942746975983
1728,train,23000,14488.090702682435,8511.909297317565
3115,train,25000,23980.663922379146,1019.3360776208538
2305,train,14000,13961.778233557005,38.22176644299543
2740,train,45000,50793.16388010361,-5793.16388010361
3769,train,32000,27922.957622710965,4077.0423772890354
1914,train,13000,12025.856888539887,974.1431114601128
1457,train,42000,45042.099131065,-3042.099131064999
3704,train,6500,6525.054365315156,-25.054365315156247
1427,train,400000,350471.63976782,49528.360232179984
3354,train,25000,19721.70177005595,5278.298229944048
3273,train,11000,10198.439167447079,801.560832552921
437,train,5000,5622.635495202245,-622.6354952022448
3460,train,3500,6212.458057568028,-2712.4580575680284
3149,train,19000,16022.498018738856,2977.5019812611445
909,train,50000,62512.77791570966,-12512.77791570966
2213,train,22000,18751.634103641747,3248.365896358253
769,train,110000,87595.32128352355,22404.678716476454
1968,train,13000,13028.67043278107,-28.670432781069394
3824,train,12000,16703.61961841261,-4703.619618412609
37,train,7000,6857.713153003487,142.2868469965133
3638,train,12500,10029.339593284494,2470.660406715506
1678,train,8000,10480.965322200218,-2480.965322200218
4084,train,35000,34028.799950331384,971.200049668616
2576,train,9500,10025.157992345383,-525.1579923453828
434,train,22000,20048.613916286926,1951.3860837130742
936,train,48000,43705.136055293,4294.863944707002
856,train,150000,213662.05004799308,-63662.05004799308
4717,train,16000,15947.668721597514,52.33127840248562
377,train,5000,5969.217285070925,-969.2172850709248
2427,train,80000,86428.57258258756,-6428.572582587556
144,train,8000,8586.24965624633,-586.2496562463293
4474,train,6500,5166.611207668583,1333.3887923314169
4444,train,16000,18413.073639218106,-2413.073639218106
3643,train,15000,12503.400946460362,2496.5990535396377
2024,train,130000,146594.2272824052,-16594.22728240519
2770,train,22000,24589.01379413264,-2589.0137941326393
3341,train,33000,30173.155736548586,2826.844263451414
3256,train,11000,11291.428357086392,-291.42835708639177
4695,train,10500,7771.9785097265485,2728.0214902734515
546,train,100000,72910.53999007627,27089.46000992373
1307,train,80000,77262.9736009729,2737.026399027105
3576,train,7000,7422.992382608872,-422.9923826088716
423,train,12000,8886.246007546977,3113.753992453023
1723,train,15000,16953.509739595665,-1953.5097395956655
2298,train,13000,13109.582352595418,-109.58235259541834
307,train,9000,9276.449725055387,-276.4497250553868
2284,train,16000,15286.297854543474,713.7021454565256
544,train,150000,62169.23917281895,87830.76082718105
2093,train,8500,9446.018990169041,-946.018990169041
779,train,190000,173622.57128714048,16377.428712859517
2672,train,28000,31480.72285443202,-3480.7228544320205
2177,train,9500,11629.99284000438,-2129.992840004379
585,train,24000,25902.08571875581,-1902.0857187558104
2203,train,16000,13375.729755318738,2624.270244681262
4631,train,10000,10231.710726092655,-231.71072609265502
2456,train,20500,20007.67555754645,492.32444245355146
4239,train,12500,13405.719616508624,-905.7196165086243
2911,train,44000,38500.48534513873,5499.514654861268
1956,train,10000,11000.561428560688,-1000.561428560688
2405,train,15000,17590.635909597793,-2590.635909597793
2899,train,11500,11914.890079304372,-414.8900793043722
3053,train,10000,10474.126019739022,-474.126019739022
4346,train,30000,26808.20075294101,3191.799247058989
2833,train,95000,68215.86286958812,26784.13713041188
1967,train,6000,8321.548624231638,-2321.5486242316383
138,train,8500,9446.557480568634,-946.5574805686338
2431,train,35000,28078.676952455022,6921.323047544978
2977,train,12500,13053.250517084032,-553.2505170840323
1731,train,12000,13855.632463386288,-1855.6324633862878
3502,train,17000,14471.667309148974,2528.332690851026
4691,train,7500,8029.4375175207415,-529.4375175207415
3427,train,30000,24683.239599533674,5316.760400466326
1884,train,22000,20229.576480339732,1770.4235196602676
1687,train,39000,23664.50451735346,15335.49548264654
1106,train,27000,26848.049683053046,151.95031694695354
4260,train,11500,12442.483923853775,-942.4839238537752
715,train,16000,20286.747082954327,-4286.747082954327
1332,train,39000,32088.05458453481,6911.94541546519
4225,train,25000,17742.02452584456,7257.975474155439
3649,train,10000,9301.24257817076,698.7574218292393
1377,train,32000,31081.832613770428,918.167386229572
157,train,12000,14508.518272555042,-2508.518272555042
198,train,9000,9977.0237408912,-977.0237408911999
1039,train,30000,23959.030883524836,6040.969116475164
4353,train,15000,16959.23878110517,-1959.2387811051703
3672,train,18000,13806.926781936054,4193.073218063946
760,train,45000,40427.419171739646,4572.580828260354
23,train,6500,9876.933421911266,-3376.933421911266
1542,train,9000,8655.3897240458,344.6102759541991
4559,train,8000,6870.343626430839,1129.6563735691607
4680,train,6500,6976.870973522556,-476.8709735225557
3101,train,14000,19261.442411145665,-5261.442411145665
931,train,55000,51994.39453863667,3005.6054613633314
1520,train,14500,12551.204590546306,1948.7954094536944
4506,train,8000,10092.740312185117,-2092.7403121851166
2480,train,8000,7901.833124446085,98.1668755539149
2064,train,21000,22310.514451989624,-1310.514451989624
3708,train,17000,13922.684419644509,3077.315580355491
1531,train,13000,11467.603487819417,1532.3965121805832
3895,train,10500,9334.165972430914,1165.8340275690862
525,train,45000,36560.140509544966,8439.859490455034
1661,train,13000,13334.301296494921,-334.3012964949212
639,train,100000,116504.02976597653,-16504.029765976535
3705,train,10000,10804.254312422207,-804.2543124222066
3258,train,17500,15984.36339635813,1515.6366036418694
2200,train,75000,54083.89624220753,20916.103757792473
3044,train,15000,14054.172870312928,945.8271296870716
1509,train,13000,11660.880287225007,1339.1197127749929
1070,train,65000,78910.98561942084,-13910.98561942084
419,train,6000,5522.7421513763165,477.25784862368346
3135,train,10000,10778.677590248853,-778.6775902488534
1467,train,110000,104452.4215423232,5547.578457676806
1952,train,15000,12634.961967515972,2365.038032484028
2226,train,5500,8445.11393282541,-2945.1139328254103
2175,train,9500,10652.150981092289,-1152.150981092289
1267,train,6000,13383.278313293526,-7383.278313293526
2041,train,60000,46426.37024546466,13573.629754535337
3549,train,10000,11123.798373338741,-1123.798373338741
3208,train,13000,13653.745431553805,-653.7454315538052
4722,train,13000,12536.005047593018,463.9949524069816
3711,train,11500,14640.535565230004,-3140.535565230004
4417,train,25000,20688.201415572526,4311.7985844274735
3761,train,220000,221413.16842926556,-1413.1684292655555
4484,train,12000,14882.800259511245,-2882.800259511245
2323,train,18000,18257.294141563503,-257.2941415635032
1577,train,21000,20564.54595377619,435.454046223811
392,train,35000,35087.22170380143,-87.2217038014278
3441,train,28000,26144.042359621126,1855.9576403788742
4543,train,11000,10876.136760664966,123.86323933503445
3076,train,20500,16577.507321826808,3922.492678173192
951,train,36000,33571.69210116574,2428.3078988342604
404,train,8000,13854.20964038869,-5854.20964038869
2823,train,17000,20344.598318550055,-3344.5983185500554
1079,train,95000,82870.51789032317,12129.482109676828
1718,train,10000,11325.121487048958,-1325.1214870489584
1484,train,78000,50939.88074162961,27060.11925837039
321,train,12000,13198.690527736846,-1198.690527736846
2944,train,7000,7457.070620556557,-457.0706205565566
4318,train,15000,11886.58364683675,3113.4163531632494
2585,train,70000,58610.8268123016,11389.173187698398
1878,train,45000,60430.49886156336,-15430.498861563363
4677,train,9000,9706.148771785178,-706.1487717851778
2066,train,28000,44634.78721456567,-16634.787214565673
3582,train,15000,13129.736165897819,1870.2638341021811
643,train,18000,18864.485629023166,-864.4856290231655
2603,train,35000,45401.5055759498,-10401.5055759498
4597,train,9500,11853.275765233491,-2353.2757652334913
2704,train,7500,7667.075723108486,-167.07572310848627
712,train,38000,32526.66672210394,5473.333277896061
14,train,8500,11156.19432164903,-2656.194321649031
962,train,27000,31767.301060920578,-4767.301060920578
401,train,15000,14848.65549391476,151.34450608523912
2554,train,7500,8221.534609208575,-721.5346092085747
4289,train,12000,12152.639910273458,-152.63991027345764
2487,train,16000,17382.359660253955,-1382.3596602539546
3257,train,11000,12772.622470374577,-1772.6224703745775
2873,train,15000,11411.54744484402,3588.45255515598
2953,train,8500,10366.697706734592,-1866.6977067345924
3788,train,22999,21810.60248911745,1188.3975108825507
2073,train,10000,12416.89720654796,-2416.8972065479593
3447,train,22000,16489.51886846074,5510.481131539262
3858,train,17000,11977.735109905001,5022.264890094999
1192,train,90000,79540.96807602393,10459.031923976072
1766,train,10000,12300.295214155096,-2300.295214155096
156,train,7000,7957.501432029447,-957.5014320294467
1936,train,31000,23641.146142697322,7358.853857302678
3172,train,11000,12448.548034993546,-1448.548034993546
1725,train,12000,12725.283917657045,-725.2839176570451
2397,train,60000,58418.84891991281,1581.151080087191
442,train,6000,6940.450457666784,-940.4504576667841
1790,train,8500,11410.48960607545,-2910.489606075451
4367,train,21467,11225.163395484293,10241.836604515707
4520,train,45000,50423.043259915816,-5423.043259915816
466,train,6500,6659.9986406642365,-159.99864066423652
3718,train,60000,86969.74189023912,-26969.741890239122
362,train,8000,9902.801120589698,-1902.8011205896983
1270,train,280000,207122.00825054463,72877.99174945537
48,train,30000,23678.345478165636,6321.654521834364
2521,train,35000,25722.63175987797,9277.368240122029
4643,train,7500,6671.163097699717,828.8369023002833
2242,train,14000,16800.605700078228,-2800.6057000782275
4199,train,22500,19744.940637945703,2755.059362054297
820,train,50000,50035.03563965323,-35.03563965322974
1468,train,20000,22126.3957162166,-2126.3957162166007
2180,train,25000,20578.865913073332,4421.134086926668
3052,train,36000,26379.1744820124,9620.8255179876
982,train,250000,272797.63255540415,-22797.632555404154
92,train,9000,8779.1674730677,220.83252693229952
867,train,170000,163546.28484295553,6453.715157044469
4321,train,12000,11600.78773094923,399.21226905076946
1227,train,130000,137765.7278763842,-7765.72787638419
1734,train,32000,29391.93002844592,2608.0699715540795
597,train,14000,26103.823830048255,-12103.823830048255
3904,train,11000,12725.366202835288,-1725.3662028352883
2313,train,14000,13241.216796480965,758.7832035190349
2908,train,8000,8428.330286544318,-428.33028654431837
3022,train,6500,6848.287780654051,-348.28778065405095
1761,train,31000,26360.54427740403,4639.455722595969
702,train,21000,28225.93628948284,-7225.936289482841
3800,train,15000,15175.535062100402,-175.53506210040177
4230,train,14000,11910.384681737494,2089.6153182625058
4702,train,26000,22691.74077485257,3308.2592251474307
1312,train,60000,53493.617468055316,6506.382531944684
2996,train,23000,17477.725084764897,5522.2749152351025
603,train,62000,70010.48343962824,-8010.483439628239
2096,train,8000,8186.266657969557,-186.26665796955695
2735,train,7500,9184.050449698856,-1684.050449698856
784,train,60000,51449.58445871737,8550.41554128263
2268,train,14000,10951.6130849434,3048.3869150566006
2433,train,16000,14251.522583109387,1748.4774168906133
4658,train,11000,12792.71541659292,-1792.7154165929205
4057,train,20000,23802.70356111661,-3802.70356111661
1344,train,88000,63486.43125752949,24513.56874247051
4480,train,15000,19239.80343127584,-4239.803431275839
1388,train,200000,155481.39385707822,44518.60614292178
1529,train,28000,25295.291865943444,2704.7081340565564
2933,train,17000,15687.817856637519,1312.182143362481
783,train,27000,23255.476189579545,3744.5238104204545
4561,train,17000,13966.04913353978,3033.95086646022
911,train,62000,59289.427140694665,2710.5728593053354
1061,train,100000,94921.31645988824,5078.683540111757
878,train,15000,21361.103945461495,-6361.103945461495
342,train,8500,9096.39614263631,-596.3961426363094
2739,train,44300,45302.17090485431,-1002.1709048543125
1539,train,65000,62887.25763224066,2112.7423677593397
1199,train,300000,271291.7908139286,28708.209186071414
897,train,51000,58735.28588637124,-7735.285886371239
3013,train,7000,8734.016229990139,-1734.0162299901385
4194,train,16500,19485.52295119229,-2985.5229511922917
1085,train,44000,47598.26119749445,-3598.261197494452
2937,train,27000,24406.57010306847,2593.4298969315314
3842,train,25000,19217.40441315686,5782.595586843141
1141,train,35000,38906.11614414878,-3906.1161441487784
2091,train,6500,5107.8001935947095,1392.1998064052905
3774,train,10000,9368.963798941968,631.036201058032
122,train,6800,6353.332293311071,446.6677066889288
3371,train,18000,16796.87392857042,1203.1260714295786
880,train,25000,23230.08580222573,1769.9141977742693
2717,train,14000,14869.472917339826,-869.4729173398264
2992,train,10000,11104.691655494247,-1104.6916554942472
3901,train,9500,12704.10346857801,-3204.1034685780105
1571,train,9000,7998.698068630057,1001.3019313699433
1259,train,38000,45113.772236299,-7113.7722362990025
4452,train,6000,8465.649448349559,-2465.649448349559
3630,train,200000,99027.13328963965,100972.86671036035
3595,train,9000,7860.236058482477,1139.7639415175227
303,train,12000,10128.689498826934,1871.3105011730659
659,train,55000,51775.726031413156,3224.2739685868437
1784,train,25000,22638.42564976021,2361.574350239789
1866,train,11000,12917.277499663645,-1917.2774996636454
2676,train,10000,9717.837120896418,282.1628791035819
1998,train,12500,13116.768332884836,-616.7683328848361
4108,train,37000,45083.37403574034,-8083.374035740337
4241,train,10000,10425.226232298071,-425.2262322980714
3222,train,75000,79082.86161731808,-4082.861617318078
1488,train,65000,72630.62966278987,-7630.62966278987
1810,train,9750,10100.979981539853,-350.9799815398528
4490,train,23000,24144.609542435137,-1144.609542435137
4064,train,14000,16863.07607166467,-2863.076071664669
728,train,55000,57690.148720195226,-2690.148720195226
1198,train,70000,65921.58585705912,4078.4141429408774
1800,train,10000,12915.689617322958,-2915.689617322958
3746,train,11000,11164.177403169713,-164.17740316971322
3750,train,7000,8751.830566323222,-1751.8305663232222
4437,train,9000,7311.204609726014,1688.7953902739864
2727,train,15000,17290.45528789604,-2290.4552878960385
141,train,13000,9650.573991547826,3349.426008452174
16,train,6000,7141.228645872703,-1141.228645872703
335,train,14000,13735.745304701231,264.25469529876864
4662,train,60000,40373.58659514215,19626.41340485785
1856,train,15000,13907.786092357155,1092.2139076428448
1021,train,500000,476517.4964293173,23482.50357068272
1102,train,180000,112509.16602134213,67490.83397865787
1341,train,280000,211456.70301182853,68543.29698817147
4218,train,15000,13600.642859272584,1399.3571407274158
60,train,5000,5614.53879136603,-614.5387913660297
2002,train,9000,8515.13105333092,484.8689466690794
452,train,12000,9915.741746943382,2084.258253056618
475,train,6000,7515.115500484073,-1515.115500484073
2596,train,18000,18124.557381434537,-124.55738143453709
3158,train,12000,14235.105837390178,-2235.105837390178
4709,train,12000,12649.08409703796,-649.0840970379595
2964,train,6000,7362.716776961999,-1362.7167769619991
2307,train,11000,12318.805628286953,-1318.805628286953
212,train,12000,14831.4204992316,-2831.420499231601
1328,train,35000,29971.2097813416,5028.7902186584
1946,train,12000,11767.545798226292,232.4542017737076
388,train,15000,12229.05028011767,2770.94971988233
1597,train,8000,8150.1333588224725,-150.13335882247247
2797,train,15000,12305.479493188865,2694.5205068111354
3423,train,6300,6010.770571935254,289.22942806474566
1478,train,380000,322022.9982425327,57977.00175746728
1246,train,72000,74011.57182784018,-2011.5718278401764
4021,train,35000,26658.39497886686,8341.605021133139
4287,train,8000,7902.83075160111,97.16924839888998
2539,train,10500,16948.51867862715,-6448.5186786271515
322,train,3200,4209.885699545516,-1009.8856995455162
1897,train,18000,18284.43644379678,-284.43644379678153
4139,train,10000,7703.985709714,2296.014290286
819,train,11000,10318.840776222632,681.1592237773675
664,train,25500,36645.19308901204,-11145.193089012042
3860,train,19500,18392.719435232848,1107.280564767152
282,train,17500,11589.056666089473,5910.943333910527
4420,train,15000,13140.639330063326,1859.3606699366737
3212,train,12000,11612.008422925737,387.99157707426275
2856,train,25000,19664.489019753604,5335.510980246396
3151,train,16000,16730.351163599127,-730.3511635991272
3338,train,13500,13803.404733647589,-303.4047336475887
1240,train,13000,14871.202527006615,-1871.2025270066151
1149,train,85000,84803.4909755566,196.5090244433959
1105,train,37000,40674.15336863952,-3674.1533686395196
566,train,75000,55180.79211866844,19819.20788133156
3567,train,25000,26927.627746893173,-1927.627746893173
4435,train,25000,23898.94352609236,1101.0564739076399
1983,train,7000,6693.671993788834,306.3280062111662
3717,train,45000,37933.95402232908,7066.045977670918
2776,train,13000,14633.62433205441,-1633.6243320544108
380,train,40000,37589.51037841576,2410.489621584238
2104,train,100000,58442.823888765895,41557.176111234105
3742,train,5000,5816.633596036452,-816.6335960364522
4240,train,25000,24532.34364754626,467.6563524537414
2615,train,8500,10660.227794334245,-2160.227794334245
3040,train,24000,16294.606467627451,7705.393532372549
2339,train,55000,53641.60159614734,1358.3984038526614
1423,train,32000,36517.884109584054,-4517.884109584054
3619,train,12000,12958.522584481207,-958.5225844812066
1379,train,100000,120928.57103113817,-20928.57103113817
2951,train,45000,38807.17688516144,6192.82311483856
3768,train,24000,26307.915125438856,-2307.915125438856
2035,train,14000,15110.599218796753,-1110.5992187967531
2207,train,30000,35090.71540354128,-5090.715403541282
1374,train,270000,209135.62853412243,60864.37146587757
2474,train,13000,10719.35002218438,2280.6499778156194
4616,train,20000,24350.444247011972,-4350.444247011972
727,train,130000,153285.4674312969,-23285.467431296885
746,train,33000,31588.44558145448,1411.5544185455183
2660,train,37000,75878.87244492676,-38878.87244492676
1848,train,9000,9568.60647923672,-568.6064792367197
4342,train,8000,9504.36010384938,-1504.3601038493798
1063,train,52000,43631.46842260657,8368.531577393427
578,train,300000,253684.57687135495,46315.42312864505
2612,train,60000,60236.37859966496,-236.37859966496035
231,train,16000,17233.270219201226,-1233.2702192012257
3046,train,9000,11009.187861597064,-2009.1878615970636
2986,train,20000,24464.10565348801,-4464.105653488012
2997,train,10000,10628.968248418136,-628.9682484181358
2637,train,23000,22540.758264041135,459.2417359588653
547,train,60000,59953.28186754358,46.71813245642261
2855,train,100000,90054.19710551293,9945.802894487075
38,train,21000,16336.196940246125,4663.803059753875
3741,train,15000,13713.792675151502,1286.2073248484976
1671,train,12000,12987.863912763274,-987.8639127632741
4705,train,16000,16726.030332136783,-726.0303321367828
1538,train,45000,38303.738345299054,6696.261654700946
312,train,10000,8183.220921743274,1816.7790782567263
2443,train,30000,19057.69910190193,10942.30089809807
4619,train,15000,15338.60771573263,-338.6077157326308
688,train,45002,45041.38120506089,-39.38120506089035
4585,train,20000,19714.13729767898,285.86270232102106
1010,train,68000,89365.20594951371,-21365.205949513707
4320,train,12000,13419.026760430697,-1419.0267604306973
2261,train,18000,19976.655957978754,-1976.6559579787536
4258,train,12000,12742.681772995835,-742.6817729958348
2185,train,15000,17355.667167531756,-2355.6671675317557
4466,train,42000,44950.715774549484,-2950.715774549484
968,train,42000,52748.87983372723,-10748.879833727231
2813,train,8000,7904.569429202081,95.43057079791924
2548,train,20000,11697.387671457629,8302.612328542371
3666,train,8200,9796.848877995522,-1596.8488779955223
3973,train,12000,12080.218311713114,-80.21831171311351
2630,train,7000,9580.54318797564,-2580.5431879756397
4044,train,14000,13126.34987881658,873.6501211834202
3504,train,39000,28135.89291965723,10864.107080342768
1181,train,56000,53317.92600433058,2682.0739956694233
3143,train,18000,19239.587263509242,-1239.587263509242
2344,train,12000,12578.545054934513,-578.5450549345132
1483,train,32000,28204.55695104675,3795.4430489532497
976,train,65000,44859.37578098796,20140.62421901204
2351,train,20000,25575.709303089945,-5575.709303089945
4344,train,7500,10557.89943603125,-3057.89943603125
1248,train,130000,132669.23695440075,-2669.2369544007524
85,train,10000,7186.837097938476,2813.1629020615237
1653,train,10000,9944.852246771623,55.14775322837704
486,train,10000,18735.76767097631,-8735.767670976311
4558,train,11000,11309.987920839458,-309.98792083945773
905,train,16500,24061.60386823581,-7561.6038682358085
2531,train,16000,21424.47226530165,-5424.472265301651
1890,train,38000,39677.59883562437,-1677.5988356243688
4669,train,16000,17520.26971566147,-1520.2697156614704
3337,train,9500,10088.737431217583,-588.7374312175834
853,train,83000,72535.92397744377,10464.076022556226
194,train,5000,5778.203414837163,-778.2034148371631
2208,train,65000,64430.3401939788,569.6598060211982
1598,train,6000,7593.292181311961,-1593.292181311961
3006,train,6500,6944.228904621554,-444.22890462155374
2,train,17000,12034.62428903198,4965.375710968019
2949,train,25000,21318.634670552845,3681.365329447155
4625,train,15000,11928.272475834365,3071.7275241656353
2362,train,20000,17023.76591561829,2976.234084381711
4443,train,10500,11733.756514915916,-1233.7565149159163
1230,train,160000,120322.7867694338,39677.213230566194
929,train,20000,28801.018735769958,-8801.018735769958
2003,train,5500,9322.223547182439,-3822.223547182439
4483,train,5000,5971.800299817899,-971.800299817899
1202,train,120000,140070.87672643908,-20070.876726439077
1544,train,30000,19615.79857465517,10384.201425344829
2100,train,52000,69168.37277470416,-17168.372774704156
937,train,10000,12954.528048265303,-2954.5280482653034
3585,train,10000,10905.517838088947,-905.5178380889465
1419,train,30000,44419.052396171566,-14419.052396171566
4257,train,20000,20082.232590572556,-82.23259057255564
3150,train,12000,11606.565462151013,393.434537848987
1521,train,4500,6880.519888441686,-2380.519888441686
3631,train,12000,11944.317873342032,55.68212665796818
293,train,6500,6917.701543020821,-417.7015430208212
2613,train,95000,65683.9096528326,29316.090347167396
178,train,10500,11744.072855521645,-1244.0728555216447
1492,train,70000,96026.11006467171,-26026.11006467171
2626,train,8500,6482.657848900416,2017.342151099584
306,train,20000,18730.39512369487,1269.6048763051294
2618,train,8000,9260.103077255018,-1260.1030772550184
1472,train,350000,362476.9329838433,-12476.932983843319
2163,train,12000,10880.580064110927,1119.4199358890728
1708,train,25000,35430.63861214496,-10430.638612144961
1232,train,80000,102519.19150819522,-22519.191508195217
1411,train,50000,55495.37277953776,-5495.372779537764
1861,train,5000,6242.651636284998,-1242.651636284998
1170,train,50000,51606.49553828757,-1606.4955382875705
708,train,35000,41709.96503250736,-6709.96503250736
2496,train,10000,11482.655823079867,-1482.6558230798673
3333,train,12000,12146.27995875595,-146.27995875594934
2516,train,15000,9747.577193705312,5252.422806294688
2924,train,32000,29831.588630155213,2168.4113698447873
2936,train,17000,13879.982837188778,3120.017162811222
3211,train,3500,5602.820181893348,-2102.8201818933476
722,train,65000,64887.889641526825,112.11035847317544
4663,train,26000,21184.901287531186,4815.0987124688145
1510,train,15000,13618.704265747992,1381.2957342520076
1516,train,15000,14462.854615825552,537.1453841744478
4303,train,12000,9892.96863527643,2107.0313647235707
2978,train,15000,14297.351496705345,702.6485032946548
3762,train,22000,22799.228912247443,-799.2289122474431
1083,train,380000,314144.6333109674,65855.36668903258
4098,train,15000,13427.433367515892,1572.5666324841077
320,train,5000,5727.900189720876,-727.9001897208764
165,train,16500,14043.186160283603,2456.8138397163966
2687,train,25000,23689.30028646085,1310.6997135391503
2026,train,10000,8274.22628591039,1725.7737140896097
568,train,16000,21134.96028798041,-5134.9602879804115
4294,train,10000,12168.64195755437,-2168.6419575543696
3942,train,15000,12604.130944627668,2395.869055372332
2401,train,12000,14550.267873660727,-2550.2678736607268
4453,train,45000,46964.304630648905,-1964.304630648905
62,train,10000,10086.986361284939,-86.98636128493854
1040,train,330000,256694.05998899005,73305.94001100995
2787,train,25000,35157.37576617156,-10157.375766171557
1699,train,31000,31562.58696714485,-562.586967144849
2754,train,3500,5425.943572262679,-1925.9435722626786
1410,train,18500,17097.57276007901,1402.4272399209913
1236,train,100000,105943.10189488324,-5943.101894883235
78,train,6500,7187.8188445806545,-687.8188445806545
2858,train,6000,8455.790320410566,-2455.790320410566
2368,train,14000,11600.212679467179,2399.7873205328215
718,train,60000,45187.75599965907,14812.244000340928
3231,train,8500,8781.462281743072,-281.4622817430718
1476,train,22000,20471.823260721976,1528.176739278024
1553,train,17000,16557.668451366088,442.33154863391246
1628,train,10000,12357.384056045996,-2357.3840560459957
2685,train,13000,10670.589771338595,2329.410228661405
4066,train,57000,51507.59000723514,5492.409992764857
3454,train,8000,6642.736385148665,1357.2636148513348
1375,train,69000,70614.17242983064,-1614.1724298306362
4255,train,17000,17140.60595952571,-140.6059595257102
3036,train,12000,12519.15520381293,-519.1552038129303
2746,train,30000,22533.47636118082,7466.523638819181
4206,train,15000,14240.560654703,759.4393452969998
3031,train,11000,12553.282365753563,-1553.2823657535628
3654,train,9300,9603.534285274576,-303.5342852745762
110,train,8000,7022.6071532721635,977.3928467278365
3694,train,7500,6964.862135823163,535.137864176837
4580,train,13000,11505.18091141673,1494.81908858327
4516,train,11000,12724.888525368218,-1724.8885253682183
4538,train,5000,8421.19080328103,-3421.1908032810297
685,train,27000,26864.087470230817,135.91252976918258
1929,train,22000,27513.266247207262,-5513.2662472072625
8,train,26000,20103.897125391217,5896.102874608783
4442,train,15500,19413.582323255367,-3913.5823232553666
2853,train,10000,11177.397997375232,-1177.397997375232
4511,train,45000,41633.9564107588,3366.043589241199
324,train,16000,18783.986655968933,-2783.9866559689326
2635,train,15000,19733.48355378983,-4733.483553789829
2276,train,20000,22278.970813366377,-2278.970813366377
3794,train,18000,18902.06918549212,-902.0691854921206
1128,train,55000,52125.00261073626,2874.9973892637427
3308,train,26000,27010.00599531976,-1010.0059953197597
4551,train,15000,15805.262716070842,-805.2627160708416
2103,train,12000,11662.840694471794,337.15930552820646
3562,train,8000,6932.82481257368,1067.17518742632
2631,train,22000,20903.08988216102,1096.9101178389792
1438,train,66000,68297.15505521976,-2297.1550552197587
4149,train,18000,20905.61497720675,-2905.614977206751
1579,train,7000,9245.70190314072,-2245.70190314072
2133,train,6000,6689.708254549078,-689.7082545490784
1364,train,20000,20449.068601991232,-449.06860199123184
3137,train,34500,30149.93497225397,4350.06502774603
2881,train,30000,13552.781565110427,16447.218434889575
1335,train,49500,34928.75123873648,14571.248761263523
1822,train,50000,43724.18666404157,6275.813335958432
636,train,26000,29336.918987182824,-3336.918987182824
4502,train,7000,8313.427890341947,-1313.4278903419472
3706,train,12500,13465.271070166693,-965.2710701666929
257,train,8500,10111.394893613606,-1611.3948936136057
19,train,6000,6678.793239632907,-678.793239632907
860,train,90000,108597.2404275183,-18597.240427518307
2357,train,12000,10243.721421160859,1756.2785788391411
183,train,11000,8081.40776359434,2918.5922364056596
3077,train,13500,15544.974334735103,-2044.9743347351032
2912,train,11000,10997.154841136891,2.845158863108736
1351,train,95000,127171.19020709324,-32171.19020709324
4697,train,4500,5834.146026408268,-1334.146026408268
4256,train,20000,19120.08865145223,879.9113485477683
1660,train,6500,7993.678553910468,-1493.6785539104676
1656,train,63000,87910.86881014629,-24910.86881014629
3180,train,40000,31087.079614284925,8912.920385715075
4675,train,7000,8088.794394413554,-1088.794394413554
2303,train,35000,39316.2200069593,-4316.220006959302
3963,train,9000,8327.33118422493,672.6688157750705
83,train,20000,17162.56398315511,2837.436016844891
3125,train,150000,91179.70770514253,58820.29229485747
3530,train,11000,11171.844036610539,-171.84403661053875
142,train,8000,7410.817461187643,589.182538812357
3831,train,10000,7940.871554107989,2059.128445892011
1417,train,190000,133663.36663471043,56336.63336528957
2609,train,30000,38376.16859517197,-8376.16859517197
846,train,150000,88641.3188638788,61358.6811361212
3155,train,17000,18751.495346744647,-1751.4953467446467
742,train,33000,27300.58022627126,5699.4197737287395
1526,train,12500,13650.317753448553,-1150.317753448553
3386,train,18000,16917.75273018603,1082.2472698139718
1673,train,15000,16380.444956331945,-1380.444956331945
1166,train,90000,108371.29475072608,-18371.294750726083
1888,train,18000,12399.868658745556,5600.131341254444
3200,train,45000,52618.246135286754,-7618.246135286754
2467,train,36000,27561.56391210878,8438.43608789122
1716,train,15000,12779.985013638308,2220.0149863616916
1507,train,13000,12681.95472822209,318.0452717779099
4734,train,35000,38464.651049670414,-3464.651049670414
3140,train,22000,19525.43301705828,2474.56698294172
2605,train,31000,28210.172232913486,2789.8277670865136
2641,train,10000,12150.84660691899,-2150.846606918991
1346,train,38000,40862.68604798761,-2862.6860479876123
1645,train,17500,17541.818361512054,-41.81836151205425
311,train,9000,7900.154409614005,1099.845590385995
924,train,62000,54658.1623991968,7341.837600803199
4125,train,17000,19324.95340188425,-2324.9534018842496
1062,train,130000,116170.90945943308,13829.090540566918
227,train,3000,4061.5154894908674,-1061.5154894908674
966,train,48000,54542.601469208676,-6542.601469208676
1385,train,190000,178427.94103143687,11572.058968563128
508,train,60000,43769.49067994099,16230.509320059013
2628,train,13000,12953.207728050962,46.79227194903797
2538,train,21000,13734.77114612461,7265.228853875389
605,train,130000,93887.38083211322,36112.619167886776
1903,train,11000,11072.914244306992,-72.91424430699226
4172,train,13000,14104.459697851029,-1104.459697851029
774,train,50000,47549.11659287402,2450.883407125977
3198,train,10000,14884.781580595507,-4884.781580595507
2581,train,18000,14976.37778813389,3023.62221186611
3480,train,10000,7654.252022235805,2345.7479777641947
6,train,10000,14026.093343561315,-4026.093343561315
692,train,50000,54802.62407901953,-4802.62407901953
2090,train,28000,22853.842829562767,5146.157170437233
1604,train,9000,15943.056343986642,-6943.056343986642
405,train,35000,32501.417862225222,2498.582137774778
2525,train,8000,8869.69864593611,-869.6986459361106
4184,train,9500,8040.6708279451195,1459.3291720548805
3183,train,6500,7085.601097857309,-585.6010978573086
2098,train,12500,12805.440330376974,-305.4403303769741
844,train,55000,52244.88628881081,2755.1137111891876
2508,train,15000,17054.395927741956,-2054.3959277419563
1709,train,35000,49884.5468702152,-14884.5468702152
4269,train,10000,9796.222913538828,203.77708646117208
1871,train,11000,12232.101168161136,-1232.1011681611362
4673,train,18000,15178.568447093781,2821.4315529062187
510,train,7000,12768.074226114035,-5768.074226114035
167,train,12000,9247.192834059955,2752.807165940045
3978,train,6500,6990.830612634435,-490.83061263443506
1549,train,110000,117584.14140365252,-7584.141403652524
922,train,62000,64281.33503823084,-2281.3350382308417
3637,train,13000,13358.29435755899,-358.29435755899067
1530,train,12000,16651.527083375495,-4651.527083375495
124,train,10000,8978.022648983171,1021.9773510168288
200,train,5500,5867.5886762289365,-367.5886762289365
121,train,13000,10108.435974778278,2891.5640252217217
1228,train,90000,92377.43822759586,-2377.4382275958633
2955,train,100000,50484.975930395754,49515.024069604246
1630,train,8000,6237.500332508187,1762.499667491813
1961,train,8000,7548.854871000458,451.14512899954207
2736,train,30000,35785.76700044762,-5785.767000447617
1459,train,60000,64477.012642823036,-4477.012642823036
1927,train,17000,16813.196977311378,186.80302268862215
238,train,8500,9205.53697729267,-705.5369772926697
1285,train,60000,67719.56648763907,-7719.566487639066
4060,train,16000,20107.471779036656,-4107.471779036656
1481,train,140000,88518.40044385624,51481.59955614376
4690,train,11000,10827.200279471728,172.7997205282718
4588,train,45000,43598.820137340954,1401.1798626590462
3499,train,10000,14407.614410947433,-4407.6144109474335
2150,train,28000,20116.983474421937,7883.016525578063
3477,train,30000,24957.188706125453,5042.811293874547
445,train,10000,13111.957422941969,-3111.9574229419686
3234,train,8500,10975.857890456618,-2475.8578904566184
4316,train,14000,16612.96944184608,-2612.9694418460786
97,train,10000,8031.834831267995,1968.1651687320054
3391,train,25000,18656.351571726787,6343.648428273213
2584,train,13000,12566.989663571363,433.01033642863695
604,train,42000,46975.51629146315,-4975.516291463151
2934,train,18000,12491.063159479123,5508.936840520877
1587,train,15000,17637.111670680206,-2637.111670680206
2757,train,23000,18064.34966472251,4935.650335277489
2283,train,6500,6740.15933467043,-240.15933467043033
2287,train,18000,15915.54152665481,2084.45847334519
4022,train,12000,10550.001522333327,1449.9984776666734
553,train,19411,21089.46575760495,-1678.4657576049503
1384,train,210000,164880.07787866256,45119.92212133744
2246,train,12000,10154.320039921122,1845.6799600788781
3452,train,19000,14882.207100337437,4117.792899662563
3289,train,100000,106484.00362239958,-6484.003622399585
4266,train,15000,17005.379326376617,-2005.3793263766165
384,train,15000,8604.827042790223,6395.172957209777
482,train,10000,16162.409667541599,-6162.4096675415985
3663,train,16000,19615.88661502871,-3615.8866150287104
472,train,10000,11185.116783238112,-1185.1167832381125
920,train,15000,21373.683229563474,-6373.683229563474
370,train,8000,10790.387285238461,-2790.387285238461
2648,train,20000,12851.371717485694,7148.628282514306
1390,train,26000,24007.48177028331,1992.5182297166903
4036,train,13000,10003.80267124224,2996.1973287577603
3254,train,7500,9621.43356024656,-2121.43356024656
4581,train,25000,20319.672421264557,4680.327578735443
1439,train,45000,30535.86012013136,14464.139879868639
21,train,9000,9156.9052715397,-156.90527153969924
3661,train,16000,11283.25922136745,4716.740778632549
1559,train,15000,13957.52998115354,1042.4700188464594
2927,train,6000,7566.381635061068,-1566.3816350610678
1075,train,75000,65940.26165225907,9059.738347740931
1174,train,65000,55874.91504351245,9125.084956487553
3635,train,25000,16745.273915902253,8254.726084097747
211,train,7500,6328.627116429396,1171.3728835706042
365,train,12000,8662.93709571872,3337.0629042812798
4338,train,9000,10233.972311138805,-1233.9723111388048
3147,train,12000,13341.181024167712,-1341.1810241677122
830,train,23000,27817.005281014794,-4817.005281014794
3987,train,18000,21677.65336324678,-3677.65336324678
160,train,9500,9675.706198754764,-175.70619875476405
1772,train,3500,5232.067182049157,-1732.067182049157
3189,train,10000,11320.289017161773,-1320.2890171617728
4306,train,32000,37945.116172651695,-5945.116172651695
1920,train,7000,7904.260463201888,-904.2604632018883
953,train,40000,34225.3642126653,5774.635787334701
637,train,60000,47783.365733613355,12216.634266386645
3068,train,7500,8568.863903665957,-1068.863903665957
623,train,25000,21168.063633922495,3831.936366077505
1551,train,20000,35897.031579149596,-15897.031579149596
756,train,330000,214292.10911271596,115707.89088728404
668,train,50000,51531.28643775521,-1531.2864377552105
1361,train,34000,48455.77168690229,-14455.771686902292
1600,train,10000,13831.137123168257,-3831.137123168257
2565,train,18500,20717.204338236457,-2217.2043382364573
4542,train,25000,22974.412272694302,2025.5877273056976
1525,train,7000,6358.406976002783,641.5930239972167
2999,train,15000,13540.397562392984,1459.6024376070163
319,train,5000,6469.737322294801,-1469.7373222948008
3882,train,14000,11863.800887969006,2136.199112030994
2451,train,35000,28616.592294517763,6383.407705482237
944,train,40000,32186.746836504448,7813.253163495552
4383,train,12000,17140.84469289237,-5140.8446928923695
4224,train,10000,12195.62343094499,-2195.62343094499
426,train,6000,7303.585532537563,-1303.5855325375633
4373,train,15000,13507.435069011162,1492.5649309888377
1502,train,25000,25072.994243067616,-72.99424306761648
3463,train,50000,58635.65600909344,-8635.656009093444
4301,train,10000,10712.672993428354,-712.672993428354
4467,train,12000,10638.101419302193,1361.8985806978071
3139,train,330000,175226.13664599348,154773.86335400652
1825,train,120000,78870.52063917313,41129.47936082687
3325,train,5000,6789.283042512468,-1789.2830425124675
386,train,7000,6955.767624040573,44.23237595942737
2385,train,90000,96666.20417423706,-6666.204174237064
3228,train,9000,8232.774591972033,767.2254080279672
1286,train,19000,24393.019411298108,-5393.019411298108
385,train,5000,5744.332214797655,-744.3322147976551
3516,train,23000,17485.674698669147,5514.325301330853
4096,train,13000,12579.589325347744,420.4106746522557
1003,train,140000,125290.79096797894,14709.209032021055
4566,train,50000,48568.694395682076,1431.305604317924
2005,train,14000,13974.021830614942,25.97816938505821
4654,train,16000,20265.684756843944,-4265.684756843944
3951,train,8000,7336.875933298028,663.124066701972
2805,train,9000,6856.042751039362,2143.957248960638
2418,train,12000,12121.563661471442,-121.56366147144217
1269,train,65000,32153.795376666825,32846.20462333318
461,train,34000,17897.990521358603,16102.009478641397
2217,train,11000,14227.903059028597,-3227.9030590285965
3471,train,8500,8674.89364490017,-174.89364490017033
4034,train,4500,4821.447730905201,-321.44773090520084
3981,train,4000,5697.083838118774,-1697.083838118774
640,train,35000,35847.03345830892,-847.0334583089207
559,train,110000,127735.91027669459,-17735.910276694587
3324,train,18000,14071.53479519717,3928.4652048028292
3133,train,10000,9485.307293507913,514.6927064920874
3095,train,20000,20418.19026839881,-418.19026839880826
1190,train,35000,28844.14763393972,6155.8523660602805
1499,train,13000,17333.47447705513,-4333.47447705513
3716,train,9500,10257.10155107345,-757.1015510734505
3374,train,15000,15677.67316701207,-677.6731670120698
290,train,10000,13705.88197172954,-3705.881971729539
3586,train,6500,7556.88466704201,-1056.8846670420098
2852,train,18000,14778.789929457154,3221.2100705428456
1026,train,65000,59633.53617640003,5366.463823599966
1401,train,22000,29367.32709403103,-7367.3270940310285
297,train,5000,5990.284845006474,-990.2848450064739
4407,train,52000,46914.54197690792,5085.4580230920765
1300,train,260000,299586.56423814094,-39586.56423814094
1323,train,22000,23013.689436946006,-1013.689436946006
2507,train,52000,32263.863846874752,19736.136153125248
3280,train,47500,47990.5808715025,-490.58087150249776
2061,train,9000,7845.791398121422,1154.2086018785776
4005,train,9500,12013.180663959114,-2513.180663959114
3544,train,72000,95929.68551767101,-23929.68551767101
411,train,6000,8657.998691952545,-2657.9986919525454
2009,train,30000,22994.548441666935,7005.451558333065
2187,train,34000,33580.45212717213,419.54787282786856
2346,train,30000,27155.68932563803,2844.3106743619683
2709,train,15000,12379.095180984143,2620.9048190158574
3689,train,8500,14060.467111743515,-5560.4671117435155
3087,train,30000,26059.73236922218,3940.26763077782
4041,train,8000,7198.874715970827,801.1252840291727
891,train,55000,41443.83551556827,13556.164484431727
3795,train,37000,40317.17539670542,-3317.1753967054174
2567,train,11000,10494.722778456908,505.2772215430923
3517,train,17000,11730.313899449127,5269.686100550873
1234,train,100000,113325.80676932304,-13325.80676932304
224,train,8500,9070.434930415879,-570.4349304158786
1256,train,28500,30959.955370926316,-2459.9553709263164
3559,train,6166,6800.925477798738,-634.925477798738
3523,train,25000,26399.171256741007,-1399.1712567410068
2296,train,14000,15326.687696289147,-1326.6876962891474
2512,train,16000,13865.82745773322,2134.1725422667805
2863,train,20000,19482.21814665085,517.7818533491518
816,train,45000,37460.502010635064,7539.497989364936
750,train,10000,14158.277392655045,-4158.277392655045
2622,train,10000,11714.102903486924,-1714.1029034869243
719,train,20000,19764.710984855268,235.28901514473182
9,train,10000,14410.584581963261,-4410.584581963261
1353,train,34000,35873.66819392808,-1873.6681939280825
2582,train,17000,15400.776984451533,1599.2230155484667
2018,train,5000,6295.688723396056,-1295.688723396056
1921,train,13000,15603.919805198018,-2603.9198051980184
254,train,8000,7643.356692122589,356.64330787741073
881,train,34000,31606.244819443324,2393.7551805566764
3075,train,6000,5176.410396974043,823.5896030259573
3687,train,12000,16644.46992053617,-4644.4699205361685
3269,train,28000,23560.84169256949,4439.158307430509
766,train,95000,60110.49127973867,34889.50872026133
2646,train,17401,17855.469063449258,-454.4690634492581
3844,train,18000,17326.233851964364,673.7661480356364
740,train,33000,29474.28666319289,3525.713336807112
378,train,6500,8494.975284577882,-1994.9752845778821
2872,train,12000,12642.71605287379,-642.7160528737895
2850,train,16500,24412.857942486695,-7912.857942486695
2473,train,12000,11746.849890618716,253.15010938128398
1497,train,10000,10760.841212112198,-760.8412121121983
4000,train,32000,24867.658622512245,7132.341377487755
3988,train,14500,13793.163424923152,706.836575076848
1698,train,9000,9697.153448088491,-697.1534480884911
2255,train,35000,32240.19979515062,2759.80020484938
2247,train,30000,27168.882970372793,2831.1170296272066
1631,train,12000,13692.460469624075,-1692.460469624075
1641,train,12000,12831.030963502977,-831.0309635029771
4408,train,9500,9870.748668058024,-370.7486680580241
3696,train,26000,22394.922638923814,3605.077361076186
2868,train,28000,25512.42744721344,2487.5725527865616
1252,train,180000,146171.0955815084,33828.90441849161
3751,train,15000,16397.037709661472,-1397.037709661472
1451,train,75000,59634.05508202833,15365.944917971668
4050,train,35000,20767.409441074175,14232.590558925825
2314,train,22000,17805.52080790687,4194.479192093131
111,train,6000,6831.97700168511,-831.9770016851098
2367,train,100000,99788.50913005596,211.49086994404206
4232,train,150000,154085.400333487,-4085.400333486992
670,train,50000,65894.18283844793,-15894.18283844793
317,train,5000,4615.8800572647215,384.1199427352785
1779,train,20000,16127.233513156805,3872.766486843195
3674,train,40000,39801.98301417754,198.01698582246172
4672,train,20000,13714.610614796935,6285.389385203065
1648,train,7500,7646.238295520539,-146.2382955205394
338,train,7000,7553.981539897051,-553.9815398970513
1296,train,17000,17091.629798850758,-91.62979885075765
218,train,7500,7815.395075102421,-315.3950751024213
4591,train,37000,43997.833724001495,-6997.833724001495
4587,train,40000,43275.01888469335,-3275.0188846933524
802,train,30000,28023.449249989833,1976.5507500101667
1555,train,6000,7292.065112253799,-1292.0651122537993
4477,train,9000,8003.460715234591,996.5392847654093
673,train,25000,21868.581738104564,3131.4182618954364
3782,train,11000,10954.853194949656,45.14680505034448
2310,train,35000,27668.09490950992,7331.90509049008
1982,train,20000,14745.256173053001,5254.7438269469985
4494,train,25000,23355.970216914335,1644.0297830856653
1469,train,35000,26386.896739908458,8613.103260091542
1592,train,35000,30293.47185466609,4706.5281453339085
1958,train,7000,8449.904589563732,-1449.9045895637319
1176,train,43000,45613.47398655221,-2613.4739865522133
4611,train,7500,7319.073262229678,180.92673777032178
593,train,30000,25037.855953508373,4962.144046491627
2117,train,60000,54883.74922422359,5116.250775776411
3685,train,13000,13064.54864001747,-64.54864001747046
2571,train,22000,22279.047201586174,-279.0472015861742
3176,train,7500,7310.021757297137,189.9782427028631
309,train,7000,6182.503857378045,817.4961426219552
4608,train,11000,10523.573894598489,476.42610540151145
3259,train,8000,11419.925441624742,-3419.9254416247422
4393,train,10000,12007.519866977564,-2007.5198669775637
1030,train,120000,149513.62242668244,-29513.622426682443
3367,train,6000,5555.287017304974,444.71298269502586
469,train,9500,9324.326264289408,175.67373571059215
2299,train,12000,14861.865155736132,-2861.865155736132
787,train,200000,168725.61155279525,31274.38844720475
2623,train,15000,13263.005838109364,1736.994161890636
2819,train,35000,27766.180823407194,7233.819176592806
3293,train,46000,46989.381037920095,-989.381037920095
2111,train,32000,37501.51979884237,-5501.519798842368
4562,train,16000,13513.011629029546,2486.9883709704536
3389,train,9000,11107.822255407664,-2107.8222554076638
1619,train,18000,13389.937833297254,4610.062166702746
1962,train,52000,46859.580960698506,5140.419039301494
4179,train,12000,9696.579359518115,2303.420640481885
4131,train,52000,79937.09827126672,-27937.098271266717
2031,train,25000,29231.787648248584,-4231.787648248584
1919,train,12500,8096.635430727194,4403.364569272806
4123,train,14000,13926.219730917446,73.78026908255379
3028,train,45000,36118.47005058325,8881.529949416748
1705,train,18000,17746.214967301046,253.78503269895373
800,train,35000,30759.679232552553,4240.320767447447
2756,train,19000,13296.14394980831,5703.856050191691
2264,train,6000,6351.629999849461,-351.62999984946055
1115,train,24000,28970.091744068523,-4970.0917440685225
3779,train,9000,10071.345286069814,-1071.3452860698144
229,train,18000,13136.497584141653,4863.502415858347
259,train,7000,8337.563804650983,-1337.563804650983
1395,train,180000,108925.6856311006,71074.3143688994
1720,train,11500,13552.949859590855,-2052.9498595908553
1186,train,270000,204872.96468784517,65127.035312154825
681,train,150000,159542.9345312063,-9542.934531206294
3783,train,140000,104778.86842916596,35221.13157083404
2250,train,6000,7113.298774221908,-1113.2987742219084
904,train,100000,119438.87157542331,-19438.871575423313
3776,train,12000,11613.191529618012,386.8084703819877
360,train,5000,5355.469698430905,-355.4696984309048
1287,train,140000,83431.58546593448,56568.41453406552
3660,train,10000,9377.131126416865,622.8688735831347
3113,train,49000,52344.27903626117,-3344.2790362611704
2227,train,50000,50153.09423558145,-153.09423558144772
4605,train,10000,15955.189685112768,-5955.189685112768
2960,train,5000,8186.259645384978,-3186.2596453849783
3622,train,14000,22594.127718900545,-8594.127718900545
2376,train,30000,23344.96263778615,6655.03736221385
305,train,3000,4500.787268335922,-1500.787268335922
505,train,2200,5361.467347474582,-3161.4673474745823
3274,train,5000,6573.824213516113,-1573.8242135161126
1112,train,200000,141047.05286964614,58952.94713035386
2799,train,90000,77705.05004245948,12294.94995754052
214,train,6000,6070.410350021111,-70.4103500211113
3592,train,15000,13674.621620395925,1325.3783796040752
1947,train,15000,12111.608758711609,2888.391241288391
865,train,75000,78971.3238984015,-3971.3238984015043
3524,train,16500,13565.143731550012,2934.8562684499884
326,train,8000,8647.999473525553,-647.9994735255532
3154,train,11000,12019.480614026455,-1019.4806140264554
2788,train,21000,13946.737709143375,7053.2622908566245
1111,train,18500,27360.803414309376,-8860.803414309376
4153,train,28000,31543.196610072886,-3543.196610072886
2657,train,27000,32476.624428912808,-5476.624428912808
834,train,220000,177800.60508052818,42199.394919471815
839,train,65000,44483.682431609464,20516.317568390536
2694,train,15000,18594.54111458605,-3594.541114586049
1836,train,30000,24906.591141797646,5093.408858202354
3397,train,16000,11336.921028421382,4663.078971578618
328,train,8000,8521.420073804069,-521.420073804069
1376,train,120000,98520.04972575468,21479.95027424532
942,train,5500,13230.720455676328,-7730.720455676328
1223,train,46000,46113.44483127644,-113.44483127644344
3537,train,25000,22871.998899355058,2128.001100644942
1690,train,23000,19275.891007485807,3724.1089925141932
2563,train,12000,10064.164212156958,1935.8357878430415
1975,train,20000,18573.266222442526,1426.7337775574742
2836,train,130000,168834.0211283184,-38834.02112831839
351,train,7000,6961.785846442398,38.214153557602
4290,train,20000,16909.04920294887,3090.9507970511295
2046,train,42500,35882.635743678235,6617.364256321765
4510,train,8000,13157.375341829062,-5157.375341829062
1618,train,8500,9246.923570615048,-746.9235706150484
1066,train,30000,23964.820989685235,6035.179010314765
1276,train,23000,24505.78728374423,-1505.78728374423
1558,train,8000,6871.902659042734,1128.0973409572662
39,train,10000,6914.728115127597,3085.2718848724026
270,train,5500,5794.7577046791075,-294.7577046791075
2435,train,9500,11181.28877956849,-1681.2887795684892
4635,train,45000,57324.25531822281,-12324.255318222808
1035,train,350000,466424.04910565435,-116424.04910565435
854,train,32000,29981.17679401317,2018.8232059868315
69,train,7500,5848.747503949423,1651.252496050577
3066,train,8000,11110.67348482359,-3110.67348482359
1838,train,8000,7934.875289434116,65.12471056588402
2795,train,8000,9809.067832156412,-1809.067832156412
1238,train,84500,87073.73046380508,-2573.7304638050846
1599,train,13000,13627.006621265406,-627.0066212654056
3796,train,18000,16143.759780159506,1856.2402198404943
4633,train,16000,13992.256775432825,2007.7432245671753
3225,train,8500,9612.973582508375,-1112.9735825083753
991,train,53000,56531.07811934761,-3531.078119347607
1091,train,46000,37669.60231213722,8330.39768786278
3571,train,15000,12682.195095696967,2317.8049043030333
2463,train,12500,10511.271319653564,1988.7286803464358
4401,train,32000,23069.412482316377,8930.587517683623
1466,train,90000,65936.45582082002,24063.544179179982
665,train,350000,314710.34425592073,35289.65574407927
1288,train,30000,37982.33243725152,-7982.33243725152
3977,train,22000,19965.029947625982,2034.9700523740175
1080,train,40000,46717.883881711496,-6717.883881711496
1849,train,6000,5928.885630819888,71.11436918011168
3577,train,23000,17647.337785389165,5352.662214610835
4529,train,42000,54200.286255487095,-12200.286255487095
4300,train,30000,29697.934920330674,302.0650796693262
698,train,140000,121514.42413608928,18485.575863910723
3778,train,35000,33803.791734682796,1196.2082653172038
921,train,260000,320500.86809392716,-60500.86809392716
1674,train,12000,13987.351446846349,-1987.351446846349
2107,train,6500,7542.002315974903,-1042.0023159749026
2446,train,70000,40622.42852416675,29377.571475833247
2861,train,13000,13500.723600593907,-500.72360059390667
2459,train,25000,26142.173483521216,-1142.1734835212155
2008,train,43000,41529.00717227198,1470.9928277280196
4476,train,6200,7250.517420906593,-1050.5174209065926
3179,train,12000,12136.84965142008,-136.84965142007968
3497,train,20000,18425.140076236818,1574.8599237631825
3533,train,9000,10371.816385096201,-1371.816385096201
1782,train,15000,14206.682577449406,793.3174225505936
2118,train,8500,7806.011433740182,693.9885662598181
1789,train,30000,23969.350279869945,6030.649720130055
215,train,20000,20531.746656905714,-531.7466569057142
2699,train,14000,11772.426754121881,2227.5732458781185
1804,train,16500,14472.019448395957,2027.9805516040433
1386,train,25000,31547.006138205717,-6547.006138205717
859,train,25000,31141.21362666767,-6141.213626667672
3405,train,20000,15610.595062436862,4389.404937563138
582,train,89000,92488.90696160623,-3488.9069616062334
4285,train,6500,6448.897350913862,51.10264908613772
3565,train,14000,10496.870763142679,3503.1292368573213
3798,train,10000,10149.259282799481,-149.2592827994813
1489,train,35000,27387.658567522856,7612.341432477144
964,train,95000,80480.29659592922,14519.70340407078
1543,train,23000,20011.733659320973,2988.266340679027
4428,train,7000,7294.812505281698,-294.81250528169767
2108,train,13500,17062.767879110528,-3562.767879110528
1431,train,85000,87662.07983689469,-2662.0798368946853
296,train,10000,11852.986304893839,-1852.9863048938387
2164,train,11000,12758.28652302361,-1758.2865230236093
4732,train,15000,14504.700062944392,495.2999370556081
1092,train,35000,32808.45436910473,2191.5456308952707
2989,train,29000,16872.57023797189,12127.42976202811
1372,train,34000,56867.49331708384,-22867.49331708384
2271,train,6000,7219.971151050945,-1219.971151050945
2491,train,27000,24270.37255289987,2729.6274471001307
557,train,68000,35707.431867530235,32292.568132469765
849,train,180000,180941.87185492256,-941.8718549225596
4208,train,25000,32954.496131769294,-7954.496131769294
3162,train,8000,8850.644306036,-850.6443060359998
3,train,10000,11350.131505732863,-1350.131505732863
4395,train,10000,11911.878000318338,-1911.8780003183383
930,train,150000,127663.02517951587,22336.97482048413
1670,train,15000,19845.625736762766,-4845.625736762766
128,train,4700,5285.078970720915,-585.0789707209151
4564,train,20000,16355.949495395891,3644.050504604109
192,train,10000,14218.020890749402,-4218.020890749402
4221,train,11000,11062.040983243027,-62.04098324302686
3688,train,25000,26009.438352901216,-1009.4383529012157
3359,train,9500,9739.792626895329,-239.7926268953288
4180,train,10000,14234.476673531273,-4234.476673531273
196,train,5200,6081.978000935104,-881.9780009351043
455,train,7000,6111.572148342577,888.4278516574232
3936,train,55000,66277.89797787336,-11277.897977873363
2190,train,12000,14043.187838533777,-2043.1878385337768
3365,train,13000,12430.067861072785,569.9321389272154
2237,train,35000,38931.0059485041,-3931.0059485040983
487,train,6000,8688.923218444155,-2688.9232184441553
520,train,25000,26683.67409215753,-1683.6740921575292
501,train,14000,17888.775985765707,-3888.7759857657074
4495,train,14000,13219.987082307716,780.0129176922837
957,train,16000,19157.84341820626,-3157.8434182062592
2816,train,31500,34600.806096586326,-3100.806096586326
4505,train,8500,11232.545061396928,-2732.545061396928
3429,train,22000,22512.739234283177,-512.7392342831772
1870,train,11000,11677.498260482522,-677.4982604825218
1812,train,12000,11700.145829416595,299.854170583405
682,train,27000,18373.033635140626,8626.966364859374
2629,train,6000,6910.663590522449,-910.6635905224493
3100,train,9000,9753.291008017575,-753.2910080175752
2692,train,50000,36656.44409206061,13343.555907939393
799,train,70000,70195.65032521264,-195.6503252126422
2897,train,9000,11508.05541900373,-2508.055419003729
4018,train,17000,13904.467009924567,3095.532990075433
3908,train,9000,9979.388404706095,-979.3884047060947
2506,train,35000,21487.328816954956,13512.671183045044
125,train,18000,13491.077461089228,4508.922538910772
1072,train,54500,40125.056192290824,14374.943807709176
2568,train,52000,63555.938429290094,-11555.938429290094
180,train,15000,9714.557851881757,5285.4421481182435
1755,train,6000,7401.310858546805,-1401.3108585468053
1258,train,270000,205936.72979403552,64063.27020596448
1201,train,35000,27438.08558377494,7561.9144162250595
843,train,56000,53906.39573201758,2093.604267982417
3281,train,7500,10909.872190055228,-3409.872190055228
241,train,9000,7813.631595160047,1186.3684048399527
717,train,8500,16538.32950542952,-8038.3295054295195
3127,train,18000,17731.1970365517,268.8029634482991
2212,train,9000,9073.153634595028,-73.15363459502805
4309,train,20000,18608.663358601214,1391.336641398786
4092,train,11000,11924.325019178354,-924.3250191783536
619,train,50000,62461.717626686914,-12461.717626686914
3023,train,10000,11355.272965595941,-1355.272965595941
2705,train,17000,12274.786909093724,4725.213090906276
798,train,150000,89142.98388463358,60857.01611536642
749,train,80000,70691.90927317551,9308.090726824492
1130,train,33000,40791.71176505593,-7791.71176505593
1758,train,27500,21381.21894840533,6118.781051594669
2651,train,13000,13197.478660738729,-197.47866073872865
2224,train,6200,7176.148637394806,-976.1486373948064
596,train,47000,46794.34058399809,205.65941600190854
235,train,15000,11367.886125332892,3632.1138746671077
458,train,15000,15184.956257280368,-184.95625728036794
2011,train,15000,14593.96186767383,406.03813232616994
318,train,14000,8448.876809469053,5551.123190530947
3683,train,13500,13609.531755398048,-109.53175539804761
4461,train,15000,16404.251301360753,-1404.2513013607531
22,train,4000,4890.635739120006,-890.6357391200063
4471,train,15000,11229.307440355587,3770.6925596444125
1795,train,7000,7705.121661763862,-705.121661763862
4177,train,12000,12156.822625674997,-156.82262567499674
4163,train,15000,17136.30074384106,-2136.3007438410605
2396,train,10000,10397.440694127134,-397.4406941271336
4190,train,5500,6548.188355461697,-1048.188355461697
2939,train,23000,19550.14182989152,3449.8581701084804
836,train,35000,38031.32535996314,-3031.3253599631425
1686,train,10000,10495.729825570004,-495.7298255700043
1024,train,9400,15072.036973178085,-5672.036973178085
3328,train,30000,24438.484383171242,5561.515616828758
3486,train,6000,6028.529703626915,-28.529703626914852
3079,train,15000,17726.329534090743,-2726.3295340907425
2867,train,25000,33281.71821169371,-8281.718211693711
1739,train,45000,48533.95334912896,-3533.953349128962
4425,train,16000,13059.367190114306,2940.632809885694
3758,train,11500,14088.981770335318,-2588.9817703353183
519,train,12000,9876.791829924023,2123.2081700759773
291,train,14000,17124.27864622853,-3124.2786462285294
2377,train,14000,16116.536254691131,-2116.536254691131
1161,train,85000,72373.76369412466,12626.23630587534
4211,train,3000,4644.666591425083,-1644.6665914250834
693,train,55000,60774.736527529734,-5774.736527529734
1572,train,180000,127553.4327453389,52446.5672546611
4569,train,25000,21905.21955826994,3094.7804417300613
1582,train,15000,13380.383494630301,1619.6165053696986
2291,train,22000,20468.243041935886,1531.7569580641139
2869,train,22000,22326.719489712435,-326.71948971243546
1250,train,13000,16701.31992686063,-3701.3199268606295
538,train,33500,39277.01743674304,-5777.017436743037
841,train,280000,317977.25438873103,-37977.25438873103
1635,train,11000,13340.087457829308,-2340.087457829308
1162,train,110000,114291.81192259105,-4291.811922591049
3221,train,65000,73564.67790810745,-8564.67790810745
1032,train,130000,146996.82839828957,-16996.828398289566
2919,train,30000,26021.96872480989,3978.031275190111
1767,train,9000,7726.070798211701,1273.929201788299
464,train,7000,7397.0202756691315,-397.0202756691315
3765,train,14000,12268.510977451586,1731.4890225484141
2322,train,15000,14046.602875422517,953.3971245774828
4086,train,20000,23794.65932541533,-3794.6593254153304
3247,train,9000,12134.39963907301,-3134.39963907301
3924,train,24000,30693.82274774174,-6693.822747741739
4439,train,20000,13844.66826141018,6155.331738589821
3012,train,7000,7050.872528064613,-50.87252806461311
3466,train,10000,13975.207660403494,-3975.2076604034937
591,train,45000,44608.55817631243,391.44182368757174
2987,train,12000,11300.915532046965,699.0844679530346
470,train,1800,4411.516692114264,-2611.5166921142636
1440,train,22000,19932.098799441028,2067.901200558972
840,train,45000,49990.66050182281,-4990.660501822807
3518,train,8500,12124.807853816576,-3624.8078538165755
2918,train,24000,22477.24564750816,1522.75435249184
488,train,18000,14095.290255532176,3904.709744467824
3016,train,4500,4394.408995913849,105.59100408615086
3442,train,9500,11788.457427422003,-2288.457427422003
3997,train,13000,17032.426509695546,-4032.426509695546
4458,train,13000,11147.263725425042,1852.7362745749579
2724,train,5000,7771.496397598212,-2771.496397598212
1103,train,70000,59097.930267468546,10902.069732531454
4001,train,15000,12404.20069456809,2595.7993054319104
3940,train,7000,9738.012611115877,-2738.012611115877
795,train,18500,20121.25052065531,-1621.2505206553105
4288,train,3300,4427.291000382714,-1127.2910003827137
704,train,40000,36342.35799026283,3657.6420097371665
4347,train,7500,7427.211380515607,72.78861948439317
3790,train,70000,26777.948716751525,43222.051283248475
3676,train,18000,15214.550430332087,2785.4495696679132
1319,train,12000,18028.907179332873,-6028.907179332873
2270,train,60000,54065.24037380096,5934.75962619904
3786,train,250000,187318.89046123566,62681.10953876434
1291,train,85000,101441.59712189008,-16441.59712189008
1414,train,85000,85352.95497864898,-352.9549786489806
2139,train,7500,8011.536698524165,-511.53669852416533
3119,train,11000,12388.548553435676,-1388.5485534356758
1965,train,22000,22208.47839715549,-208.4783971554898
4725,train,18000,18875.146040581938,-875.146040581938
2173,train,12000,12732.930504388427,-732.9305043884269
558,train,30000,24949.240533423323,5050.759466576677
1845,train,13000,14915.792643538718,-1915.792643538718
1634,train,8000,7297.395949292675,702.6040507073249
431,train,23000,17816.564899196732,5183.435100803268
2439,train,30000,17290.27447581301,12709.72552418699
3543,train,12000,10243.59711361585,1756.4028863841504
349,train,6000,10051.15720949462,-4051.1572094946205
53,train,15000,14088.536260433551,911.4637395664486
3632,train,10000,13166.483646833349,-3166.4836468333488
50,train,7500,6782.5143718455065,717.4856281544935
4412,train,9000,9669.796740740503,-669.7967407405031
3284,train,7000,10016.468581874657,-3016.4685818746566
2905,train,12100,12868.796226058876,-768.7962260588756
1418,train,20000,18894.70508392758,1105.2949160724202
2157,train,12000,11020.098773880183,979.9012261198168
1302,train,45000,47397.65309479606,-2397.6530947960564
1859,train,50000,45985.95694178212,4014.0430582178815
3539,train,14000,17142.084898061767,-3142.0848980617666
1993,train,30000,26637.51124766785,3362.4887523321486
28,train,8500,9184.068871597936,-684.0688715979359
2092,train,9000,10280.148094541473,-1280.1480945414733
3243,train,25000,29939.610012294404,-4939.610012294404
3682,train,9500,8307.714318259132,1192.2856817408683
3453,train,37500,36086.39726631379,1413.6027336862098
1260,train,26000,24814.340166876613,1185.6598331233872
1424,train,22000,18066.45749767575,3933.5425023242497
3440,train,14000,12257.18190421171,1742.8180957882905
1933,train,8000,8438.912812682851,-438.9128126828509
204,train,5000,5733.221552183835,-733.2215521838352
3010,train,20000,22329.891860388198,-2329.8918603881975
4540,train,7000,5922.692849949596,1077.3071500504038
2803,train,4000,9568.354281475162,-5568.354281475162
3854,train,26000,20552.199213562475,5447.800786437525
1301,train,32000,25750.345337183375,6249.654662816625
4160,train,14000,10705.838231900121,3294.161768099879
1237,train,79500,65256.45661981761,14243.54338018239
3057,train,6000,7753.941390102434,-1753.9413901024336
1792,train,20000,18545.26170405207,1454.7382959479291
977,train,23000,31923.917598525903,-8923.917598525903
2216,train,11000,10085.305000953565,914.6949990464345
2913,train,40000,50840.30067587886,-10840.300675878862
1437,train,75000,99441.5486546028,-24441.548654602797
2693,train,20000,13210.361915706473,6789.638084293527
4679,train,20000,20955.510588086323,-955.510588086323
1639,train,8000,8761.319072662624,-761.3190726626235
3449,train,15000,13441.747606658515,1558.252393341485
542,train,400000,362552.68863299355,37447.31136700645
1362,train,170000,147384.43121788988,22615.568782110116
2415,train,80000,63080.47768885876,16919.52231114124
3002,train,15000,12280.095362740174,2719.904637259826
2404,train,14900,11424.506253321802,3475.4937466781976
4664,train,8000,10940.199612619519,-2940.199612619519
2259,train,30000,28035.995368878484,1964.0046311215156
2901,train,23000,22837.02433265564,162.97566734435895
2497,train,7000,7882.521274822891,-882.5212748228914
1330,train,16000,11192.348769939765,4807.651230060235
2993,train,14000,15431.41934437884,-1431.4193443788408
3712,train,23000,18073.23732112103,4926.762678878971
3756,train,16000,12630.766806630054,3369.233193369946
2238,train,9000,12547.514087409038,-3547.5140874090375
330,train,3800,5678.412316639193,-1878.4123166391928
1067,train,45000,55063.27829649796,-10063.278296497963
1127,train,43000,47056.77691549981,-4056.7769154998095
3834,train,40000,29757.623391912162,10242.376608087838
3343,train,18000,17310.150564895954,689.8494351040463
630,train,310000,302119.9176902295,7880.082309770514
713,train,35000,47947.46161699229,-12947.461616992288
2747,train,9500,7864.610274133117,1635.389725866883
2094,train,20000,14613.659528242119,5386.3404717578815
268,train,6500,9721.41729453441,-3221.4172945344108
3928,train,27000,33415.40628459212,-6415.406284592122
2535,train,16000,9907.631592611093,6092.368407388907
2105,train,6000,10064.197911983909,-4064.197911983909
3851,train,27500,30319.325344985773,-2819.325344985773
1617,train,12000,13308.432111162667,-1308.4321111626668
2895,train,150000,57622.71706220974,92377.28293779027
265,train,40000,40386.14590160517,-386.1459016051667
4120,train,80000,68205.15601482015,11794.843985179847
2533,train,28500,23462.121676686176,5037.878323313824
4250,train,15000,13985.068881736213,1014.9311182637866
2249,train,21000,22032.565489011435,-1032.5654890114347
3419,train,10500,11580.486459844922,-1080.4864598449221
506,train,3300,3655.218437923018,-355.218437923018
2994,train,6000,8182.85578411788,-2182.85578411788
4426,train,14000,11657.445631893566,2342.5543681064337
1345,train,90000,92264.0404589141,-2264.0404589140962
1485,train,280000,304873.9297592188,-24873.929759218823
1796,train,10000,10938.571698590767,-938.5716985907675
233,train,21000,10705.076386750128,10294.923613249872
622,train,220000,207579.94002340944,12420.059976590564
1074,train,67000,70630.08078667021,-3630.080786670209
2821,train,20000,13254.021706616784,6745.978293383216
2601,train,30000,31699.493759396864,-1699.4937593968643
1976,train,9000,10333.69850390178,-1333.69850390178
4689,train,53000,59395.37396048037,-6395.37396048037
3223,train,15000,18266.764434756104,-3266.7644347561036
220,train,3000,3770.314839692451,-770.3148396924512
4729,train,17000,19339.53116499254,-2339.531164992539
1294,train,36000,38711.76446114888,-2711.7644611488795
3840,train,13000,13342.449471226857,-342.449471226857
428,train,5500,5513.38712795753,-13.387127957529628
429,train,8500,14796.182518512682,-6296.182518512682
1590,train,9000,9307.554808943525,-307.55480894352513
2460,train,13000,13469.807357776912,-469.8073577769119
2191,train,8000,6830.442568820784,1169.557431179216
872,train,130000,135030.4031598398,-5030.4031598398
107,train,8000,9173.203657010201,-1173.203657010201
2234,train,6000,6988.669159588281,-988.6691595882812
613,train,30000,23208.251790930753,6791.7482090692465
1760,train,10000,12556.680952423543,-2556.680952423543
4649,train,6000,6562.278086080675,-562.2780860806752
4366,train,10000,11847.3086730902,-1847.3086730901996
1340,train,400000,328689.38554704847,71310.61445295153
4715,train,15000,12754.86586305421,2245.1341369457896
1211,train,30000,25681.875752187512,4318.124247812488
2132,train,8000,7778.276803284508,221.72319671549212
1168,train,150000,167786.40830083544,-17786.408300835436
861,train,95000,77673.67423659889,17326.32576340111
1567,train,14500,13576.252397640914,923.7476023590862
2667,train,11000,10661.71860939056,338.28139060943977
689,train,48000,47076.25302592132,923.7469740786764
2690,train,9000,10980.388152767277,-1980.3881527672766
2165,train,15000,12550.297626417405,2449.702373582595
348,train,20000,18933.522323734556,1066.4776762654437
2413,train,7500,8504.032312765325,-1004.0323127653246
4280,train,10000,9711.201848798913,288.7981512010865
3329,train,9000,9641.970738763748,-641.9707387637482
3551,train,25000,26488.4544943026,-1488.4544943026012
2054,train,15000,13747.632137027878,1252.3678629721217
3298,train,23999,17546.492282625146,6452.507717374854
3029,train,35000,37567.906747241694,-2567.9067472416937
494,train,12000,13930.491344704418,-1930.4913447044182
2558,train,10000,11377.139405907228,-1377.1394059072281
4361,train,53000,45396.26744314909,7603.732556850911
3519,train,10000,11705.153478067099,-1705.153478067099
2429,train,55000,44819.22198403838,10180.778015961623
2168,train,42000,25932.76425296681,16067.235747033192
4030,train,19800,14363.553999896558,5436.446000103442
1561,train,10000,8288.516672426025,1711.4833275739747
4415,train,9000,9438.643271210407,-438.64327121040697
3907,train,8000,13558.373059766958,-5558.373059766958
3970,train,12000,13838.935193815641,-1838.9351938156415
2148,train,18000,15000.138753636413,2999.8612463635873
3953,train,65000,34940.517200411516,30059.482799588484
2166,train,5500,7112.438127568142,-1612.4381275681417
720,train,38000,34176.34167543753,3823.6583245624715
863,train,18500,20098.399466751896,-1598.3994667518964
399,train,5000,5555.323892788335,-555.3238927883349
2214,train,10000,8499.601537869317,1500.3984621306827
3594,train,7000,6905.564738645676,94.43526135432421
2430,train,20000,21484.637849566298,-1484.6378495662975
3771,train,13000,12462.427021222922,537.5729787770779
2112,train,42000,40353.45631873561,1646.5436812643893
3734,train,15000,19060.554003925332,-4060.554003925332
4176,train,200000,78621.69061326621,121378.30938673379
2428,train,15500,13728.875982957206,1771.1240170427936
925,train,400000,322194.93072106823,77805.06927893177
2950,train,6000,8118.7371895868755,-2118.7371895868755
109,train,6000,5406.205628596132,593.7943714038684
2719,train,25000,20397.784202632334,4602.215797367666
4386,train,25000,23040.365895390314,1959.634104609686
2644,train,7000,6950.67653682249,49.32346317751035
3398,train,18000,16459.97699844907,1540.0230015509296
4563,train,12000,13373.911894516625,-1373.9118945166247
4296,train,8000,9927.664012783487,-1927.6640127834871
1511,train,15000,15475.586987951254,-475.58698795125383
4195,train,24000,24168.774328698557,-168.77432869855693
3784,train,12000,8227.897904898742,3772.102095101258
4634,train,16000,12615.425840196292,3384.5741598037075
2723,train,6000,7033.822447668556,-1033.8224476685564
1940,train,8000,7982.6463038816855,17.353696118314474
1494,train,13000,13616.550492880673,-616.5504928806731
4557,train,23000,21144.92634189554,1855.0736581044584
2194,train,32000,39749.69503389858,-7749.695033898577
1500,train,7500,7042.7050058544355,457.2949941455645
2921,train,10000,9645.48103674774,354.5189632522597
2948,train,30000,23377.37973406324,6622.620265936759
2465,train,15500,18930.294623680264,-3430.2946236802636
2488,train,9000,7728.7324388636525,1271.2675611363475
86,train,7000,9786.90856229607,-2786.90856229607
1659,train,14500,15205.816654797985,-705.8166547979854
2457,train,7500,12898.506091024574,-5398.506091024574
3196,train,11000,11280.902357338618,-280.90235733861846
1676,train,150000,134426.72196593464,15573.278034065355
4308,train,17000,16025.922551210322,974.0774487896779
1148,train,240000,206417.87998050053,33582.120019499474
3437,train,7000,7900.240875513306,-900.2408755133056
3785,train,13000,11707.100813876275,1292.8991861237246
1934,train,9500,9715.445729728022,-215.44572972802234
1135,train,40000,36535.658452664466,3464.3415473355344
2808,train,12500,18581.5214511928,-6081.521451192799
3607,train,30000,18505.737000069563,11494.262999930437
561,train,20000,24257.00568169097,-4257.005681690971
3481,train,13000,13128.441670487417,-128.44167048741656
4148,train,20000,20123.5946045256,-123.5946045255987
826,train,1000000,441788.2879945119,558211.7120054881
949,train,180000,159172.78675051895,20827.21324948105
898,train,60000,66176.44020047056,-6176.440200470563
3511,train,65000,58423.52311992409,6576.476880075912
80,train,14500,20344.209501445675,-5844.209501445675
453,train,7000,10141.099634079736,-3141.0996340797356
2560,train,12000,16835.662045649187,-4835.662045649187
1396,train,30000,25939.851940776844,4060.1480592231565
3250,train,14000,17523.95148650762,-3523.95148650762
570,train,45000,52925.61509927474,-7925.6150992747425
1606,train,37000,24671.48751199957,12328.51248800043
1399,train,70000,68377.27723846046,1622.7227615395386
1523,train,5500,6750.342450577497,-1250.3424505774974
4281,train,10000,12221.142876363221,-2221.142876363221
240,train,8500,7609.615870839536,890.384129160464
451,train,5146,7003.069641504186,-1857.0696415041857
1311,train,50000,55457.937563963154,-5457.937563963154
258,train,22000,17140.606488469162,4859.393511530838
3138,train,8000,7520.355347891651,479.64465210834896
102,train,21000,18155.5696040994,2844.4303959005993
794,train,150000,150442.61057526735,-442.6105752673466
3575,train,60000,38635.31236339444,21364.68763660556
1528,train,18000,16937.974257625225,1062.0257423747753
4596,train,6000,6331.527413827505,-331.52741382750537
818,train,50000,51444.53791049677,-1444.5379104967724
2781,train,18000,15860.13840473253,2139.86159526747
1088,train,50000,61096.37371589357,-11096.37371589357
219,train,6500,7582.973065337838,-1082.9730653378383
245,train,7000,8434.182975614232,-1434.1829756142324
210,train,13000,11933.95205159245,1066.0479484075495
4371,train,40000,42905.41990455612,-2905.419904556118
706,train,20000,35013.122269886284,-15013.122269886284
874,train,250000,241779.25851535887,8220.741484641127
2120,train,8500,7519.841920352529,980.1580796474709
1873,train,120000,132932.5779673351,-12932.577967335092
337,train,7000,8780.358703744498,-1780.3587037444977
1948,train,14000,12239.04814143629,1760.9518585637106
1951,train,12000,8825.586630071257,3174.413369928743
1134,train,36000,26148.370247626845,9851.629752373155
1563,train,11000,8119.705611910239,2880.294388089761
2909,train,42000,40058.878173688754,1941.121826311246
44,train,6000,6512.84169799167,-512.8416979916701
2892,train,20000,22732.597025564195,-2732.597025564195
1622,train,17000,20898.82003717306,-3898.82003717306
4313,train,17000,16731.33504448628,268.6649555137192
3444,train,120000,128290.37665299054,-8290.37665299054
697,train,43000,40722.36460641199,2277.6353935880106
298,train,9000,7425.892560791422,1574.1074392085784
4233,train,16000,15356.620418665227,643.3795813347733
1054,train,100000,96614.09040049803,3385.9095995019743
2406,train,10000,10471.566233242147,-471.56623324214706
2725,train,20000,15169.907231037261,4830.092768962739
4470,train,20000,37077.92830786467,-17077.92830786467
129,train,4700,5337.455667789327,-637.455667789327
4292,train,20000,18903.81339598084,1096.1866040191599
4736,val,15000,13333.006877098713,1666.9931229012873
1052,val,130000,118000.95166021038,11999.048339789617
2600,val,40000,71515.79262972811,-31515.79262972811
2818,val,60000,31778.736690288224,28221.263309711776
2820,val,55000,41625.295731284576,13374.704268715424
1037,val,55000,58487.95013333598,-3487.9501333359804
2610,val,42000,82023.54005959095,-40023.540059590945
1382,val,80000,63687.25565627117,16312.744343728831
2755,val,65000,83453.64666877572,-18453.64666877572
2674,val,35000,48703.64817111473,-13703.648171114728
1397,val,100000,155083.76288300034,-55083.76288300034
2206,val,21000,23854.582407377915,-2854.582407377915
1980,val,12000,7871.408071738317,4128.591928261683
4277,val,22000,22770.418389690774,-770.4183896907743
4121,val,7500,6186.890152521618,1313.109847478382
2033,val,30000,19036.352490161775,10963.647509838225
1446,val,22000,28028.981102419228,-6028.981102419228
3807,val,23000,14663.296470509351,8336.703529490649
2045,val,19000,12505.921576269298,6494.078423730702
4571,val,12000,16707.397983739003,-4707.397983739003
1574,val,12000,13875.531928887442,-1875.5319288874416
4681,val,9000,9948.821139119125,-948.8211391191253
2335,val,22000,20449.726961645094,1550.273038354906
1817,val,19000,14765.695120879162,4234.304879120838
2553,val,15000,13619.621049928253,1380.3789500717467
3498,val,16000,13850.235192901639,2149.7648070983614
2864,val,5500,9747.391000887017,-4247.391000887017
3777,val,17000,16054.766204407646,945.233795592354
4599,val,16000,17324.83610266211,-1324.8361026621096
2502,val,11000,19382.548294853288,-8382.548294853288
765,val,140000,101601.88646945477,38398.11353054523
3974,val,12000,19618.310842256094,-7618.3108422560945
1503,val,10500,12969.768064029851,-2469.7680640298513
1876,val,5000,4729.4207859790995,270.5792140209005
1886,val,6000,7666.011081021134,-1666.0110810211336
866,val,100000,114512.84105205978,-14512.841052059783
862,val,30000,20591.21659854276,9408.78340145724
347,val,8500,8204.851288567785,295.14871143221535
1271,val,98000,125962.10194961174,-27962.101949611737
1129,val,35000,33736.27196423705,1263.7280357629497
2738,val,8500,13290.35576339364,-4790.35576339364
1197,val,55000,37407.87843258375,17592.121567416252
3181,val,5000,5136.99178851879,-136.9917885187897
768,val,45000,39277.01743674304,5722.982563256963
1025,val,100000,97698.47408769654,2301.525912303463
4556,val,11000,12378.258578846386,-1378.2585788463857
2453,val,6000,10992.583087480187,-4992.583087480187
1,val,20000,9206.593087925208,10793.406912074792
2843,val,28000,26365.292588195032,1634.7074118049677
1281,val,95000,60857.93684911374,34142.06315088626
4377,val,20000,20934.30102973652,-934.3010297365217
1904,val,65000,45590.90300653733,19409.09699346267
3263,val,25000,16824.085433257893,8175.914566742107
2965,val,85000,66413.24308888472,18586.756911115284
4414,val,39000,39009.07516867959,-9.075168679592025
209,val,8000,6109.882396920115,1890.1176030798852
1147,val,8000,31439.84240659125,-23439.84240659125
3385,val,5700,6723.2892976979965,-1023.2892976979965
3839,val,27000,48052.07122881053,-21052.071228810528
4143,val,60000,46906.47766615331,13093.52233384669
2926,val,5500,8131.444622247025,-2631.444622247025
3195,val,12000,11729.234460523361,270.7655394766389
2597,val,10000,12928.158386141457,-2928.1583861414565
2302,val,60000,65038.07517714493,-5038.075177144929
4469,val,16000,12084.194052464984,3915.8059475350165
638,val,190000,158761.68529042602,31238.314709573984
4489,val,15000,14321.47593603834,678.5240639616604
3213,val,8000,5662.229562544241,2337.770437455759
3495,val,70000,89946.39444863482,-19946.39444863482
285,val,25000,13966.249412985766,11033.750587014234
4667,val,15000,10295.301974671094,4704.698025328906
3725,val,11000,9427.560198313144,1572.4398016868563
3846,val,14000,13292.127284586475,707.8727154135249
3331,val,30000,22094.11316242956,7905.886837570441
2220,val,6500,7392.139734716633,-892.139734716633
4622,val,13000,18243.646595141257,-5243.646595141257
667,val,25000,17822.951749596792,7177.048250403208
1773,val,16000,22018.565428110203,-6018.565428110203
744,val,300000,122186.53520910452,177813.46479089546
3849,val,15000,11597.719127135813,3402.2808728641867
4514,val,70000,79463.42979291988,-9463.42979291988
2023,val,16000,14115.448428730035,1884.5515712699653
1732,val,10000,15648.09042408016,-5648.090424080159
2277,val,8000,7576.778175098142,423.2218249018579
1801,val,18000,9103.17080448752,8896.82919551248
3715,val,17000,17319.754019946264,-319.7540199462637
4134,val,25000,20361.538541351136,4638.461458648864
3500,val,100000,61415.78491431371,38584.21508568629
3326,val,12000,15335.364428853174,-3335.364428853174
3583,val,10000,10092.757652748165,-92.75765274816513
3370,val,7500,11558.67113719307,-4058.6711371930705
2142,val,30000,30259.743634999635,-259.7436349996351
433,val,8500,7977.585688037734,522.4143119622659
634,val,150000,120086.58504359238,29913.41495640762
2239,val,8000,6313.008027393072,1686.9919726069284
3413,val,30000,30448.125874366186,-448.1258743661856
262,val,15000,9400.524492327739,5599.475507672261
2007,val,14000,14856.980103259413,-856.9801032594132
733,val,25000,21995.952816868146,3004.0471831318537
2069,val,13000,11443.278947423762,1556.7210525762384
3960,val,30000,40637.04521202294,-10637.045212022938
814,val,100000,100010.58577408579,-10.585774085790035
4706,val,12000,12180.357556750449,-180.35755675044857
1077,val,98000,112640.02221499353,-14640.022214993529
975,val,100000,32386.618867861005,67613.381132139
4335,val,30000,30134.047319984616,-134.04731998461648
146,val,2200,8556.809146178284,-6356.809146178284
2021,val,35000,27176.963232132526,7823.036767867474
1895,val,6500,7648.682519671662,-1148.6825196716618
3218,val,18000,16788.092609954343,1211.907390045657
2195,val,14500,9597.063445856364,4902.936554143636
4312,val,7000,13158.188569462942,-6158.188569462942
2923,val,280000,135027.78636367925,144972.21363632075
64,val,3500,4769.010888864391,-1269.0108888643908
4118,val,17000,17184.551850832344,-184.55185083234392
1131,val,47000,60599.346611543726,-13599.346611543726
1196,val,120000,112649.88834174607,7350.111658253925
336,val,7200,7398.681578414489,-198.6815784144892
1815,val,12000,11048.34266443073,951.6573355692708
4582,val,37000,47451.407903731386,-10451.407903731386
2887,val,10000,10224.722455908772,-224.72245590877174
2154,val,9000,8970.577470308503,29.422529691497402
3944,val,45000,46216.23650938518,-1216.2365093851768
1290,val,80000,55660.35753235455,24339.642467645448
747,val,35000,39546.184453524715,-4546.184453524715
2449,val,9000,11425.869741268745,-2425.869741268745
221,val,5200,7352.919453848465,-2152.9194538484653
3102,val,55000,89955.9645677665,-34955.964567766496
2079,val,14000,12231.762025969549,1768.2379740304514
1049,val,40000,40387.606745239376,-387.6067452393763
1051,val,95000,58427.72698052021,36572.27301947979
4014,val,16000,14702.791471432916,1297.2085285670837
2860,val,250000,59717.515912254494,190282.4840877455
1433,val,7500,34484.96647325813,-26984.96647325813
4421,val,8000,12384.536891993463,-4384.536891993463
3009,val,15000,16647.422383762467,-1647.4223837624668
4728,val,15000,19621.56077350141,-4621.560773501409
3305,val,14000,14525.538399528172,-525.5383995281718
2057,val,9500,7623.238321961008,1876.7616780389917
992,val,140000,153457.5874438792,-13457.587443879194
994,val,65000,66588.5013353127,-1588.5013353126997
4536,val,38000,20292.001381869035,17707.998618130965
1216,val,43000,60295.862779365365,-17295.862779365365
1277,val,55000,39919.82441636661,15080.17558363339
2052,val,15000,17059.475633812348,-2059.475633812348
3991,val,18000,10836.710094628806,7163.2899053711935
3169,val,10000,11467.903258634995,-1467.903258634995
965,val,68000,75381.96756798674,-7381.967567986736
2182,val,190000,72234.20522231486,117765.79477768514
99,val,15000,19548.55036920603,-4548.55036920603
2970,val,24000,23896.399920279302,103.60007972069798
226,val,7000,6985.809002074078,14.190997925921693
74,val,40000,17330.561759087737,22669.438240912263
752,val,57000,53852.76849120176,3147.2315087982424
4670,val,17000,18252.371770716225,-1252.371770716225
3126,val,25000,16332.424752659068,8667.575247340932
1299,val,140000,229104.13702004094,-89104.13702004094
3448,val,120000,106288.83361490066,13711.166385099335
3193,val,15000,13187.485987073873,1812.5140129261272
4650,val,32000,24743.593661074578,7256.4063389254225
3573,val,7500,7113.457318715271,386.54268128472904
2326,val,11000,11200.773722417214,-200.77372241721423
1988,val,13000,10627.231286541346,2372.768713458654
791,val,600000,474884.50593222654,125115.49406777346
3039,val,40000,47116.132833050964,-7116.132833050964
170,val,5000,3667.2591953284027,1332.7408046715973
3866,val,50000,34819.19338034054,15180.80661965946
2846,val,27000,28118.330643451165,-1118.330643451165
3982,val,12000,12457.594953927482,-457.5949539274825
2758,val,12000,15721.848149853911,-3721.8481498539113
2712,val,7500,8605.596047812269,-1105.5960478122688
3925,val,15000,10798.055902790238,4201.944097209762
3130,val,15000,13398.910123646034,1601.0898763539662
2588,val,4000,5248.73536002947,-1248.73536002947
906,val,4500,19799.780024329986,-15299.780024329986
4234,val,6000,4867.212229256326,1132.7877707436737
890,val,80000,78457.9742882419,1542.025711758106
1482,val,40000,33569.11679916335,6430.883200836652
535,val,30000,34838.55732796022,-4838.557327960218
1329,val,50000,26469.811364640722,23530.188635359278
2444,val,12000,8757.071022963419,3242.9289770365813
1442,val,55000,62073.861763341265,-7073.861763341265
1943,val,5000,9702.028134049737,-4702.028134049737
4151,val,12000,10343.25219506777,1656.7478049322308
2902,val,30000,44155.20693673763,-14155.206936737632
2943,val,27000,25402.17364494627,1597.8263550537304
271,val,9000,19978.9402919358,-10978.9402919358
1527,val,10000,12322.17660102331,-2322.1766010233096
2373,val,8000,9938.57001588016,-1938.5700158801592
3474,val,12000,10097.02279532822,1902.9772046717808
4189,val,13900,7850.571325761754,6049.428674238246
4567,val,23000,20749.923086139715,2250.0769138602845
1892,val,7500,6862.3862789730265,637.6137210269735
3291,val,10000,9028.1183373523,971.8816626477001
3864,val,28000,27383.554727619823,616.4452723801769
858,val,160000,140180.07332215563,19819.92667784437
3353,val,20000,20802.094824892443,-802.0948248924433
1715,val,21000,17113.442090669672,3886.5579093303277
3445,val,20000,21647.105778093515,-1647.1057780935153
3932,val,25000,26518.129153244507,-1518.1291532445066
2040,val,16000,13266.25933650856,2733.7406634914405
663,val,50000,53867.238317559524,-3867.238317559524
4192,val,4700,9649.11372014304,-4949.113720143039
3202,val,12000,13877.964939769203,-1877.9649397692028
1266,val,85000,41231.07970830691,43768.92029169309
217,val,30000,36615.73645438721,-6615.73645438721
1978,val,27500,19037.53084782747,8462.469152172529
2749,val,30000,31868.306354926488,-1868.306354926488
3609,val,14000,12668.97431227288,1331.0256877271204
1473,val,45000,45108.3460789923,-108.34607899229741
2059,val,9000,15936.876073295667,-6936.876073295667
4539,val,25000,11330.203028809718,13669.796971190282
653,val,13500,28144.60607192107,-14644.606071921069
2048,val,18000,19148.75919311813,-1148.7591931181305
42,val,5000,6462.899140187478,-1462.8991401874782
4454,val,15000,12578.885374068315,2421.1146259316847
1989,val,11000,10020.458956484674,979.5410435153262
2671,val,20500,18719.14502614889,1780.8549738511101
580,val,13000,19194.994628622073,-6194.994628622073
2792,val,7000,12090.058503430053,-5090.058503430053
916,val,90000,72952.94036196299,17047.05963803701
3789,val,36000,50298.65418856136,-14298.654188561362
410,val,6500,10469.638736397364,-3969.6387363973645
2089,val,30000,40193.42762115748,-10193.427621157483
3735,val,28000,14777.735472640661,13222.264527359339
201,val,10000,6873.709419407266,3126.290580592734
2546,val,12000,12049.584844328212,-49.58484432821206
2084,val,12000,12987.319957470449,-987.3199574704486
1710,val,7000,7089.426841708588,-89.42684170858774
4079,val,27000,34274.12985489094,-7274.12985489094
4488,val,25000,25722.51422427719,-722.5142242771908
3035,val,10000,10755.791910636366,-755.7919106363661
3920,val,27000,23743.11452599957,3256.8854740004317
3277,val,25000,25581.022574087794,-581.022574087794
3949,val,35000,39073.93267730224,-4073.9326773022403
2656,val,5000,7527.622181243661,-2527.6221812436606
1941,val,22000,7409.6652376361635,14590.334762363836
2383,val,18500,13424.645759318098,5075.3542406819015
2423,val,8500,8722.405409768251,-222.40540976825105
4653,val,12000,9315.062131404991,2684.9378685950087
3962,val,25000,19428.68105400851,5571.31894599149
565,val,44000,68598.9198563849,-24598.919856384906
3248,val,14000,15206.552606392612,-1206.5526063926118
1428,val,31000,28284.063849163926,2715.9361508360744
1193,val,250000,168502.74502971198,81497.25497028802
2448,val,35000,38793.28535133324,-3793.2853513332375
1512,val,7000,5891.507261456727,1108.492738543273
2841,val,10000,10042.151072291696,-42.15107229169553
3400,val,7500,10793.088993260406,-3293.088993260406
395,val,6000,6967.006533960357,-967.006533960357
2607,val,15500,15644.113626693963,-144.11362669396294
1097,val,29500,36894.01639358429,-7394.016393584287
1917,val,14000,12929.789567159289,1070.2104328407113
1491,val,250000,336793.9587418461,-86793.95874184609
1453,val,55000,69304.98106704916,-14304.981067049157
1877,val,18000,9218.66816971508,8781.33183028492
3436,val,13500,13025.146437141757,474.8535628582431
1566,val,24000,22249.221329142903,1750.7786708570966
757,val,24000,26345.67150812105,-2345.6715081210496
3956,val,45000,53865.07366201733,-8865.073662017327
4251,val,15500,9979.200382536763,5520.799617463237
3603,val,6500,9514.959457030393,-3014.9594570303925
1496,val,21000,24950.86347383886,-3950.863473838861
3377,val,20000,14144.84762381866,5855.1523761813405
3507,val,17000,13146.716410680314,3853.283589319686
2197,val,7500,9020.96411866815,-1520.9641186681492
1858,val,17000,16306.99739248873,693.0026075112692
3841,val,9000,12552.083931921268,-3552.0839319212682
1578,val,12000,12291.28968741239,-291.2896874123908
247,val,7000,10395.418563314432,-3395.4185633144316
2170,val,15000,15584.448700358884,-584.4487003588838
3069,val,14000,7128.501334261037,6871.498665738963
1093,val,75000,74117.18108276183,882.8189172381681
808,val,60000,28586.518930229653,31413.481069770347
2837,val,150000,138833.0384515709,11166.961548429099
4061,val,13000,15300.01194111838,-2300.0119411183805
2703,val,10000,10442.229902329915,-442.2299023299147
2417,val,13000,11458.76845712347,1541.2315428765305
2590,val,20000,27034.0010948562,-7034.001094856201
4409,val,46000,74557.99644481935,-28557.99644481935
2245,val,11000,11162.319683919794,-162.31968391979353
3560,val,20000,15717.632337524616,4282.367662475384
4029,val,15000,20668.176788741224,-5668.176788741224
2409,val,7000,8087.878476146169,-1087.8784761461693
3568,val,26000,22444.414910943855,3555.585089056145
592,val,170000,159419.95610420962,10580.043895790383
1979,val,16000,13468.73236432405,2531.2676356759494
373,val,15000,16660.643461071933,-1660.6434610719334
2732,val,20000,12046.139069320388,7953.860930679612
2678,val,17000,17833.48099963352,-833.4809996335207
2751,val,13000,9617.802519184557,3382.1974808154428
1826,val,7000,8035.786519782617,-1035.7865197826168
301,val,15000,14695.202313800688,304.797686199312
2900,val,16000,20687.311730848265,-4687.311730848265
3316,val,7000,6198.8608477139605,801.1391522860395
648,val,80000,93994.27064400289,-13994.270644002885
3645,val,20000,12632.554654108366,7367.445345891634
457,val,8000,7450.322273989051,549.6777260109493
1679,val,40000,33395.100371893546,6604.899628106454
3219,val,15000,16565.859187379046,-1565.8591873790465
3030,val,34999,52157.54802449103,-17158.54802449103
3261,val,12000,11003.499634655194,996.5003653448057
1016,val,45000,50861.229925857166,-5861.229925857166
3033,val,15000,9862.408080038369,5137.591919961631
4369,val,7000,7984.591824573054,-984.5918245730536
3318,val,20000,27460.353429903134,-7460.353429903134
3662,val,13500,8727.757331291172,4772.242668708828
2830,val,12000,21061.989564011976,-9061.989564011976
4077,val,25000,14864.342056667987,10135.657943332013
1019,val,20000,21697.38277067162,-1697.3827706716183
3446,val,21000,16886.983936118657,4113.016063881343
1891,val,36000,26481.58990110016,9518.41009889984
1336,val,21000,18028.47748021074,2971.5225197892614
3927,val,12000,11263.67954552344,736.3204544765595
4703,val,60000,56470.192519187076,3529.807480812924
4522,val,9500,10223.542271446857,-723.5422714468568
2655,val,9500,10503.233651678449,-1003.233651678449
187,val,8000,11683.664103023586,-3683.664103023586
1584,val,27000,21453.72938330586,5546.270616694139
2726,val,10000,11393.679285020653,-1393.679285020653
287,val,7500,15854.718218660328,-8354.718218660328
1156,val,260000,189589.90177516124,70410.09822483876
3348,val,53000,43157.91306068092,9842.08693931908
3679,val,11000,11793.959314758382,-793.9593147583819
3740,val,36000,41354.83103314466,-5354.831033144663
1263,val,27000,36185.58442005218,-9185.584420052182
503,val,40000,36903.87609152969,3096.123908470312
1747,val,15000,12271.328498806008,2728.6715011939923
4410,val,12000,12621.867572483969,-621.8675724839686
2329,val,8500,8892.591159470867,-392.59115947086684
600,val,300000,281099.0991347345,18900.900865265517
2592,val,150000,36230.74819687694,113769.25180312306
4497,val,12500,12280.49464407238,219.50535592762026
3934,val,12000,13315.694689102764,-1315.6946891027637
675,val,21000,18899.669631700057,2100.330368299943
4724,val,5000,7850.341597559394,-2850.3415975593944
4019,val,12500,9552.544982522464,2947.455017477536
2542,val,45000,34223.3856540785,10776.614345921502
2478,val,20000,11023.161094465771,8976.838905534229
2522,val,65000,45563.3596382294,19436.640361770602
2809,val,30000,35620.461455691344,-5620.461455691344
2501,val,10000,9731.232362426008,268.76763757399203
2280,val,30000,29520.11135528076,479.8886447192417
1868,val,22500,46541.55823486325,-24041.558234863252
3422,val,7500,6165.2931370941305,1334.7068629058695
999,val,1200000,412350.71449130244,787649.2855086976
2786,val,150000,82702.8765754969,67297.1234245031
2870,val,21000,9332.507211809456,11667.492788190544
4345,val,5000,8956.190675488808,-3956.1906754888078
1837,val,17000,26531.458603802275,-9531.458603802275
4431,val,12000,13480.527172489032,-1480.5271724890317
3653,val,10000,7269.961618441743,2730.0383815582572
1317,val,80000,50079.425301674186,29920.574698325814
1456,val,140000,179484.31846383945,-39484.318463839445
2470,val,2000,9326.023096944873,-7326.023096944873
1545,val,8000,7669.525189400274,330.47481059972597
595,val,75000,80179.07681383126,-5179.076813831256
230,val,3500,6821.779297850373,-3321.779297850373
4623,val,11000,6179.697923835626,4820.302076164374
4441,val,30000,19709.48138594661,10290.518614053392
4105,val,6000,8990.1987698232,-2990.1987698232006
3024,val,13000,11376.570554915736,1623.4294450842644
2232,val,150000,165513.43446644495,-15513.434466444945
2721,val,47000,40142.3624309044,6857.637569095597
3876,val,14000,11851.475727574452,2148.5242724255477
40,val,7200,7634.955751926633,-434.95575192663273
3322,val,10000,7127.444811718026,2872.5551882819736
3781,val,27999,29345.059458519856,-1346.059458519856
1681,val,16000,15596.71002108608,403.2899789139192
3396,val,8000,8798.682513777196,-798.6825137771957
4541,val,10000,13768.21247566318,-3768.21247566318
1857,val,27000,18921.36052317125,8078.63947682875
2158,val,24000,19807.027590430047,4192.972409569953
3589,val,7000,9680.75763536778,-2680.7576353677796
3244,val,9000,8232.774591972018,767.2254080279818
4391,val,13500,13029.638522255824,470.3614777441762
824,val,48000,45979.103834807815,2020.8961651921854
55,val,7000,6366.130434277848,633.8695657221524
2267,val,10000,12034.757642456341,-2034.7576424563413
3531,val,20000,17375.565010707993,2624.4349892920072
3092,val,9000,10985.582150977089,-1985.5821509770885
2407,val,40000,20346.67929532338,19653.32070467662
3563,val,18000,18451.655824061505,-451.655824061505
1896,val,6000,10162.971688389156,-4162.971688389156
333,val,30000,18357.6317610241,11642.368238975901
32,val,6000,8036.431753783372,-2036.4317537833722
1235,val,200000,302695.8633844426,-102695.86338444258
4485,val,12000,14790.475344773953,-2790.475344773953
1991,val,23500,13470.715486888292,10029.284513111708
1367,val,55000,39821.515642065904,15178.484357934096
4638,val,8000,7594.234357935811,405.7656420641888
2347,val,10000,12688.54686108175,-2688.5468610817497
2454,val,22000,20007.16206208341,1992.837937916589
1221,val,6500,15651.701152061061,-9151.701152061061
2371,val,65000,105378.72577572725,-40378.725775727245
1893,val,9000,8242.006340946105,757.9936590538946
1126,val,50000,65801.92922186841,-15801.929221868413
2171,val,6000,8077.907552016638,-2077.907552016638
2131,val,10000,8587.040572624453,1412.9594273755465
2468,val,13000,10960.12575844214,2039.87424155786
1065,val,18000,22689.945605662284,-4689.945605662284
3634,val,19000,20274.431004008424,-1274.4310040084238
1636,val,40000,36586.3498833683,3413.650116631703
1262,val,41000,27724.801720989064,13275.198279010936
3845,val,9500,9313.481243700615,186.51875629938513
3408,val,5000,10271.105618835649,-5271.105618835649
1616,val,100000,133002.46107420922,-33002.46107420922
2729,val,5500,7781.52562349866,-2281.52562349866
2509,val,32000,24104.436776625043,7895.563223374957
1548,val,20000,27436.798036838085,-7436.798036838085
3714,val,45000,22635.751614769193,22364.248385230807
2530,val,20000,15025.429508964175,4974.570491035825
4446,val,15000,16235.200256709712,-1235.2002567097115
2972,val,10500,12504.102313743295,-2004.1023137432949
3141,val,13000,10792.399766699511,2207.600233300489
3197,val,8000,9165.527489717697,-1165.5274897176969
4647,val,16000,17760.095381558076,-1760.095381558076
1206,val,32000,31756.867132589356,243.1328674106444
4089,val,10000,13736.899053971745,-3736.899053971745
1935,val,9000,17941.260631012643,-8941.260631012643
2793,val,18500,20520.937130363327,-2020.937130363327
873,val,40000,37322.562365753525,2677.4376342464748
772,val,120000,115106.46133125134,4893.538668748661
1953,val,9500,13934.16066095814,-4434.1606609581395
3532,val,17000,15009.653912164495,1990.3460878355054
3401,val,15000,10943.504568055178,4056.4954319448225
207,val,6000,8032.216916484229,-2032.216916484229
3825,val,10000,11208.262316427454,-1208.2623164274537
20,val,7900,7384.352615888353,515.6473841116467
3556,val,9500,12134.510009928308,-2634.510009928308
952,val,59000,38220.82935747496,20779.170642525038
4215,val,40000,44428.431649137136,-4428.4316491371355
4686,val,7000,5715.943722970388,1284.056277029612
3561,val,13000,9771.076923448047,3228.9230765519533
3818,val,8500,6955.447479984731,1544.5525200152688
1666,val,50000,83034.67308401903,-33034.67308401903
1925,val,15000,13090.40806471687,1909.5919352831297
3752,val,10000,8055.546470233872,1944.4535297661278
1735,val,8000,7441.294311428236,558.7056885717639
444,val,10000,13425.76171069239,-3425.76171069239
3608,val,4000,6614.828532283923,-2614.828532283923
556,val,32000,23771.002968780973,8228.997031219027
1078,val,16000,18684.59463686102,-2684.5946368610203
75,val,12500,14648.811636720287,-2148.8116367202874
197,val,15000,17166.91616748592,-2166.9161674859206
1120,val,90100,81521.67569880035,8578.324301199653
2845,val,18000,21421.04434946644,-3421.0443494664396
10,val,25000,21153.58013627873,3846.4198637212685
4093,val,12000,11853.152384048866,146.84761595113378
181,val,50000,35063.06908207883,14936.93091792117
4404,val,12000,17304.18520011648,-5304.185200116481
1609,val,8000,8721.338399348557,-721.3383993485568
96,val,12000,18168.296019611465,-6168.296019611465
4141,val,15500,12440.451925182608,3059.5480748173923
4707,val,110000,74644.39006834228,35355.60993165772
355,val,5200,6137.691935231371,-937.6919352313707
2127,val,10000,8661.732341325544,1338.2676586744565
1740,val,6000,7246.6260895474825,-1246.6260895474825
292,val,15000,14873.575684349786,126.42431565021434
806,val,19500,61126.1026531883,-41626.1026531883
1114,val,55000,62928.38349125333,-7928.3834912533275
2389,val,90000,107883.06051448548,-17883.060514485478
2263,val,9000,9414.113823190082,-414.11382319008226
158,val,14500,15730.831890403899,-1230.8318904038988
4053,val,35000,17440.298263195426,17559.701736804574
3251,val,8000,9915.035907374697,-1915.0359073746968
3080,val,11000,10010.918460319774,989.0815396802263
2772,val,20200,24729.52366796834,-4529.52366796834
2557,val,12000,13658.941109068348,-1658.941109068348
127,val,8000,6488.538532758985,1511.4614672410153
1930,val,18000,21731.392419829346,-3731.392419829346
654,val,18000,59500.05275604541,-41500.05275604541
2505,val,35000,12272.34016186226,22727.65983813774
4186,val,20000,20373.6609553966,-373.6609553966009
1429,val,60000,35346.70126493093,24653.298735069067
4721,val,8000,10323.802481494478,-2323.8024814944783
443,val,5500,6002.937028435057,-502.9370284350571
4646,val,10000,11018.302433875651,-1018.3024338756513
2394,val,260000,165667.00946804008,94332.99053195992
1145,val,50000,27379.088233097304,22620.911766902696
4128,val,22000,17887.361489817056,4112.638510182944
1583,val,19000,17783.28240526414,1216.7175947358592
3414,val,12500,7336.876557527008,5163.123442472992
4392,val,21000,17250.174378807136,3749.8256211928638
2015,val,5000,6536.570987111572,-1536.5709871115723
978,val,40000,43743.186039046595,-3743.1860390465954
4430,val,22000,21554.189841296535,445.8101587034653
3186,val,14000,16351.783180174765,-2351.783180174765
1729,val,6500,9044.00367392823,-2544.0036739282295
275,val,30000,14742.667544519472,15257.332455480528
1113,val,70000,74160.18009452004,-4160.1800945200375
3535,val,12000,12811.11535636286,-811.1153563628595
2945,val,5000,7870.549548975279,-2870.5495489752793
117,val,7000,6231.504610756137,768.4953892438634
671,val,65000,69422.18643783653,-4422.186437836528
3315,val,7000,6184.603909969794,815.3960900302063
574,val,55000,60018.7187755232,-5018.718775523201
3406,val,7500,10155.514665116012,-2655.514665116012
3096,val,15000,44191.67941913326,-29191.67941913326
2888,val,20000,15037.485792469839,4962.514207530161
1436,val,80000,35521.81168477579,44478.18831522421
3177,val,7500,10812.684456612678,-3312.6844566126783
647,val,53000,52330.82460534297,669.1753946570316
2244,val,17000,16962.12326297598,37.87673702402026
2078,val,4000,6015.361409886479,-2015.3614098864791
1932,val,10000,13050.470343435403,-3050.4703434354033
175,val,5500,7707.678874042723,-2207.678874042723
1137,val,32000,45337.503151521436,-13337.503151521436
1356,val,74999,53314.47175878943,21684.528241210573
13,val,5500,6291.6680242346765,-791.6680242346765
915,val,10000,16598.135006209035,-6598.135006209035
3922,val,9000,16174.737222152198,-7174.737222152198
3943,val,14000,18684.61357405462,-4684.61357405462
234,val,4500,5744.5027918642445,-1244.5027918642445
1343,val,80000,187338.0638839979,-107338.06388399791
3167,val,16000,11993.271317759854,4006.7286822401456
1850,val,8900,22187.392372084374,-13287.392372084374
3122,val,12500,13133.396531185748,-633.3965311857482
3678,val,23000,22851.210155398967,148.7898446010331
236,val,4500,4352.734510329578,147.26548967042163
4191,val,9000,10478.384538990922,-1478.384538990922
1824,val,16500,23252.264718120252,-6752.264718120252
2938,val,25000,24489.867215583643,510.132784416357
3710,val,22000,17632.85074897229,4367.149251027709
4595,val,12000,9407.444728110784,2592.555271889216
2222,val,22000,38864.03244487441,-16864.032444874407
3569,val,9000,10440.220456460767,-1440.2204564607673
149,val,20000,13763.75440126085,6236.2455987391495
4020,val,25000,25021.785291958953,-21.785291958953167
4598,val,10000,7408.593668789725,2591.4063312102753
3132,val,15000,11153.115072903465,3846.8849270965347
2458,val,5500,11853.051898162063,-6353.051898162063
383,val,10000,10939.666834791791,-939.6668347917912
4185,val,16000,12898.096638607694,3101.9033613923057
4731,val,12000,12750.955245685336,-750.9552456853362
3320,val,18000,14702.334248880716,3297.6657511192843
4592,val,12000,13979.000602141488,-1979.0006021414883
3346,val,9000,11897.814443647701,-2897.8144436477014
1808,val,70000,7325.0739689686525,62674.92603103135
2013,val,25500,42497.899524163484,-16997.899524163484
3065,val,15000,16814.359376017826,-1814.3593760178264
737,val,22000,28648.3507224637,-6648.3507224637
1757,val,7000,6598.650644697724,401.3493553022763
803,val,50000,106405.99629319651,-56405.99629319651
1226,val,15000,21154.7276910417,-6154.727691041699
3879,val,11000,12390.35243578607,-1390.3524357860697
1580,val,15000,11640.267133718758,3359.7328662812415
3780,val,13000,17731.21667542203,-4731.216675422031
2353,val,22000,13944.77805267653,8055.221947323471
4247,val,8500,10039.383616798588,-1539.3836167985883
4594,val,30000,21498.228345002877,8501.771654997123
1265,val,65000,73260.36299040205,-8260.362990402049
4364,val,28000,20441.21559761937,7558.784402380628
3393,val,13000,10975.800095792541,2024.1999042074585
4166,val,14000,20214.787466745136,-6214.787466745136
118,val,3900,4602.290152503648,-702.2901525036477
725,val,600000,307529.9380255779,292470.0619744221
2129,val,13000,17426.001212104755,-4426.001212104755
1791,val,8000,8492.008640701286,-492.0086407012859
1426,val,47000,38768.19892573341,8231.801074266587
521,val,18000,15482.146471933047,2517.853528066953
3952,val,12500,13941.30173308738,-1441.3017330873809
583,val,28000,30999.92069789864,-2999.9206978986404
361,val,8000,6429.909931911377,1570.0900680886234
1602,val,15000,21826.1023265962,-6826.102326596199
3647,val,600000,12911.963940655123,587088.0360593449
4718,val,30000,31310.63628790187,-1310.6362879018707
95,val,5000,5580.865036141691,-580.8650361416912
4394,val,10000,11344.425857204298,-1344.4258572042982
956,val,40000,30260.595453233636,9739.404546766364
1894,val,18000,23389.446233067054,-5389.446233067054
1727,val,15000,12963.43718529871,2036.5628147012903
228,val,14000,14344.878089239244,-344.8780892392442
1944,val,6000,7091.437058072115,-1091.4370580721152
1402,val,32000,30514.6840900058,1485.3159099941986
1743,val,20000,15589.892905712875,4410.107094287125
2669,val,55000,37973.69711813014,17026.30288186986
4555,val,15000,17288.729201641327,-2288.7292016413267
2332,val,6000,7717.156576758238,-1717.1565767582379
1721,val,22000,34829.37714639217,-12829.377146392173
3229,val,25000,26873.95813821439,-1873.9581382143915
3692,val,8500,10622.640807964715,-2122.6408079647153
4078,val,35000,19908.9797202565,15091.020279743501
934,val,310000,303487.6223727222,6512.377627277805
3976,val,45000,19153.262835000853,25846.737164999147
4129,val,15000,12392.861553539435,2607.1384464605653
4433,val,15000,21531.59140180109,-6531.591401801092
1117,val,150000,141056.83076050805,8943.169239491952
3995,val,130000,9084.56713846023,120915.43286153977
185,val,8000,9512.063503144864,-1512.0635031448637
489,val,8000,6344.951839710027,1655.0481602899727
560,val,44000,58231.04664120844,-14231.046641208442
868,val,45000,46153.04839990556,-1153.0483999055577
2145,val,25000,12973.754218705606,12026.245781294394
1713,val,20000,18440.936221409567,1559.0637785904328
3681,val,15000,11185.54541329328,3814.454586706721
3552,val,10000,7092.3795978312055,2907.6204021687945
1902,val,8000,18248.50432259924,-10248.504322599241
2388,val,9000,9518.923670623542,-518.9236706235424
3108,val,15000,9599.767676001085,5400.232323998915
3745,val,8500,17040.430515195694,-8540.430515195694
130,val,4500,6268.624780417076,-1768.6247804170762
2559,val,10000,15770.900405509969,-5770.900405509969
3230,val,9000,11595.060644532834,-2595.060644532834
4550,val,21000,15752.957707282052,5247.042292717948
2138,val,5000,5655.448430281198,-655.448430281198
1752,val,16000,23164.986494524095,-7164.986494524095
3345,val,20000,26179.660411066434,-6179.660411066434
1931,val,120000,159311.29068363493,-39311.29068363493
1573,val,10500,12764.934406071654,-2264.934406071654
171,val,9000,9056.43781300295,-56.43781300295086
3027,val,12000,7068.317418656571,4931.682581343429
1637,val,10000,13801.160738587054,-3801.160738587054
2848,val,350000,65328.41322022741,284671.5867797726
3821,val,19000,14184.83894223435,4815.16105776565
2753,val,18000,13480.96045739771,4519.03954260229
3727,val,25000,17669.71170548901,7330.288294510989
4427,val,10000,8735.661508404992,1264.3384915950082
3737,val,3500,5011.386575572703,-1511.386575572703
3302,val,10000,16705.887048757308,-6705.887048757308
3557,val,18000,18237.114836193607,-237.1148361936066
2835,val,18000,18666.06865433436,-666.0686543343618
1381,val,45000,58982.66948752105,-13982.669487521052
534,val,32000,33022.74296206232,-1022.7429620623225
3086,val,10000,10008.70655778347,-8.70655778346918
1910,val,12000,22738.697729536543,-10738.697729536543
4333,val,10000,18366.982216054297,-8366.982216054297
2043,val,21000,24290.78879643459,-3290.78879643459
3303,val,20000,14465.37541727752,5534.624582722479
1214,val,40000,25722.432527045294,14277.567472954706
374,val,6200,7968.667863342758,-1768.6678633427582
1055,val,35000,20223.487626816135,14776.512373183865
3255,val,20000,26450.30108532472,-6450.3010853247215
1907,val,11000,7099.213796314628,3900.786203685372
100,val,22000,37144.52548115343,-15144.525481153432
3201,val,60000,44520.97999256805,15479.020007431951
2425,val,18000,13301.752805436927,4698.247194563073
255,val,5300,7412.773430785147,-2112.773430785147
1798,val,30000,69509.28252704958,-39509.28252704958
3961,val,7000,9235.03009114224,-2235.03009114224
828,val,130000,138268.4887099374,-8268.488709937403
1610,val,7500,8004.015767678671,-504.0157676786712
1647,val,8500,13477.026200780578,-4977.026200780578
1672,val,18000,14985.954313750724,3014.0456862492756
1726,val,7000,6313.48517291415,686.5148270858499
4450,val,30000,23505.97535712446,6494.024642875542
606,val,170000,161878.23046168467,8121.769538315333
2969,val,9000,7080.041908863157,1919.958091136843
1632,val,20000,7324.427921550817,12675.572078449182
2882,val,15000,12927.185987253397,2072.814012746603
4203,val,7000,8980.404721343173,-1980.4047213431732
4666,val,15000,22378.564070673558,-7378.564070673558
1209,val,80000,73789.53932594041,6210.460674059592
3282,val,16500,24280.43520613792,-7780.435206137921
3911,val,12000,18050.293786625607,-6050.293786625607
3482,val,13000,15487.756417447183,-2487.7564174471827
2074,val,11500,9025.430752076838,2474.569247923162
1835,val,16000,17795.80783956632,-1795.8078395663215
4299,val,15500,19217.230486657245,-3717.230486657245
1123,val,80000,32366.885526661317,47633.11447333868
3306,val,11000,9471.334236721395,1528.6657632786046
2240,val,13500,10521.240378416174,2978.7596215838257
1178,val,57000,45402.380211351534,11597.619788648466
1314,val,14500,18754.875143337234,-4254.8751433372345
1981,val,75000,85365.58990770024,-10365.58990770024
4124,val,10000,9344.408690946155,655.5913090538452
3754,val,7000,12364.461979627673,-5364.461979627673
70,val,7500,6027.873027919072,1472.1269720809278
1918,val,6000,10745.598239322355,-4745.598239322355
896,val,180000,192071.25978537765,-12071.259785377653
3430,val,14000,12511.077183578178,1488.922816421822
1157,val,300000,301155.5478064404,-1155.547806440387
4202,val,13000,10708.465128306452,2291.5348716935478
3684,val,11000,8314.518684250012,2685.4813157499884
4161,val,9500,9698.208064985005,-198.20806498500497
577,val,85000,42125.199256863736,42874.800743136264
3503,val,17000,14782.802069423136,2217.1979305768637
690,val,18000,18595.741763583264,-595.7417635832644
2962,val,17000,12733.337629168167,4266.662370831833
3412,val,30000,20243.012881307593,9756.987118692407
2741,val,30000,22386.861125123756,7613.138874876244
416,val,6500,7804.7355986423645,-1304.7355986423645
555,val,190000,260073.22691567338,-70073.22691567338
3131,val,22000,14616.929017797856,7383.070982202144
3667,val,20000,13663.213435025851,6336.786564974149
1013,val,35000,35935.59789825405,-935.5978982540473
2979,val,6500,12911.248097439377,-6411.248097439377
4521,val,55000,51796.222923125046,3203.777076874954
1422,val,70000,35048.08907553703,34951.91092446297
4537,val,67000,54092.93331373716,12907.066686262842
3581,val,13000,11864.556820548172,1135.4431794518277
4090,val,12000,9033.894067787018,2966.105932212982
1657,val,6900,6911.201911515818,-11.20191151581821
71,val,16000,13032.367866449387,2967.6321335506127
4336,val,15000,30236.226949186967,-15236.226949186967
3580,val,6000,7673.69942707386,-1673.6994270738596
1101,val,33000,22877.546211489705,10122.453788510295
3512,val,7500,6427.224873103036,1072.7751268969641
1802,val,30000,39274.1494101172,-9274.1494101172
481,val,10000,7802.091784053952,2197.9082159460477
3923,val,12000,10511.441481392632,1488.5585186073677
1368,val,15000,22224.318303670316,-7224.318303670316
1970,val,30000,30106.161548552765,-106.16154855276545
2028,val,10500,12553.825667656532,-2053.8256676565325
1393,val,60000,65994.40107379228,-5994.40107379228
4527,val,22000,21236.55419290846,763.4458070915389
2827,val,18000,24412.419975134835,-6412.419975134835
3623,val,17000,11941.032308525404,5058.967691474596
2374,val,11000,13008.215224434782,-2008.2152244347817
1460,val,17000,21553.214925012013,-4553.214925012013
4612,val,11000,13381.440221404133,-2381.440221404133
4009,test,38000,40113.35325521702,-2113.353255217022
3431,test,18000,14508.727457832128,3491.2725421678715
3613,test,100000,147396.4035055426,-47396.40350554261
1455,test,700000,436950.21875741554,263049.78124258446
4349,test,15500,13089.901040125296,2410.0989598747037
1004,test,35000,18310.927821594607,16689.072178405393
3898,test,9000,10815.203773352894,-1815.2037733528941
2060,test,25000,35983.66306692225,-10983.66306692225
3677,test,11000,9696.693827177922,1303.3061728220782
3204,test,23999,17631.990536013167,6367.009463986833
608,test,41000,48676.805148030704,-7676.805148030704
1098,test,53000,80485.0174266015,-27485.017426601495
3165,test,7500,9004.045920751123,-1504.045920751123
3819,test,10000,14688.403177732587,-4688.403177732587
435,test,5500,7442.892265781222,-1942.8922657812218
848,test,50000,21215.75051866472,28784.24948133528
531,test,22000,26240.182719583987,-4240.182719583987
3153,test,15000,8413.8328111505,6586.1671888495
4712,test,5500,4953.60595211733,546.3940478826698
4101,test,12000,19940.264602965923,-7940.264602965923
3082,test,15000,30593.144325895173,-15593.144325895173
2896,test,25000,16693.987806196423,8306.012193803577
145,test,7000,12603.811419323114,-5603.811419323114
2025,test,35000,19286.460808038086,15713.539191961914
700,test,120000,96445.49677640121,23554.50322359879
2794,test,8500,11306.762737793642,-2806.7627377936424
2327,test,42000,28439.30413055703,13560.69586944297
632,test,65000,63287.51754504254,1712.4824549574623
150,test,7000,8138.397991903964,-1138.3979919039639
3152,test,5700,6403.538765332156,-703.5387653321559
3026,test,8900,6209.059808927761,2690.940191072239
3805,test,10000,10084.418131309796,-84.41813130979608
2441,test,16500,15444.915426955222,1055.0845730447782
694,test,26000,20998.78173128361,5001.218268716391
1814,test,11000,16095.247493813276,-5095.247493813276
2062,test,11000,13064.686959278692,-2064.6869592786916
928,test,110000,77280.3582846454,32719.641715354606
485,test,7000,9530.430051237947,-2530.430051237947
2290,test,5000,6413.253933804184,-1413.2539338041843
1043,test,130000,67101.79952189545,62898.200478104554
2614,test,16000,9432.378464259957,6567.621535740043
3889,test,22000,18191.415141363665,3808.5848586363354
2763,test,35000,40026.91210809283,-5026.912108092831
3555,test,5000,6235.653765888328,-1235.653765888328
3811,test,32000,34912.84842700452,-2912.848427004523
959,test,24000,16372.192670385899,7627.807329614101
279,test,4500,8966.240643500618,-4466.240643500618
1360,test,32000,24622.589721024236,7377.4102789757635
4381,test,10000,15123.412809440593,-5123.412809440593
676,test,20000,19377.167338043204,622.8326619567961
735,test,55000,57202.07286783704,-2202.0728678370433
2042,test,7000,9637.50046544261,-2637.50046544261
2550,test,5000,8465.55955663127,-3465.5595566312695
4606,test,25000,21956.12272773479,3043.87727226521
2359,test,5000,7727.634071178132,-2727.634071178132
627,test,40000,36855.59472905591,3144.4052709440875
3652,test,7000,7555.216724168372,-555.2167241683719
31,test,15000,15406.366408909087,-406.3664089090871
4091,test,5300,6784.516832679937,-1484.5168326799367
2321,test,4000,10856.225457443545,-6856.225457443545
3439,test,15000,11417.410453496863,3582.589546503137
1942,test,12000,11561.29650503791,438.7034949620902
1575,test,32000,19890.844326907638,12109.155673092362
2890,test,15000,12030.109890038528,2969.8901099614723
3134,test,5000,5032.062242467256,-32.0622424672556
2219,test,10000,7876.547507403126,2123.4524925968744
887,test,230000,210958.18391924544,19041.816080754565
672,test,160000,69167.50475879283,90832.49524120717
2272,test,17000,18006.031071666803,-1006.0310716668027
422,test,12000,7800.521132057545,4199.478867942455
1318,test,55000,46708.71584362636,8291.284156373637
1331,test,55000,55322.70745361898,-322.707453618983
174,test,9000,14170.170075258971,-5170.170075258971
182,test,12000,18432.155165126722,-6432.155165126722
2940,test,24500,25011.355970436034,-511.3559704360341
2183,test,90000,14798.575467077342,75201.42453292265
502,test,3700,7122.079553602155,-3422.079553602155
2426,test,11500,10224.604052039662,1275.3959479603382
4365,test,57000,47952.63857797714,9047.361422022863
1060,test,35000,43396.65491532065,-8396.65491532065
184,test,12000,15980.34499992406,-3980.34499992406
3166,test,30000,31925.203996870896,-1925.203996870896
714,test,32000,33830.35692857875,-1830.3569285787526
2663,test,37000,41158.665380511266,-4158.6653805112655
4604,test,15000,16742.71007411635,-1742.7100741163486
571,test,57000,61213.930636763325,-4213.930636763325
587,test,32000,28521.22154928828,3478.7784507117212
272,test,6000,4997.2633801123275,1002.7366198876725
4507,test,16000,12910.267644124673,3089.732355875327
203,test,5000,6789.593111266114,-1789.5931112661137
2436,test,90000,68493.19443047339,21506.80556952661
3772,test,14000,10481.656348221954,3518.3436517780465
1349,test,78000,77753.73207652658,246.26792347342416
243,test,7000,12396.14642410069,-5396.146424100691
3809,test,18500,19040.77154733989,-540.7715473398894
155,test,10000,9564.63333149771,435.36666850229085
3164,test,15000,17364.02041981033,-2364.020419810331
590,test,150000,142368.04473026196,7631.955269738042
4657,test,9000,6602.402730483511,2397.597269516489
805,test,42000,20957.50284261224,21042.49715738776
1913,test,6000,6988.717869924784,-988.7178699247843
1627,test,20000,23687.718728844695,-3687.718728844695
4210,test,15000,17923.91260800577,-2923.9126080057686
1321,test,90000,71387.79243750317,18612.207562496827
2393,test,20000,7447.868162178771,12552.131837821229
3021,test,14000,13633.058911824446,366.9410881755539
4140,test,17000,14326.701106354034,2673.298893645966
3355,test,10000,5469.032126555085,4530.967873444915
2438,test,25000,17544.79105655983,7455.208943440171
1044,test,40000,50415.88324828317,-10415.883248283171
2484,test,8500,8953.913265617852,-453.9132656178517
1020,test,75000,83482.86567020818,-8482.865670208179
4403,test,8500,10000.659938497234,-1500.6599384972342
3382,test,8500,7910.29495774265,589.7050422573502
2186,test,22000,21308.91262646591,691.0873735340901
4609,test,7500,6392.145087170198,1107.8549128298018
1173,test,60000,41773.490568357025,18226.509431642975
4423,test,10000,9795.899195118964,204.1008048810363
93,test,6000,5016.767146008794,983.232853991206
3148,test,18000,17384.56163758273,615.4383624172697
1352,test,90000,62590.85585311913,27409.14414688087
1011,test,26000,35330.874656720196,-9330.874656720196
266,test,6000,11030.10368448944,-5030.103684489441
1242,test,35000,35939.369026350236,-939.3690263502358
363,test,5000,6545.616700154574,-1545.6167001545737
3597,test,14500,17694.311224911344,-3194.3112249113437
4097,test,22000,21746.760251077943,253.2397489220566
4459,test,10000,11088.987588268836,-1088.9875882688357
2356,test,24000,26546.339820096066,-2546.3398200960655
2589,test,100000,54304.86447624246,45695.13552375754
3123,test,90000,83407.61876956538,6592.381230434621
3600,test,9000,10549.742364729069,-1549.7423647290689
2791,test,14000,14884.886679894707,-884.8866798947074
579,test,80000,53167.42241116628,26832.577588833723
1138,test,17000,16803.860836905187,196.13916309481283
1154,test,95000,105097.98634387951,-10097.986343879515
701,test,400000,266819.76725597377,133180.23274402623
669,test,65000,63567.40457910604,1432.5954208939584
3252,test,13500,13863.813483628064,-363.8134836280642
1001,test,45000,42363.15247407182,2636.8475259281768
1322,test,43000,55806.08890637059,-12806.08890637059
618,test,80000,74971.74942816429,5028.250571835713
1867,test,8500,10464.841952384983,-1964.8419523849825
4027,test,15000,10293.977126571,4706.022873428999
3615,test,7500,7092.206898827865,407.7931011721348
3813,test,7000,8696.021215871076,-1696.0212158710765
4496,test,10000,10538.605497168463,-538.6054971684625
767,test,130000,154548.8475929887,-24548.84759298869
3403,test,10000,12449.252104726085,-2449.2521047260852
4549,test,11000,13719.206659753401,-2719.2066597534013
2847,test,17000,15077.73284113316,1922.26715886684
4479,test,15000,12987.127032348453,2012.8729676515468
4209,test,26000,32506.837537229258,-6506.837537229258
629,test,38000,38741.66709111172,-741.667091111718
4322,test,7500,11234.95246290195,-3734.9524629019506
2391,test,12000,9617.802519184557,2382.1974808154428
304,test,8000,7591.026099294574,408.9739007054259
3260,test,25000,22814.539013373742,2185.460986626258
4560,test,13000,8970.501254690997,4029.4987453090034
2916,test,17500,14989.529461931148,2510.470538068852
3063,test,11000,12742.787225211823,-1742.7872252118232
3642,test,13000,10465.947909438028,2534.0520905619724
1140,test,290000,146641.27516078824,143358.72483921176
4204,test,12000,20160.642598205097,-8160.642598205097
3214,test,25000,9816.266359367448,15183.733640632552
2279,test,11500,6964.089683702304,4535.910316297696
4217,test,8500,8199.595253403013,300.404746596987
2654,test,16000,13290.355763393663,2709.6442366063366
3240,test,16000,10910.588017997085,5089.4119820029155
252,test,10000,14917.01390341168,-4917.01390341168
970,test,51500,104193.7464862037,-52693.7464862037
3743,test,10000,13324.699793259337,-3324.6997932593367
3124,test,14000,10766.375975892313,3233.6240241076866
448,test,5200,4009.7353992228586,1190.2646007771414
173,test,18000,9674.858685496829,8325.141314503171
3874,test,48000,35140.07340154823,12859.92659845177
132,test,16000,10740.44423978953,5259.555760210471
1369,test,22000,32515.568425302892,-10515.568425302892
707,test,60000,69114.04899238954,-9114.048992389537
3755,test,6500,6703.625081977238,-203.62508197723764
683,test,47000,42738.00350778408,4261.99649221592
986,test,150000,223808.07297783214,-73808.07297783214
3827,test,35000,31360.195910902246,3639.8040890977536
4434,test,6500,6330.382894096692,169.61710590330767
3107,test,15000,12352.903540172265,2647.096459827735
729,test,23000,25500.535376168795,-2500.5353761687948
4382,test,18000,18115.050994991198,-115.05099499119751
691,test,7500,19597.335710296127,-12097.335710296127
899,test,36000,39456.783806382045,-3456.7838063820454
1282,test,25000,30573.87113660704,-5573.871136607038
3621,test,15000,13554.528948502826,1445.471051497174
2963,test,15000,27125.145255757427,-12125.145255757427
773,test,40000,17730.47254269893,22269.52745730107
2318,test,20000,20928.787273268234,-928.7872732682335
2372,test,18000,19919.62087860632,-1919.6208786063216
3830,test,35000,52602.9075760236,-17602.9075760236
1901,test,20000,16941.918139095527,3058.0818609044727
3078,test,10000,9036.216415865365,963.783584134635
4075,test,6500,6719.054353168036,-219.05435316803596
778,test,25000,25977.94645469013,-977.946454690129
2001,test,19000,13872.546421922765,5127.453578077235
2653,test,17000,22744.614616545397,-5744.614616545397
103,test,25000,21376.680171045024,3623.3198289549764
3105,test,16000,13811.689965754513,2188.3100342454873
1087,test,65000,41639.98220725725,23360.01779274275
1997,test,10000,11288.394845664625,-1288.3948456646249
3887,test,10000,9232.212434491039,767.787565508961
1706,test,12000,11227.744681285945,772.2553187140547
3487,test,17000,17705.34167546952,-705.3416754695209
3707,test,22000,27290.567936388532,-5290.567936388532
17,test,10000,8191.119822018052,1808.8801779819478
564,test,43000,87217.77630468043,-44217.77630468043
2838,test,75000,101155.91618099727,-26155.916180997272
763,test,80000,75244.62955153325,4755.370448466754
2088,test,16000,15635.09619056056,364.90380943944
3640,test,16000,14343.851027829163,1656.1489721708367
3695,test,7000,7229.144031642839,-229.14403164283885
1585,test,48000,64295.71038184634,-16295.710381846337
3644,test,15000,18562.771666598754,-3562.7716665987537
1034,test,75000,81246.29224105872,-6246.29224105872
4603,test,17000,15968.504768169396,1031.495231830604
4037,test,18000,19493.659352615196,-1493.6593526151955
3753,test,37500,43700.26249448297,-6200.262494482973
851,test,8000,58846.71807847538,-50846.71807847538
366,test,8000,11706.7618484613,-3706.7618484612995
239,test,5000,5299.819554997779,-299.81955499777905
412,test,36125,24810.240742846738,11314.759257153262
56,test,6000,9046.242265179275,-3046.242265179275
607,test,20000,55301.57531337416,-35301.57531337416
3726,test,9500,12076.369847621943,-2576.3698476219433
4593,test,8000,11387.586263640767,-3387.5862636407674
1493,test,10500,14114.718517798885,-3614.718517798885
2659,test,29000,45880.18457973112,-16880.184579731118
1474,test,38000,46015.6568543242,-8015.656854324203
176,test,7500,7968.667863342773,-468.66786334277276
3018,test,18000,14323.40977036088,3676.5902296391196
2452,test,12000,8130.257655438278,3869.7423445617223
3538,test,15000,11312.902746523421,3687.0972534765788
2414,test,9000,14996.972491070066,-5996.972491070066
932,test,70000,64267.49032376713,5732.5096762328685
1694,test,17000,16116.385678636745,883.6143213632549
1663,test,18000,12052.13685517283,5947.86314482717
526,test,75000,65026.198583191304,9973.801416808696
4197,test,12000,13172.51275196287,-1172.5127519628695
2701,test,22000,26725.210256748087,-4725.210256748087
2345,test,18000,18032.633664980487,-32.63366498048708
2471,test,28000,17289.228518346434,10710.771481653566
1253,test,63000,69093.32528102172,-6093.325281021724
4095,test,20000,25013.299069301633,-5013.299069301633
65,test,8000,9791.685038441194,-1791.6850384411937
2865,test,32000,24133.605583082655,7866.394416917345
2149,test,15000,7130.254954619978,7869.745045380022
1765,test,10000,12917.214650630329,-2917.214650630329
3939,test,9000,13041.354607666903,-4041.3546076669027
4200,test,32000,37828.428453539695,-5828.428453539695
4629,test,8000,8305.720211257158,-305.72021125715764
4031,test,8500,11438.220142339316,-2938.220142339316
186,test,18000,9695.407625121961,8304.592374878039
1568,test,4000,6905.1492447495275,-2905.1492447495275
4010,test,20000,24118.248085671537,-4118.248085671537
1064,test,28000,33114.416103187825,-5114.416103187825
990,test,150000,131262.05981802027,18737.940181979735
573,test,57000,38982.57617143744,18017.42382856256
2876,test,10000,5929.393842031609,4070.606157968391
2706,test,18000,13729.475047683607,4270.524952316393
3418,test,45000,71001.79035999965,-26001.79035999965
2946,test,5000,10443.805630003446,-5443.805630003446
1763,test,11000,7082.058409263109,3917.941590736891
106,test,14000,9899.43673181257,4100.56326818743
3859,test,75000,32003.24827046067,42996.75172953933
248,test,3200,11724.772367528947,-8524.772367528947
796,test,35000,36364.363697791065,-1364.3636977910646
4655,test,13000,14859.699875608852,-1859.6998756088524
3103,test,50000,50731.24183762775,-731.2418376277492
4261,test,6500,9857.723526650383,-3357.723526650383
4252,test,20000,16062.751813769799,3937.248186230201
3070,test,15000,16459.52406055877,-1459.5240605587715
3971,test,20000,15981.966912320193,4018.033087679807
356,test,13000,14900.744691567083,-1900.7446915670826
4402,test,22000,22220.89091294613,-220.89091294613172
3909,test,8000,11382.657739761242,-3382.657739761242
4451,test,6500,6995.072340578503,-495.0723405785029
517,test,45000,15097.192763914483,29902.807236085515
2080,test,24000,18634.36197276177,5365.63802723823
1274,test,85000,63638.225633466456,21361.774366533544
3626,test,10500,11631.907931799815,-1131.9079317998148
1006,test,15000,18175.634452165406,-3175.6344521654064
4223,test,55000,51056.49856344948,3943.5014365505194
609,test,65000,56527.23385440442,8472.766145595582
1780,test,30000,20173.79740097424,9826.20259902576
3159,test,8000,12275.371639482788,-4275.371639482788
2834,test,68000,40863.38682755705,27136.61317244295
1756,test,14000,20908.50220015241,-6908.5022001524085
2102,test,15000,13398.470262819184,1601.5297371808156
2839,test,110000,123930.4830210225,-13930.483021022505
2014,test,6000,5849.099229914521,150.90077008547905
1022,test,140000,78690.24827379233,61309.75172620767
269,test,8000,10800.668261818468,-2800.6682618184677
1254,test,7500,16957.685068569186,-9457.685068569186
2179,test,13500,17079.17720453702,-3579.17720453702
2570,test,12000,13194.158146862357,-1194.1581468623572
148,test,5500,7845.558706926218,-2345.5587069262183
696,test,40000,50075.521268645716,-10075.521268645716
4119,test,9000,11160.769482154426,-2160.7694821544264
4286,test,10000,9600.045095217663,399.9549047823366
4267,test,20000,17775.53219088613,2224.4678091138703
2514,test,7000,7564.791912742565,-564.7919127425648
1119,test,300000,298593.8304321515,1406.1695678484975
41,test,12000,18148.70815894669,-6148.708158946691
3104,test,8000,6886.968252636825,1113.0317473631749
3590,test,22000,12977.662044584975,9022.337955415025
316,test,8000,6896.4815425256365,1103.5184574743635
1053,test,14000,24317.944702677636,-10317.944702677636
886,test,17000,40247.19476327458,-23247.19476327458
2334,test,54000,72453.07851958666,-18453.078519586663
4343,test,8500,13163.871371083196,-4663.871371083196
4465,test,45000,47934.75942394605,-2934.7594239460523
1702,test,16000,13202.669873540663,2797.3301264593374
3990,test,14000,15456.173427784932,-1456.1734277849318
539,test,85000,69984.21018077491,15015.789819225087
340,test,8500,12464.151000637728,-3964.1510006377284
477,test,22000,16546.89346088168,5453.106539118318
3099,test,6800,7031.933727863865,-231.933727863865
3185,test,12000,7066.058918421687,4933.941081578313
1875,test,7000,6593.995285736204,406.0047142637959
2204,test,8000,11152.993791561283,-3152.9937915612827
1327,test,34999,33003.65237037203,1995.3476296279696
1550,test,30000,17838.350542468554,12161.649457531446
946,test,11000,16819.935903879003,-5819.935903879003
3881,test,7500,10930.3353207622,-3430.3353207622004
1714,test,380000,138779.90255458796,241220.09744541204
1359,test,22000,18298.32330878376,3701.6766912162384
267,test,15000,8452.730591206224,6547.269408793776
4046,test,22000,27322.571369218393,-5322.571369218393
2495,test,7500,7307.258103141404,192.7418968585962
3587,test,7000,12207.012207523265,-5207.012207523265
1264,test,53000,19602.708873965363,33397.29112603464
0,test,10000,11094.927862594248,-1094.927862594248
1885,test,17000,14350.690436669294,2649.3095633307057
2365,test,10000,13791.526178452215,-3791.5261784522154
3407,test,14000,13632.424302184176,367.57569781582424
4011,test,15000,20633.54650388343,-5633.54650388343
2527,test,12000,15451.01945849769,-3451.0194584976907
1071,test,24000,21488.392936149914,2511.607063850086
4236,test,13000,11975.213361245002,1024.7866387549984
2995,test,40000,24115.082226146365,15884.917773853635
57,test,6000,13259.715537108797,-7259.715537108797
1524,test,16000,12038.71903804399,3961.2809619560103
4332,test,21000,20295.84751007537,704.1524899246288
1434,test,250000,268641.0434634526,-18641.043463452603
2686,test,33000,20117.282920085487,12882.717079914513
1675,test,25000,17597.32669091117,7402.67330908883
3550,test,10000,13083.739050691565,-3083.7390506915654
3899,test,35000,25968.292352559005,9031.707647440995
225,test,3500,7756.717147267253,-4256.717147267253
3736,test,10000,28615.338784647174,-18615.338784647174
2258,test,15000,10789.166471376564,4210.833528623436
4222,test,10000,12657.118485435409,-2657.1184854354087
2083,test,62000,35093.96451043661,26906.035489563386
3628,test,10000,15277.274950227393,-5277.274950227393
3465,test,12000,11103.141078592686,896.8589214073145
3424,test,7000,8160.371307650014,-1160.3713076500144
1479,test,50000,22798.213961333462,27201.786038666538
3703,test,12500,11921.502966716247,578.4970332837529
2482,test,36000,28279.13593487077,7720.86406512923
2440,test,12000,13339.435247466738,-1339.4352474667376
2673,test,5000,9208.392681984687,-4208.392681984687
1005,test,60000,40744.733209209604,19255.266790790396
699,test,140000,70854.31835470843,69145.68164529157
3650,test,30000,33599.82543436171,-3599.825434361708
3290,test,13000,11119.589063499892,1880.4109365001077
1073,test,70000,73796.88318399657,-3796.8831839965715
2640,test,13000,21235.58798815472,-8235.587988154719
3001,test,20000,12803.60721061136,7196.392789388639
4498,test,15000,13990.092103368863,1009.9078966311372
3000,test,11000,10290.32292956058,709.6770704394203
1535,test,10000,10456.705276615581,-456.70527661558117
424,test,9000,17692.709233755715,-8692.709233755715
3693,test,100000,85340.36168694137,14659.638313058633
1255,test,30000,17476.226346946027,12523.773653053973
2774,test,21000,16328.223691883131,4671.776308116869
4532,test,19000,20101.91411281518,-1101.9141128151787
3319,test,14000,11413.272514705504,2586.7274852944956
1358,test,45000,34031.83059996988,10968.169400030121
1058,test,11000,25056.64821938519,-14056.648219385192
3985,test,10000,9277.367349206284,722.6326507937156
2434,test,50000,39839.02361764365,10160.976382356348
588,test,350000,456299.1108497219,-106299.11084972188
3071,test,21000,22390.894747321756,-1390.8947473217559
1977,test,5000,8151.843482910005,-3151.843482910005
1665,test,14000,9636.474415383644,4363.525584616356
4696,test,6000,9382.358895053441,-3382.3588950534413
3614,test,14000,13367.35245538282,632.6475446171808
35,test,15000,9565.841118611657,5434.158881388343
3843,test,12000,11851.382153655539,148.6178463444612
2421,test,29000,14880.22151863836,14119.77848136164
2233,test,9000,7080.932654927668,1919.0673450723316
4624,test,6000,6801.974686873176,-801.9746868731763
112,test,20000,6924.200156246211,13075.79984375379
3937,test,5000,5472.569271393218,-472.5692713932176
2526,test,11000,10203.689481614281,796.3105183857188
594,test,210000,156498.27251924196,53501.72748075804
877,test,48000,29515.787993138994,18484.212006861006
2904,test,3500,6707.28377652765,-3207.28377652765
1611,test,9500,10544.029019564752,-1044.0290195647522
2569,test,70000,40918.10557772216,29081.894422277837
3470,test,12000,14776.721192425199,-2776.7211924251988
2917,test,14500,32756.380603972953,-18256.380603972953
4082,test,8500,8698.189883062572,-198.18988306257233
3045,test,33000,20752.61568659767,12247.38431340233
3766,test,11500,9771.07692344803,1728.9230765519696
4107,test,15000,10070.701307110878,4929.298692889122
1911,test,21500,22125.184548934696,-625.1845489346961
4355,test,20000,19707.161372562114,292.8386274378863
979,test,45000,66599.3967666895,-21599.396766689504
1513,test,25000,13286.390730894254,11713.609269105746
2109,test,10000,6942.968831155813,3057.031168844187
4436,test,12000,12136.470599808858,-136.47059980885751
1820,test,55000,62666.82977911502,-7666.829779115018
126,test,8000,8456.33679140398,-456.3367914039809
4544,test,17000,23590.661227574794,-6590.661227574794
807,test,90000,143800.5082697167,-53800.508269716694
2325,test,8500,7997.215223850612,502.78477614938765
3206,test,16000,15081.439128404896,918.5608715951039
2349,test,4500,7086.523982352786,-2586.5239823527863
491,test,13000,11549.204655141433,1450.7953448585668
3618,test,16500,11669.641715392243,4830.358284607757
1445,test,230000,272338.0010255256,-42338.00102552562
2587,test,32000,28955.763649879274,3044.2363501207255
1109,test,250000,278513.33808107325,-28513.33808107325
1778,test,6000,6964.01434833766,-964.0143483376596
2403,test,14000,19807.262727711783,-5807.262727711783
1017,test,250000,198807.95857280373,51192.041427196265
2957,test,12500,12822.492639854734,-322.4926398547341
2988,test,10500,13448.26899865667,-2948.2689986566693
4062,test,22000,40058.890165724486,-18058.890165724486
3272,test,35000,26932.457834530316,8067.542165469684
3335,test,22000,21415.11576947712,584.8842305228791
2486,test,7500,7207.972717664954,292.02728233504604
3003,test,22000,49664.18165551248,-27664.181655512482
7,test,5000,6087.5522760130825,-1087.5522760130825
4508,test,7500,10398.303829677705,-2898.303829677705
4630,test,15000,11836.467165617345,3163.532834382655
3417,test,12000,11103.074019588053,896.9259804119465
3979,test,40000,22138.212746373807,17861.787253626193
4196,test,9500,9500.459803539477,-0.45980353947743424
3546,test,10500,11022.396647942596,-522.3966479425962
3215,test,12000,11956.46318492152,43.536815078479776
4117,test,50000,53486.88880359448,-3486.8888035944765
3861,test,10000,19942.56093866192,-9942.560938661922
1581,test,11400,18495.51135688425,-7095.51135688425
3351,test,16000,16310.977252112507,-310.9772521125069
4002,test,35000,39444.800066916076,-4444.800066916076
1229,test,62000,37050.23067534902,24949.76932465098
4178,test,9500,11044.377973584387,-1544.3779735843873
4158,test,22000,15114.496488254996,6885.503511745004
771,test,60000,44653.109894553665,15346.890105446335
945,test,28000,23632.41325015512,4367.586749844879
4570,test,13000,8798.554773803653,4201.445226196347
655,test,75000,73559.47040336812,1440.5295966318808
3094,test,12000,11267.011009742204,732.9889902577961
89,test,8500,10385.066774104927,-1885.0667741049274
2680,test,30000,24941.702757149906,5058.297242850094
1595,test,16000,8436.493799911526,7563.506200088474
3732,test,10000,16679.899595848667,-6679.899595848667
4323,test,13000,10389.10520060588,2610.89479939412
4173,test,20000,18223.399732156922,1776.6002678430777
941,test,22000,17019.185808096634,4980.814191903366
3829,test,32000,22333.05384810339,9666.946151896609
889,test,8500,17334.067912200793,-8834.067912200793
2730,test,14000,8805.543386915027,5194.456613084973
1413,test,85000,129329.61344729511,-44329.61344729511
4553,test,6500,6778.505357710581,-278.50535771058094
2544,test,40000,37196.85384188878,2803.1461581112235
1556,test,16000,14965.090308839566,1034.9096911604338
1495,test,17000,17049.66814275248,-49.6681427524818
164,test,40000,18157.120286458085,21842.879713541915
1829,test,18000,9258.942609630596,8741.057390369404
1159,test,40000,41375.966408801745,-1375.9664088017453
2215,test,48000,38336.39338902447,9663.606610975527
3334,test,9500,13332.894434154554,-3832.894434154554
3062,test,12500,8841.500029083532,3658.4999709164676
190,test,13000,11513.043892750075,1486.9561072499255
4297,test,8000,6406.246333793207,1593.7536662067932
4220,test,14000,11166.029575040686,2833.970424959314
4491,test,10500,10968.890716695721,-468.8907166957215
3957,test,6000,8737.623815594383,-2737.623815594383
4146,test,9000,9929.647492680224,-929.6474926802239
33,test,5000,8902.218022148869,-3902.218022148869
3270,test,16000,14079.350080802458,1920.6499191975417
1972,test,15000,12391.933645460653,2608.0663545393472
3738,test,8000,11233.469932039416,-3233.4699320394157
2442,test,4500,5727.869837514517,-1227.8698375145168
1175,test,35000,30908.200997360163,4091.7990026398365
914,test,27000,24806.36929904544,2193.63070095456
2192,test,7500,8370.446049746834,-870.4460497468335
1220,test,46000,44040.4054012466,1959.5945987533996
4341,test,60000,56030.64174249279,3969.358257507207
4356,test,12500,12291.790060844885,208.20993915511463
2682,test,13000,19489.697774182074,-6489.697774182074
1724,test,10500,10653.767912720734,-153.76791272073388
2650,test,190000,85145.18103270905,104854.81896729095
151,test,3500,5858.786043641739,-2358.7860436417386
420,test,10000,6387.141132121332,3612.858867878668
4518,test,9000,9491.16750175235,-491.1675017523503
1874,test,15000,11289.19758812312,3710.802411876881
136,test,5000,6301.021433980788,-1301.021433980788
3853,test,5000,6495.823564777521,-1495.823564777521
3435,test,90000,68759.59915236768,21240.40084763232
3357,test,15000,10450.783243318152,4549.216756681848
3038,test,35000,23871.033239856628,11128.966760143372
4008,test,15000,17127.784289448817,-2127.7842894488167
4710,test,25000,20847.914536070155,4152.085463929845
2580,test,27000,13443.822644102005,13556.177355897995
3757,test,34000,33745.5986542942,254.40134570580267
4574,test,13000,14419.696082265493,-1419.6960822654928
2524,test,12000,26184.27585100093,-14184.27585100093
1774,test,17000,18450.379392721206,-1450.3793927212064
389,test,10000,10082.763472445447,-82.7634724454474
716,test,33000,31110.114090476152,1889.8859095238477
2954,test,16500,13227.80023962592,3272.19976037408
3885,test,8200,7441.498867442885,758.5011325571149
721,test,100000,48231.76202501937,51768.23797498063
1194,test,25000,46956.98655844948,-21956.986558449476
1852,test,24000,23077.251965872292,922.7480341277078
3869,test,75000,138003.54480272575,-63003.54480272575
3084,test,24000,17695.14264203661,6304.8573579633885
1534,test,30000,11097.443704820835,18902.556295179165
1999,test,24000,21940.88642922625,2059.1135707737485
3965,test,10500,11917.46528412807,-1417.4652841280695
1819,test,7500,7846.671555335127,-346.67155533512687
1084,test,160000,95495.99162591108,64504.008374088924
1771,test,15000,15799.642424340283,-799.6424243402835
3060,test,27000,27952.63601071488,-952.6360107148794
4526,test,12500,11458.526293629566,1041.4737063704342
3375,test,7000,11952.423615790909,-4952.423615790909
1231,test,80000,71532.3739081804,8467.626091819606
2586,test,14000,11124.596031181596,2875.403968818404
1768,test,16000,14539.608795326465,1460.391204673535
202,test,15000,8810.36712723754,6189.6328727624605
2862,test,14000,13320.586874843175,679.4131251568251
47,test,12000,7867.288371964874,4132.711628035126
1365,test,350000,278833.89879936463,71166.10120063537
4226,test,27000,19509.444956317817,7490.555043682183
4072,test,25000,16121.10443490487,8878.89556509513
2958,test,14000,12757.704797426546,1242.295202573454
2688,test,70000,34033.9492076471,35966.0507923529
1279,test,52000,23906.228218997323,28093.771781002677
4509,test,35000,59838.20690841359,-24838.206908413587
1204,test,25000,16589.794839616916,8410.205160383084
3655,test,10500,12898.490804769905,-2398.4908047699046
2167,test,18000,14752.402332276766,3247.597667723234
2931,test,7000,11447.924848568467,-4447.9248485684675
3091,test,9000,7677.651136067005,1322.3488639329953
1900,test,25000,14286.125802939936,10713.874197060064
2146,test,17000,19197.843817213445,-2197.8438172134447
4590,test,15000,12346.381261294913,2653.618738705087
2982,test,15000,7921.544132367328,7078.455867632672
2602,test,29000,37887.260822924654,-8887.260822924654
528,test,60000,33961.05820540392,26038.94179459608
3136,test,15000,19486.369660500077,-4486.369660500077
1143,test,250000,313900.6525201187,-63900.65252011869
3199,test,70000,41351.7737489902,28648.2262510098
493,test,6000,5583.229231430838,416.7707685691621
2176,test,16000,17081.38307270777,-1081.3830727077693
4699,test,13000,13401.19430884945,-401.19430884944995
1471,test,54500,49816.845163340164,4683.154836659836
2636,test,130000,135814.41915442652,-5814.4191544265195
4183,test,12333,10140.94802378222,2192.051976217779
2411,test,95000,86075.51976077065,8924.48023922935
1038,test,70000,66534.11177700831,3465.8882229916926
4164,test,15000,22190.349673876484,-7190.349673876484
4374,test,18000,11290.917244016982,6709.082755983018
2160,test,10000,8201.570618545413,1798.4293814545872
4682,test,20000,18914.768289083248,1085.2317109167525
2174,test,10000,13948.825462146848,-3948.8254621468477
2312,test,85000,89913.18809359416,-4913.188093594159
3903,test,60000,35445.19776735401,24554.80223264599
2085,test,18000,16962.12326297601,1037.8767370239912
4535,test,18500,16879.797349333978,1620.2026506660222
1099,test,85000,72413.4570167537,12586.542983246298
1407,test,6500,23230.970107483456,-16730.970107483456
1179,test,130000,111672.12447784153,18327.875522158472
353,test,6500,5972.324173131392,527.675826868608
741,test,320000,365248.735595904,-45248.735595904
4245,test,30000,23919.308209623792,6080.691790376208
1490,test,90000,81730.97344565886,8269.026554341137
264,test,8000,8980.05380134133,-980.0538013413297
2520,test,35000,9859.878917723503,25140.1210822765
4719,test,30000,41051.43461873345,-11051.434618733452
1846,test,12000,18217.43691443406,-6217.43691443406
611,test,85000,67575.75616238777,17424.24383761223
4620,test,20000,13373.957827328972,6626.042172671028
3245,test,20000,14547.534338834479,5452.465661165521
4523,test,35000,24697.051516452415,10302.948483547585
4006,test,12500,16755.807417723485,-4255.807417723485
3004,test,6000,12364.243206490512,-6364.2432064905115
2029,test,8000,7819.896341413542,180.10365858645764
2262,test,8000,9969.149064958714,-1969.149064958714
572,test,27000,31445.507943114764,-4445.507943114764
1787,test,16500,15623.287450458114,876.7125495418859
1547,test,7500,8649.928478391468,-1149.9284783914682
871,test,85000,70705.32937840471,14294.670621595287
1928,test,35000,18611.531566059595,16388.468433940405
4432,test,10000,11802.617479879484,-1802.6174798794837
1924,test,6000,7809.646254302674,-1809.6462543026737
456,test,9500,7142.44386452123,2357.5561354787696
3870,test,250000,175443.23349603606,74556.76650396394
4264,test,14000,15952.943630174872,-1952.943630174872
329,test,3000,5146.350723593362,-2146.350723593362
1786,test,17000,11392.093756514254,5607.906243485746
280,test,7000,6286.419996679209,713.5800033207906
2095,test,26000,25973.01773818681,26.982261813191144
2773,test,19500,13884.831201390682,5615.168798609318
2857,test,22999,22827.53502028756,171.46497971244025
3801,test,9000,8547.603937458172,452.39606254182763
635,test,32000,26493.197599349256,5506.802400650744
1152,test,26500,28759.272905758873,-2259.272905758873
1985,test,13500,7124.2902589360965,6375.7097410639035
3390,test,13000,21397.28171275418,-8397.281712754178
3747,test,8000,6156.135870352743,1843.864129647257
1177,test,20000,18966.555132096084,1033.444867903916
2144,test,7700,7624.874858199825,75.12514180017479
4733,test,29000,19898.281442075026,9101.718557924974
832,test,55000,73704.17943048466,-18704.179430484655
425,test,5000,6370.943725053898,-1370.9437250538977
1821,test,11000,16666.2638136461,-5666.263813646099
3426,test,10000,9726.354746978943,273.6452530210572
1212,test,20000,20204.569994473488,-204.5699944734879
3473,test,12000,15285.695424883337,-3285.695424883337
1898,test,12000,15133.080052158279,-3133.0800521582787
4552,test,7500,8063.692348466364,-563.6923484663639
1872,test,9000,12494.212608831362,-3494.2126088313616
1754,test,14500,17790.286382963484,-3290.2863829634844
1320,test,45000,64493.328490515174,-19493.328490515174
1012,test,42000,34863.90560909393,7136.094390906073
3067,test,34000,31048.614699745453,2951.3853002545475
1435,test,150000,66276.21314063219,83723.78685936781
903,test,50000,35165.38250731761,14834.617492682388
2775,test,20000,15021.8721987123,4978.127801287699
1275,test,40000,31247.299413328437,8752.700586671563
2874,test,18000,11133.971272290846,6866.028727709154
1565,test,20000,17320.387611570797,2679.612388429203
963,test,52000,52825.185217717015,-825.1852177170149
2984,test,7600,10628.36189494875,-3028.36189494875
2922,test,90000,59343.414869238935,30656.585130761065
1501,test,17000,15444.741084092673,1555.2589159073268
3178,test,12000,9862.878889972157,2137.1211100278433
159,test,6000,6202.42107487462,-202.42107487462
2579,test,24000,23697.890854306963,302.10914569303714
3967,test,9000,10298.388525903909,-1298.3885259039089
1151,test,75000,71246.97877049331,3753.0212295066885
3855,test,14000,13588.826115454294,411.17388454570573
3947,test,13000,14101.561580214944,-1101.5615802149441
2462,test,40000,25310.767840932178,14689.232159067822
4248,test,7500,10037.943967257786,-2537.9439672577864
4168,test,5500,6250.025936095857,-750.0259360958571
1860,test,14000,13620.944284960253,379.05571503974716
666,test,55000,106675.43881184049,-51675.43881184049
770,test,120000,110064.11556448742,9935.884435512577
4076,test,11000,12625.049071999536,-1625.049071999536
1938,test,7000,8040.747101784701,-1040.747101784701
3514,test,34000,22188.716080882325,11811.283919117675
4175,test,7500,6947.725370634831,552.274629365169
2713,test,6000,8506.061944316592,-2506.0619443165924
1363,test,23000,29441.23540770552,-6441.235407705521
3475,test,26000,15127.470232118014,10872.529767881986
2714,test,18000,15093.108465647889,2906.891534352111
4334,test,12000,12598.67003916238,-598.6700391623799
2696,test,13500,11257.66265359017,2242.3373464098295
1297,test,55000,50022.55511880564,4977.4448811943585
2316,test,16000,17948.32156128659,-1948.3215612865897
537,test,28000,20823.45851410536,7176.541485894639
1409,test,69999,81025.64419990248,-11026.644199902483
3574,test,9500,11417.618251760467,-1917.6182517604666
1651,test,32900,20259.156564870602,12640.843435129398
3117,test,8000,4985.054956951785,3014.9450430482148
1769,test,5000,7059.2547893417695,-2059.2547893417695
3820,test,13500,12724.048398956213,775.9516010437874
1333,test,25000,24262.204744972474,737.7952550275259
4275,test,12000,11920.258216792052,79.74178320794817
1596,test,10000,9572.345825652346,427.6541743476537
369,test,9000,6859.757907732332,2140.2420922676683
4368,test,32000,15808.844146309815,16191.155853690185
2606,test,8000,11200.844414087547,-3200.844414087547
4385,test,13000,7069.653256341704,5930.346743658296
3352,test,26000,34920.18913825198,-8920.189138251983
1298,test,66000,47546.42744975533,18453.572550244673
748,test,130000,87072.9991722393,42927.0008277607
2320,test,5000,12849.707259930621,-7849.707259930621
4534,test,200000,92549.70830867269,107450.29169132731
2767,test,18000,11832.498657052445,6167.501342947555
4155,test,12500,14063.737502529115,-1563.7375025291149
2113,test,7500,7905.340455248816,-405.3404552488164
2114,test,16000,15228.429825533236,771.570174466764
4073,test,13000,8743.963453348451,4256.036546651549
576,test,95000,80013.46558825526,14986.534411744738
2645,test,7000,13585.849744935938,-6585.849744935938
907,test,34000,30496.30263380711,3503.6973661928896
1689,test,18000,15530.376842343394,2469.623157656606
3501,test,7000,6107.219801495505,892.7801985044953
3699,test,13000,7804.662815859025,5195.337184140975
4577,test,4000,7042.86148811974,-3042.86148811974
612,test,50000,42256.916742364905,7743.083257635095
2340,test,19000,17448.99760506011,1551.0023949398892
2292,test,12000,8529.122841632274,3470.877158367726
1313,test,23000,22856.429067995094,143.57093200490635
3744,test,10000,11436.688178840026,-1436.688178840026
4081,test,20000,25830.698092702984,-5830.698092702984
3340,test,33000,39481.930394130686,-6481.930394130686
4493,test,16000,11493.847166993422,4506.152833006578
