row_id,split,actual_rent,predicted_rent,residual
1124,train,95000,69378.88,25621.1171875
3886,train,12000,18391.467,-6391.466796875
4122,train,14000,14192.836,-192.8359375
2762,train,6500,8834.497,-2334.4970703125
1963,train,30000,21993.266,8006.734375
345,train,12000,9619.815,2380.1845703125
3892,train,20000,16934.033,3065.966796875
3420,train,6250,9758.617,-3508.6171875
2348,train,6000,6477.0913,-477.09130859375
4572,train,37000,28703.32,8296.6796875
288,train,7000,6764.752,235.248046875
3875,train,58000,45952.965,12047.03515625
4652,train,9000,12826.233,-3826.2333984375
2920,train,10000,13117.13,-3117.1298828125
641,train,68000,63754.996,4245.00390625
3749,train,5000,5842.472,-842.47216796875
3972,train,24000,13956.546,10043.4541015625
1625,train,22000,23292.934,-1292.93359375
1703,train,20000,15340.036,4659.9638671875
3288,train,35000,16599.56,18400.439453125
3553,train,13000,15862.934,-2862.93359375
1465,train,70000,66787.0,3213.0
3938,train,13000,11802.598,1197.40234375
885,train,32000,30258.975,1741.025390625
3121,train,11000,10686.384,313.6162109375
2055,train,18000,14814.989,3185.0107421875
381,train,12000,16170.237,-4170.2373046875
2810,train,9500,11519.528,-2019.5283203125
2885,train,33500,28085.273,5414.7265625
3883,train,16000,17539.895,-1539.89453125
2801,train,13000,15259.357,-2259.357421875
2695,train,7500,10054.104,-2554.103515625
1899,train,75000,58795.816,16204.18359375
4455,train,16000,14901.857,1098.142578125
3793,train,10000,9853.66,146.33984375
3668,train,9000,12956.647,-3956.6474609375
1839,train,16500,18625.725,-2125.724609375
3894,train,12500,13148.618,-648.6181640625
1355,train,52000,43630.25,8369.75
2697,train,14000,14421.692,-421.6923828125
514,train,22000,22730.86,-730.859375
927,train,30000,27542.299,2457.701171875
1104,train,17000,18931.543,-1931.54296875
3360,train,8000,8387.936,-387.935546875
2768,train,30000,39252.88,-9252.87890625
1165,train,52000,50599.055,1400.9453125
2715,train,18000,18776.293,-776.29296875
4305,train,6000,9273.438,-3273.4384765625
1257,train,100000,192854.56,-92854.5625
2594,train,18000,18820.898,-820.8984375
3217,train,20000,20818.623,-818.623046875
3163,train,10000,14026.162,-4026.162109375
1554,train,15000,14707.038,292.9619140625
3088,train,26000,26386.406,-386.40625
998,train,70000,81921.74,-11921.7421875
417,train,6500,6789.827,-289.8271484375
427,train,5500,5816.4053,-316.4052734375
2632,train,40000,28941.365,11058.634765625
4519,train,18000,20431.887,-2431.88671875
850,train,190000,268827.06,-78827.0625
3968,train,11000,10262.47,737.5302734375
4003,train,6000,7075.383,-1075.3828125
3265,train,24000,29449.168,-5449.16796875
108,train,8000,9720.55,-1720.5498046875
3309,train,7500,7104.983,395.01708984375
3872,train,60000,72305.766,-12305.765625
2286,train,15000,12751.136,2248.8642578125
1950,train,40000,35402.72,4597.28125
3657,train,20000,22209.0,-2209.0
4546,train,10000,10369.34,-369.33984375
4600,train,20000,12786.94,7213.0595703125
2379,train,80000,54781.973,25218.02734375
4379,train,12500,11919.284,580.7158203125
3836,train,20000,17026.016,2973.984375
2806,train,14000,9560.17,4439.830078125
376,train,7000,7403.7275,-403.7275390625
2051,train,7000,7388.6943,-388.6943359375
1805,train,15000,10008.409,4991.5908203125
2744,train,12000,14490.256,-2490.255859375
549,train,20000,20276.223,-276.22265625
1378,train,24000,27646.91,-3646.91015625
2728,train,13500,17846.666,-4346.666015625
3220,train,11000,12429.506,-1429.505859375
575,train,40000,40256.715,-256.71484375
468,train,6500,7219.7227,-719.72265625
213,train,11000,8209.259,2790.7412109375
3526,train,15000,19834.516,-4834.515625
4278,train,15000,14051.549,948.451171875
677,train,55000,69734.91,-14734.90625
3410,train,15000,22259.426,-7259.42578125
3041,train,12000,15896.495,-3896.4951171875
1994,train,22000,25125.17,-3125.169921875
1222,train,21000,25792.504,-4792.50390625
1570,train,8500,10261.53,-1761.5302734375
4271,train,13000,13607.706,-607.7060546875
438,train,5000,5191.6597,-191.65966796875
821,train,34000,28707.729,5292.271484375
4449,train,9000,8935.825,64.1748046875
3025,train,11200,11063.412,136.587890625
530,train,300000,270708.47,29291.53125
2702,train,4000,5374.102,-1374.10205078125
3884,train,18000,27786.426,-9786.42578125
2745,train,13500,11511.203,1988.796875
1722,train,19000,17795.846,1204.154296875
1704,train,28000,23084.85,4915.150390625
661,train,35000,44403.01,-9403.01171875
1243,train,72000,44137.867,27862.1328125
1027,train,230000,149028.08,80971.921875
4463,train,20000,21255.65,-1255.650390625
2210,train,10000,12314.635,-2314.634765625
1607,train,6000,9006.957,-3006.95703125
163,train,9000,9922.534,-922.5341796875
3591,train,7000,6657.903,342.09716796875
4262,train,10000,7027.7373,2972.2626953125
2722,train,20000,20970.67,-970.669921875
4058,train,30000,34347.973,-4347.97265625
3627,train,15000,14745.677,254.3232421875
3187,train,13000,18253.975,-5253.974609375
812,train,36000,39491.58,-3491.578125
1508,train,13500,8305.928,5194.072265625
2811,train,15000,18486.746,-3486.74609375
3362,train,12000,12507.839,-507.8388671875
4457,train,12000,14117.329,-2117.3291015625
421,train,12000,10274.34,1725.66015625
1477,train,70000,51173.84,18826.16015625
1588,train,10000,10257.098,-257.09765625
313,train,15000,14969.891,30.109375
3945,train,12000,14605.417,-2605.4169921875
2161,train,24000,23206.236,793.763671875
277,train,15000,8437.95,6562.0498046875
2750,train,9000,9315.956,-315.9560546875
140,train,12500,10839.798,1660.2021484375
1383,train,37000,51371.78,-14371.78125
2708,train,10000,8516.638,1483.3623046875
1881,train,15000,15319.889,-319.888671875
4448,train,400000,221812.08,178187.921875
310,train,9000,6688.2314,2311.7685546875
3601,train,18000,16827.533,1172.466796875
4279,train,15000,10433.813,4566.1865234375
3190,train,15000,15354.702,-354.7021484375
1347,train,20000,19289.053,710.947265625
2295,train,30000,22943.564,7056.435546875
189,train,6500,5343.7646,1156.2353515625
1923,train,24000,16912.275,7087.724609375
1842,train,17000,14592.231,2407.7685546875
1155,train,38000,38980.773,-980.7734375
3933,train,23000,15101.69,7898.3095703125
61,train,30000,28618.584,1381.416015625
1691,train,20000,17123.562,2876.4375
499,train,6000,7696.3125,-1696.3125
1733,train,12500,13827.3125,-1327.3125
2555,train,6000,6433.0566,-433.056640625
2004,train,15000,8566.047,6433.953125
1337,train,110000,114091.62,-4091.6171875
2652,train,60000,66230.67,-6230.671875
3823,train,22000,20482.03,1517.970703125
2193,train,34000,36614.305,-2614.3046875
1425,train,35000,36466.652,-1466.65234375
2893,train,16000,18553.531,-2553.53125
687,train,100000,87581.11,12418.890625
1517,train,7500,7073.0684,426.931640625
852,train,75000,92795.28,-17795.28125
4726,train,35000,24137.773,10862.2265625
261,train,7000,7645.1133,-645.11328125
4487,train,18000,15250.817,2749.1826171875
3852,train,15000,12069.601,2930.3994140625
4246,train,18000,13024.158,4975.841796875
584,train,13000,24320.785,-11320.78515625
1305,train,51000,62938.406,-11938.40625
875,train,15000,13955.733,1044.2666015625
4116,train,14000,14348.389,-348.388671875
1608,train,17000,13209.731,3790.2685546875
4302,train,18000,20105.42,-2105.419921875
1560,train,12000,7435.2686,4564.7314453125
827,train,40000,47334.445,-7334.4453125
625,train,85000,77638.86,7361.140625
4274,train,25000,17473.975,7526.025390625
1984,train,11000,7723.3296,3276.67041015625
1642,train,12000,18131.53,-6131.529296875
1278,train,15000,17618.492,-2618.4921875
4468,train,24000,27176.066,-3176.06640625
1742,train,14000,26067.42,-12067.419921875
4400,train,50000,54030.973,-4030.97265625
522,train,25000,14709.311,10290.689453125
4688,train,12000,11476.168,523.83203125
614,train,120000,61593.445,58406.5546875
2223,train,28000,26485.111,1514.888671875
2483,train,12000,15151.059,-3151.05859375
2281,train,22000,23577.361,-1577.361328125
3394,train,20000,20362.79,-362.7890625
2698,train,18000,23239.037,-5239.037109375
935,train,18000,22458.742,-4458.7421875
1987,train,55000,49847.6,5152.3984375
483,train,5000,5403.457,-403.45703125
4396,train,24000,17675.598,6324.40234375
2047,train,11000,9254.574,1745.42578125
459,train,22500,17554.57,4945.4296875
4615,train,5000,7436.141,-2436.14111328125
4156,train,31000,31455.426,-455.42578125
3871,train,10000,10134.039,-134.0390625
2116,train,14000,11028.456,2971.5439453125
3081,train,12000,15637.494,-3637.494140625
4094,train,12000,10843.4375,1156.5625
4632,train,9000,11526.463,-2526.462890625
4229,train,8000,8775.542,-775.5419921875
3713,train,19000,13017.303,5982.697265625
2010,train,50000,25523.26,24476.740234375
1589,train,7000,6034.3438,965.65625
1139,train,77000,78903.03,-1903.03125
2494,train,14000,11341.514,2658.486328125
1552,train,84000,74127.99,9872.0078125
3294,train,65000,69311.555,-4311.5546875
3145,train,8500,6420.466,2079.5341796875
1751,train,7500,8861.831,-1361.8310546875
30,train,7500,4920.823,2579.1767578125
462,train,14000,14713.31,-713.3095703125
3110,train,9000,8555.726,444.2744140625
3479,train,12000,11640.064,359.935546875
2545,train,36000,35280.64,719.359375
2384,train,40000,21609.697,18390.302734375
1546,train,16000,15846.875,153.125
917,train,8000,18877.777,-10877.77734375
4601,train,10000,11403.861,-1403.861328125
432,train,5500,7247.334,-1747.333984375
4668,train,7000,10881.885,-3881.884765625
901,train,75000,89533.82,-14533.8203125
3599,train,22000,24149.424,-2149.423828125
1882,train,11000,13651.175,-2651.1748046875
1939,train,24000,18996.002,5003.998046875
2077,train,11000,9971.297,1028.703125
2662,train,35000,42382.9,-7382.8984375
1685,train,17500,17156.533,343.466796875
1036,train,100000,126067.93,-26067.9296875
3856,train,20000,12743.294,7256.7060546875
406,train,5500,6906.1406,-1406.140625
3233,train,25000,19583.355,5416.64453125
1880,train,10000,13652.164,-3652.1640625
3802,train,14000,15269.358,-1269.3583984375
1537,train,7500,8073.8574,-573.857421875
4389,train,15000,19628.943,-4628.943359375
1185,train,76000,55392.598,20607.40234375
418,train,4500,5588.9683,-1088.96826171875
1068,train,130000,110061.195,19938.8046875
3838,train,15000,13652.32,1347.6796875
4501,train,8000,7875.378,124.6220703125
4548,train,10000,11166.804,-1166.8037109375
2082,train,10000,10161.672,-161.671875
3558,train,24000,20661.922,3338.078125
2248,train,12000,14596.992,-2596.9921875
147,train,8000,9285.325,-1285.3251953125
4133,train,20000,15387.6875,4612.3125
137,train,17500,20308.89,-2808.890625
76,train,5500,6138.742,-638.7421875
4565,train,18000,16238.532,1761.4677734375
2218,train,40000,27170.574,12829.42578125
833,train,80000,126337.65,-46337.6484375
1188,train,39000,42613.64,-3613.640625
43,train,8500,8412.581,87.4189453125
3680,train,8000,13993.772,-5993.7724609375
2257,train,7000,8281.256,-1281.255859375
2529,train,24000,14201.177,9798.8232421875
4678,train,30000,17577.674,12422.326171875
4492,train,37000,31502.318,5497.681640625
2639,train,15000,12140.917,2859.0830078125
2492,train,14000,12590.843,1409.1572265625
3011,train,22000,15501.816,6498.18359375
838,train,450000,540062.44,-90062.4375
3332,train,20000,23129.453,-3129.453125
3720,train,40000,38756.32,1243.6796875
323,train,8500,10001.738,-1501.73828125
4023,train,12000,14476.691,-2476.69140625
3733,train,20000,20373.803,-373.802734375
274,train,30000,47499.41,-17499.41015625
1373,train,24000,32544.959,-8544.958984375
3336,train,23000,19891.404,3108.595703125
2783,train,10000,10064.888,-64.8876953125
169,train,40000,18607.49,21392.509765625
2541,train,16000,26007.4,-10007.400390625
1461,train,30000,35312.484,-5312.484375
2903,train,110000,97141.234,12858.765625
2990,train,26000,23579.498,2420.501953125
4685,train,17000,13643.262,3356.73828125
894,train,15500,15781.521,-281.521484375
4007,train,25000,17355.09,7644.91015625
631,train,50000,44553.43,5446.5703125
2777,train,6500,8173.803,-1673.80322265625
3455,train,45000,52841.523,-7841.5234375
2230,train,16000,13760.783,2239.216796875
3723,train,35000,17293.361,17706.638671875
2886,train,9500,7666.194,1833.80615234375
4472,train,15000,12329.619,2670.380859375
2408,train,9000,9351.5205,-351.5205078125
730,train,95000,116611.16,-21611.15625
2184,train,24000,20171.047,3828.953125
703,train,40000,42207.195,-2207.1953125
652,train,43000,44721.242,-1721.2421875
1280,train,13000,21590.807,-8590.806640625
4213,train,42000,40518.902,1481.09765625
1905,train,6000,8089.2275,-2089.2275390625
4298,train,13000,13377.686,-377.685546875
484,train,10000,9934.352,65.6484375
3146,train,20000,43355.203,-23355.203125
1955,train,15000,13666.025,1333.974609375
4100,train,16500,20027.318,-3527.318359375
2053,train,4800,7168.9165,-2368.91650390625
4067,train,1200,10437.118,-9237.1181640625
302,train,20000,13101.488,6898.51171875
2967,train,7500,8792.919,-1292.9189453125
4127,train,10000,12581.312,-2581.3115234375
3285,train,8000,9144.18,-1144.1796875
1809,train,22000,12689.88,9310.1201171875
4360,train,26000,19996.094,6003.90625
1973,train,70000,35445.727,34554.2734375
1614,train,7000,6371.1074,628.892578125
3192,train,19000,16984.627,2015.373046875
3764,train,6000,5984.0303,15.9697265625
2352,train,17500,14301.677,3198.3232421875
4150,train,12000,14005.723,-2005.72265625
2241,train,14000,12314.447,1685.552734375
2930,train,5500,7911.2515,-2411.25146484375
610,train,50000,54802.35,-4802.3515625
3791,train,12500,9074.8545,3425.1455078125
3056,train,22000,24539.822,-2539.822265625
1783,train,20000,14448.925,5551.0751953125
776,train,150000,144893.95,5106.046875
4513,train,60000,55413.043,4586.95703125
1116,train,55000,63867.76,-8867.76171875
2140,train,13900,12304.28,1595.7197265625
3468,train,26000,25049.445,950.5546875
2106,train,12000,9027.779,2972.220703125
1380,train,600000,546287.3,53712.6875
4201,train,10000,12490.064,-2490.064453125
2871,train,30000,22661.465,7338.53515625
191,train,9000,7372.0815,1627.91845703125
1046,train,27000,25044.977,1955.0234375
973,train,85000,83493.08,1506.921875
4499,train,35000,32576.262,2423.73828125
449,train,4000,4506.2334,-506.2333984375
628,train,50000,69265.9,-19265.8984375
1403,train,20000,13502.125,6497.875
4311,train,9500,10173.153,-673.1533203125
3416,train,10000,11574.186,-1574.185546875
1303,train,50000,51241.477,-1241.4765625
3383,train,30000,24248.664,5751.3359375
4293,train,70000,77687.516,-7687.515625
616,train,110000,135309.02,-25309.015625
745,train,100000,121053.336,-21053.3359375
193,train,12000,11149.798,850.2021484375
1862,train,8000,11401.164,-3401.1640625
1449,train,45000,27430.994,17569.005859375
3064,train,40000,47688.87,-7688.87109375
46,train,4600,7737.25,-3137.25
4291,train,12000,11428.697,571.302734375
3950,train,4000,6694.237,-2694.23681640625
3506,train,15000,17786.87,-2786.869140625
1107,train,35500,42118.53,-6618.53125
4102,train,8500,10918.865,-2418.865234375
2143,train,13000,15097.154,-2097.154296875
2369,train,7500,9883.365,-2383.365234375
642,train,150000,152155.2,-2155.203125
3061,train,8000,7836.856,163.14404296875
4074,train,35000,27893.375,7106.625
1225,train,65000,72223.414,-7223.4140625
777,train,230000,348025.72,-118025.71875
3545,train,26000,37203.863,-11203.86328125
4154,train,6000,6764.9136,-764.91357421875
3249,train,15000,12505.25,2494.75
3931,train,22000,24409.926,-2409.92578125
1158,train,180000,101041.1,78958.8984375
3168,train,14000,21307.875,-7307.875
815,train,42000,50304.88,-8304.87890625
2381,train,14000,20341.613,-6341.61328125
4357,train,18000,12341.3955,5658.6044921875
1284,train,360000,294213.66,65786.34375
331,train,6500,4579.483,1920.51708984375
788,train,170000,141381.9,28618.09375
1834,train,12500,11304.009,1195.9912109375
4054,train,14000,10952.909,3047.0908203125
1746,train,55000,49362.605,5637.39453125
1292,train,65000,72862.805,-7862.8046875
883,train,45000,34939.934,10060.06640625
2269,train,7000,7942.174,-942.173828125
4339,train,10000,13224.645,-3224.64453125
4284,train,9500,8642.705,857.294921875
289,train,3500,4567.5947,-1067.5947265625
4515,train,9000,11995.1455,-2995.1455078125
2879,train,28000,31641.97,-3641.970703125
2201,train,16500,15113.348,1386.65234375
1960,train,26969,24739.023,2229.9765625
4530,train,8000,8414.675,-414.6748046875
2824,train,9300,12969.642,-3669.6416015625
263,train,6000,5231.4976,768.50244140625
3020,train,5000,6407.936,-1407.93603515625
3299,train,26000,20225.389,5774.611328125
2006,train,27000,18380.016,8619.984375
3547,train,15000,8149.0806,6850.91943359375
1864,train,15000,13226.259,1773.7412109375
441,train,5500,4903.5337,596.46630859375
1515,train,7500,9028.416,-1528.416015625
1412,train,45000,47009.543,-2009.54296875
2798,train,37000,21616.994,15383.005859375
4331,train,6000,6512.166,-512.166015625
4214,train,20000,17668.014,2331.986328125
1487,train,65000,72429.516,-7429.515625
295,train,10500,9602.068,897.931640625
2552,train,13000,9748.189,3251.810546875
2877,train,16000,17119.92,-1119.919921875
364,train,10000,9301.067,698.9326171875
3948,train,9500,12039.329,-2539.3291015625
3491,train,8500,8397.485,102.5146484375
1658,train,14000,9511.13,4488.8701171875
2324,train,12000,12907.25,-907.25
761,train,36000,41377.633,-5377.6328125
4418,train,14000,13913.923,86.0771484375
758,train,35000,38061.6,-3061.6015625
1095,train,25000,19404.947,5595.052734375
2228,train,12000,10583.199,1416.80078125
4188,train,7500,6225.9736,1274.0263671875
3456,train,5000,6891.375,-1891.375
4618,train,9000,11905.401,-2905.4013671875
2661,train,36000,56875.523,-20875.5234375
4063,train,15000,11267.057,3732.943359375
2050,train,9000,12842.942,-3842.9423828125
496,train,14000,10395.393,3604.607421875
810,train,40000,42390.176,-2390.17578125
1797,train,5000,7607.289,-2607.2890625
2599,train,25000,41295.83,-16295.828125
471,train,7500,7431.802,68.1982421875
2071,train,35000,31780.424,3219.576171875
1504,train,8000,8560.224,-560.2236328125
3330,train,12000,7188.232,4811.76806640625
1261,train,70000,96024.695,-26024.6953125
3578,train,18000,11406.983,6593.0166015625
736,train,46000,41457.145,4542.85546875
2236,train,16000,18166.426,-2166.42578125
955,train,72000,50108.8,21891.19921875
2718,train,11000,12309.022,-1309.0224609375
1100,train,26000,30724.305,-4724.3046875
4028,train,10000,12130.407,-2130.4072265625
2790,train,22000,29759.057,-7759.056640625
480,train,6000,11314.353,-5314.3525390625
2278,train,20000,9653.52,10346.48046875
3411,train,75000,45078.75,29921.25
4416,train,120000,111893.195,8106.8046875
3083,train,20000,23160.844,-3160.84375
910,train,24000,23039.562,960.4375
3098,train,13000,11576.581,1423.4189453125
1200,train,25000,28608.543,-3608.54296875
3917,train,25000,23419.346,1580.654296875
1974,train,19000,15792.725,3207.275390625
2878,train,20000,21182.494,-1182.494140625
3317,train,45000,19105.744,25894.255859375
3775,train,18500,20471.814,-1971.814453125
1707,train,20000,15414.538,4585.4619140625
1830,train,11000,8504.227,2495.7734375
2883,train,8000,9593.473,-1593.47265625
2121,train,15000,18024.598,-3024.59765625
2675,train,30000,35302.414,-5302.4140625
1142,train,40000,40074.99,-74.98828125
393,train,7000,7213.0874,-213.08740234375
1586,train,7000,7684.2905,-684.29052734375
884,train,35000,26791.7,8208.30078125
3443,train,16000,18333.395,-2333.39453125
3891,train,11000,11066.662,-66.662109375
3896,train,30000,25754.697,4245.302734375
1680,train,12000,8888.81,3111.1904296875
3227,train,30000,35267.62,-5267.62109375
398,train,8000,6751.8535,1248.146484375
598,train,55000,56873.3,-1873.30078125
4144,train,45000,44056.53,943.46875
2122,train,9500,9464.256,35.744140625
408,train,11000,12618.89,-1618.8896484375
3850,train,8500,11742.359,-3242.359375
811,train,40000,26765.727,13234.2734375
135,train,9000,9729.231,-729.2314453125
4,train,7500,8683.184,-1183.18359375
3112,train,17000,25478.389,-8478.388671875
2493,train,14000,11662.801,2337.19921875
4025,train,45000,40798.4,4201.6015625
987,train,75000,61682.03,13317.96875
996,train,75000,53809.133,21190.8671875
1828,train,7000,6539.9775,460.0224609375
4517,train,5800,9172.148,-3372.1484375
2422,train,18000,12276.933,5723.0673828125
3174,train,7000,7936.525,-936.52490234375
2517,train,22000,21433.752,566.248046875
1562,train,16000,15812.407,187.5927734375
3748,train,12000,9112.932,2887.068359375
2437,train,10000,8641.98,1358.01953125
3380,train,16000,15303.883,696.1171875
4627,train,5000,4915.0723,84.927734375
4045,train,25000,14706.196,10293.8037109375
2065,train,17681,18864.748,-1183.748046875
764,train,7500,13175.746,-5675.74609375
237,train,5500,7345.5083,-1845.50830078125
3188,train,9000,8213.488,786.51171875
3404,train,45000,30404.857,14595.142578125
893,train,40000,71049.11,-31049.109375
3241,train,85000,52190.74,32809.26171875
2330,train,12500,14713.675,-2213.6748046875
3815,train,100000,70813.16,29186.84375
3058,train,6500,8540.1455,-2040.1455078125
396,train,35000,17074.639,17925.361328125
3759,train,15000,11045.478,3954.5224609375
1996,train,15000,17795.422,-2795.421875
479,train,10000,11123.711,-1123.7109375
4304,train,9000,12341.42,-3341.419921875
2815,train,250000,156670.33,93329.671875
3566,train,15000,15653.714,-653.7138671875
4406,train,3000,5605.5938,-2605.59375
2617,train,140000,87317.06,52682.9375
154,train,7000,6932.1494,67.8505859375
4182,train,16000,15124.234,875.765625
705,train,230000,198324.19,31675.8125
3611,train,8000,7721.2305,278.76953125
3017,train,12000,10561.499,1438.5009765625
1045,train,46000,54168.16,-8168.16015625
2364,train,24000,23907.248,92.751953125
1832,train,60000,49311.363,10688.63671875
188,train,7000,8261.588,-1261.587890625
4235,train,26000,19751.627,6248.373046875
2968,train,10000,11668.787,-1668.787109375
3207,train,14000,12036.734,1963.265625
1247,train,8000,19062.936,-11062.935546875
2700,train,65000,31032.455,33967.544921875
3888,train,13000,9271.696,3728.3037109375
344,train,7500,11160.192,-3660.1923828125
1289,train,130000,159854.73,-29854.734375
2342,train,18000,25227.145,-7227.14453125
1851,train,40000,51420.453,-11420.453125
533,train,33000,32360.373,639.626953125
3954,train,13000,14982.018,-1982.017578125
1354,train,55000,37948.77,17051.23046875
4684,train,22000,19331.854,2668.146484375
2985,train,29000,36281.34,-7281.33984375
1744,train,11000,14675.274,-3675.2744140625
1937,train,14000,13882.098,117.90234375
1840,train,13000,8333.765,4666.2353515625
2812,train,12000,11303.383,696.6171875
4642,train,8000,12408.802,-4408.8017578125
1806,train,130000,139766.34,-9766.34375
3673,train,10000,10668.938,-668.9384765625
3536,train,12500,13834.027,-1334.02734375
341,train,12000,13713.46,-1713.4599609375
2119,train,10000,8515.915,1484.0849609375
4735,train,45000,43246.76,1753.23828125
2782,train,13000,11713.624,1286.3759765625
2665,train,20000,18311.604,1688.396484375
4042,train,10000,10718.681,-718.6806640625
2343,train,70000,67483.59,2516.40625
67,train,7500,6690.356,809.64404296875
3629,train,7000,6831.506,168.494140625
2273,train,15000,16412.48,-1412.48046875
4242,train,12000,13318.768,-1318.767578125
206,train,5000,6154.149,-1154.14892578125
3278,train,4500,7516.5776,-3016.57763671875
4503,train,5500,4728.3003,771.69970703125
1775,train,30000,22654.68,7345.3203125
1506,train,50000,56324.836,-6324.8359375
1762,train,15000,22536.457,-7536.45703125
939,train,32000,42910.082,-10910.08203125
4243,train,15000,16199.35,-1199.349609375
4181,train,8000,10299.349,-2299.3486328125
2464,train,6000,8501.899,-2501.8994140625
63,train,30000,21242.6,8757.400390625
3610,train,25000,27251.879,-2251.87890625
4352,train,12000,12698.767,-698.7666015625
1400,train,20000,31178.498,-11178.498046875
2044,train,250000,186924.6,63075.40625
3478,train,30000,12734.898,17265.1015625
2575,train,8000,8277.623,-277.623046875
3919,train,45000,47620.473,-2620.47265625
3054,train,16000,11834.249,4165.7509765625
3210,train,7000,8436.565,-1436.5654296875
3494,train,18000,14018.659,3981.3408203125
1069,train,58000,47386.027,10613.97265625
4512,train,9000,17122.158,-8122.158203125
1389,train,310000,350777.75,-40777.75
4326,train,18000,12086.73,5913.26953125
1854,train,16000,19093.176,-3093.17578125
3312,train,12000,13304.511,-1304.5107421875
2928,train,30000,33073.0,-3073.0
1408,train,55000,60175.22,-5175.21875
1136,train,40000,27159.615,12840.384765625
2748,train,200000,174042.48,25957.515625
2668,train,14000,14462.739,-462.7392578125
2842,train,24000,24489.93,-489.9296875
545,train,22000,21169.527,830.47265625
3914,train,12000,12338.713,-338.712890625
2528,train,140000,114973.85,25026.1484375
1564,train,11000,11327.871,-327.87109375
842,train,55000,64872.375,-9872.375
2513,train,20000,19474.658,525.341796875
2461,train,5000,8706.77,-3706.76953125
3832,train,11000,11708.128,-708.1279296875
541,train,270000,283864.9,-13864.90625
855,train,39000,31180.639,7819.361328125
804,train,50000,45259.16,4740.83984375
372,train,35000,30337.225,4662.775390625
3457,train,30000,21540.23,8459.76953125
409,train,10000,7850.1724,2149.82763671875
1153,train,45000,41771.785,3228.21484375
4325,train,22000,22063.12,-63.119140625
4504,train,5000,6871.2515,-1871.25146484375
3268,train,16000,12139.168,3860.83203125
2387,train,25000,26432.8,-1432.80078125
3729,train,12000,13176.865,-1176.865234375
1324,train,20000,33609.637,-13609.63671875
2358,train,4500,5971.72,-1471.72021484375
4456,train,22000,22940.062,-940.0625
4628,train,6000,6017.635,-17.634765625
4187,train,14000,15065.468,-1065.4677734375
4032,train,130000,133207.67,-3207.671875
4348,train,12000,11867.57,132.4296875
2840,train,150000,123737.11,26262.890625
3144,train,30000,44856.816,-14856.81640625
1518,train,25000,23073.91,1926.08984375
334,train,8000,5949.9326,2050.0673828125
1015,train,60000,46233.82,13766.1796875
3698,train,18000,18330.457,-330.45703125
3873,train,12000,7991.375,4008.625
3238,train,22000,16178.274,5821.7255859375
2378,train,20000,8707.857,11292.142578125
3184,train,12000,13369.141,-1369.140625
2677,train,11000,8425.115,2574.884765625
2556,train,100000,67427.24,32572.7578125
4372,train,9000,6907.9,2092.10009765625
2039,train,25000,19577.754,5422.24609375
223,train,12500,8822.152,3677.84765625
1183,train,18000,27088.062,-9088.0625
2301,train,10000,13583.782,-3583.7822265625
1244,train,180000,222135.34,-42135.34375
4087,train,18000,18253.713,-253.712890625
2925,train,80000,71090.25,8909.75
2126,train,10000,7584.981,2415.01904296875
2760,train,38000,22721.107,15278.892578125
3428,train,16000,19235.336,-3235.3359375
3008,train,27000,31421.035,-4421.03515625
4659,train,12500,13159.985,-659.9853515625
3724,train,4000,6272.4785,-2272.478515625
3296,train,13500,17806.508,-4306.5078125
2172,train,30000,32920.094,-2920.09375
1463,train,90000,87363.05,2636.953125
662,train,15000,16004.381,-1004.380859375
3462,train,17000,21262.3,-4262.30078125
4641,train,15500,10544.037,4955.962890625
465,train,20000,15256.025,4743.974609375
1683,train,25000,27924.676,-2924.67578125
4138,train,12000,11702.011,297.9892578125
4132,train,6500,7520.988,-1020.98779296875
2081,train,11000,10553.574,446.42578125
1334,train,25000,23614.605,1385.39453125
711,train,15000,21136.361,-6136.361328125
1823,train,13500,11715.914,1784.0859375
473,train,15000,11676.803,3323.197265625
4059,train,12000,13601.699,-1601.69921875
3074,train,15000,16023.259,-1023.2587890625
3433,train,6000,7021.305,-1021.30517578125
3862,train,32000,28545.559,3454.44140625
300,train,35000,21855.91,13144.08984375
2416,train,50000,52071.617,-2071.6171875
1909,train,5500,7086.7905,-1586.79052734375
2769,train,16000,11874.092,4125.908203125
4607,train,15000,15686.324,-686.32421875
3395,train,18000,7966.125,10033.875
24,train,8000,8517.45,-517.4501953125
3301,train,15000,8806.801,6193.19921875
2097,train,8500,9417.927,-917.9267578125
450,train,30000,13180.711,16819.2890625
709,train,300000,113325.266,186674.734375
4273,train,8000,10871.19,-2871.1904296875
2355,train,22000,15018.971,6981.029296875
114,train,15000,18637.719,-3637.71875
923,train,43500,38658.09,4841.91015625
2625,train,10000,9434.406,565.59375
1879,train,21000,33646.004,-12646.00390625
4640,train,15000,14533.134,466.8662109375
4380,train,25000,20385.504,4614.49609375
969,train,60000,59943.246,56.75390625
1326,train,850000,540654.56,309345.4375
3392,train,130000,119584.71,10415.2890625
3612,train,12500,9955.693,2544.306640625
4460,train,15000,14386.523,613.4765625
790,train,55000,52113.594,2886.40625
4358,train,21000,17923.988,3076.01171875
1887,train,20000,17009.656,2990.34375
985,train,22000,23170.145,-1170.14453125
933,train,65000,52223.1,12776.8984375
4126,train,6500,7689.2173,-1189.21728515625
2253,train,15000,14640.953,359.046875
1308,train,30000,36934.65,-6934.6484375
4613,train,15000,16752.688,-1752.6875
1295,train,22000,34668.453,-12668.453125
1750,train,12000,8950.761,3049.2392578125
4429,train,8000,12686.637,-4686.63671875
3593,train,8000,9646.966,-1646.9658203125
2153,train,14000,9826.236,4173.763671875
3572,train,130000,117317.805,12682.1953125
3128,train,17000,20851.19,-3851.189453125
2155,train,20000,21810.266,-1810.265625
2621,train,6000,10387.583,-4387.5830078125
1624,train,11500,11829.42,-329.419921875
551,train,25000,17312.008,7687.9921875
3966,train,100000,104882.76,-4882.7578125
1741,train,5000,8037.9517,-3037.95166015625
755,train,42000,46435.633,-4435.6328125
645,train,65000,78916.055,-13916.0546875
446,train,10000,9919.128,80.8720703125
390,train,22000,20102.926,1897.07421875
4259,train,25000,20277.828,4722.171875
222,train,25000,16144.503,8855.4970703125
869,train,200000,174927.25,25072.75
3528,train,35000,36845.08,-1845.078125
205,train,15000,12845.527,2154.47265625
1593,train,16000,12123.745,3876.2548828125
1370,train,60000,118081.875,-58081.875
2202,train,14500,16022.326,-1522.326171875
1613,train,9000,7845.666,1154.333984375
3246,train,15000,14320.813,679.1865234375
495,train,10000,5882.0776,4117.92236328125
2380,train,9500,8734.167,765.8330078125
2477,train,10000,10440.474,-440.4736328125
123,train,8000,9695.873,-1695.873046875
2297,train,9250,10854.965,-1604.96484375
1908,train,20000,17753.16,2246.83984375
359,train,15000,8725.042,6274.9580078125
4137,train,12500,13065.887,-565.88671875
2022,train,35000,17273.383,17726.6171875
1187,train,45000,14828.531,30171.46875
3902,train,9000,10372.9795,-1372.9794921875
1736,train,10500,9841.619,658.380859375
822,train,93000,132683.53,-39683.53125
1251,train,45000,56689.13,-11689.12890625
3817,train,16000,16511.375,-511.375
3451,train,15000,13230.624,1769.3759765625
1557,train,9500,10137.52,-637.51953125
837,train,33003,41593.06,-8590.05859375
3617,train,27000,29680.826,-2680.826171875
4610,train,15000,7544.518,7455.48193359375
3848,train,70000,89595.57,-19595.5703125
4110,train,10000,8052.347,1947.65283203125
892,train,25000,22256.475,2743.525390625
1146,train,32000,20784.201,11215.798828125
1462,train,45000,44420.46,579.5390625
831,train,200000,167967.6,32032.40625
4716,train,9000,12339.324,-3339.32421875
589,train,40000,42254.598,-2254.59765625
4730,train,25000,18956.44,6043.560546875
2366,train,16000,14935.251,1064.7490234375
2274,train,8200,8832.77,-632.76953125
98,train,18000,14989.35,3010.650390625
2115,train,5000,7551.624,-2551.6240234375
3701,train,8000,11195.139,-3195.138671875
3415,train,24000,24156.428,-156.427734375
4104,train,15000,18668.176,-3668.17578125
1028,train,180000,180301.67,-301.671875
3376,train,38000,30285.854,7714.146484375
1219,train,260000,298021.47,-38021.46875
4723,train,7000,8481.165,-1481.1650390625
1693,train,15000,12576.381,2423.619140625
4617,train,8500,7017.9175,1482.08251953125
1922,train,20000,16665.645,3334.35546875
1684,train,7000,7369.7476,-369.74755859375
3602,train,8500,8650.755,-150.7548828125
1310,train,15000,16528.959,-1528.958984375
1047,train,95000,116150.22,-21150.21875
620,train,40000,47873.973,-7873.97265625
2734,train,80000,83875.36,-3875.359375
4329,train,13000,20018.725,-7018.724609375
490,train,8000,7565.076,434.923828125
1205,train,150000,139739.69,10260.3125
1853,train,18500,22436.477,-3936.4765625
2537,train,11000,10907.53,92.4697265625
250,train,12000,11151.766,848.234375
724,train,85000,121500.586,-36500.5859375
1444,train,36000,19693.316,16306.68359375
4568,train,16500,13989.036,2510.9638671875
2643,train,6500,8177.1406,-1677.140625
1160,train,300000,345536.1,-45536.09375
3658,train,9000,11037.085,-2037.0849609375
3356,train,11500,12146.013,-646.0126953125
1338,train,21000,17905.11,3094.890625
2308,train,20000,21997.818,-1997.818359375
2875,train,18000,14782.555,3217.4453125
4694,train,12000,14983.104,-2983.103515625
3803,train,8500,9583.185,-1083.1845703125
3313,train,45000,33010.984,11989.015625
2390,train,22000,11909.047,10090.953125
3534,train,16500,14688.282,1811.7177734375
379,train,40000,30144.77,9855.23046875
2532,train,15000,11874.092,3125.908203125
684,train,150000,143883.23,6116.765625
4035,train,9000,10057.93,-1057.9296875
2475,train,11000,10525.338,474.662109375
36,train,12500,11822.032,677.9677734375
2642,train,10000,14128.482,-4128.482421875
1576,train,15000,14630.54,369.4599609375
2619,train,12500,13436.249,-936.2490234375
3059,train,3000,6121.505,-3121.5048828125
3633,train,15000,14462.56,537.4404296875
658,train,32000,28228.537,3771.462890625
463,train,9500,7153.248,2346.751953125
299,train,20000,17053.043,2946.95703125
3323,train,25000,21265.059,3734.94140625
2012,train,25000,43146.406,-18146.40625
2503,train,12500,10678.722,1821.2783203125
3483,train,40000,46277.227,-6277.2265625
2733,train,9300,9109.029,190.970703125
2583,train,15000,13584.003,1415.9970703125
1249,train,52000,29436.39,22563.609375
2135,train,25000,31578.03,-6578.029296875
3014,train,6500,10363.704,-3863.7041015625
3072,train,12000,13562.565,-1562.5654296875
2134,train,21000,17364.08,3635.919921875
4330,train,6000,7436.964,-1436.9638671875
1995,train,15000,14450.8125,549.1875
981,train,23500,23054.773,445.2265625
1167,train,140000,127918.23,12081.7734375
1701,train,5000,9246.017,-4246.0166015625
3868,train,23000,15025.619,7974.380859375
540,train,35000,33970.3,1029.69921875
919,train,230000,264227.75,-34227.75
4265,train,34000,41842.4,-7842.3984375
3142,train,6500,12780.222,-6280.2216796875
179,train,15000,16517.818,-1517.818359375
3690,train,8500,9841.693,-1341.693359375
4070,train,17000,19811.016,-2811.015625
1195,train,90000,74264.56,15735.4375
1245,train,26000,27146.305,-1146.3046875
216,train,7000,9092.164,-2092.1640625
753,train,170000,141613.61,28386.390625
3604,train,40000,38453.316,1546.68359375
4462,train,9000,7732.934,1267.06591796875
3496,train,10000,11091.367,-1091.3671875
1711,train,7500,7686.563,-186.56298828125
1398,train,140000,112245.89,27754.109375
4283,train,15000,12912.951,2087.048828125
4085,train,16000,14018.379,1981.62109375
1213,train,85000,81385.28,3614.71875
3286,train,10000,7535.0107,2464.9892578125
2959,train,15000,9401.351,5598.6494140625
3304,train,15000,11916.102,3083.8984375
120,train,6300,5549.9595,750.04052734375
759,train,14000,16250.183,-2250.1826171875
3969,train,24000,18899.232,5100.767578125
3773,train,7500,7063.7915,436.20849609375
2056,train,22500,16699.63,5800.369140625
2620,train,14000,13531.466,468.5341796875
131,train,6000,6887.3403,-887.34033203125
2300,train,12000,6671.4556,5328.54443359375
1096,train,110000,125543.625,-15543.625
2169,train,18000,16882.205,1117.794921875
4531,train,20000,9624.357,10375.642578125
4012,train,130000,89699.11,40300.890625
743,train,25000,22963.879,2036.12109375
3916,train,9000,7255.2324,1744.767578125
3527,train,12000,16939.96,-4939.9609375
680,train,30000,24691.15,5308.849609375
4398,train,8000,10173.153,-2173.1533203125
4033,train,8500,7835.3984,664.6015625
2490,train,45000,35395.227,9604.7734375
2375,train,8000,8190.285,-190.28515625
2889,train,10000,12408.576,-2408.576171875
2328,train,25000,22515.918,2484.08203125
797,train,200000,204302.06,-4302.0625
4337,train,10000,11111.676,-1111.67578125
2800,train,12000,12748.156,-748.15625
4478,train,9000,12436.953,-3436.953125
467,train,7500,8367.783,-867.783203125
1169,train,65000,78164.41,-13164.40625
2616,train,14000,7651.7954,6348.20458984375
2624,train,8000,26519.41,-18519.41015625
3826,train,15000,16262.074,-1262.07421875
4500,train,30000,35746.027,-5746.02734375
1883,train,7500,7588.3604,-88.3603515625
208,train,18000,15899.376,2100.6240234375
281,train,6500,5609.2466,890.75341796875
492,train,20000,11176.053,8823.947265625
4704,train,35000,26147.271,8852.728515625
2828,train,15000,18390.256,-3390.255859375
3373,train,35000,32609.117,2390.8828125
3106,train,15000,14074.766,925.234375
2350,train,8000,8601.186,-601.185546875
1110,train,180000,136173.77,43826.234375
1182,train,55000,64055.52,-9055.51953125
1603,train,12000,11830.627,169.373046875
2251,train,18500,13112.188,5387.8115234375
4714,train,17000,14043.51,2956.490234375
1441,train,65000,71829.61,-6829.609375
2817,train,30000,27662.18,2337.8203125
512,train,11000,9629.555,1370.4453125
1076,train,45000,49575.426,-4575.42578125
1889,train,13000,15902.728,-2902.7275390625
3955,train,12500,12966.747,-466.7470703125
2689,train,30000,22701.332,7298.66796875
507,train,5000,5155.8706,-155.87060546875
1813,train,60000,47676.773,12323.2265625
2523,train,15000,13274.521,1725.478515625
3237,train,4500,5736.301,-1236.30078125
1605,train,36000,35739.484,260.515625
2032,train,9000,10679.16,-1679.16015625
3175,train,18000,15255.486,2744.513671875
1306,train,140000,162236.66,-22236.65625
3941,train,28000,29170.756,-1170.755859375
2386,train,3500,5991.055,-2491.05517578125
4533,train,14000,14244.762,-244.76171875
497,train,10000,9425.493,574.5068359375
3485,train,8000,7848.353,151.64697265625
3378,train,7500,6250.548,1249.4521484375
3438,train,12500,11521.177,978.8232421875
3540,train,72000,47981.707,24018.29296875
249,train,6000,7909.3276,-1909.32763671875
954,train,40000,25612.775,14387.224609375
1649,train,22000,16300.148,5699.8515625
1415,train,25000,27697.37,-2697.369140625
4254,train,15000,12071.823,2928.1767578125
45,train,10000,13499.64,-3499.6396484375
1132,train,75000,84883.086,-9883.0859375
3209,train,14000,10468.333,3531.6669921875
3493,train,60000,50062.8,9937.19921875
3484,train,25000,21933.275,3066.724609375
2392,train,11000,9430.7,1569.2998046875
94,train,20000,13856.145,6143.85546875
3897,train,11000,10089.502,910.498046875
4324,train,52000,59875.254,-7875.25390625
1387,train,210000,215362.11,-5362.109375
1700,train,6000,6353.5693,-353.5693359375
4473,train,8000,11576.305,-3576.3046875
4413,train,10000,13563.393,-3563.392578125
3787,train,80000,103590.85,-23590.8515625
2400,train,16000,10995.971,5004.029296875
3007,train,12000,11206.195,793.8046875
3641,train,11000,13311.745,-2311.7451171875
3659,train,18000,16693.436,1306.564453125
1816,train,11000,12135.742,-1135.7421875
626,train,180000,273412.25,-93412.25
3588,train,18000,10847.007,7152.9931640625
548,train,8000,14064.46,-6064.4599609375
4586,train,37000,37323.625,-323.625
1443,train,55000,51672.99,3327.01171875
2807,train,15000,16821.549,-1821.548828125
4167,train,85000,70716.45,14283.546875
73,train,6500,7094.8184,-594.818359375
2498,train,25000,16565.066,8434.93359375
2679,train,35000,23279.986,11720.013671875
980,train,40000,53219.367,-13219.3671875
1532,train,50000,35343.785,14656.21484375
2128,train,13000,14111.837,-1111.8369140625
971,train,130000,141446.52,-11446.515625
4013,train,27000,30006.229,-3006.228515625
195,train,6000,7361.7876,-1361.78759765625
260,train,25000,36424.77,-11424.76953125
1224,train,60000,52252.742,7747.2578125
162,train,3500,3755.5688,-255.56884765625
651,train,17500,20929.49,-3429.490234375
3584,train,22000,18460.178,3539.822265625
3900,train,23382,22315.094,1066.90625
3998,train,18000,18955.535,-955.53515625
4390,train,20000,12984.196,7015.8037109375
2935,train,14000,22170.125,-8170.125
686,train,160000,114143.09,45856.90625
1668,train,15000,18210.729,-3210.728515625
2666,train,8500,9096.883,-596.8828125
3490,train,8500,10376.057,-1876.056640625
3032,train,150000,103881.91,46118.09375
4047,train,45000,59005.51,-14005.51171875
1342,train,18000,19694.463,-1694.462890625
1348,train,140000,93252.79,46747.2109375
902,train,8000,14221.807,-6221.806640625
3314,train,22000,15580.745,6419.2548828125
913,train,21000,24229.916,-3229.916015625
2574,train,45000,42612.664,2387.3359375
1293,train,33000,28543.625,4456.375
4228,train,16000,11518.166,4481.833984375
153,train,20000,20421.037,-421.037109375
2974,train,9000,7742.307,1257.69287109375
4656,train,20000,11849.2705,8150.7294921875
586,train,38000,39172.734,-1172.734375
3492,train,11000,11178.803,-178.802734375
1207,train,40000,27309.3,12690.69921875
1450,train,14000,16931.965,-2931.96484375
3639,train,10000,12519.57,-2519.5703125
4578,train,15000,19074.01,-4074.009765625
3344,train,8500,9353.152,-853.15234375
3847,train,40000,77795.766,-37795.765625
4024,train,15000,13187.879,1812.12109375
3671,train,11000,11183.442,-183.4423828125
3226,train,38000,39336.223,-1336.22265625
829,train,75000,47737.105,27262.89453125
1133,train,45000,68066.94,-23066.9375
2737,train,13000,10406.553,2593.447265625
4115,train,18000,13710.648,4289.3515625
3548,train,8500,10387.177,-1887.1767578125
997,train,39000,44130.543,-5130.54296875
276,train,5000,6058.4854,-1058.4853515625
601,train,70000,72546.9,-2546.8984375
3203,train,80000,68225.19,11774.8125
2360,train,6000,8839.275,-2839.275390625
3912,train,25000,17116.803,7883.197265625
2293,train,9000,6978.3486,2021.6513671875
1745,train,5500,6728.7666,-1228.7666015625
11,train,5000,5518.1133,-518.11328125
3476,train,13000,17245.564,-4245.564453125
1420,train,75000,64086.316,10913.68359375
554,train,23000,30818.803,-7818.802734375
1268,train,43000,47155.117,-4155.1171875
4671,train,18000,19527.273,-1527.2734375
1643,train,20000,18451.71,1548.2890625
4327,train,7000,11293.308,-4293.3076171875
2515,train,85000,71259.336,13740.6640625
2941,train,10000,7136.919,2863.0810546875
948,train,45000,45563.965,-563.96484375
3379,train,12500,11170.532,1329.4677734375
1480,train,680000,448548.3,231451.6875
3464,train,22000,22128.488,-128.48828125
2125,train,20000,16976.887,3023.11328125
2285,train,24000,21001.072,2998.927734375
1315,train,40000,42427.184,-2427.18359375
983,train,110000,141956.92,-31956.921875
3387,train,15000,13907.674,1092.326171875
2814,train,70000,51520.984,18479.015625
2780,train,33000,38121.617,-5121.6171875
2771,train,9000,10054.496,-1054.49609375
2017,train,15000,8905.442,6094.5576171875
2152,train,75000,50769.977,24230.0234375
3109,train,75000,52409.105,22590.89453125
3363,train,12000,12056.462,-56.4619140625
1366,train,90000,80142.38,9857.6171875
414,train,8500,9777.856,-1277.8564453125
2658,train,29000,35302.414,-6302.4140625
2137,train,13000,16085.623,-3085.623046875
1033,train,400000,251349.27,148650.734375
2549,train,10000,20490.234,-10490.234375
950,train,160000,165018.47,-5018.46875
4004,train,9000,7257.3364,1742.66357421875
4113,train,9000,10883.754,-1883.75390625
1208,train,52000,53349.76,-1349.76171875
1014,train,44000,54013.094,-10013.09375
4080,train,18000,17059.71,940.2890625
2398,train,350000,78550.38,271449.6171875
2420,train,13000,13425.822,-425.822265625
4231,train,10000,9202.396,797.603515625
113,train,12000,12391.582,-391.58203125
2500,train,22000,22967.777,-967.77734375
2489,train,8000,9837.499,-1837.4990234375
809,train,55000,69621.805,-14621.8046875
1447,train,170000,212575.95,-42575.953125
835,train,40000,27459.42,12540.580078125
3232,train,7000,5630.8125,1369.1875
3596,train,9800,14257.715,-4457.71484375
4083,train,14000,12111.575,1888.4248046875
3160,train,12000,11380.686,619.314453125
27,train,6000,9852.579,-3852.5791015625
4109,train,6500,6843.9043,-343.904296875
3709,train,20000,21983.22,-1983.220703125
1949,train,22000,12721.06,9278.9404296875
4039,train,17000,15785.541,1214.458984375
3719,train,12000,12281.535,-281.53515625
2221,train,18000,13447.108,4552.8916015625
1719,train,7000,7585.3716,-585.37158203125
3381,train,16000,13166.362,2833.6376953125
1971,train,10000,13769.829,-3769.8291015625
2306,train,8000,7733.856,266.14404296875
2110,train,8500,13912.37,-5412.3701171875
3297,train,29000,26364.094,2635.90625
4051,train,15000,12297.382,2702.6181640625
2681,train,30000,38996.277,-8996.27734375
3019,train,8000,8906.929,-906.9287109375
2189,train,28000,36495.39,-8495.390625
3767,train,6000,6639.518,-639.51806640625
294,train,10000,9720.132,279.8681640625
115,train,14000,13456.718,543.2822265625
4016,train,10000,11409.072,-1409.072265625
2447,train,5500,6827.2134,-1327.21337890625
2037,train,10000,9152.644,847.3564453125
3930,train,20000,18757.535,1242.46484375
4362,train,13000,13137.537,-137.537109375
3799,train,15000,13559.552,1440.4482421875
1029,train,180000,176191.66,3808.34375
88,train,6500,8083.2656,-1583.265625
900,train,180000,147526.75,32473.25
1309,train,85000,65125.66,19874.33984375
4065,train,8000,13527.311,-5527.310546875
2147,train,39000,42083.88,-3083.87890625
3509,train,110000,43940.594,66059.40625
1371,train,49000,61314.53,-12314.53125
552,train,14000,20812.111,-6812.111328125
1692,train,10000,8740.217,1259.783203125
989,train,150000,123487.54,26512.4609375
3361,train,16000,17655.885,-1655.884765625
646,train,80000,43747.746,36252.25390625
2243,train,4700,6929.3535,-2229.353515625
2058,train,12000,15656.715,-3656.71484375
1591,train,8000,7345.305,654.69482421875
3728,train,10000,11503.839,-1503.8388671875
4171,train,10000,12693.039,-2693.0390625
2591,train,30000,31684.76,-1684.759765625
4621,train,11500,11801.675,-301.6748046875
739,train,65000,56662.266,8337.734375
4169,train,14000,10980.303,3019.697265625
3806,train,5000,6751.6475,-1751.6474609375
1108,train,24000,33153.31,-9153.30859375
2849,train,25000,18693.85,6306.150390625
4660,train,140000,145398.5,-5398.5
726,train,150000,203309.25,-53309.25
2070,train,8000,13162.169,-5162.1689453125
2543,train,6000,10180.938,-4180.9384765625
4238,train,8500,12118.636,-3618.6357421875
4249,train,12000,10244.612,1755.3876953125
3469,train,9000,13778.118,-4778.1181640625
2851,train,14000,13374.981,625.0185546875
2151,train,17500,22457.393,-4957.392578125
2395,train,11000,17180.096,-6180.095703125
2547,train,45000,33123.535,11876.46484375
1640,train,15000,17142.713,-2142.712890625
3770,train,16000,20313.463,-4313.462890625
4212,train,12500,11751.658,748.341796875
3935,train,18000,14511.347,3488.6533203125
400,train,6000,7450.34,-1450.33984375
59,train,8500,10689.115,-2189.115234375
563,train,40000,48539.164,-8539.1640625
3890,train,10500,10006.1,493.900390625
775,train,36000,39435.125,-3435.125
1737,train,6000,6819.28,-819.27978515625
4359,train,95000,78709.35,16290.6484375
1454,train,55000,60515.69,-5515.69140625
2785,train,23000,21347.375,1652.625
2980,train,90000,89030.01,969.9921875
1652,train,15000,13317.904,1682.095703125
4576,train,15000,13244.941,1755.05859375
2779,train,20000,23198.934,-3198.93359375
3425,train,14000,13733.145,266.85546875
4674,train,19000,16842.209,2157.791015625
2898,train,11000,9190.695,1809.3046875
2604,train,21000,31040.33,-10040.330078125
523,train,25000,17926.178,7073.822265625
3409,train,20000,17729.541,2270.458984375
2141,train,15000,19850.525,-4850.525390625
4720,train,13000,12651.233,348.7666015625
1086,train,200000,114525.6,85474.3984375
286,train,12000,8956.056,3043.9443359375
1992,train,8500,13394.679,-4894.6787109375
1841,train,12000,11879.552,120.4482421875
2282,train,6500,8438.698,-1938.6982421875
1416,train,75000,80377.75,-5377.75
1452,train,7000,20656.209,-13656.208984375
4055,train,25000,18144.97,6855.029296875
2766,train,10000,12909.441,-2909.44140625
967,train,32000,34793.426,-2793.42578125
4135,train,14000,17928.092,-3928.091796875
2975,train,9000,12584.228,-3584.2275390625
2683,train,13000,17042.621,-4042.62109375
3347,train,7000,6615.396,384.60400390625
650,train,250000,297181.38,-47181.375
1650,train,6000,5564.51,435.490234375
4727,train,15000,17366.598,-2366.59765625
3669,train,13500,9210.238,4289.76171875
5,train,7000,7273.6147,-273.61474609375
2294,train,7500,14904.33,-7404.330078125
4438,train,7000,9764.398,-2764.3984375
58,train,7000,8168.177,-1168.1767578125
2649,train,7000,9626.084,-2626.083984375
754,train,29999,27438.24,2560.759765625
3522,train,15000,9644.987,5355.0126953125
4310,train,9000,7952.475,1047.52490234375
2101,train,18000,17469.393,530.607421875
3321,train,20000,28069.37,-8069.369140625
1406,train,45000,49653.594,-4653.59375
2511,train,45000,31566.348,13433.65234375
26,train,5300,6203.963,-903.962890625
4043,train,12000,10610.578,1389.421875
4026,train,20000,14316.907,5683.0927734375
1843,train,15000,15276.117,-276.1171875
315,train,8000,12616.988,-4616.98828125
3489,train,15000,13264.056,1735.9443359375
660,train,47000,50139.156,-3139.15625
2593,train,19500,16157.735,3342.2646484375
325,train,14000,10763.664,3236.3359375
4481,train,15000,14676.674,323.326171875
1394,train,12000,12515.917,-515.9169921875
1233,train,55000,63698.293,-8698.29296875
4651,train,22000,36375.16,-14375.16015625
2710,train,16500,16516.21,-16.2109375
1189,train,12500,18729.379,-6229.37890625
678,train,32000,22744.934,9255.06640625
536,train,49000,25563.21,23436.7890625
2829,train,20000,20320.07,-320.0703125
2914,train,150000,168448.69,-18448.6875
2336,train,120000,72298.805,47701.1953125
1002,train,190000,177875.75,12124.25
2578,train,12000,10051.112,1948.8876953125
2854,train,10000,10223.383,-223.3828125
4573,train,6500,10184.678,-3684.677734375
4244,train,6000,10064.657,-4064.6572265625
2067,train,30000,44055.145,-14055.14453125
2225,train,110000,58909.645,51090.35546875
49,train,15000,15585.1,-585.099609375
2540,train,15000,15854.479,-854.478515625
3994,train,9000,6957.367,2042.6328125
3510,train,8500,6689.743,1810.2568359375
2983,train,15000,15797.635,-797.634765625
1421,train,350000,232816.97,117183.03125
4399,train,55000,26466.25,28533.75
460,train,12500,12611.418,-111.41796875
2759,train,15000,12784.892,2215.1083984375
3120,train,8500,20369.938,-11869.9375
2481,train,150000,125312.76,24687.2421875
3915,train,6500,9306.968,-2806.9677734375
2199,train,19500,14976.031,4523.96875
4112,train,12000,12914.676,-914.67578125
3042,train,30000,27879.783,2120.216796875
3327,train,13000,13429.562,-429.5615234375
3292,train,14000,12625.92,1374.080078125
3182,train,20000,14585.873,5414.126953125
1869,train,15000,18953.602,-3953.6015625
3368,train,10000,11709.669,-1709.6689453125
2469,train,45000,20895.543,24104.45703125
119,train,14000,13604.695,395.3046875
3730,train,19397,21334.227,-1937.2265625
367,train,21000,17165.65,3834.349609375
1986,train,17000,8122.472,8877.52783203125
1912,train,9300,9293.805,6.1953125
3651,train,8000,9603.543,-1603.54296875
2099,train,8000,8612.53,-612.5302734375
116,train,5000,4397.0396,602.96044921875
3958,train,50000,51304.26,-1304.26171875
3111,train,6500,7716.0034,-1216.00341796875
3521,train,30000,28090.525,1909.474609375
3865,train,10677,12361.812,-1684.8115234375
4626,train,45000,40498.543,4501.45703125
649,train,18000,21767.625,-3767.625
1519,train,54000,48178.418,5821.58203125
3697,train,12000,15304.7295,-3304.7294921875
1081,train,300000,279856.56,20143.4375
2211,train,12000,15676.154,-3676.154296875
3372,train,16500,22982.678,-6482.677734375
1391,train,27000,40654.574,-13654.57421875
1811,train,23000,15519.672,7480.328125
2063,train,12500,7446.4043,5053.595703125
3467,train,10000,17051.936,-7051.935546875
4198,train,15000,15098.148,-98.1484375
2156,train,12000,15904.259,-3904.2587890625
3570,train,15000,16944.309,-1944.30859375
1654,train,10000,11706.029,-1706.029296875
4056,train,36000,20934.041,15065.958984375
615,train,60000,41515.105,18484.89453125
4314,train,19500,16353.964,3146.0361328125
4687,train,30000,78045.75,-48045.75
3946,train,12500,14912.705,-2412.705078125
3043,train,10000,11221.318,-1221.318359375
509,train,6000,7644.0703,-1644.0703125
4424,train,35000,28360.627,6639.373046875
3173,train,10000,12131.529,-2131.529296875
1357,train,75000,92812.625,-17812.625
947,train,40000,59328.668,-19328.66796875
912,train,100000,37358.953,62641.046875
532,train,130000,188879.8,-58879.796875
3342,train,18999,17526.016,1472.984375
3055,train,6000,7970.86,-1970.85986328125
1688,train,22000,20200.348,1799.65234375
3034,train,15000,14734.008,265.9921875
2947,train,12000,14383.629,-2383.62890625
447,train,12000,16457.105,-4457.10546875
3542,train,17000,20063.164,-3063.1640625
3918,train,12500,16845.84,-4345.83984375
2611,train,20500,21496.066,-996.06640625
624,train,150000,184069.05,-34069.046875
87,train,22000,15638.359,6361.640625
1612,train,13500,12842.611,657.388671875
1906,train,160000,183375.22,-23375.21875
3700,train,160000,86702.766,73297.234375
2691,train,14500,16053.407,-1553.4072265625
2424,train,27000,33902.176,-6902.17578125
789,train,180000,156480.1,23519.90625
2932,train,10000,11416.735,-1416.7353515625
1536,train,15000,12485.92,2514.080078125
4152,train,120000,118891.17,1108.828125
1050,train,30000,35764.99,-5764.98828125
4698,train,25000,12853.198,12146.8017578125
4464,train,6500,8384.496,-1884.49609375
2337,train,7000,7584.0405,-584.04052734375
864,train,18000,21935.953,-3935.953125
2000,train,32000,15757.578,16242.421875
2784,train,10000,15059.448,-5059.4482421875
4162,train,7000,10812.291,-3812.291015625
382,train,6500,7154.599,-654.59912109375
2086,train,17500,12912.286,4587.7138671875
1712,train,14000,15330.836,-1330.8359375
68,train,6500,8523.155,-2023.1552734375
1863,train,20000,23520.316,-3520.31640625
2159,train,12000,12135.268,-135.267578125
1601,train,55000,51258.145,3741.85546875
4040,train,9000,10308.351,-1308.3505859375
926,train,77500,70985.85,6514.1484375
4272,train,45000,45370.094,-370.09375
602,train,150000,149808.39,191.609375
77,train,5000,6832.3467,-1832.3466796875
2315,train,7000,8237.243,-1237.2431640625
478,train,18000,16853.81,1146.189453125
3266,train,35000,27869.895,7130.10546875
2188,train,12500,11484.982,1015.017578125
4708,train,20000,18604.35,1395.650390625
4711,train,17000,13509.789,3490.2109375
1785,train,9000,9402.283,-402.283203125
371,train,7000,11318.087,-4318.0869140625
1392,train,26000,22202.73,3797.26953125
1316,train,650000,555348.6,94651.375
3242,train,15000,19215.955,-4215.955078125
1695,train,56000,63819.113,-7819.11328125
2399,train,16000,18023.705,-2023.705078125
895,train,45000,40144.65,4855.3515625
1827,train,10000,10580.524,-580.5244140625
4015,train,13000,11942.168,1057.83203125
1749,train,15000,16796.523,-1796.5234375
2309,train,12500,10459.111,2040.888671875
1799,train,6500,7732.8823,-1232.88232421875
3239,train,10000,8623.767,1376.2333984375
2123,train,25000,20751.957,4248.04296875
1217,train,58000,63354.72,-5354.71875
283,train,10000,8876.212,1123.7880859375
133,train,4700,5199.1772,-499.17724609375
1855,train,8000,7848.1807,151.8193359375
3959,train,40000,38610.707,1389.29296875
908,train,32000,35126.0,-3126.0
2826,train,20000,24765.344,-4765.34375
731,train,40000,29336.87,10663.130859375
3224,train,12000,15570.94,-3570.9404296875
3606,train,12000,9577.227,2422.7734375
1969,train,18000,16796.572,1203.427734375
3434,train,20000,17134.98,2865.01953125
3450,train,5000,7251.2544,-2251.25439453125
4665,train,14000,11793.63,2206.3701171875
2036,train,12000,10070.735,1929.2646484375
4350,train,26000,20006.453,5993.546875
4068,train,8000,8772.22,-772.2197265625
888,train,35000,37715.152,-2715.15234375
1283,train,21000,24714.686,-3714.685546875
4636,train,12000,13383.16,-1383.16015625
15,train,40000,22940.414,17059.5859375
1000,train,25000,23989.814,1010.185546875
3205,train,23000,24280.46,-1280.4609375
4099,train,5400,6878.4053,-1478.4052734375
403,train,5000,5443.4976,-443.49755859375
847,train,300000,334905.7,-34905.6875
2445,train,23000,12236.836,10763.1640625
1669,train,11500,8417.613,3082.38671875
4445,train,6000,5791.681,208.31884765625
350,train,5500,8129.2534,-2629.25341796875
278,train,6500,5574.1567,925.84326171875
375,train,9900,8668.843,1231.1572265625
3620,train,45000,31568.033,13431.966796875
358,train,12000,8992.647,3007.3525390625
644,train,55000,45755.04,9244.9609375
617,train,84500,72048.055,12451.9453125
1655,train,21000,18212.691,2787.30859375
2961,train,40000,29099.262,10900.73828125
3090,train,15000,19079.068,-4079.068359375
2317,train,11000,10352.106,647.8935546875
3508,train,6800,6577.331,222.6689453125
879,train,28000,42768.64,-14768.640625
2942,train,35000,25047.055,9952.9453125
3216,train,7000,7191.5234,-191.5234375
2731,train,18000,21520.025,-3520.025390625
4227,train,12000,12357.025,-357.025390625
3275,train,23000,25592.898,-2592.8984375
4440,train,9000,11919.284,-2919.2841796875
3670,train,26000,18439.906,7560.09375
2577,train,25000,30644.064,-5644.064453125
2038,train,25000,16794.697,8205.302734375
4447,train,21000,13419.332,7580.66796875
407,train,35000,30112.156,4887.84375
3996,train,8000,10495.565,-2495.5654296875
1730,train,29000,30672.104,-1672.103515625
387,train,6000,7112.713,-1112.712890625
1781,train,20000,24733.195,-4733.1953125
3702,train,6000,7717.9395,-1717.939453125
4683,train,8000,12594.602,-4594.6015625
2510,train,11500,10991.588,508.412109375
1764,train,4500,7349.601,-2849.60107421875
4419,train,6000,6266.9766,-266.9765625
474,train,7000,7338.0713,-338.0712890625
3339,train,12000,6829.8315,5170.16845703125
2235,train,12000,12383.654,-383.654296875
1042,train,14000,14938.172,-938.171875
3828,train,70000,67511.6,2488.3984375
3093,train,15000,16518.559,-1518.55859375
738,train,55100,47927.92,7172.078125
2412,train,20000,15393.515,4606.4853515625
3810,train,28000,14214.863,13785.13671875
273,train,15000,7419.747,7580.2529296875
4693,train,12000,13019.054,-1019.0537109375
4384,train,13000,15966.038,-2966.0380859375
1458,train,27000,27519.691,-519.69140625
943,train,15000,27255.18,-12255.1796875
3194,train,16000,18100.654,-2100.654296875
1664,train,20000,16770.527,3229.47265625
134,train,14000,9042.3,4957.7001953125
3236,train,7000,6587.125,412.875
1171,train,54000,46447.855,7552.14453125
1818,train,10000,16382.141,-6382.140625
413,train,6800,7437.5454,-637.54541015625
1273,train,65000,67680.05,-2680.046875
2266,train,15000,14333.549,666.451171875
511,train,5000,6396.828,-1396.828125
2966,train,18000,21562.387,-3562.38671875
3171,train,11500,13916.1,-2416.099609375
569,train,65000,52464.113,12535.88671875
524,train,70000,78649.85,-8649.8515625
3646,train,12000,14411.078,-2411.078125
1966,train,10000,8968.741,1031.2587890625
4205,train,7500,10987.469,-3487.46875
2981,train,200000,192732.3,7267.703125
825,train,55000,76897.47,-21897.46875
2595,train,25000,16192.028,8807.9716796875
3992,train,9500,15282.573,-5782.5732421875
2638,train,45000,56452.34,-11452.33984375
3276,train,11000,11225.321,-225.3212890625
394,train,8500,10599.635,-2099.634765625
81,train,8200,6340.257,1859.7431640625
3975,train,10000,10239.377,-239.376953125
3049,train,15000,11487.711,3512.2890625
1615,train,12000,12464.99,-464.990234375
72,train,16000,15709.186,290.814453125
2716,train,8000,9936.588,-1936.587890625
3047,train,30000,26061.008,3938.9921875
2087,train,6500,8288.312,-1788.3115234375
2971,train,12000,12327.032,-327.0322265625
3170,train,25000,23650.826,1349.173828125
3878,train,13000,12411.394,588.6064453125
1089,train,6000,8473.023,-2473.0234375
29,train,12500,9483.041,3016.958984375
3114,train,15000,11154.5625,3845.4375
3300,train,8200,10895.396,-2695.396484375
339,train,7500,8928.047,-1428.046875
3421,train,6000,10175.085,-4175.0849609375
1125,train,14000,16068.496,-2068.49609375
2072,train,8000,8133.263,-133.26318359375
3616,train,17500,18202.135,-702.134765625
1748,train,8500,7325.931,1174.06884765625
550,train,20000,34067.766,-14067.765625
3287,train,7000,13833.116,-6833.1162109375
2205,train,280000,169423.23,110576.765625
785,train,85000,45574.613,39425.38671875
2124,train,14000,13477.448,522.5517578125
84,train,6700,9505.055,-2805.0546875
2504,train,15000,18171.71,-3171.7109375
1633,train,20000,13510.665,6489.3349609375
3073,train,75000,53877.84,21122.16015625
2743,train,530000,372193.3,157806.6875
2761,train,50000,40161.844,9838.15625
2181,train,9500,11519.803,-2019.802734375
2973,train,31000,25292.309,5707.69140625
2455,train,5000,8414.899,-3414.8994140625
1163,train,40000,40315.383,-315.3828125
2289,train,4000,5013.3096,-1013.3095703125
4253,train,11000,11354.329,-354.3291015625
3515,train,17000,16979.865,20.134765625
4114,train,60000,63491.355,-3491.35546875
1540,train,12000,13779.274,-1779.2744140625
3513,train,10000,12322.707,-2322.70703125
4692,train,7500,10978.062,-3478.0615234375
1470,train,80000,73876.18,6123.8203125
2068,train,25000,22291.697,2708.302734375
3432,train,10500,11326.153,-826.1533203125
679,train,150000,165579.2,-15579.203125
2633,train,22000,17101.057,4898.943359375
2915,train,13000,14618.656,-1618.65625
543,train,21000,25116.066,-4116.06640625
1793,train,30000,39149.805,-9149.8046875
2402,train,8000,8860.792,-860.7919921875
940,train,36000,33945.27,2054.73046875
352,train,7000,7000.041,-0.041015625
1023,train,45000,49554.105,-4554.10546875
786,train,75000,83000.695,-8000.6953125
1964,train,6500,6429.223,70.77685546875
3051,train,20000,14831.827,5168.1728515625
2647,train,5500,9249.298,-3749.2978515625
3520,train,8000,8698.926,-698.92578125
2866,train,8000,11603.575,-3603.5751953125
4136,train,25000,20847.393,4152.607421875
1031,train,20000,18394.957,1605.04296875
2472,train,9000,10590.661,-1590.6611328125
284,train,1500,3778.9348,-2278.934814453125
3721,train,16000,20923.184,-4923.18359375
4554,train,7500,10264.144,-2764.1435546875
1667,train,14500,14192.512,307.48828125
2627,train,25000,19094.76,5905.240234375
2880,train,7000,6784.648,215.35205078125
2076,train,6000,9028.666,-3028.666015625
4052,train,5500,6921.7236,-1421.7236328125
4048,train,20000,18211.477,1788.5234375
3656,train,16000,16124.96,-124.9599609375
2260,train,100000,64982.656,35017.34375
1945,train,30000,21007.543,8992.45703125
1486,train,45000,47075.855,-2075.85546875
308,train,13000,16355.805,-3355.8046875
1150,train,65000,73120.57,-8120.5703125
762,train,53500,40952.07,12547.9296875
1638,train,30000,31504.633,-1504.6328125
599,train,120000,127961.42,-7961.421875
3005,train,20000,16557.328,3442.671875
253,train,12000,16484.957,-4484.95703125
143,train,8000,10483.359,-2483.359375
1738,train,16000,17882.564,-1882.564453125
2341,train,11000,12864.261,-1864.2607421875
4219,train,9000,10556.192,-1556.1923828125
4486,train,12000,12288.261,-288.2607421875
3129,train,8500,11540.246,-3040.24609375
3388,train,7500,13897.875,-6397.875
1122,train,40000,33612.266,6387.734375
4370,train,30000,28683.781,1316.21875
51,train,7500,5410.4814,2089.5185546875
1770,train,10000,14397.244,-4397.244140625
3554,train,16000,11262.318,4737.681640625
2564,train,14500,21609.697,-7109.697265625
3253,train,12000,11492.599,507.4013671875
2319,train,60000,57507.234,2492.765625
2254,train,17600,16729.855,870.14453125
2910,train,13000,16427.623,-3427.623046875
2929,train,42000,43076.92,-1076.921875
4378,train,12000,14485.061,-2485.060546875
4351,train,8000,7145.733,854.26708984375
845,train,28000,48589.23,-20589.23046875
4130,train,12000,11905.401,94.5986328125
3691,train,5000,6210.156,-1210.15576171875
674,train,32000,33064.895,-1064.89453125
1959,train,10000,6977.643,3022.35693359375
2752,train,7000,11176.223,-4176.22265625
1623,train,6500,7866.8794,-1366.87939453125
3964,train,16000,17190.322,-1190.322265625
4701,train,12500,11721.659,778.3408203125
1629,train,15000,13692.823,1307.1767578125
3085,train,16000,17129.965,-1129.96484375
2354,train,17000,15132.66,1867.33984375
4159,train,17500,19331.375,-1831.375
1621,train,18000,19527.348,-1527.34765625
4614,train,9500,9848.924,-348.923828125
1776,train,12000,15553.575,-3553.5751953125
436,train,7000,9859.178,-2859.177734375
3384,train,16000,17909.943,-1909.943359375
732,train,180000,154745.7,25254.296875
415,train,5000,7004.7964,-2004.79638671875
3271,train,13000,12464.729,535.271484375
993,train,200000,220925.19,-20925.1875
2419,train,16000,15260.085,739.9150390625
529,train,160000,55002.84,104997.16015625
1594,train,4500,7750.678,-3250.67822265625
52,train,5000,7819.1235,-2819.12353515625
354,train,10000,10219.736,-219.736328125
1218,train,130000,87266.2,42733.796875
3877,train,7000,4590.522,2409.47802734375
4282,train,7000,11968.1875,-4968.1875
4648,train,15000,12065.0205,2934.9794921875
2894,train,23000,25620.959,-2620.958984375
454,train,8500,8067.5225,432.4775390625
2789,train,30000,26154.33,3845.669921875
995,train,48000,36902.293,11097.70703125
2764,train,15000,20444.791,-5444.791015625
152,train,5000,9920.982,-4920.982421875
813,train,45000,48300.516,-3300.515625
82,train,15000,12288.026,2711.9736328125
1662,train,8000,9674.691,-1674.69140625
2333,train,9000,12002.355,-3002.35546875
723,train,80000,79875.016,124.984375
3863,train,15000,12327.773,2672.2265625
2832,train,8000,14459.471,-6459.470703125
695,train,17000,21634.484,-4634.484375
2844,train,28000,24132.02,3867.98046875
3760,train,8000,5681.19,2318.81005859375
4375,train,25000,21979.363,3020.63671875
2608,train,32000,36161.504,-4161.50390625
2684,train,11000,9794.993,1205.0068359375
1007,train,39000,30461.514,8538.486328125
4354,train,10000,14076.9,-4076.900390625
1082,train,80000,42313.637,37686.36328125
2518,train,32000,33639.043,-1639.04296875
1717,train,5500,7340.9067,-1840.90673828125
4639,train,80000,88949.98,-8949.9765625
3910,train,5500,5783.7534,-283.75341796875
4328,train,16500,18009.924,-1509.923828125
3804,train,35000,29677.855,5322.14453125
1430,train,58000,45735.887,12264.11328125
3505,train,6500,5485.341,1014.6591796875
3364,train,12000,12066.125,-66.125
2209,train,180000,105074.375,74925.625
4411,train,8000,10479.062,-2479.0615234375
2231,train,11000,13923.175,-2923.1748046875
2765,train,30000,21593.832,8406.16796875
2479,train,25000,22744.457,2255.54296875
1404,train,50000,37610.305,12389.6953125
246,train,10000,12562.774,-2562.7744140625
2711,train,100000,122110.56,-22110.5625
3541,train,10000,7914.633,2085.3671875
1916,train,14000,13877.239,122.7607421875
2562,train,10000,8192.34,1807.66015625
2831,train,40000,28924.645,11075.35546875
513,train,10000,11660.332,-1660.33203125
397,train,6000,4488.734,1511.26611328125
581,train,28000,21881.25,6118.75
3311,train,280000,192708.95,87291.046875
2130,train,24000,20574.87,3425.130859375
3156,train,18000,20113.033,-2113.033203125
3837,train,12000,17032.627,-5032.626953125
984,train,150000,216383.86,-66383.859375
4193,train,30000,24563.05,5436.94921875
3598,train,15000,18597.164,-3597.1640625
3665,train,15000,13509.119,1490.880859375
244,train,15000,18279.62,-3279.619140625
327,train,7000,6898.5103,101.48974609375
1569,train,12000,13654.026,-1654.0263671875
4388,train,10000,14173.952,-4173.9521484375
3310,train,14500,13041.137,1458.86328125
161,train,10000,8722.495,1277.5048828125
2198,train,7500,9419.068,-1919.068359375
3913,train,23000,17269.957,5730.04296875
1180,train,25000,25864.975,-864.974609375
4111,train,12000,14020.625,-2020.625
1350,train,21000,23447.615,-2447.615234375
4575,train,17500,15928.547,1571.453125
1794,train,120000,103730.836,16269.1640625
2859,train,40000,44872.008,-4872.0078125
3161,train,16000,12001.542,3998.4580078125
368,train,5000,4553.1006,446.8994140625
4524,train,7500,10610.214,-3110.2138671875
3686,train,25000,22070.97,2929.029296875
1697,train,25000,17419.764,7580.236328125
3358,train,4200,7646.1123,-3446.1123046875
4147,train,20000,18626.826,1373.173828125
3579,train,18000,16303.786,1696.2138671875
3472,train,7000,15725.24,-8725.240234375
4145,train,10500,12791.7705,-2291.7705078125
4103,train,14000,12981.484,1018.515625
18,train,11000,11386.526,-386.5263671875
2256,train,8000,9478.737,-1478.7373046875
2561,train,15000,11246.39,3753.6103515625
498,train,10500,12144.866,-1644.8662109375
199,train,24000,16325.772,7674.2275390625
1339,train,46700,45734.93,965.0703125
657,train,160000,132223.98,27776.015625
3893,train,14000,18766.893,-4766.892578125
2907,train,40000,44431.65,-4431.6484375
139,train,15000,18828.564,-3828.564453125
3739,train,13500,13084.692,415.3076171875
518,train,5000,5168.4907,-168.49072265625
1057,train,45000,32839.285,12160.71484375
4216,train,45000,51428.594,-6428.59375
3797,train,25000,19035.92,5964.080078125
3648,train,11000,11357.546,-357.5458984375
958,train,50000,82193.37,-32193.3671875
1620,train,11000,8263.353,2736.6474609375
430,train,5000,4895.752,104.248046875
734,train,140000,177550.19,-37550.1875
1865,train,20000,21950.14,-1950.140625
2664,train,30000,36411.848,-6411.84765625
3833,train,12000,12416.662,-416.662109375
440,train,8000,7355.7305,644.26953125
4387,train,9000,10334.172,-1334.171875
2720,train,9000,7964.157,1035.8427734375
2707,train,70000,103134.55,-33134.546875
4174,train,25000,17528.975,7471.025390625
4363,train,12000,14547.362,-2547.3623046875
974,train,98000,114057.79,-16057.7890625
3488,train,17000,23501.975,-6501.974609375
3461,train,25000,24814.33,185.669921875
3264,train,14000,13269.116,730.8837890625
918,train,75000,45451.645,29548.35546875
3812,train,14000,11119.871,2880.12890625
2956,train,52000,39466.766,12533.234375
2551,train,8000,11562.655,-3562.6552734375
1541,train,7000,7515.567,-515.56689453125
3048,train,13000,14211.203,-1211.203125
4676,train,10000,11729.454,-1729.4541015625
1191,train,55000,44082.465,10917.53515625
402,train,9000,8764.358,235.6416015625
4645,train,5000,6259.5986,-1259.5986328125
1646,train,8000,8160.133,-160.1328125
4525,train,25000,22851.758,2148.2421875
3605,train,17000,16343.751,656.2490234375
2485,train,17000,18171.71,-1171.7109375
4049,train,16000,10629.763,5370.2373046875
3366,train,15723,18251.068,-2528.068359375
1514,train,17000,14361.875,2638.125
1626,train,13000,10145.558,2854.4423828125
2252,train,4750,6034.7866,-1284.78662109375
357,train,7000,7159.6304,-159.63037109375
4069,train,15000,23405.434,-8405.43359375
2572,train,200000,84803.79,115196.2109375
4661,train,65000,64965.613,34.38671875
2976,train,27000,25226.277,1773.72265625
2136,train,8500,9009.294,-509.2939453125
177,train,4000,7278.3545,-3278.3544921875
1325,train,26000,25029.553,970.447265625
1008,train,190000,190715.19,-715.1875
2778,train,25000,23248.059,1751.94140625
4547,train,7500,7401.2,98.7998046875
3369,train,3000,6041.906,-3041.90576171875
166,train,8000,12007.622,-4007.6220703125
2030,train,15000,21244.059,-6244.05859375
3459,train,15000,17762.695,-2762.6953125
2034,train,22000,15128.374,6871.6259765625
101,train,35000,33996.426,1003.57421875
882,train,75000,41544.297,33455.703125
2573,train,20000,24936.746,-4936.74609375
2265,train,7500,8605.501,-1105.5009765625
1239,train,100000,54967.44,45032.55859375
3816,train,18000,12306.78,5693.2197265625
4276,train,19000,13193.791,5806.208984375
4637,train,14500,15548.547,-1048.546875
1009,train,84000,89426.3,-5426.296875
3867,train,32500,35310.227,-2810.2265625
3267,train,8000,11096.595,-3096.5947265625
870,train,20000,24134.988,-4134.98828125
90,train,18000,17559.762,440.23828125
2311,train,26000,27421.027,-1421.02734375
2049,train,4300,7587.3037,-3287.3037109375
3906,train,11000,10178.501,821.4990234375
2796,train,10000,15224.861,-5224.861328125
34,train,22000,13750.38,8249.6201171875
793,train,19000,16852.732,2147.267578125
780,train,61000,97558.37,-36558.3671875
3675,train,24000,19579.957,4420.04296875
2075,train,140000,143341.0,-3341.0
1121,train,57000,124822.66,-67822.65625
972,train,25000,28334.188,-3334.1875
3880,train,9500,12856.938,-3356.9384765625
1844,train,35000,29759.256,5240.744140625
2288,train,8500,8087.453,412.546875
3664,train,8500,10965.128,-2465.1279296875
2598,train,12000,12970.841,-970.8408203125
1405,train,29000,20969.209,8030.791015625
4405,train,15000,21555.951,-6555.951171875
2162,train,9000,9229.972,-229.9716796875
1041,train,75000,62361.0,12639.0
3980,train,300000,149387.1,150612.90625
2884,train,9000,15080.721,-6080.720703125
314,train,7000,7746.0815,-746.08154296875
1164,train,45000,43689.125,1310.875
1990,train,16000,15225.776,774.2236328125
4602,train,13000,13208.687,-208.6865234375
1831,train,9000,6737.1284,2262.87158203125
54,train,11000,9911.789,1088.2109375
1272,train,330000,200560.58,129439.421875
2196,train,16000,16892.818,-892.818359375
2742,train,40000,38861.324,1138.67578125
1788,train,7000,7784.454,-784.4541015625
3235,train,6500,9258.424,-2758.423828125
2476,train,35000,35623.65,-623.6484375
3157,train,9500,12091.48,-2591.48046875
2566,train,24000,20585.803,3414.197265625
3279,train,100000,106290.875,-6290.875
3731,train,12000,12710.302,-710.3017578125
3986,train,10000,10189.934,-189.93359375
1696,train,43000,47251.59,-4251.58984375
1464,train,25000,21980.998,3019.001953125
1203,train,27000,30447.166,-3447.166015625
2634,train,4500,6884.2993,-2384.29931640625
3262,train,5250,6231.9385,-981.9384765625
2822,train,6500,10770.781,-4270.78125
2891,train,55000,64995.918,-9995.91796875
1533,train,7000,7478.8687,-478.86865234375
3822,train,11500,9310.475,2189.525390625
1926,train,20000,20247.43,-247.4296875
1753,train,20000,26384.871,-6384.87109375
3525,train,40000,21877.285,18122.71484375
1498,train,61500,79122.39,-17622.390625
1807,train,15000,10867.282,4132.7177734375
3989,train,9000,10686.853,-1686.8525390625
3050,train,12000,12832.571,-832.5712890625
3283,train,18000,14433.856,3566.1435546875
2991,train,25000,21512.393,3487.607421875
4307,train,36000,19794.982,16205.017578125
2229,train,11500,9248.424,2251.576171875
242,train,7500,7287.552,212.4482421875
782,train,42000,65307.336,-23307.3359375
2410,train,13500,12958.118,541.8818359375
4207,train,8000,6729.6206,1270.37939453125
960,train,65000,74477.266,-9477.265625
4545,train,47000,38824.797,8175.203125
3402,train,19000,12432.103,6567.8974609375
801,train,45000,31639.346,13360.654296875
2825,train,7500,9201.686,-1701.685546875
4319,train,13000,14132.512,-1132.51171875
3636,train,10000,9612.726,387.2744140625
232,train,35000,28747.236,6252.763671875
1144,train,47000,46530.188,469.8125
2534,train,30000,27426.6,2573.400390625
1059,train,50000,38113.438,11886.5625
504,train,25000,12007.542,12992.4580078125
751,train,92500,85858.04,6641.9609375
4038,train,26000,22971.35,3028.650390625
3097,train,8000,6459.3726,1540.62744140625
4584,train,13000,7974.9434,5025.056640625
2027,train,12000,11730.7295,269.2705078125
4263,train,6000,7857.873,-1857.873046875
4340,train,8000,10274.34,-2274.33984375
3350,train,21000,19162.9,1837.099609375
823,train,69999,62280.824,7718.17578125
1644,train,13000,12723.729,276.271484375
2536,train,80000,80266.3,-266.296875
3983,train,27000,39909.46,-12909.4609375
4170,train,10000,10654.479,-654.478515625
346,train,20000,23887.488,-3887.48828125
1048,train,94000,59302.082,34697.91796875
343,train,9500,6793.7915,2706.20849609375
1682,train,23000,22965.105,34.89453125
2275,train,8500,6826.308,1673.69189453125
516,train,7500,7339.8213,160.1787109375
781,train,70000,85596.18,-15596.1796875
2363,train,35000,41050.414,-6050.4140625
2020,train,14000,17538.756,-3538.755859375
4579,train,9000,7637.198,1362.8017578125
12,train,6500,8141.8555,-1641.85546875
3624,train,34999,41376.84,-6377.83984375
3929,train,30000,22556.52,7443.48046875
256,train,5000,7454.406,-2454.40576171875
2804,train,12000,16834.469,-4834.46875
3993,train,49000,38039.65,10960.3515625
4268,train,9500,11385.147,-1885.1474609375
3999,train,18000,16472.809,1527.19140625
656,train,18000,18784.656,-784.65625
105,train,6000,6987.78,-987.77978515625
3814,train,33000,33510.45,-510.44921875
1056,train,57000,57235.25,-235.25
3089,train,10000,11353.257,-1353.2568359375
1448,train,34000,20505.697,13494.302734375
3118,train,17500,15700.498,1799.501953125
3349,train,14000,11611.535,2388.46484375
4700,train,6000,6200.4604,-200.46044921875
1432,train,45000,56087.8,-11087.80078125
4589,train,44000,41612.26,2387.73828125
25,train,7000,10258.996,-3258.99609375
4482,train,6800,7162.649,-362.64892578125
3625,train,7000,9761.912,-2761.912109375
4397,train,13000,14800.725,-1800.724609375
104,train,180000,14848.528,165151.4716796875
3722,train,9000,11901.121,-2901.12109375
332,train,20000,22037.547,-2037.546875
4088,train,140000,165843.75,-25843.75
4317,train,16000,14858.274,1141.7255859375
168,train,6500,6608.1245,-108.12451171875
817,train,40000,34202.246,5797.75390625
2016,train,10000,8572.487,1427.5126953125
3857,train,12000,11030.497,969.5029296875
4106,train,14000,12781.039,1218.9609375
4071,train,12000,11947.26,52.740234375
500,train,12000,10899.751,1100.2490234375
4237,train,28000,21144.79,6855.2109375
1522,train,10500,11569.142,-1069.1416015625
1094,train,20000,23678.63,-3678.630859375
3529,train,8000,10655.373,-2655.373046875
2450,train,22000,32508.324,-10508.32421875
621,train,34000,30247.926,3752.07421875
1215,train,21000,28478.121,-7478.12109375
2331,train,18000,15189.588,2810.412109375
1304,train,18500,12599.816,5900.18359375
391,train,8500,8908.551,-408.55078125
1172,train,180000,199732.56,-19732.5625
2382,train,65000,58540.51,6459.48828125
3921,train,75000,73137.87,1862.1328125
2952,train,40000,40314.113,-314.11328125
3399,train,19000,19160.14,-160.140625
2499,train,9000,9216.144,-216.1435546875
1505,train,9500,9079.547,420.453125
1759,train,18000,13948.694,4051.3056640625
2019,train,17000,18799.12,-1799.119140625
4270,train,30000,37877.25,-7877.25
439,train,6500,7375.2393,-875.2392578125
2466,train,75000,61805.16,13194.83984375
4422,train,6000,5749.8643,250.1357421875
476,train,14000,11866.6875,2133.3125
792,train,18000,19293.672,-1293.671875
1018,train,65000,59934.33,5065.671875
172,train,7000,5469.6772,1530.32275390625
1847,train,10000,10072.157,-72.1572265625
1475,train,90000,91277.27,-1277.2734375
633,train,210000,120438.76,89561.2421875
79,train,8000,5055.583,2944.4169921875
2304,train,12000,10441.24,1558.759765625
4475,train,22000,20936.936,1063.064453125
4528,train,7500,11109.694,-3609.6943359375
2178,train,6500,8260.201,-1760.201171875
2338,train,28000,23724.52,4275.48046875
1241,train,100000,117530.914,-17530.9140625
4376,train,8500,7624.643,875.35693359375
857,train,190000,115501.92,74498.078125
4017,train,10000,11753.822,-1753.822265625
2370,train,16000,21545.941,-5545.94140625
2670,train,25000,23493.57,1506.4296875
2906,train,19000,17761.02,1238.98046875
3307,train,6500,6713.554,-213.55419921875
1915,train,7000,7634.5835,-634.58349609375
567,train,32000,32029.871,-29.87109375
4713,train,8000,7281.3335,718.66650390625
3015,train,9000,10147.357,-1147.357421875
4142,train,65000,34419.227,30580.7734375
961,train,33000,38595.65,-5595.6484375
1184,train,100000,127979.12,-27979.1171875
4295,train,8500,6586.522,1913.47802734375
1090,train,280000,268748.34,11251.65625
2802,train,22000,21681.537,318.462890625
3984,train,10000,13021.463,-3021.462890625
3295,train,9000,11950.793,-2950.79296875
2519,train,20000,15521.922,4478.078125
3792,train,18000,13218.528,4781.4716796875
710,train,6500,25463.084,-18963.083984375
2998,train,10000,9578.643,421.357421875
3808,train,15000,10929.398,4070.6015625
3905,train,11000,10495.596,504.404296875
1118,train,50000,58407.73,-8407.73046875
1677,train,10000,7139.0977,2860.90234375
2361,train,11000,8229.768,2770.232421875
988,train,41000,51645.84,-10645.83984375
562,train,25000,24792.309,207.69140625
66,train,5000,4980.5215,19.478515625
3191,train,15000,14699.774,300.2255859375
3037,train,10000,14534.479,-4534.478515625
3926,train,24000,22157.611,1842.388671875
3564,train,20000,11982.705,8017.294921875
3835,train,8000,11679.833,-3679.8330078125
4165,train,10000,11177.886,-1177.8857421875
515,train,65000,38112.348,26887.65234375
91,train,12000,9072.544,2927.4560546875
4315,train,25000,15923.52,9076.48046875
1957,train,15000,22342.545,-7342.544921875
2432,train,38000,21814.074,16185.92578125
1954,train,15000,14793.161,206.8388671875
4157,train,7000,11829.566,-4829.56640625
1803,train,20000,23197.43,-3197.4296875
3458,train,17000,12361.233,4638.7666015625
3116,train,40000,49710.023,-9710.0234375
251,train,6000,8006.4507,-2006.45068359375
4583,train,25000,16089.183,8910.8173828125
527,train,14000,26037.406,-12037.40625
938,train,32000,30669.062,1330.9375
1777,train,9000,9331.305,-331.3046875
876,train,40000,52287.688,-12287.6875
3763,train,85000,78007.2,6992.796875
1210,train,55000,75272.164,-20272.1640625
1728,train,23000,11834.655,11165.3447265625
3115,train,25000,24222.521,777.478515625
2305,train,14000,12381.741,1618.2587890625
2740,train,45000,49978.363,-4978.36328125
3769,train,32000,24405.898,7594.1015625
1914,train,13000,10770.165,2229.8349609375
1457,train,42000,44177.75,-2177.75
3704,train,6500,7523.1475,-1023.1474609375
1427,train,400000,386217.53,13782.46875
3354,train,25000,18603.924,6396.076171875
3273,train,11000,8969.399,2030.6005859375
437,train,5000,5757.8496,-757.849609375
3460,train,3500,7167.3716,-3667.37158203125
3149,train,19000,15325.515,3674.4853515625
909,train,50000,68556.266,-18556.265625
2213,train,22000,15956.022,6043.9775390625
769,train,110000,69696.94,40303.0625
1968,train,13000,12485.3125,514.6875
3824,train,12000,19519.193,-7519.193359375
37,train,7000,6970.3857,29.6142578125
3638,train,12500,9094.931,3405.0693359375
1678,train,8000,11462.451,-3462.451171875
4084,train,35000,32835.117,2164.8828125
2576,train,9500,11021.61,-1521.6103515625
434,train,22000,19464.93,2535.0703125
936,train,48000,44655.098,3344.90234375
856,train,150000,217455.25,-67455.25
4717,train,16000,14688.366,1311.6337890625
377,train,5000,6094.0073,-1094.00732421875
2427,train,80000,67471.695,12528.3046875
144,train,8000,9393.974,-1393.9736328125
4474,train,6500,4411.1167,2088.88330078125
4444,train,16000,19346.701,-3346.701171875
3643,train,15000,10516.618,4483.3818359375
2024,train,130000,137302.8,-7302.796875
2770,train,22000,23051.607,-1051.607421875
3341,train,33000,30050.074,2949.92578125
3256,train,11000,11575.079,-575.0791015625
4695,train,10500,7515.1797,2984.8203125
546,train,100000,63855.035,36144.96484375
1307,train,80000,75072.72,4927.28125
3576,train,7000,7931.6665,-931.66650390625
423,train,12000,7993.479,4006.52099609375
1723,train,15000,16882.205,-1882.205078125
2298,train,13000,11948.98,1051.01953125
307,train,9000,9796.227,-796.2265625
2284,train,16000,15328.189,671.810546875
544,train,150000,49460.668,100539.33203125
2093,train,8500,10374.711,-1874.7109375
779,train,190000,182534.56,7465.4375
2672,train,28000,31604.303,-3604.302734375
2177,train,9500,12028.977,-2528.9765625
585,train,24000,27651.262,-3651.26171875
2203,train,16000,11769.213,4230.787109375
4631,train,10000,10485.609,-485.609375
2456,train,20500,19413.834,1086.166015625
4239,train,12500,14328.86,-1828.8603515625
2911,train,44000,41094.13,2905.87109375
1956,train,10000,10047.844,-47.84375
2405,train,15000,17677.232,-2677.232421875
2899,train,11500,12413.347,-913.3466796875
3053,train,10000,10956.106,-956.1064453125
4346,train,30000,23722.393,6277.607421875
2833,train,95000,75469.05,19530.953125
1967,train,6000,9991.899,-3991.8994140625
138,train,8500,10261.54,-1761.5400390625
2431,train,35000,29161.133,5838.8671875
2977,train,12500,12408.742,91.2578125
1731,train,12000,13538.862,-1538.8623046875
3502,train,17000,12840.052,4159.9482421875
4691,train,7500,8616.811,-1116.810546875
3427,train,30000,26965.809,3034.19140625
1884,train,22000,20176.068,1823.931640625
1687,train,39000,23963.473,15036.52734375
1106,train,27000,28722.215,-1722.21484375
4260,train,11500,12410.067,-910.0673828125
715,train,16000,21246.59,-5246.58984375
1332,train,39000,25269.283,13730.716796875
4225,train,25000,16270.87,8729.1298828125
3649,train,10000,10406.93,-406.9296875
1377,train,32000,30931.02,1068.98046875
157,train,12000,14838.59,-2838.58984375
198,train,9000,10190.536,-1190.5361328125
1039,train,30000,28168.834,1831.166015625
4353,train,15000,18555.088,-3555.087890625
3672,train,18000,14242.031,3757.96875
760,train,45000,42886.105,2113.89453125
23,train,6500,9690.881,-3190.880859375
1542,train,9000,8676.934,323.06640625
4559,train,8000,6310.7593,1689.24072265625
4680,train,6500,7207.6543,-707.654296875
3101,train,14000,20955.775,-6955.775390625
931,train,55000,57148.58,-2148.578125
1520,train,14500,12860.262,1639.73828125
4506,train,8000,9770.314,-1770.314453125
2480,train,8000,8483.325,-483.3251953125
2064,train,21000,23553.54,-2553.5390625
3708,train,17000,12433.81,4566.1904296875
1531,train,13000,12324.811,675.189453125
3895,train,10500,8856.482,1643.517578125
525,train,45000,36706.504,8293.49609375
1661,train,13000,13079.765,-79.7646484375
639,train,100000,92453.164,7546.8359375
3705,train,10000,10502.024,-502.0244140625
3258,train,17500,17332.957,167.04296875
2200,train,75000,64600.234,10399.765625
3044,train,15000,13284.135,1715.865234375
1509,train,13000,10531.685,2468.3154296875
1070,train,65000,75792.97,-10792.96875
419,train,6000,4852.4214,1147.57861328125
3135,train,10000,11816.283,-1816.283203125
1467,train,110000,104815.56,5184.4375
1952,train,15000,11909.194,3090.8056640625
2226,train,5500,10112.44,-4612.4404296875
2175,train,9500,11000.555,-1500.5546875
1267,train,6000,19345.502,-13345.501953125
2041,train,60000,40622.445,19377.5546875
3549,train,10000,12756.524,-2756.5244140625
3208,train,13000,15060.655,-2060.6552734375
4722,train,13000,12340.148,659.8515625
3711,train,11500,16099.083,-4599.0830078125
4417,train,25000,18322.277,6677.72265625
3761,train,220000,255985.72,-35985.71875
4484,train,12000,17069.705,-5069.705078125
2323,train,18000,20653.785,-2653.78515625
1577,train,21000,22394.49,-1394.490234375
392,train,35000,31794.066,3205.93359375
3441,train,28000,27535.969,464.03125
4543,train,11000,11814.615,-814.615234375
3076,train,20500,15555.638,4944.3623046875
951,train,36000,34259.703,1740.296875
404,train,8000,13977.06,-5977.0595703125
2823,train,17000,22390.754,-5390.75390625
1079,train,95000,77766.836,17233.1640625
1718,train,10000,11431.849,-1431.8486328125
1484,train,78000,44621.336,33378.6640625
321,train,12000,11409.138,590.8623046875
2944,train,7000,8119.7534,-1119.75341796875
4318,train,15000,10508.427,4491.5732421875
2585,train,70000,57471.047,12528.953125
1878,train,45000,57557.77,-12557.76953125
4677,train,9000,10642.992,-1642.9921875
2066,train,28000,48554.44,-20554.44140625
3582,train,15000,12403.95,2596.0498046875
643,train,18000,20420.627,-2420.626953125
2603,train,35000,44363.9,-9363.8984375
4597,train,9500,13493.821,-3993.8212890625
2704,train,7500,8286.217,-786.216796875
712,train,38000,31128.287,6871.712890625
14,train,8500,14863.958,-6363.9580078125
962,train,27000,35841.27,-8841.26953125
401,train,15000,15010.465,-10.46484375
2554,train,7500,7923.3643,-423.3642578125
4289,train,12000,9650.601,2349.3994140625
2487,train,16000,24494.625,-8494.625
3257,train,11000,12453.393,-1453.392578125
2873,train,15000,9585.552,5414.4482421875
2953,train,8500,9911.713,-1411.712890625
3788,train,22999,21104.193,1894.806640625
2073,train,10000,12607.485,-2607.4853515625
3447,train,22000,14787.631,7212.369140625
3858,train,17000,11082.157,5917.8427734375
1192,train,90000,87950.56,2049.4375
1766,train,10000,13768.844,-3768.84375
156,train,7000,8514.331,-1514.3310546875
1936,train,31000,25785.812,5214.1875
3172,train,11000,14200.08,-3200.080078125
1725,train,12000,13040.751,-1040.7509765625
2397,train,60000,55263.11,4736.890625
442,train,6000,7302.574,-1302.57421875
1790,train,8500,12170.027,-3670.02734375
4367,train,21467,9722.691,11744.30859375
4520,train,45000,48774.29,-3774.2890625
466,train,6500,5965.162,534.837890625
3718,train,60000,99998.97,-39998.96875
362,train,8000,9822.704,-1822.7041015625
1270,train,280000,242468.23,37531.765625
48,train,30000,20651.027,9348.97265625
2521,train,35000,26221.088,8778.912109375
4643,train,7500,6890.6323,609.36767578125
2242,train,14000,15907.945,-1907.9453125
4199,train,22500,18521.938,3978.0625
820,train,50000,53538.81,-3538.80859375
1468,train,20000,19524.406,475.59375
2180,train,25000,23349.963,1650.037109375
3052,train,36000,23567.875,12432.125
982,train,250000,257047.67,-7047.671875
92,train,9000,8108.6167,891.38330078125
867,train,170000,161961.64,8038.359375
4321,train,12000,11153.148,846.8515625
1227,train,130000,127208.01,2791.9921875
1734,train,32000,29981.4,2018.599609375
597,train,14000,32737.06,-18737.060546875
3904,train,11000,12817.429,-1817.4287109375
2313,train,14000,12351.394,1648.6064453125
2908,train,8000,8592.026,-592.0263671875
3022,train,6500,6674.0522,-174.05224609375
1761,train,31000,23079.412,7920.587890625
702,train,21000,31332.758,-10332.7578125
3800,train,15000,13347.749,1652.2509765625
4230,train,14000,11692.817,2307.1826171875
4702,train,26000,20161.91,5838.08984375
1312,train,60000,47834.902,12165.09765625
2996,train,23000,15927.453,7072.546875
603,train,62000,81562.44,-19562.4375
2096,train,8000,7606.491,393.5087890625
2735,train,7500,9527.027,-2027.02734375
784,train,60000,55511.957,4488.04296875
2268,train,14000,10328.082,3671.91796875
2433,train,16000,13662.768,2337.232421875
4658,train,11000,13082.621,-2082.62109375
4057,train,20000,17524.193,2475.806640625
1344,train,88000,56996.773,31003.2265625
4480,train,15000,17696.361,-2696.361328125
1388,train,200000,136270.03,63729.96875
1529,train,28000,27431.256,568.744140625
2933,train,17000,17828.31,-828.310546875
783,train,27000,21305.984,5694.015625
4561,train,17000,12903.14,4096.8603515625
911,train,62000,54440.574,7559.42578125
1061,train,100000,120420.96,-20420.9609375
878,train,15000,23301.533,-8301.533203125
342,train,8500,8664.9,-164.900390625
2739,train,44300,46113.777,-1813.77734375
1539,train,65000,62080.09,2919.91015625
1199,train,300000,341062.94,-41062.9375
897,train,51000,61668.035,-10668.03515625
3013,train,7000,8844.816,-1844.81640625
4194,train,16500,21288.496,-4788.49609375
1085,train,44000,44963.85,-963.8515625
2937,train,27000,24475.594,2524.40625
3842,train,25000,18368.783,6631.216796875
1141,train,35000,41561.973,-6561.97265625
2091,train,6500,6029.7866,470.21337890625
3774,train,10000,8572.822,1427.177734375
122,train,6800,5792.8687,1007.13134765625
3371,train,18000,15544.559,2455.44140625
880,train,25000,22317.393,2682.607421875
2717,train,14000,16851.834,-2851.833984375
2992,train,10000,11575.079,-1575.0791015625
3901,train,9500,13885.116,-4385.1162109375
1571,train,9000,8863.496,136.50390625
1259,train,38000,48857.76,-10857.76171875
4452,train,6000,8074.081,-2074.0810546875
3630,train,200000,118078.05,81921.953125
3595,train,9000,7363.269,1636.73095703125
303,train,12000,10277.976,1722.0244140625
659,train,55000,46703.574,8296.42578125
1784,train,25000,22764.682,2235.318359375
1866,train,11000,14939.34,-3939.33984375
2676,train,10000,9902.661,97.3388671875
1998,train,12500,14644.905,-2144.9052734375
4108,train,37000,42441.832,-5441.83203125
4241,train,10000,11418.391,-1418.390625
3222,train,75000,77340.375,-2340.375
1488,train,65000,63045.336,1954.6640625
1810,train,9750,10487.49,-737.490234375
4490,train,23000,21661.178,1338.822265625
4064,train,14000,16327.019,-2327.0185546875
728,train,55000,63305.555,-8305.5546875
1198,train,70000,71226.31,-1226.3125
1800,train,10000,14470.135,-4470.134765625
3746,train,11000,12422.289,-1422.2890625
3750,train,7000,8780.683,-1780.6826171875
4437,train,9000,6317.366,2682.6337890625
2727,train,15000,18978.889,-3978.888671875
141,train,13000,8855.587,4144.4130859375
16,train,6000,6882.0083,-882.00830078125
335,train,14000,13276.953,723.046875
4662,train,60000,25609.088,34390.912109375
1856,train,15000,12970.866,2029.1337890625
1021,train,500000,479609.9,20390.09375
1102,train,180000,92867.17,87132.828125
1341,train,280000,232293.78,47706.21875
4218,train,15000,12971.473,2028.52734375
60,train,5000,5421.0923,-421.09228515625
2002,train,9000,9540.431,-540.4306640625
452,train,12000,9278.862,2721.1376953125
475,train,6000,7918.3403,-1918.34033203125
2596,train,18000,18224.021,-224.021484375
3158,train,12000,13799.291,-1799.291015625
4709,train,12000,11447.56,552.4404296875
2964,train,6000,8164.002,-2164.001953125
2307,train,11000,12302.086,-1302.0859375
212,train,12000,14817.052,-2817.0517578125
1328,train,35000,28089.855,6910.14453125
1946,train,12000,11833.8545,166.1455078125
388,train,15000,10702.581,4297.4189453125
1597,train,8000,7349.9863,650.013671875
2797,train,15000,12687.121,2312.87890625
3423,train,6300,5939.097,360.90283203125
1478,train,380000,313266.53,66733.46875
1246,train,72000,69555.305,2444.6953125
4021,train,35000,26580.814,8419.185546875
4287,train,8000,7562.147,437.85302734375
2539,train,10500,16717.543,-6217.54296875
322,train,3200,4388.6714,-1188.67138671875
1897,train,18000,18335.982,-335.982421875
4139,train,10000,6474.442,3525.55810546875
819,train,11000,10488.03,511.9697265625
664,train,25500,33377.797,-7877.796875
3860,train,19500,18428.197,1071.802734375
282,train,17500,10706.992,6793.0078125
4420,train,15000,12746.94,2253.0595703125
3212,train,12000,9991.822,2008.177734375
2856,train,25000,22971.678,2028.322265625
3151,train,16000,18570.596,-2570.595703125
3338,train,13500,13449.417,50.5830078125
1240,train,13000,16276.442,-3276.4423828125
1149,train,85000,77431.89,7568.109375
1105,train,37000,44056.7,-7056.69921875
566,train,75000,56952.11,18047.890625
3567,train,25000,33118.387,-8118.38671875
4435,train,25000,17804.521,7195.478515625
1983,train,7000,6668.0522,331.94775390625
3717,train,45000,45442.543,-442.54296875
2776,train,13000,16088.354,-3088.353515625
380,train,40000,43082.96,-3082.9609375
2104,train,100000,49198.016,50801.984375
3742,train,5000,6236.4517,-1236.45166015625
4240,train,25000,23168.244,1831.755859375
2615,train,8500,12736.538,-4236.5380859375
3040,train,24000,13882.601,10117.3994140625
2339,train,55000,42565.223,12434.77734375
1423,train,32000,47792.04,-15792.0390625
3619,train,12000,13038.55,-1038.5498046875
1379,train,100000,134918.2,-34918.203125
2951,train,45000,34582.66,10417.33984375
3768,train,24000,31694.795,-7694.794921875
2035,train,14000,14436.872,-436.8720703125
2207,train,30000,37420.11,-7420.109375
1374,train,270000,211551.0,58449.0
2474,train,13000,10637.907,2362.0927734375
4616,train,20000,26031.67,-6031.669921875
727,train,130000,166281.02,-36281.015625
746,train,33000,29506.744,3493.255859375
2660,train,37000,81834.984,-44834.984375
1848,train,9000,10260.385,-1260.384765625
4342,train,8000,9742.891,-1742.890625
1063,train,52000,43684.586,8315.4140625
578,train,300000,260402.81,39597.1875
2612,train,60000,77037.67,-17037.671875
231,train,16000,15593.01,406.990234375
3046,train,9000,11310.544,-2310.5439453125
2986,train,20000,21884.15,-1884.150390625
2997,train,10000,11803.161,-1803.1611328125
2637,train,23000,21226.418,1773.58203125
547,train,60000,63356.29,-3356.2890625
2855,train,100000,85894.98,14105.0234375
38,train,21000,12743.488,8256.51171875
3741,train,15000,12368.911,2631.0888671875
1671,train,12000,12972.388,-972.3876953125
4705,train,16000,15488.6045,511.3955078125
1538,train,45000,43475.9,1524.1015625
312,train,10000,6247.365,3752.634765625
2443,train,30000,18428.918,11571.08203125
4619,train,15000,14681.252,318.748046875
688,train,45002,38574.38,6427.62109375
4585,train,20000,20710.693,-710.693359375
1010,train,68000,81823.44,-13823.4375
4320,train,12000,14068.498,-2068.498046875
2261,train,18000,21899.643,-3899.642578125
4258,train,12000,12450.316,-450.31640625
2185,train,15000,19702.334,-4702.333984375
4466,train,42000,35555.832,6444.16796875
968,train,42000,55022.516,-13022.515625
2813,train,8000,8834.21,-834.2099609375
2548,train,20000,10205.72,9794.2802734375
3666,train,8200,11485.892,-3285.8916015625
3973,train,12000,12427.349,-427.3486328125
2630,train,7000,9883.968,-2883.9677734375
4044,train,14000,13407.703,592.296875
3504,train,39000,26462.412,12537.587890625
1181,train,56000,43634.867,12365.1328125
3143,train,18000,18137.93,-137.9296875
2344,train,12000,12875.922,-875.921875
1483,train,32000,30783.553,1216.447265625
976,train,65000,41639.535,23360.46484375
2351,train,20000,30061.367,-10061.3671875
4344,train,7500,10989.795,-3489.794921875
1248,train,130000,127772.9,2227.1015625
85,train,10000,5793.073,4206.9267578125
1653,train,10000,9480.003,519.9970703125
486,train,10000,19900.645,-9900.64453125
4558,train,11000,11333.059,-333.05859375
905,train,16500,24941.812,-8441.8125
2531,train,16000,21817.61,-5817.609375
1890,train,38000,30979.2,7020.80078125
4669,train,16000,16204.279,-204.279296875
3337,train,9500,11589.208,-2089.2080078125
853,train,83000,81895.65,1104.3515625
194,train,5000,6344.788,-1344.7880859375
2208,train,65000,67378.39,-2378.390625
1598,train,6000,7955.525,-1955.52490234375
3006,train,6500,7487.355,-987.35498046875
2,train,17000,12145.307,4854.693359375
2949,train,25000,20201.523,4798.4765625
4625,train,15000,11058.443,3941.556640625
2362,train,20000,15985.831,4014.1689453125
4443,train,10500,12660.758,-2160.7578125
1230,train,160000,94112.086,65887.9140625
929,train,20000,30470.781,-10470.78125
2003,train,5500,13374.866,-7874.8662109375
4483,train,5000,5926.591,-926.5908203125
1202,train,120000,126399.35,-6399.3515625
1544,train,30000,16297.94,13702.0595703125
2100,train,52000,58779.223,-6779.22265625
937,train,10000,11143.887,-1143.88671875
3585,train,10000,12420.274,-2420.2744140625
1419,train,30000,49131.67,-19131.671875
4257,train,20000,20536.994,-536.994140625
3150,train,12000,14019.996,-2019.99609375
1521,train,4500,7377.111,-2877.11083984375
3631,train,12000,11773.984,226.015625
293,train,6500,6641.7227,-141.72265625
2613,train,95000,76171.664,18828.3359375
178,train,10500,13207.073,-2707.0732421875
1492,train,70000,136533.84,-66533.84375
2626,train,8500,6788.48,1711.52001953125
306,train,20000,16746.219,3253.78125
2618,train,8000,9462.107,-1462.107421875
1472,train,350000,365399.8,-15399.8125
2163,train,12000,11887.712,112.2880859375
1708,train,25000,40286.67,-15286.671875
1232,train,80000,95455.77,-15455.7734375
1411,train,50000,54642.656,-4642.65625
1861,train,5000,6983.9487,-1983.94873046875
1170,train,50000,48786.523,1213.4765625
708,train,35000,45761.98,-10761.98046875
2496,train,10000,11643.829,-1643.8291015625
3333,train,12000,12078.376,-78.3759765625
2516,train,15000,9351.235,5648.7646484375
2924,train,32000,27396.9,4603.099609375
2936,train,17000,14483.846,2516.154296875
3211,train,3500,5955.889,-2455.88916015625
722,train,65000,68986.91,-3986.90625
4663,train,26000,18112.795,7887.205078125
1510,train,15000,12595.503,2404.4970703125
1516,train,15000,13973.567,1026.4326171875
4303,train,12000,8255.065,3744.9345703125
2978,train,15000,14719.92,280.080078125
3762,train,22000,22053.758,-53.7578125
1083,train,380000,363282.72,16717.28125
4098,train,15000,12353.09,2646.91015625
320,train,5000,6326.7974,-1326.79736328125
165,train,16500,12011.849,4488.1513671875
2687,train,25000,22846.113,2153.88671875
2026,train,10000,9214.421,785.5791015625
568,train,16000,21617.674,-5617.673828125
4294,train,10000,14099.756,-4099.755859375
3942,train,15000,11893.995,3106.0048828125
2401,train,12000,15396.437,-3396.4365234375
4453,train,45000,40293.434,4706.56640625
62,train,10000,9684.644,315.3564453125
1040,train,330000,311202.1,18797.90625
2787,train,25000,39019.824,-14019.82421875
1699,train,31000,29912.912,1087.087890625
2754,train,3500,6019.891,-2519.89111328125
1410,train,18500,15998.155,2501.8447265625
1236,train,100000,90459.81,9540.1875
78,train,6500,7094.8184,-594.818359375
2858,train,6000,9472.348,-3472.34765625
2368,train,14000,9976.349,4023.6513671875
718,train,60000,37827.074,22172.92578125
3231,train,8500,8494.588,5.412109375
1476,train,22000,19195.568,2804.431640625
1553,train,17000,15294.253,1705.7470703125
1628,train,10000,14578.293,-4578.29296875
2685,train,13000,11987.86,1012.1396484375
4066,train,57000,49795.434,7204.56640625
3454,train,8000,6527.3145,1472.685546875
1375,train,69000,70662.38,-1662.3828125
4255,train,17000,17004.352,-4.3515625
3036,train,12000,13129.082,-1129.08203125
2746,train,30000,19164.6,10835.400390625
4206,train,15000,13385.229,1614.771484375
3031,train,11000,13586.2705,-2586.2705078125
3654,train,9300,8943.9,356.099609375
110,train,8000,6240.266,1759.73388671875
3694,train,7500,6568.065,931.93505859375
4580,train,13000,11963.475,1036.525390625
4516,train,11000,11855.578,-855.578125
4538,train,5000,9641.777,-4641.77734375
685,train,27000,25550.416,1449.583984375
1929,train,22000,27336.896,-5336.896484375
8,train,26000,15456.229,10543.771484375
4442,train,15500,20386.535,-4886.53515625
2853,train,10000,10972.137,-972.13671875
4511,train,45000,32935.98,12064.01953125
324,train,16000,19776.508,-3776.5078125
2635,train,15000,21396.213,-6396.212890625
2276,train,20000,27039.357,-7039.357421875
3794,train,18000,17545.23,454.76953125
1128,train,55000,52930.848,2069.15234375
3308,train,26000,29811.58,-3811.580078125
4551,train,15000,16290.684,-1290.68359375
2103,train,12000,10790.574,1209.42578125
3562,train,8000,6570.7783,1429.2216796875
2631,train,22000,18132.066,3867.93359375
1438,train,66000,73780.01,-7780.0078125
4149,train,18000,23630.67,-5630.669921875
1579,train,7000,11857.738,-4857.73828125
2133,train,6000,7752.637,-1752.63720703125
1364,train,20000,19893.719,106.28125
3137,train,34500,29694.928,4805.072265625
2881,train,30000,13008.652,16991.34765625
1335,train,49500,32445.45,17054.55078125
1822,train,50000,41032.645,8967.35546875
636,train,26000,29439.338,-3439.337890625
4502,train,7000,8564.797,-1564.796875
3706,train,12500,13988.956,-1488.9560546875
257,train,8500,11634.615,-3134.615234375
19,train,6000,7237.801,-1237.80078125
860,train,90000,94210.77,-4210.7734375
2357,train,12000,8455.005,3544.9951171875
183,train,11000,7755.4995,3244.50048828125
3077,train,13500,14097.523,-597.5234375
2912,train,11000,13572.671,-2572.6708984375
1351,train,95000,139501.88,-44501.875
4697,train,4500,5749.256,-1249.255859375
4256,train,20000,21577.24,-1577.240234375
1660,train,6500,9156.904,-2656.904296875
1656,train,63000,94245.734,-31245.734375
3180,train,40000,36864.305,3135.6953125
4675,train,7000,7809.8887,-809.888671875
2303,train,35000,40649.883,-5649.8828125
3963,train,9000,9124.664,-124.6640625
83,train,20000,17187.06,2812.939453125
3125,train,150000,91283.1,58716.8984375
3530,train,11000,11765.699,-765.69921875
142,train,8000,7399.8164,600.18359375
3831,train,10000,7159.705,2840.294921875
1417,train,190000,134862.88,55137.125
2609,train,30000,44495.21,-14495.2109375
846,train,150000,79377.695,70622.3046875
3155,train,17000,21937.104,-4937.103515625
742,train,33000,25272.297,7727.703125
1526,train,12500,14667.536,-2167.5361328125
3386,train,18000,16860.996,1139.00390625
1673,train,15000,18070.176,-3070.17578125
1166,train,90000,116673.12,-26673.1171875
1888,train,18000,10337.829,7662.1708984375
3200,train,45000,42127.527,2872.47265625
2467,train,36000,23567.223,12432.77734375
1716,train,15000,12056.428,2943.572265625
1507,train,13000,12760.601,239.3994140625
4734,train,35000,36513.598,-1513.59765625
3140,train,22000,16024.42,5975.580078125
2605,train,31000,25627.412,5372.587890625
2641,train,10000,12590.843,-2590.8427734375
1346,train,38000,42281.727,-4281.7265625
1645,train,17500,17471.559,28.44140625
311,train,9000,6748.589,2251.4111328125
924,train,62000,52381.72,9618.28125
4125,train,17000,18145.992,-1145.9921875
1062,train,130000,92150.086,37849.9140625
227,train,3000,4066.502,-1066.501953125
966,train,48000,53370.832,-5370.83203125
1385,train,190000,191143.81,-1143.8125
508,train,60000,39504.273,20495.7265625
2628,train,13000,13826.772,-826.7724609375
2538,train,21000,11047.121,9952.87890625
605,train,130000,106369.36,23630.640625
1903,train,11000,11152.5625,-152.5625
4172,train,13000,14731.605,-1731.60546875
774,train,50000,55159.117,-5159.1171875
3198,train,10000,15594.125,-5594.125
2581,train,18000,14838.024,3161.9755859375
3480,train,10000,7315.513,2684.48681640625
6,train,10000,13050.93,-3050.9296875
692,train,50000,62427.824,-12427.82421875
2090,train,28000,21939.3,6060.69921875
1604,train,9000,16824.389,-7824.388671875
405,train,35000,27654.926,7345.07421875
2525,train,8000,8044.126,-44.1259765625
4184,train,9500,7634.496,1865.50390625
3183,train,6500,7622.847,-1122.84716796875
2098,train,12500,12907.854,-407.853515625
844,train,55000,52878.98,2121.01953125
2508,train,15000,18877.615,-3877.615234375
1709,train,35000,39742.38,-4742.37890625
4269,train,10000,10486.97,-486.9697265625
1871,train,11000,12390.151,-1390.1513671875
4673,train,18000,14730.58,3269.419921875
510,train,7000,15426.083,-8426.0830078125
167,train,12000,9410.645,2589.35546875
3978,train,6500,7208.885,-708.884765625
1549,train,110000,133180.73,-23180.734375
922,train,62000,64975.465,-2975.46484375
3637,train,13000,13246.697,-246.697265625
1530,train,12000,17860.611,-5860.611328125
124,train,10000,9195.545,804.455078125
200,train,5500,5821.917,-321.9169921875
121,train,13000,11585.362,1414.6376953125
1228,train,90000,93511.68,-3511.6796875
2955,train,100000,41259.14,58740.859375
1630,train,8000,6390.705,1609.294921875
1961,train,8000,7659.733,340.26708984375
2736,train,30000,31267.146,-1267.146484375
1459,train,60000,71119.55,-11119.546875
1927,train,17000,18224.021,-1224.021484375
238,train,8500,8984.349,-484.3486328125
1285,train,60000,64169.613,-4169.61328125
4060,train,16000,19253.434,-3253.43359375
1481,train,140000,76852.82,63147.1796875
4690,train,11000,10919.553,80.447265625
4588,train,45000,41688.766,3311.234375
3499,train,10000,15871.378,-5871.3779296875
2150,train,28000,19095.744,8904.255859375
3477,train,30000,20071.355,9928.64453125
445,train,10000,15075.902,-5075.90234375
3234,train,8500,12170.225,-3670.224609375
4316,train,14000,17991.04,-3991.0390625
97,train,10000,7498.7114,2501.28857421875
3391,train,25000,17102.867,7897.1328125
2584,train,13000,14967.393,-1967.392578125
604,train,42000,49313.527,-7313.52734375
2934,train,18000,12217.36,5782.6396484375
1587,train,15000,16666.105,-1666.10546875
2757,train,23000,17092.691,5907.30859375
2283,train,6500,7109.7285,-609.728515625
2287,train,18000,16409.898,1590.1015625
4022,train,12000,8975.313,3024.6865234375
553,train,19411,24666.06,-5255.060546875
1384,train,210000,168205.64,41794.359375
2246,train,12000,8981.102,3018.8984375
3452,train,19000,13432.508,5567.4921875
3289,train,100000,128395.87,-28395.8671875
4266,train,15000,17845.338,-2845.337890625
384,train,15000,6607.412,8392.587890625
482,train,10000,14353.028,-4353.0283203125
3663,train,16000,18581.863,-2581.86328125
472,train,10000,10530.7705,-530.7705078125
920,train,15000,24082.31,-9082.310546875
370,train,8000,11452.081,-3452.0810546875
2648,train,20000,9904.012,10095.98828125
1390,train,26000,23800.62,2199.380859375
4036,train,13000,8475.779,4524.220703125
3254,train,7500,10682.542,-3182.5419921875
4581,train,25000,19022.182,5977.818359375
1439,train,45000,27988.826,17011.173828125
21,train,9000,8846.757,153.2431640625
3661,train,16000,10337.218,5662.7822265625
1559,train,15000,14111.837,888.1630859375
2927,train,6000,8797.81,-2797.8095703125
1075,train,75000,63108.2,11891.80078125
1174,train,65000,49173.766,15826.234375
3635,train,25000,18057.79,6942.2109375
211,train,7500,7087.007,412.9931640625
365,train,12000,7770.886,4229.11376953125
4338,train,9000,10867.769,-1867.7685546875
3147,train,12000,12526.211,-526.2109375
830,train,23000,25850.572,-2850.572265625
3987,train,18000,22583.49,-4583.490234375
160,train,9500,9505.553,-5.552734375
1772,train,3500,6239.9565,-2739.95654296875
3189,train,10000,9552.432,447.568359375
4306,train,32000,32221.484,-221.484375
1920,train,7000,9116.913,-2116.9130859375
953,train,40000,28948.213,11051.787109375
637,train,60000,47822.223,12177.77734375
3068,train,7500,8538.387,-1038.38671875
623,train,25000,25905.41,-905.41015625
1551,train,20000,38028.258,-18028.2578125
756,train,330000,224870.88,105129.125
668,train,50000,50614.598,-614.59765625
1361,train,34000,54193.793,-20193.79296875
1600,train,10000,15157.635,-5157.634765625
2565,train,18500,19336.168,-836.16796875
4542,train,25000,18985.986,6014.013671875
1525,train,7000,5627.693,1372.30712890625
2999,train,15000,14027.526,972.4736328125
319,train,5000,6612.33,-1612.330078125
3882,train,14000,12356.26,1643.740234375
2451,train,35000,33716.13,1283.87109375
944,train,40000,30527.064,9472.935546875
4383,train,12000,19459.342,-7459.341796875
4224,train,10000,13285.06,-3285.0595703125
426,train,6000,7887.338,-1887.337890625
4373,train,15000,12082.2705,2917.7294921875
1502,train,25000,25857.451,-857.451171875
3463,train,50000,55345.6,-5345.6015625
4301,train,10000,11410.922,-1410.921875
4467,train,12000,9822.657,2177.3427734375
3139,train,330000,193497.89,136502.109375
1825,train,120000,67978.45,52021.546875
3325,train,5000,7068.84,-2068.83984375
386,train,7000,6945.009,54.9912109375
2385,train,90000,113021.33,-23021.328125
3228,train,9000,7427.1816,1572.818359375
1286,train,19000,23865.424,-4865.423828125
385,train,5000,5793.289,-793.2890625
3516,train,23000,16989.877,6010.123046875
4096,train,13000,11439.155,1560.8447265625
1003,train,140000,128129.21,11870.7890625
4566,train,50000,50275.957,-275.95703125
2005,train,14000,14370.355,-370.35546875
4654,train,16000,20459.322,-4459.322265625
3951,train,8000,7599.522,400.47802734375
2805,train,9000,6705.1133,2294.88671875
2418,train,12000,12698.04,-698.0400390625
1269,train,65000,23867.768,41132.232421875
461,train,34000,15882.462,18117.5380859375
2217,train,11000,15531.962,-4531.9619140625
3471,train,8500,9033.834,-533.833984375
4034,train,4500,5110.4233,-610.42333984375
3981,train,4000,5475.195,-1475.19482421875
640,train,35000,36888.887,-1888.88671875
559,train,110000,127753.64,-17753.640625
3324,train,18000,13059.159,4940.8408203125
3133,train,10000,8031.6445,1968.35546875
3095,train,20000,20057.004,-57.00390625
1190,train,35000,23872.48,11127.51953125
1499,train,13000,19790.904,-6790.904296875
3716,train,9500,10573.483,-1073.4833984375
3374,train,15000,17192.602,-2192.6015625
290,train,10000,15744.659,-5744.6591796875
3586,train,6500,7242.994,-742.994140625
2852,train,18000,14243.213,3756.787109375
1026,train,65000,59257.586,5742.4140625
1401,train,22000,38634.35,-16634.3515625
297,train,5000,6038.593,-1038.5927734375
4407,train,52000,53115.37,-1115.37109375
1300,train,260000,270079.28,-10079.28125
1323,train,22000,21241.465,758.53515625
2507,train,52000,35282.727,16717.2734375
3280,train,47500,50190.297,-2690.296875
2061,train,9000,7737.7075,1262.29248046875
4005,train,9500,12049.14,-2549.1396484375
3544,train,72000,123542.67,-51542.671875
411,train,6000,10602.334,-4602.333984375
2009,train,30000,23852.18,6147.8203125
2187,train,34000,44499.54,-10499.5390625
2346,train,30000,24883.72,5116.279296875
2709,train,15000,11411.967,3588.033203125
3689,train,8500,17596.963,-9096.962890625
3087,train,30000,22880.588,7119.412109375
4041,train,8000,7055.4355,944.564453125
891,train,55000,42905.66,12094.33984375
3795,train,37000,44670.6,-7670.6015625
2567,train,11000,9828.224,1171.7763671875
3517,train,17000,11156.073,5843.9267578125
1234,train,100000,122420.84,-22420.84375
224,train,8500,9839.788,-1339.7880859375
1256,train,28500,31713.178,-3213.177734375
3559,train,6166,7338.3726,-1172.37255859375
3523,train,25000,23884.64,1115.359375
2296,train,14000,18581.615,-4581.615234375
2512,train,16000,15380.747,619.2529296875
2863,train,20000,18923.889,1076.111328125
816,train,45000,34614.633,10385.3671875
750,train,10000,18708.457,-8708.45703125
2622,train,10000,11429.744,-1429.744140625
719,train,20000,18930.496,1069.50390625
9,train,10000,13806.584,-3806.583984375
1353,train,34000,33276.15,723.8515625
2582,train,17000,15566.53,1433.4697265625
2018,train,5000,6532.7144,-1532.71435546875
1921,train,13000,16643.344,-3643.34375
254,train,8000,6952.2524,1047.74755859375
881,train,34000,38334.566,-4334.56640625
3075,train,6000,5575.88,424.1201171875
3687,train,12000,19543.596,-7543.595703125
3269,train,28000,21627.387,6372.61328125
766,train,95000,49748.49,45251.51171875
2646,train,17401,20605.504,-3204.50390625
3844,train,18000,17716.812,283.1875
740,train,33000,28600.168,4399.83203125
378,train,6500,9153.533,-2653.533203125
2872,train,12000,13534.034,-1534.0341796875
2850,train,16500,26880.176,-10380.17578125
2473,train,12000,9831.843,2168.1572265625
1497,train,10000,11065.681,-1065.6806640625
4000,train,32000,24978.688,7021.3125
3988,train,14500,12517.087,1982.9130859375
1698,train,9000,8528.799,471.201171875
2255,train,35000,36489.926,-1489.92578125
2247,train,30000,31017.514,-1017.513671875
1631,train,12000,16018.094,-4018.09375
1641,train,12000,13445.338,-1445.337890625
4408,train,9500,11487.239,-1987.2392578125
3696,train,26000,20780.06,5219.939453125
2868,train,28000,22950.633,5049.3671875
1252,train,180000,164935.08,15064.921875
3751,train,15000,16524.61,-1524.609375
1451,train,75000,55033.22,19966.78125
4050,train,35000,17179.604,17820.396484375
2314,train,22000,17208.4,4791.599609375
111,train,6000,7552.128,-1552.1279296875
2367,train,100000,115437.39,-15437.390625
4232,train,150000,173820.05,-23820.046875
670,train,50000,69229.445,-19229.4453125
317,train,5000,5530.934,-530.93408203125
1779,train,20000,12804.709,7195.291015625
3674,train,40000,44576.336,-4576.3359375
4672,train,20000,11770.437,8229.5634765625
1648,train,7500,7689.9946,-189.99462890625
338,train,7000,6193.161,806.8388671875
1296,train,17000,19096.453,-2096.453125
218,train,7500,7331.4463,168.5537109375
4591,train,37000,44207.418,-7207.41796875
4587,train,40000,42881.16,-2881.16015625
802,train,30000,25415.531,4584.46875
1555,train,6000,7318.6187,-1318.61865234375
4477,train,9000,7275.5713,1724.4287109375
673,train,25000,21775.121,3224.87890625
3782,train,11000,10612.5625,387.4375
2310,train,35000,27329.52,7670.48046875
1982,train,20000,15109.298,4890.7021484375
4494,train,25000,21475.104,3524.896484375
1469,train,35000,18480.787,16519.212890625
1592,train,35000,36246.754,-1246.75390625
1958,train,7000,8882.445,-1882.4453125
1176,train,43000,45128.82,-2128.8203125
4611,train,7500,7017.9175,482.08251953125
593,train,30000,25359.77,4640.23046875
2117,train,60000,53285.082,6714.91796875
3685,train,13000,12736.951,263.048828125
2571,train,22000,22743.568,-743.568359375
3176,train,7500,7043.944,456.05615234375
309,train,7000,5572.8755,1427.12451171875
4608,train,11000,9665.994,1334.005859375
3259,train,8000,12335.9,-4335.900390625
4393,train,10000,12601.511,-2601.5107421875
1030,train,120000,169964.25,-49964.25
3367,train,6000,6627.0415,-627.04150390625
469,train,9500,8669.844,830.15625
2299,train,12000,14603.411,-2603.4111328125
787,train,200000,145209.2,54790.796875
2623,train,15000,15691.786,-691.7861328125
2819,train,35000,27457.795,7542.205078125
3293,train,46000,51632.1,-5632.1015625
2111,train,32000,36359.414,-4359.4140625
4562,train,16000,13336.856,2663.1435546875
3389,train,9000,13892.865,-4892.865234375
1619,train,18000,14109.495,3890.5048828125
1962,train,52000,51211.97,788.03125
4179,train,12000,10617.037,1382.962890625
4131,train,52000,68991.77,-16991.7734375
2031,train,25000,27435.781,-2435.78125
1919,train,12500,6733.961,5766.0390625
4123,train,14000,13876.472,123.5283203125
3028,train,45000,37437.742,7562.2578125
1705,train,18000,19420.871,-1420.87109375
800,train,35000,30843.297,4156.703125
2756,train,19000,11005.497,7994.5029296875
2264,train,6000,6580.299,-580.298828125
1115,train,24000,29795.18,-5795.1796875
3779,train,9000,10541.976,-1541.9755859375
229,train,18000,11944.195,6055.8046875
259,train,7000,9281.474,-2281.4736328125
1395,train,180000,105633.914,74366.0859375
1720,train,11500,13290.775,-1790.775390625
1186,train,270000,192509.66,77490.34375
681,train,150000,169739.89,-19739.890625
3783,train,140000,109320.03,30679.96875
2250,train,6000,7882.833,-1882.8330078125
904,train,100000,132232.81,-32232.8125
3776,train,12000,13917.825,-1917.8251953125
360,train,5000,5905.8525,-905.8525390625
1287,train,140000,86470.48,53529.5234375
3660,train,10000,9254.027,745.97265625
3113,train,49000,57832.555,-8832.5546875
2227,train,50000,46750.68,3249.3203125
4605,train,10000,15081.655,-5081.6552734375
2960,train,5000,10072.301,-5072.30078125
3622,train,14000,24560.123,-10560.123046875
2376,train,30000,22075.664,7924.3359375
305,train,3000,5213.256,-2213.255859375
505,train,2200,6037.769,-3837.76904296875
3274,train,5000,7541.604,-2541.60400390625
1112,train,200000,143899.97,56100.03125
2799,train,90000,83504.38,6495.6171875
214,train,6000,5130.0327,869.96728515625
3592,train,15000,15498.712,-498.7119140625
1947,train,15000,11377.494,3622.505859375
865,train,75000,79031.664,-4031.6640625
3524,train,16500,12550.606,3949.3935546875
326,train,8000,9625.671,-1625.6708984375
3154,train,11000,12477.455,-1477.455078125
2788,train,21000,11668.787,9331.212890625
1111,train,18500,30277.941,-11777.94140625
4153,train,28000,33090.066,-5090.06640625
2657,train,27000,37100.65,-10100.6484375
834,train,220000,177032.97,42967.03125
839,train,65000,37906.633,27093.3671875
2694,train,15000,20332.535,-5332.53515625
1836,train,30000,22890.41,7109.58984375
3397,train,16000,9867.174,6132.826171875
328,train,8000,7156.162,843.837890625
1376,train,120000,92491.52,27508.4765625
942,train,5500,16310.863,-10810.86328125
1223,train,46000,46244.625,-244.625
3537,train,25000,17901.164,7098.8359375
1690,train,23000,21189.383,1810.6171875
2563,train,12000,9391.215,2608.78515625
1975,train,20000,16303.521,3696.478515625
2836,train,130000,200703.12,-70703.125
351,train,7000,6098.787,901.212890625
4290,train,20000,15700.049,4299.951171875
2046,train,42500,33154.855,9345.14453125
4510,train,8000,19576.447,-11576.447265625
1618,train,8500,8534.275,-34.275390625
1066,train,30000,17990.781,12009.21875
1276,train,23000,24104.348,-1104.34765625
1558,train,8000,6542.33,1457.669921875
39,train,10000,6734.9243,3265.07568359375
270,train,5500,5140.476,359.52392578125
2435,train,9500,10697.102,-1197.1015625
4635,train,45000,39196.88,5803.12109375
1035,train,350000,341433.94,8566.0625
854,train,32000,30105.725,1894.275390625
69,train,7500,5974.2725,1525.7275390625
3066,train,8000,11487.711,-3487.7109375
1838,train,8000,7673.9263,326.07373046875
2795,train,8000,11500.021,-3500.021484375
1238,train,84500,81725.17,2774.828125
1599,train,13000,14594.584,-1594.583984375
3796,train,18000,15039.827,2960.1728515625
4633,train,16000,12781.2705,3218.7294921875
3225,train,8500,9541.223,-1041.22265625
991,train,53000,62578.992,-9578.9921875
1091,train,46000,30503.637,15496.36328125
3571,train,15000,11741.307,3258.693359375
2463,train,12500,11723.56,776.4404296875
4401,train,32000,19563.68,12436.3203125
1466,train,90000,64182.65,25817.3515625
665,train,350000,318416.5,31583.5
1288,train,30000,41002.246,-11002.24609375
3977,train,22000,17864.377,4135.623046875
1080,train,40000,47875.66,-7875.66015625
1849,train,6000,5494.3267,505.67333984375
3577,train,23000,15155.278,7844.7216796875
4529,train,42000,44468.105,-2468.10546875
4300,train,30000,24600.35,5399.650390625
698,train,140000,120347.83,19652.171875
3778,train,35000,34980.312,19.6875
921,train,260000,354521.9,-94521.90625
1674,train,12000,13868.612,-1868.6123046875
2107,train,6500,6986.8203,-486.8203125
2446,train,70000,40412.39,29587.609375
2861,train,13000,19562.486,-6562.486328125
2459,train,25000,22912.229,2087.771484375
2008,train,43000,48236.85,-5236.8515625
4476,train,6200,7335.4263,-1135.42626953125
3179,train,12000,10577.851,1422.1494140625
3497,train,20000,17521.586,2478.4140625
3533,train,9000,10837.431,-1837.4306640625
1782,train,15000,15759.968,-759.9677734375
2118,train,8500,8773.399,-273.3994140625
1789,train,30000,22447.457,7552.54296875
215,train,20000,21119.477,-1119.4765625
2699,train,14000,10260.15,3739.849609375
1804,train,16500,13164.705,3335.294921875
1386,train,25000,35074.246,-10074.24609375
859,train,25000,32110.617,-7110.6171875
3405,train,20000,13134.506,6865.494140625
582,train,89000,87517.9,1482.1015625
4285,train,6500,6590.789,-90.7890625
3565,train,14000,8920.132,5079.8681640625
3798,train,10000,10805.085,-805.0849609375
1489,train,35000,29775.068,5224.931640625
964,train,95000,65254.664,29745.3359375
1543,train,23000,16618.537,6381.462890625
4428,train,7000,7297.2476,-297.24755859375
2108,train,13500,19245.742,-5745.7421875
1431,train,85000,94084.9,-9084.8984375
296,train,10000,14610.6,-4610.599609375
2164,train,11000,14792.794,-3792.7939453125
4732,train,15000,14165.047,834.953125
1092,train,35000,33738.29,1261.7109375
2989,train,29000,15465.548,13534.4521484375
1372,train,34000,70467.555,-36467.5546875
2271,train,6000,7859.717,-1859.716796875
2491,train,27000,26230.594,769.40625
557,train,68000,34315.883,33684.1171875
849,train,180000,182527.42,-2527.421875
4208,train,25000,33416.91,-8416.91015625
3162,train,8000,9530.591,-1530.5908203125
3,train,10000,9927.627,72.373046875
4395,train,10000,13407.473,-3407.47265625
930,train,150000,105890.72,44109.28125
1670,train,15000,22228.219,-7228.21875
128,train,4700,5209.2495,-509.24951171875
4564,train,20000,14427.03,5572.9697265625
192,train,10000,16423.285,-6423.28515625
4221,train,11000,11251.904,-251.904296875
3688,train,25000,23782.105,1217.89453125
3359,train,9500,9450.717,49.283203125
4180,train,10000,14720.1455,-4720.1455078125
196,train,5200,6912.54,-1712.5400390625
455,train,7000,5694.6504,1305.349609375
3936,train,55000,64300.832,-9300.83203125
2190,train,12000,13601.374,-1601.3740234375
3365,train,13000,13855.801,-855.80078125
2237,train,35000,44358.74,-9358.73828125
487,train,6000,7684.298,-1684.2978515625
520,train,25000,25723.229,-723.228515625
501,train,14000,21186.11,-7186.109375
4495,train,14000,12970.235,1029.7646484375
957,train,16000,20231.871,-4231.87109375
2816,train,31500,28052.295,3447.705078125
4505,train,8500,12340.866,-3840.8662109375
3429,train,22000,28849.049,-6849.048828125
1870,train,11000,13147.54,-2147.5400390625
1812,train,12000,11185.746,814.25390625
682,train,27000,16587.357,10412.642578125
2629,train,6000,7388.899,-1388.89892578125
3100,train,9000,9293.361,-293.361328125
2692,train,50000,28674.646,21325.353515625
799,train,70000,72758.37,-2758.3671875
2897,train,9000,13381.221,-4381.220703125
4018,train,17000,12757.875,4242.125
3908,train,9000,11186.376,-2186.3759765625
2506,train,35000,19727.473,15272.52734375
125,train,18000,15049.814,2950.185546875
1072,train,54500,38147.22,16352.78125
2568,train,52000,62578.934,-10578.93359375
180,train,15000,10331.511,4668.4892578125
1755,train,6000,7373.488,-1373.48779296875
1258,train,270000,213931.23,56068.765625
1201,train,35000,21809.621,13190.37890625
843,train,56000,53474.715,2525.28515625
3281,train,7500,12091.942,-4591.9423828125
241,train,9000,8023.3066,976.693359375
717,train,8500,20935.879,-12435.87890625
3127,train,18000,16166.321,1833.6787109375
2212,train,9000,9184.431,-184.4306640625
4309,train,20000,18835.281,1164.71875
4092,train,11000,12207.111,-1207.111328125
619,train,50000,83644.586,-33644.5859375
3023,train,10000,12425.156,-2425.15625
2705,train,17000,9067.924,7932.076171875
798,train,150000,94404.69,55595.3125
749,train,80000,61190.92,18809.078125
1130,train,33000,43322.18,-10322.1796875
1758,train,27500,18011.744,9488.255859375
2651,train,13000,11074.497,1925.5029296875
2224,train,6200,6814.501,-614.5009765625
596,train,47000,45324.34,1675.66015625
235,train,15000,10005.928,4994.072265625
458,train,15000,14711.205,288.794921875
2011,train,15000,12372.002,2627.998046875
318,train,14000,8060.008,5939.9921875
3683,train,13500,14692.065,-1192.0654296875
4461,train,15000,18596.65,-3596.650390625
22,train,4000,5163.164,-1163.1640625
4471,train,15000,10331.058,4668.9423828125
1795,train,7000,7518.069,-518.06884765625
4177,train,12000,12831.788,-831.7880859375
4163,train,15000,19599.031,-4599.03125
2396,train,10000,10412.698,-412.6982421875
4190,train,5500,6625.518,-1125.51806640625
2939,train,23000,18903.217,4096.783203125
836,train,35000,34696.535,303.46484375
1686,train,10000,12273.479,-2273.478515625
1024,train,9400,20757.479,-11357.478515625
3328,train,30000,21241.627,8758.373046875
3486,train,6000,6158.5063,-158.50634765625
3079,train,15000,18971.162,-3971.162109375
2867,train,25000,36635.824,-11635.82421875
1739,train,45000,43609.656,1390.34375
4425,train,16000,11549.804,4450.1962890625
3758,train,11500,15237.397,-3737.3974609375
519,train,12000,8752.079,3247.9208984375
291,train,14000,18122.42,-4122.419921875
2377,train,14000,16673.562,-2673.5625
1161,train,85000,72715.36,12284.640625
4211,train,3000,5253.5703,-2253.5703125
693,train,55000,55981.242,-981.2421875
1572,train,180000,139243.75,40756.25
4569,train,25000,22807.145,2192.85546875
1582,train,15000,15737.272,-737.2724609375
2291,train,22000,21362.121,637.87890625
2869,train,22000,24827.445,-2827.4453125
1250,train,13000,18343.434,-5343.43359375
538,train,33500,41005.453,-7505.453125
841,train,280000,363739.62,-83739.625
1635,train,11000,12149.35,-1149.349609375
1162,train,110000,100792.984,9207.015625
3221,train,65000,64948.887,51.11328125
1032,train,130000,152576.02,-22576.015625
2919,train,30000,22216.86,7783.140625
1767,train,9000,6812.7397,2187.26025390625
464,train,7000,7729.7266,-729.7265625
3765,train,14000,12753.324,1246.67578125
2322,train,15000,12619.082,2380.91796875
4086,train,20000,23843.9,-3843.900390625
3247,train,9000,13160.475,-4160.474609375
3924,train,24000,25171.652,-1171.65234375
4439,train,20000,12814.458,7185.5419921875
3012,train,7000,6949.15,50.85009765625
3466,train,10000,19866.53,-9866.529296875
591,train,45000,38009.84,6990.16015625
2987,train,12000,11718.16,281.83984375
470,train,1800,5133.0674,-3333.0673828125
1440,train,22000,21548.676,451.32421875
840,train,45000,42480.586,2519.4140625
3518,train,8500,12533.357,-4033.357421875
2918,train,24000,23464.17,535.830078125
488,train,18000,13020.494,4979.505859375
3016,train,4500,5591.7197,-1091.7197265625
3442,train,9500,13322.147,-3822.1474609375
3997,train,13000,16431.275,-3431.275390625
4458,train,13000,10588.873,2411.126953125
2724,train,5000,8378.765,-3378.7646484375
1103,train,70000,60470.402,9529.59765625
4001,train,15000,11477.383,3522.6171875
3940,train,7000,10740.355,-3740.35546875
795,train,18500,25135.885,-6635.884765625
4288,train,3300,4201.3013,-901.30126953125
704,train,40000,41873.574,-1873.57421875
4347,train,7500,6988.36,511.64013671875
3790,train,70000,21983.725,48016.275390625
3676,train,18000,17267.19,732.810546875
1319,train,12000,21830.39,-9830.390625
2270,train,60000,53088.527,6911.47265625
3786,train,250000,244156.58,5843.421875
1291,train,85000,100370.54,-15370.5390625
1414,train,85000,78433.83,6566.171875
2139,train,7500,8106.32,-606.31982421875
3119,train,11000,14299.727,-3299.7265625
1965,train,22000,24886.521,-2886.521484375
4725,train,18000,21332.904,-3332.904296875
2173,train,12000,11891.998,108.001953125
558,train,30000,24386.424,5613.576171875
1845,train,13000,16132.066,-3132.06640625
1634,train,8000,7857.049,142.951171875
431,train,23000,16187.504,6812.49609375
2439,train,30000,15336.48,14663.51953125
3543,train,12000,9861.943,2138.056640625
349,train,6000,10116.781,-4116.78125
53,train,15000,11533.182,3466.818359375
3632,train,10000,13159.244,-3159.244140625
50,train,7500,7660.4194,-160.41943359375
4412,train,9000,8656.532,343.4677734375
3284,train,7000,10805.085,-3805.0849609375
2905,train,12100,14695.373,-2595.373046875
1418,train,20000,19243.703,756.296875
2157,train,12000,11070.083,929.9169921875
1302,train,45000,44930.375,69.625
1859,train,50000,44588.496,5411.50390625
3539,train,14000,18666.45,-4666.44921875
1993,train,30000,32317.873,-2317.873046875
28,train,8500,8326.233,173.7666015625
2092,train,9000,11302.952,-2302.9521484375
3243,train,25000,32041.053,-7041.052734375
3682,train,9500,7682.282,1817.7177734375
3453,train,37500,38310.812,-810.8125
1260,train,26000,22946.344,3053.65625
1424,train,22000,17508.373,4491.626953125
3440,train,14000,11747.77,2252.23046875
1933,train,8000,8772.932,-772.931640625
204,train,5000,6471.0215,-1471.021484375
3010,train,20000,23903.373,-3903.373046875
4540,train,7000,6114.5547,885.4453125
2803,train,4000,7994.135,-3994.134765625
3854,train,26000,17990.748,8009.251953125
1301,train,32000,28304.127,3695.873046875
4160,train,14000,9395.864,4604.1357421875
1237,train,79500,55963.895,23536.10546875
3057,train,6000,9699.083,-3699.0830078125
1792,train,20000,15746.731,4253.2685546875
977,train,23000,31568.756,-8568.755859375
2216,train,11000,9117.209,1882.791015625
2913,train,40000,56002.17,-16002.171875
1437,train,75000,115436.18,-40436.1796875
2693,train,20000,11464.977,8535.0234375
4679,train,20000,20283.88,-283.880859375
1639,train,8000,8645.6,-645.599609375
3449,train,15000,12195.497,2804.5029296875
542,train,400000,354497.56,45502.4375
1362,train,170000,141261.83,28738.171875
2415,train,80000,72613.484,7386.515625
3002,train,15000,11907.036,3092.9638671875
2404,train,14900,11537.473,3362.52734375
4664,train,8000,14583.007,-6583.0068359375
2259,train,30000,28524.004,1475.99609375
2901,train,23000,22954.18,45.8203125
2497,train,7000,8713.731,-1713.7314453125
1330,train,16000,11693.933,4306.0673828125
2993,train,14000,15060.827,-1060.8271484375
3712,train,23000,17821.951,5178.048828125
3756,train,16000,12199.511,3800.4892578125
2238,train,9000,11830.627,-2830.626953125
330,train,3800,6174.3457,-2374.345703125
1067,train,45000,52744.402,-7744.40234375
1127,train,43000,45795.203,-2795.203125
3834,train,40000,27612.76,12387.240234375
3343,train,18000,17098.92,901.080078125
630,train,310000,205087.98,104912.015625
713,train,35000,49058.113,-14058.11328125
2747,train,9500,8416.738,1083.26171875
2094,train,20000,13630.178,6369.822265625
268,train,6500,8246.795,-1746.794921875
3928,train,27000,33713.105,-6713.10546875
2535,train,16000,8251.909,7748.0908203125
2105,train,6000,14219.284,-8219.2841796875
3851,train,27500,31925.783,-4425.783203125
1617,train,12000,14512.689,-2512.689453125
2895,train,150000,52630.94,97369.05859375
265,train,40000,29090.826,10909.173828125
4120,train,80000,63596.863,16403.13671875
2533,train,28500,24155.92,4344.080078125
4250,train,15000,13345.521,1654.478515625
2249,train,21000,26309.062,-5309.0625
3419,train,10500,12624.499,-2124.4990234375
506,train,3300,3449.958,-149.9580078125
2994,train,6000,8598.388,-2598.3876953125
4426,train,14000,10571.98,3428.01953125
1345,train,90000,90859.52,-859.5234375
1485,train,280000,290428.4,-10428.40625
1796,train,10000,13851.189,-3851.189453125
233,train,21000,7494.035,13505.96484375
622,train,220000,225212.55,-5212.546875
1074,train,67000,71282.11,-4282.109375
2821,train,20000,9947.958,10052.0419921875
2601,train,30000,25512.21,4487.7890625
1976,train,9000,10455.561,-1455.560546875
4689,train,53000,51866.824,1133.17578125
3223,train,15000,19466.785,-4466.78515625
220,train,3000,4094.7656,-1094.765625
4729,train,17000,18087.367,-1087.3671875
1294,train,36000,30156.816,5843.18359375
3840,train,13000,13057.74,-57.740234375
428,train,5500,6219.4385,-719.4384765625
429,train,8500,13887.831,-5387.8310546875
1590,train,9000,9716.268,-716.267578125
2460,train,13000,12569.15,430.849609375
2191,train,8000,6076.791,1923.208984375
872,train,130000,140522.28,-10522.28125
107,train,8000,9052.162,-1052.162109375
2234,train,6000,7690.075,-1690.0751953125
613,train,30000,24080.176,5919.82421875
1760,train,10000,14816.571,-4816.5712890625
4649,train,6000,6729.3125,-729.3125
4366,train,10000,12093.35,-2093.349609375
1340,train,400000,375343.28,24656.71875
4715,train,15000,10476.523,4523.4765625
1211,train,30000,25452.305,4547.6953125
2132,train,8000,8253.688,-253.6884765625
1168,train,150000,172070.44,-22070.4375
861,train,95000,76357.93,18642.0703125
1567,train,14500,13146.186,1353.814453125
2667,train,11000,10748.656,251.34375
689,train,48000,43708.297,4291.703125
2690,train,9000,11664.092,-2664.091796875
2165,train,15000,12056.6,2943.400390625
348,train,20000,22616.23,-2616.23046875
2413,train,7500,10679.048,-3179.0478515625
4280,train,10000,8600.898,1399.1015625
3329,train,9000,10450.157,-1450.1572265625
3551,train,25000,25483.59,-483.58984375
2054,train,15000,12241.166,2758.833984375
3298,train,23999,18869.895,5129.10546875
3029,train,35000,34052.27,947.73046875
494,train,12000,11498.059,501.94140625
2558,train,10000,10396.493,-396.4931640625
4361,train,53000,43163.938,9836.0625
3519,train,10000,12023.906,-2023.90625
2429,train,55000,40962.5,14037.5
2168,train,42000,27737.232,14262.767578125
4030,train,19800,12790.355,7009.64453125
1561,train,10000,7722.3057,2277.6943359375
4415,train,9000,10447.586,-1447.5859375
3907,train,8000,13517.974,-5517.9736328125
3970,train,12000,12537.123,-537.123046875
2148,train,18000,15304.612,2695.3876953125
3953,train,65000,30923.203,34076.796875
2166,train,5500,7858.87,-2358.8701171875
720,train,38000,26974.58,11025.419921875
863,train,18500,19714.477,-1214.4765625
399,train,5000,5385.6636,-385.66357421875
2214,train,10000,8832.82,1167.1796875
3594,train,7000,6671.08,328.919921875
2430,train,20000,25684.152,-5684.15234375
3771,train,13000,13205.247,-205.2470703125
2112,train,42000,39146.78,2853.21875
3734,train,15000,20128.0,-5128.0
4176,train,200000,105016.17,94983.828125
2428,train,15500,12691.43,2808.5703125
925,train,400000,287575.28,112424.71875
2950,train,6000,8625.256,-2625.255859375
109,train,6000,5506.9453,493.0546875
2719,train,25000,18764.871,6235.12890625
4386,train,25000,22658.07,2341.9296875
2644,train,7000,6997.631,2.369140625
3398,train,18000,15742.797,2257.203125
4563,train,12000,13229.047,-1229.046875
4296,train,8000,9020.273,-1020.2734375
1511,train,15000,17956.207,-2956.20703125
4195,train,24000,23202.385,797.615234375
3784,train,12000,6832.4966,5167.50341796875
4634,train,16000,10564.411,5435.5888671875
2723,train,6000,7348.066,-1348.06591796875
1940,train,8000,7926.41,73.58984375
1494,train,13000,12875.873,124.126953125
4557,train,23000,20383.969,2616.03125
2194,train,32000,40261.168,-8261.16796875
1500,train,7500,6528.1177,971.88232421875
2921,train,10000,10244.192,-244.1923828125
2948,train,30000,27272.238,2727.76171875
2465,train,15500,21177.727,-5677.7265625
2488,train,9000,7824.1963,1175.8037109375
86,train,7000,10101.673,-3101.6728515625
1659,train,14500,11724.957,2775.04296875
2457,train,7500,14999.989,-7499.9892578125
3196,train,11000,13583.5625,-2583.5625
1676,train,150000,164262.92,-14262.921875
4308,train,17000,17291.365,-291.365234375
1148,train,240000,219870.27,20129.734375
3437,train,7000,7388.5747,-388.57470703125
3785,train,13000,11186.322,1813.677734375
1934,train,9500,9023.698,476.3017578125
1135,train,40000,33607.105,6392.89453125
2808,train,12500,17933.342,-5433.341796875
3607,train,30000,15930.279,14069.720703125
561,train,20000,21921.982,-1921.982421875
3481,train,13000,12837.934,162.06640625
4148,train,20000,20537.111,-537.111328125
826,train,1000000,464424.9,535575.09375
949,train,180000,139327.17,40672.828125
898,train,60000,70949.84,-10949.84375
3511,train,65000,65411.18,-411.1796875
80,train,14500,19376.469,-4876.46875
453,train,7000,9333.2,-2333.2001953125
2560,train,12000,17657.771,-5657.771484375
1396,train,30000,30674.182,-674.181640625
3250,train,14000,21107.797,-7107.796875
570,train,45000,55610.832,-10610.83203125
1606,train,37000,20054.422,16945.578125
1399,train,70000,63335.508,6664.4921875
1523,train,5500,6491.044,-991.0439453125
4281,train,10000,12522.676,-2522.67578125
240,train,8500,7237.407,1262.5927734375
451,train,5146,7151.897,-2005.89697265625
1311,train,50000,55031.066,-5031.06640625
258,train,22000,16293.107,5706.892578125
3138,train,8000,7579.9546,420.04541015625
102,train,21000,17389.387,3610.61328125
794,train,150000,152634.53,-2634.53125
3575,train,60000,45116.9,14883.1015625
1528,train,18000,16539.271,1460.728515625
4596,train,6000,6584.864,-584.86376953125
818,train,50000,55789.902,-5789.90234375
2781,train,18000,17686.17,313.830078125
1088,train,50000,56129.805,-6129.8046875
219,train,6500,6685.5845,-185.58447265625
245,train,7000,8952.981,-1952.9814453125
210,train,13000,13065.775,-65.775390625
4371,train,40000,39886.02,113.98046875
706,train,20000,26022.139,-6022.138671875
874,train,250000,253258.8,-3258.796875
2120,train,8500,7100.695,1399.30517578125
1873,train,120000,123163.516,-3163.515625
337,train,7000,9662.021,-2662.021484375
1948,train,14000,13240.812,759.1884765625
1951,train,12000,7933.2173,4066.78271484375
1134,train,36000,23716.76,12283.240234375
1563,train,11000,7665.0605,3334.939453125
2909,train,42000,40677.453,1322.546875
44,train,6000,8636.262,-2636.26171875
2892,train,20000,23581.387,-3581.38671875
1622,train,17000,19230.31,-2230.310546875
4313,train,17000,16646.17,353.830078125
3444,train,120000,125396.68,-5396.6796875
697,train,43000,39490.67,3509.328125
298,train,9000,7695.4097,1304.59033203125
4233,train,16000,15461.625,538.375
1054,train,100000,88359.07,11640.9296875
2406,train,10000,13301.225,-3301.224609375
2725,train,20000,15418.772,4581.2275390625
4470,train,20000,24051.99,-4051.990234375
129,train,4700,5453.741,-753.7412109375
4292,train,20000,16713.316,3286.68359375
4736,val,15000,13550.993,1449.0068359375
1052,val,130000,130231.766,-231.765625
2600,val,40000,63967.734,-23967.734375
2818,val,60000,30017.277,29982.72265625
2820,val,55000,54628.066,371.93359375
1037,val,55000,62939.246,-7939.24609375
2610,val,42000,88798.26,-46798.2578125
1382,val,80000,65524.254,14475.74609375
2755,val,65000,96128.14,-31128.140625
2674,val,35000,69169.65,-34169.6484375
1397,val,100000,172188.8,-72188.796875
2206,val,21000,26840.24,-5840.240234375
1980,val,12000,8066.376,3933.6240234375
4277,val,22000,20885.781,1114.21875
4121,val,7500,6047.7695,1452.23046875
2033,val,30000,20574.123,9425.876953125
1446,val,22000,24540.854,-2540.853515625
3807,val,23000,14630.456,8369.5439453125
2045,val,19000,13189.991,5810.0087890625
4571,val,12000,17360.09,-5360.08984375
1574,val,12000,15354.395,-3354.39453125
4681,val,9000,10853.961,-1853.9609375
2335,val,22000,22662.068,-662.068359375
1817,val,19000,17647.502,1352.498046875
2553,val,15000,12262.69,2737.3095703125
3498,val,16000,14951.955,1048.044921875
2864,val,5500,9076.75,-3576.75
3777,val,17000,14073.92,2926.080078125
4599,val,16000,17662.588,-1662.587890625
2502,val,11000,20896.6,-9896.599609375
765,val,140000,103467.44,36532.5625
3974,val,12000,16437.434,-4437.43359375
1503,val,10500,12963.915,-2463.9150390625
1876,val,5000,5667.437,-667.43701171875
1886,val,6000,7955.525,-1955.52490234375
866,val,100000,112349.99,-12349.9921875
862,val,30000,22445.445,7554.5546875
347,val,8500,7271.9844,1228.015625
1271,val,98000,104572.63,-6572.6328125
1129,val,35000,30595.414,4404.5859375
2738,val,8500,14128.482,-5628.482421875
1197,val,55000,32829.387,22170.61328125
3181,val,5000,5897.1274,-897.12744140625
768,val,45000,40832.46,4167.5390625
1025,val,100000,101370.91,-1370.90625
4556,val,11000,12704.739,-1704.7392578125
2453,val,6000,11186.834,-5186.833984375
1,val,20000,8385.968,11614.0322265625
2843,val,28000,29007.713,-1007.712890625
1281,val,95000,56884.477,38115.5234375
4377,val,20000,24507.99,-4507.990234375
1904,val,65000,34757.273,30242.7265625
3263,val,25000,15935.309,9064.69140625
2965,val,85000,62409.965,22590.03515625
4414,val,39000,28705.182,10294.818359375
209,val,8000,7047.0215,952.978515625
1147,val,8000,30035.29,-22035.2890625
3385,val,5700,6913.1265,-1213.12646484375
3839,val,27000,43051.95,-16051.94921875
4143,val,60000,45653.047,14346.953125
2926,val,5500,9850.625,-4350.625
3195,val,12000,12380.631,-380.630859375
2597,val,10000,15165.632,-5165.6318359375
2302,val,60000,83930.09,-23930.09375
4469,val,16000,13032.185,2967.8154296875
638,val,190000,142155.67,47844.328125
4489,val,15000,15534.007,-534.0068359375
3213,val,8000,6906.5757,1093.42431640625
3495,val,70000,97878.39,-27878.390625
285,val,25000,17564.719,7435.28125
4667,val,15000,11589.053,3410.947265625
3725,val,11000,8997.941,2002.05859375
3846,val,14000,13267.51,732.490234375
3331,val,30000,20633.605,9366.39453125
2220,val,6500,7418.82,-918.81982421875
4622,val,13000,16908.453,-3908.453125
667,val,25000,17974.574,7025.42578125
1773,val,16000,22622.033,-6622.033203125
744,val,300000,112090.14,187909.859375
3849,val,15000,10750.778,4249.2216796875
4514,val,70000,69771.69,228.3125
2023,val,16000,16404.984,-404.984375
1732,val,10000,14219.582,-4219.58203125
2277,val,8000,7727.0137,272.986328125
1801,val,18000,11212.043,6787.95703125
3715,val,17000,18455.248,-1455.248046875
4134,val,25000,22300.756,2699.244140625
3500,val,100000,60807.09,39192.91015625
3326,val,12000,16687.42,-4687.419921875
3583,val,10000,11203.993,-1203.9931640625
3370,val,7500,12059.44,-4559.4404296875
2142,val,30000,43163.652,-13163.65234375
433,val,8500,8211.005,288.9951171875
634,val,150000,91338.14,58661.859375
2239,val,8000,6521.67,1478.330078125
3413,val,30000,38043.6,-8043.6015625
262,val,15000,9960.728,5039.2724609375
2007,val,14000,15280.576,-1280.576171875
733,val,25000,23736.355,1263.64453125
2069,val,13000,11080.16,1919.83984375
3960,val,30000,34239.125,-4239.125
814,val,100000,117866.086,-17866.0859375
4706,val,12000,11812.046,187.9541015625
1077,val,98000,124137.44,-26137.4375
975,val,100000,34248.99,65751.01171875
4335,val,30000,27705.295,2294.705078125
146,val,2200,9093.8125,-6893.8125
2021,val,35000,35743.95,-743.94921875
1895,val,6500,8581.928,-2081.927734375
3218,val,18000,16147.06,1852.9404296875
2195,val,14500,9737.754,4762.24609375
4312,val,7000,11693.609,-4693.609375
2923,val,280000,151710.53,128289.46875
64,val,3500,4407.117,-907.1171875
4118,val,17000,18959.37,-1959.369140625
1131,val,47000,58116.188,-11116.1875
1196,val,120000,128148.88,-8148.8828125
336,val,7200,7686.4453,-486.4453125
1815,val,12000,10636.092,1363.908203125
4582,val,37000,36708.535,291.46484375
2887,val,10000,9760.172,239.828125
2154,val,9000,8661.239,338.7607421875
3944,val,45000,29943.195,15056.8046875
1290,val,80000,51040.973,28959.02734375
747,val,35000,36860.65,-1860.6484375
2449,val,9000,11194.007,-2194.0068359375
221,val,5200,7525.688,-2325.68798828125
3102,val,55000,93573.14,-38573.140625
2079,val,14000,13426.386,573.6142578125
1049,val,40000,36620.418,3379.58203125
1051,val,95000,61087.02,33912.98046875
4014,val,16000,12693.209,3306.791015625
2860,val,250000,84261.0,165739.0
1433,val,7500,30352.215,-22852.21484375
4421,val,8000,12753.203,-4753.203125
3009,val,15000,15120.138,-120.1376953125
4728,val,15000,17709.97,-2709.970703125
3305,val,14000,15821.051,-1821.05078125
2057,val,9500,7800.6123,1699.3876953125
992,val,140000,170676.02,-30676.015625
994,val,65000,75138.12,-10138.1171875
4536,val,38000,22484.268,15515.732421875
1216,val,43000,56454.223,-13454.22265625
1277,val,55000,36571.66,18428.33984375
2052,val,15000,15477.5,-477.5
3991,val,18000,10211.328,7788.671875
3169,val,10000,11132.478,-1132.4775390625
965,val,68000,69372.2,-1372.203125
2182,val,190000,72215.98,117784.0234375
99,val,15000,19421.426,-4421.42578125
2970,val,24000,24151.566,-151.56640625
226,val,7000,6945.009,54.9912109375
74,val,40000,16968.662,23031.337890625
752,val,57000,58061.676,-1061.67578125
4670,val,17000,17396.852,-396.8515625
3126,val,25000,16952.648,8047.3515625
1299,val,140000,239958.98,-99958.984375
3448,val,120000,140032.25,-20032.25
3193,val,15000,12266.246,2733.75390625
4650,val,32000,22923.53,9076.470703125
3573,val,7500,6620.048,879.9521484375
2326,val,11000,10980.774,19.2255859375
1988,val,13000,12045.026,954.9736328125
791,val,600000,399002.2,200997.8125
3039,val,40000,43903.438,-3903.4375
170,val,5000,3714.499,1285.5009765625
3866,val,50000,50537.953,-537.953125
2846,val,27000,30485.955,-3485.955078125
3982,val,12000,12049.14,-49.1396484375
2758,val,12000,14132.31,-2132.3095703125
2712,val,7500,11043.477,-3543.4765625
3925,val,15000,11326.888,3673.1123046875
3130,val,15000,15205.562,-205.5615234375
2588,val,4000,6729.569,-2729.56884765625
906,val,4500,19012.006,-14512.005859375
4234,val,6000,5024.603,975.39697265625
890,val,80000,72583.44,7416.5625
1482,val,40000,34272.906,5727.09375
535,val,30000,41418.97,-11418.96875
1329,val,50000,27944.443,22055.556640625
2444,val,12000,8928.2,3071.7998046875
1442,val,55000,54057.516,942.484375
1943,val,5000,8012.822,-3012.82177734375
4151,val,12000,10608.9795,1391.0205078125
2902,val,30000,47528.73,-17528.73046875
2943,val,27000,30255.83,-3255.830078125
271,val,9000,20657.057,-11657.056640625
1527,val,10000,12422.846,-2422.845703125
2373,val,8000,11230.397,-3230.3974609375
3474,val,12000,10526.492,1473.5078125
4189,val,13900,8342.903,5557.0966796875
4567,val,23000,18245.48,4754.51953125
1892,val,7500,7035.349,464.65087890625
3291,val,10000,7962.4937,2037.50634765625
3864,val,28000,32108.014,-4108.013671875
858,val,160000,139962.55,20037.453125
3353,val,20000,21255.021,-1255.021484375
1715,val,21000,16293.092,4706.908203125
3445,val,20000,18962.516,1037.484375
3932,val,25000,22327.037,2672.962890625
2040,val,16000,13336.487,2663.5126953125
663,val,50000,46558.418,3441.58203125
4192,val,4700,9184.667,-4484.6669921875
3202,val,12000,12679.3545,-679.3544921875
1266,val,85000,35863.082,49136.91796875
217,val,30000,31698.604,-1698.603515625
1978,val,27500,19790.734,7709.265625
2749,val,30000,34306.297,-4306.296875
3609,val,14000,14240.74,-240.740234375
1473,val,45000,44128.65,871.3515625
2059,val,9000,14915.109,-5915.109375
4539,val,25000,11386.679,13613.3212890625
653,val,13500,22416.05,-8916.05078125
2048,val,18000,16297.94,1702.0595703125
42,val,5000,6605.5156,-1605.515625
4454,val,15000,12149.917,2850.0830078125
1989,val,11000,9786.767,1213.2333984375
2671,val,20500,18739.832,1760.16796875
580,val,13000,17353.865,-4353.865234375
2792,val,7000,11109.111,-4109.111328125
916,val,90000,63008.492,26991.5078125
3789,val,36000,42699.723,-6699.72265625
410,val,6500,9482.119,-2982.119140625
2089,val,30000,48635.777,-18635.77734375
3735,val,28000,15207.243,12792.7568359375
201,val,10000,6836.812,3163.18798828125
2546,val,12000,11127.021,872.978515625
2084,val,12000,16092.206,-4092.2060546875
1710,val,7000,6617.8066,382.193359375
4079,val,27000,22333.916,4666.083984375
4488,val,25000,23036.113,1963.88671875
3035,val,10000,10548.734,-548.734375
3920,val,27000,21835.68,5164.3203125
3277,val,25000,27536.783,-2536.783203125
3949,val,35000,36533.594,-1533.59375
2656,val,5000,7537.282,-2537.2822265625
1941,val,22000,8865.974,13134.0263671875
2383,val,18500,12850.122,5649.8779296875
2423,val,8500,8288.272,211.7275390625
4653,val,12000,7942.1514,4057.8486328125
3962,val,25000,21586.977,3413.0234375
565,val,44000,64321.133,-20321.1328125
3248,val,14000,15627.714,-1627.7138671875
1428,val,31000,24575.33,6424.669921875
1193,val,250000,155802.27,94197.734375
2448,val,35000,37044.926,-2044.92578125
1512,val,7000,6993.7676,6.232421875
2841,val,10000,10595.692,-595.6923828125
3400,val,7500,10898.629,-3398.62890625
395,val,6000,6970.1333,-970.13330078125
2607,val,15500,18012.002,-2512.001953125
1097,val,29500,40231.074,-10731.07421875
1917,val,14000,15326.494,-1326.494140625
1491,val,250000,284278.3,-34278.3125
1453,val,55000,66624.97,-11624.96875
1877,val,18000,10210.149,7789.8505859375
3436,val,13500,13618.015,-118.0146484375
1566,val,24000,23818.172,181.828125
757,val,24000,30235.379,-6235.37890625
3956,val,45000,36437.312,8562.6875
4251,val,15500,10207.199,5292.80078125
3603,val,6500,7586.7827,-1086.78271484375
1496,val,21000,23620.666,-2620.666015625
3377,val,20000,13429.459,6570.541015625
3507,val,17000,12768.8545,4231.1455078125
2197,val,7500,8404.5205,-904.5205078125
1858,val,17000,16827.309,172.69140625
3841,val,9000,12672.561,-3672.560546875
1578,val,12000,14007.179,-2007.1787109375
247,val,7000,12416.5205,-5416.5205078125
2170,val,15000,15334.638,-334.6376953125
3069,val,14000,6669.9604,7330.03955078125
1093,val,75000,74149.77,850.2265625
808,val,60000,29785.18,30214.8203125
2837,val,150000,166053.45,-16053.453125
4061,val,13000,13437.519,-437.5185546875
2703,val,10000,11649.705,-1649.705078125
2417,val,13000,14109.32,-1109.3203125
2590,val,20000,26524.215,-6524.21484375
4409,val,46000,78905.59,-32905.59375
2245,val,11000,10890.555,109.4453125
3560,val,20000,14860.968,5139.0322265625
4029,val,15000,20468.203,-5468.203125
2409,val,7000,8758.417,-1758.4169921875
3568,val,26000,23139.537,2860.462890625
592,val,170000,159712.4,10287.59375
1979,val,16000,12442.873,3557.126953125
373,val,15000,15949.282,-949.2822265625
2732,val,20000,12724.044,7275.9560546875
2678,val,17000,18240.053,-1240.052734375
2751,val,13000,10220.789,2779.2109375
1826,val,7000,8596.183,-1596.1826171875
301,val,15000,15438.933,-438.9326171875
2900,val,16000,22764.031,-6764.03125
3316,val,7000,6875.5127,124.4873046875
648,val,80000,101180.63,-21180.6328125
3645,val,20000,14128.172,5871.828125
457,val,8000,7364.07,635.93017578125
1679,val,40000,26767.182,13232.818359375
3219,val,15000,16168.372,-1168.3720703125
3030,val,34999,52958.57,-17959.5703125
3261,val,12000,10459.819,1540.1806640625
1016,val,45000,51138.86,-6138.859375
3033,val,15000,9299.497,5700.5029296875
4369,val,7000,7583.1367,-583.13671875
3318,val,20000,30647.016,-10647.015625
3662,val,13500,8562.045,4937.955078125
2830,val,12000,24948.021,-12948.021484375
4077,val,25000,15602.144,9397.8564453125
1019,val,20000,18017.98,1982.01953125
3446,val,21000,19562.97,1437.029296875
1891,val,36000,26920.531,9079.46875
1336,val,21000,18323.133,2676.8671875
3927,val,12000,11923.355,76.64453125
4703,val,60000,50032.207,9967.79296875
4522,val,9500,8362.709,1137.291015625
2655,val,9500,10641.591,-1141.5908203125
187,val,8000,10893.952,-2893.9521484375
1584,val,27000,23486.693,3513.306640625
2726,val,10000,10282.761,-282.7607421875
287,val,7500,18132.342,-10632.341796875
1156,val,260000,181174.53,78825.46875
3348,val,53000,53379.332,-379.33203125
3679,val,11000,11142.803,-142.802734375
3740,val,36000,46614.18,-10614.1796875
1263,val,27000,33812.184,-6812.18359375
503,val,40000,29395.936,10604.064453125
1747,val,15000,11313.932,3686.068359375
4410,val,12000,12269.581,-269.5810546875
2329,val,8500,8962.404,-462.404296875
600,val,300000,250691.66,49308.34375
2592,val,150000,42921.38,107078.62109375
4497,val,12500,12518.007,-18.0068359375
3934,val,12000,12570.157,-570.1572265625
675,val,21000,19949.217,1050.783203125
4724,val,5000,8016.086,-3016.0859375
4019,val,12500,11231.939,1268.060546875
2542,val,45000,44170.332,829.66796875
2478,val,20000,13641.583,6358.4169921875
2522,val,65000,44328.375,20671.625
2809,val,30000,33582.273,-3582.2734375
2501,val,10000,12501.685,-2501.6845703125
2280,val,30000,46084.277,-16084.27734375
1868,val,22500,43155.914,-20655.9140625
3422,val,7500,6559.419,940.5810546875
999,val,1200000,422751.9,777248.09375
2786,val,150000,145329.05,4670.953125
2870,val,21000,14349.224,6650.7763671875
4345,val,5000,7082.635,-2082.634765625
1837,val,17000,23924.24,-6924.240234375
4431,val,12000,12619.046,-619.0458984375
3653,val,10000,7849.356,2150.64404296875
1317,val,80000,53755.38,26244.62109375
1456,val,140000,200326.98,-60326.984375
2470,val,2000,8895.696,-6895.6962890625
1545,val,8000,7770.486,229.51416015625
595,val,75000,76612.87,-1612.8671875
230,val,3500,7270.4795,-3770.4794921875
4623,val,11000,6543.834,4456.166015625
4441,val,30000,19556.348,10443.65234375
4105,val,6000,8950.121,-2950.12109375
3024,val,13000,10675.117,2324.8828125
2232,val,150000,200842.9,-50842.90625
2721,val,47000,45780.355,1219.64453125
3876,val,14000,12966.03,1033.9697265625
40,val,7200,6901.2744,298.7255859375
3322,val,10000,7437.0703,2562.9296875
3781,val,27999,27544.086,454.9140625
1681,val,16000,17687.469,-1687.46875
3396,val,8000,8723.178,-723.177734375
4541,val,10000,15125.504,-5125.50390625
1857,val,27000,16899.297,10100.703125
2158,val,24000,22491.26,1508.740234375
3589,val,7000,10272.909,-3272.9091796875
3244,val,9000,7427.1816,1572.818359375
4391,val,13500,11136.778,2363.2216796875
824,val,48000,44687.348,3312.65234375
55,val,7000,6099.4795,900.5205078125
2267,val,10000,11683.498,-1683.498046875
3531,val,20000,18777.312,1222.6875
3092,val,9000,11878.815,-2878.8154296875
2407,val,40000,20878.93,19121.0703125
3563,val,18000,16028.5625,1971.4375
1896,val,6000,8612.612,-2612.6123046875
333,val,30000,21010.79,8989.2109375
32,val,6000,7106.027,-1106.02685546875
1235,val,200000,268353.44,-68353.4375
4485,val,12000,13228.518,-1228.517578125
1991,val,23500,14467.733,9032.2666015625
1367,val,55000,39015.473,15984.52734375
4638,val,8000,7459.9893,540.0107421875
2347,val,10000,13560.134,-3560.1337890625
2454,val,22000,21984.793,15.20703125
1221,val,6500,17244.314,-10744.314453125
2371,val,65000,139997.8,-74997.796875
1893,val,9000,8679.301,320.69921875
1126,val,50000,60235.105,-10235.10546875
2171,val,6000,7575.5312,-1575.53125
2131,val,10000,8395.724,1604.2763671875
2468,val,13000,11193.729,1806.271484375
1065,val,18000,19414.166,-1414.166015625
3634,val,19000,21157.396,-2157.396484375
1636,val,40000,36700.31,3299.69140625
1262,val,41000,32142.42,8857.580078125
3845,val,9500,9068.754,431.24609375
3408,val,5000,10432.6,-5432.599609375
1616,val,100000,200258.98,-100258.984375
2729,val,5500,7156.5986,-1656.5986328125
2509,val,32000,24489.393,7510.607421875
1548,val,20000,26152.309,-6152.30859375
3714,val,45000,23478.676,21521.32421875
2530,val,20000,14490.077,5509.9228515625
4446,val,15000,16928.203,-1928.203125
2972,val,10500,12094.399,-1594.3994140625
3141,val,13000,10807.692,2192.3076171875
3197,val,8000,8824.349,-824.3486328125
4647,val,16000,15314.293,685.70703125
1206,val,32000,30332.97,1667.029296875
4089,val,10000,12298.4375,-2298.4375
1935,val,9000,19847.156,-10847.15625
2793,val,18500,19763.762,-1263.76171875
873,val,40000,35623.1,4376.8984375
772,val,120000,94963.0,25037.0
1953,val,9500,13227.571,-3727.5712890625
3532,val,17000,14894.696,2105.3037109375
3401,val,15000,11369.348,3630.65234375
207,val,6000,7625.5596,-1625.5595703125
3825,val,10000,12347.012,-2347.01171875
20,val,7900,7180.249,719.7509765625
3556,val,9500,12365.172,-2865.171875
952,val,59000,40931.14,18068.859375
4215,val,40000,35674.984,4325.015625
4686,val,7000,6431.4004,568.599609375
3561,val,13000,10328.466,2671.5341796875
3818,val,8500,6568.065,1931.93505859375
1666,val,50000,75459.26,-25459.2578125
1925,val,15000,14478.859,521.140625
3752,val,10000,7765.033,2234.966796875
1735,val,8000,8613.557,-613.556640625
444,val,10000,12262.105,-2262.10546875
3608,val,4000,6703.1245,-2703.12451171875
556,val,32000,22492.975,9507.025390625
1078,val,16000,18446.396,-2446.396484375
75,val,12500,11824.795,675.205078125
197,val,15000,17976.512,-2976.51171875
1120,val,90100,78866.24,11233.7578125
2845,val,18000,22187.85,-4187.849609375
10,val,25000,18968.213,6031.787109375
4093,val,12000,11783.803,216.197265625
181,val,50000,15327.6045,34672.3955078125
4404,val,12000,15155.365,-3155.365234375
1609,val,8000,9247.119,-1247.119140625
96,val,12000,14470.4795,-2470.4794921875
4141,val,15500,12819.177,2680.8232421875
4707,val,110000,89874.65,20125.3515625
355,val,5200,6458.0356,-1258.03564453125
2127,val,10000,8389.912,1610.087890625
1740,val,6000,6892.8867,-892.88671875
292,val,15000,14036.641,963.359375
806,val,19500,56149.992,-36649.9921875
1114,val,55000,64556.074,-9556.07421875
2389,val,90000,96774.33,-6774.328125
2263,val,9000,8819.241,180.7587890625
158,val,14500,11859.469,2640.53125
4053,val,35000,16418.93,18581.0703125
3251,val,8000,10727.865,-2727.865234375
3080,val,11000,10742.568,257.431640625
2772,val,20200,23006.977,-2806.9765625
2557,val,12000,14457.596,-2457.595703125
127,val,8000,6703.6104,1296.3896484375
1930,val,18000,21460.527,-3460.52734375
654,val,18000,48120.24,-30120.23828125
2505,val,35000,11904.152,23095.84765625
4186,val,20000,17952.697,2047.302734375
1429,val,60000,48447.547,11552.453125
4721,val,8000,10015.704,-2015.7041015625
443,val,5500,6116.1997,-616.19970703125
4646,val,10000,10939.337,-939.3369140625
2394,val,260000,335262.3,-75262.3125
1145,val,50000,26523.432,23476.568359375
4128,val,22000,19785.902,2214.09765625
1583,val,19000,19642.107,-642.107421875
3414,val,12500,7748.948,4751.0517578125
4392,val,21000,17075.875,3924.125
2015,val,5000,6216.479,-1216.47900390625
978,val,40000,37246.82,2753.1796875
4430,val,22000,20099.898,1900.1015625
3186,val,14000,15286.67,-1286.669921875
1729,val,6500,8722.0625,-2222.0625
275,val,30000,13819.613,16180.38671875
1113,val,70000,94251.84,-24251.84375
3535,val,12000,12502.937,-502.9365234375
2945,val,5000,9191.739,-4191.7392578125
117,val,7000,6963.3154,36.6845703125
671,val,65000,68321.945,-3321.9453125
3315,val,7000,6539.46,460.5400390625
574,val,55000,63992.14,-8992.140625
3406,val,7500,10517.48,-3017.48046875
3096,val,15000,27475.607,-12475.607421875
2888,val,20000,16307.83,3692.169921875
1436,val,80000,33649.44,46350.55859375
3177,val,7500,9960.519,-2460.5185546875
647,val,53000,54092.844,-1092.84375
2244,val,17000,15330.733,1669.2666015625
2078,val,4000,5840.8896,-1840.8896484375
1932,val,10000,12686.915,-2686.9150390625
175,val,5500,7575.2495,-2075.24951171875
1137,val,32000,34067.246,-2067.24609375
1356,val,74999,50711.52,24287.48046875
13,val,5500,5708.7524,-208.75244140625
915,val,10000,15615.8545,-5615.8544921875
3922,val,9000,17232.576,-8232.576171875
3943,val,14000,18210.26,-4210.259765625
234,val,4500,5104.1294,-604.12939453125
1343,val,80000,158192.73,-78192.734375
3167,val,16000,12946.777,3053.22265625
1850,val,8900,19574.785,-10674.78515625
3122,val,12500,13322.516,-822.515625
3678,val,23000,23443.19,-443.189453125
236,val,4500,4100.1284,399.87158203125
4191,val,9000,11318.864,-2318.8642578125
1824,val,16500,20115.469,-3615.46875
2938,val,25000,27191.104,-2191.103515625
3710,val,22000,17985.48,4014.51953125
4595,val,12000,8359.79,3640.2099609375
2222,val,22000,29482.693,-7482.693359375
3569,val,9000,10525.318,-1525.318359375
149,val,20000,16053.576,3946.423828125
4020,val,25000,23633.96,1366.0390625
4598,val,10000,7006.5874,2993.41259765625
3132,val,15000,11840.526,3159.4736328125
2458,val,5500,12984.283,-7484.283203125
383,val,10000,10550.596,-550.595703125
4185,val,16000,13833.143,2166.857421875
4731,val,12000,12835.962,-835.9619140625
3320,val,18000,14763.267,3236.7333984375
4592,val,12000,13378.872,-1378.8720703125
3346,val,9000,12667.207,-3667.20703125
1808,val,70000,8557.962,61442.0380859375
2013,val,25500,36184.55,-10684.55078125
3065,val,15000,15659.702,-659.7021484375
737,val,22000,26427.834,-4427.833984375
1757,val,7000,6844.3545,155.6455078125
803,val,50000,100995.53,-50995.53125
1226,val,15000,23834.012,-8834.01171875
3879,val,11000,12139.238,-1139.23828125
1580,val,15000,11563.074,3436.92578125
3780,val,13000,16391.486,-3391.486328125
2353,val,22000,13709.001,8290.9990234375
4247,val,8500,8627.065,-127.0654296875
4594,val,30000,25917.496,4082.50390625
1265,val,65000,64049.35,950.6484375
4364,val,28000,21011.91,6988.08984375
3393,val,13000,10399.25,2600.75
4166,val,14000,17354.213,-3354.212890625
118,val,3900,5399.8813,-1499.88134765625
725,val,600000,316986.72,283013.28125
2129,val,13000,17704.33,-4704.330078125
1791,val,8000,8327.488,-327.48828125
1426,val,47000,35040.812,11959.1875
521,val,18000,16470.074,1529.92578125
3952,val,12500,14521.066,-2021.06640625
583,val,28000,29524.703,-1524.703125
361,val,8000,6603.1343,1396.86572265625
1602,val,15000,19219.768,-4219.767578125
3647,val,600000,12111.898,587888.1015625
4718,val,30000,37119.016,-7119.015625
95,val,5000,4701.415,298.5849609375
4394,val,10000,10434.64,-434.6396484375
956,val,40000,30970.13,9029.869140625
1894,val,18000,24214.553,-6214.552734375
1727,val,15000,14508.801,491.19921875
228,val,14000,15219.692,-1219.6923828125
1944,val,6000,7055.765,-1055.76513671875
1402,val,32000,37707.094,-5707.09375
1743,val,20000,18164.918,1835.08203125
2669,val,55000,39911.17,15088.828125
4555,val,15000,18040.025,-3040.025390625
2332,val,6000,7250.964,-1250.9638671875
1721,val,22000,34330.547,-12330.546875
3229,val,25000,23851.27,1148.73046875
3692,val,8500,9288.15,-788.150390625
4078,val,35000,24202.34,10797.66015625
934,val,310000,347112.2,-37112.1875
3976,val,45000,22635.543,22364.45703125
4129,val,15000,11784.59,3215.41015625
4433,val,15000,19533.943,-4533.943359375
1117,val,150000,135081.97,14918.03125
3995,val,130000,9422.284,120577.7158203125
185,val,8000,10285.095,-2285.0947265625
489,val,8000,7068.9004,931.099609375
560,val,44000,57541.137,-13541.13671875
868,val,45000,44733.44,266.55859375
2145,val,25000,14566.132,10433.8681640625
1713,val,20000,19740.742,259.2578125
3681,val,15000,12253.268,2746.732421875
3552,val,10000,7322.955,2677.044921875
1902,val,8000,17248.049,-9248.048828125
2388,val,9000,9194.781,-194.78125
3108,val,15000,10952.658,4047.341796875
3745,val,8500,15296.674,-6796.673828125
130,val,4500,5237.429,-737.42919921875
2559,val,10000,16534.305,-6534.3046875
3230,val,9000,11678.752,-2678.751953125
4550,val,21000,15367.141,5632.859375
2138,val,5000,6183.0205,-1183.0205078125
1752,val,16000,20099.705,-4099.705078125
3345,val,20000,24809.953,-4809.953125
1931,val,120000,146611.98,-26611.984375
1573,val,10500,13770.958,-3270.9580078125
171,val,9000,7494.035,1505.96484375
3027,val,12000,6678.516,5321.48388671875
1637,val,10000,13375.16,-3375.16015625
2848,val,350000,74342.87,275657.1328125
3821,val,19000,13430.267,5569.7333984375
2753,val,18000,15926.679,2073.3212890625
3727,val,25000,17282.941,7717.05859375
4427,val,10000,7096.6797,2903.3203125
3737,val,3500,5116.1396,-1616.1396484375
3302,val,10000,15100.798,-5100.7978515625
3557,val,18000,16464.357,1535.642578125
2835,val,18000,20122.664,-2122.6640625
1381,val,45000,52496.746,-7496.74609375
534,val,32000,44972.56,-12972.55859375
3086,val,10000,8921.391,1078.609375
1910,val,12000,21399.438,-9399.4375
4333,val,10000,16766.785,-6766.78515625
2043,val,21000,25912.775,-4912.775390625
3303,val,20000,14718.909,5281.0908203125
1214,val,40000,27996.596,12003.404296875
374,val,6200,8229.328,-2029.328125
1055,val,35000,16747.32,18252.6796875
3255,val,20000,24780.842,-4780.841796875
1907,val,11000,7457.0654,3542.9345703125
100,val,22000,39080.83,-17080.828125
3201,val,60000,47591.914,12408.0859375
2425,val,18000,12757.12,5242.8798828125
255,val,5300,6708.1323,-1408.13232421875
1798,val,30000,68737.016,-38737.015625
3961,val,7000,8185.4277,-1185.427734375
828,val,130000,198639.34,-68639.34375
1610,val,7500,7813.2266,-313.2265625
1647,val,8500,14109.495,-5609.4951171875
1672,val,18000,17286.09,713.91015625
1726,val,7000,6777.559,222.44091796875
4450,val,30000,23256.596,6743.404296875
606,val,170000,201049.69,-31049.6875
2969,val,9000,8472.5625,527.4375
1632,val,20000,7575.6543,12424.345703125
2882,val,15000,15019.716,-19.7158203125
4203,val,7000,8862.372,-1862.3720703125
4666,val,15000,21017.342,-6017.341796875
1209,val,80000,79613.02,386.9765625
3282,val,16500,19805.367,-3305.3671875
3911,val,12000,16222.665,-4222.6650390625
3482,val,13000,15166.167,-2166.1669921875
2074,val,11500,8716.782,2783.2177734375
1835,val,16000,17034.852,-1034.8515625
4299,val,15500,19290.727,-3790.7265625
1123,val,80000,39162.164,40837.8359375
3306,val,11000,10094.314,905.685546875
2240,val,13500,10581.514,2918.486328125
1178,val,57000,42742.543,14257.45703125
1314,val,14500,22564.094,-8064.09375
1981,val,75000,111268.98,-36268.9765625
4124,val,10000,9540.722,459.2783203125
3754,val,7000,11769.594,-4769.59375
70,val,7500,5789.98,1710.02001953125
1918,val,6000,9718.214,-3718.2138671875
896,val,180000,195766.28,-15766.28125
3430,val,14000,13979.499,20.5009765625
1157,val,300000,273726.38,26273.625
4202,val,13000,10384.007,2615.9931640625
3684,val,11000,7500.7285,3499.271484375
4161,val,9500,9959.759,-459.7587890625
577,val,85000,47646.137,37353.86328125
3503,val,17000,13552.932,3447.068359375
690,val,18000,20437.46,-2437.4609375
2962,val,17000,11949.938,5050.0615234375
3412,val,30000,23284.826,6715.173828125
2741,val,30000,22919.135,7080.865234375
416,val,6500,7169.6553,-669.6552734375
555,val,190000,208098.66,-18098.65625
3131,val,22000,16261.717,5738.283203125
3667,val,20000,16730.158,3269.841796875
1013,val,35000,41019.418,-6019.41796875
2979,val,6500,12762.073,-6262.0732421875
4521,val,55000,48941.613,6058.38671875
1422,val,70000,37206.418,32793.58203125
4537,val,67000,50953.96,16046.0390625
3581,val,13000,12249.669,750.3310546875
4090,val,12000,8734.884,3265.1162109375
1657,val,6900,7858.143,-958.14306640625
71,val,16000,16243.504,-243.50390625
4336,val,15000,21389.684,-6389.68359375
3580,val,6000,7191.5234,-1191.5234375
1101,val,33000,26740.338,6259.662109375
3512,val,7500,7042.775,457.22509765625
1802,val,30000,26244.08,3755.919921875
481,val,10000,7849.8726,2150.12744140625
3923,val,12000,11548.295,451.705078125
1368,val,15000,17904.666,-2904.666015625
1970,val,30000,29289.037,710.962890625
2028,val,10500,11801.799,-1301.798828125
1393,val,60000,80997.89,-20997.890625
4527,val,22000,19845.7,2154.30078125
2827,val,18000,24813.1,-6813.099609375
3623,val,17000,12315.034,4684.9658203125
2374,val,11000,13217.205,-2217.205078125
1460,val,17000,19231.98,-2231.98046875
4612,val,11000,12498.203,-1498.203125
4009,test,38000,29782.254,8217.74609375
3431,test,18000,16125.621,1874.37890625
3613,test,100000,145007.03,-45007.03125
1455,test,700000,461256.1,238743.90625
4349,test,15500,13103.351,2396.6494140625
1004,test,35000,23879.037,11120.962890625
3898,test,9000,11939.981,-2939.9814453125
2060,test,25000,39673.08,-14673.078125
3677,test,11000,9396.3125,1603.6875
3204,test,23999,20076.025,3922.974609375
608,test,41000,48698.34,-7698.33984375
1098,test,53000,76884.34,-23884.34375
3165,test,7500,8338.074,-838.07421875
3819,test,10000,15386.6455,-5386.6455078125
435,test,5500,7160.6616,-1660.66162109375
848,test,50000,24196.062,25803.9375
531,test,22000,21456.658,543.341796875
3153,test,15000,9084.762,5915.23828125
4712,test,5500,4555.4766,944.5234375
4101,test,12000,16976.902,-4976.90234375
3082,test,15000,22007.365,-7007.365234375
2896,test,25000,16940.38,8059.619140625
145,test,7000,11789.806,-4789.8056640625
2025,test,35000,17688.312,17311.6875
700,test,120000,91767.98,28232.0234375
2794,test,8500,10562.185,-2062.1845703125
2327,test,42000,37048.777,4951.22265625
632,test,65000,64066.027,933.97265625
150,test,7000,10930.733,-3930.7333984375
3152,test,5700,6607.28,-907.27978515625
3026,test,8900,6912.5796,1987.42041015625
3805,test,10000,9467.244,532.755859375
2441,test,16500,15483.952,1016.0478515625
694,test,26000,19963.148,6036.8515625
1814,test,11000,14984.633,-3984.6328125
2062,test,11000,12538.499,-1538.4990234375
928,test,110000,77553.76,32446.2421875
485,test,7000,7620.9424,-620.9423828125
2290,test,5000,5759.08,-759.080078125
1043,test,130000,58459.113,71540.88671875
2614,test,16000,8397.173,7602.8271484375
3889,test,22000,20356.867,1643.1328125
2763,test,35000,42745.19,-7745.19140625
3555,test,5000,6839.4077,-1839.40771484375
3811,test,32000,33492.62,-1492.62109375
959,test,24000,16209.52,7790.48046875
279,test,4500,9368.33,-4868.330078125
1360,test,32000,31990.643,9.357421875
4381,test,10000,14526.759,-4526.7587890625
676,test,20000,22881.047,-2881.046875
735,test,55000,56725.797,-1725.796875
2042,test,7000,10300.861,-3300.861328125
2550,test,5000,9419.634,-4419.6337890625
4606,test,25000,19622.916,5377.083984375
2359,test,5000,8251.075,-3251.0751953125
627,test,40000,44061.027,-4061.02734375
3652,test,7000,8101.6514,-1101.6513671875
31,test,15000,11343.883,3656.1171875
4091,test,5300,7330.0757,-2030.07568359375
2321,test,4000,8769.886,-4769.8857421875
3439,test,15000,11705.661,3294.3388671875
1942,test,12000,10812.064,1187.935546875
1575,test,32000,21234.477,10765.5234375
2890,test,15000,10780.062,4219.9384765625
3134,test,5000,5023.3955,-23.3955078125
2219,test,10000,8311.15,1688.849609375
887,test,230000,235303.83,-5303.828125
672,test,160000,92771.48,67228.5234375
2272,test,17000,19711.844,-2711.84375
422,test,12000,8466.101,3533.8994140625
1318,test,55000,37408.19,17591.80859375
1331,test,55000,51624.715,3375.28515625
174,test,9000,9452.402,-452.40234375
182,test,12000,14400.101,-2400.1005859375
2940,test,24500,23659.535,840.46484375
2183,test,90000,15044.748,74955.251953125
502,test,3700,7700.0864,-4000.08642578125
2426,test,11500,9658.483,1841.5166015625
4365,test,57000,47546.137,9453.86328125
1060,test,35000,39397.457,-4397.45703125
184,test,12000,18287.152,-6287.15234375
3166,test,30000,33684.727,-3684.7265625
714,test,32000,46234.13,-14234.12890625
2663,test,37000,37475.215,-475.21484375
4604,test,15000,14856.9,143.099609375
571,test,57000,56223.617,776.3828125
587,test,32000,31337.568,662.431640625
272,test,6000,5328.683,671.31689453125
4507,test,16000,11780.589,4219.4111328125
203,test,5000,5745.747,-745.7470703125
2436,test,90000,71225.63,18774.3671875
3772,test,14000,11337.285,2662.71484375
1349,test,78000,71805.5,6194.5
243,test,7000,12184.034,-5184.0341796875
3809,test,18500,17326.215,1173.78515625
155,test,10000,8728.021,1271.978515625
3164,test,15000,15945.054,-945.0537109375
590,test,150000,134401.3,15598.703125
4657,test,9000,6717.3975,2282.6025390625
805,test,42000,25470.688,16529.3125
1913,test,6000,6808.894,-808.89404296875
1627,test,20000,25502.115,-5502.115234375
4210,test,15000,19321.717,-4321.716796875
1321,test,90000,81250.266,8749.734375
2393,test,20000,9081.781,10918.21875
3021,test,14000,12942.296,1057.7041015625
4140,test,17000,15590.348,1409.65234375
3355,test,10000,6144.975,3855.02490234375
2438,test,25000,18808.805,6191.1953125
1044,test,40000,46783.19,-6783.19140625
2484,test,8500,7678.129,821.87109375
1020,test,75000,82179.02,-7179.0234375
4403,test,8500,10729.031,-2229.03125
3382,test,8500,7789.297,710.703125
2186,test,22000,23228.268,-1228.267578125
4609,test,7500,7036.571,463.42919921875
1173,test,60000,43091.633,16908.3671875
4423,test,10000,8949.173,1050.8271484375
93,test,6000,5008.7925,991.20751953125
3148,test,18000,17783.867,216.1328125
1352,test,90000,64913.652,25086.34765625
1011,test,26000,29215.191,-3215.19140625
266,test,6000,9953.671,-3953.6708984375
1242,test,35000,35156.566,-156.56640625
363,test,5000,5541.3003,-541.30029296875
3597,test,14500,20487.754,-5987.75390625
4097,test,22000,19654.326,2345.673828125
4459,test,10000,10306.748,-306.748046875
2356,test,24000,24541.064,-541.064453125
2589,test,100000,72400.02,27599.9765625
3123,test,90000,99469.27,-9469.2734375
3600,test,9000,10053.02,-1053.01953125
2791,test,14000,13986.874,13.1259765625
579,test,80000,58578.543,21421.45703125
1138,test,17000,21217.451,-4217.451171875
1154,test,95000,99026.12,-4026.1171875
701,test,400000,245662.83,154337.171875
669,test,65000,78067.04,-13067.0390625
3252,test,13500,14523.739,-1023.7392578125
1001,test,45000,40803.418,4196.58203125
1322,test,43000,52083.484,-9083.484375
618,test,80000,65075.434,14924.56640625
1867,test,8500,11603.432,-3103.431640625
4027,test,15000,10342.425,4657.5751953125
3615,test,7500,6399.4097,1100.59033203125
3813,test,7000,9769.736,-2769.736328125
4496,test,10000,9349.175,650.8251953125
767,test,130000,155517.39,-25517.390625
3403,test,10000,11528.267,-1528.2666015625
4549,test,11000,13824.175,-2824.1748046875
2847,test,17000,14618.656,2381.34375
4479,test,15000,13325.692,1674.3076171875
4209,test,26000,27003.537,-1003.537109375
629,test,38000,43367.484,-5367.484375
4322,test,7500,12100.456,-4600.4560546875
2391,test,12000,10220.789,1779.2109375
304,test,8000,7852.576,147.423828125
3260,test,25000,20906.068,4093.931640625
4560,test,13000,10269.265,2730.7353515625
2916,test,17500,15260.085,2239.9150390625
3063,test,11000,11223.052,-223.0517578125
3642,test,13000,12173.406,826.59375
1140,test,290000,146537.9,143462.09375
4204,test,12000,16593.055,-4593.0546875
3214,test,25000,8492.441,16507.55859375
2279,test,11500,6764.191,4735.80908203125
4217,test,8500,7108.881,1391.119140625
2654,test,16000,14128.482,1871.517578125
3240,test,16000,10839.426,5160.57421875
252,test,10000,14480.157,-4480.1572265625
970,test,51500,75992.95,-24492.953125
3743,test,10000,13497.889,-3497.888671875
3124,test,14000,10644.332,3355.66796875
448,test,5200,3450.8335,1749.16650390625
173,test,18000,9356.178,8643.822265625
3874,test,48000,37924.023,10075.9765625
132,test,16000,9540.567,6459.4326171875
1369,test,22000,37908.656,-15908.65625
707,test,60000,63893.715,-3893.71484375
3755,test,6500,7165.7104,-665.71044921875
683,test,47000,37080.133,9919.8671875
986,test,150000,245604.97,-95604.96875
3827,test,35000,24960.326,10039.673828125
4434,test,6500,6115.7095,384.29052734375
3107,test,15000,11718.842,3281.158203125
729,test,23000,28731.805,-5731.8046875
4382,test,18000,16930.06,1069.939453125
691,test,7500,22251.637,-14751.63671875
899,test,36000,44227.195,-8227.1953125
1282,test,25000,28389.936,-3389.935546875
3621,test,15000,13796.093,1203.9072265625
2963,test,15000,32571.787,-17571.787109375
773,test,40000,20154.895,19845.10546875
2318,test,20000,21080.617,-1080.6171875
2372,test,18000,22096.074,-4096.07421875
3830,test,35000,46369.16,-11369.16015625
1901,test,20000,16064.588,3935.412109375
3078,test,10000,9393.894,606.1064453125
4075,test,6500,6994.021,-494.02099609375
778,test,25000,26687.168,-1687.16796875
2001,test,19000,14164.061,4835.939453125
2653,test,17000,23725.809,-6725.80859375
103,test,25000,20661.686,4338.314453125
3105,test,16000,13712.74,2287.259765625
1087,test,65000,43693.336,21306.6640625
1997,test,10000,10771.346,-771.345703125
3887,test,10000,9225.201,774.798828125
1706,test,12000,12855.332,-855.33203125
3487,test,17000,18141.89,-1141.890625
3707,test,22000,33589.93,-11589.9296875
17,test,10000,8014.985,1985.01513671875
564,test,43000,76717.72,-33717.71875
2838,test,75000,126554.586,-51554.5859375
763,test,80000,89738.555,-9738.5546875
2088,test,16000,13879.423,2120.5771484375
3640,test,16000,14262.08,1737.919921875
3695,test,7000,9664.086,-2664.0859375
1585,test,48000,68633.195,-20633.1953125
3644,test,15000,15866.429,-866.4287109375
1034,test,75000,66667.17,8332.828125
4603,test,17000,16201.08,798.919921875
4037,test,18000,17018.549,981.451171875
3753,test,37500,45437.906,-7937.90625
851,test,8000,42278.664,-34278.6640625
366,test,8000,10947.928,-2947.927734375
239,test,5000,5777.914,-777.9140625
412,test,36125,25401.646,10723.353515625
56,test,6000,9713.636,-3713.6357421875
607,test,20000,62903.3,-42903.30078125
3726,test,9500,12203.747,-2703.7470703125
4593,test,8000,11976.078,-3976.078125
1493,test,10500,13349.595,-2849.5947265625
2659,test,29000,42209.406,-13209.40625
1474,test,38000,41529.68,-3529.6796875
176,test,7500,8229.328,-729.328125
3018,test,18000,16351.998,1648.001953125
2452,test,12000,8749.843,3250.1572265625
3538,test,15000,12337.936,2662.064453125
2414,test,9000,14272.898,-5272.8984375
932,test,70000,48741.508,21258.4921875
1694,test,17000,14605.431,2394.5693359375
1663,test,18000,12746.271,5253.728515625
526,test,75000,63075.83,11924.171875
4197,test,12000,13881.078,-1881.078125
2701,test,22000,24719.637,-2719.63671875
2345,test,18000,15969.587,2030.4130859375
2471,test,28000,19157.38,8842.619140625
1253,test,63000,78642.5,-15642.5
4095,test,20000,23508.027,-3508.02734375
65,test,8000,11776.792,-3776.7919921875
2865,test,32000,30827.65,1172.349609375
2149,test,15000,7073.0684,7926.931640625
1765,test,10000,11334.669,-1334.6689453125
3939,test,9000,12656.1455,-3656.1455078125
4200,test,32000,34376.516,-2376.515625
4629,test,8000,7899.6323,100.36767578125
4031,test,8500,11282.369,-2782.369140625
186,test,18000,9017.65,8982.349609375
1568,test,4000,6356.4062,-2356.40625
4010,test,20000,23546.195,-3546.1953125
1064,test,28000,40366.86,-12366.859375
990,test,150000,161712.69,-11712.6875
573,test,57000,39802.31,17197.69140625
2876,test,10000,5589.7783,4410.2216796875
2706,test,18000,19000.441,-1000.44140625
3418,test,45000,55070.652,-10070.65234375
2946,test,5000,9746.376,-4746.3759765625
1763,test,11000,6873.88,4126.1201171875
106,test,14000,8734.875,5265.125
3859,test,75000,32890.844,42109.15625
248,test,3200,16584.953,-13384.953125
796,test,35000,32851.594,2148.40625
4655,test,13000,15858.032,-2858.0322265625
3103,test,50000,53635.19,-3635.19140625
4261,test,6500,9410.609,-2910.609375
4252,test,20000,15359.961,4640.0390625
3070,test,15000,16570.393,-1570.392578125
3971,test,20000,14017.777,5982.22265625
356,test,13000,14002.104,-1002.103515625
4402,test,22000,21218.12,781.880859375
3909,test,8000,11584.522,-3584.5224609375
4451,test,6500,7044.885,-544.884765625
517,test,45000,17545.666,27454.333984375
2080,test,24000,18965.428,5034.572265625
1274,test,85000,60776.246,24223.75390625
3626,test,10500,10238.928,261.072265625
1006,test,15000,15315.433,-315.4326171875
4223,test,55000,44966.94,10033.05859375
609,test,65000,53265.83,11734.171875
1780,test,30000,24712.094,5287.90625
3159,test,8000,12941.271,-4941.271484375
2834,test,68000,39201.55,28798.44921875
1756,test,14000,21223.523,-7223.5234375
2102,test,15000,12273.128,2726.8720703125
2839,test,110000,191971.02,-81971.015625
2014,test,6000,5898.033,101.966796875
1022,test,140000,67257.56,72742.4375
269,test,8000,10545.153,-2545.1533203125
1254,test,7500,17284.326,-9784.326171875
2179,test,13500,17283.715,-3783.71484375
2570,test,12000,13410.632,-1410.6318359375
148,test,5500,7282.9727,-1782.97265625
696,test,40000,44325.754,-4325.75390625
4119,test,9000,10908.362,-1908.3623046875
4286,test,10000,9187.908,812.091796875
4267,test,20000,15811.276,4188.7236328125
2514,test,7000,8530.067,-1530.0673828125
1119,test,300000,303388.9,-3388.90625
41,test,12000,22901.918,-10901.91796875
3104,test,8000,6558.9126,1441.08740234375
3590,test,22000,13426.168,8573.83203125
316,test,8000,6654.4424,1345.5576171875
1053,test,14000,24597.465,-10597.46484375
886,test,17000,33543.863,-16543.86328125
2334,test,54000,68025.53,-14025.53125
4343,test,8500,15238.793,-6738.79296875
4465,test,45000,52284.445,-7284.4453125
1702,test,16000,12703.249,3296.7509765625
3990,test,14000,14722.167,-722.1669921875
539,test,85000,68426.67,16573.328125
340,test,8500,10825.974,-2325.9736328125
477,test,22000,13468.029,8531.970703125
3099,test,6800,7407.7046,-607.70458984375
3185,test,12000,7790.2627,4209.7373046875
1875,test,7000,6332.2065,667.79345703125
2204,test,8000,10764.096,-2764.095703125
1327,test,34999,33770.48,1228.51953125
1550,test,30000,17802.518,12197.482421875
946,test,11000,16056.976,-5056.9755859375
3881,test,7500,10226.933,-2726.9326171875
1714,test,380000,172037.95,207962.046875
1359,test,22000,19062.99,2937.009765625
267,test,15000,7828.235,7171.76513671875
4046,test,22000,24290.93,-2290.9296875
2495,test,7500,8080.0205,-580.0205078125
3587,test,7000,11832.567,-4832.5673828125
1264,test,53000,24572.541,28427.458984375
0,test,10000,11234.426,-1234.42578125
1885,test,17000,14987.091,2012.9091796875
2365,test,10000,13348.614,-3348.6142578125
3407,test,14000,13283.096,716.904296875
4011,test,15000,20328.676,-5328.67578125
2527,test,12000,14488.308,-2488.3076171875
1071,test,24000,25893.455,-1893.455078125
4236,test,13000,12744.667,255.3330078125
2995,test,40000,22323.502,17676.498046875
57,test,6000,11820.284,-5820.2841796875
1524,test,16000,11438.338,4561.662109375
4332,test,21000,20103.828,896.171875
1434,test,250000,229587.47,20412.53125
2686,test,33000,21148.863,11851.13671875
1675,test,25000,17803.266,7196.734375
3550,test,10000,13246.205,-3246.205078125
3899,test,35000,25271.309,9728.69140625
225,test,3500,7439.6953,-3939.6953125
3736,test,10000,23466.967,-13466.966796875
2258,test,15000,9799.114,5200.8857421875
4222,test,10000,11871.86,-1871.8603515625
2083,test,62000,31353.803,30646.197265625
3628,test,10000,14688.282,-4688.2822265625
3465,test,12000,11310.544,689.4560546875
3424,test,7000,8210.512,-1210.51171875
1479,test,50000,24324.08,25675.919921875
3703,test,12500,12629.858,-129.8583984375
2482,test,36000,29063.871,6936.12890625
2440,test,12000,13197.907,-1197.9072265625
2673,test,5000,7223.0356,-2223.03564453125
1005,test,60000,33276.215,26723.78515625
699,test,140000,64574.918,75425.08203125
3650,test,30000,36669.1,-6669.1015625
3290,test,13000,10214.835,2785.1650390625
1073,test,70000,76833.84,-6833.84375
2640,test,13000,21347.375,-8347.375
3001,test,20000,12802.865,7197.134765625
4498,test,15000,11968.394,3031.6064453125
3000,test,11000,8598.003,2401.9970703125
1535,test,10000,10399.181,-399.1806640625
424,test,9000,14984.832,-5984.83203125
3693,test,100000,92627.64,7372.359375
1255,test,30000,21976.178,8023.822265625
2774,test,21000,18688.43,2311.5703125
4532,test,19000,21081.604,-2081.603515625
3319,test,14000,10650.435,3349.5654296875
1358,test,45000,37202.336,7797.6640625
1058,test,11000,22488.707,-11488.70703125
3985,test,10000,7054.359,2945.64111328125
2434,test,50000,35495.83,14504.171875
588,test,350000,440954.53,-90954.53125
3071,test,21000,20906.068,93.931640625
1977,test,5000,8153.481,-3153.48095703125
1665,test,14000,9889.683,4110.3173828125
4696,test,6000,9612.845,-3612.8447265625
3614,test,14000,12177.528,1822.4716796875
35,test,15000,9020.575,5979.4248046875
3843,test,12000,9489.891,2510.109375
2421,test,29000,14800.132,14199.8681640625
2233,test,9000,6787.5156,2212.484375
4624,test,6000,7148.194,-1148.19384765625
112,test,20000,6161.773,13838.22705078125
3937,test,5000,5373.9688,-373.96875
2526,test,11000,8828.306,2171.6943359375
594,test,210000,121082.89,88917.109375
877,test,48000,23051.19,24948.810546875
2904,test,3500,6332.436,-2832.43603515625
1611,test,9500,11079.61,-1579.6103515625
2569,test,70000,37542.36,32457.640625
3470,test,12000,14910.302,-2910.3017578125
2917,test,14500,34309.043,-19809.04296875
4082,test,8500,8674.633,-174.6328125
3045,test,33000,18728.486,14271.513671875
3766,test,11500,10328.466,1171.5341796875
4107,test,15000,9822.386,5177.6142578125
1911,test,21500,22130.979,-630.978515625
4355,test,20000,17569.176,2430.82421875
979,test,45000,69808.9,-24808.8984375
1513,test,25000,17098.74,7901.259765625
2109,test,10000,6805.2256,3194.7744140625
4436,test,12000,12225.019,-225.0185546875
1820,test,55000,55877.71,-877.7109375
126,test,8000,6659.3887,1340.611328125
4544,test,17000,24105.36,-7105.359375
807,test,90000,143808.19,-53808.1875
2325,test,8500,8626.539,-126.5390625
3206,test,16000,14218.769,1781.2314453125
2349,test,4500,7628.884,-3128.8837890625
491,test,13000,11815.618,1184.3818359375
3618,test,16500,11719.546,4780.4541015625
1445,test,230000,265589.22,-35589.21875
2587,test,32000,30500.64,1499.359375
1109,test,250000,225633.9,24366.09375
1778,test,6000,6893.696,-893.69580078125
2403,test,14000,21294.02,-7294.01953125
1017,test,250000,204645.47,45354.53125
2957,test,12500,14172.844,-1672.84375
2988,test,10500,12945.987,-2445.9873046875
4062,test,22000,42644.09,-20644.08984375
3272,test,35000,28023.121,6976.87890625
3335,test,22000,20669.156,1330.84375
2486,test,7500,7675.42,-175.419921875
3003,test,22000,48036.145,-26036.14453125
7,test,5000,5133.841,-133.8408203125
4508,test,7500,10191.713,-2691.712890625
4630,test,15000,9573.035,5426.96484375
3417,test,12000,11837.5,162.5
3979,test,40000,26872.05,13127.94921875
4196,test,9500,10027.021,-527.021484375
3546,test,10500,11229.08,-729.080078125
3215,test,12000,11789.514,210.486328125
4117,test,50000,48458.637,1541.36328125
3861,test,10000,19436.936,-9436.935546875
1581,test,11400,16660.496,-5260.49609375
3351,test,16000,19052.975,-3052.974609375
4002,test,35000,35130.59,-130.58984375
1229,test,62000,31190.336,30809.6640625
4178,test,9500,12492.995,-2992.9951171875
4158,test,22000,12758.823,9241.1767578125
771,test,60000,47378.75,12621.25
945,test,28000,19793.81,8206.189453125
4570,test,13000,8397.205,4602.794921875
655,test,75000,63201.676,11798.32421875
3094,test,12000,12445.224,-445.2236328125
89,test,8500,11838.517,-3338.5166015625
2680,test,30000,27102.533,2897.466796875
1595,test,16000,8633.3545,7366.6455078125
3732,test,10000,14203.426,-4203.42578125
4323,test,13000,13361.505,-361.5048828125
4173,test,20000,16610.836,3389.1640625
941,test,22000,15436.312,6563.6884765625
3829,test,32000,22385.863,9614.13671875
889,test,8500,17105.934,-8605.93359375
2730,test,14000,11201.952,2798.0478515625
1413,test,85000,133260.28,-48260.28125
4553,test,6500,7185.675,-685.6748046875
2544,test,40000,55342.168,-15342.16796875
1556,test,16000,15583.732,416.267578125
1495,test,17000,18863.453,-1863.453125
164,test,40000,20814.969,19185.03125
1829,test,18000,10214.923,7785.0771484375
1159,test,40000,36441.863,3558.13671875
2215,test,48000,39637.566,8362.43359375
3334,test,9500,13517.909,-4017.9091796875
3062,test,12500,8437.113,4062.88671875
190,test,13000,11788.816,1211.18359375
4297,test,8000,6111.8896,1888.1103515625
4220,test,14000,11437.64,2562.3603515625
4491,test,10500,11428.763,-928.7626953125
3957,test,6000,7581.726,-1581.72607421875
4146,test,9000,8727.63,272.3701171875
33,test,5000,7794.217,-2794.216796875
3270,test,16000,13817.834,2182.166015625
1972,test,15000,11563.78,3436.2197265625
3738,test,8000,9375.178,-1375.177734375
2442,test,4500,7126.777,-2626.77685546875
1175,test,35000,29153.846,5846.154296875
914,test,27000,20542.303,6457.697265625
2192,test,7500,8532.647,-1032.6474609375
1220,test,46000,44245.043,1754.95703125
4341,test,60000,30091.084,29908.916015625
4356,test,12500,11480.448,1019.5517578125
2682,test,13000,19818.746,-6818.74609375
1724,test,10500,9838.69,661.3095703125
2650,test,190000,132323.52,57676.484375
151,test,3500,6043.5024,-2543.50244140625
420,test,10000,5728.6294,4271.37060546875
4518,test,9000,8989.44,10.5595703125
1874,test,15000,10903.4,4096.599609375
136,test,5000,6976.1523,-1976.15234375
3853,test,5000,5778.6914,-778.69140625
3435,test,90000,62562.047,27437.953125
3357,test,15000,10743.121,4256.87890625
3038,test,35000,30079.664,4920.3359375
4008,test,15000,15592.385,-592.384765625
4710,test,25000,18489.498,6510.501953125
2580,test,27000,13409.417,13590.5830078125
3757,test,34000,35450.934,-1450.93359375
4574,test,13000,12709.065,290.9345703125
2524,test,12000,22945.621,-10945.62109375
1774,test,17000,19007.602,-2007.6015625
389,test,10000,10789.864,-789.8642578125
716,test,33000,30972.64,2027.359375
2954,test,16500,17942.084,-1442.083984375
3885,test,8200,7012.8853,1187.11474609375
721,test,100000,43631.87,56368.12890625
1194,test,25000,54821.117,-29821.1171875
1852,test,24000,26535.398,-2535.3984375
3869,test,75000,177129.4,-102129.40625
3084,test,24000,16138.007,7861.9931640625
1534,test,30000,10737.077,19262.9228515625
1999,test,24000,22932.451,1067.548828125
3965,test,10500,9022.219,1477.78125
1819,test,7500,7817.833,-317.8330078125
1084,test,160000,90270.39,69729.609375
1771,test,15000,12681.75,2318.25
3060,test,27000,27549.023,-549.0234375
4526,test,12500,12602.532,-102.5322265625
3375,test,7000,11424.437,-4424.4365234375
1231,test,80000,65754.49,14245.5078125
2586,test,14000,13912.688,87.3115234375
1768,test,16000,15020.418,979.58203125
202,test,15000,10054.008,4945.9921875
2862,test,14000,20503.469,-6503.46875
47,test,12000,7090.5093,4909.49072265625
1365,test,350000,291178.88,58821.125
4226,test,27000,20319.14,6680.859375
4072,test,25000,17592.248,7407.751953125
2958,test,14000,12341.36,1658.6396484375
2688,test,70000,37800.457,32199.54296875
1279,test,52000,28154.115,23845.884765625
4509,test,35000,32577.629,2422.37109375
1204,test,25000,17866.83,7133.169921875
3655,test,10500,13340.087,-2840.0869140625
2167,test,18000,15529.74,2470.259765625
2931,test,7000,11486.111,-4486.111328125
3091,test,9000,8842.783,157.216796875
1900,test,25000,13283.906,11716.09375
2146,test,17000,16653.299,346.701171875
4590,test,15000,12391.807,2608.193359375
2982,test,15000,7722.188,7277.81201171875
2602,test,29000,46270.21,-17270.2109375
528,test,60000,25067.584,34932.416015625
3136,test,15000,18933.078,-3933.078125
1143,test,250000,385218.1,-135218.09375
3199,test,70000,37462.277,32537.72265625
493,test,6000,6260.8823,-260.88232421875
2176,test,16000,15830.847,169.1533203125
4699,test,13000,12583.604,416.396484375
1471,test,54500,53247.746,1252.25390625
2636,test,130000,222565.16,-92565.15625
4183,test,12333,10513.118,1819.8818359375
2411,test,95000,85008.734,9991.265625
1038,test,70000,72577.14,-2577.140625
4164,test,15000,21919.117,-6919.1171875
4374,test,18000,10771.109,7228.890625
2160,test,10000,8194.091,1805.9091796875
4682,test,20000,16984.951,3015.048828125
2174,test,10000,14815.767,-4815.7666015625
2312,test,85000,90627.25,-5627.25
3903,test,60000,35229.332,24770.66796875
2085,test,18000,15330.733,2669.2666015625
4535,test,18500,16274.797,2225.203125
1099,test,85000,65126.902,19873.09765625
1407,test,6500,22443.646,-15943.646484375
1179,test,130000,99505.234,30494.765625
353,test,6500,5610.729,889.27099609375
741,test,320000,460949.16,-140949.15625
4245,test,30000,26408.787,3591.212890625
1490,test,90000,87419.63,2580.3671875
264,test,8000,8944.1045,-944.1044921875
2520,test,35000,10652.111,24347.888671875
4719,test,30000,33921.35,-3921.3515625
1846,test,12000,18373.25,-6373.25
611,test,85000,66846.07,18153.9296875
4620,test,20000,12438.21,7561.7900390625
3245,test,20000,13877.027,6122.97265625
4523,test,35000,23852.385,11147.615234375
4006,test,12500,14261.958,-1761.9580078125
3004,test,6000,11509.776,-5509.7763671875
2029,test,8000,9262.106,-1262.1064453125
2262,test,8000,8742.927,-742.9267578125
572,test,27000,25859.45,1140.55078125
1787,test,16500,16066.182,433.818359375
1547,test,7500,8593.51,-1093.509765625
871,test,85000,85978.33,-978.328125
1928,test,35000,19889.432,15110.568359375
4432,test,10000,16166.984,-6166.984375
1924,test,6000,7545.9287,-1545.9287109375
456,test,9500,6971.915,2528.0849609375
3870,test,250000,196785.5,53214.5
4264,test,14000,13706.568,293.431640625
329,test,3000,4701.8906,-1701.890625
1786,test,17000,11923.4,5076.599609375
280,test,7000,7211.2715,-211.271484375
2095,test,26000,33794.13,-7794.12890625
2773,test,19500,13583.459,5916.541015625
2857,test,22999,23416.15,-417.150390625
3801,test,9000,7578.74,1421.259765625
635,test,32000,21112.951,10887.048828125
1152,test,26500,27353.404,-853.404296875
1985,test,13500,7532.1367,5967.86328125
3390,test,13000,20209.482,-7209.482421875
3747,test,8000,6495.2866,1504.71337890625
1177,test,20000,19911.41,88.58984375
2144,test,7700,7858.4277,-158.427734375
4733,test,29000,21780.791,7219.208984375
832,test,55000,68018.266,-13018.265625
425,test,5000,5994.805,-994.80517578125
1821,test,11000,14507.527,-3507.52734375
3426,test,10000,9854.2705,145.7294921875
1212,test,20000,21509.951,-1509.951171875
3473,test,12000,13751.533,-1751.533203125
1898,test,12000,14708.764,-2708.763671875
4552,test,7500,7627.902,-127.90185546875
1872,test,9000,12502.257,-3502.2568359375
1754,test,14500,18990.26,-4490.259765625
1320,test,45000,59846.54,-14846.5390625
1012,test,42000,36709.13,5290.87109375
3067,test,34000,27507.307,6492.693359375
1435,test,150000,73119.59,76880.40625
903,test,50000,39807.85,10192.1484375
2775,test,20000,17597.266,2402.734375
1275,test,40000,33536.86,6463.140625
2874,test,18000,11634.038,6365.9619140625
1565,test,20000,16142.887,3857.11328125
963,test,52000,55255.47,-3255.46875
2984,test,7600,10768.11,-3168.1103515625
2922,test,90000,56372.016,33627.984375
1501,test,17000,15825.94,1174.0595703125
3178,test,12000,10618.981,1381.0185546875
159,test,6000,5674.545,325.455078125
2579,test,24000,22218.979,1781.021484375
3967,test,9000,10504.509,-1504.5087890625
1151,test,75000,79615.6,-4615.6015625
3855,test,14000,13676.652,323.34765625
3947,test,13000,13130.598,-130.59765625
2462,test,40000,29958.963,10041.037109375
4248,test,7500,9439.861,-1939.861328125
4168,test,5500,6526.194,-1026.19384765625
1860,test,14000,13885.766,114.234375
666,test,55000,132926.7,-77926.703125
770,test,120000,99386.875,20613.125
4076,test,11000,12338.513,-1338.5126953125
1938,test,7000,8820.1,-1820.099609375
3514,test,34000,22813.934,11186.06640625
4175,test,7500,7055.321,444.67919921875
2713,test,6000,9315.956,-3315.9560546875
1363,test,23000,25282.35,-2282.349609375
3475,test,26000,13869.789,12130.2109375
2714,test,18000,12927.356,5072.6435546875
4334,test,12000,11836.699,163.30078125
2696,test,13500,10147.803,3352.197265625
1297,test,55000,53465.18,1534.8203125
2316,test,16000,17905.365,-1905.365234375
537,test,28000,25546.785,2453.21484375
1409,test,69999,85329.66,-15330.65625
3574,test,9500,11555.269,-2055.2685546875
1651,test,32900,22361.688,10538.3125
3117,test,8000,5578.46,2421.5400390625
1769,test,5000,6579.596,-1579.59619140625
3820,test,13500,12757.4,742.599609375
1333,test,25000,28483.5,-3483.5
4275,test,12000,12763.838,-763.837890625
1596,test,10000,10134.696,-134.6962890625
369,test,9000,6926.3994,2073.6005859375
4368,test,32000,17644.557,14355.443359375
2606,test,8000,10095.682,-2095.681640625
4385,test,13000,7327.671,5672.3291015625
3352,test,26000,28265.201,-2265.201171875
1298,test,66000,44489.906,21510.09375
748,test,130000,76601.4,53398.6015625
2320,test,5000,12450.898,-7450.8984375
4534,test,200000,148587.72,51412.28125
2767,test,18000,13914.839,4085.1611328125
4155,test,12500,13686.739,-1186.7392578125
2113,test,7500,8211.546,-711.5458984375
2114,test,16000,15288.871,711.12890625
4073,test,13000,7849.91,5150.08984375
576,test,95000,74170.21,20829.7890625
2645,test,7000,12890.138,-5890.1376953125
907,test,34000,28477.035,5522.96484375
1689,test,18000,14877.787,3122.212890625
3501,test,7000,6099.4795,900.5205078125
3699,test,13000,7563.525,5436.47509765625
4577,test,4000,7044.851,-3044.85107421875
612,test,50000,41991.47,8008.53125
2340,test,19000,18407.436,592.564453125
2292,test,12000,9197.545,2802.455078125
1313,test,23000,21328.896,1671.103515625
3744,test,10000,11640.221,-1640.220703125
4081,test,20000,25764.451,-5764.451171875
3340,test,33000,48288.773,-15288.7734375
4493,test,16000,12902.598,3097.40234375
