row_id,split,actual_rent,predicted_rent,residual
1124,train,95000,19490.30796304841,75509.69203695159
3886,train,12000,19490.30796304841,-7490.30796304841
4122,train,14000,19490.30796304841,-5490.30796304841
2762,train,6500,19490.30796304841,-12990.30796304841
1963,train,30000,19490.30796304841,10509.69203695159
345,train,12000,19490.30796304841,-7490.30796304841
3892,train,20000,19490.30796304841,509.6920369515901
3420,train,6250,19490.30796304841,-13240.30796304841
2348,train,6000,19490.30796304841,-13490.30796304841
4572,train,37000,19490.30796304841,17509.69203695159
288,train,7000,19490.30796304841,-12490.30796304841
3875,train,58000,19490.30796304841,38509.69203695159
4652,train,9000,19490.30796304841,-10490.30796304841
2920,train,10000,19490.30796304841,-9490.30796304841
641,train,68000,19490.30796304841,48509.69203695159
3749,train,5000,19490.30796304841,-14490.30796304841
3972,train,24000,19490.30796304841,4509.69203695159
1625,train,22000,19490.30796304841,2509.69203695159
1703,train,20000,19490.30796304841,509.6920369515901
3288,train,35000,19490.30796304841,15509.69203695159
3553,train,13000,19490.30796304841,-6490.30796304841
1465,train,70000,19490.30796304841,50509.69203695159
3938,train,13000,19490.30796304841,-6490.30796304841
885,train,32000,19490.30796304841,12509.69203695159
3121,train,11000,19490.30796304841,-8490.30796304841
2055,train,18000,19490.30796304841,-1490.3079630484099
381,train,12000,19490.30796304841,-7490.30796304841
2810,train,9500,19490.30796304841,-9990.30796304841
2885,train,33500,19490.30796304841,14009.69203695159
3883,train,16000,19490.30796304841,-3490.30796304841
2801,train,13000,19490.30796304841,-6490.30796304841
2695,train,7500,19490.30796304841,-11990.30796304841
1899,train,75000,19490.30796304841,55509.69203695159
4455,train,16000,19490.30796304841,-3490.30796304841
3793,train,10000,19490.30796304841,-9490.30796304841
3668,train,9000,19490.30796304841,-10490.30796304841
1839,train,16500,19490.30796304841,-2990.30796304841
3894,train,12500,19490.30796304841,-6990.30796304841
1355,train,52000,19490.30796304841,32509.69203695159
2697,train,14000,19490.30796304841,-5490.30796304841
514,train,22000,19490.30796304841,2509.69203695159
927,train,30000,19490.30796304841,10509.69203695159
1104,train,17000,19490.30796304841,-2490.30796304841
3360,train,8000,19490.30796304841,-11490.30796304841
2768,train,30000,19490.30796304841,10509.69203695159
1165,train,52000,19490.30796304841,32509.69203695159
2715,train,18000,19490.30796304841,-1490.3079630484099
4305,train,6000,19490.30796304841,-13490.30796304841
1257,train,100000,19490.30796304841,80509.69203695159
2594,train,18000,19490.30796304841,-1490.3079630484099
3217,train,20000,19490.30796304841,509.6920369515901
3163,train,10000,19490.30796304841,-9490.30796304841
1554,train,15000,19490.30796304841,-4490.30796304841
3088,train,26000,19490.30796304841,6509.69203695159
998,train,70000,19490.30796304841,50509.69203695159
417,train,6500,19490.30796304841,-12990.30796304841
427,train,5500,19490.30796304841,-13990.30796304841
2632,train,40000,19490.30796304841,20509.69203695159
4519,train,18000,19490.30796304841,-1490.3079630484099
850,train,190000,19490.30796304841,170509.6920369516
3968,train,11000,19490.30796304841,-8490.30796304841
4003,train,6000,19490.30796304841,-13490.30796304841
3265,train,24000,19490.30796304841,4509.69203695159
108,train,8000,19490.30796304841,-11490.30796304841
3309,train,7500,19490.30796304841,-11990.30796304841
3872,train,60000,19490.30796304841,40509.69203695159
2286,train,15000,19490.30796304841,-4490.30796304841
1950,train,40000,19490.30796304841,20509.69203695159
3657,train,20000,19490.30796304841,509.6920369515901
4546,train,10000,19490.30796304841,-9490.30796304841
4600,train,20000,19490.30796304841,509.6920369515901
2379,train,80000,19490.30796304841,60509.69203695159
4379,train,12500,19490.30796304841,-6990.30796304841
3836,train,20000,19490.30796304841,509.6920369515901
2806,train,14000,19490.30796304841,-5490.30796304841
376,train,7000,19490.30796304841,-12490.30796304841
2051,train,7000,19490.30796304841,-12490.30796304841
1805,train,15000,19490.30796304841,-4490.30796304841
2744,train,12000,19490.30796304841,-7490.30796304841
549,train,20000,19490.30796304841,509.6920369515901
1378,train,24000,19490.30796304841,4509.69203695159
2728,train,13500,19490.30796304841,-5990.30796304841
3220,train,11000,19490.30796304841,-8490.30796304841
575,train,40000,19490.30796304841,20509.69203695159
468,train,6500,19490.30796304841,-12990.30796304841
213,train,11000,19490.30796304841,-8490.30796304841
3526,train,15000,19490.30796304841,-4490.30796304841
4278,train,15000,19490.30796304841,-4490.30796304841
677,train,55000,19490.30796304841,35509.69203695159
3410,train,15000,19490.30796304841,-4490.30796304841
3041,train,12000,19490.30796304841,-7490.30796304841
1994,train,22000,19490.30796304841,2509.69203695159
1222,train,21000,19490.30796304841,1509.6920369515901
1570,train,8500,19490.30796304841,-10990.30796304841
4271,train,13000,19490.30796304841,-6490.30796304841
438,train,5000,19490.30796304841,-14490.30796304841
821,train,34000,19490.30796304841,14509.69203695159
4449,train,9000,19490.30796304841,-10490.30796304841
3025,train,11200,19490.30796304841,-8290.30796304841
530,train,300000,19490.30796304841,280509.6920369516
2702,train,4000,19490.30796304841,-15490.30796304841
3884,train,18000,19490.30796304841,-1490.3079630484099
2745,train,13500,19490.30796304841,-5990.30796304841
1722,train,19000,19490.30796304841,-490.3079630484099
1704,train,28000,19490.30796304841,8509.69203695159
661,train,35000,19490.30796304841,15509.69203695159
1243,train,72000,19490.30796304841,52509.69203695159
1027,train,230000,19490.30796304841,210509.6920369516
4463,train,20000,19490.30796304841,509.6920369515901
2210,train,10000,19490.30796304841,-9490.30796304841
1607,train,6000,19490.30796304841,-13490.30796304841
163,train,9000,19490.30796304841,-10490.30796304841
3591,train,7000,19490.30796304841,-12490.30796304841
4262,train,10000,19490.30796304841,-9490.30796304841
2722,train,20000,19490.30796304841,509.6920369515901
4058,train,30000,19490.30796304841,10509.69203695159
3627,train,15000,19490.30796304841,-4490.30796304841
3187,train,13000,19490.30796304841,-6490.30796304841
812,train,36000,19490.30796304841,16509.69203695159
1508,train,13500,19490.30796304841,-5990.30796304841
2811,train,15000,19490.30796304841,-4490.30796304841
3362,train,12000,19490.30796304841,-7490.30796304841
4457,train,12000,19490.30796304841,-7490.30796304841
421,train,12000,19490.30796304841,-7490.30796304841
1477,train,70000,19490.30796304841,50509.69203695159
1588,train,10000,19490.30796304841,-9490.30796304841
313,train,15000,19490.30796304841,-4490.30796304841
3945,train,12000,19490.30796304841,-7490.30796304841
2161,train,24000,19490.30796304841,4509.69203695159
277,train,15000,19490.30796304841,-4490.30796304841
2750,train,9000,19490.30796304841,-10490.30796304841
140,train,12500,19490.30796304841,-6990.30796304841
1383,train,37000,19490.30796304841,17509.69203695159
2708,train,10000,19490.30796304841,-9490.30796304841
1881,train,15000,19490.30796304841,-4490.30796304841
4448,train,400000,19490.30796304841,380509.6920369516
310,train,9000,19490.30796304841,-10490.30796304841
3601,train,18000,19490.30796304841,-1490.3079630484099
4279,train,15000,19490.30796304841,-4490.30796304841
3190,train,15000,19490.30796304841,-4490.30796304841
1347,train,20000,19490.30796304841,509.6920369515901
2295,train,30000,19490.30796304841,10509.69203695159
189,train,6500,19490.30796304841,-12990.30796304841
1923,train,24000,19490.30796304841,4509.69203695159
1842,train,17000,19490.30796304841,-2490.30796304841
1155,train,38000,19490.30796304841,18509.69203695159
3933,train,23000,19490.30796304841,3509.69203695159
61,train,30000,19490.30796304841,10509.69203695159
1691,train,20000,19490.30796304841,509.6920369515901
499,train,6000,19490.30796304841,-13490.30796304841
1733,train,12500,19490.30796304841,-6990.30796304841
2555,train,6000,19490.30796304841,-13490.30796304841
2004,train,15000,19490.30796304841,-4490.30796304841
1337,train,110000,19490.30796304841,90509.69203695159
2652,train,60000,19490.30796304841,40509.69203695159
3823,train,22000,19490.30796304841,2509.69203695159
2193,train,34000,19490.30796304841,14509.69203695159
1425,train,35000,19490.30796304841,15509.69203695159
2893,train,16000,19490.30796304841,-3490.30796304841
687,train,100000,19490.30796304841,80509.69203695159
1517,train,7500,19490.30796304841,-11990.30796304841
852,train,75000,19490.30796304841,55509.69203695159
4726,train,35000,19490.30796304841,15509.69203695159
261,train,7000,19490.30796304841,-12490.30796304841
4487,train,18000,19490.30796304841,-1490.3079630484099
3852,train,15000,19490.30796304841,-4490.30796304841
4246,train,18000,19490.30796304841,-1490.3079630484099
584,train,13000,19490.30796304841,-6490.30796304841
1305,train,51000,19490.30796304841,31509.69203695159
875,train,15000,19490.30796304841,-4490.30796304841
4116,train,14000,19490.30796304841,-5490.30796304841
1608,train,17000,19490.30796304841,-2490.30796304841
4302,train,18000,19490.30796304841,-1490.3079630484099
1560,train,12000,19490.30796304841,-7490.30796304841
827,train,40000,19490.30796304841,20509.69203695159
625,train,85000,19490.30796304841,65509.69203695159
4274,train,25000,19490.30796304841,5509.69203695159
1984,train,11000,19490.30796304841,-8490.30796304841
1642,train,12000,19490.30796304841,-7490.30796304841
1278,train,15000,19490.30796304841,-4490.30796304841
4468,train,24000,19490.30796304841,4509.69203695159
1742,train,14000,19490.30796304841,-5490.30796304841
4400,train,50000,19490.30796304841,30509.69203695159
522,train,25000,19490.30796304841,5509.69203695159
4688,train,12000,19490.30796304841,-7490.30796304841
614,train,120000,19490.30796304841,100509.69203695159
2223,train,28000,19490.30796304841,8509.69203695159
2483,train,12000,19490.30796304841,-7490.30796304841
2281,train,22000,19490.30796304841,2509.69203695159
3394,train,20000,19490.30796304841,509.6920369515901
2698,train,18000,19490.30796304841,-1490.3079630484099
935,train,18000,19490.30796304841,-1490.3079630484099
1987,train,55000,19490.30796304841,35509.69203695159
483,train,5000,19490.30796304841,-14490.30796304841
4396,train,24000,19490.30796304841,4509.69203695159
2047,train,11000,19490.30796304841,-8490.30796304841
459,train,22500,19490.30796304841,3009.69203695159
4615,train,5000,19490.30796304841,-14490.30796304841
4156,train,31000,19490.30796304841,11509.69203695159
3871,train,10000,19490.30796304841,-9490.30796304841
2116,train,14000,19490.30796304841,-5490.30796304841
3081,train,12000,19490.30796304841,-7490.30796304841
4094,train,12000,19490.30796304841,-7490.30796304841
4632,train,9000,19490.30796304841,-10490.30796304841
4229,train,8000,19490.30796304841,-11490.30796304841
3713,train,19000,19490.30796304841,-490.3079630484099
2010,train,50000,19490.30796304841,30509.69203695159
1589,train,7000,19490.30796304841,-12490.30796304841
1139,train,77000,19490.30796304841,57509.69203695159
2494,train,14000,19490.30796304841,-5490.30796304841
1552,train,84000,19490.30796304841,64509.69203695159
3294,train,65000,19490.30796304841,45509.69203695159
3145,train,8500,19490.30796304841,-10990.30796304841
1751,train,7500,19490.30796304841,-11990.30796304841
30,train,7500,19490.30796304841,-11990.30796304841
462,train,14000,19490.30796304841,-5490.30796304841
3110,train,9000,19490.30796304841,-10490.30796304841
3479,train,12000,19490.30796304841,-7490.30796304841
2545,train,36000,19490.30796304841,16509.69203695159
2384,train,40000,19490.30796304841,20509.69203695159
1546,train,16000,19490.30796304841,-3490.30796304841
917,train,8000,19490.30796304841,-11490.30796304841
4601,train,10000,19490.30796304841,-9490.30796304841
432,train,5500,19490.30796304841,-13990.30796304841
4668,train,7000,19490.30796304841,-12490.30796304841
901,train,75000,19490.30796304841,55509.69203695159
3599,train,22000,19490.30796304841,2509.69203695159
1882,train,11000,19490.30796304841,-8490.30796304841
1939,train,24000,19490.30796304841,4509.69203695159
2077,train,11000,19490.30796304841,-8490.30796304841
2662,train,35000,19490.30796304841,15509.69203695159
1685,train,17500,19490.30796304841,-1990.3079630484099
1036,train,100000,19490.30796304841,80509.69203695159
3856,train,20000,19490.30796304841,509.6920369515901
406,train,5500,19490.30796304841,-13990.30796304841
3233,train,25000,19490.30796304841,5509.69203695159
1880,train,10000,19490.30796304841,-9490.30796304841
3802,train,14000,19490.30796304841,-5490.30796304841
1537,train,7500,19490.30796304841,-11990.30796304841
4389,train,15000,19490.30796304841,-4490.30796304841
1185,train,76000,19490.30796304841,56509.69203695159
418,train,4500,19490.30796304841,-14990.30796304841
1068,train,130000,19490.30796304841,110509.69203695159
3838,train,15000,19490.30796304841,-4490.30796304841
4501,train,8000,19490.30796304841,-11490.30796304841
4548,train,10000,19490.30796304841,-9490.30796304841
2082,train,10000,19490.30796304841,-9490.30796304841
3558,train,24000,19490.30796304841,4509.69203695159
2248,train,12000,19490.30796304841,-7490.30796304841
147,train,8000,19490.30796304841,-11490.30796304841
4133,train,20000,19490.30796304841,509.6920369515901
137,train,17500,19490.30796304841,-1990.3079630484099
76,train,5500,19490.30796304841,-13990.30796304841
4565,train,18000,19490.30796304841,-1490.3079630484099
2218,train,40000,19490.30796304841,20509.69203695159
833,train,80000,19490.30796304841,60509.69203695159
1188,train,39000,19490.30796304841,19509.69203695159
43,train,8500,19490.30796304841,-10990.30796304841
3680,train,8000,19490.30796304841,-11490.30796304841
2257,train,7000,19490.30796304841,-12490.30796304841
2529,train,24000,19490.30796304841,4509.69203695159
4678,train,30000,19490.30796304841,10509.69203695159
4492,train,37000,19490.30796304841,17509.69203695159
2639,train,15000,19490.30796304841,-4490.30796304841
2492,train,14000,19490.30796304841,-5490.30796304841
3011,train,22000,19490.30796304841,2509.69203695159
838,train,450000,19490.30796304841,430509.6920369516
3332,train,20000,19490.30796304841,509.6920369515901
3720,train,40000,19490.30796304841,20509.69203695159
323,train,8500,19490.30796304841,-10990.30796304841
4023,train,12000,19490.30796304841,-7490.30796304841
3733,train,20000,19490.30796304841,509.6920369515901
274,train,30000,19490.30796304841,10509.69203695159
1373,train,24000,19490.30796304841,4509.69203695159
3336,train,23000,19490.30796304841,3509.69203695159
2783,train,10000,19490.30796304841,-9490.30796304841
169,train,40000,19490.30796304841,20509.69203695159
2541,train,16000,19490.30796304841,-3490.30796304841
1461,train,30000,19490.30796304841,10509.69203695159
2903,train,110000,19490.30796304841,90509.69203695159
2990,train,26000,19490.30796304841,6509.69203695159
4685,train,17000,19490.30796304841,-2490.30796304841
894,train,15500,19490.30796304841,-3990.30796304841
4007,train,25000,19490.30796304841,5509.69203695159
631,train,50000,19490.30796304841,30509.69203695159
2777,train,6500,19490.30796304841,-12990.30796304841
3455,train,45000,19490.30796304841,25509.69203695159
2230,train,16000,19490.30796304841,-3490.30796304841
3723,train,35000,19490.30796304841,15509.69203695159
2886,train,9500,19490.30796304841,-9990.30796304841
4472,train,15000,19490.30796304841,-4490.30796304841
2408,train,9000,19490.30796304841,-10490.30796304841
730,train,95000,19490.30796304841,75509.69203695159
2184,train,24000,19490.30796304841,4509.69203695159
703,train,40000,19490.30796304841,20509.69203695159
652,train,43000,19490.30796304841,23509.69203695159
1280,train,13000,19490.30796304841,-6490.30796304841
4213,train,42000,19490.30796304841,22509.69203695159
1905,train,6000,19490.30796304841,-13490.30796304841
4298,train,13000,19490.30796304841,-6490.30796304841
484,train,10000,19490.30796304841,-9490.30796304841
3146,train,20000,19490.30796304841,509.6920369515901
1955,train,15000,19490.30796304841,-4490.30796304841
4100,train,16500,19490.30796304841,-2990.30796304841
2053,train,4800,19490.30796304841,-14690.30796304841
4067,train,1200,19490.30796304841,-18290.30796304841
302,train,20000,19490.30796304841,509.6920369515901
2967,train,7500,19490.30796304841,-11990.30796304841
4127,train,10000,19490.30796304841,-9490.30796304841
3285,train,8000,19490.30796304841,-11490.30796304841
1809,train,22000,19490.30796304841,2509.69203695159
4360,train,26000,19490.30796304841,6509.69203695159
1973,train,70000,19490.30796304841,50509.69203695159
1614,train,7000,19490.30796304841,-12490.30796304841
3192,train,19000,19490.30796304841,-490.3079630484099
3764,train,6000,19490.30796304841,-13490.30796304841
2352,train,17500,19490.30796304841,-1990.3079630484099
4150,train,12000,19490.30796304841,-7490.30796304841
2241,train,14000,19490.30796304841,-5490.30796304841
2930,train,5500,19490.30796304841,-13990.30796304841
610,train,50000,19490.30796304841,30509.69203695159
3791,train,12500,19490.30796304841,-6990.30796304841
3056,train,22000,19490.30796304841,2509.69203695159
1783,train,20000,19490.30796304841,509.6920369515901
776,train,150000,19490.30796304841,130509.69203695159
4513,train,60000,19490.30796304841,40509.69203695159
1116,train,55000,19490.30796304841,35509.69203695159
2140,train,13900,19490.30796304841,-5590.30796304841
3468,train,26000,19490.30796304841,6509.69203695159
2106,train,12000,19490.30796304841,-7490.30796304841
1380,train,600000,19490.30796304841,580509.6920369515
4201,train,10000,19490.30796304841,-9490.30796304841
2871,train,30000,19490.30796304841,10509.69203695159
191,train,9000,19490.30796304841,-10490.30796304841
1046,train,27000,19490.30796304841,7509.69203695159
973,train,85000,19490.30796304841,65509.69203695159
4499,train,35000,19490.30796304841,15509.69203695159
449,train,4000,19490.30796304841,-15490.30796304841
628,train,50000,19490.30796304841,30509.69203695159
1403,train,20000,19490.30796304841,509.6920369515901
4311,train,9500,19490.30796304841,-9990.30796304841
3416,train,10000,19490.30796304841,-9490.30796304841
1303,train,50000,19490.30796304841,30509.69203695159
3383,train,30000,19490.30796304841,10509.69203695159
4293,train,70000,19490.30796304841,50509.69203695159
616,train,110000,19490.30796304841,90509.69203695159
745,train,100000,19490.30796304841,80509.69203695159
193,train,12000,19490.30796304841,-7490.30796304841
1862,train,8000,19490.30796304841,-11490.30796304841
1449,train,45000,19490.30796304841,25509.69203695159
3064,train,40000,19490.30796304841,20509.69203695159
46,train,4600,19490.30796304841,-14890.30796304841
4291,train,12000,19490.30796304841,-7490.30796304841
3950,train,4000,19490.30796304841,-15490.30796304841
3506,train,15000,19490.30796304841,-4490.30796304841
1107,train,35500,19490.30796304841,16009.69203695159
4102,train,8500,19490.30796304841,-10990.30796304841
2143,train,13000,19490.30796304841,-6490.30796304841
2369,train,7500,19490.30796304841,-11990.30796304841
642,train,150000,19490.30796304841,130509.69203695159
3061,train,8000,19490.30796304841,-11490.30796304841
4074,train,35000,19490.30796304841,15509.69203695159
1225,train,65000,19490.30796304841,45509.69203695159
777,train,230000,19490.30796304841,210509.6920369516
3545,train,26000,19490.30796304841,6509.69203695159
4154,train,6000,19490.30796304841,-13490.30796304841
3249,train,15000,19490.30796304841,-4490.30796304841
3931,train,22000,19490.30796304841,2509.69203695159
1158,train,180000,19490.30796304841,160509.6920369516
3168,train,14000,19490.30796304841,-5490.30796304841
815,train,42000,19490.30796304841,22509.69203695159
2381,train,14000,19490.30796304841,-5490.30796304841
4357,train,18000,19490.30796304841,-1490.3079630484099
1284,train,360000,19490.30796304841,340509.6920369516
331,train,6500,19490.30796304841,-12990.30796304841
788,train,170000,19490.30796304841,150509.6920369516
1834,train,12500,19490.30796304841,-6990.30796304841
4054,train,14000,19490.30796304841,-5490.30796304841
1746,train,55000,19490.30796304841,35509.69203695159
1292,train,65000,19490.30796304841,45509.69203695159
883,train,45000,19490.30796304841,25509.69203695159
2269,train,7000,19490.30796304841,-12490.30796304841
4339,train,10000,19490.30796304841,-9490.30796304841
4284,train,9500,19490.30796304841,-9990.30796304841
289,train,3500,19490.30796304841,-15990.30796304841
4515,train,9000,19490.30796304841,-10490.30796304841
2879,train,28000,19490.30796304841,8509.69203695159
2201,train,16500,19490.30796304841,-2990.30796304841
1960,train,26969,19490.30796304841,7478.69203695159
4530,train,8000,19490.30796304841,-11490.30796304841
2824,train,9300,19490.30796304841,-10190.30796304841
263,train,6000,19490.30796304841,-13490.30796304841
3020,train,5000,19490.30796304841,-14490.30796304841
3299,train,26000,19490.30796304841,6509.69203695159
2006,train,27000,19490.30796304841,7509.69203695159
3547,train,15000,19490.30796304841,-4490.30796304841
1864,train,15000,19490.30796304841,-4490.30796304841
441,train,5500,19490.30796304841,-13990.30796304841
1515,train,7500,19490.30796304841,-11990.30796304841
1412,train,45000,19490.30796304841,25509.69203695159
2798,train,37000,19490.30796304841,17509.69203695159
4331,train,6000,19490.30796304841,-13490.30796304841
4214,train,20000,19490.30796304841,509.6920369515901
1487,train,65000,19490.30796304841,45509.69203695159
295,train,10500,19490.30796304841,-8990.30796304841
2552,train,13000,19490.30796304841,-6490.30796304841
2877,train,16000,19490.30796304841,-3490.30796304841
364,train,10000,19490.30796304841,-9490.30796304841
3948,train,9500,19490.30796304841,-9990.30796304841
3491,train,8500,19490.30796304841,-10990.30796304841
1658,train,14000,19490.30796304841,-5490.30796304841
2324,train,12000,19490.30796304841,-7490.30796304841
761,train,36000,19490.30796304841,16509.69203695159
4418,train,14000,19490.30796304841,-5490.30796304841
758,train,35000,19490.30796304841,15509.69203695159
1095,train,25000,19490.30796304841,5509.69203695159
2228,train,12000,19490.30796304841,-7490.30796304841
4188,train,7500,19490.30796304841,-11990.30796304841
3456,train,5000,19490.30796304841,-14490.30796304841
4618,train,9000,19490.30796304841,-10490.30796304841
2661,train,36000,19490.30796304841,16509.69203695159
4063,train,15000,19490.30796304841,-4490.30796304841
2050,train,9000,19490.30796304841,-10490.30796304841
496,train,14000,19490.30796304841,-5490.30796304841
810,train,40000,19490.30796304841,20509.69203695159
1797,train,5000,19490.30796304841,-14490.30796304841
2599,train,25000,19490.30796304841,5509.69203695159
471,train,7500,19490.30796304841,-11990.30796304841
2071,train,35000,19490.30796304841,15509.69203695159
1504,train,8000,19490.30796304841,-11490.30796304841
3330,train,12000,19490.30796304841,-7490.30796304841
1261,train,70000,19490.30796304841,50509.69203695159
3578,train,18000,19490.30796304841,-1490.3079630484099
736,train,46000,19490.30796304841,26509.69203695159
2236,train,16000,19490.30796304841,-3490.30796304841
955,train,72000,19490.30796304841,52509.69203695159
2718,train,11000,19490.30796304841,-8490.30796304841
1100,train,26000,19490.30796304841,6509.69203695159
4028,train,10000,19490.30796304841,-9490.30796304841
2790,train,22000,19490.30796304841,2509.69203695159
480,train,6000,19490.30796304841,-13490.30796304841
2278,train,20000,19490.30796304841,509.6920369515901
3411,train,75000,19490.30796304841,55509.69203695159
4416,train,120000,19490.30796304841,100509.69203695159
3083,train,20000,19490.30796304841,509.6920369515901
910,train,24000,19490.30796304841,4509.69203695159
3098,train,13000,19490.30796304841,-6490.30796304841
1200,train,25000,19490.30796304841,5509.69203695159
3917,train,25000,19490.30796304841,5509.69203695159
1974,train,19000,19490.30796304841,-490.3079630484099
2878,train,20000,19490.30796304841,509.6920369515901
3317,train,45000,19490.30796304841,25509.69203695159
3775,train,18500,19490.30796304841,-990.3079630484099
1707,train,20000,19490.30796304841,509.6920369515901
1830,train,11000,19490.30796304841,-8490.30796304841
2883,train,8000,19490.30796304841,-11490.30796304841
2121,train,15000,19490.30796304841,-4490.30796304841
2675,train,30000,19490.30796304841,10509.69203695159
1142,train,40000,19490.30796304841,20509.69203695159
393,train,7000,19490.30796304841,-12490.30796304841
1586,train,7000,19490.30796304841,-12490.30796304841
884,train,35000,19490.30796304841,15509.69203695159
3443,train,16000,19490.30796304841,-3490.30796304841
3891,train,11000,19490.30796304841,-8490.30796304841
3896,train,30000,19490.30796304841,10509.69203695159
1680,train,12000,19490.30796304841,-7490.30796304841
3227,train,30000,19490.30796304841,10509.69203695159
398,train,8000,19490.30796304841,-11490.30796304841
598,train,55000,19490.30796304841,35509.69203695159
4144,train,45000,19490.30796304841,25509.69203695159
2122,train,9500,19490.30796304841,-9990.30796304841
408,train,11000,19490.30796304841,-8490.30796304841
3850,train,8500,19490.30796304841,-10990.30796304841
811,train,40000,19490.30796304841,20509.69203695159
135,train,9000,19490.30796304841,-10490.30796304841
4,train,7500,19490.30796304841,-11990.30796304841
3112,train,17000,19490.30796304841,-2490.30796304841
2493,train,14000,19490.30796304841,-5490.30796304841
4025,train,45000,19490.30796304841,25509.69203695159
987,train,75000,19490.30796304841,55509.69203695159
996,train,75000,19490.30796304841,55509.69203695159
1828,train,7000,19490.30796304841,-12490.30796304841
4517,train,5800,19490.30796304841,-13690.30796304841
2422,train,18000,19490.30796304841,-1490.3079630484099
3174,train,7000,19490.30796304841,-12490.30796304841
2517,train,22000,19490.30796304841,2509.69203695159
1562,train,16000,19490.30796304841,-3490.30796304841
3748,train,12000,19490.30796304841,-7490.30796304841
2437,train,10000,19490.30796304841,-9490.30796304841
3380,train,16000,19490.30796304841,-3490.30796304841
4627,train,5000,19490.30796304841,-14490.30796304841
4045,train,25000,19490.30796304841,5509.69203695159
2065,train,17681,19490.30796304841,-1809.3079630484099
764,train,7500,19490.30796304841,-11990.30796304841
237,train,5500,19490.30796304841,-13990.30796304841
3188,train,9000,19490.30796304841,-10490.30796304841
3404,train,45000,19490.30796304841,25509.69203695159
893,train,40000,19490.30796304841,20509.69203695159
3241,train,85000,19490.30796304841,65509.69203695159
2330,train,12500,19490.30796304841,-6990.30796304841
3815,train,100000,19490.30796304841,80509.69203695159
3058,train,6500,19490.30796304841,-12990.30796304841
396,train,35000,19490.30796304841,15509.69203695159
3759,train,15000,19490.30796304841,-4490.30796304841
1996,train,15000,19490.30796304841,-4490.30796304841
479,train,10000,19490.30796304841,-9490.30796304841
4304,train,9000,19490.30796304841,-10490.30796304841
2815,train,250000,19490.30796304841,230509.6920369516
3566,train,15000,19490.30796304841,-4490.30796304841
4406,train,3000,19490.30796304841,-16490.30796304841
2617,train,140000,19490.30796304841,120509.69203695159
154,train,7000,19490.30796304841,-12490.30796304841
4182,train,16000,19490.30796304841,-3490.30796304841
705,train,230000,19490.30796304841,210509.6920369516
3611,train,8000,19490.30796304841,-11490.30796304841
3017,train,12000,19490.30796304841,-7490.30796304841
1045,train,46000,19490.30796304841,26509.69203695159
2364,train,24000,19490.30796304841,4509.69203695159
1832,train,60000,19490.30796304841,40509.69203695159
188,train,7000,19490.30796304841,-12490.30796304841
4235,train,26000,19490.30796304841,6509.69203695159
2968,train,10000,19490.30796304841,-9490.30796304841
3207,train,14000,19490.30796304841,-5490.30796304841
1247,train,8000,19490.30796304841,-11490.30796304841
2700,train,65000,19490.30796304841,45509.69203695159
3888,train,13000,19490.30796304841,-6490.30796304841
344,train,7500,19490.30796304841,-11990.30796304841
1289,train,130000,19490.30796304841,110509.69203695159
2342,train,18000,19490.30796304841,-1490.3079630484099
1851,train,40000,19490.30796304841,20509.69203695159
533,train,33000,19490.30796304841,13509.69203695159
3954,train,13000,19490.30796304841,-6490.30796304841
1354,train,55000,19490.30796304841,35509.69203695159
4684,train,22000,19490.30796304841,2509.69203695159
2985,train,29000,19490.30796304841,9509.69203695159
1744,train,11000,19490.30796304841,-8490.30796304841
1937,train,14000,19490.30796304841,-5490.30796304841
1840,train,13000,19490.30796304841,-6490.30796304841
2812,train,12000,19490.30796304841,-7490.30796304841
4642,train,8000,19490.30796304841,-11490.30796304841
1806,train,130000,19490.30796304841,110509.69203695159
3673,train,10000,19490.30796304841,-9490.30796304841
3536,train,12500,19490.30796304841,-6990.30796304841
341,train,12000,19490.30796304841,-7490.30796304841
2119,train,10000,19490.30796304841,-9490.30796304841
4735,train,45000,19490.30796304841,25509.69203695159
2782,train,13000,19490.30796304841,-6490.30796304841
2665,train,20000,19490.30796304841,509.6920369515901
4042,train,10000,19490.30796304841,-9490.30796304841
2343,train,70000,19490.30796304841,50509.69203695159
67,train,7500,19490.30796304841,-11990.30796304841
3629,train,7000,19490.30796304841,-12490.30796304841
2273,train,15000,19490.30796304841,-4490.30796304841
4242,train,12000,19490.30796304841,-7490.30796304841
206,train,5000,19490.30796304841,-14490.30796304841
3278,train,4500,19490.30796304841,-14990.30796304841
4503,train,5500,19490.30796304841,-13990.30796304841
1775,train,30000,19490.30796304841,10509.69203695159
1506,train,50000,19490.30796304841,30509.69203695159
1762,train,15000,19490.30796304841,-4490.30796304841
939,train,32000,19490.30796304841,12509.69203695159
4243,train,15000,19490.30796304841,-4490.30796304841
4181,train,8000,19490.30796304841,-11490.30796304841
2464,train,6000,19490.30796304841,-13490.30796304841
63,train,30000,19490.30796304841,10509.69203695159
3610,train,25000,19490.30796304841,5509.69203695159
4352,train,12000,19490.30796304841,-7490.30796304841
1400,train,20000,19490.30796304841,509.6920369515901
2044,train,250000,19490.30796304841,230509.6920369516
3478,train,30000,19490.30796304841,10509.69203695159
2575,train,8000,19490.30796304841,-11490.30796304841
3919,train,45000,19490.30796304841,25509.69203695159
3054,train,16000,19490.30796304841,-3490.30796304841
3210,train,7000,19490.30796304841,-12490.30796304841
3494,train,18000,19490.30796304841,-1490.3079630484099
1069,train,58000,19490.30796304841,38509.69203695159
4512,train,9000,19490.30796304841,-10490.30796304841
1389,train,310000,19490.30796304841,290509.6920369516
4326,train,18000,19490.30796304841,-1490.3079630484099
1854,train,16000,19490.30796304841,-3490.30796304841
3312,train,12000,19490.30796304841,-7490.30796304841
2928,train,30000,19490.30796304841,10509.69203695159
1408,train,55000,19490.30796304841,35509.69203695159
1136,train,40000,19490.30796304841,20509.69203695159
2748,train,200000,19490.30796304841,180509.6920369516
2668,train,14000,19490.30796304841,-5490.30796304841
2842,train,24000,19490.30796304841,4509.69203695159
545,train,22000,19490.30796304841,2509.69203695159
3914,train,12000,19490.30796304841,-7490.30796304841
2528,train,140000,19490.30796304841,120509.69203695159
1564,train,11000,19490.30796304841,-8490.30796304841
842,train,55000,19490.30796304841,35509.69203695159
2513,train,20000,19490.30796304841,509.6920369515901
2461,train,5000,19490.30796304841,-14490.30796304841
3832,train,11000,19490.30796304841,-8490.30796304841
541,train,270000,19490.30796304841,250509.6920369516
855,train,39000,19490.30796304841,19509.69203695159
804,train,50000,19490.30796304841,30509.69203695159
372,train,35000,19490.30796304841,15509.69203695159
3457,train,30000,19490.30796304841,10509.69203695159
409,train,10000,19490.30796304841,-9490.30796304841
1153,train,45000,19490.30796304841,25509.69203695159
4325,train,22000,19490.30796304841,2509.69203695159
4504,train,5000,19490.30796304841,-14490.30796304841
3268,train,16000,19490.30796304841,-3490.30796304841
2387,train,25000,19490.30796304841,5509.69203695159
3729,train,12000,19490.30796304841,-7490.30796304841
1324,train,20000,19490.30796304841,509.6920369515901
2358,train,4500,19490.30796304841,-14990.30796304841
4456,train,22000,19490.30796304841,2509.69203695159
4628,train,6000,19490.30796304841,-13490.30796304841
4187,train,14000,19490.30796304841,-5490.30796304841
4032,train,130000,19490.30796304841,110509.69203695159
4348,train,12000,19490.30796304841,-7490.30796304841
2840,train,150000,19490.30796304841,130509.69203695159
3144,train,30000,19490.30796304841,10509.69203695159
1518,train,25000,19490.30796304841,5509.69203695159
334,train,8000,19490.30796304841,-11490.30796304841
1015,train,60000,19490.30796304841,40509.69203695159
3698,train,18000,19490.30796304841,-1490.3079630484099
3873,train,12000,19490.30796304841,-7490.30796304841
3238,train,22000,19490.30796304841,2509.69203695159
2378,train,20000,19490.30796304841,509.6920369515901
3184,train,12000,19490.30796304841,-7490.30796304841
2677,train,11000,19490.30796304841,-8490.30796304841
2556,train,100000,19490.30796304841,80509.69203695159
4372,train,9000,19490.30796304841,-10490.30796304841
2039,train,25000,19490.30796304841,5509.69203695159
223,train,12500,19490.30796304841,-6990.30796304841
1183,train,18000,19490.30796304841,-1490.3079630484099
2301,train,10000,19490.30796304841,-9490.30796304841
1244,train,180000,19490.30796304841,160509.6920369516
4087,train,18000,19490.30796304841,-1490.3079630484099
2925,train,80000,19490.30796304841,60509.69203695159
2126,train,10000,19490.30796304841,-9490.30796304841
2760,train,38000,19490.30796304841,18509.69203695159
3428,train,16000,19490.30796304841,-3490.30796304841
3008,train,27000,19490.30796304841,7509.69203695159
4659,train,12500,19490.30796304841,-6990.30796304841
3724,train,4000,19490.30796304841,-15490.30796304841
3296,train,13500,19490.30796304841,-5990.30796304841
2172,train,30000,19490.30796304841,10509.69203695159
1463,train,90000,19490.30796304841,70509.69203695159
662,train,15000,19490.30796304841,-4490.30796304841
3462,train,17000,19490.30796304841,-2490.30796304841
4641,train,15500,19490.30796304841,-3990.30796304841
465,train,20000,19490.30796304841,509.6920369515901
1683,train,25000,19490.30796304841,5509.69203695159
4138,train,12000,19490.30796304841,-7490.30796304841
4132,train,6500,19490.30796304841,-12990.30796304841
2081,train,11000,19490.30796304841,-8490.30796304841
1334,train,25000,19490.30796304841,5509.69203695159
711,train,15000,19490.30796304841,-4490.30796304841
1823,train,13500,19490.30796304841,-5990.30796304841
473,train,15000,19490.30796304841,-4490.30796304841
4059,train,12000,19490.30796304841,-7490.30796304841
3074,train,15000,19490.30796304841,-4490.30796304841
3433,train,6000,19490.30796304841,-13490.30796304841
3862,train,32000,19490.30796304841,12509.69203695159
300,train,35000,19490.30796304841,15509.69203695159
2416,train,50000,19490.30796304841,30509.69203695159
1909,train,5500,19490.30796304841,-13990.30796304841
2769,train,16000,19490.30796304841,-3490.30796304841
4607,train,15000,19490.30796304841,-4490.30796304841
3395,train,18000,19490.30796304841,-1490.3079630484099
24,train,8000,19490.30796304841,-11490.30796304841
3301,train,15000,19490.30796304841,-4490.30796304841
2097,train,8500,19490.30796304841,-10990.30796304841
450,train,30000,19490.30796304841,10509.69203695159
709,train,300000,19490.30796304841,280509.6920369516
4273,train,8000,19490.30796304841,-11490.30796304841
2355,train,22000,19490.30796304841,2509.69203695159
114,train,15000,19490.30796304841,-4490.30796304841
923,train,43500,19490.30796304841,24009.69203695159
2625,train,10000,19490.30796304841,-9490.30796304841
1879,train,21000,19490.30796304841,1509.6920369515901
4640,train,15000,19490.30796304841,-4490.30796304841
4380,train,25000,19490.30796304841,5509.69203695159
969,train,60000,19490.30796304841,40509.69203695159
1326,train,850000,19490.30796304841,830509.6920369515
3392,train,130000,19490.30796304841,110509.69203695159
3612,train,12500,19490.30796304841,-6990.30796304841
4460,train,15000,19490.30796304841,-4490.30796304841
790,train,55000,19490.30796304841,35509.69203695159
4358,train,21000,19490.30796304841,1509.6920369515901
1887,train,20000,19490.30796304841,509.6920369515901
985,train,22000,19490.30796304841,2509.69203695159
933,train,65000,19490.30796304841,45509.69203695159
4126,train,6500,19490.30796304841,-12990.30796304841
2253,train,15000,19490.30796304841,-4490.30796304841
1308,train,30000,19490.30796304841,10509.69203695159
4613,train,15000,19490.30796304841,-4490.30796304841
1295,train,22000,19490.30796304841,2509.69203695159
1750,train,12000,19490.30796304841,-7490.30796304841
4429,train,8000,19490.30796304841,-11490.30796304841
3593,train,8000,19490.30796304841,-11490.30796304841
2153,train,14000,19490.30796304841,-5490.30796304841
3572,train,130000,19490.30796304841,110509.69203695159
3128,train,17000,19490.30796304841,-2490.30796304841
2155,train,20000,19490.30796304841,509.6920369515901
2621,train,6000,19490.30796304841,-13490.30796304841
1624,train,11500,19490.30796304841,-7990.30796304841
551,train,25000,19490.30796304841,5509.69203695159
3966,train,100000,19490.30796304841,80509.69203695159
1741,train,5000,19490.30796304841,-14490.30796304841
755,train,42000,19490.30796304841,22509.69203695159
645,train,65000,19490.30796304841,45509.69203695159
446,train,10000,19490.30796304841,-9490.30796304841
390,train,22000,19490.30796304841,2509.69203695159
4259,train,25000,19490.30796304841,5509.69203695159
222,train,25000,19490.30796304841,5509.69203695159
869,train,200000,19490.30796304841,180509.6920369516
3528,train,35000,19490.30796304841,15509.69203695159
205,train,15000,19490.30796304841,-4490.30796304841
1593,train,16000,19490.30796304841,-3490.30796304841
1370,train,60000,19490.30796304841,40509.69203695159
2202,train,14500,19490.30796304841,-4990.30796304841
1613,train,9000,19490.30796304841,-10490.30796304841
3246,train,15000,19490.30796304841,-4490.30796304841
495,train,10000,19490.30796304841,-9490.30796304841
2380,train,9500,19490.30796304841,-9990.30796304841
2477,train,10000,19490.30796304841,-9490.30796304841
123,train,8000,19490.30796304841,-11490.30796304841
2297,train,9250,19490.30796304841,-10240.30796304841
1908,train,20000,19490.30796304841,509.6920369515901
359,train,15000,19490.30796304841,-4490.30796304841
4137,train,12500,19490.30796304841,-6990.30796304841
2022,train,35000,19490.30796304841,15509.69203695159
1187,train,45000,19490.30796304841,25509.69203695159
3902,train,9000,19490.30796304841,-10490.30796304841
1736,train,10500,19490.30796304841,-8990.30796304841
822,train,93000,19490.30796304841,73509.69203695159
1251,train,45000,19490.30796304841,25509.69203695159
3817,train,16000,19490.30796304841,-3490.30796304841
3451,train,15000,19490.30796304841,-4490.30796304841
1557,train,9500,19490.30796304841,-9990.30796304841
837,train,33003,19490.30796304841,13512.69203695159
3617,train,27000,19490.30796304841,7509.69203695159
4610,train,15000,19490.30796304841,-4490.30796304841
3848,train,70000,19490.30796304841,50509.69203695159
4110,train,10000,19490.30796304841,-9490.30796304841
892,train,25000,19490.30796304841,5509.69203695159
1146,train,32000,19490.30796304841,12509.69203695159
1462,train,45000,19490.30796304841,25509.69203695159
831,train,200000,19490.30796304841,180509.6920369516
4716,train,9000,19490.30796304841,-10490.30796304841
589,train,40000,19490.30796304841,20509.69203695159
4730,train,25000,19490.30796304841,5509.69203695159
2366,train,16000,19490.30796304841,-3490.30796304841
2274,train,8200,19490.30796304841,-11290.30796304841
98,train,18000,19490.30796304841,-1490.3079630484099
2115,train,5000,19490.30796304841,-14490.30796304841
3701,train,8000,19490.30796304841,-11490.30796304841
3415,train,24000,19490.30796304841,4509.69203695159
4104,train,15000,19490.30796304841,-4490.30796304841
1028,train,180000,19490.30796304841,160509.6920369516
3376,train,38000,19490.30796304841,18509.69203695159
1219,train,260000,19490.30796304841,240509.6920369516
4723,train,7000,19490.30796304841,-12490.30796304841
1693,train,15000,19490.30796304841,-4490.30796304841
4617,train,8500,19490.30796304841,-10990.30796304841
1922,train,20000,19490.30796304841,509.6920369515901
1684,train,7000,19490.30796304841,-12490.30796304841
3602,train,8500,19490.30796304841,-10990.30796304841
1310,train,15000,19490.30796304841,-4490.30796304841
1047,train,95000,19490.30796304841,75509.69203695159
620,train,40000,19490.30796304841,20509.69203695159
2734,train,80000,19490.30796304841,60509.69203695159
4329,train,13000,19490.30796304841,-6490.30796304841
490,train,8000,19490.30796304841,-11490.30796304841
1205,train,150000,19490.30796304841,130509.69203695159
1853,train,18500,19490.30796304841,-990.3079630484099
2537,train,11000,19490.30796304841,-8490.30796304841
250,train,12000,19490.30796304841,-7490.30796304841
724,train,85000,19490.30796304841,65509.69203695159
1444,train,36000,19490.30796304841,16509.69203695159
4568,train,16500,19490.30796304841,-2990.30796304841
2643,train,6500,19490.30796304841,-12990.30796304841
1160,train,300000,19490.30796304841,280509.6920369516
3658,train,9000,19490.30796304841,-10490.30796304841
3356,train,11500,19490.30796304841,-7990.30796304841
1338,train,21000,19490.30796304841,1509.6920369515901
2308,train,20000,19490.30796304841,509.6920369515901
2875,train,18000,19490.30796304841,-1490.3079630484099
4694,train,12000,19490.30796304841,-7490.30796304841
3803,train,8500,19490.30796304841,-10990.30796304841
3313,train,45000,19490.30796304841,25509.69203695159
2390,train,22000,19490.30796304841,2509.69203695159
3534,train,16500,19490.30796304841,-2990.30796304841
379,train,40000,19490.30796304841,20509.69203695159
2532,train,15000,19490.30796304841,-4490.30796304841
684,train,150000,19490.30796304841,130509.69203695159
4035,train,9000,19490.30796304841,-10490.30796304841
2475,train,11000,19490.30796304841,-8490.30796304841
36,train,12500,19490.30796304841,-6990.30796304841
2642,train,10000,19490.30796304841,-9490.30796304841
1576,train,15000,19490.30796304841,-4490.30796304841
2619,train,12500,19490.30796304841,-6990.30796304841
3059,train,3000,19490.30796304841,-16490.30796304841
3633,train,15000,19490.30796304841,-4490.30796304841
658,train,32000,19490.30796304841,12509.69203695159
463,train,9500,19490.30796304841,-9990.30796304841
299,train,20000,19490.30796304841,509.6920369515901
3323,train,25000,19490.30796304841,5509.69203695159
2012,train,25000,19490.30796304841,5509.69203695159
2503,train,12500,19490.30796304841,-6990.30796304841
3483,train,40000,19490.30796304841,20509.69203695159
2733,train,9300,19490.30796304841,-10190.30796304841
2583,train,15000,19490.30796304841,-4490.30796304841
1249,train,52000,19490.30796304841,32509.69203695159
2135,train,25000,19490.30796304841,5509.69203695159
3014,train,6500,19490.30796304841,-12990.30796304841
3072,train,12000,19490.30796304841,-7490.30796304841
2134,train,21000,19490.30796304841,1509.6920369515901
4330,train,6000,19490.30796304841,-13490.30796304841
1995,train,15000,19490.30796304841,-4490.30796304841
981,train,23500,19490.30796304841,4009.69203695159
1167,train,140000,19490.30796304841,120509.69203695159
1701,train,5000,19490.30796304841,-14490.30796304841
3868,train,23000,19490.30796304841,3509.69203695159
540,train,35000,19490.30796304841,15509.69203695159
919,train,230000,19490.30796304841,210509.6920369516
4265,train,34000,19490.30796304841,14509.69203695159
3142,train,6500,19490.30796304841,-12990.30796304841
179,train,15000,19490.30796304841,-4490.30796304841
3690,train,8500,19490.30796304841,-10990.30796304841
4070,train,17000,19490.30796304841,-2490.30796304841
1195,train,90000,19490.30796304841,70509.69203695159
1245,train,26000,19490.30796304841,6509.69203695159
216,train,7000,19490.30796304841,-12490.30796304841
753,train,170000,19490.30796304841,150509.6920369516
3604,train,40000,19490.30796304841,20509.69203695159
4462,train,9000,19490.30796304841,-10490.30796304841
3496,train,10000,19490.30796304841,-9490.30796304841
1711,train,7500,19490.30796304841,-11990.30796304841
1398,train,140000,19490.30796304841,120509.69203695159
4283,train,15000,19490.30796304841,-4490.30796304841
4085,train,16000,19490.30796304841,-3490.30796304841
1213,train,85000,19490.30796304841,65509.69203695159
3286,train,10000,19490.30796304841,-9490.30796304841
2959,train,15000,19490.30796304841,-4490.30796304841
3304,train,15000,19490.30796304841,-4490.30796304841
120,train,6300,19490.30796304841,-13190.30796304841
759,train,14000,19490.30796304841,-5490.30796304841
3969,train,24000,19490.30796304841,4509.69203695159
3773,train,7500,19490.30796304841,-11990.30796304841
2056,train,22500,19490.30796304841,3009.69203695159
2620,train,14000,19490.30796304841,-5490.30796304841
131,train,6000,19490.30796304841,-13490.30796304841
2300,train,12000,19490.30796304841,-7490.30796304841
1096,train,110000,19490.30796304841,90509.69203695159
2169,train,18000,19490.30796304841,-1490.3079630484099
4531,train,20000,19490.30796304841,509.6920369515901
4012,train,130000,19490.30796304841,110509.69203695159
743,train,25000,19490.30796304841,5509.69203695159
3916,train,9000,19490.30796304841,-10490.30796304841
3527,train,12000,19490.30796304841,-7490.30796304841
680,train,30000,19490.30796304841,10509.69203695159
4398,train,8000,19490.30796304841,-11490.30796304841
4033,train,8500,19490.30796304841,-10990.30796304841
2490,train,45000,19490.30796304841,25509.69203695159
2375,train,8000,19490.30796304841,-11490.30796304841
2889,train,10000,19490.30796304841,-9490.30796304841
2328,train,25000,19490.30796304841,5509.69203695159
797,train,200000,19490.30796304841,180509.6920369516
4337,train,10000,19490.30796304841,-9490.30796304841
2800,train,12000,19490.30796304841,-7490.30796304841
4478,train,9000,19490.30796304841,-10490.30796304841
467,train,7500,19490.30796304841,-11990.30796304841
1169,train,65000,19490.30796304841,45509.69203695159
2616,train,14000,19490.30796304841,-5490.30796304841
2624,train,8000,19490.30796304841,-11490.30796304841
3826,train,15000,19490.30796304841,-4490.30796304841
4500,train,30000,19490.30796304841,10509.69203695159
1883,train,7500,19490.30796304841,-11990.30796304841
208,train,18000,19490.30796304841,-1490.3079630484099
281,train,6500,19490.30796304841,-12990.30796304841
492,train,20000,19490.30796304841,509.6920369515901
4704,train,35000,19490.30796304841,15509.69203695159
2828,train,15000,19490.30796304841,-4490.30796304841
3373,train,35000,19490.30796304841,15509.69203695159
3106,train,15000,19490.30796304841,-4490.30796304841
2350,train,8000,19490.30796304841,-11490.30796304841
1110,train,180000,19490.30796304841,160509.6920369516
1182,train,55000,19490.30796304841,35509.69203695159
1603,train,12000,19490.30796304841,-7490.30796304841
2251,train,18500,19490.30796304841,-990.3079630484099
4714,train,17000,19490.30796304841,-2490.30796304841
1441,train,65000,19490.30796304841,45509.69203695159
2817,train,30000,19490.30796304841,10509.69203695159
512,train,11000,19490.30796304841,-8490.30796304841
1076,train,45000,19490.30796304841,25509.69203695159
1889,train,13000,19490.30796304841,-6490.30796304841
3955,train,12500,19490.30796304841,-6990.30796304841
2689,train,30000,19490.30796304841,10509.69203695159
507,train,5000,19490.30796304841,-14490.30796304841
1813,train,60000,19490.30796304841,40509.69203695159
2523,train,15000,19490.30796304841,-4490.30796304841
3237,train,4500,19490.30796304841,-14990.30796304841
1605,train,36000,19490.30796304841,16509.69203695159
2032,train,9000,19490.30796304841,-10490.30796304841
3175,train,18000,19490.30796304841,-1490.3079630484099
1306,train,140000,19490.30796304841,120509.69203695159
3941,train,28000,19490.30796304841,8509.69203695159
2386,train,3500,19490.30796304841,-15990.30796304841
4533,train,14000,19490.30796304841,-5490.30796304841
497,train,10000,19490.30796304841,-9490.30796304841
3485,train,8000,19490.30796304841,-11490.30796304841
3378,train,7500,19490.30796304841,-11990.30796304841
3438,train,12500,19490.30796304841,-6990.30796304841
3540,train,72000,19490.30796304841,52509.69203695159
249,train,6000,19490.30796304841,-13490.30796304841
954,train,40000,19490.30796304841,20509.69203695159
1649,train,22000,19490.30796304841,2509.69203695159
1415,train,25000,19490.30796304841,5509.69203695159
4254,train,15000,19490.30796304841,-4490.30796304841
45,train,10000,19490.30796304841,-9490.30796304841
1132,train,75000,19490.30796304841,55509.69203695159
3209,train,14000,19490.30796304841,-5490.30796304841
3493,train,60000,19490.30796304841,40509.69203695159
3484,train,25000,19490.30796304841,5509.69203695159
2392,train,11000,19490.30796304841,-8490.30796304841
94,train,20000,19490.30796304841,509.6920369515901
3897,train,11000,19490.30796304841,-8490.30796304841
4324,train,52000,19490.30796304841,32509.69203695159
1387,train,210000,19490.30796304841,190509.6920369516
1700,train,6000,19490.30796304841,-13490.30796304841
4473,train,8000,19490.30796304841,-11490.30796304841
4413,train,10000,19490.30796304841,-9490.30796304841
3787,train,80000,19490.30796304841,60509.69203695159
2400,train,16000,19490.30796304841,-3490.30796304841
3007,train,12000,19490.30796304841,-7490.30796304841
3641,train,11000,19490.30796304841,-8490.30796304841
3659,train,18000,19490.30796304841,-1490.3079630484099
1816,train,11000,19490.30796304841,-8490.30796304841
626,train,180000,19490.30796304841,160509.6920369516
3588,train,18000,19490.30796304841,-1490.3079630484099
548,train,8000,19490.30796304841,-11490.30796304841
4586,train,37000,19490.30796304841,17509.69203695159
1443,train,55000,19490.30796304841,35509.69203695159
2807,train,15000,19490.30796304841,-4490.30796304841
4167,train,85000,19490.30796304841,65509.69203695159
73,train,6500,19490.30796304841,-12990.30796304841
2498,train,25000,19490.30796304841,5509.69203695159
2679,train,35000,19490.30796304841,15509.69203695159
980,train,40000,19490.30796304841,20509.69203695159
1532,train,50000,19490.30796304841,30509.69203695159
2128,train,13000,19490.30796304841,-6490.30796304841
971,train,130000,19490.30796304841,110509.69203695159
4013,train,27000,19490.30796304841,7509.69203695159
195,train,6000,19490.30796304841,-13490.30796304841
260,train,25000,19490.30796304841,5509.69203695159
1224,train,60000,19490.30796304841,40509.69203695159
162,train,3500,19490.30796304841,-15990.30796304841
651,train,17500,19490.30796304841,-1990.3079630484099
3584,train,22000,19490.30796304841,2509.69203695159
3900,train,23382,19490.30796304841,3891.69203695159
3998,train,18000,19490.30796304841,-1490.3079630484099
4390,train,20000,19490.30796304841,509.6920369515901
2935,train,14000,19490.30796304841,-5490.30796304841
686,train,160000,19490.30796304841,140509.6920369516
1668,train,15000,19490.30796304841,-4490.30796304841
2666,train,8500,19490.30796304841,-10990.30796304841
3490,train,8500,19490.30796304841,-10990.30796304841
3032,train,150000,19490.30796304841,130509.69203695159
4047,train,45000,19490.30796304841,25509.69203695159
1342,train,18000,19490.30796304841,-1490.3079630484099
1348,train,140000,19490.30796304841,120509.69203695159
902,train,8000,19490.30796304841,-11490.30796304841
3314,train,22000,19490.30796304841,2509.69203695159
913,train,21000,19490.30796304841,1509.6920369515901
2574,train,45000,19490.30796304841,25509.69203695159
1293,train,33000,19490.30796304841,13509.69203695159
4228,train,16000,19490.30796304841,-3490.30796304841
153,train,20000,19490.30796304841,509.6920369515901
2974,train,9000,19490.30796304841,-10490.30796304841
4656,train,20000,19490.30796304841,509.6920369515901
586,train,38000,19490.30796304841,18509.69203695159
3492,train,11000,19490.30796304841,-8490.30796304841
1207,train,40000,19490.30796304841,20509.69203695159
1450,train,14000,19490.30796304841,-5490.30796304841
3639,train,10000,19490.30796304841,-9490.30796304841
4578,train,15000,19490.30796304841,-4490.30796304841
3344,train,8500,19490.30796304841,-10990.30796304841
3847,train,40000,19490.30796304841,20509.69203695159
4024,train,15000,19490.30796304841,-4490.30796304841
3671,train,11000,19490.30796304841,-8490.30796304841
3226,train,38000,19490.30796304841,18509.69203695159
829,train,75000,19490.30796304841,55509.69203695159
1133,train,45000,19490.30796304841,25509.69203695159
2737,train,13000,19490.30796304841,-6490.30796304841
4115,train,18000,19490.30796304841,-1490.3079630484099
3548,train,8500,19490.30796304841,-10990.30796304841
997,train,39000,19490.30796304841,19509.69203695159
276,train,5000,19490.30796304841,-14490.30796304841
601,train,70000,19490.30796304841,50509.69203695159
3203,train,80000,19490.30796304841,60509.69203695159
2360,train,6000,19490.30796304841,-13490.30796304841
3912,train,25000,19490.30796304841,5509.69203695159
2293,train,9000,19490.30796304841,-10490.30796304841
1745,train,5500,19490.30796304841,-13990.30796304841
11,train,5000,19490.30796304841,-14490.30796304841
3476,train,13000,19490.30796304841,-6490.30796304841
1420,train,75000,19490.30796304841,55509.69203695159
554,train,23000,19490.30796304841,3509.69203695159
1268,train,43000,19490.30796304841,23509.69203695159
4671,train,18000,19490.30796304841,-1490.3079630484099
1643,train,20000,19490.30796304841,509.6920369515901
4327,train,7000,19490.30796304841,-12490.30796304841
2515,train,85000,19490.30796304841,65509.69203695159
2941,train,10000,19490.30796304841,-9490.30796304841
948,train,45000,19490.30796304841,25509.69203695159
3379,train,12500,19490.30796304841,-6990.30796304841
1480,train,680000,19490.30796304841,660509.6920369515
3464,train,22000,19490.30796304841,2509.69203695159
2125,train,20000,19490.30796304841,509.6920369515901
2285,train,24000,19490.30796304841,4509.69203695159
1315,train,40000,19490.30796304841,20509.69203695159
983,train,110000,19490.30796304841,90509.69203695159
3387,train,15000,19490.30796304841,-4490.30796304841
2814,train,70000,19490.30796304841,50509.69203695159
2780,train,33000,19490.30796304841,13509.69203695159
2771,train,9000,19490.30796304841,-10490.30796304841
2017,train,15000,19490.30796304841,-4490.30796304841
2152,train,75000,19490.30796304841,55509.69203695159
3109,train,75000,19490.30796304841,55509.69203695159
3363,train,12000,19490.30796304841,-7490.30796304841
1366,train,90000,19490.30796304841,70509.69203695159
414,train,8500,19490.30796304841,-10990.30796304841
2658,train,29000,19490.30796304841,9509.69203695159
2137,train,13000,19490.30796304841,-6490.30796304841
1033,train,400000,19490.30796304841,380509.6920369516
2549,train,10000,19490.30796304841,-9490.30796304841
950,train,160000,19490.30796304841,140509.6920369516
4004,train,9000,19490.30796304841,-10490.30796304841
4113,train,9000,19490.30796304841,-10490.30796304841
1208,train,52000,19490.30796304841,32509.69203695159
1014,train,44000,19490.30796304841,24509.69203695159
4080,train,18000,19490.30796304841,-1490.3079630484099
2398,train,350000,19490.30796304841,330509.6920369516
2420,train,13000,19490.30796304841,-6490.30796304841
4231,train,10000,19490.30796304841,-9490.30796304841
113,train,12000,19490.30796304841,-7490.30796304841
2500,train,22000,19490.30796304841,2509.69203695159
2489,train,8000,19490.30796304841,-11490.30796304841
809,train,55000,19490.30796304841,35509.69203695159
1447,train,170000,19490.30796304841,150509.6920369516
835,train,40000,19490.30796304841,20509.69203695159
3232,train,7000,19490.30796304841,-12490.30796304841
3596,train,9800,19490.30796304841,-9690.30796304841
4083,train,14000,19490.30796304841,-5490.30796304841
3160,train,12000,19490.30796304841,-7490.30796304841
27,train,6000,19490.30796304841,-13490.30796304841
4109,train,6500,19490.30796304841,-12990.30796304841
3709,train,20000,19490.30796304841,509.6920369515901
1949,train,22000,19490.30796304841,2509.69203695159
4039,train,17000,19490.30796304841,-2490.30796304841
3719,train,12000,19490.30796304841,-7490.30796304841
2221,train,18000,19490.30796304841,-1490.3079630484099
1719,train,7000,19490.30796304841,-12490.30796304841
3381,train,16000,19490.30796304841,-3490.30796304841
1971,train,10000,19490.30796304841,-9490.30796304841
2306,train,8000,19490.30796304841,-11490.30796304841
2110,train,8500,19490.30796304841,-10990.30796304841
3297,train,29000,19490.30796304841,9509.69203695159
4051,train,15000,19490.30796304841,-4490.30796304841
2681,train,30000,19490.30796304841,10509.69203695159
3019,train,8000,19490.30796304841,-11490.30796304841
2189,train,28000,19490.30796304841,8509.69203695159
3767,train,6000,19490.30796304841,-13490.30796304841
294,train,10000,19490.30796304841,-9490.30796304841
115,train,14000,19490.30796304841,-5490.30796304841
4016,train,10000,19490.30796304841,-9490.30796304841
2447,train,5500,19490.30796304841,-13990.30796304841
2037,train,10000,19490.30796304841,-9490.30796304841
3930,train,20000,19490.30796304841,509.6920369515901
4362,train,13000,19490.30796304841,-6490.30796304841
3799,train,15000,19490.30796304841,-4490.30796304841
1029,train,180000,19490.30796304841,160509.6920369516
88,train,6500,19490.30796304841,-12990.30796304841
900,train,180000,19490.30796304841,160509.6920369516
1309,train,85000,19490.30796304841,65509.69203695159
4065,train,8000,19490.30796304841,-11490.30796304841
2147,train,39000,19490.30796304841,19509.69203695159
3509,train,110000,19490.30796304841,90509.69203695159
1371,train,49000,19490.30796304841,29509.69203695159
552,train,14000,19490.30796304841,-5490.30796304841
1692,train,10000,19490.30796304841,-9490.30796304841
989,train,150000,19490.30796304841,130509.69203695159
3361,train,16000,19490.30796304841,-3490.30796304841
646,train,80000,19490.30796304841,60509.69203695159
2243,train,4700,19490.30796304841,-14790.30796304841
2058,train,12000,19490.30796304841,-7490.30796304841
1591,train,8000,19490.30796304841,-11490.30796304841
3728,train,10000,19490.30796304841,-9490.30796304841
4171,train,10000,19490.30796304841,-9490.30796304841
2591,train,30000,19490.30796304841,10509.69203695159
4621,train,11500,19490.30796304841,-7990.30796304841
739,train,65000,19490.30796304841,45509.69203695159
4169,train,14000,19490.30796304841,-5490.30796304841
3806,train,5000,19490.30796304841,-14490.30796304841
1108,train,24000,19490.30796304841,4509.69203695159
2849,train,25000,19490.30796304841,5509.69203695159
4660,train,140000,19490.30796304841,120509.69203695159
726,train,150000,19490.30796304841,130509.69203695159
2070,train,8000,19490.30796304841,-11490.30796304841
2543,train,6000,19490.30796304841,-13490.30796304841
4238,train,8500,19490.30796304841,-10990.30796304841
4249,train,12000,19490.30796304841,-7490.30796304841
3469,train,9000,19490.30796304841,-10490.30796304841
2851,train,14000,19490.30796304841,-5490.30796304841
2151,train,17500,19490.30796304841,-1990.3079630484099
2395,train,11000,19490.30796304841,-8490.30796304841
2547,train,45000,19490.30796304841,25509.69203695159
1640,train,15000,19490.30796304841,-4490.30796304841
3770,train,16000,19490.30796304841,-3490.30796304841
4212,train,12500,19490.30796304841,-6990.30796304841
3935,train,18000,19490.30796304841,-1490.3079630484099
400,train,6000,19490.30796304841,-13490.30796304841
59,train,8500,19490.30796304841,-10990.30796304841
563,train,40000,19490.30796304841,20509.69203695159
3890,train,10500,19490.30796304841,-8990.30796304841
775,train,36000,19490.30796304841,16509.69203695159
1737,train,6000,19490.30796304841,-13490.30796304841
4359,train,95000,19490.30796304841,75509.69203695159
1454,train,55000,19490.30796304841,35509.69203695159
2785,train,23000,19490.30796304841,3509.69203695159
2980,train,90000,19490.30796304841,70509.69203695159
1652,train,15000,19490.30796304841,-4490.30796304841
4576,train,15000,19490.30796304841,-4490.30796304841
2779,train,20000,19490.30796304841,509.6920369515901
3425,train,14000,19490.30796304841,-5490.30796304841
4674,train,19000,19490.30796304841,-490.3079630484099
2898,train,11000,19490.30796304841,-8490.30796304841
2604,train,21000,19490.30796304841,1509.6920369515901
523,train,25000,19490.30796304841,5509.69203695159
3409,train,20000,19490.30796304841,509.6920369515901
2141,train,15000,19490.30796304841,-4490.30796304841
4720,train,13000,19490.30796304841,-6490.30796304841
1086,train,200000,19490.30796304841,180509.6920369516
286,train,12000,19490.30796304841,-7490.30796304841
1992,train,8500,19490.30796304841,-10990.30796304841
1841,train,12000,19490.30796304841,-7490.30796304841
2282,train,6500,19490.30796304841,-12990.30796304841
1416,train,75000,19490.30796304841,55509.69203695159
1452,train,7000,19490.30796304841,-12490.30796304841
4055,train,25000,19490.30796304841,5509.69203695159
2766,train,10000,19490.30796304841,-9490.30796304841
967,train,32000,19490.30796304841,12509.69203695159
4135,train,14000,19490.30796304841,-5490.30796304841
2975,train,9000,19490.30796304841,-10490.30796304841
2683,train,13000,19490.30796304841,-6490.30796304841
3347,train,7000,19490.30796304841,-12490.30796304841
650,train,250000,19490.30796304841,230509.6920369516
1650,train,6000,19490.30796304841,-13490.30796304841
4727,train,15000,19490.30796304841,-4490.30796304841
3669,train,13500,19490.30796304841,-5990.30796304841
5,train,7000,19490.30796304841,-12490.30796304841
2294,train,7500,19490.30796304841,-11990.30796304841
4438,train,7000,19490.30796304841,-12490.30796304841
58,train,7000,19490.30796304841,-12490.30796304841
2649,train,7000,19490.30796304841,-12490.30796304841
754,train,29999,19490.30796304841,10508.69203695159
3522,train,15000,19490.30796304841,-4490.30796304841
4310,train,9000,19490.30796304841,-10490.30796304841
2101,train,18000,19490.30796304841,-1490.3079630484099
3321,train,20000,19490.30796304841,509.6920369515901
1406,train,45000,19490.30796304841,25509.69203695159
2511,train,45000,19490.30796304841,25509.69203695159
26,train,5300,19490.30796304841,-14190.30796304841
4043,train,12000,19490.30796304841,-7490.30796304841
4026,train,20000,19490.30796304841,509.6920369515901
1843,train,15000,19490.30796304841,-4490.30796304841
315,train,8000,19490.30796304841,-11490.30796304841
3489,train,15000,19490.30796304841,-4490.30796304841
660,train,47000,19490.30796304841,27509.69203695159
2593,train,19500,19490.30796304841,9.692036951590126
325,train,14000,19490.30796304841,-5490.30796304841
4481,train,15000,19490.30796304841,-4490.30796304841
1394,train,12000,19490.30796304841,-7490.30796304841
1233,train,55000,19490.30796304841,35509.69203695159
4651,train,22000,19490.30796304841,2509.69203695159
2710,train,16500,19490.30796304841,-2990.30796304841
1189,train,12500,19490.30796304841,-6990.30796304841
678,train,32000,19490.30796304841,12509.69203695159
536,train,49000,19490.30796304841,29509.69203695159
2829,train,20000,19490.30796304841,509.6920369515901
2914,train,150000,19490.30796304841,130509.69203695159
2336,train,120000,19490.30796304841,100509.69203695159
1002,train,190000,19490.30796304841,170509.6920369516
2578,train,12000,19490.30796304841,-7490.30796304841
2854,train,10000,19490.30796304841,-9490.30796304841
4573,train,6500,19490.30796304841,-12990.30796304841
4244,train,6000,19490.30796304841,-13490.30796304841
2067,train,30000,19490.30796304841,10509.69203695159
2225,train,110000,19490.30796304841,90509.69203695159
49,train,15000,19490.30796304841,-4490.30796304841
2540,train,15000,19490.30796304841,-4490.30796304841
3994,train,9000,19490.30796304841,-10490.30796304841
3510,train,8500,19490.30796304841,-10990.30796304841
2983,train,15000,19490.30796304841,-4490.30796304841
1421,train,350000,19490.30796304841,330509.6920369516
4399,train,55000,19490.30796304841,35509.69203695159
460,train,12500,19490.30796304841,-6990.30796304841
2759,train,15000,19490.30796304841,-4490.30796304841
3120,train,8500,19490.30796304841,-10990.30796304841
2481,train,150000,19490.30796304841,130509.69203695159
3915,train,6500,19490.30796304841,-12990.30796304841
2199,train,19500,19490.30796304841,9.692036951590126
4112,train,12000,19490.30796304841,-7490.30796304841
3042,train,30000,19490.30796304841,10509.69203695159
3327,train,13000,19490.30796304841,-6490.30796304841
3292,train,14000,19490.30796304841,-5490.30796304841
3182,train,20000,19490.30796304841,509.6920369515901
1869,train,15000,19490.30796304841,-4490.30796304841
3368,train,10000,19490.30796304841,-9490.30796304841
2469,train,45000,19490.30796304841,25509.69203695159
119,train,14000,19490.30796304841,-5490.30796304841
3730,train,19397,19490.30796304841,-93.30796304840987
367,train,21000,19490.30796304841,1509.6920369515901
1986,train,17000,19490.30796304841,-2490.30796304841
1912,train,9300,19490.30796304841,-10190.30796304841
3651,train,8000,19490.30796304841,-11490.30796304841
2099,train,8000,19490.30796304841,-11490.30796304841
116,train,5000,19490.30796304841,-14490.30796304841
3958,train,50000,19490.30796304841,30509.69203695159
3111,train,6500,19490.30796304841,-12990.30796304841
3521,train,30000,19490.30796304841,10509.69203695159
3865,train,10677,19490.30796304841,-8813.30796304841
4626,train,45000,19490.30796304841,25509.69203695159
649,train,18000,19490.30796304841,-1490.3079630484099
1519,train,54000,19490.30796304841,34509.69203695159
3697,train,12000,19490.30796304841,-7490.30796304841
1081,train,300000,19490.30796304841,280509.6920369516
2211,train,12000,19490.30796304841,-7490.30796304841
3372,train,16500,19490.30796304841,-2990.30796304841
1391,train,27000,19490.30796304841,7509.69203695159
1811,train,23000,19490.30796304841,3509.69203695159
2063,train,12500,19490.30796304841,-6990.30796304841
3467,train,10000,19490.30796304841,-9490.30796304841
4198,train,15000,19490.30796304841,-4490.30796304841
2156,train,12000,19490.30796304841,-7490.30796304841
3570,train,15000,19490.30796304841,-4490.30796304841
1654,train,10000,19490.30796304841,-9490.30796304841
4056,train,36000,19490.30796304841,16509.69203695159
615,train,60000,19490.30796304841,40509.69203695159
4314,train,19500,19490.30796304841,9.692036951590126
4687,train,30000,19490.30796304841,10509.69203695159
3946,train,12500,19490.30796304841,-6990.30796304841
3043,train,10000,19490.30796304841,-9490.30796304841
509,train,6000,19490.30796304841,-13490.30796304841
4424,train,35000,19490.30796304841,15509.69203695159
3173,train,10000,19490.30796304841,-9490.30796304841
1357,train,75000,19490.30796304841,55509.69203695159
947,train,40000,19490.30796304841,20509.69203695159
912,train,100000,19490.30796304841,80509.69203695159
532,train,130000,19490.30796304841,110509.69203695159
3342,train,18999,19490.30796304841,-491.3079630484099
3055,train,6000,19490.30796304841,-13490.30796304841
1688,train,22000,19490.30796304841,2509.69203695159
3034,train,15000,19490.30796304841,-4490.30796304841
2947,train,12000,19490.30796304841,-7490.30796304841
447,train,12000,19490.30796304841,-7490.30796304841
3542,train,17000,19490.30796304841,-2490.30796304841
3918,train,12500,19490.30796304841,-6990.30796304841
2611,train,20500,19490.30796304841,1009.6920369515901
624,train,150000,19490.30796304841,130509.69203695159
87,train,22000,19490.30796304841,2509.69203695159
1612,train,13500,19490.30796304841,-5990.30796304841
1906,train,160000,19490.30796304841,140509.6920369516
3700,train,160000,19490.30796304841,140509.6920369516
2691,train,14500,19490.30796304841,-4990.30796304841
2424,train,27000,19490.30796304841,7509.69203695159
789,train,180000,19490.30796304841,160509.6920369516
2932,train,10000,19490.30796304841,-9490.30796304841
1536,train,15000,19490.30796304841,-4490.30796304841
4152,train,120000,19490.30796304841,100509.69203695159
1050,train,30000,19490.30796304841,10509.69203695159
4698,train,25000,19490.30796304841,5509.69203695159
4464,train,6500,19490.30796304841,-12990.30796304841
2337,train,7000,19490.30796304841,-12490.30796304841
864,train,18000,19490.30796304841,-1490.3079630484099
2000,train,32000,19490.30796304841,12509.69203695159
2784,train,10000,19490.30796304841,-9490.30796304841
4162,train,7000,19490.30796304841,-12490.30796304841
382,train,6500,19490.30796304841,-12990.30796304841
2086,train,17500,19490.30796304841,-1990.3079630484099
1712,train,14000,19490.30796304841,-5490.30796304841
68,train,6500,19490.30796304841,-12990.30796304841
1863,train,20000,19490.30796304841,509.6920369515901
2159,train,12000,19490.30796304841,-7490.30796304841
1601,train,55000,19490.30796304841,35509.69203695159
4040,train,9000,19490.30796304841,-10490.30796304841
926,train,77500,19490.30796304841,58009.69203695159
4272,train,45000,19490.30796304841,25509.69203695159
602,train,150000,19490.30796304841,130509.69203695159
77,train,5000,19490.30796304841,-14490.30796304841
2315,train,7000,19490.30796304841,-12490.30796304841
478,train,18000,19490.30796304841,-1490.3079630484099
3266,train,35000,19490.30796304841,15509.69203695159
2188,train,12500,19490.30796304841,-6990.30796304841
4708,train,20000,19490.30796304841,509.6920369515901
4711,train,17000,19490.30796304841,-2490.30796304841
1785,train,9000,19490.30796304841,-10490.30796304841
371,train,7000,19490.30796304841,-12490.30796304841
1392,train,26000,19490.30796304841,6509.69203695159
1316,train,650000,19490.30796304841,630509.6920369515
3242,train,15000,19490.30796304841,-4490.30796304841
1695,train,56000,19490.30796304841,36509.69203695159
2399,train,16000,19490.30796304841,-3490.30796304841
895,train,45000,19490.30796304841,25509.69203695159
1827,train,10000,19490.30796304841,-9490.30796304841
4015,train,13000,19490.30796304841,-6490.30796304841
1749,train,15000,19490.30796304841,-4490.30796304841
2309,train,12500,19490.30796304841,-6990.30796304841
1799,train,6500,19490.30796304841,-12990.30796304841
3239,train,10000,19490.30796304841,-9490.30796304841
2123,train,25000,19490.30796304841,5509.69203695159
1217,train,58000,19490.30796304841,38509.69203695159
283,train,10000,19490.30796304841,-9490.30796304841
133,train,4700,19490.30796304841,-14790.30796304841
1855,train,8000,19490.30796304841,-11490.30796304841
3959,train,40000,19490.30796304841,20509.69203695159
908,train,32000,19490.30796304841,12509.69203695159
2826,train,20000,19490.30796304841,509.6920369515901
731,train,40000,19490.30796304841,20509.69203695159
3224,train,12000,19490.30796304841,-7490.30796304841
3606,train,12000,19490.30796304841,-7490.30796304841
1969,train,18000,19490.30796304841,-1490.3079630484099
3434,train,20000,19490.30796304841,509.6920369515901
3450,train,5000,19490.30796304841,-14490.30796304841
4665,train,14000,19490.30796304841,-5490.30796304841
2036,train,12000,19490.30796304841,-7490.30796304841
4350,train,26000,19490.30796304841,6509.69203695159
4068,train,8000,19490.30796304841,-11490.30796304841
888,train,35000,19490.30796304841,15509.69203695159
1283,train,21000,19490.30796304841,1509.6920369515901
4636,train,12000,19490.30796304841,-7490.30796304841
15,train,40000,19490.30796304841,20509.69203695159
1000,train,25000,19490.30796304841,5509.69203695159
3205,train,23000,19490.30796304841,3509.69203695159
4099,train,5400,19490.30796304841,-14090.30796304841
403,train,5000,19490.30796304841,-14490.30796304841
847,train,300000,19490.30796304841,280509.6920369516
2445,train,23000,19490.30796304841,3509.69203695159
1669,train,11500,19490.30796304841,-7990.30796304841
4445,train,6000,19490.30796304841,-13490.30796304841
350,train,5500,19490.30796304841,-13990.30796304841
278,train,6500,19490.30796304841,-12990.30796304841
375,train,9900,19490.30796304841,-9590.30796304841
3620,train,45000,19490.30796304841,25509.69203695159
358,train,12000,19490.30796304841,-7490.30796304841
644,train,55000,19490.30796304841,35509.69203695159
617,train,84500,19490.30796304841,65009.69203695159
1655,train,21000,19490.30796304841,1509.6920369515901
2961,train,40000,19490.30796304841,20509.69203695159
3090,train,15000,19490.30796304841,-4490.30796304841
2317,train,11000,19490.30796304841,-8490.30796304841
3508,train,6800,19490.30796304841,-12690.30796304841
879,train,28000,19490.30796304841,8509.69203695159
2942,train,35000,19490.30796304841,15509.69203695159
3216,train,7000,19490.30796304841,-12490.30796304841
2731,train,18000,19490.30796304841,-1490.3079630484099
4227,train,12000,19490.30796304841,-7490.30796304841
3275,train,23000,19490.30796304841,3509.69203695159
4440,train,9000,19490.30796304841,-10490.30796304841
3670,train,26000,19490.30796304841,6509.69203695159
2577,train,25000,19490.30796304841,5509.69203695159
2038,train,25000,19490.30796304841,5509.69203695159
4447,train,21000,19490.30796304841,1509.6920369515901
407,train,35000,19490.30796304841,15509.69203695159
3996,train,8000,19490.30796304841,-11490.30796304841
1730,train,29000,19490.30796304841,9509.69203695159
387,train,6000,19490.30796304841,-13490.30796304841
1781,train,20000,19490.30796304841,509.6920369515901
3702,train,6000,19490.30796304841,-13490.30796304841
4683,train,8000,19490.30796304841,-11490.30796304841
2510,train,11500,19490.30796304841,-7990.30796304841
1764,train,4500,19490.30796304841,-14990.30796304841
4419,train,6000,19490.30796304841,-13490.30796304841
474,train,7000,19490.30796304841,-12490.30796304841
3339,train,12000,19490.30796304841,-7490.30796304841
2235,train,12000,19490.30796304841,-7490.30796304841
1042,train,14000,19490.30796304841,-5490.30796304841
3828,train,70000,19490.30796304841,50509.69203695159
3093,train,15000,19490.30796304841,-4490.30796304841
738,train,55100,19490.30796304841,35609.69203695159
2412,train,20000,19490.30796304841,509.6920369515901
3810,train,28000,19490.30796304841,8509.69203695159
273,train,15000,19490.30796304841,-4490.30796304841
4693,train,12000,19490.30796304841,-7490.30796304841
4384,train,13000,19490.30796304841,-6490.30796304841
1458,train,27000,19490.30796304841,7509.69203695159
943,train,15000,19490.30796304841,-4490.30796304841
3194,train,16000,19490.30796304841,-3490.30796304841
1664,train,20000,19490.30796304841,509.6920369515901
134,train,14000,19490.30796304841,-5490.30796304841
3236,train,7000,19490.30796304841,-12490.30796304841
1171,train,54000,19490.30796304841,34509.69203695159
1818,train,10000,19490.30796304841,-9490.30796304841
413,train,6800,19490.30796304841,-12690.30796304841
1273,train,65000,19490.30796304841,45509.69203695159
2266,train,15000,19490.30796304841,-4490.30796304841
511,train,5000,19490.30796304841,-14490.30796304841
2966,train,18000,19490.30796304841,-1490.3079630484099
3171,train,11500,19490.30796304841,-7990.30796304841
569,train,65000,19490.30796304841,45509.69203695159
524,train,70000,19490.30796304841,50509.69203695159
3646,train,12000,19490.30796304841,-7490.30796304841
1966,train,10000,19490.30796304841,-9490.30796304841
4205,train,7500,19490.30796304841,-11990.30796304841
2981,train,200000,19490.30796304841,180509.6920369516
825,train,55000,19490.30796304841,35509.69203695159
2595,train,25000,19490.30796304841,5509.69203695159
3992,train,9500,19490.30796304841,-9990.30796304841
2638,train,45000,19490.30796304841,25509.69203695159
3276,train,11000,19490.30796304841,-8490.30796304841
394,train,8500,19490.30796304841,-10990.30796304841
81,train,8200,19490.30796304841,-11290.30796304841
3975,train,10000,19490.30796304841,-9490.30796304841
3049,train,15000,19490.30796304841,-4490.30796304841
1615,train,12000,19490.30796304841,-7490.30796304841
72,train,16000,19490.30796304841,-3490.30796304841
2716,train,8000,19490.30796304841,-11490.30796304841
3047,train,30000,19490.30796304841,10509.69203695159
2087,train,6500,19490.30796304841,-12990.30796304841
2971,train,12000,19490.30796304841,-7490.30796304841
3170,train,25000,19490.30796304841,5509.69203695159
3878,train,13000,19490.30796304841,-6490.30796304841
1089,train,6000,19490.30796304841,-13490.30796304841
29,train,12500,19490.30796304841,-6990.30796304841
3114,train,15000,19490.30796304841,-4490.30796304841
3300,train,8200,19490.30796304841,-11290.30796304841
339,train,7500,19490.30796304841,-11990.30796304841
3421,train,6000,19490.30796304841,-13490.30796304841
1125,train,14000,19490.30796304841,-5490.30796304841
2072,train,8000,19490.30796304841,-11490.30796304841
3616,train,17500,19490.30796304841,-1990.3079630484099
1748,train,8500,19490.30796304841,-10990.30796304841
550,train,20000,19490.30796304841,509.6920369515901
3287,train,7000,19490.30796304841,-12490.30796304841
2205,train,280000,19490.30796304841,260509.6920369516
785,train,85000,19490.30796304841,65509.69203695159
2124,train,14000,19490.30796304841,-5490.30796304841
84,train,6700,19490.30796304841,-12790.30796304841
2504,train,15000,19490.30796304841,-4490.30796304841
1633,train,20000,19490.30796304841,509.6920369515901
3073,train,75000,19490.30796304841,55509.69203695159
2743,train,530000,19490.30796304841,510509.6920369516
2761,train,50000,19490.30796304841,30509.69203695159
2181,train,9500,19490.30796304841,-9990.30796304841
2973,train,31000,19490.30796304841,11509.69203695159
2455,train,5000,19490.30796304841,-14490.30796304841
1163,train,40000,19490.30796304841,20509.69203695159
2289,train,4000,19490.30796304841,-15490.30796304841
4253,train,11000,19490.30796304841,-8490.30796304841
3515,train,17000,19490.30796304841,-2490.30796304841
4114,train,60000,19490.30796304841,40509.69203695159
1540,train,12000,19490.30796304841,-7490.30796304841
3513,train,10000,19490.30796304841,-9490.30796304841
4692,train,7500,19490.30796304841,-11990.30796304841
1470,train,80000,19490.30796304841,60509.69203695159
2068,train,25000,19490.30796304841,5509.69203695159
3432,train,10500,19490.30796304841,-8990.30796304841
679,train,150000,19490.30796304841,130509.69203695159
2633,train,22000,19490.30796304841,2509.69203695159
2915,train,13000,19490.30796304841,-6490.30796304841
543,train,21000,19490.30796304841,1509.6920369515901
1793,train,30000,19490.30796304841,10509.69203695159
2402,train,8000,19490.30796304841,-11490.30796304841
940,train,36000,19490.30796304841,16509.69203695159
352,train,7000,19490.30796304841,-12490.30796304841
1023,train,45000,19490.30796304841,25509.69203695159
786,train,75000,19490.30796304841,55509.69203695159
1964,train,6500,19490.30796304841,-12990.30796304841
3051,train,20000,19490.30796304841,509.6920369515901
2647,train,5500,19490.30796304841,-13990.30796304841
3520,train,8000,19490.30796304841,-11490.30796304841
2866,train,8000,19490.30796304841,-11490.30796304841
4136,train,25000,19490.30796304841,5509.69203695159
1031,train,20000,19490.30796304841,509.6920369515901
2472,train,9000,19490.30796304841,-10490.30796304841
284,train,1500,19490.30796304841,-17990.30796304841
3721,train,16000,19490.30796304841,-3490.30796304841
4554,train,7500,19490.30796304841,-11990.30796304841
1667,train,14500,19490.30796304841,-4990.30796304841
2627,train,25000,19490.30796304841,5509.69203695159
2880,train,7000,19490.30796304841,-12490.30796304841
2076,train,6000,19490.30796304841,-13490.30796304841
4052,train,5500,19490.30796304841,-13990.30796304841
4048,train,20000,19490.30796304841,509.6920369515901
3656,train,16000,19490.30796304841,-3490.30796304841
2260,train,100000,19490.30796304841,80509.69203695159
1945,train,30000,19490.30796304841,10509.69203695159
1486,train,45000,19490.30796304841,25509.69203695159
308,train,13000,19490.30796304841,-6490.30796304841
1150,train,65000,19490.30796304841,45509.69203695159
762,train,53500,19490.30796304841,34009.69203695159
1638,train,30000,19490.30796304841,10509.69203695159
599,train,120000,19490.30796304841,100509.69203695159
3005,train,20000,19490.30796304841,509.6920369515901
253,train,12000,19490.30796304841,-7490.30796304841
143,train,8000,19490.30796304841,-11490.30796304841
1738,train,16000,19490.30796304841,-3490.30796304841
2341,train,11000,19490.30796304841,-8490.30796304841
4219,train,9000,19490.30796304841,-10490.30796304841
4486,train,12000,19490.30796304841,-7490.30796304841
3129,train,8500,19490.30796304841,-10990.30796304841
3388,train,7500,19490.30796304841,-11990.30796304841
1122,train,40000,19490.30796304841,20509.69203695159
4370,train,30000,19490.30796304841,10509.69203695159
51,train,7500,19490.30796304841,-11990.30796304841
1770,train,10000,19490.30796304841,-9490.30796304841
3554,train,16000,19490.30796304841,-3490.30796304841
2564,train,14500,19490.30796304841,-4990.30796304841
3253,train,12000,19490.30796304841,-7490.30796304841
2319,train,60000,19490.30796304841,40509.69203695159
2254,train,17600,19490.30796304841,-1890.3079630484099
2910,train,13000,19490.30796304841,-6490.30796304841
2929,train,42000,19490.30796304841,22509.69203695159
4378,train,12000,19490.30796304841,-7490.30796304841
4351,train,8000,19490.30796304841,-11490.30796304841
845,train,28000,19490.30796304841,8509.69203695159
4130,train,12000,19490.30796304841,-7490.30796304841
3691,train,5000,19490.30796304841,-14490.30796304841
674,train,32000,19490.30796304841,12509.69203695159
1959,train,10000,19490.30796304841,-9490.30796304841
2752,train,7000,19490.30796304841,-12490.30796304841
1623,train,6500,19490.30796304841,-12990.30796304841
3964,train,16000,19490.30796304841,-3490.30796304841
4701,train,12500,19490.30796304841,-6990.30796304841
1629,train,15000,19490.30796304841,-4490.30796304841
3085,train,16000,19490.30796304841,-3490.30796304841
2354,train,17000,19490.30796304841,-2490.30796304841
4159,train,17500,19490.30796304841,-1990.3079630484099
1621,train,18000,19490.30796304841,-1490.3079630484099
4614,train,9500,19490.30796304841,-9990.30796304841
1776,train,12000,19490.30796304841,-7490.30796304841
436,train,7000,19490.30796304841,-12490.30796304841
3384,train,16000,19490.30796304841,-3490.30796304841
732,train,180000,19490.30796304841,160509.6920369516
415,train,5000,19490.30796304841,-14490.30796304841
3271,train,13000,19490.30796304841,-6490.30796304841
993,train,200000,19490.30796304841,180509.6920369516
2419,train,16000,19490.30796304841,-3490.30796304841
529,train,160000,19490.30796304841,140509.6920369516
1594,train,4500,19490.30796304841,-14990.30796304841
52,train,5000,19490.30796304841,-14490.30796304841
354,train,10000,19490.30796304841,-9490.30796304841
1218,train,130000,19490.30796304841,110509.69203695159
3877,train,7000,19490.30796304841,-12490.30796304841
4282,train,7000,19490.30796304841,-12490.30796304841
4648,train,15000,19490.30796304841,-4490.30796304841
2894,train,23000,19490.30796304841,3509.69203695159
454,train,8500,19490.30796304841,-10990.30796304841
2789,train,30000,19490.30796304841,10509.69203695159
995,train,48000,19490.30796304841,28509.69203695159
2764,train,15000,19490.30796304841,-4490.30796304841
152,train,5000,19490.30796304841,-14490.30796304841
813,train,45000,19490.30796304841,25509.69203695159
82,train,15000,19490.30796304841,-4490.30796304841
1662,train,8000,19490.30796304841,-11490.30796304841
2333,train,9000,19490.30796304841,-10490.30796304841
723,train,80000,19490.30796304841,60509.69203695159
3863,train,15000,19490.30796304841,-4490.30796304841
2832,train,8000,19490.30796304841,-11490.30796304841
695,train,17000,19490.30796304841,-2490.30796304841
2844,train,28000,19490.30796304841,8509.69203695159
3760,train,8000,19490.30796304841,-11490.30796304841
4375,train,25000,19490.30796304841,5509.69203695159
2608,train,32000,19490.30796304841,12509.69203695159
2684,train,11000,19490.30796304841,-8490.30796304841
1007,train,39000,19490.30796304841,19509.69203695159
4354,train,10000,19490.30796304841,-9490.30796304841
1082,train,80000,19490.30796304841,60509.69203695159
2518,train,32000,19490.30796304841,12509.69203695159
1717,train,5500,19490.30796304841,-13990.30796304841
4639,train,80000,19490.30796304841,60509.69203695159
3910,train,5500,19490.30796304841,-13990.30796304841
4328,train,16500,19490.30796304841,-2990.30796304841
3804,train,35000,19490.30796304841,15509.69203695159
1430,train,58000,19490.30796304841,38509.69203695159
3505,train,6500,19490.30796304841,-12990.30796304841
3364,train,12000,19490.30796304841,-7490.30796304841
2209,train,180000,19490.30796304841,160509.6920369516
4411,train,8000,19490.30796304841,-11490.30796304841
2231,train,11000,19490.30796304841,-8490.30796304841
2765,train,30000,19490.30796304841,10509.69203695159
2479,train,25000,19490.30796304841,5509.69203695159
1404,train,50000,19490.30796304841,30509.69203695159
246,train,10000,19490.30796304841,-9490.30796304841
2711,train,100000,19490.30796304841,80509.69203695159
3541,train,10000,19490.30796304841,-9490.30796304841
1916,train,14000,19490.30796304841,-5490.30796304841
2562,train,10000,19490.30796304841,-9490.30796304841
2831,train,40000,19490.30796304841,20509.69203695159
513,train,10000,19490.30796304841,-9490.30796304841
397,train,6000,19490.30796304841,-13490.30796304841
581,train,28000,19490.30796304841,8509.69203695159
3311,train,280000,19490.30796304841,260509.6920369516
2130,train,24000,19490.30796304841,4509.69203695159
3156,train,18000,19490.30796304841,-1490.3079630484099
3837,train,12000,19490.30796304841,-7490.30796304841
984,train,150000,19490.30796304841,130509.69203695159
4193,train,30000,19490.30796304841,10509.69203695159
3598,train,15000,19490.30796304841,-4490.30796304841
3665,train,15000,19490.30796304841,-4490.30796304841
244,train,15000,19490.30796304841,-4490.30796304841
327,train,7000,19490.30796304841,-12490.30796304841
1569,train,12000,19490.30796304841,-7490.30796304841
4388,train,10000,19490.30796304841,-9490.30796304841
3310,train,14500,19490.30796304841,-4990.30796304841
161,train,10000,19490.30796304841,-9490.30796304841
2198,train,7500,19490.30796304841,-11990.30796304841
3913,train,23000,19490.30796304841,3509.69203695159
1180,train,25000,19490.30796304841,5509.69203695159
4111,train,12000,19490.30796304841,-7490.30796304841
1350,train,21000,19490.30796304841,1509.6920369515901
4575,train,17500,19490.30796304841,-1990.3079630484099
1794,train,120000,19490.30796304841,100509.69203695159
2859,train,40000,19490.30796304841,20509.69203695159
3161,train,16000,19490.30796304841,-3490.30796304841
368,train,5000,19490.30796304841,-14490.30796304841
4524,train,7500,19490.30796304841,-11990.30796304841
3686,train,25000,19490.30796304841,5509.69203695159
1697,train,25000,19490.30796304841,5509.69203695159
3358,train,4200,19490.30796304841,-15290.30796304841
4147,train,20000,19490.30796304841,509.6920369515901
3579,train,18000,19490.30796304841,-1490.3079630484099
3472,train,7000,19490.30796304841,-12490.30796304841
4145,train,10500,19490.30796304841,-8990.30796304841
4103,train,14000,19490.30796304841,-5490.30796304841
18,train,11000,19490.30796304841,-8490.30796304841
2256,train,8000,19490.30796304841,-11490.30796304841
2561,train,15000,19490.30796304841,-4490.30796304841
498,train,10500,19490.30796304841,-8990.30796304841
199,train,24000,19490.30796304841,4509.69203695159
1339,train,46700,19490.30796304841,27209.69203695159
657,train,160000,19490.30796304841,140509.6920369516
3893,train,14000,19490.30796304841,-5490.30796304841
2907,train,40000,19490.30796304841,20509.69203695159
139,train,15000,19490.30796304841,-4490.30796304841
3739,train,13500,19490.30796304841,-5990.30796304841
518,train,5000,19490.30796304841,-14490.30796304841
1057,train,45000,19490.30796304841,25509.69203695159
4216,train,45000,19490.30796304841,25509.69203695159
3797,train,25000,19490.30796304841,5509.69203695159
3648,train,11000,19490.30796304841,-8490.30796304841
958,train,50000,19490.30796304841,30509.69203695159
1620,train,11000,19490.30796304841,-8490.30796304841
430,train,5000,19490.30796304841,-14490.30796304841
734,train,140000,19490.30796304841,120509.69203695159
1865,train,20000,19490.30796304841,509.6920369515901
2664,train,30000,19490.30796304841,10509.69203695159
3833,train,12000,19490.30796304841,-7490.30796304841
440,train,8000,19490.30796304841,-11490.30796304841
4387,train,9000,19490.30796304841,-10490.30796304841
2720,train,9000,19490.30796304841,-10490.30796304841
2707,train,70000,19490.30796304841,50509.69203695159
4174,train,25000,19490.30796304841,5509.69203695159
4363,train,12000,19490.30796304841,-7490.30796304841
974,train,98000,19490.30796304841,78509.69203695159
3488,train,17000,19490.30796304841,-2490.30796304841
3461,train,25000,19490.30796304841,5509.69203695159
3264,train,14000,19490.30796304841,-5490.30796304841
918,train,75000,19490.30796304841,55509.69203695159
3812,train,14000,19490.30796304841,-5490.30796304841
2956,train,52000,19490.30796304841,32509.69203695159
2551,train,8000,19490.30796304841,-11490.30796304841
1541,train,7000,19490.30796304841,-12490.30796304841
3048,train,13000,19490.30796304841,-6490.30796304841
4676,train,10000,19490.30796304841,-9490.30796304841
1191,train,55000,19490.30796304841,35509.69203695159
402,train,9000,19490.30796304841,-10490.30796304841
4645,train,5000,19490.30796304841,-14490.30796304841
1646,train,8000,19490.30796304841,-11490.30796304841
4525,train,25000,19490.30796304841,5509.69203695159
3605,train,17000,19490.30796304841,-2490.30796304841
2485,train,17000,19490.30796304841,-2490.30796304841
4049,train,16000,19490.30796304841,-3490.30796304841
3366,train,15723,19490.30796304841,-3767.30796304841
1514,train,17000,19490.30796304841,-2490.30796304841
1626,train,13000,19490.30796304841,-6490.30796304841
2252,train,4750,19490.30796304841,-14740.30796304841
357,train,7000,19490.30796304841,-12490.30796304841
4069,train,15000,19490.30796304841,-4490.30796304841
2572,train,200000,19490.30796304841,180509.6920369516
4661,train,65000,19490.30796304841,45509.69203695159
2976,train,27000,19490.30796304841,7509.69203695159
2136,train,8500,19490.30796304841,-10990.30796304841
177,train,4000,19490.30796304841,-15490.30796304841
1325,train,26000,19490.30796304841,6509.69203695159
1008,train,190000,19490.30796304841,170509.6920369516
2778,train,25000,19490.30796304841,5509.69203695159
4547,train,7500,19490.30796304841,-11990.30796304841
3369,train,3000,19490.30796304841,-16490.30796304841
166,train,8000,19490.30796304841,-11490.30796304841
2030,train,15000,19490.30796304841,-4490.30796304841
3459,train,15000,19490.30796304841,-4490.30796304841
2034,train,22000,19490.30796304841,2509.69203695159
101,train,35000,19490.30796304841,15509.69203695159
882,train,75000,19490.30796304841,55509.69203695159
2573,train,20000,19490.30796304841,509.6920369515901
2265,train,7500,19490.30796304841,-11990.30796304841
1239,train,100000,19490.30796304841,80509.69203695159
3816,train,18000,19490.30796304841,-1490.3079630484099
4276,train,19000,19490.30796304841,-490.3079630484099
4637,train,14500,19490.30796304841,-4990.30796304841
1009,train,84000,19490.30796304841,64509.69203695159
3867,train,32500,19490.30796304841,13009.69203695159
3267,train,8000,19490.30796304841,-11490.30796304841
870,train,20000,19490.30796304841,509.6920369515901
90,train,18000,19490.30796304841,-1490.3079630484099
2311,train,26000,19490.30796304841,6509.69203695159
2049,train,4300,19490.30796304841,-15190.30796304841
3906,train,11000,19490.30796304841,-8490.30796304841
2796,train,10000,19490.30796304841,-9490.30796304841
34,train,22000,19490.30796304841,2509.69203695159
793,train,19000,19490.30796304841,-490.3079630484099
780,train,61000,19490.30796304841,41509.69203695159
3675,train,24000,19490.30796304841,4509.69203695159
2075,train,140000,19490.30796304841,120509.69203695159
1121,train,57000,19490.30796304841,37509.69203695159
972,train,25000,19490.30796304841,5509.69203695159
3880,train,9500,19490.30796304841,-9990.30796304841
1844,train,35000,19490.30796304841,15509.69203695159
2288,train,8500,19490.30796304841,-10990.30796304841
3664,train,8500,19490.30796304841,-10990.30796304841
2598,train,12000,19490.30796304841,-7490.30796304841
1405,train,29000,19490.30796304841,9509.69203695159
4405,train,15000,19490.30796304841,-4490.30796304841
2162,train,9000,19490.30796304841,-10490.30796304841
1041,train,75000,19490.30796304841,55509.69203695159
3980,train,300000,19490.30796304841,280509.6920369516
2884,train,9000,19490.30796304841,-10490.30796304841
314,train,7000,19490.30796304841,-12490.30796304841
1164,train,45000,19490.30796304841,25509.69203695159
1990,train,16000,19490.30796304841,-3490.30796304841
4602,train,13000,19490.30796304841,-6490.30796304841
1831,train,9000,19490.30796304841,-10490.30796304841
54,train,11000,19490.30796304841,-8490.30796304841
1272,train,330000,19490.30796304841,310509.6920369516
2196,train,16000,19490.30796304841,-3490.30796304841
2742,train,40000,19490.30796304841,20509.69203695159
1788,train,7000,19490.30796304841,-12490.30796304841
3235,train,6500,19490.30796304841,-12990.30796304841
2476,train,35000,19490.30796304841,15509.69203695159
3157,train,9500,19490.30796304841,-9990.30796304841
2566,train,24000,19490.30796304841,4509.69203695159
3279,train,100000,19490.30796304841,80509.69203695159
3731,train,12000,19490.30796304841,-7490.30796304841
3986,train,10000,19490.30796304841,-9490.30796304841
1696,train,43000,19490.30796304841,23509.69203695159
1464,train,25000,19490.30796304841,5509.69203695159
1203,train,27000,19490.30796304841,7509.69203695159
2634,train,4500,19490.30796304841,-14990.30796304841
3262,train,5250,19490.30796304841,-14240.30796304841
2822,train,6500,19490.30796304841,-12990.30796304841
2891,train,55000,19490.30796304841,35509.69203695159
1533,train,7000,19490.30796304841,-12490.30796304841
3822,train,11500,19490.30796304841,-7990.30796304841
1926,train,20000,19490.30796304841,509.6920369515901
1753,train,20000,19490.30796304841,509.6920369515901
3525,train,40000,19490.30796304841,20509.69203695159
1498,train,61500,19490.30796304841,42009.69203695159
1807,train,15000,19490.30796304841,-4490.30796304841
3989,train,9000,19490.30796304841,-10490.30796304841
3050,train,12000,19490.30796304841,-7490.30796304841
3283,train,18000,19490.30796304841,-1490.3079630484099
2991,train,25000,19490.30796304841,5509.69203695159
4307,train,36000,19490.30796304841,16509.69203695159
2229,train,11500,19490.30796304841,-7990.30796304841
242,train,7500,19490.30796304841,-11990.30796304841
782,train,42000,19490.30796304841,22509.69203695159
2410,train,13500,19490.30796304841,-5990.30796304841
4207,train,8000,19490.30796304841,-11490.30796304841
960,train,65000,19490.30796304841,45509.69203695159
4545,train,47000,19490.30796304841,27509.69203695159
3402,train,19000,19490.30796304841,-490.3079630484099
801,train,45000,19490.30796304841,25509.69203695159
2825,train,7500,19490.30796304841,-11990.30796304841
4319,train,13000,19490.30796304841,-6490.30796304841
3636,train,10000,19490.30796304841,-9490.30796304841
232,train,35000,19490.30796304841,15509.69203695159
1144,train,47000,19490.30796304841,27509.69203695159
2534,train,30000,19490.30796304841,10509.69203695159
1059,train,50000,19490.30796304841,30509.69203695159
504,train,25000,19490.30796304841,5509.69203695159
751,train,92500,19490.30796304841,73009.69203695159
4038,train,26000,19490.30796304841,6509.69203695159
3097,train,8000,19490.30796304841,-11490.30796304841
4584,train,13000,19490.30796304841,-6490.30796304841
2027,train,12000,19490.30796304841,-7490.30796304841
4263,train,6000,19490.30796304841,-13490.30796304841
4340,train,8000,19490.30796304841,-11490.30796304841
3350,train,21000,19490.30796304841,1509.6920369515901
823,train,69999,19490.30796304841,50508.69203695159
1644,train,13000,19490.30796304841,-6490.30796304841
2536,train,80000,19490.30796304841,60509.69203695159
3983,train,27000,19490.30796304841,7509.69203695159
4170,train,10000,19490.30796304841,-9490.30796304841
346,train,20000,19490.30796304841,509.6920369515901
1048,train,94000,19490.30796304841,74509.69203695159
343,train,9500,19490.30796304841,-9990.30796304841
1682,train,23000,19490.30796304841,3509.69203695159
2275,train,8500,19490.30796304841,-10990.30796304841
516,train,7500,19490.30796304841,-11990.30796304841
781,train,70000,19490.30796304841,50509.69203695159
2363,train,35000,19490.30796304841,15509.69203695159
2020,train,14000,19490.30796304841,-5490.30796304841
4579,train,9000,19490.30796304841,-10490.30796304841
12,train,6500,19490.30796304841,-12990.30796304841
3624,train,34999,19490.30796304841,15508.69203695159
3929,train,30000,19490.30796304841,10509.69203695159
256,train,5000,19490.30796304841,-14490.30796304841
2804,train,12000,19490.30796304841,-7490.30796304841
3993,train,49000,19490.30796304841,29509.69203695159
4268,train,9500,19490.30796304841,-9990.30796304841
3999,train,18000,19490.30796304841,-1490.3079630484099
656,train,18000,19490.30796304841,-1490.3079630484099
105,train,6000,19490.30796304841,-13490.30796304841
3814,train,33000,19490.30796304841,13509.69203695159
1056,train,57000,19490.30796304841,37509.69203695159
3089,train,10000,19490.30796304841,-9490.30796304841
1448,train,34000,19490.30796304841,14509.69203695159
3118,train,17500,19490.30796304841,-1990.3079630484099
3349,train,14000,19490.30796304841,-5490.30796304841
4700,train,6000,19490.30796304841,-13490.30796304841
1432,train,45000,19490.30796304841,25509.69203695159
4589,train,44000,19490.30796304841,24509.69203695159
25,train,7000,19490.30796304841,-12490.30796304841
4482,train,6800,19490.30796304841,-12690.30796304841
3625,train,7000,19490.30796304841,-12490.30796304841
4397,train,13000,19490.30796304841,-6490.30796304841
104,train,180000,19490.30796304841,160509.6920369516
3722,train,9000,19490.30796304841,-10490.30796304841
332,train,20000,19490.30796304841,509.6920369515901
4088,train,140000,19490.30796304841,120509.69203695159
4317,train,16000,19490.30796304841,-3490.30796304841
168,train,6500,19490.30796304841,-12990.30796304841
817,train,40000,19490.30796304841,20509.69203695159
2016,train,10000,19490.30796304841,-9490.30796304841
3857,train,12000,19490.30796304841,-7490.30796304841
4106,train,14000,19490.30796304841,-5490.30796304841
4071,train,12000,19490.30796304841,-7490.30796304841
500,train,12000,19490.30796304841,-7490.30796304841
4237,train,28000,19490.30796304841,8509.69203695159
1522,train,10500,19490.30796304841,-8990.30796304841
1094,train,20000,19490.30796304841,509.6920369515901
3529,train,8000,19490.30796304841,-11490.30796304841
2450,train,22000,19490.30796304841,2509.69203695159
621,train,34000,19490.30796304841,14509.69203695159
1215,train,21000,19490.30796304841,1509.6920369515901
2331,train,18000,19490.30796304841,-1490.3079630484099
1304,train,18500,19490.30796304841,-990.3079630484099
391,train,8500,19490.30796304841,-10990.30796304841
1172,train,180000,19490.30796304841,160509.6920369516
2382,train,65000,19490.30796304841,45509.69203695159
3921,train,75000,19490.30796304841,55509.69203695159
2952,train,40000,19490.30796304841,20509.69203695159
3399,train,19000,19490.30796304841,-490.3079630484099
2499,train,9000,19490.30796304841,-10490.30796304841
1505,train,9500,19490.30796304841,-9990.30796304841
1759,train,18000,19490.30796304841,-1490.3079630484099
2019,train,17000,19490.30796304841,-2490.30796304841
4270,train,30000,19490.30796304841,10509.69203695159
439,train,6500,19490.30796304841,-12990.30796304841
2466,train,75000,19490.30796304841,55509.69203695159
4422,train,6000,19490.30796304841,-13490.30796304841
476,train,14000,19490.30796304841,-5490.30796304841
792,train,18000,19490.30796304841,-1490.3079630484099
1018,train,65000,19490.30796304841,45509.69203695159
172,train,7000,19490.30796304841,-12490.30796304841
1847,train,10000,19490.30796304841,-9490.30796304841
1475,train,90000,19490.30796304841,70509.69203695159
633,train,210000,19490.30796304841,190509.6920369516
79,train,8000,19490.30796304841,-11490.30796304841
2304,train,12000,19490.30796304841,-7490.30796304841
4475,train,22000,19490.30796304841,2509.69203695159
4528,train,7500,19490.30796304841,-11990.30796304841
2178,train,6500,19490.30796304841,-12990.30796304841
2338,train,28000,19490.30796304841,8509.69203695159
1241,train,100000,19490.30796304841,80509.69203695159
4376,train,8500,19490.30796304841,-10990.30796304841
857,train,190000,19490.30796304841,170509.6920369516
4017,train,10000,19490.30796304841,-9490.30796304841
2370,train,16000,19490.30796304841,-3490.30796304841
2670,train,25000,19490.30796304841,5509.69203695159
2906,train,19000,19490.30796304841,-490.3079630484099
3307,train,6500,19490.30796304841,-12990.30796304841
1915,train,7000,19490.30796304841,-12490.30796304841
567,train,32000,19490.30796304841,12509.69203695159
4713,train,8000,19490.30796304841,-11490.30796304841
3015,train,9000,19490.30796304841,-10490.30796304841
4142,train,65000,19490.30796304841,45509.69203695159
961,train,33000,19490.30796304841,13509.69203695159
1184,train,100000,19490.30796304841,80509.69203695159
4295,train,8500,19490.30796304841,-10990.30796304841
1090,train,280000,19490.30796304841,260509.6920369516
2802,train,22000,19490.30796304841,2509.69203695159
3984,train,10000,19490.30796304841,-9490.30796304841
3295,train,9000,19490.30796304841,-10490.30796304841
2519,train,20000,19490.30796304841,509.6920369515901
3792,train,18000,19490.30796304841,-1490.3079630484099
710,train,6500,19490.30796304841,-12990.30796304841
2998,train,10000,19490.30796304841,-9490.30796304841
3808,train,15000,19490.30796304841,-4490.30796304841
3905,train,11000,19490.30796304841,-8490.30796304841
1118,train,50000,19490.30796304841,30509.69203695159
1677,train,10000,19490.30796304841,-9490.30796304841
2361,train,11000,19490.30796304841,-8490.30796304841
988,train,41000,19490.30796304841,21509.69203695159
562,train,25000,19490.30796304841,5509.69203695159
66,train,5000,19490.30796304841,-14490.30796304841
3191,train,15000,19490.30796304841,-4490.30796304841
3037,train,10000,19490.30796304841,-9490.30796304841
3926,train,24000,19490.30796304841,4509.69203695159
3564,train,20000,19490.30796304841,509.6920369515901
3835,train,8000,19490.30796304841,-11490.30796304841
4165,train,10000,19490.30796304841,-9490.30796304841
515,train,65000,19490.30796304841,45509.69203695159
91,train,12000,19490.30796304841,-7490.30796304841
4315,train,25000,19490.30796304841,5509.69203695159
1957,train,15000,19490.30796304841,-4490.30796304841
2432,train,38000,19490.30796304841,18509.69203695159
1954,train,15000,19490.30796304841,-4490.30796304841
4157,train,7000,19490.30796304841,-12490.30796304841
1803,train,20000,19490.30796304841,509.6920369515901
3458,train,17000,19490.30796304841,-2490.30796304841
3116,train,40000,19490.30796304841,20509.69203695159
251,train,6000,19490.30796304841,-13490.30796304841
4583,train,25000,19490.30796304841,5509.69203695159
527,train,14000,19490.30796304841,-5490.30796304841
938,train,32000,19490.30796304841,12509.69203695159
1777,train,9000,19490.30796304841,-10490.30796304841
876,train,40000,19490.30796304841,20509.69203695159
3763,train,85000,19490.30796304841,65509.69203695159
1210,train,55000,19490.30796304841,35509.69203695159
1728,train,23000,19490.30796304841,3509.69203695159
3115,train,25000,19490.30796304841,5509.69203695159
2305,train,14000,19490.30796304841,-5490.30796304841
2740,train,45000,19490.30796304841,25509.69203695159
3769,train,32000,19490.30796304841,12509.69203695159
1914,train,13000,19490.30796304841,-6490.30796304841
1457,train,42000,19490.30796304841,22509.69203695159
3704,train,6500,19490.30796304841,-12990.30796304841
1427,train,400000,19490.30796304841,380509.6920369516
3354,train,25000,19490.30796304841,5509.69203695159
3273,train,11000,19490.30796304841,-8490.30796304841
437,train,5000,19490.30796304841,-14490.30796304841
3460,train,3500,19490.30796304841,-15990.30796304841
3149,train,19000,19490.30796304841,-490.3079630484099
909,train,50000,19490.30796304841,30509.69203695159
2213,train,22000,19490.30796304841,2509.69203695159
769,train,110000,19490.30796304841,90509.69203695159
1968,train,13000,19490.30796304841,-6490.30796304841
3824,train,12000,19490.30796304841,-7490.30796304841
37,train,7000,19490.30796304841,-12490.30796304841
3638,train,12500,19490.30796304841,-6990.30796304841
1678,train,8000,19490.30796304841,-11490.30796304841
4084,train,35000,19490.30796304841,15509.69203695159
2576,train,9500,19490.30796304841,-9990.30796304841
434,train,22000,19490.30796304841,2509.69203695159
936,train,48000,19490.30796304841,28509.69203695159
856,train,150000,19490.30796304841,130509.69203695159
4717,train,16000,19490.30796304841,-3490.30796304841
377,train,5000,19490.30796304841,-14490.30796304841
2427,train,80000,19490.30796304841,60509.69203695159
144,train,8000,19490.30796304841,-11490.30796304841
4474,train,6500,19490.30796304841,-12990.30796304841
4444,train,16000,19490.30796304841,-3490.30796304841
3643,train,15000,19490.30796304841,-4490.30796304841
2024,train,130000,19490.30796304841,110509.69203695159
2770,train,22000,19490.30796304841,2509.69203695159
3341,train,33000,19490.30796304841,13509.69203695159
3256,train,11000,19490.30796304841,-8490.30796304841
4695,train,10500,19490.30796304841,-8990.30796304841
546,train,100000,19490.30796304841,80509.69203695159
1307,train,80000,19490.30796304841,60509.69203695159
3576,train,7000,19490.30796304841,-12490.30796304841
423,train,12000,19490.30796304841,-7490.30796304841
1723,train,15000,19490.30796304841,-4490.30796304841
2298,train,13000,19490.30796304841,-6490.30796304841
307,train,9000,19490.30796304841,-10490.30796304841
2284,train,16000,19490.30796304841,-3490.30796304841
544,train,150000,19490.30796304841,130509.69203695159
2093,train,8500,19490.30796304841,-10990.30796304841
779,train,190000,19490.30796304841,170509.6920369516
2672,train,28000,19490.30796304841,8509.69203695159
2177,train,9500,19490.30796304841,-9990.30796304841
585,train,24000,19490.30796304841,4509.69203695159
2203,train,16000,19490.30796304841,-3490.30796304841
4631,train,10000,19490.30796304841,-9490.30796304841
2456,train,20500,19490.30796304841,1009.6920369515901
4239,train,12500,19490.30796304841,-6990.30796304841
2911,train,44000,19490.30796304841,24509.69203695159
1956,train,10000,19490.30796304841,-9490.30796304841
2405,train,15000,19490.30796304841,-4490.30796304841
2899,train,11500,19490.30796304841,-7990.30796304841
3053,train,10000,19490.30796304841,-9490.30796304841
4346,train,30000,19490.30796304841,10509.69203695159
2833,train,95000,19490.30796304841,75509.69203695159
1967,train,6000,19490.30796304841,-13490.30796304841
138,train,8500,19490.30796304841,-10990.30796304841
2431,train,35000,19490.30796304841,15509.69203695159
2977,train,12500,19490.30796304841,-6990.30796304841
1731,train,12000,19490.30796304841,-7490.30796304841
3502,train,17000,19490.30796304841,-2490.30796304841
4691,train,7500,19490.30796304841,-11990.30796304841
3427,train,30000,19490.30796304841,10509.69203695159
1884,train,22000,19490.30796304841,2509.69203695159
1687,train,39000,19490.30796304841,19509.69203695159
1106,train,27000,19490.30796304841,7509.69203695159
4260,train,11500,19490.30796304841,-7990.30796304841
715,train,16000,19490.30796304841,-3490.30796304841
1332,train,39000,19490.30796304841,19509.69203695159
4225,train,25000,19490.30796304841,5509.69203695159
3649,train,10000,19490.30796304841,-9490.30796304841
1377,train,32000,19490.30796304841,12509.69203695159
157,train,12000,19490.30796304841,-7490.30796304841
198,train,9000,19490.30796304841,-10490.30796304841
1039,train,30000,19490.30796304841,10509.69203695159
4353,train,15000,19490.30796304841,-4490.30796304841
3672,train,18000,19490.30796304841,-1490.3079630484099
760,train,45000,19490.30796304841,25509.69203695159
23,train,6500,19490.30796304841,-12990.30796304841
1542,train,9000,19490.30796304841,-10490.30796304841
4559,train,8000,19490.30796304841,-11490.30796304841
4680,train,6500,19490.30796304841,-12990.30796304841
3101,train,14000,19490.30796304841,-5490.30796304841
931,train,55000,19490.30796304841,35509.69203695159
1520,train,14500,19490.30796304841,-4990.30796304841
4506,train,8000,19490.30796304841,-11490.30796304841
2480,train,8000,19490.30796304841,-11490.30796304841
2064,train,21000,19490.30796304841,1509.6920369515901
3708,train,17000,19490.30796304841,-2490.30796304841
1531,train,13000,19490.30796304841,-6490.30796304841
3895,train,10500,19490.30796304841,-8990.30796304841
525,train,45000,19490.30796304841,25509.69203695159
1661,train,13000,19490.30796304841,-6490.30796304841
639,train,100000,19490.30796304841,80509.69203695159
3705,train,10000,19490.30796304841,-9490.30796304841
3258,train,17500,19490.30796304841,-1990.3079630484099
2200,train,75000,19490.30796304841,55509.69203695159
3044,train,15000,19490.30796304841,-4490.30796304841
1509,train,13000,19490.30796304841,-6490.30796304841
1070,train,65000,19490.30796304841,45509.69203695159
419,train,6000,19490.30796304841,-13490.30796304841
3135,train,10000,19490.30796304841,-9490.30796304841
1467,train,110000,19490.30796304841,90509.69203695159
1952,train,15000,19490.30796304841,-4490.30796304841
2226,train,5500,19490.30796304841,-13990.30796304841
2175,train,9500,19490.30796304841,-9990.30796304841
1267,train,6000,19490.30796304841,-13490.30796304841
2041,train,60000,19490.30796304841,40509.69203695159
3549,train,10000,19490.30796304841,-9490.30796304841
3208,train,13000,19490.30796304841,-6490.30796304841
4722,train,13000,19490.30796304841,-6490.30796304841
3711,train,11500,19490.30796304841,-7990.30796304841
4417,train,25000,19490.30796304841,5509.69203695159
3761,train,220000,19490.30796304841,200509.6920369516
4484,train,12000,19490.30796304841,-7490.30796304841
2323,train,18000,19490.30796304841,-1490.3079630484099
1577,train,21000,19490.30796304841,1509.6920369515901
392,train,35000,19490.30796304841,15509.69203695159
3441,train,28000,19490.30796304841,8509.69203695159
4543,train,11000,19490.30796304841,-8490.30796304841
3076,train,20500,19490.30796304841,1009.6920369515901
951,train,36000,19490.30796304841,16509.69203695159
404,train,8000,19490.30796304841,-11490.30796304841
2823,train,17000,19490.30796304841,-2490.30796304841
1079,train,95000,19490.30796304841,75509.69203695159
1718,train,10000,19490.30796304841,-9490.30796304841
1484,train,78000,19490.30796304841,58509.69203695159
321,train,12000,19490.30796304841,-7490.30796304841
2944,train,7000,19490.30796304841,-12490.30796304841
4318,train,15000,19490.30796304841,-4490.30796304841
2585,train,70000,19490.30796304841,50509.69203695159
1878,train,45000,19490.30796304841,25509.69203695159
4677,train,9000,19490.30796304841,-10490.30796304841
2066,train,28000,19490.30796304841,8509.69203695159
3582,train,15000,19490.30796304841,-4490.30796304841
643,train,18000,19490.30796304841,-1490.3079630484099
2603,train,35000,19490.30796304841,15509.69203695159
4597,train,9500,19490.30796304841,-9990.30796304841
2704,train,7500,19490.30796304841,-11990.30796304841
712,train,38000,19490.30796304841,18509.69203695159
14,train,8500,19490.30796304841,-10990.30796304841
962,train,27000,19490.30796304841,7509.69203695159
401,train,15000,19490.30796304841,-4490.30796304841
2554,train,7500,19490.30796304841,-11990.30796304841
4289,train,12000,19490.30796304841,-7490.30796304841
2487,train,16000,19490.30796304841,-3490.30796304841
3257,train,11000,19490.30796304841,-8490.30796304841
2873,train,15000,19490.30796304841,-4490.30796304841
2953,train,8500,19490.30796304841,-10990.30796304841
3788,train,22999,19490.30796304841,3508.69203695159
2073,train,10000,19490.30796304841,-9490.30796304841
3447,train,22000,19490.30796304841,2509.69203695159
3858,train,17000,19490.30796304841,-2490.30796304841
1192,train,90000,19490.30796304841,70509.69203695159
1766,train,10000,19490.30796304841,-9490.30796304841
156,train,7000,19490.30796304841,-12490.30796304841
1936,train,31000,19490.30796304841,11509.69203695159
3172,train,11000,19490.30796304841,-8490.30796304841
1725,train,12000,19490.30796304841,-7490.30796304841
2397,train,60000,19490.30796304841,40509.69203695159
442,train,6000,19490.30796304841,-13490.30796304841
1790,train,8500,19490.30796304841,-10990.30796304841
4367,train,21467,19490.30796304841,1976.6920369515901
4520,train,45000,19490.30796304841,25509.69203695159
466,train,6500,19490.30796304841,-12990.30796304841
3718,train,60000,19490.30796304841,40509.69203695159
362,train,8000,19490.30796304841,-11490.30796304841
1270,train,280000,19490.30796304841,260509.6920369516
48,train,30000,19490.30796304841,10509.69203695159
2521,train,35000,19490.30796304841,15509.69203695159
4643,train,7500,19490.30796304841,-11990.30796304841
2242,train,14000,19490.30796304841,-5490.30796304841
4199,train,22500,19490.30796304841,3009.69203695159
820,train,50000,19490.30796304841,30509.69203695159
1468,train,20000,19490.30796304841,509.6920369515901
2180,train,25000,19490.30796304841,5509.69203695159
3052,train,36000,19490.30796304841,16509.69203695159
982,train,250000,19490.30796304841,230509.6920369516
92,train,9000,19490.30796304841,-10490.30796304841
867,train,170000,19490.30796304841,150509.6920369516
4321,train,12000,19490.30796304841,-7490.30796304841
1227,train,130000,19490.30796304841,110509.69203695159
1734,train,32000,19490.30796304841,12509.69203695159
597,train,14000,19490.30796304841,-5490.30796304841
3904,train,11000,19490.30796304841,-8490.30796304841
2313,train,14000,19490.30796304841,-5490.30796304841
2908,train,8000,19490.30796304841,-11490.30796304841
3022,train,6500,19490.30796304841,-12990.30796304841
1761,train,31000,19490.30796304841,11509.69203695159
702,train,21000,19490.30796304841,1509.6920369515901
3800,train,15000,19490.30796304841,-4490.30796304841
4230,train,14000,19490.30796304841,-5490.30796304841
4702,train,26000,19490.30796304841,6509.69203695159
1312,train,60000,19490.30796304841,40509.69203695159
2996,train,23000,19490.30796304841,3509.69203695159
603,train,62000,19490.30796304841,42509.69203695159
2096,train,8000,19490.30796304841,-11490.30796304841
2735,train,7500,19490.30796304841,-11990.30796304841
784,train,60000,19490.30796304841,40509.69203695159
2268,train,14000,19490.30796304841,-5490.30796304841
2433,train,16000,19490.30796304841,-3490.30796304841
4658,train,11000,19490.30796304841,-8490.30796304841
4057,train,20000,19490.30796304841,509.6920369515901
1344,train,88000,19490.30796304841,68509.69203695159
4480,train,15000,19490.30796304841,-4490.30796304841
1388,train,200000,19490.30796304841,180509.6920369516
1529,train,28000,19490.30796304841,8509.69203695159
2933,train,17000,19490.30796304841,-2490.30796304841
783,train,27000,19490.30796304841,7509.69203695159
4561,train,17000,19490.30796304841,-2490.30796304841
911,train,62000,19490.30796304841,42509.69203695159
1061,train,100000,19490.30796304841,80509.69203695159
878,train,15000,19490.30796304841,-4490.30796304841
342,train,8500,19490.30796304841,-10990.30796304841
2739,train,44300,19490.30796304841,24809.69203695159
1539,train,65000,19490.30796304841,45509.69203695159
1199,train,300000,19490.30796304841,280509.6920369516
897,train,51000,19490.30796304841,31509.69203695159
3013,train,7000,19490.30796304841,-12490.30796304841
4194,train,16500,19490.30796304841,-2990.30796304841
1085,train,44000,19490.30796304841,24509.69203695159
2937,train,27000,19490.30796304841,7509.69203695159
3842,train,25000,19490.30796304841,5509.69203695159
1141,train,35000,19490.30796304841,15509.69203695159
2091,train,6500,19490.30796304841,-12990.30796304841
3774,train,10000,19490.30796304841,-9490.30796304841
122,train,6800,19490.30796304841,-12690.30796304841
3371,train,18000,19490.30796304841,-1490.3079630484099
880,train,25000,19490.30796304841,5509.69203695159
2717,train,14000,19490.30796304841,-5490.30796304841
2992,train,10000,19490.30796304841,-9490.30796304841
3901,train,9500,19490.30796304841,-9990.30796304841
1571,train,9000,19490.30796304841,-10490.30796304841
1259,train,38000,19490.30796304841,18509.69203695159
4452,train,6000,19490.30796304841,-13490.30796304841
3630,train,200000,19490.30796304841,180509.6920369516
3595,train,9000,19490.30796304841,-10490.30796304841
303,train,12000,19490.30796304841,-7490.30796304841
659,train,55000,19490.30796304841,35509.69203695159
1784,train,25000,19490.30796304841,5509.69203695159
1866,train,11000,19490.30796304841,-8490.30796304841
2676,train,10000,19490.30796304841,-9490.30796304841
1998,train,12500,19490.30796304841,-6990.30796304841
4108,train,37000,19490.30796304841,17509.69203695159
4241,train,10000,19490.30796304841,-9490.30796304841
3222,train,75000,19490.30796304841,55509.69203695159
1488,train,65000,19490.30796304841,45509.69203695159
1810,train,9750,19490.30796304841,-9740.30796304841
4490,train,23000,19490.30796304841,3509.69203695159
4064,train,14000,19490.30796304841,-5490.30796304841
728,train,55000,19490.30796304841,35509.69203695159
1198,train,70000,19490.30796304841,50509.69203695159
1800,train,10000,19490.30796304841,-9490.30796304841
3746,train,11000,19490.30796304841,-8490.30796304841
3750,train,7000,19490.30796304841,-12490.30796304841
4437,train,9000,19490.30796304841,-10490.30796304841
2727,train,15000,19490.30796304841,-4490.30796304841
141,train,13000,19490.30796304841,-6490.30796304841
16,train,6000,19490.30796304841,-13490.30796304841
335,train,14000,19490.30796304841,-5490.30796304841
4662,train,60000,19490.30796304841,40509.69203695159
1856,train,15000,19490.30796304841,-4490.30796304841
1021,train,500000,19490.30796304841,480509.6920369516
1102,train,180000,19490.30796304841,160509.6920369516
1341,train,280000,19490.30796304841,260509.6920369516
4218,train,15000,19490.30796304841,-4490.30796304841
60,train,5000,19490.30796304841,-14490.30796304841
2002,train,9000,19490.30796304841,-10490.30796304841
452,train,12000,19490.30796304841,-7490.30796304841
475,train,6000,19490.30796304841,-13490.30796304841
2596,train,18000,19490.30796304841,-1490.3079630484099
3158,train,12000,19490.30796304841,-7490.30796304841
4709,train,12000,19490.30796304841,-7490.30796304841
2964,train,6000,19490.30796304841,-13490.30796304841
2307,train,11000,19490.30796304841,-8490.30796304841
212,train,12000,19490.30796304841,-7490.30796304841
1328,train,35000,19490.30796304841,15509.69203695159
1946,train,12000,19490.30796304841,-7490.30796304841
388,train,15000,19490.30796304841,-4490.30796304841
1597,train,8000,19490.30796304841,-11490.30796304841
2797,train,15000,19490.30796304841,-4490.30796304841
3423,train,6300,19490.30796304841,-13190.30796304841
1478,train,380000,19490.30796304841,360509.6920369516
1246,train,72000,19490.30796304841,52509.69203695159
4021,train,35000,19490.30796304841,15509.69203695159
4287,train,8000,19490.30796304841,-11490.30796304841
2539,train,10500,19490.30796304841,-8990.30796304841
322,train,3200,19490.30796304841,-16290.30796304841
1897,train,18000,19490.30796304841,-1490.3079630484099
4139,train,10000,19490.30796304841,-9490.30796304841
819,train,11000,19490.30796304841,-8490.30796304841
664,train,25500,19490.30796304841,6009.69203695159
3860,train,19500,19490.30796304841,9.692036951590126
282,train,17500,19490.30796304841,-1990.3079630484099
4420,train,15000,19490.30796304841,-4490.30796304841
3212,train,12000,19490.30796304841,-7490.30796304841
2856,train,25000,19490.30796304841,5509.69203695159
3151,train,16000,19490.30796304841,-3490.30796304841
3338,train,13500,19490.30796304841,-5990.30796304841
1240,train,13000,19490.30796304841,-6490.30796304841
1149,train,85000,19490.30796304841,65509.69203695159
1105,train,37000,19490.30796304841,17509.69203695159
566,train,75000,19490.30796304841,55509.69203695159
3567,train,25000,19490.30796304841,5509.69203695159
4435,train,25000,19490.30796304841,5509.69203695159
1983,train,7000,19490.30796304841,-12490.30796304841
3717,train,45000,19490.30796304841,25509.69203695159
2776,train,13000,19490.30796304841,-6490.30796304841
380,train,40000,19490.30796304841,20509.69203695159
2104,train,100000,19490.30796304841,80509.69203695159
3742,train,5000,19490.30796304841,-14490.30796304841
4240,train,25000,19490.30796304841,5509.69203695159
2615,train,8500,19490.30796304841,-10990.30796304841
3040,train,24000,19490.30796304841,4509.69203695159
2339,train,55000,19490.30796304841,35509.69203695159
1423,train,32000,19490.30796304841,12509.69203695159
3619,train,12000,19490.30796304841,-7490.30796304841
1379,train,100000,19490.30796304841,80509.69203695159
2951,train,45000,19490.30796304841,25509.69203695159
3768,train,24000,19490.30796304841,4509.69203695159
2035,train,14000,19490.30796304841,-5490.30796304841
2207,train,30000,19490.30796304841,10509.69203695159
1374,train,270000,19490.30796304841,250509.6920369516
2474,train,13000,19490.30796304841,-6490.30796304841
4616,train,20000,19490.30796304841,509.6920369515901
727,train,130000,19490.30796304841,110509.69203695159
746,train,33000,19490.30796304841,13509.69203695159
2660,train,37000,19490.30796304841,17509.69203695159
1848,train,9000,19490.30796304841,-10490.30796304841
4342,train,8000,19490.30796304841,-11490.30796304841
1063,train,52000,19490.30796304841,32509.69203695159
578,train,300000,19490.30796304841,280509.6920369516
2612,train,60000,19490.30796304841,40509.69203695159
231,train,16000,19490.30796304841,-3490.30796304841
3046,train,9000,19490.30796304841,-10490.30796304841
2986,train,20000,19490.30796304841,509.6920369515901
2997,train,10000,19490.30796304841,-9490.30796304841
2637,train,23000,19490.30796304841,3509.69203695159
547,train,60000,19490.30796304841,40509.69203695159
2855,train,100000,19490.30796304841,80509.69203695159
38,train,21000,19490.30796304841,1509.6920369515901
3741,train,15000,19490.30796304841,-4490.30796304841
1671,train,12000,19490.30796304841,-7490.30796304841
4705,train,16000,19490.30796304841,-3490.30796304841
1538,train,45000,19490.30796304841,25509.69203695159
312,train,10000,19490.30796304841,-9490.30796304841
2443,train,30000,19490.30796304841,10509.69203695159
4619,train,15000,19490.30796304841,-4490.30796304841
688,train,45002,19490.30796304841,25511.69203695159
4585,train,20000,19490.30796304841,509.6920369515901
1010,train,68000,19490.30796304841,48509.69203695159
4320,train,12000,19490.30796304841,-7490.30796304841
2261,train,18000,19490.30796304841,-1490.3079630484099
4258,train,12000,19490.30796304841,-7490.30796304841
2185,train,15000,19490.30796304841,-4490.30796304841
4466,train,42000,19490.30796304841,22509.69203695159
968,train,42000,19490.30796304841,22509.69203695159
2813,train,8000,19490.30796304841,-11490.30796304841
2548,train,20000,19490.30796304841,509.6920369515901
3666,train,8200,19490.30796304841,-11290.30796304841
3973,train,12000,19490.30796304841,-7490.30796304841
2630,train,7000,19490.30796304841,-12490.30796304841
4044,train,14000,19490.30796304841,-5490.30796304841
3504,train,39000,19490.30796304841,19509.69203695159
1181,train,56000,19490.30796304841,36509.69203695159
3143,train,18000,19490.30796304841,-1490.3079630484099
2344,train,12000,19490.30796304841,-7490.30796304841
1483,train,32000,19490.30796304841,12509.69203695159
976,train,65000,19490.30796304841,45509.69203695159
2351,train,20000,19490.30796304841,509.6920369515901
4344,train,7500,19490.30796304841,-11990.30796304841
1248,train,130000,19490.30796304841,110509.69203695159
85,train,10000,19490.30796304841,-9490.30796304841
1653,train,10000,19490.30796304841,-9490.30796304841
486,train,10000,19490.30796304841,-9490.30796304841
4558,train,11000,19490.30796304841,-8490.30796304841
905,train,16500,19490.30796304841,-2990.30796304841
2531,train,16000,19490.30796304841,-3490.30796304841
1890,train,38000,19490.30796304841,18509.69203695159
4669,train,16000,19490.30796304841,-3490.30796304841
3337,train,9500,19490.30796304841,-9990.30796304841
853,train,83000,19490.30796304841,63509.69203695159
194,train,5000,19490.30796304841,-14490.30796304841
2208,train,65000,19490.30796304841,45509.69203695159
1598,train,6000,19490.30796304841,-13490.30796304841
3006,train,6500,19490.30796304841,-12990.30796304841
2,train,17000,19490.30796304841,-2490.30796304841
2949,train,25000,19490.30796304841,5509.69203695159
4625,train,15000,19490.30796304841,-4490.30796304841
2362,train,20000,19490.30796304841,509.6920369515901
4443,train,10500,19490.30796304841,-8990.30796304841
1230,train,160000,19490.30796304841,140509.6920369516
929,train,20000,19490.30796304841,509.6920369515901
2003,train,5500,19490.30796304841,-13990.30796304841
4483,train,5000,19490.30796304841,-14490.30796304841
1202,train,120000,19490.30796304841,100509.69203695159
1544,train,30000,19490.30796304841,10509.69203695159
2100,train,52000,19490.30796304841,32509.69203695159
937,train,10000,19490.30796304841,-9490.30796304841
3585,train,10000,19490.30796304841,-9490.30796304841
1419,train,30000,19490.30796304841,10509.69203695159
4257,train,20000,19490.30796304841,509.6920369515901
3150,train,12000,19490.30796304841,-7490.30796304841
1521,train,4500,19490.30796304841,-14990.30796304841
3631,train,12000,19490.30796304841,-7490.30796304841
293,train,6500,19490.30796304841,-12990.30796304841
2613,train,95000,19490.30796304841,75509.69203695159
178,train,10500,19490.30796304841,-8990.30796304841
1492,train,70000,19490.30796304841,50509.69203695159
2626,train,8500,19490.30796304841,-10990.30796304841
306,train,20000,19490.30796304841,509.6920369515901
2618,train,8000,19490.30796304841,-11490.30796304841
1472,train,350000,19490.30796304841,330509.6920369516
2163,train,12000,19490.30796304841,-7490.30796304841
1708,train,25000,19490.30796304841,5509.69203695159
1232,train,80000,19490.30796304841,60509.69203695159
1411,train,50000,19490.30796304841,30509.69203695159
1861,train,5000,19490.30796304841,-14490.30796304841
1170,train,50000,19490.30796304841,30509.69203695159
708,train,35000,19490.30796304841,15509.69203695159
2496,train,10000,19490.30796304841,-9490.30796304841
3333,train,12000,19490.30796304841,-7490.30796304841
2516,train,15000,19490.30796304841,-4490.30796304841
2924,train,32000,19490.30796304841,12509.69203695159
2936,train,17000,19490.30796304841,-2490.30796304841
3211,train,3500,19490.30796304841,-15990.30796304841
722,train,65000,19490.30796304841,45509.69203695159
4663,train,26000,19490.30796304841,6509.69203695159
1510,train,15000,19490.30796304841,-4490.30796304841
1516,train,15000,19490.30796304841,-4490.30796304841
4303,train,12000,19490.30796304841,-7490.30796304841
2978,train,15000,19490.30796304841,-4490.30796304841
3762,train,22000,19490.30796304841,2509.69203695159
1083,train,380000,19490.30796304841,360509.6920369516
4098,train,15000,19490.30796304841,-4490.30796304841
320,train,5000,19490.30796304841,-14490.30796304841
165,train,16500,19490.30796304841,-2990.30796304841
2687,train,25000,19490.30796304841,5509.69203695159
2026,train,10000,19490.30796304841,-9490.30796304841
568,train,16000,19490.30796304841,-3490.30796304841
4294,train,10000,19490.30796304841,-9490.30796304841
3942,train,15000,19490.30796304841,-4490.30796304841
2401,train,12000,19490.30796304841,-7490.30796304841
4453,train,45000,19490.30796304841,25509.69203695159
62,train,10000,19490.30796304841,-9490.30796304841
1040,train,330000,19490.30796304841,310509.6920369516
2787,train,25000,19490.30796304841,5509.69203695159
1699,train,31000,19490.30796304841,11509.69203695159
2754,train,3500,19490.30796304841,-15990.30796304841
1410,train,18500,19490.30796304841,-990.3079630484099
1236,train,100000,19490.30796304841,80509.69203695159
78,train,6500,19490.30796304841,-12990.30796304841
2858,train,6000,19490.30796304841,-13490.30796304841
2368,train,14000,19490.30796304841,-5490.30796304841
718,train,60000,19490.30796304841,40509.69203695159
3231,train,8500,19490.30796304841,-10990.30796304841
1476,train,22000,19490.30796304841,2509.69203695159
1553,train,17000,19490.30796304841,-2490.30796304841
1628,train,10000,19490.30796304841,-9490.30796304841
2685,train,13000,19490.30796304841,-6490.30796304841
4066,train,57000,19490.30796304841,37509.69203695159
3454,train,8000,19490.30796304841,-11490.30796304841
1375,train,69000,19490.30796304841,49509.69203695159
4255,train,17000,19490.30796304841,-2490.30796304841
3036,train,12000,19490.30796304841,-7490.30796304841
2746,train,30000,19490.30796304841,10509.69203695159
4206,train,15000,19490.30796304841,-4490.30796304841
3031,train,11000,19490.30796304841,-8490.30796304841
3654,train,9300,19490.30796304841,-10190.30796304841
110,train,8000,19490.30796304841,-11490.30796304841
3694,train,7500,19490.30796304841,-11990.30796304841
4580,train,13000,19490.30796304841,-6490.30796304841
4516,train,11000,19490.30796304841,-8490.30796304841
4538,train,5000,19490.30796304841,-14490.30796304841
685,train,27000,19490.30796304841,7509.69203695159
1929,train,22000,19490.30796304841,2509.69203695159
8,train,26000,19490.30796304841,6509.69203695159
4442,train,15500,19490.30796304841,-3990.30796304841
2853,train,10000,19490.30796304841,-9490.30796304841
4511,train,45000,19490.30796304841,25509.69203695159
324,train,16000,19490.30796304841,-3490.30796304841
2635,train,15000,19490.30796304841,-4490.30796304841
2276,train,20000,19490.30796304841,509.6920369515901
3794,train,18000,19490.30796304841,-1490.3079630484099
1128,train,55000,19490.30796304841,35509.69203695159
3308,train,26000,19490.30796304841,6509.69203695159
4551,train,15000,19490.30796304841,-4490.30796304841
2103,train,12000,19490.30796304841,-7490.30796304841
3562,train,8000,19490.30796304841,-11490.30796304841
2631,train,22000,19490.30796304841,2509.69203695159
1438,train,66000,19490.30796304841,46509.69203695159
4149,train,18000,19490.30796304841,-1490.3079630484099
1579,train,7000,19490.30796304841,-12490.30796304841
2133,train,6000,19490.30796304841,-13490.30796304841
1364,train,20000,19490.30796304841,509.6920369515901
3137,train,34500,19490.30796304841,15009.69203695159
2881,train,30000,19490.30796304841,10509.69203695159
1335,train,49500,19490.30796304841,30009.69203695159
1822,train,50000,19490.30796304841,30509.69203695159
636,train,26000,19490.30796304841,6509.69203695159
4502,train,7000,19490.30796304841,-12490.30796304841
3706,train,12500,19490.30796304841,-6990.30796304841
257,train,8500,19490.30796304841,-10990.30796304841
19,train,6000,19490.30796304841,-13490.30796304841
860,train,90000,19490.30796304841,70509.69203695159
2357,train,12000,19490.30796304841,-7490.30796304841
183,train,11000,19490.30796304841,-8490.30796304841
3077,train,13500,19490.30796304841,-5990.30796304841
2912,train,11000,19490.30796304841,-8490.30796304841
1351,train,95000,19490.30796304841,75509.69203695159
4697,train,4500,19490.30796304841,-14990.30796304841
4256,train,20000,19490.30796304841,509.6920369515901
1660,train,6500,19490.30796304841,-12990.30796304841
1656,train,63000,19490.30796304841,43509.69203695159
3180,train,40000,19490.30796304841,20509.69203695159
4675,train,7000,19490.30796304841,-12490.30796304841
2303,train,35000,19490.30796304841,15509.69203695159
3963,train,9000,19490.30796304841,-10490.30796304841
83,train,20000,19490.30796304841,509.6920369515901
3125,train,150000,19490.30796304841,130509.69203695159
3530,train,11000,19490.30796304841,-8490.30796304841
142,train,8000,19490.30796304841,-11490.30796304841
3831,train,10000,19490.30796304841,-9490.30796304841
1417,train,190000,19490.30796304841,170509.6920369516
2609,train,30000,19490.30796304841,10509.69203695159
846,train,150000,19490.30796304841,130509.69203695159
3155,train,17000,19490.30796304841,-2490.30796304841
742,train,33000,19490.30796304841,13509.69203695159
1526,train,12500,19490.30796304841,-6990.30796304841
3386,train,18000,19490.30796304841,-1490.3079630484099
1673,train,15000,19490.30796304841,-4490.30796304841
1166,train,90000,19490.30796304841,70509.69203695159
1888,train,18000,19490.30796304841,-1490.3079630484099
3200,train,45000,19490.30796304841,25509.69203695159
2467,train,36000,19490.30796304841,16509.69203695159
1716,train,15000,19490.30796304841,-4490.30796304841
1507,train,13000,19490.30796304841,-6490.30796304841
4734,train,35000,19490.30796304841,15509.69203695159
3140,train,22000,19490.30796304841,2509.69203695159
2605,train,31000,19490.30796304841,11509.69203695159
2641,train,10000,19490.30796304841,-9490.30796304841
1346,train,38000,19490.30796304841,18509.69203695159
1645,train,17500,19490.30796304841,-1990.3079630484099
311,train,9000,19490.30796304841,-10490.30796304841
924,train,62000,19490.30796304841,42509.69203695159
4125,train,17000,19490.30796304841,-2490.30796304841
1062,train,130000,19490.30796304841,110509.69203695159
227,train,3000,19490.30796304841,-16490.30796304841
966,train,48000,19490.30796304841,28509.69203695159
1385,train,190000,19490.30796304841,170509.6920369516
508,train,60000,19490.30796304841,40509.69203695159
2628,train,13000,19490.30796304841,-6490.30796304841
2538,train,21000,19490.30796304841,1509.6920369515901
605,train,130000,19490.30796304841,110509.69203695159
1903,train,11000,19490.30796304841,-8490.30796304841
4172,train,13000,19490.30796304841,-6490.30796304841
774,train,50000,19490.30796304841,30509.69203695159
3198,train,10000,19490.30796304841,-9490.30796304841
2581,train,18000,19490.30796304841,-1490.3079630484099
3480,train,10000,19490.30796304841,-9490.30796304841
6,train,10000,19490.30796304841,-9490.30796304841
692,train,50000,19490.30796304841,30509.69203695159
2090,train,28000,19490.30796304841,8509.69203695159
1604,train,9000,19490.30796304841,-10490.30796304841
405,train,35000,19490.30796304841,15509.69203695159
2525,train,8000,19490.30796304841,-11490.30796304841
4184,train,9500,19490.30796304841,-9990.30796304841
3183,train,6500,19490.30796304841,-12990.30796304841
2098,train,12500,19490.30796304841,-6990.30796304841
844,train,55000,19490.30796304841,35509.69203695159
2508,train,15000,19490.30796304841,-4490.30796304841
1709,train,35000,19490.30796304841,15509.69203695159
4269,train,10000,19490.30796304841,-9490.30796304841
1871,train,11000,19490.30796304841,-8490.30796304841
4673,train,18000,19490.30796304841,-1490.3079630484099
510,train,7000,19490.30796304841,-12490.30796304841
167,train,12000,19490.30796304841,-7490.30796304841
3978,train,6500,19490.30796304841,-12990.30796304841
1549,train,110000,19490.30796304841,90509.69203695159
922,train,62000,19490.30796304841,42509.69203695159
3637,train,13000,19490.30796304841,-6490.30796304841
1530,train,12000,19490.30796304841,-7490.30796304841
124,train,10000,19490.30796304841,-9490.30796304841
200,train,5500,19490.30796304841,-13990.30796304841
121,train,13000,19490.30796304841,-6490.30796304841
1228,train,90000,19490.30796304841,70509.69203695159
2955,train,100000,19490.30796304841,80509.69203695159
1630,train,8000,19490.30796304841,-11490.30796304841
1961,train,8000,19490.30796304841,-11490.30796304841
2736,train,30000,19490.30796304841,10509.69203695159
1459,train,60000,19490.30796304841,40509.69203695159
1927,train,17000,19490.30796304841,-2490.30796304841
238,train,8500,19490.30796304841,-10990.30796304841
1285,train,60000,19490.30796304841,40509.69203695159
4060,train,16000,19490.30796304841,-3490.30796304841
1481,train,140000,19490.30796304841,120509.69203695159
4690,train,11000,19490.30796304841,-8490.30796304841
4588,train,45000,19490.30796304841,25509.69203695159
3499,train,10000,19490.30796304841,-9490.30796304841
2150,train,28000,19490.30796304841,8509.69203695159
3477,train,30000,19490.30796304841,10509.69203695159
445,train,10000,19490.30796304841,-9490.30796304841
3234,train,8500,19490.30796304841,-10990.30796304841
4316,train,14000,19490.30796304841,-5490.30796304841
97,train,10000,19490.30796304841,-9490.30796304841
3391,train,25000,19490.30796304841,5509.69203695159
2584,train,13000,19490.30796304841,-6490.30796304841
604,train,42000,19490.30796304841,22509.69203695159
2934,train,18000,19490.30796304841,-1490.3079630484099
1587,train,15000,19490.30796304841,-4490.30796304841
2757,train,23000,19490.30796304841,3509.69203695159
2283,train,6500,19490.30796304841,-12990.30796304841
2287,train,18000,19490.30796304841,-1490.3079630484099
4022,train,12000,19490.30796304841,-7490.30796304841
553,train,19411,19490.30796304841,-79.30796304840987
1384,train,210000,19490.30796304841,190509.6920369516
2246,train,12000,19490.30796304841,-7490.30796304841
3452,train,19000,19490.30796304841,-490.3079630484099
3289,train,100000,19490.30796304841,80509.69203695159
4266,train,15000,19490.30796304841,-4490.30796304841
384,train,15000,19490.30796304841,-4490.30796304841
482,train,10000,19490.30796304841,-9490.30796304841
3663,train,16000,19490.30796304841,-3490.30796304841
472,train,10000,19490.30796304841,-9490.30796304841
920,train,15000,19490.30796304841,-4490.30796304841
370,train,8000,19490.30796304841,-11490.30796304841
2648,train,20000,19490.30796304841,509.6920369515901
1390,train,26000,19490.30796304841,6509.69203695159
4036,train,13000,19490.30796304841,-6490.30796304841
3254,train,7500,19490.30796304841,-11990.30796304841
4581,train,25000,19490.30796304841,5509.69203695159
1439,train,45000,19490.30796304841,25509.69203695159
21,train,9000,19490.30796304841,-10490.30796304841
3661,train,16000,19490.30796304841,-3490.30796304841
1559,train,15000,19490.30796304841,-4490.30796304841
2927,train,6000,19490.30796304841,-13490.30796304841
1075,train,75000,19490.30796304841,55509.69203695159
1174,train,65000,19490.30796304841,45509.69203695159
3635,train,25000,19490.30796304841,5509.69203695159
211,train,7500,19490.30796304841,-11990.30796304841
365,train,12000,19490.30796304841,-7490.30796304841
4338,train,9000,19490.30796304841,-10490.30796304841
3147,train,12000,19490.30796304841,-7490.30796304841
830,train,23000,19490.30796304841,3509.69203695159
3987,train,18000,19490.30796304841,-1490.3079630484099
160,train,9500,19490.30796304841,-9990.30796304841
1772,train,3500,19490.30796304841,-15990.30796304841
3189,train,10000,19490.30796304841,-9490.30796304841
4306,train,32000,19490.30796304841,12509.69203695159
1920,train,7000,19490.30796304841,-12490.30796304841
953,train,40000,19490.30796304841,20509.69203695159
637,train,60000,19490.30796304841,40509.69203695159
3068,train,7500,19490.30796304841,-11990.30796304841
623,train,25000,19490.30796304841,5509.69203695159
1551,train,20000,19490.30796304841,509.6920369515901
756,train,330000,19490.30796304841,310509.6920369516
668,train,50000,19490.30796304841,30509.69203695159
1361,train,34000,19490.30796304841,14509.69203695159
1600,train,10000,19490.30796304841,-9490.30796304841
2565,train,18500,19490.30796304841,-990.3079630484099
4542,train,25000,19490.30796304841,5509.69203695159
1525,train,7000,19490.30796304841,-12490.30796304841
2999,train,15000,19490.30796304841,-4490.30796304841
319,train,5000,19490.30796304841,-14490.30796304841
3882,train,14000,19490.30796304841,-5490.30796304841
2451,train,35000,19490.30796304841,15509.69203695159
944,train,40000,19490.30796304841,20509.69203695159
4383,train,12000,19490.30796304841,-7490.30796304841
4224,train,10000,19490.30796304841,-9490.30796304841
426,train,6000,19490.30796304841,-13490.30796304841
4373,train,15000,19490.30796304841,-4490.30796304841
1502,train,25000,19490.30796304841,5509.69203695159
3463,train,50000,19490.30796304841,30509.69203695159
4301,train,10000,19490.30796304841,-9490.30796304841
4467,train,12000,19490.30796304841,-7490.30796304841
3139,train,330000,19490.30796304841,310509.6920369516
1825,train,120000,19490.30796304841,100509.69203695159
3325,train,5000,19490.30796304841,-14490.30796304841
386,train,7000,19490.30796304841,-12490.30796304841
2385,train,90000,19490.30796304841,70509.69203695159
3228,train,9000,19490.30796304841,-10490.30796304841
1286,train,19000,19490.30796304841,-490.3079630484099
385,train,5000,19490.30796304841,-14490.30796304841
3516,train,23000,19490.30796304841,3509.69203695159
4096,train,13000,19490.30796304841,-6490.30796304841
1003,train,140000,19490.30796304841,120509.69203695159
4566,train,50000,19490.30796304841,30509.69203695159
2005,train,14000,19490.30796304841,-5490.30796304841
4654,train,16000,19490.30796304841,-3490.30796304841
3951,train,8000,19490.30796304841,-11490.30796304841
2805,train,9000,19490.30796304841,-10490.30796304841
2418,train,12000,19490.30796304841,-7490.30796304841
1269,train,65000,19490.30796304841,45509.69203695159
461,train,34000,19490.30796304841,14509.69203695159
2217,train,11000,19490.30796304841,-8490.30796304841
3471,train,8500,19490.30796304841,-10990.30796304841
4034,train,4500,19490.30796304841,-14990.30796304841
3981,train,4000,19490.30796304841,-15490.30796304841
640,train,35000,19490.30796304841,15509.69203695159
559,train,110000,19490.30796304841,90509.69203695159
3324,train,18000,19490.30796304841,-1490.3079630484099
3133,train,10000,19490.30796304841,-9490.30796304841
3095,train,20000,19490.30796304841,509.6920369515901
1190,train,35000,19490.30796304841,15509.69203695159
1499,train,13000,19490.30796304841,-6490.30796304841
3716,train,9500,19490.30796304841,-9990.30796304841
3374,train,15000,19490.30796304841,-4490.30796304841
290,train,10000,19490.30796304841,-9490.30796304841
3586,train,6500,19490.30796304841,-12990.30796304841
2852,train,18000,19490.30796304841,-1490.3079630484099
1026,train,65000,19490.30796304841,45509.69203695159
1401,train,22000,19490.30796304841,2509.69203695159
297,train,5000,19490.30796304841,-14490.30796304841
4407,train,52000,19490.30796304841,32509.69203695159
1300,train,260000,19490.30796304841,240509.6920369516
1323,train,22000,19490.30796304841,2509.69203695159
2507,train,52000,19490.30796304841,32509.69203695159
3280,train,47500,19490.30796304841,28009.69203695159
2061,train,9000,19490.30796304841,-10490.30796304841
4005,train,9500,19490.30796304841,-9990.30796304841
3544,train,72000,19490.30796304841,52509.69203695159
411,train,6000,19490.30796304841,-13490.30796304841
2009,train,30000,19490.30796304841,10509.69203695159
2187,train,34000,19490.30796304841,14509.69203695159
2346,train,30000,19490.30796304841,10509.69203695159
2709,train,15000,19490.30796304841,-4490.30796304841
3689,train,8500,19490.30796304841,-10990.30796304841
3087,train,30000,19490.30796304841,10509.69203695159
4041,train,8000,19490.30796304841,-11490.30796304841
891,train,55000,19490.30796304841,35509.69203695159
3795,train,37000,19490.30796304841,17509.69203695159
2567,train,11000,19490.30796304841,-8490.30796304841
3517,train,17000,19490.30796304841,-2490.30796304841
1234,train,100000,19490.30796304841,80509.69203695159
224,train,8500,19490.30796304841,-10990.30796304841
1256,train,28500,19490.30796304841,9009.69203695159
3559,train,6166,19490.30796304841,-13324.30796304841
3523,train,25000,19490.30796304841,5509.69203695159
2296,train,14000,19490.30796304841,-5490.30796304841
2512,train,16000,19490.30796304841,-3490.30796304841
2863,train,20000,19490.30796304841,509.6920369515901
816,train,45000,19490.30796304841,25509.69203695159
750,train,10000,19490.30796304841,-9490.30796304841
2622,train,10000,19490.30796304841,-9490.30796304841
719,train,20000,19490.30796304841,509.6920369515901
9,train,10000,19490.30796304841,-9490.30796304841
1353,train,34000,19490.30796304841,14509.69203695159
2582,train,17000,19490.30796304841,-2490.30796304841
2018,train,5000,19490.30796304841,-14490.30796304841
1921,train,13000,19490.30796304841,-6490.30796304841
254,train,8000,19490.30796304841,-11490.30796304841
881,train,34000,19490.30796304841,14509.69203695159
3075,train,6000,19490.30796304841,-13490.30796304841
3687,train,12000,19490.30796304841,-7490.30796304841
3269,train,28000,19490.30796304841,8509.69203695159
766,train,95000,19490.30796304841,75509.69203695159
2646,train,17401,19490.30796304841,-2089.30796304841
3844,train,18000,19490.30796304841,-1490.3079630484099
740,train,33000,19490.30796304841,13509.69203695159
378,train,6500,19490.30796304841,-12990.30796304841
2872,train,12000,19490.30796304841,-7490.30796304841
2850,train,16500,19490.30796304841,-2990.30796304841
2473,train,12000,19490.30796304841,-7490.30796304841
1497,train,10000,19490.30796304841,-9490.30796304841
4000,train,32000,19490.30796304841,12509.69203695159
3988,train,14500,19490.30796304841,-4990.30796304841
1698,train,9000,19490.30796304841,-10490.30796304841
2255,train,35000,19490.30796304841,15509.69203695159
2247,train,30000,19490.30796304841,10509.69203695159
1631,train,12000,19490.30796304841,-7490.30796304841
1641,train,12000,19490.30796304841,-7490.30796304841
4408,train,9500,19490.30796304841,-9990.30796304841
3696,train,26000,19490.30796304841,6509.69203695159
2868,train,28000,19490.30796304841,8509.69203695159
1252,train,180000,19490.30796304841,160509.6920369516
3751,train,15000,19490.30796304841,-4490.30796304841
1451,train,75000,19490.30796304841,55509.69203695159
4050,train,35000,19490.30796304841,15509.69203695159
2314,train,22000,19490.30796304841,2509.69203695159
111,train,6000,19490.30796304841,-13490.30796304841
2367,train,100000,19490.30796304841,80509.69203695159
4232,train,150000,19490.30796304841,130509.69203695159
670,train,50000,19490.30796304841,30509.69203695159
317,train,5000,19490.30796304841,-14490.30796304841
1779,train,20000,19490.30796304841,509.6920369515901
3674,train,40000,19490.30796304841,20509.69203695159
4672,train,20000,19490.30796304841,509.6920369515901
1648,train,7500,19490.30796304841,-11990.30796304841
338,train,7000,19490.30796304841,-12490.30796304841
1296,train,17000,19490.30796304841,-2490.30796304841
218,train,7500,19490.30796304841,-11990.30796304841
4591,train,37000,19490.30796304841,17509.69203695159
4587,train,40000,19490.30796304841,20509.69203695159
802,train,30000,19490.30796304841,10509.69203695159
1555,train,6000,19490.30796304841,-13490.30796304841
4477,train,9000,19490.30796304841,-10490.30796304841
673,train,25000,19490.30796304841,5509.69203695159
3782,train,11000,19490.30796304841,-8490.30796304841
2310,train,35000,19490.30796304841,15509.69203695159
1982,train,20000,19490.30796304841,509.6920369515901
4494,train,25000,19490.30796304841,5509.69203695159
1469,train,35000,19490.30796304841,15509.69203695159
1592,train,35000,19490.30796304841,15509.69203695159
1958,train,7000,19490.30796304841,-12490.30796304841
1176,train,43000,19490.30796304841,23509.69203695159
4611,train,7500,19490.30796304841,-11990.30796304841
593,train,30000,19490.30796304841,10509.69203695159
2117,train,60000,19490.30796304841,40509.69203695159
3685,train,13000,19490.30796304841,-6490.30796304841
2571,train,22000,19490.30796304841,2509.69203695159
3176,train,7500,19490.30796304841,-11990.30796304841
309,train,7000,19490.30796304841,-12490.30796304841
4608,train,11000,19490.30796304841,-8490.30796304841
3259,train,8000,19490.30796304841,-11490.30796304841
4393,train,10000,19490.30796304841,-9490.30796304841
1030,train,120000,19490.30796304841,100509.69203695159
3367,train,6000,19490.30796304841,-13490.30796304841
469,train,9500,19490.30796304841,-9990.30796304841
2299,train,12000,19490.30796304841,-7490.30796304841
787,train,200000,19490.30796304841,180509.6920369516
2623,train,15000,19490.30796304841,-4490.30796304841
2819,train,35000,19490.30796304841,15509.69203695159
3293,train,46000,19490.30796304841,26509.69203695159
2111,train,32000,19490.30796304841,12509.69203695159
4562,train,16000,19490.30796304841,-3490.30796304841
3389,train,9000,19490.30796304841,-10490.30796304841
1619,train,18000,19490.30796304841,-1490.3079630484099
1962,train,52000,19490.30796304841,32509.69203695159
4179,train,12000,19490.30796304841,-7490.30796304841
4131,train,52000,19490.30796304841,32509.69203695159
2031,train,25000,19490.30796304841,5509.69203695159
1919,train,12500,19490.30796304841,-6990.30796304841
4123,train,14000,19490.30796304841,-5490.30796304841
3028,train,45000,19490.30796304841,25509.69203695159
1705,train,18000,19490.30796304841,-1490.3079630484099
800,train,35000,19490.30796304841,15509.69203695159
2756,train,19000,19490.30796304841,-490.3079630484099
2264,train,6000,19490.30796304841,-13490.30796304841
1115,train,24000,19490.30796304841,4509.69203695159
3779,train,9000,19490.30796304841,-10490.30796304841
229,train,18000,19490.30796304841,-1490.3079630484099
259,train,7000,19490.30796304841,-12490.30796304841
1395,train,180000,19490.30796304841,160509.6920369516
1720,train,11500,19490.30796304841,-7990.30796304841
1186,train,270000,19490.30796304841,250509.6920369516
681,train,150000,19490.30796304841,130509.69203695159
3783,train,140000,19490.30796304841,120509.69203695159
2250,train,6000,19490.30796304841,-13490.30796304841
904,train,100000,19490.30796304841,80509.69203695159
3776,train,12000,19490.30796304841,-7490.30796304841
360,train,5000,19490.30796304841,-14490.30796304841
1287,train,140000,19490.30796304841,120509.69203695159
3660,train,10000,19490.30796304841,-9490.30796304841
3113,train,49000,19490.30796304841,29509.69203695159
2227,train,50000,19490.30796304841,30509.69203695159
4605,train,10000,19490.30796304841,-9490.30796304841
2960,train,5000,19490.30796304841,-14490.30796304841
3622,train,14000,19490.30796304841,-5490.30796304841
2376,train,30000,19490.30796304841,10509.69203695159
305,train,3000,19490.30796304841,-16490.30796304841
505,train,2200,19490.30796304841,-17290.30796304841
3274,train,5000,19490.30796304841,-14490.30796304841
1112,train,200000,19490.30796304841,180509.6920369516
2799,train,90000,19490.30796304841,70509.69203695159
214,train,6000,19490.30796304841,-13490.30796304841
3592,train,15000,19490.30796304841,-4490.30796304841
1947,train,15000,19490.30796304841,-4490.30796304841
865,train,75000,19490.30796304841,55509.69203695159
3524,train,16500,19490.30796304841,-2990.30796304841
326,train,8000,19490.30796304841,-11490.30796304841
3154,train,11000,19490.30796304841,-8490.30796304841
2788,train,21000,19490.30796304841,1509.6920369515901
1111,train,18500,19490.30796304841,-990.3079630484099
4153,train,28000,19490.30796304841,8509.69203695159
2657,train,27000,19490.30796304841,7509.69203695159
834,train,220000,19490.30796304841,200509.6920369516
839,train,65000,19490.30796304841,45509.69203695159
2694,train,15000,19490.30796304841,-4490.30796304841
1836,train,30000,19490.30796304841,10509.69203695159
3397,train,16000,19490.30796304841,-3490.30796304841
328,train,8000,19490.30796304841,-11490.30796304841
1376,train,120000,19490.30796304841,100509.69203695159
942,train,5500,19490.30796304841,-13990.30796304841
1223,train,46000,19490.30796304841,26509.69203695159
3537,train,25000,19490.30796304841,5509.69203695159
1690,train,23000,19490.30796304841,3509.69203695159
2563,train,12000,19490.30796304841,-7490.30796304841
1975,train,20000,19490.30796304841,509.6920369515901
2836,train,130000,19490.30796304841,110509.69203695159
351,train,7000,19490.30796304841,-12490.30796304841
4290,train,20000,19490.30796304841,509.6920369515901
2046,train,42500,19490.30796304841,23009.69203695159
4510,train,8000,19490.30796304841,-11490.30796304841
1618,train,8500,19490.30796304841,-10990.30796304841
1066,train,30000,19490.30796304841,10509.69203695159
1276,train,23000,19490.30796304841,3509.69203695159
1558,train,8000,19490.30796304841,-11490.30796304841
39,train,10000,19490.30796304841,-9490.30796304841
270,train,5500,19490.30796304841,-13990.30796304841
2435,train,9500,19490.30796304841,-9990.30796304841
4635,train,45000,19490.30796304841,25509.69203695159
1035,train,350000,19490.30796304841,330509.6920369516
854,train,32000,19490.30796304841,12509.69203695159
69,train,7500,19490.30796304841,-11990.30796304841
3066,train,8000,19490.30796304841,-11490.30796304841
1838,train,8000,19490.30796304841,-11490.30796304841
2795,train,8000,19490.30796304841,-11490.30796304841
1238,train,84500,19490.30796304841,65009.69203695159
1599,train,13000,19490.30796304841,-6490.30796304841
3796,train,18000,19490.30796304841,-1490.3079630484099
4633,train,16000,19490.30796304841,-3490.30796304841
3225,train,8500,19490.30796304841,-10990.30796304841
991,train,53000,19490.30796304841,33509.69203695159
1091,train,46000,19490.30796304841,26509.69203695159
3571,train,15000,19490.30796304841,-4490.30796304841
2463,train,12500,19490.30796304841,-6990.30796304841
4401,train,32000,19490.30796304841,12509.69203695159
1466,train,90000,19490.30796304841,70509.69203695159
665,train,350000,19490.30796304841,330509.6920369516
1288,train,30000,19490.30796304841,10509.69203695159
3977,train,22000,19490.30796304841,2509.69203695159
1080,train,40000,19490.30796304841,20509.69203695159
1849,train,6000,19490.30796304841,-13490.30796304841
3577,train,23000,19490.30796304841,3509.69203695159
4529,train,42000,19490.30796304841,22509.69203695159
4300,train,30000,19490.30796304841,10509.69203695159
698,train,140000,19490.30796304841,120509.69203695159
3778,train,35000,19490.30796304841,15509.69203695159
921,train,260000,19490.30796304841,240509.6920369516
1674,train,12000,19490.30796304841,-7490.30796304841
2107,train,6500,19490.30796304841,-12990.30796304841
2446,train,70000,19490.30796304841,50509.69203695159
2861,train,13000,19490.30796304841,-6490.30796304841
2459,train,25000,19490.30796304841,5509.69203695159
2008,train,43000,19490.30796304841,23509.69203695159
4476,train,6200,19490.30796304841,-13290.30796304841
3179,train,12000,19490.30796304841,-7490.30796304841
3497,train,20000,19490.30796304841,509.6920369515901
3533,train,9000,19490.30796304841,-10490.30796304841
1782,train,15000,19490.30796304841,-4490.30796304841
2118,train,8500,19490.30796304841,-10990.30796304841
1789,train,30000,19490.30796304841,10509.69203695159
215,train,20000,19490.30796304841,509.6920369515901
2699,train,14000,19490.30796304841,-5490.30796304841
1804,train,16500,19490.30796304841,-2990.30796304841
1386,train,25000,19490.30796304841,5509.69203695159
859,train,25000,19490.30796304841,5509.69203695159
3405,train,20000,19490.30796304841,509.6920369515901
582,train,89000,19490.30796304841,69509.69203695159
4285,train,6500,19490.30796304841,-12990.30796304841
3565,train,14000,19490.30796304841,-5490.30796304841
3798,train,10000,19490.30796304841,-9490.30796304841
1489,train,35000,19490.30796304841,15509.69203695159
964,train,95000,19490.30796304841,75509.69203695159
1543,train,23000,19490.30796304841,3509.69203695159
4428,train,7000,19490.30796304841,-12490.30796304841
2108,train,13500,19490.30796304841,-5990.30796304841
1431,train,85000,19490.30796304841,65509.69203695159
296,train,10000,19490.30796304841,-9490.30796304841
2164,train,11000,19490.30796304841,-8490.30796304841
4732,train,15000,19490.30796304841,-4490.30796304841
1092,train,35000,19490.30796304841,15509.69203695159
2989,train,29000,19490.30796304841,9509.69203695159
1372,train,34000,19490.30796304841,14509.69203695159
2271,train,6000,19490.30796304841,-13490.30796304841
2491,train,27000,19490.30796304841,7509.69203695159
557,train,68000,19490.30796304841,48509.69203695159
849,train,180000,19490.30796304841,160509.6920369516
4208,train,25000,19490.30796304841,5509.69203695159
3162,train,8000,19490.30796304841,-11490.30796304841
3,train,10000,19490.30796304841,-9490.30796304841
4395,train,10000,19490.30796304841,-9490.30796304841
930,train,150000,19490.30796304841,130509.69203695159
1670,train,15000,19490.30796304841,-4490.30796304841
128,train,4700,19490.30796304841,-14790.30796304841
4564,train,20000,19490.30796304841,509.6920369515901
192,train,10000,19490.30796304841,-9490.30796304841
4221,train,11000,19490.30796304841,-8490.30796304841
3688,train,25000,19490.30796304841,5509.69203695159
3359,train,9500,19490.30796304841,-9990.30796304841
4180,train,10000,19490.30796304841,-9490.30796304841
196,train,5200,19490.30796304841,-14290.30796304841
455,train,7000,19490.30796304841,-12490.30796304841
3936,train,55000,19490.30796304841,35509.69203695159
2190,train,12000,19490.30796304841,-7490.30796304841
3365,train,13000,19490.30796304841,-6490.30796304841
2237,train,35000,19490.30796304841,15509.69203695159
487,train,6000,19490.30796304841,-13490.30796304841
520,train,25000,19490.30796304841,5509.69203695159
501,train,14000,19490.30796304841,-5490.30796304841
4495,train,14000,19490.30796304841,-5490.30796304841
957,train,16000,19490.30796304841,-3490.30796304841
2816,train,31500,19490.30796304841,12009.69203695159
4505,train,8500,19490.30796304841,-10990.30796304841
3429,train,22000,19490.30796304841,2509.69203695159
1870,train,11000,19490.30796304841,-8490.30796304841
1812,train,12000,19490.30796304841,-7490.30796304841
682,train,27000,19490.30796304841,7509.69203695159
2629,train,6000,19490.30796304841,-13490.30796304841
3100,train,9000,19490.30796304841,-10490.30796304841
2692,train,50000,19490.30796304841,30509.69203695159
799,train,70000,19490.30796304841,50509.69203695159
2897,train,9000,19490.30796304841,-10490.30796304841
4018,train,17000,19490.30796304841,-2490.30796304841
3908,train,9000,19490.30796304841,-10490.30796304841
2506,train,35000,19490.30796304841,15509.69203695159
125,train,18000,19490.30796304841,-1490.3079630484099
1072,train,54500,19490.30796304841,35009.69203695159
2568,train,52000,19490.30796304841,32509.69203695159
180,train,15000,19490.30796304841,-4490.30796304841
1755,train,6000,19490.30796304841,-13490.30796304841
1258,train,270000,19490.30796304841,250509.6920369516
1201,train,35000,19490.30796304841,15509.69203695159
843,train,56000,19490.30796304841,36509.69203695159
3281,train,7500,19490.30796304841,-11990.30796304841
241,train,9000,19490.30796304841,-10490.30796304841
717,train,8500,19490.30796304841,-10990.30796304841
3127,train,18000,19490.30796304841,-1490.3079630484099
2212,train,9000,19490.30796304841,-10490.30796304841
4309,train,20000,19490.30796304841,509.6920369515901
4092,train,11000,19490.30796304841,-8490.30796304841
619,train,50000,19490.30796304841,30509.69203695159
3023,train,10000,19490.30796304841,-9490.30796304841
2705,train,17000,19490.30796304841,-2490.30796304841
798,train,150000,19490.30796304841,130509.69203695159
749,train,80000,19490.30796304841,60509.69203695159
1130,train,33000,19490.30796304841,13509.69203695159
1758,train,27500,19490.30796304841,8009.69203695159
2651,train,13000,19490.30796304841,-6490.30796304841
2224,train,6200,19490.30796304841,-13290.30796304841
596,train,47000,19490.30796304841,27509.69203695159
235,train,15000,19490.30796304841,-4490.30796304841
458,train,15000,19490.30796304841,-4490.30796304841
2011,train,15000,19490.30796304841,-4490.30796304841
318,train,14000,19490.30796304841,-5490.30796304841
3683,train,13500,19490.30796304841,-5990.30796304841
4461,train,15000,19490.30796304841,-4490.30796304841
22,train,4000,19490.30796304841,-15490.30796304841
4471,train,15000,19490.30796304841,-4490.30796304841
1795,train,7000,19490.30796304841,-12490.30796304841
4177,train,12000,19490.30796304841,-7490.30796304841
4163,train,15000,19490.30796304841,-4490.30796304841
2396,train,10000,19490.30796304841,-9490.30796304841
4190,train,5500,19490.30796304841,-13990.30796304841
2939,train,23000,19490.30796304841,3509.69203695159
836,train,35000,19490.30796304841,15509.69203695159
1686,train,10000,19490.30796304841,-9490.30796304841
1024,train,9400,19490.30796304841,-10090.30796304841
3328,train,30000,19490.30796304841,10509.69203695159
3486,train,6000,19490.30796304841,-13490.30796304841
3079,train,15000,19490.30796304841,-4490.30796304841
2867,train,25000,19490.30796304841,5509.69203695159
1739,train,45000,19490.30796304841,25509.69203695159
4425,train,16000,19490.30796304841,-3490.30796304841
3758,train,11500,19490.30796304841,-7990.30796304841
519,train,12000,19490.30796304841,-7490.30796304841
291,train,14000,19490.30796304841,-5490.30796304841
2377,train,14000,19490.30796304841,-5490.30796304841
1161,train,85000,19490.30796304841,65509.69203695159
4211,train,3000,19490.30796304841,-16490.30796304841
693,train,55000,19490.30796304841,35509.69203695159
1572,train,180000,19490.30796304841,160509.6920369516
4569,train,25000,19490.30796304841,5509.69203695159
1582,train,15000,19490.30796304841,-4490.30796304841
2291,train,22000,19490.30796304841,2509.69203695159
2869,train,22000,19490.30796304841,2509.69203695159
1250,train,13000,19490.30796304841,-6490.30796304841
538,train,33500,19490.30796304841,14009.69203695159
841,train,280000,19490.30796304841,260509.6920369516
1635,train,11000,19490.30796304841,-8490.30796304841
1162,train,110000,19490.30796304841,90509.69203695159
3221,train,65000,19490.30796304841,45509.69203695159
1032,train,130000,19490.30796304841,110509.69203695159
2919,train,30000,19490.30796304841,10509.69203695159
1767,train,9000,19490.30796304841,-10490.30796304841
464,train,7000,19490.30796304841,-12490.30796304841
3765,train,14000,19490.30796304841,-5490.30796304841
2322,train,15000,19490.30796304841,-4490.30796304841
4086,train,20000,19490.30796304841,509.6920369515901
3247,train,9000,19490.30796304841,-10490.30796304841
3924,train,24000,19490.30796304841,4509.69203695159
4439,train,20000,19490.30796304841,509.6920369515901
3012,train,7000,19490.30796304841,-12490.30796304841
3466,train,10000,19490.30796304841,-9490.30796304841
591,train,45000,19490.30796304841,25509.69203695159
2987,train,12000,19490.30796304841,-7490.30796304841
470,train,1800,19490.30796304841,-17690.30796304841
1440,train,22000,19490.30796304841,2509.69203695159
840,train,45000,19490.30796304841,25509.69203695159
3518,train,8500,19490.30796304841,-10990.30796304841
2918,train,24000,19490.30796304841,4509.69203695159
488,train,18000,19490.30796304841,-1490.3079630484099
3016,train,4500,19490.30796304841,-14990.30796304841
3442,train,9500,19490.30796304841,-9990.30796304841
3997,train,13000,19490.30796304841,-6490.30796304841
4458,train,13000,19490.30796304841,-6490.30796304841
2724,train,5000,19490.30796304841,-14490.30796304841
1103,train,70000,19490.30796304841,50509.69203695159
4001,train,15000,19490.30796304841,-4490.30796304841
3940,train,7000,19490.30796304841,-12490.30796304841
795,train,18500,19490.30796304841,-990.3079630484099
4288,train,3300,19490.30796304841,-16190.30796304841
704,train,40000,19490.30796304841,20509.69203695159
4347,train,7500,19490.30796304841,-11990.30796304841
3790,train,70000,19490.30796304841,50509.69203695159
3676,train,18000,19490.30796304841,-1490.3079630484099
1319,train,12000,19490.30796304841,-7490.30796304841
2270,train,60000,19490.30796304841,40509.69203695159
3786,train,250000,19490.30796304841,230509.6920369516
1291,train,85000,19490.30796304841,65509.69203695159
1414,train,85000,19490.30796304841,65509.69203695159
2139,train,7500,19490.30796304841,-11990.30796304841
3119,train,11000,19490.30796304841,-8490.30796304841
1965,train,22000,19490.30796304841,2509.69203695159
4725,train,18000,19490.30796304841,-1490.3079630484099
2173,train,12000,19490.30796304841,-7490.30796304841
558,train,30000,19490.30796304841,10509.69203695159
1845,train,13000,19490.30796304841,-6490.30796304841
1634,train,8000,19490.30796304841,-11490.30796304841
431,train,23000,19490.30796304841,3509.69203695159
2439,train,30000,19490.30796304841,10509.69203695159
3543,train,12000,19490.30796304841,-7490.30796304841
349,train,6000,19490.30796304841,-13490.30796304841
53,train,15000,19490.30796304841,-4490.30796304841
3632,train,10000,19490.30796304841,-9490.30796304841
50,train,7500,19490.30796304841,-11990.30796304841
4412,train,9000,19490.30796304841,-10490.30796304841
3284,train,7000,19490.30796304841,-12490.30796304841
2905,train,12100,19490.30796304841,-7390.30796304841
1418,train,20000,19490.30796304841,509.6920369515901
2157,train,12000,19490.30796304841,-7490.30796304841
1302,train,45000,19490.30796304841,25509.69203695159
1859,train,50000,19490.30796304841,30509.69203695159
3539,train,14000,19490.30796304841,-5490.30796304841
1993,train,30000,19490.30796304841,10509.69203695159
28,train,8500,19490.30796304841,-10990.30796304841
2092,train,9000,19490.30796304841,-10490.30796304841
3243,train,25000,19490.30796304841,5509.69203695159
3682,train,9500,19490.30796304841,-9990.30796304841
3453,train,37500,19490.30796304841,18009.69203695159
1260,train,26000,19490.30796304841,6509.69203695159
1424,train,22000,19490.30796304841,2509.69203695159
3440,train,14000,19490.30796304841,-5490.30796304841
1933,train,8000,19490.30796304841,-11490.30796304841
204,train,5000,19490.30796304841,-14490.30796304841
3010,train,20000,19490.30796304841,509.6920369515901
4540,train,7000,19490.30796304841,-12490.30796304841
2803,train,4000,19490.30796304841,-15490.30796304841
3854,train,26000,19490.30796304841,6509.69203695159
1301,train,32000,19490.30796304841,12509.69203695159
4160,train,14000,19490.30796304841,-5490.30796304841
1237,train,79500,19490.30796304841,60009.69203695159
3057,train,6000,19490.30796304841,-13490.30796304841
1792,train,20000,19490.30796304841,509.6920369515901
977,train,23000,19490.30796304841,3509.69203695159
2216,train,11000,19490.30796304841,-8490.30796304841
2913,train,40000,19490.30796304841,20509.69203695159
1437,train,75000,19490.30796304841,55509.69203695159
2693,train,20000,19490.30796304841,509.6920369515901
4679,train,20000,19490.30796304841,509.6920369515901
1639,train,8000,19490.30796304841,-11490.30796304841
3449,train,15000,19490.30796304841,-4490.30796304841
542,train,400000,19490.30796304841,380509.6920369516
1362,train,170000,19490.30796304841,150509.6920369516
2415,train,80000,19490.30796304841,60509.69203695159
3002,train,15000,19490.30796304841,-4490.30796304841
2404,train,14900,19490.30796304841,-4590.30796304841
4664,train,8000,19490.30796304841,-11490.30796304841
2259,train,30000,19490.30796304841,10509.69203695159
2901,train,23000,19490.30796304841,3509.69203695159
2497,train,7000,19490.30796304841,-12490.30796304841
1330,train,16000,19490.30796304841,-3490.30796304841
2993,train,14000,19490.30796304841,-5490.30796304841
3712,train,23000,19490.30796304841,3509.69203695159
3756,train,16000,19490.30796304841,-3490.30796304841
2238,train,9000,19490.30796304841,-10490.30796304841
330,train,3800,19490.30796304841,-15690.30796304841
1067,train,45000,19490.30796304841,25509.69203695159
1127,train,43000,19490.30796304841,23509.69203695159
3834,train,40000,19490.30796304841,20509.69203695159
3343,train,18000,19490.30796304841,-1490.3079630484099
630,train,310000,19490.30796304841,290509.6920369516
713,train,35000,19490.30796304841,15509.69203695159
2747,train,9500,19490.30796304841,-9990.30796304841
2094,train,20000,19490.30796304841,509.6920369515901
268,train,6500,19490.30796304841,-12990.30796304841
3928,train,27000,19490.30796304841,7509.69203695159
2535,train,16000,19490.30796304841,-3490.30796304841
2105,train,6000,19490.30796304841,-13490.30796304841
3851,train,27500,19490.30796304841,8009.69203695159
1617,train,12000,19490.30796304841,-7490.30796304841
2895,train,150000,19490.30796304841,130509.69203695159
265,train,40000,19490.30796304841,20509.69203695159
4120,train,80000,19490.30796304841,60509.69203695159
2533,train,28500,19490.30796304841,9009.69203695159
4250,train,15000,19490.30796304841,-4490.30796304841
2249,train,21000,19490.30796304841,1509.6920369515901
3419,train,10500,19490.30796304841,-8990.30796304841
506,train,3300,19490.30796304841,-16190.30796304841
2994,train,6000,19490.30796304841,-13490.30796304841
4426,train,14000,19490.30796304841,-5490.30796304841
1345,train,90000,19490.30796304841,70509.69203695159
1485,train,280000,19490.30796304841,260509.6920369516
1796,train,10000,19490.30796304841,-9490.30796304841
233,train,21000,19490.30796304841,1509.6920369515901
622,train,220000,19490.30796304841,200509.6920369516
1074,train,67000,19490.30796304841,47509.69203695159
2821,train,20000,19490.30796304841,509.6920369515901
2601,train,30000,19490.30796304841,10509.69203695159
1976,train,9000,19490.30796304841,-10490.30796304841
4689,train,53000,19490.30796304841,33509.69203695159
3223,train,15000,19490.30796304841,-4490.30796304841
220,train,3000,19490.30796304841,-16490.30796304841
4729,train,17000,19490.30796304841,-2490.30796304841
1294,train,36000,19490.30796304841,16509.69203695159
3840,train,13000,19490.30796304841,-6490.30796304841
428,train,5500,19490.30796304841,-13990.30796304841
429,train,8500,19490.30796304841,-10990.30796304841
1590,train,9000,19490.30796304841,-10490.30796304841
2460,train,13000,19490.30796304841,-6490.30796304841
2191,train,8000,19490.30796304841,-11490.30796304841
872,train,130000,19490.30796304841,110509.69203695159
107,train,8000,19490.30796304841,-11490.30796304841
2234,train,6000,19490.30796304841,-13490.30796304841
613,train,30000,19490.30796304841,10509.69203695159
1760,train,10000,19490.30796304841,-9490.30796304841
4649,train,6000,19490.30796304841,-13490.30796304841
4366,train,10000,19490.30796304841,-9490.30796304841
1340,train,400000,19490.30796304841,380509.6920369516
4715,train,15000,19490.30796304841,-4490.30796304841
1211,train,30000,19490.30796304841,10509.69203695159
2132,train,8000,19490.30796304841,-11490.30796304841
1168,train,150000,19490.30796304841,130509.69203695159
861,train,95000,19490.30796304841,75509.69203695159
1567,train,14500,19490.30796304841,-4990.30796304841
2667,train,11000,19490.30796304841,-8490.30796304841
689,train,48000,19490.30796304841,28509.69203695159
2690,train,9000,19490.30796304841,-10490.30796304841
2165,train,15000,19490.30796304841,-4490.30796304841
348,train,20000,19490.30796304841,509.6920369515901
2413,train,7500,19490.30796304841,-11990.30796304841
4280,train,10000,19490.30796304841,-9490.30796304841
3329,train,9000,19490.30796304841,-10490.30796304841
3551,train,25000,19490.30796304841,5509.69203695159
2054,train,15000,19490.30796304841,-4490.30796304841
3298,train,23999,19490.30796304841,4508.69203695159
3029,train,35000,19490.30796304841,15509.69203695159
494,train,12000,19490.30796304841,-7490.30796304841
2558,train,10000,19490.30796304841,-9490.30796304841
4361,train,53000,19490.30796304841,33509.69203695159
3519,train,10000,19490.30796304841,-9490.30796304841
2429,train,55000,19490.30796304841,35509.69203695159
2168,train,42000,19490.30796304841,22509.69203695159
4030,train,19800,19490.30796304841,309.6920369515901
1561,train,10000,19490.30796304841,-9490.30796304841
4415,train,9000,19490.30796304841,-10490.30796304841
3907,train,8000,19490.30796304841,-11490.30796304841
3970,train,12000,19490.30796304841,-7490.30796304841
2148,train,18000,19490.30796304841,-1490.3079630484099
3953,train,65000,19490.30796304841,45509.69203695159
2166,train,5500,19490.30796304841,-13990.30796304841
720,train,38000,19490.30796304841,18509.69203695159
863,train,18500,19490.30796304841,-990.3079630484099
399,train,5000,19490.30796304841,-14490.30796304841
2214,train,10000,19490.30796304841,-9490.30796304841
3594,train,7000,19490.30796304841,-12490.30796304841
2430,train,20000,19490.30796304841,509.6920369515901
3771,train,13000,19490.30796304841,-6490.30796304841
2112,train,42000,19490.30796304841,22509.69203695159
3734,train,15000,19490.30796304841,-4490.30796304841
4176,train,200000,19490.30796304841,180509.6920369516
2428,train,15500,19490.30796304841,-3990.30796304841
925,train,400000,19490.30796304841,380509.6920369516
2950,train,6000,19490.30796304841,-13490.30796304841
109,train,6000,19490.30796304841,-13490.30796304841
2719,train,25000,19490.30796304841,5509.69203695159
4386,train,25000,19490.30796304841,5509.69203695159
2644,train,7000,19490.30796304841,-12490.30796304841
3398,train,18000,19490.30796304841,-1490.3079630484099
4563,train,12000,19490.30796304841,-7490.30796304841
4296,train,8000,19490.30796304841,-11490.30796304841
1511,train,15000,19490.30796304841,-4490.30796304841
4195,train,24000,19490.30796304841,4509.69203695159
3784,train,12000,19490.30796304841,-7490.30796304841
4634,train,16000,19490.30796304841,-3490.30796304841
2723,train,6000,19490.30796304841,-13490.30796304841
1940,train,8000,19490.30796304841,-11490.30796304841
1494,train,13000,19490.30796304841,-6490.30796304841
4557,train,23000,19490.30796304841,3509.69203695159
2194,train,32000,19490.30796304841,12509.69203695159
1500,train,7500,19490.30796304841,-11990.30796304841
2921,train,10000,19490.30796304841,-9490.30796304841
2948,train,30000,19490.30796304841,10509.69203695159
2465,train,15500,19490.30796304841,-3990.30796304841
2488,train,9000,19490.30796304841,-10490.30796304841
86,train,7000,19490.30796304841,-12490.30796304841
1659,train,14500,19490.30796304841,-4990.30796304841
2457,train,7500,19490.30796304841,-11990.30796304841
3196,train,11000,19490.30796304841,-8490.30796304841
1676,train,150000,19490.30796304841,130509.69203695159
4308,train,17000,19490.30796304841,-2490.30796304841
1148,train,240000,19490.30796304841,220509.6920369516
3437,train,7000,19490.30796304841,-12490.30796304841
3785,train,13000,19490.30796304841,-6490.30796304841
1934,train,9500,19490.30796304841,-9990.30796304841
1135,train,40000,19490.30796304841,20509.69203695159
2808,train,12500,19490.30796304841,-6990.30796304841
3607,train,30000,19490.30796304841,10509.69203695159
561,train,20000,19490.30796304841,509.6920369515901
3481,train,13000,19490.30796304841,-6490.30796304841
4148,train,20000,19490.30796304841,509.6920369515901
826,train,1000000,19490.30796304841,980509.6920369515
949,train,180000,19490.30796304841,160509.6920369516
898,train,60000,19490.30796304841,40509.69203695159
3511,train,65000,19490.30796304841,45509.69203695159
80,train,14500,19490.30796304841,-4990.30796304841
453,train,7000,19490.30796304841,-12490.30796304841
2560,train,12000,19490.30796304841,-7490.30796304841
1396,train,30000,19490.30796304841,10509.69203695159
3250,train,14000,19490.30796304841,-5490.30796304841
570,train,45000,19490.30796304841,25509.69203695159
1606,train,37000,19490.30796304841,17509.69203695159
1399,train,70000,19490.30796304841,50509.69203695159
1523,train,5500,19490.30796304841,-13990.30796304841
4281,train,10000,19490.30796304841,-9490.30796304841
240,train,8500,19490.30796304841,-10990.30796304841
451,train,5146,19490.30796304841,-14344.30796304841
1311,train,50000,19490.30796304841,30509.69203695159
258,train,22000,19490.30796304841,2509.69203695159
3138,train,8000,19490.30796304841,-11490.30796304841
102,train,21000,19490.30796304841,1509.6920369515901
794,train,150000,19490.30796304841,130509.69203695159
3575,train,60000,19490.30796304841,40509.69203695159
1528,train,18000,19490.30796304841,-1490.3079630484099
4596,train,6000,19490.30796304841,-13490.30796304841
818,train,50000,19490.30796304841,30509.69203695159
2781,train,18000,19490.30796304841,-1490.3079630484099
1088,train,50000,19490.30796304841,30509.69203695159
219,train,6500,19490.30796304841,-12990.30796304841
245,train,7000,19490.30796304841,-12490.30796304841
210,train,13000,19490.30796304841,-6490.30796304841
4371,train,40000,19490.30796304841,20509.69203695159
706,train,20000,19490.30796304841,509.6920369515901
874,train,250000,19490.30796304841,230509.6920369516
2120,train,8500,19490.30796304841,-10990.30796304841
1873,train,120000,19490.30796304841,100509.69203695159
337,train,7000,19490.30796304841,-12490.30796304841
1948,train,14000,19490.30796304841,-5490.30796304841
1951,train,12000,19490.30796304841,-7490.30796304841
1134,train,36000,19490.30796304841,16509.69203695159
1563,train,11000,19490.30796304841,-8490.30796304841
2909,train,42000,19490.30796304841,22509.69203695159
44,train,6000,19490.30796304841,-13490.30796304841
2892,train,20000,19490.30796304841,509.6920369515901
1622,train,17000,19490.30796304841,-2490.30796304841
4313,train,17000,19490.30796304841,-2490.30796304841
3444,train,120000,19490.30796304841,100509.69203695159
697,train,43000,19490.30796304841,23509.69203695159
298,train,9000,19490.30796304841,-10490.30796304841
4233,train,16000,19490.30796304841,-3490.30796304841
1054,train,100000,19490.30796304841,80509.69203695159
2406,train,10000,19490.30796304841,-9490.30796304841
2725,train,20000,19490.30796304841,509.6920369515901
4470,train,20000,19490.30796304841,509.6920369515901
129,train,4700,19490.30796304841,-14790.30796304841
4292,train,20000,19490.30796304841,509.6920369515901
4736,val,15000,19490.30796304841,-4490.30796304841
1052,val,130000,19490.30796304841,110509.69203695159
2600,val,40000,19490.30796304841,20509.69203695159
2818,val,60000,19490.30796304841,40509.69203695159
2820,val,55000,19490.30796304841,35509.69203695159
1037,val,55000,19490.30796304841,35509.69203695159
2610,val,42000,19490.30796304841,22509.69203695159
1382,val,80000,19490.30796304841,60509.69203695159
2755,val,65000,19490.30796304841,45509.69203695159
2674,val,35000,19490.30796304841,15509.69203695159
1397,val,100000,19490.30796304841,80509.69203695159
2206,val,21000,19490.30796304841,1509.6920369515901
1980,val,12000,19490.30796304841,-7490.30796304841
4277,val,22000,19490.30796304841,2509.69203695159
4121,val,7500,19490.30796304841,-11990.30796304841
2033,val,30000,19490.30796304841,10509.69203695159
1446,val,22000,19490.30796304841,2509.69203695159
3807,val,23000,19490.30796304841,3509.69203695159
2045,val,19000,19490.30796304841,-490.3079630484099
4571,val,12000,19490.30796304841,-7490.30796304841
1574,val,12000,19490.30796304841,-7490.30796304841
4681,val,9000,19490.30796304841,-10490.30796304841
2335,val,22000,19490.30796304841,2509.69203695159
1817,val,19000,19490.30796304841,-490.3079630484099
2553,val,15000,19490.30796304841,-4490.30796304841
3498,val,16000,19490.30796304841,-3490.30796304841
2864,val,5500,19490.30796304841,-13990.30796304841
3777,val,17000,19490.30796304841,-2490.30796304841
4599,val,16000,19490.30796304841,-3490.30796304841
2502,val,11000,19490.30796304841,-8490.30796304841
765,val,140000,19490.30796304841,120509.69203695159
3974,val,12000,19490.30796304841,-7490.30796304841
1503,val,10500,19490.30796304841,-8990.30796304841
1876,val,5000,19490.30796304841,-14490.30796304841
1886,val,6000,19490.30796304841,-13490.30796304841
866,val,100000,19490.30796304841,80509.69203695159
862,val,30000,19490.30796304841,10509.69203695159
347,val,8500,19490.30796304841,-10990.30796304841
1271,val,98000,19490.30796304841,78509.69203695159
1129,val,35000,19490.30796304841,15509.69203695159
2738,val,8500,19490.30796304841,-10990.30796304841
1197,val,55000,19490.30796304841,35509.69203695159
3181,val,5000,19490.30796304841,-14490.30796304841
768,val,45000,19490.30796304841,25509.69203695159
1025,val,100000,19490.30796304841,80509.69203695159
4556,val,11000,19490.30796304841,-8490.30796304841
2453,val,6000,19490.30796304841,-13490.30796304841
1,val,20000,19490.30796304841,509.6920369515901
2843,val,28000,19490.30796304841,8509.69203695159
1281,val,95000,19490.30796304841,75509.69203695159
4377,val,20000,19490.30796304841,509.6920369515901
1904,val,65000,19490.30796304841,45509.69203695159
3263,val,25000,19490.30796304841,5509.69203695159
2965,val,85000,19490.30796304841,65509.69203695159
4414,val,39000,19490.30796304841,19509.69203695159
209,val,8000,19490.30796304841,-11490.30796304841
1147,val,8000,19490.30796304841,-11490.30796304841
3385,val,5700,19490.30796304841,-13790.30796304841
3839,val,27000,19490.30796304841,7509.69203695159
4143,val,60000,19490.30796304841,40509.69203695159
2926,val,5500,19490.30796304841,-13990.30796304841
3195,val,12000,19490.30796304841,-7490.30796304841
2597,val,10000,19490.30796304841,-9490.30796304841
2302,val,60000,19490.30796304841,40509.69203695159
4469,val,16000,19490.30796304841,-3490.30796304841
638,val,190000,19490.30796304841,170509.6920369516
4489,val,15000,19490.30796304841,-4490.30796304841
3213,val,8000,19490.30796304841,-11490.30796304841
3495,val,70000,19490.30796304841,50509.69203695159
285,val,25000,19490.30796304841,5509.69203695159
4667,val,15000,19490.30796304841,-4490.30796304841
3725,val,11000,19490.30796304841,-8490.30796304841
3846,val,14000,19490.30796304841,-5490.30796304841
3331,val,30000,19490.30796304841,10509.69203695159
2220,val,6500,19490.30796304841,-12990.30796304841
4622,val,13000,19490.30796304841,-6490.30796304841
667,val,25000,19490.30796304841,5509.69203695159
1773,val,16000,19490.30796304841,-3490.30796304841
744,val,300000,19490.30796304841,280509.6920369516
3849,val,15000,19490.30796304841,-4490.30796304841
4514,val,70000,19490.30796304841,50509.69203695159
2023,val,16000,19490.30796304841,-3490.30796304841
1732,val,10000,19490.30796304841,-9490.30796304841
2277,val,8000,19490.30796304841,-11490.30796304841
1801,val,18000,19490.30796304841,-1490.3079630484099
3715,val,17000,19490.30796304841,-2490.30796304841
4134,val,25000,19490.30796304841,5509.69203695159
3500,val,100000,19490.30796304841,80509.69203695159
3326,val,12000,19490.30796304841,-7490.30796304841
3583,val,10000,19490.30796304841,-9490.30796304841
3370,val,7500,19490.30796304841,-11990.30796304841
2142,val,30000,19490.30796304841,10509.69203695159
433,val,8500,19490.30796304841,-10990.30796304841
634,val,150000,19490.30796304841,130509.69203695159
2239,val,8000,19490.30796304841,-11490.30796304841
3413,val,30000,19490.30796304841,10509.69203695159
262,val,15000,19490.30796304841,-4490.30796304841
2007,val,14000,19490.30796304841,-5490.30796304841
733,val,25000,19490.30796304841,5509.69203695159
2069,val,13000,19490.30796304841,-6490.30796304841
3960,val,30000,19490.30796304841,10509.69203695159
814,val,100000,19490.30796304841,80509.69203695159
4706,val,12000,19490.30796304841,-7490.30796304841
1077,val,98000,19490.30796304841,78509.69203695159
975,val,100000,19490.30796304841,80509.69203695159
4335,val,30000,19490.30796304841,10509.69203695159
146,val,2200,19490.30796304841,-17290.30796304841
2021,val,35000,19490.30796304841,15509.69203695159
1895,val,6500,19490.30796304841,-12990.30796304841
3218,val,18000,19490.30796304841,-1490.3079630484099
2195,val,14500,19490.30796304841,-4990.30796304841
4312,val,7000,19490.30796304841,-12490.30796304841
2923,val,280000,19490.30796304841,260509.6920369516
64,val,3500,19490.30796304841,-15990.30796304841
4118,val,17000,19490.30796304841,-2490.30796304841
1131,val,47000,19490.30796304841,27509.69203695159
1196,val,120000,19490.30796304841,100509.69203695159
336,val,7200,19490.30796304841,-12290.30796304841
1815,val,12000,19490.30796304841,-7490.30796304841
4582,val,37000,19490.30796304841,17509.69203695159
2887,val,10000,19490.30796304841,-9490.30796304841
2154,val,9000,19490.30796304841,-10490.30796304841
3944,val,45000,19490.30796304841,25509.69203695159
1290,val,80000,19490.30796304841,60509.69203695159
747,val,35000,19490.30796304841,15509.69203695159
2449,val,9000,19490.30796304841,-10490.30796304841
221,val,5200,19490.30796304841,-14290.30796304841
3102,val,55000,19490.30796304841,35509.69203695159
2079,val,14000,19490.30796304841,-5490.30796304841
1049,val,40000,19490.30796304841,20509.69203695159
1051,val,95000,19490.30796304841,75509.69203695159
4014,val,16000,19490.30796304841,-3490.30796304841
2860,val,250000,19490.30796304841,230509.6920369516
1433,val,7500,19490.30796304841,-11990.30796304841
4421,val,8000,19490.30796304841,-11490.30796304841
3009,val,15000,19490.30796304841,-4490.30796304841
4728,val,15000,19490.30796304841,-4490.30796304841
3305,val,14000,19490.30796304841,-5490.30796304841
2057,val,9500,19490.30796304841,-9990.30796304841
992,val,140000,19490.30796304841,120509.69203695159
994,val,65000,19490.30796304841,45509.69203695159
4536,val,38000,19490.30796304841,18509.69203695159
1216,val,43000,19490.30796304841,23509.69203695159
1277,val,55000,19490.30796304841,35509.69203695159
2052,val,15000,19490.30796304841,-4490.30796304841
3991,val,18000,19490.30796304841,-1490.3079630484099
3169,val,10000,19490.30796304841,-9490.30796304841
965,val,68000,19490.30796304841,48509.69203695159
2182,val,190000,19490.30796304841,170509.6920369516
99,val,15000,19490.30796304841,-4490.30796304841
2970,val,24000,19490.30796304841,4509.69203695159
226,val,7000,19490.30796304841,-12490.30796304841
74,val,40000,19490.30796304841,20509.69203695159
752,val,57000,19490.30796304841,37509.69203695159
4670,val,17000,19490.30796304841,-2490.30796304841
3126,val,25000,19490.30796304841,5509.69203695159
1299,val,140000,19490.30796304841,120509.69203695159
3448,val,120000,19490.30796304841,100509.69203695159
3193,val,15000,19490.30796304841,-4490.30796304841
4650,val,32000,19490.30796304841,12509.69203695159
3573,val,7500,19490.30796304841,-11990.30796304841
2326,val,11000,19490.30796304841,-8490.30796304841
1988,val,13000,19490.30796304841,-6490.30796304841
791,val,600000,19490.30796304841,580509.6920369515
3039,val,40000,19490.30796304841,20509.69203695159
170,val,5000,19490.30796304841,-14490.30796304841
3866,val,50000,19490.30796304841,30509.69203695159
2846,val,27000,19490.30796304841,7509.69203695159
3982,val,12000,19490.30796304841,-7490.30796304841
2758,val,12000,19490.30796304841,-7490.30796304841
2712,val,7500,19490.30796304841,-11990.30796304841
3925,val,15000,19490.30796304841,-4490.30796304841
3130,val,15000,19490.30796304841,-4490.30796304841
2588,val,4000,19490.30796304841,-15490.30796304841
906,val,4500,19490.30796304841,-14990.30796304841
4234,val,6000,19490.30796304841,-13490.30796304841
890,val,80000,19490.30796304841,60509.69203695159
1482,val,40000,19490.30796304841,20509.69203695159
535,val,30000,19490.30796304841,10509.69203695159
1329,val,50000,19490.30796304841,30509.69203695159
2444,val,12000,19490.30796304841,-7490.30796304841
1442,val,55000,19490.30796304841,35509.69203695159
1943,val,5000,19490.30796304841,-14490.30796304841
4151,val,12000,19490.30796304841,-7490.30796304841
2902,val,30000,19490.30796304841,10509.69203695159
2943,val,27000,19490.30796304841,7509.69203695159
271,val,9000,19490.30796304841,-10490.30796304841
1527,val,10000,19490.30796304841,-9490.30796304841
2373,val,8000,19490.30796304841,-11490.30796304841
3474,val,12000,19490.30796304841,-7490.30796304841
4189,val,13900,19490.30796304841,-5590.30796304841
4567,val,23000,19490.30796304841,3509.69203695159
1892,val,7500,19490.30796304841,-11990.30796304841
3291,val,10000,19490.30796304841,-9490.30796304841
3864,val,28000,19490.30796304841,8509.69203695159
858,val,160000,19490.30796304841,140509.6920369516
3353,val,20000,19490.30796304841,509.6920369515901
1715,val,21000,19490.30796304841,1509.6920369515901
3445,val,20000,19490.30796304841,509.6920369515901
3932,val,25000,19490.30796304841,5509.69203695159
2040,val,16000,19490.30796304841,-3490.30796304841
663,val,50000,19490.30796304841,30509.69203695159
4192,val,4700,19490.30796304841,-14790.30796304841
3202,val,12000,19490.30796304841,-7490.30796304841
1266,val,85000,19490.30796304841,65509.69203695159
217,val,30000,19490.30796304841,10509.69203695159
1978,val,27500,19490.30796304841,8009.69203695159
2749,val,30000,19490.30796304841,10509.69203695159
3609,val,14000,19490.30796304841,-5490.30796304841
1473,val,45000,19490.30796304841,25509.69203695159
2059,val,9000,19490.30796304841,-10490.30796304841
4539,val,25000,19490.30796304841,5509.69203695159
653,val,13500,19490.30796304841,-5990.30796304841
2048,val,18000,19490.30796304841,-1490.3079630484099
42,val,5000,19490.30796304841,-14490.30796304841
4454,val,15000,19490.30796304841,-4490.30796304841
1989,val,11000,19490.30796304841,-8490.30796304841
2671,val,20500,19490.30796304841,1009.6920369515901
580,val,13000,19490.30796304841,-6490.30796304841
2792,val,7000,19490.30796304841,-12490.30796304841
916,val,90000,19490.30796304841,70509.69203695159
3789,val,36000,19490.30796304841,16509.69203695159
410,val,6500,19490.30796304841,-12990.30796304841
2089,val,30000,19490.30796304841,10509.69203695159
3735,val,28000,19490.30796304841,8509.69203695159
201,val,10000,19490.30796304841,-9490.30796304841
2546,val,12000,19490.30796304841,-7490.30796304841
2084,val,12000,19490.30796304841,-7490.30796304841
1710,val,7000,19490.30796304841,-12490.30796304841
4079,val,27000,19490.30796304841,7509.69203695159
4488,val,25000,19490.30796304841,5509.69203695159
3035,val,10000,19490.30796304841,-9490.30796304841
3920,val,27000,19490.30796304841,7509.69203695159
3277,val,25000,19490.30796304841,5509.69203695159
3949,val,35000,19490.30796304841,15509.69203695159
2656,val,5000,19490.30796304841,-14490.30796304841
1941,val,22000,19490.30796304841,2509.69203695159
2383,val,18500,19490.30796304841,-990.3079630484099
2423,val,8500,19490.30796304841,-10990.30796304841
4653,val,12000,19490.30796304841,-7490.30796304841
3962,val,25000,19490.30796304841,5509.69203695159
565,val,44000,19490.30796304841,24509.69203695159
3248,val,14000,19490.30796304841,-5490.30796304841
1428,val,31000,19490.30796304841,11509.69203695159
1193,val,250000,19490.30796304841,230509.6920369516
2448,val,35000,19490.30796304841,15509.69203695159
1512,val,7000,19490.30796304841,-12490.30796304841
2841,val,10000,19490.30796304841,-9490.30796304841
3400,val,7500,19490.30796304841,-11990.30796304841
395,val,6000,19490.30796304841,-13490.30796304841
2607,val,15500,19490.30796304841,-3990.30796304841
1097,val,29500,19490.30796304841,10009.69203695159
1917,val,14000,19490.30796304841,-5490.30796304841
1491,val,250000,19490.30796304841,230509.6920369516
1453,val,55000,19490.30796304841,35509.69203695159
1877,val,18000,19490.30796304841,-1490.3079630484099
3436,val,13500,19490.30796304841,-5990.30796304841
1566,val,24000,19490.30796304841,4509.69203695159
757,val,24000,19490.30796304841,4509.69203695159
3956,val,45000,19490.30796304841,25509.69203695159
4251,val,15500,19490.30796304841,-3990.30796304841
3603,val,6500,19490.30796304841,-12990.30796304841
1496,val,21000,19490.30796304841,1509.6920369515901
3377,val,20000,19490.30796304841,509.6920369515901
3507,val,17000,19490.30796304841,-2490.30796304841
2197,val,7500,19490.30796304841,-11990.30796304841
1858,val,17000,19490.30796304841,-2490.30796304841
3841,val,9000,19490.30796304841,-10490.30796304841
1578,val,12000,19490.30796304841,-7490.30796304841
247,val,7000,19490.30796304841,-12490.30796304841
2170,val,15000,19490.30796304841,-4490.30796304841
3069,val,14000,19490.30796304841,-5490.30796304841
1093,val,75000,19490.30796304841,55509.69203695159
808,val,60000,19490.30796304841,40509.69203695159
2837,val,150000,19490.30796304841,130509.69203695159
4061,val,13000,19490.30796304841,-6490.30796304841
2703,val,10000,19490.30796304841,-9490.30796304841
2417,val,13000,19490.30796304841,-6490.30796304841
2590,val,20000,19490.30796304841,509.6920369515901
4409,val,46000,19490.30796304841,26509.69203695159
2245,val,11000,19490.30796304841,-8490.30796304841
3560,val,20000,19490.30796304841,509.6920369515901
4029,val,15000,19490.30796304841,-4490.30796304841
2409,val,7000,19490.30796304841,-12490.30796304841
3568,val,26000,19490.30796304841,6509.69203695159
592,val,170000,19490.30796304841,150509.6920369516
1979,val,16000,19490.30796304841,-3490.30796304841
373,val,15000,19490.30796304841,-4490.30796304841
2732,val,20000,19490.30796304841,509.6920369515901
2678,val,17000,19490.30796304841,-2490.30796304841
2751,val,13000,19490.30796304841,-6490.30796304841
1826,val,7000,19490.30796304841,-12490.30796304841
301,val,15000,19490.30796304841,-4490.30796304841
2900,val,16000,19490.30796304841,-3490.30796304841
3316,val,7000,19490.30796304841,-12490.30796304841
648,val,80000,19490.30796304841,60509.69203695159
3645,val,20000,19490.30796304841,509.6920369515901
457,val,8000,19490.30796304841,-11490.30796304841
1679,val,40000,19490.30796304841,20509.69203695159
3219,val,15000,19490.30796304841,-4490.30796304841
3030,val,34999,19490.30796304841,15508.69203695159
3261,val,12000,19490.30796304841,-7490.30796304841
1016,val,45000,19490.30796304841,25509.69203695159
3033,val,15000,19490.30796304841,-4490.30796304841
4369,val,7000,19490.30796304841,-12490.30796304841
3318,val,20000,19490.30796304841,509.6920369515901
3662,val,13500,19490.30796304841,-5990.30796304841
2830,val,12000,19490.30796304841,-7490.30796304841
4077,val,25000,19490.30796304841,5509.69203695159
1019,val,20000,19490.30796304841,509.6920369515901
3446,val,21000,19490.30796304841,1509.6920369515901
1891,val,36000,19490.30796304841,16509.69203695159
1336,val,21000,19490.30796304841,1509.6920369515901
3927,val,12000,19490.30796304841,-7490.30796304841
4703,val,60000,19490.30796304841,40509.69203695159
4522,val,9500,19490.30796304841,-9990.30796304841
2655,val,9500,19490.30796304841,-9990.30796304841
187,val,8000,19490.30796304841,-11490.30796304841
1584,val,27000,19490.30796304841,7509.69203695159
2726,val,10000,19490.30796304841,-9490.30796304841
287,val,7500,19490.30796304841,-11990.30796304841
1156,val,260000,19490.30796304841,240509.6920369516
3348,val,53000,19490.30796304841,33509.69203695159
3679,val,11000,19490.30796304841,-8490.30796304841
3740,val,36000,19490.30796304841,16509.69203695159
1263,val,27000,19490.30796304841,7509.69203695159
503,val,40000,19490.30796304841,20509.69203695159
1747,val,15000,19490.30796304841,-4490.30796304841
4410,val,12000,19490.30796304841,-7490.30796304841
2329,val,8500,19490.30796304841,-10990.30796304841
600,val,300000,19490.30796304841,280509.6920369516
2592,val,150000,19490.30796304841,130509.69203695159
4497,val,12500,19490.30796304841,-6990.30796304841
3934,val,12000,19490.30796304841,-7490.30796304841
675,val,21000,19490.30796304841,1509.6920369515901
4724,val,5000,19490.30796304841,-14490.30796304841
4019,val,12500,19490.30796304841,-6990.30796304841
2542,val,45000,19490.30796304841,25509.69203695159
2478,val,20000,19490.30796304841,509.6920369515901
2522,val,65000,19490.30796304841,45509.69203695159
2809,val,30000,19490.30796304841,10509.69203695159
2501,val,10000,19490.30796304841,-9490.30796304841
2280,val,30000,19490.30796304841,10509.69203695159
1868,val,22500,19490.30796304841,3009.69203695159
3422,val,7500,19490.30796304841,-11990.30796304841
999,val,1200000,19490.30796304841,1180509.6920369517
2786,val,150000,19490.30796304841,130509.69203695159
2870,val,21000,19490.30796304841,1509.6920369515901
4345,val,5000,19490.30796304841,-14490.30796304841
1837,val,17000,19490.30796304841,-2490.30796304841
4431,val,12000,19490.30796304841,-7490.30796304841
3653,val,10000,19490.30796304841,-9490.30796304841
1317,val,80000,19490.30796304841,60509.69203695159
1456,val,140000,19490.30796304841,120509.69203695159
2470,val,2000,19490.30796304841,-17490.30796304841
1545,val,8000,19490.30796304841,-11490.30796304841
595,val,75000,19490.30796304841,55509.69203695159
230,val,3500,19490.30796304841,-15990.30796304841
4623,val,11000,19490.30796304841,-8490.30796304841
4441,val,30000,19490.30796304841,10509.69203695159
4105,val,6000,19490.30796304841,-13490.30796304841
3024,val,13000,19490.30796304841,-6490.30796304841
2232,val,150000,19490.30796304841,130509.69203695159
2721,val,47000,19490.30796304841,27509.69203695159
3876,val,14000,19490.30796304841,-5490.30796304841
40,val,7200,19490.30796304841,-12290.30796304841
3322,val,10000,19490.30796304841,-9490.30796304841
3781,val,27999,19490.30796304841,8508.69203695159
1681,val,16000,19490.30796304841,-3490.30796304841
3396,val,8000,19490.30796304841,-11490.30796304841
4541,val,10000,19490.30796304841,-9490.30796304841
1857,val,27000,19490.30796304841,7509.69203695159
2158,val,24000,19490.30796304841,4509.69203695159
3589,val,7000,19490.30796304841,-12490.30796304841
3244,val,9000,19490.30796304841,-10490.30796304841
4391,val,13500,19490.30796304841,-5990.30796304841
824,val,48000,19490.30796304841,28509.69203695159
55,val,7000,19490.30796304841,-12490.30796304841
2267,val,10000,19490.30796304841,-9490.30796304841
3531,val,20000,19490.30796304841,509.6920369515901
3092,val,9000,19490.30796304841,-10490.30796304841
2407,val,40000,19490.30796304841,20509.69203695159
3563,val,18000,19490.30796304841,-1490.3079630484099
1896,val,6000,19490.30796304841,-13490.30796304841
333,val,30000,19490.30796304841,10509.69203695159
32,val,6000,19490.30796304841,-13490.30796304841
1235,val,200000,19490.30796304841,180509.6920369516
4485,val,12000,19490.30796304841,-7490.30796304841
1991,val,23500,19490.30796304841,4009.69203695159
1367,val,55000,19490.30796304841,35509.69203695159
4638,val,8000,19490.30796304841,-11490.30796304841
2347,val,10000,19490.30796304841,-9490.30796304841
2454,val,22000,19490.30796304841,2509.69203695159
1221,val,6500,19490.30796304841,-12990.30796304841
2371,val,65000,19490.30796304841,45509.69203695159
1893,val,9000,19490.30796304841,-10490.30796304841
1126,val,50000,19490.30796304841,30509.69203695159
2171,val,6000,19490.30796304841,-13490.30796304841
2131,val,10000,19490.30796304841,-9490.30796304841
2468,val,13000,19490.30796304841,-6490.30796304841
1065,val,18000,19490.30796304841,-1490.3079630484099
3634,val,19000,19490.30796304841,-490.3079630484099
1636,val,40000,19490.30796304841,20509.69203695159
1262,val,41000,19490.30796304841,21509.69203695159
3845,val,9500,19490.30796304841,-9990.30796304841
3408,val,5000,19490.30796304841,-14490.30796304841
1616,val,100000,19490.30796304841,80509.69203695159
2729,val,5500,19490.30796304841,-13990.30796304841
2509,val,32000,19490.30796304841,12509.69203695159
1548,val,20000,19490.30796304841,509.6920369515901
3714,val,45000,19490.30796304841,25509.69203695159
2530,val,20000,19490.30796304841,509.6920369515901
4446,val,15000,19490.30796304841,-4490.30796304841
2972,val,10500,19490.30796304841,-8990.30796304841
3141,val,13000,19490.30796304841,-6490.30796304841
3197,val,8000,19490.30796304841,-11490.30796304841
4647,val,16000,19490.30796304841,-3490.30796304841
1206,val,32000,19490.30796304841,12509.69203695159
4089,val,10000,19490.30796304841,-9490.30796304841
1935,val,9000,19490.30796304841,-10490.30796304841
2793,val,18500,19490.30796304841,-990.3079630484099
873,val,40000,19490.30796304841,20509.69203695159
772,val,120000,19490.30796304841,100509.69203695159
1953,val,9500,19490.30796304841,-9990.30796304841
3532,val,17000,19490.30796304841,-2490.30796304841
3401,val,15000,19490.30796304841,-4490.30796304841
207,val,6000,19490.30796304841,-13490.30796304841
3825,val,10000,19490.30796304841,-9490.30796304841
20,val,7900,19490.30796304841,-11590.30796304841
3556,val,9500,19490.30796304841,-9990.30796304841
952,val,59000,19490.30796304841,39509.69203695159
4215,val,40000,19490.30796304841,20509.69203695159
4686,val,7000,19490.30796304841,-12490.30796304841
3561,val,13000,19490.30796304841,-6490.30796304841
3818,val,8500,19490.30796304841,-10990.30796304841
1666,val,50000,19490.30796304841,30509.69203695159
1925,val,15000,19490.30796304841,-4490.30796304841
3752,val,10000,19490.30796304841,-9490.30796304841
1735,val,8000,19490.30796304841,-11490.30796304841
444,val,10000,19490.30796304841,-9490.30796304841
3608,val,4000,19490.30796304841,-15490.30796304841
556,val,32000,19490.30796304841,12509.69203695159
1078,val,16000,19490.30796304841,-3490.30796304841
75,val,12500,19490.30796304841,-6990.30796304841
197,val,15000,19490.30796304841,-4490.30796304841
1120,val,90100,19490.30796304841,70609.69203695159
2845,val,18000,19490.30796304841,-1490.3079630484099
10,val,25000,19490.30796304841,5509.69203695159
4093,val,12000,19490.30796304841,-7490.30796304841
181,val,50000,19490.30796304841,30509.69203695159
4404,val,12000,19490.30796304841,-7490.30796304841
1609,val,8000,19490.30796304841,-11490.30796304841
96,val,12000,19490.30796304841,-7490.30796304841
4141,val,15500,19490.30796304841,-3990.30796304841
4707,val,110000,19490.30796304841,90509.69203695159
355,val,5200,19490.30796304841,-14290.30796304841
2127,val,10000,19490.30796304841,-9490.30796304841
1740,val,6000,19490.30796304841,-13490.30796304841
292,val,15000,19490.30796304841,-4490.30796304841
806,val,19500,19490.30796304841,9.692036951590126
1114,val,55000,19490.30796304841,35509.69203695159
2389,val,90000,19490.30796304841,70509.69203695159
2263,val,9000,19490.30796304841,-10490.30796304841
158,val,14500,19490.30796304841,-4990.30796304841
4053,val,35000,19490.30796304841,15509.69203695159
3251,val,8000,19490.30796304841,-11490.30796304841
3080,val,11000,19490.30796304841,-8490.30796304841
2772,val,20200,19490.30796304841,709.6920369515901
2557,val,12000,19490.30796304841,-7490.30796304841
127,val,8000,19490.30796304841,-11490.30796304841
1930,val,18000,19490.30796304841,-1490.3079630484099
654,val,18000,19490.30796304841,-1490.3079630484099
2505,val,35000,19490.30796304841,15509.69203695159
4186,val,20000,19490.30796304841,509.6920369515901
1429,val,60000,19490.30796304841,40509.69203695159
4721,val,8000,19490.30796304841,-11490.30796304841
443,val,5500,19490.30796304841,-13990.30796304841
4646,val,10000,19490.30796304841,-9490.30796304841
2394,val,260000,19490.30796304841,240509.6920369516
1145,val,50000,19490.30796304841,30509.69203695159
4128,val,22000,19490.30796304841,2509.69203695159
1583,val,19000,19490.30796304841,-490.3079630484099
3414,val,12500,19490.30796304841,-6990.30796304841
4392,val,21000,19490.30796304841,1509.6920369515901
2015,val,5000,19490.30796304841,-14490.30796304841
978,val,40000,19490.30796304841,20509.69203695159
4430,val,22000,19490.30796304841,2509.69203695159
3186,val,14000,19490.30796304841,-5490.30796304841
1729,val,6500,19490.30796304841,-12990.30796304841
275,val,30000,19490.30796304841,10509.69203695159
1113,val,70000,19490.30796304841,50509.69203695159
3535,val,12000,19490.30796304841,-7490.30796304841
2945,val,5000,19490.30796304841,-14490.30796304841
117,val,7000,19490.30796304841,-12490.30796304841
671,val,65000,19490.30796304841,45509.69203695159
3315,val,7000,19490.30796304841,-12490.30796304841
574,val,55000,19490.30796304841,35509.69203695159
3406,val,7500,19490.30796304841,-11990.30796304841
3096,val,15000,19490.30796304841,-4490.30796304841
2888,val,20000,19490.30796304841,509.6920369515901
1436,val,80000,19490.30796304841,60509.69203695159
3177,val,7500,19490.30796304841,-11990.30796304841
647,val,53000,19490.30796304841,33509.69203695159
2244,val,17000,19490.30796304841,-2490.30796304841
2078,val,4000,19490.30796304841,-15490.30796304841
1932,val,10000,19490.30796304841,-9490.30796304841
175,val,5500,19490.30796304841,-13990.30796304841
1137,val,32000,19490.30796304841,12509.69203695159
1356,val,74999,19490.30796304841,55508.69203695159
13,val,5500,19490.30796304841,-13990.30796304841
915,val,10000,19490.30796304841,-9490.30796304841
3922,val,9000,19490.30796304841,-10490.30796304841
3943,val,14000,19490.30796304841,-5490.30796304841
234,val,4500,19490.30796304841,-14990.30796304841
1343,val,80000,19490.30796304841,60509.69203695159
3167,val,16000,19490.30796304841,-3490.30796304841
1850,val,8900,19490.30796304841,-10590.30796304841
3122,val,12500,19490.30796304841,-6990.30796304841
3678,val,23000,19490.30796304841,3509.69203695159
236,val,4500,19490.30796304841,-14990.30796304841
4191,val,9000,19490.30796304841,-10490.30796304841
1824,val,16500,19490.30796304841,-2990.30796304841
2938,val,25000,19490.30796304841,5509.69203695159
3710,val,22000,19490.30796304841,2509.69203695159
4595,val,12000,19490.30796304841,-7490.30796304841
2222,val,22000,19490.30796304841,2509.69203695159
3569,val,9000,19490.30796304841,-10490.30796304841
149,val,20000,19490.30796304841,509.6920369515901
4020,val,25000,19490.30796304841,5509.69203695159
4598,val,10000,19490.30796304841,-9490.30796304841
3132,val,15000,19490.30796304841,-4490.30796304841
2458,val,5500,19490.30796304841,-13990.30796304841
383,val,10000,19490.30796304841,-9490.30796304841
4185,val,16000,19490.30796304841,-3490.30796304841
4731,val,12000,19490.30796304841,-7490.30796304841
3320,val,18000,19490.30796304841,-1490.3079630484099
4592,val,12000,19490.30796304841,-7490.30796304841
3346,val,9000,19490.30796304841,-10490.30796304841
1808,val,70000,19490.30796304841,50509.69203695159
2013,val,25500,19490.30796304841,6009.69203695159
3065,val,15000,19490.30796304841,-4490.30796304841
737,val,22000,19490.30796304841,2509.69203695159
1757,val,7000,19490.30796304841,-12490.30796304841
803,val,50000,19490.30796304841,30509.69203695159
1226,val,15000,19490.30796304841,-4490.30796304841
3879,val,11000,19490.30796304841,-8490.30796304841
1580,val,15000,19490.30796304841,-4490.30796304841
3780,val,13000,19490.30796304841,-6490.30796304841
2353,val,22000,19490.30796304841,2509.69203695159
4247,val,8500,19490.30796304841,-10990.30796304841
4594,val,30000,19490.30796304841,10509.69203695159
1265,val,65000,19490.30796304841,45509.69203695159
4364,val,28000,19490.30796304841,8509.69203695159
3393,val,13000,19490.30796304841,-6490.30796304841
4166,val,14000,19490.30796304841,-5490.30796304841
118,val,3900,19490.30796304841,-15590.30796304841
725,val,600000,19490.30796304841,580509.6920369515
2129,val,13000,19490.30796304841,-6490.30796304841
1791,val,8000,19490.30796304841,-11490.30796304841
1426,val,47000,19490.30796304841,27509.69203695159
521,val,18000,19490.30796304841,-1490.3079630484099
3952,val,12500,19490.30796304841,-6990.30796304841
583,val,28000,19490.30796304841,8509.69203695159
361,val,8000,19490.30796304841,-11490.30796304841
1602,val,15000,19490.30796304841,-4490.30796304841
3647,val,600000,19490.30796304841,580509.6920369515
4718,val,30000,19490.30796304841,10509.69203695159
95,val,5000,19490.30796304841,-14490.30796304841
4394,val,10000,19490.30796304841,-9490.30796304841
956,val,40000,19490.30796304841,20509.69203695159
1894,val,18000,19490.30796304841,-1490.3079630484099
1727,val,15000,19490.30796304841,-4490.30796304841
228,val,14000,19490.30796304841,-5490.30796304841
1944,val,6000,19490.30796304841,-13490.30796304841
1402,val,32000,19490.30796304841,12509.69203695159
1743,val,20000,19490.30796304841,509.6920369515901
2669,val,55000,19490.30796304841,35509.69203695159
4555,val,15000,19490.30796304841,-4490.30796304841
2332,val,6000,19490.30796304841,-13490.30796304841
1721,val,22000,19490.30796304841,2509.69203695159
3229,val,25000,19490.30796304841,5509.69203695159
3692,val,8500,19490.30796304841,-10990.30796304841
4078,val,35000,19490.30796304841,15509.69203695159
934,val,310000,19490.30796304841,290509.6920369516
3976,val,45000,19490.30796304841,25509.69203695159
4129,val,15000,19490.30796304841,-4490.30796304841
4433,val,15000,19490.30796304841,-4490.30796304841
1117,val,150000,19490.30796304841,130509.69203695159
3995,val,130000,19490.30796304841,110509.69203695159
185,val,8000,19490.30796304841,-11490.30796304841
489,val,8000,19490.30796304841,-11490.30796304841
560,val,44000,19490.30796304841,24509.69203695159
868,val,45000,19490.30796304841,25509.69203695159
2145,val,25000,19490.30796304841,5509.69203695159
1713,val,20000,19490.30796304841,509.6920369515901
3681,val,15000,19490.30796304841,-4490.30796304841
3552,val,10000,19490.30796304841,-9490.30796304841
1902,val,8000,19490.30796304841,-11490.30796304841
2388,val,9000,19490.30796304841,-10490.30796304841
3108,val,15000,19490.30796304841,-4490.30796304841
3745,val,8500,19490.30796304841,-10990.30796304841
130,val,4500,19490.30796304841,-14990.30796304841
2559,val,10000,19490.30796304841,-9490.30796304841
3230,val,9000,19490.30796304841,-10490.30796304841
4550,val,21000,19490.30796304841,1509.6920369515901
2138,val,5000,19490.30796304841,-14490.30796304841
1752,val,16000,19490.30796304841,-3490.30796304841
3345,val,20000,19490.30796304841,509.6920369515901
1931,val,120000,19490.30796304841,100509.69203695159
1573,val,10500,19490.30796304841,-8990.30796304841
171,val,9000,19490.30796304841,-10490.30796304841
3027,val,12000,19490.30796304841,-7490.30796304841
1637,val,10000,19490.30796304841,-9490.30796304841
2848,val,350000,19490.30796304841,330509.6920369516
3821,val,19000,19490.30796304841,-490.3079630484099
2753,val,18000,19490.30796304841,-1490.3079630484099
3727,val,25000,19490.30796304841,5509.69203695159
4427,val,10000,19490.30796304841,-9490.30796304841
3737,val,3500,19490.30796304841,-15990.30796304841
3302,val,10000,19490.30796304841,-9490.30796304841
3557,val,18000,19490.30796304841,-1490.3079630484099
2835,val,18000,19490.30796304841,-1490.3079630484099
1381,val,45000,19490.30796304841,25509.69203695159
534,val,32000,19490.30796304841,12509.69203695159
3086,val,10000,19490.30796304841,-9490.30796304841
1910,val,12000,19490.30796304841,-7490.30796304841
4333,val,10000,19490.30796304841,-9490.30796304841
2043,val,21000,19490.30796304841,1509.6920369515901
3303,val,20000,19490.30796304841,509.6920369515901
1214,val,40000,19490.30796304841,20509.69203695159
374,val,6200,19490.30796304841,-13290.30796304841
1055,val,35000,19490.30796304841,15509.69203695159
3255,val,20000,19490.30796304841,509.6920369515901
1907,val,11000,19490.30796304841,-8490.30796304841
100,val,22000,19490.30796304841,2509.69203695159
3201,val,60000,19490.30796304841,40509.69203695159
2425,val,18000,19490.30796304841,-1490.3079630484099
255,val,5300,19490.30796304841,-14190.30796304841
1798,val,30000,19490.30796304841,10509.69203695159
3961,val,7000,19490.30796304841,-12490.30796304841
828,val,130000,19490.30796304841,110509.69203695159
1610,val,7500,19490.30796304841,-11990.30796304841
1647,val,8500,19490.30796304841,-10990.30796304841
1672,val,18000,19490.30796304841,-1490.3079630484099
1726,val,7000,19490.30796304841,-12490.30796304841
4450,val,30000,19490.30796304841,10509.69203695159
606,val,170000,19490.30796304841,150509.6920369516
2969,val,9000,19490.30796304841,-10490.30796304841
1632,val,20000,19490.30796304841,509.6920369515901
2882,val,15000,19490.30796304841,-4490.30796304841
4203,val,7000,19490.30796304841,-12490.30796304841
4666,val,15000,19490.30796304841,-4490.30796304841
1209,val,80000,19490.30796304841,60509.69203695159
3282,val,16500,19490.30796304841,-2990.30796304841
3911,val,12000,19490.30796304841,-7490.30796304841
3482,val,13000,19490.30796304841,-6490.30796304841
2074,val,11500,19490.30796304841,-7990.30796304841
1835,val,16000,19490.30796304841,-3490.30796304841
4299,val,15500,19490.30796304841,-3990.30796304841
1123,val,80000,19490.30796304841,60509.69203695159
3306,val,11000,19490.30796304841,-8490.30796304841
2240,val,13500,19490.30796304841,-5990.30796304841
1178,val,57000,19490.30796304841,37509.69203695159
1314,val,14500,19490.30796304841,-4990.30796304841
1981,val,75000,19490.30796304841,55509.69203695159
4124,val,10000,19490.30796304841,-9490.30796304841
3754,val,7000,19490.30796304841,-12490.30796304841
70,val,7500,19490.30796304841,-11990.30796304841
1918,val,6000,19490.30796304841,-13490.30796304841
896,val,180000,19490.30796304841,160509.6920369516
3430,val,14000,19490.30796304841,-5490.30796304841
1157,val,300000,19490.30796304841,280509.6920369516
4202,val,13000,19490.30796304841,-6490.30796304841
3684,val,11000,19490.30796304841,-8490.30796304841
4161,val,9500,19490.30796304841,-9990.30796304841
577,val,85000,19490.30796304841,65509.69203695159
3503,val,17000,19490.30796304841,-2490.30796304841
690,val,18000,19490.30796304841,-1490.3079630484099
2962,val,17000,19490.30796304841,-2490.30796304841
3412,val,30000,19490.30796304841,10509.69203695159
2741,val,30000,19490.30796304841,10509.69203695159
416,val,6500,19490.30796304841,-12990.30796304841
555,val,190000,19490.30796304841,170509.6920369516
3131,val,22000,19490.30796304841,2509.69203695159
3667,val,20000,19490.30796304841,509.6920369515901
1013,val,35000,19490.30796304841,15509.69203695159
2979,val,6500,19490.30796304841,-12990.30796304841
4521,val,55000,19490.30796304841,35509.69203695159
1422,val,70000,19490.30796304841,50509.69203695159
4537,val,67000,19490.30796304841,47509.69203695159
3581,val,13000,19490.30796304841,-6490.30796304841
4090,val,12000,19490.30796304841,-7490.30796304841
1657,val,6900,19490.30796304841,-12590.30796304841
71,val,16000,19490.30796304841,-3490.30796304841
4336,val,15000,19490.30796304841,-4490.30796304841
3580,val,6000,19490.30796304841,-13490.30796304841
1101,val,33000,19490.30796304841,13509.69203695159
3512,val,7500,19490.30796304841,-11990.30796304841
1802,val,30000,19490.30796304841,10509.69203695159
481,val,10000,19490.30796304841,-9490.30796304841
3923,val,12000,19490.30796304841,-7490.30796304841
1368,val,15000,19490.30796304841,-4490.30796304841
1970,val,30000,19490.30796304841,10509.69203695159
2028,val,10500,19490.30796304841,-8990.30796304841
1393,val,60000,19490.30796304841,40509.69203695159
4527,val,22000,19490.30796304841,2509.69203695159
2827,val,18000,19490.30796304841,-1490.3079630484099
3623,val,17000,19490.30796304841,-2490.30796304841
2374,val,11000,19490.30796304841,-8490.30796304841
1460,val,17000,19490.30796304841,-2490.30796304841
4612,val,11000,19490.30796304841,-8490.30796304841
4009,test,38000,19490.30796304841,18509.69203695159
3431,test,18000,19490.30796304841,-1490.3079630484099
3613,test,100000,19490.30796304841,80509.69203695159
1455,test,700000,19490.30796304841,680509.6920369515
4349,test,15500,19490.30796304841,-3990.30796304841
1004,test,35000,19490.30796304841,15509.69203695159
3898,test,9000,19490.30796304841,-10490.30796304841
2060,test,25000,19490.30796304841,5509.69203695159
3677,test,11000,19490.30796304841,-8490.30796304841
3204,test,23999,19490.30796304841,4508.69203695159
608,test,41000,19490.30796304841,21509.69203695159
1098,test,53000,19490.30796304841,33509.69203695159
3165,test,7500,19490.30796304841,-11990.30796304841
3819,test,10000,19490.30796304841,-9490.30796304841
435,test,5500,19490.30796304841,-13990.30796304841
848,test,50000,19490.30796304841,30509.69203695159
531,test,22000,19490.30796304841,2509.69203695159
3153,test,15000,19490.30796304841,-4490.30796304841
4712,test,5500,19490.30796304841,-13990.30796304841
4101,test,12000,19490.30796304841,-7490.30796304841
3082,test,15000,19490.30796304841,-4490.30796304841
2896,test,25000,19490.30796304841,5509.69203695159
145,test,7000,19490.30796304841,-12490.30796304841
2025,test,35000,19490.30796304841,15509.69203695159
700,test,120000,19490.30796304841,100509.69203695159
2794,test,8500,19490.30796304841,-10990.30796304841
2327,test,42000,19490.30796304841,22509.69203695159
632,test,65000,19490.30796304841,45509.69203695159
150,test,7000,19490.30796304841,-12490.30796304841
3152,test,5700,19490.30796304841,-13790.30796304841
3026,test,8900,19490.30796304841,-10590.30796304841
3805,test,10000,19490.30796304841,-9490.30796304841
2441,test,16500,19490.30796304841,-2990.30796304841
694,test,26000,19490.30796304841,6509.69203695159
1814,test,11000,19490.30796304841,-8490.30796304841
2062,test,11000,19490.30796304841,-8490.30796304841
928,test,110000,19490.30796304841,90509.69203695159
485,test,7000,19490.30796304841,-12490.30796304841
2290,test,5000,19490.30796304841,-14490.30796304841
1043,test,130000,19490.30796304841,110509.69203695159
2614,test,16000,19490.30796304841,-3490.30796304841
3889,test,22000,19490.30796304841,2509.69203695159
2763,test,35000,19490.30796304841,15509.69203695159
3555,test,5000,19490.30796304841,-14490.30796304841
3811,test,32000,19490.30796304841,12509.69203695159
959,test,24000,19490.30796304841,4509.69203695159
279,test,4500,19490.30796304841,-14990.30796304841
1360,test,32000,19490.30796304841,12509.69203695159
4381,test,10000,19490.30796304841,-9490.30796304841
676,test,20000,19490.30796304841,509.6920369515901
735,test,55000,19490.30796304841,35509.69203695159
2042,test,7000,19490.30796304841,-12490.30796304841
2550,test,5000,19490.30796304841,-14490.30796304841
4606,test,25000,19490.30796304841,5509.69203695159
2359,test,5000,19490.30796304841,-14490.30796304841
627,test,40000,19490.30796304841,20509.69203695159
3652,test,7000,19490.30796304841,-12490.30796304841
31,test,15000,19490.30796304841,-4490.30796304841
4091,test,5300,19490.30796304841,-14190.30796304841
2321,test,4000,19490.30796304841,-15490.30796304841
3439,test,15000,19490.30796304841,-4490.30796304841
1942,test,12000,19490.30796304841,-7490.30796304841
1575,test,32000,19490.30796304841,12509.69203695159
2890,test,15000,19490.30796304841,-4490.30796304841
3134,test,5000,19490.30796304841,-14490.30796304841
2219,test,10000,19490.30796304841,-9490.30796304841
887,test,230000,19490.30796304841,210509.6920369516
672,test,160000,19490.30796304841,140509.6920369516
2272,test,17000,19490.30796304841,-2490.30796304841
422,test,12000,19490.30796304841,-7490.30796304841
1318,test,55000,19490.30796304841,35509.69203695159
1331,test,55000,19490.30796304841,35509.69203695159
174,test,9000,19490.30796304841,-10490.30796304841
182,test,12000,19490.30796304841,-7490.30796304841
2940,test,24500,19490.30796304841,5009.69203695159
2183,test,90000,19490.30796304841,70509.69203695159
502,test,3700,19490.30796304841,-15790.30796304841
2426,test,11500,19490.30796304841,-7990.30796304841
4365,test,57000,19490.30796304841,37509.69203695159
1060,test,35000,19490.30796304841,15509.69203695159
184,test,12000,19490.30796304841,-7490.30796304841
3166,test,30000,19490.30796304841,10509.69203695159
714,test,32000,19490.30796304841,12509.69203695159
2663,test,37000,19490.30796304841,17509.69203695159
4604,test,15000,19490.30796304841,-4490.30796304841
571,test,57000,19490.30796304841,37509.69203695159
587,test,32000,19490.30796304841,12509.69203695159
272,test,6000,19490.30796304841,-13490.30796304841
4507,test,16000,19490.30796304841,-3490.30796304841
203,test,5000,19490.30796304841,-14490.30796304841
2436,test,90000,19490.30796304841,70509.69203695159
3772,test,14000,19490.30796304841,-5490.30796304841
1349,test,78000,19490.30796304841,58509.69203695159
243,test,7000,19490.30796304841,-12490.30796304841
3809,test,18500,19490.30796304841,-990.3079630484099
155,test,10000,19490.30796304841,-9490.30796304841
3164,test,15000,19490.30796304841,-4490.30796304841
590,test,150000,19490.30796304841,130509.69203695159
4657,test,9000,19490.30796304841,-10490.30796304841
805,test,42000,19490.30796304841,22509.69203695159
1913,test,6000,19490.30796304841,-13490.30796304841
1627,test,20000,19490.30796304841,509.6920369515901
4210,test,15000,19490.30796304841,-4490.30796304841
1321,test,90000,19490.30796304841,70509.69203695159
2393,test,20000,19490.30796304841,509.6920369515901
3021,test,14000,19490.30796304841,-5490.30796304841
4140,test,17000,19490.30796304841,-2490.30796304841
3355,test,10000,19490.30796304841,-9490.30796304841
2438,test,25000,19490.30796304841,5509.69203695159
1044,test,40000,19490.30796304841,20509.69203695159
2484,test,8500,19490.30796304841,-10990.30796304841
1020,test,75000,19490.30796304841,55509.69203695159
4403,test,8500,19490.30796304841,-10990.30796304841
3382,test,8500,19490.30796304841,-10990.30796304841
2186,test,22000,19490.30796304841,2509.69203695159
4609,test,7500,19490.30796304841,-11990.30796304841
1173,test,60000,19490.30796304841,40509.69203695159
4423,test,10000,19490.30796304841,-9490.30796304841
93,test,6000,19490.30796304841,-13490.30796304841
3148,test,18000,19490.30796304841,-1490.3079630484099
1352,test,90000,19490.30796304841,70509.69203695159
1011,test,26000,19490.30796304841,6509.69203695159
266,test,6000,19490.30796304841,-13490.30796304841
1242,test,35000,19490.30796304841,15509.69203695159
363,test,5000,19490.30796304841,-14490.30796304841
3597,test,14500,19490.30796304841,-4990.30796304841
4097,test,22000,19490.30796304841,2509.69203695159
4459,test,10000,19490.30796304841,-9490.30796304841
2356,test,24000,19490.30796304841,4509.69203695159
2589,test,100000,19490.30796304841,80509.69203695159
3123,test,90000,19490.30796304841,70509.69203695159
3600,test,9000,19490.30796304841,-10490.30796304841
2791,test,14000,19490.30796304841,-5490.30796304841
579,test,80000,19490.30796304841,60509.69203695159
1138,test,17000,19490.30796304841,-2490.30796304841
1154,test,95000,19490.30796304841,75509.69203695159
701,test,400000,19490.30796304841,380509.6920369516
669,test,65000,19490.30796304841,45509.69203695159
3252,test,13500,19490.30796304841,-5990.30796304841
1001,test,45000,19490.30796304841,25509.69203695159
1322,test,43000,19490.30796304841,23509.69203695159
618,test,80000,19490.30796304841,60509.69203695159
1867,test,8500,19490.30796304841,-10990.30796304841
4027,test,15000,19490.30796304841,-4490.30796304841
3615,test,7500,19490.30796304841,-11990.30796304841
3813,test,7000,19490.30796304841,-12490.30796304841
4496,test,10000,19490.30796304841,-9490.30796304841
767,test,130000,19490.30796304841,110509.69203695159
3403,test,10000,19490.30796304841,-9490.30796304841
4549,test,11000,19490.30796304841,-8490.30796304841
2847,test,17000,19490.30796304841,-2490.30796304841
4479,test,15000,19490.30796304841,-4490.30796304841
4209,test,26000,19490.30796304841,6509.69203695159
629,test,38000,19490.30796304841,18509.69203695159
4322,test,7500,19490.30796304841,-11990.30796304841
2391,test,12000,19490.30796304841,-7490.30796304841
304,test,8000,19490.30796304841,-11490.30796304841
3260,test,25000,19490.30796304841,5509.69203695159
4560,test,13000,19490.30796304841,-6490.30796304841
2916,test,17500,19490.30796304841,-1990.3079630484099
3063,test,11000,19490.30796304841,-8490.30796304841
3642,test,13000,19490.30796304841,-6490.30796304841
1140,test,290000,19490.30796304841,270509.6920369516
4204,test,12000,19490.30796304841,-7490.30796304841
3214,test,25000,19490.30796304841,5509.69203695159
2279,test,11500,19490.30796304841,-7990.30796304841
4217,test,8500,19490.30796304841,-10990.30796304841
2654,test,16000,19490.30796304841,-3490.30796304841
3240,test,16000,19490.30796304841,-3490.30796304841
252,test,10000,19490.30796304841,-9490.30796304841
970,test,51500,19490.30796304841,32009.69203695159
3743,test,10000,19490.30796304841,-9490.30796304841
3124,test,14000,19490.30796304841,-5490.30796304841
448,test,5200,19490.30796304841,-14290.30796304841
173,test,18000,19490.30796304841,-1490.3079630484099
3874,test,48000,19490.30796304841,28509.69203695159
132,test,16000,19490.30796304841,-3490.30796304841
1369,test,22000,19490.30796304841,2509.69203695159
707,test,60000,19490.30796304841,40509.69203695159
3755,test,6500,19490.30796304841,-12990.30796304841
683,test,47000,19490.30796304841,27509.69203695159
986,test,150000,19490.30796304841,130509.69203695159
3827,test,35000,19490.30796304841,15509.69203695159
4434,test,6500,19490.30796304841,-12990.30796304841
3107,test,15000,19490.30796304841,-4490.30796304841
729,test,23000,19490.30796304841,3509.69203695159
4382,test,18000,19490.30796304841,-1490.3079630484099
691,test,7500,19490.30796304841,-11990.30796304841
899,test,36000,19490.30796304841,16509.69203695159
1282,test,25000,19490.30796304841,5509.69203695159
3621,test,15000,19490.30796304841,-4490.30796304841
2963,test,15000,19490.30796304841,-4490.30796304841
773,test,40000,19490.30796304841,20509.69203695159
2318,test,20000,19490.30796304841,509.6920369515901
2372,test,18000,19490.30796304841,-1490.3079630484099
3830,test,35000,19490.30796304841,15509.69203695159
1901,test,20000,19490.30796304841,509.6920369515901
3078,test,10000,19490.30796304841,-9490.30796304841
4075,test,6500,19490.30796304841,-12990.30796304841
778,test,25000,19490.30796304841,5509.69203695159
2001,test,19000,19490.30796304841,-490.3079630484099
2653,test,17000,19490.30796304841,-2490.30796304841
103,test,25000,19490.30796304841,5509.69203695159
3105,test,16000,19490.30796304841,-3490.30796304841
1087,test,65000,19490.30796304841,45509.69203695159
1997,test,10000,19490.30796304841,-9490.30796304841
3887,test,10000,19490.30796304841,-9490.30796304841
1706,test,12000,19490.30796304841,-7490.30796304841
3487,test,17000,19490.30796304841,-2490.30796304841
3707,test,22000,19490.30796304841,2509.69203695159
17,test,10000,19490.30796304841,-9490.30796304841
564,test,43000,19490.30796304841,23509.69203695159
2838,test,75000,19490.30796304841,55509.69203695159
763,test,80000,19490.30796304841,60509.69203695159
2088,test,16000,19490.30796304841,-3490.30796304841
3640,test,16000,19490.30796304841,-3490.30796304841
3695,test,7000,19490.30796304841,-12490.30796304841
1585,test,48000,19490.30796304841,28509.69203695159
3644,test,15000,19490.30796304841,-4490.30796304841
1034,test,75000,19490.30796304841,55509.69203695159
4603,test,17000,19490.30796304841,-2490.30796304841
4037,test,18000,19490.30796304841,-1490.3079630484099
3753,test,37500,19490.30796304841,18009.69203695159
851,test,8000,19490.30796304841,-11490.30796304841
366,test,8000,19490.30796304841,-11490.30796304841
239,test,5000,19490.30796304841,-14490.30796304841
412,test,36125,19490.30796304841,16634.69203695159
56,test,6000,19490.30796304841,-13490.30796304841
607,test,20000,19490.30796304841,509.6920369515901
3726,test,9500,19490.30796304841,-9990.30796304841
4593,test,8000,19490.30796304841,-11490.30796304841
1493,test,10500,19490.30796304841,-8990.30796304841
2659,test,29000,19490.30796304841,9509.69203695159
1474,test,38000,19490.30796304841,18509.69203695159
176,test,7500,19490.30796304841,-11990.30796304841
3018,test,18000,19490.30796304841,-1490.3079630484099
2452,test,12000,19490.30796304841,-7490.30796304841
3538,test,15000,19490.30796304841,-4490.30796304841
2414,test,9000,19490.30796304841,-10490.30796304841
932,test,70000,19490.30796304841,50509.69203695159
1694,test,17000,19490.30796304841,-2490.30796304841
1663,test,18000,19490.30796304841,-1490.3079630484099
526,test,75000,19490.30796304841,55509.69203695159
4197,test,12000,19490.30796304841,-7490.30796304841
2701,test,22000,19490.30796304841,2509.69203695159
2345,test,18000,19490.30796304841,-1490.3079630484099
2471,test,28000,19490.30796304841,8509.69203695159
1253,test,63000,19490.30796304841,43509.69203695159
4095,test,20000,19490.30796304841,509.6920369515901
65,test,8000,19490.30796304841,-11490.30796304841
2865,test,32000,19490.30796304841,12509.69203695159
2149,test,15000,19490.30796304841,-4490.30796304841
1765,test,10000,19490.30796304841,-9490.30796304841
3939,test,9000,19490.30796304841,-10490.30796304841
4200,test,32000,19490.30796304841,12509.69203695159
4629,test,8000,19490.30796304841,-11490.30796304841
4031,test,8500,19490.30796304841,-10990.30796304841
186,test,18000,19490.30796304841,-1490.3079630484099
1568,test,4000,19490.30796304841,-15490.30796304841
4010,test,20000,19490.30796304841,509.6920369515901
1064,test,28000,19490.30796304841,8509.69203695159
990,test,150000,19490.30796304841,130509.69203695159
573,test,57000,19490.30796304841,37509.69203695159
2876,test,10000,19490.30796304841,-9490.30796304841
2706,test,18000,19490.30796304841,-1490.3079630484099
3418,test,45000,19490.30796304841,25509.69203695159
2946,test,5000,19490.30796304841,-14490.30796304841
1763,test,11000,19490.30796304841,-8490.30796304841
106,test,14000,19490.30796304841,-5490.30796304841
3859,test,75000,19490.30796304841,55509.69203695159
248,test,3200,19490.30796304841,-16290.30796304841
796,test,35000,19490.30796304841,15509.69203695159
4655,test,13000,19490.30796304841,-6490.30796304841
3103,test,50000,19490.30796304841,30509.69203695159
4261,test,6500,19490.30796304841,-12990.30796304841
4252,test,20000,19490.30796304841,509.6920369515901
3070,test,15000,19490.30796304841,-4490.30796304841
3971,test,20000,19490.30796304841,509.6920369515901
356,test,13000,19490.30796304841,-6490.30796304841
4402,test,22000,19490.30796304841,2509.69203695159
3909,test,8000,19490.30796304841,-11490.30796304841
4451,test,6500,19490.30796304841,-12990.30796304841
517,test,45000,19490.30796304841,25509.69203695159
2080,test,24000,19490.30796304841,4509.69203695159
1274,test,85000,19490.30796304841,65509.69203695159
3626,test,10500,19490.30796304841,-8990.30796304841
1006,test,15000,19490.30796304841,-4490.30796304841
4223,test,55000,19490.30796304841,35509.69203695159
609,test,65000,19490.30796304841,45509.69203695159
1780,test,30000,19490.30796304841,10509.69203695159
3159,test,8000,19490.30796304841,-11490.30796304841
2834,test,68000,19490.30796304841,48509.69203695159
1756,test,14000,19490.30796304841,-5490.30796304841
2102,test,15000,19490.30796304841,-4490.30796304841
2839,test,110000,19490.30796304841,90509.69203695159
2014,test,6000,19490.30796304841,-13490.30796304841
1022,test,140000,19490.30796304841,120509.69203695159
269,test,8000,19490.30796304841,-11490.30796304841
1254,test,7500,19490.30796304841,-11990.30796304841
2179,test,13500,19490.30796304841,-5990.30796304841
2570,test,12000,19490.30796304841,-7490.30796304841
148,test,5500,19490.30796304841,-13990.30796304841
696,test,40000,19490.30796304841,20509.69203695159
4119,test,9000,19490.30796304841,-10490.30796304841
4286,test,10000,19490.30796304841,-9490.30796304841
4267,test,20000,19490.30796304841,509.6920369515901
2514,test,7000,19490.30796304841,-12490.30796304841
1119,test,300000,19490.30796304841,280509.6920369516
41,test,12000,19490.30796304841,-7490.30796304841
3104,test,8000,19490.30796304841,-11490.30796304841
3590,test,22000,19490.30796304841,2509.69203695159
316,test,8000,19490.30796304841,-11490.30796304841
1053,test,14000,19490.30796304841,-5490.30796304841
886,test,17000,19490.30796304841,-2490.30796304841
2334,test,54000,19490.30796304841,34509.69203695159
4343,test,8500,19490.30796304841,-10990.30796304841
4465,test,45000,19490.30796304841,25509.69203695159
1702,test,16000,19490.30796304841,-3490.30796304841
3990,test,14000,19490.30796304841,-5490.30796304841
539,test,85000,19490.30796304841,65509.69203695159
340,test,8500,19490.30796304841,-10990.30796304841
477,test,22000,19490.30796304841,2509.69203695159
3099,test,6800,19490.30796304841,-12690.30796304841
3185,test,12000,19490.30796304841,-7490.30796304841
1875,test,7000,19490.30796304841,-12490.30796304841
2204,test,8000,19490.30796304841,-11490.30796304841
1327,test,34999,19490.30796304841,15508.69203695159
1550,test,30000,19490.30796304841,10509.69203695159
946,test,11000,19490.30796304841,-8490.30796304841
3881,test,7500,19490.30796304841,-11990.30796304841
1714,test,380000,19490.30796304841,360509.6920369516
1359,test,22000,19490.30796304841,2509.69203695159
267,test,15000,19490.30796304841,-4490.30796304841
4046,test,22000,19490.30796304841,2509.69203695159
2495,test,7500,19490.30796304841,-11990.30796304841
3587,test,7000,19490.30796304841,-12490.30796304841
1264,test,53000,19490.30796304841,33509.69203695159
0,test,10000,19490.30796304841,-9490.30796304841
1885,test,17000,19490.30796304841,-2490.30796304841
2365,test,10000,19490.30796304841,-9490.30796304841
3407,test,14000,19490.30796304841,-5490.30796304841
4011,test,15000,19490.30796304841,-4490.30796304841
2527,test,12000,19490.30796304841,-7490.30796304841
1071,test,24000,19490.30796304841,4509.69203695159
4236,test,13000,19490.30796304841,-6490.30796304841
2995,test,40000,19490.30796304841,20509.69203695159
57,test,6000,19490.30796304841,-13490.30796304841
1524,test,16000,19490.30796304841,-3490.30796304841
4332,test,21000,19490.30796304841,1509.6920369515901
1434,test,250000,19490.30796304841,230509.6920369516
2686,test,33000,19490.30796304841,13509.69203695159
1675,test,25000,19490.30796304841,5509.69203695159
3550,test,10000,19490.30796304841,-9490.30796304841
3899,test,35000,19490.30796304841,15509.69203695159
225,test,3500,19490.30796304841,-15990.30796304841
3736,test,10000,19490.30796304841,-9490.30796304841
2258,test,15000,19490.30796304841,-4490.30796304841
4222,test,10000,19490.30796304841,-9490.30796304841
2083,test,62000,19490.30796304841,42509.69203695159
3628,test,10000,19490.30796304841,-9490.30796304841
3465,test,12000,19490.30796304841,-7490.30796304841
3424,test,7000,19490.30796304841,-12490.30796304841
1479,test,50000,19490.30796304841,30509.69203695159
3703,test,12500,19490.30796304841,-6990.30796304841
2482,test,36000,19490.30796304841,16509.69203695159
2440,test,12000,19490.30796304841,-7490.30796304841
2673,test,5000,19490.30796304841,-14490.30796304841
1005,test,60000,19490.30796304841,40509.69203695159
699,test,140000,19490.30796304841,120509.69203695159
3650,test,30000,19490.30796304841,10509.69203695159
3290,test,13000,19490.30796304841,-6490.30796304841
1073,test,70000,19490.30796304841,50509.69203695159
2640,test,13000,19490.30796304841,-6490.30796304841
3001,test,20000,19490.30796304841,509.6920369515901
4498,test,15000,19490.30796304841,-4490.30796304841
3000,test,11000,19490.30796304841,-8490.30796304841
1535,test,10000,19490.30796304841,-9490.30796304841
424,test,9000,19490.30796304841,-10490.30796304841
3693,test,100000,19490.30796304841,80509.69203695159
1255,test,30000,19490.30796304841,10509.69203695159
2774,test,21000,19490.30796304841,1509.6920369515901
4532,test,19000,19490.30796304841,-490.3079630484099
3319,test,14000,19490.30796304841,-5490.30796304841
1358,test,45000,19490.30796304841,25509.69203695159
1058,test,11000,19490.30796304841,-8490.30796304841
3985,test,10000,19490.30796304841,-9490.30796304841
2434,test,50000,19490.30796304841,30509.69203695159
588,test,350000,19490.30796304841,330509.6920369516
3071,test,21000,19490.30796304841,1509.6920369515901
1977,test,5000,19490.30796304841,-14490.30796304841
1665,test,14000,19490.30796304841,-5490.30796304841
4696,test,6000,19490.30796304841,-13490.30796304841
3614,test,14000,19490.30796304841,-5490.30796304841
35,test,15000,19490.30796304841,-4490.30796304841
3843,test,12000,19490.30796304841,-7490.30796304841
2421,test,29000,19490.30796304841,9509.69203695159
2233,test,9000,19490.30796304841,-10490.30796304841
4624,test,6000,19490.30796304841,-13490.30796304841
112,test,20000,19490.30796304841,509.6920369515901
3937,test,5000,19490.30796304841,-14490.30796304841
2526,test,11000,19490.30796304841,-8490.30796304841
594,test,210000,19490.30796304841,190509.6920369516
877,test,48000,19490.30796304841,28509.69203695159
2904,test,3500,19490.30796304841,-15990.30796304841
1611,test,9500,19490.30796304841,-9990.30796304841
2569,test,70000,19490.30796304841,50509.69203695159
3470,test,12000,19490.30796304841,-7490.30796304841
2917,test,14500,19490.30796304841,-4990.30796304841
4082,test,8500,19490.30796304841,-10990.30796304841
3045,test,33000,19490.30796304841,13509.69203695159
3766,test,11500,19490.30796304841,-7990.30796304841
4107,test,15000,19490.30796304841,-4490.30796304841
1911,test,21500,19490.30796304841,2009.6920369515901
4355,test,20000,19490.30796304841,509.6920369515901
979,test,45000,19490.30796304841,25509.69203695159
1513,test,25000,19490.30796304841,5509.69203695159
2109,test,10000,19490.30796304841,-9490.30796304841
4436,test,12000,19490.30796304841,-7490.30796304841
1820,test,55000,19490.30796304841,35509.69203695159
126,test,8000,19490.30796304841,-11490.30796304841
4544,test,17000,19490.30796304841,-2490.30796304841
807,test,90000,19490.30796304841,70509.69203695159
2325,test,8500,19490.30796304841,-10990.30796304841
3206,test,16000,19490.30796304841,-3490.30796304841
2349,test,4500,19490.30796304841,-14990.30796304841
491,test,13000,19490.30796304841,-6490.30796304841
3618,test,16500,19490.30796304841,-2990.30796304841
1445,test,230000,19490.30796304841,210509.6920369516
2587,test,32000,19490.30796304841,12509.69203695159
1109,test,250000,19490.30796304841,230509.6920369516
1778,test,6000,19490.30796304841,-13490.30796304841
2403,test,14000,19490.30796304841,-5490.30796304841
1017,test,250000,19490.30796304841,230509.6920369516
2957,test,12500,19490.30796304841,-6990.30796304841
2988,test,10500,19490.30796304841,-8990.30796304841
4062,test,22000,19490.30796304841,2509.69203695159
3272,test,35000,19490.30796304841,15509.69203695159
3335,test,22000,19490.30796304841,2509.69203695159
2486,test,7500,19490.30796304841,-11990.30796304841
3003,test,22000,19490.30796304841,2509.69203695159
7,test,5000,19490.30796304841,-14490.30796304841
4508,test,7500,19490.30796304841,-11990.30796304841
4630,test,15000,19490.30796304841,-4490.30796304841
3417,test,12000,19490.30796304841,-7490.30796304841
3979,test,40000,19490.30796304841,20509.69203695159
4196,test,9500,19490.30796304841,-9990.30796304841
3546,test,10500,19490.30796304841,-8990.30796304841
3215,test,12000,19490.30796304841,-7490.30796304841
4117,test,50000,19490.30796304841,30509.69203695159
3861,test,10000,19490.30796304841,-9490.30796304841
1581,test,11400,19490.30796304841,-8090.30796304841
3351,test,16000,19490.30796304841,-3490.30796304841
4002,test,35000,19490.30796304841,15509.69203695159
1229,test,62000,19490.30796304841,42509.69203695159
4178,test,9500,19490.30796304841,-9990.30796304841
4158,test,22000,19490.30796304841,2509.69203695159
771,test,60000,19490.30796304841,40509.69203695159
945,test,28000,19490.30796304841,8509.69203695159
4570,test,13000,19490.30796304841,-6490.30796304841
655,test,75000,19490.30796304841,55509.69203695159
3094,test,12000,19490.30796304841,-7490.30796304841
89,test,8500,19490.30796304841,-10990.30796304841
2680,test,30000,19490.30796304841,10509.69203695159
1595,test,16000,19490.30796304841,-3490.30796304841
3732,test,10000,19490.30796304841,-9490.30796304841
4323,test,13000,19490.30796304841,-6490.30796304841
4173,test,20000,19490.30796304841,509.6920369515901
941,test,22000,19490.30796304841,2509.69203695159
3829,test,32000,19490.30796304841,12509.69203695159
889,test,8500,19490.30796304841,-10990.30796304841
2730,test,14000,19490.30796304841,-5490.30796304841
1413,test,85000,19490.30796304841,65509.69203695159
4553,test,6500,19490.30796304841,-12990.30796304841
2544,test,40000,19490.30796304841,20509.69203695159
1556,test,16000,19490.30796304841,-3490.30796304841
1495,test,17000,19490.30796304841,-2490.30796304841
164,test,40000,19490.30796304841,20509.69203695159
1829,test,18000,19490.30796304841,-1490.3079630484099
1159,test,40000,19490.30796304841,20509.69203695159
2215,test,48000,19490.30796304841,28509.69203695159
3334,test,9500,19490.30796304841,-9990.30796304841
3062,test,12500,19490.30796304841,-6990.30796304841
190,test,13000,19490.30796304841,-6490.30796304841
4297,test,8000,19490.30796304841,-11490.30796304841
4220,test,14000,19490.30796304841,-5490.30796304841
4491,test,10500,19490.30796304841,-8990.30796304841
3957,test,6000,19490.30796304841,-13490.30796304841
4146,test,9000,19490.30796304841,-10490.30796304841
33,test,5000,19490.30796304841,-14490.30796304841
3270,test,16000,19490.30796304841,-3490.30796304841
1972,test,15000,19490.30796304841,-4490.30796304841
3738,test,8000,19490.30796304841,-11490.30796304841
2442,test,4500,19490.30796304841,-14990.30796304841
1175,test,35000,19490.30796304841,15509.69203695159
914,test,27000,19490.30796304841,7509.69203695159
2192,test,7500,19490.30796304841,-11990.30796304841
1220,test,46000,19490.30796304841,26509.69203695159
4341,test,60000,19490.30796304841,40509.69203695159
4356,test,12500,19490.30796304841,-6990.30796304841
2682,test,13000,19490.30796304841,-6490.30796304841
1724,test,10500,19490.30796304841,-8990.30796304841
2650,test,190000,19490.30796304841,170509.6920369516
151,test,3500,19490.30796304841,-15990.30796304841
420,test,10000,19490.30796304841,-9490.30796304841
4518,test,9000,19490.30796304841,-10490.30796304841
1874,test,15000,19490.30796304841,-4490.30796304841
136,test,5000,19490.30796304841,-14490.30796304841
3853,test,5000,19490.30796304841,-14490.30796304841
3435,test,90000,19490.30796304841,70509.69203695159
3357,test,15000,19490.30796304841,-4490.30796304841
3038,test,35000,19490.30796304841,15509.69203695159
4008,test,15000,19490.30796304841,-4490.30796304841
4710,test,25000,19490.30796304841,5509.69203695159
2580,test,27000,19490.30796304841,7509.69203695159
3757,test,34000,19490.30796304841,14509.69203695159
4574,test,13000,19490.30796304841,-6490.30796304841
2524,test,12000,19490.30796304841,-7490.30796304841
1774,test,17000,19490.30796304841,-2490.30796304841
389,test,10000,19490.30796304841,-9490.30796304841
716,test,33000,19490.30796304841,13509.69203695159
2954,test,16500,19490.30796304841,-2990.30796304841
3885,test,8200,19490.30796304841,-11290.30796304841
721,test,100000,19490.30796304841,80509.69203695159
1194,test,25000,19490.30796304841,5509.69203695159
1852,test,24000,19490.30796304841,4509.69203695159
3869,test,75000,19490.30796304841,55509.69203695159
3084,test,24000,19490.30796304841,4509.69203695159
1534,test,30000,19490.30796304841,10509.69203695159
1999,test,24000,19490.30796304841,4509.69203695159
3965,test,10500,19490.30796304841,-8990.30796304841
1819,test,7500,19490.30796304841,-11990.30796304841
1084,test,160000,19490.30796304841,140509.6920369516
1771,test,15000,19490.30796304841,-4490.30796304841
3060,test,27000,19490.30796304841,7509.69203695159
4526,test,12500,19490.30796304841,-6990.30796304841
3375,test,7000,19490.30796304841,-12490.30796304841
1231,test,80000,19490.30796304841,60509.69203695159
2586,test,14000,19490.30796304841,-5490.30796304841
1768,test,16000,19490.30796304841,-3490.30796304841
202,test,15000,19490.30796304841,-4490.30796304841
2862,test,14000,19490.30796304841,-5490.30796304841
47,test,12000,19490.30796304841,-7490.30796304841
1365,test,350000,19490.30796304841,330509.6920369516
4226,test,27000,19490.30796304841,7509.69203695159
4072,test,25000,19490.30796304841,5509.69203695159
2958,test,14000,19490.30796304841,-5490.30796304841
2688,test,70000,19490.30796304841,50509.69203695159
1279,test,52000,19490.30796304841,32509.69203695159
4509,test,35000,19490.30796304841,15509.69203695159
1204,test,25000,19490.30796304841,5509.69203695159
3655,test,10500,19490.30796304841,-8990.30796304841
2167,test,18000,19490.30796304841,-1490.3079630484099
2931,test,7000,19490.30796304841,-12490.30796304841
3091,test,9000,19490.30796304841,-10490.30796304841
1900,test,25000,19490.30796304841,5509.69203695159
2146,test,17000,19490.30796304841,-2490.30796304841
4590,test,15000,19490.30796304841,-4490.30796304841
2982,test,15000,19490.30796304841,-4490.30796304841
2602,test,29000,19490.30796304841,9509.69203695159
528,test,60000,19490.30796304841,40509.69203695159
3136,test,15000,19490.30796304841,-4490.30796304841
1143,test,250000,19490.30796304841,230509.6920369516
3199,test,70000,19490.30796304841,50509.69203695159
493,test,6000,19490.30796304841,-13490.30796304841
2176,test,16000,19490.30796304841,-3490.30796304841
4699,test,13000,19490.30796304841,-6490.30796304841
1471,test,54500,19490.30796304841,35009.69203695159
2636,test,130000,19490.30796304841,110509.69203695159
4183,test,12333,19490.30796304841,-7157.30796304841
2411,test,95000,19490.30796304841,75509.69203695159
1038,test,70000,19490.30796304841,50509.69203695159
4164,test,15000,19490.30796304841,-4490.30796304841
4374,test,18000,19490.30796304841,-1490.3079630484099
2160,test,10000,19490.30796304841,-9490.30796304841
4682,test,20000,19490.30796304841,509.6920369515901
2174,test,10000,19490.30796304841,-9490.30796304841
2312,test,85000,19490.30796304841,65509.69203695159
3903,test,60000,19490.30796304841,40509.69203695159
2085,test,18000,19490.30796304841,-1490.3079630484099
4535,test,18500,19490.30796304841,-990.3079630484099
1099,test,85000,19490.30796304841,65509.69203695159
1407,test,6500,19490.30796304841,-12990.30796304841
1179,test,130000,19490.30796304841,110509.69203695159
353,test,6500,19490.30796304841,-12990.30796304841
741,test,320000,19490.30796304841,300509.6920369516
4245,test,30000,19490.30796304841,10509.69203695159
1490,test,90000,19490.30796304841,70509.69203695159
264,test,8000,19490.30796304841,-11490.30796304841
2520,test,35000,19490.30796304841,15509.69203695159
4719,test,30000,19490.30796304841,10509.69203695159
1846,test,12000,19490.30796304841,-7490.30796304841
611,test,85000,19490.30796304841,65509.69203695159
4620,test,20000,19490.30796304841,509.6920369515901
3245,test,20000,19490.30796304841,509.6920369515901
4523,test,35000,19490.30796304841,15509.69203695159
4006,test,12500,19490.30796304841,-6990.30796304841
3004,test,6000,19490.30796304841,-13490.30796304841
2029,test,8000,19490.30796304841,-11490.30796304841
2262,test,8000,19490.30796304841,-11490.30796304841
572,test,27000,19490.30796304841,7509.69203695159
1787,test,16500,19490.30796304841,-2990.30796304841
1547,test,7500,19490.30796304841,-11990.30796304841
871,test,85000,19490.30796304841,65509.69203695159
1928,test,35000,19490.30796304841,15509.69203695159
4432,test,10000,19490.30796304841,-9490.30796304841
1924,test,6000,19490.30796304841,-13490.30796304841
456,test,9500,19490.30796304841,-9990.30796304841
3870,test,250000,19490.30796304841,230509.6920369516
4264,test,14000,19490.30796304841,-5490.30796304841
329,test,3000,19490.30796304841,-16490.30796304841
1786,test,17000,19490.30796304841,-2490.30796304841
280,test,7000,19490.30796304841,-12490.30796304841
2095,test,26000,19490.30796304841,6509.69203695159
2773,test,19500,19490.30796304841,9.692036951590126
2857,test,22999,19490.30796304841,3508.69203695159
3801,test,9000,19490.30796304841,-10490.30796304841
635,test,32000,19490.30796304841,12509.69203695159
1152,test,26500,19490.30796304841,7009.69203695159
1985,test,13500,19490.30796304841,-5990.30796304841
3390,test,13000,19490.30796304841,-6490.30796304841
3747,test,8000,19490.30796304841,-11490.30796304841
1177,test,20000,19490.30796304841,509.6920369515901
2144,test,7700,19490.30796304841,-11790.30796304841
4733,test,29000,19490.30796304841,9509.69203695159
832,test,55000,19490.30796304841,35509.69203695159
425,test,5000,19490.30796304841,-14490.30796304841
1821,test,11000,19490.30796304841,-8490.30796304841
3426,test,10000,19490.30796304841,-9490.30796304841
1212,test,20000,19490.30796304841,509.6920369515901
3473,test,12000,19490.30796304841,-7490.30796304841
1898,test,12000,19490.30796304841,-7490.30796304841
4552,test,7500,19490.30796304841,-11990.30796304841
1872,test,9000,19490.30796304841,-10490.30796304841
1754,test,14500,19490.30796304841,-4990.30796304841
1320,test,45000,19490.30796304841,25509.69203695159
1012,test,42000,19490.30796304841,22509.69203695159
3067,test,34000,19490.30796304841,14509.69203695159
1435,test,150000,19490.30796304841,130509.69203695159
903,test,50000,19490.30796304841,30509.69203695159
2775,test,20000,19490.30796304841,509.6920369515901
1275,test,40000,19490.30796304841,20509.69203695159
2874,test,18000,19490.30796304841,-1490.3079630484099
1565,test,20000,19490.30796304841,509.6920369515901
963,test,52000,19490.30796304841,32509.69203695159
2984,test,7600,19490.30796304841,-11890.30796304841
2922,test,90000,19490.30796304841,70509.69203695159
1501,test,17000,19490.30796304841,-2490.30796304841
3178,test,12000,19490.30796304841,-7490.30796304841
159,test,6000,19490.30796304841,-13490.30796304841
2579,test,24000,19490.30796304841,4509.69203695159
3967,test,9000,19490.30796304841,-10490.30796304841
1151,test,75000,19490.30796304841,55509.69203695159
3855,test,14000,19490.30796304841,-5490.30796304841
3947,test,13000,19490.30796304841,-6490.30796304841
2462,test,40000,19490.30796304841,20509.69203695159
4248,test,7500,19490.30796304841,-11990.30796304841
4168,test,5500,19490.30796304841,-13990.30796304841
1860,test,14000,19490.30796304841,-5490.30796304841
666,test,55000,19490.30796304841,35509.69203695159
770,test,120000,19490.30796304841,100509.69203695159
4076,test,11000,19490.30796304841,-8490.30796304841
1938,test,7000,19490.30796304841,-12490.30796304841
3514,test,34000,19490.30796304841,14509.69203695159
4175,test,7500,19490.30796304841,-11990.30796304841
2713,test,6000,19490.30796304841,-13490.30796304841
1363,test,23000,19490.30796304841,3509.69203695159
3475,test,26000,19490.30796304841,6509.69203695159
2714,test,18000,19490.30796304841,-1490.3079630484099
4334,test,12000,19490.30796304841,-7490.30796304841
2696,test,13500,19490.30796304841,-5990.30796304841
1297,test,55000,19490.30796304841,35509.69203695159
2316,test,16000,19490.30796304841,-3490.30796304841
537,test,28000,19490.30796304841,8509.69203695159
1409,test,69999,19490.30796304841,50508.69203695159
3574,test,9500,19490.30796304841,-9990.30796304841
1651,test,32900,19490.30796304841,13409.69203695159
3117,test,8000,19490.30796304841,-11490.30796304841
1769,test,5000,19490.30796304841,-14490.30796304841
3820,test,13500,19490.30796304841,-5990.30796304841
1333,test,25000,19490.30796304841,5509.69203695159
4275,test,12000,19490.30796304841,-7490.30796304841
1596,test,10000,19490.30796304841,-9490.30796304841
369,test,9000,19490.30796304841,-10490.30796304841
4368,test,32000,19490.30796304841,12509.69203695159
2606,test,8000,19490.30796304841,-11490.30796304841
4385,test,13000,19490.30796304841,-6490.30796304841
3352,test,26000,19490.30796304841,6509.69203695159
1298,test,66000,19490.30796304841,46509.69203695159
748,test,130000,19490.30796304841,110509.69203695159
2320,test,5000,19490.30796304841,-14490.30796304841
4534,test,200000,19490.30796304841,180509.6920369516
2767,test,18000,19490.30796304841,-1490.3079630484099
4155,test,12500,19490.30796304841,-6990.30796304841
2113,test,7500,19490.30796304841,-11990.30796304841
2114,test,16000,19490.30796304841,-3490.30796304841
4073,test,13000,19490.30796304841,-6490.30796304841
576,test,95000,19490.30796304841,75509.69203695159
2645,test,7000,19490.30796304841,-12490.30796304841
907,test,34000,19490.30796304841,14509.69203695159
1689,test,18000,19490.30796304841,-1490.3079630484099
3501,test,7000,19490.30796304841,-12490.30796304841
3699,test,13000,19490.30796304841,-6490.30796304841
4577,test,4000,19490.30796304841,-15490.30796304841
612,test,50000,19490.30796304841,30509.69203695159
2340,test,19000,19490.30796304841,-490.3079630484099
2292,test,12000,19490.30796304841,-7490.30796304841
1313,test,23000,19490.30796304841,3509.69203695159
3744,test,10000,19490.30796304841,-9490.30796304841
4081,test,20000,19490.30796304841,509.6920369515901
3340,test,33000,19490.30796304841,13509.69203695159
4493,test,16000,19490.30796304841,-3490.30796304841
