row_id,split,actual_rent,predicted_rent,residual
1124,train,95000,95000.00000000001,-1.4551915228366852e-11
3886,train,12000,11999.999999999998,1.8189894035458565e-12
4122,train,14000,13999.999999999995,5.4569682106375694e-12
2762,train,6500,6500.000000000003,-2.7284841053187847e-12
1963,train,30000,29999.99999999999,1.0913936421275139e-11
345,train,12000,11999.999999999998,1.8189894035458565e-12
3892,train,20000,20000.000000000015,-1.4551915228366852e-11
3420,train,6250,6250.000000000005,-4.547473508864641e-12
2348,train,6000,6000.000000000005,-4.547473508864641e-12
4572,train,37000,37000.00000000001,-7.275957614183426e-12
288,train,7000,6999.999999999998,1.8189894035458565e-12
3875,train,58000,58000.00000000003,-2.9103830456733704e-11
4652,train,9000,9000.0,0.0
2920,train,10000,10000.00000000001,-9.094947017729282e-12
641,train,68000,67999.99999999999,1.4551915228366852e-11
3749,train,5000,5000.000000000003,-2.7284841053187847e-12
3972,train,24000,23999.99999999999,1.0913936421275139e-11
1625,train,22000,21999.999999999993,7.275957614183426e-12
1703,train,20000,20000.000000000015,-1.4551915228366852e-11
3288,train,35000,35000.00000000001,-7.275957614183426e-12
3553,train,13000,12999.999999999995,5.4569682106375694e-12
1465,train,70000,70000.00000000001,-1.4551915228366852e-11
3938,train,13000,12999.999999999995,5.4569682106375694e-12
885,train,32000,31999.999999999993,7.275957614183426e-12
3121,train,11000,10999.999999999993,7.275957614183426e-12
2055,train,18000,17999.999999999993,7.275957614183426e-12
381,train,12000,11999.999999999998,1.8189894035458565e-12
2810,train,9500,9500.000000000005,-5.4569682106375694e-12
2885,train,33500,33499.99999999998,2.1827872842550278e-11
3883,train,16000,16000.000000000002,-1.8189894035458565e-12
2801,train,13000,12999.999999999995,5.4569682106375694e-12
2695,train,7500,7500.0000000000055,-5.4569682106375694e-12
1899,train,75000,75000.00000000004,-4.3655745685100555e-11
4455,train,16000,16000.000000000002,-1.8189894035458565e-12
3793,train,10000,10000.00000000001,-9.094947017729282e-12
3668,train,9000,9000.0,0.0
1839,train,16500,16499.999999999993,7.275957614183426e-12
3894,train,12500,12500.0,0.0
1355,train,52000,52000.000000000044,-4.3655745685100555e-11
2697,train,14000,13999.999999999995,5.4569682106375694e-12
514,train,22000,21999.999999999993,7.275957614183426e-12
927,train,30000,29999.99999999999,1.0913936421275139e-11
1104,train,17000,16999.99999999999,1.0913936421275139e-11
3360,train,8000,8000.0000000000055,-5.4569682106375694e-12
2768,train,30000,29999.99999999999,1.0913936421275139e-11
1165,train,52000,52000.000000000044,-4.3655745685100555e-11
2715,train,18000,17999.999999999993,7.275957614183426e-12
4305,train,6000,6000.000000000005,-4.547473508864641e-12
1257,train,100000,100000.00000000004,-4.3655745685100555e-11
2594,train,18000,17999.999999999993,7.275957614183426e-12
3217,train,20000,20000.000000000015,-1.4551915228366852e-11
3163,train,10000,10000.00000000001,-9.094947017729282e-12
1554,train,15000,14999.99999999999,9.094947017729282e-12
3088,train,26000,25999.999999999985,1.4551915228366852e-11
998,train,70000,70000.00000000001,-1.4551915228366852e-11
417,train,6500,6500.000000000003,-2.7284841053187847e-12
427,train,5500,5500.000000000004,-3.637978807091713e-12
2632,train,40000,40000.0,0.0
4519,train,18000,17999.999999999993,7.275957614183426e-12
850,train,190000,189999.9999999999,8.731149137020111e-11
3968,train,11000,10999.999999999993,7.275957614183426e-12
4003,train,6000,6000.000000000005,-4.547473508864641e-12
3265,train,24000,23999.99999999999,1.0913936421275139e-11
108,train,8000,8000.0000000000055,-5.4569682106375694e-12
3309,train,7500,7500.0000000000055,-5.4569682106375694e-12
3872,train,60000,60000.000000000015,-1.4551915228366852e-11
2286,train,15000,14999.99999999999,9.094947017729282e-12
1950,train,40000,40000.0,0.0
3657,train,20000,20000.000000000015,-1.4551915228366852e-11
4546,train,10000,10000.00000000001,-9.094947017729282e-12
4600,train,20000,20000.000000000015,-1.4551915228366852e-11
2379,train,80000,80000.0,0.0
4379,train,12500,12500.0,0.0
3836,train,20000,20000.000000000015,-1.4551915228366852e-11
2806,train,14000,13999.999999999995,5.4569682106375694e-12
376,train,7000,6999.999999999998,1.8189894035458565e-12
2051,train,7000,6999.999999999998,1.8189894035458565e-12
1805,train,15000,14999.99999999999,9.094947017729282e-12
2744,train,12000,11999.999999999998,1.8189894035458565e-12
549,train,20000,20000.000000000015,-1.4551915228366852e-11
1378,train,24000,23999.99999999999,1.0913936421275139e-11
2728,train,13500,13500.000000000004,-3.637978807091713e-12
3220,train,11000,10999.999999999993,7.275957614183426e-12
575,train,40000,40000.0,0.0
468,train,6500,6500.000000000003,-2.7284841053187847e-12
213,train,11000,10999.999999999993,7.275957614183426e-12
3526,train,15000,14999.99999999999,9.094947017729282e-12
4278,train,15000,14999.99999999999,9.094947017729282e-12
677,train,55000,55000.00000000004,-3.637978807091713e-11
3410,train,15000,14999.99999999999,9.094947017729282e-12
3041,train,12000,11999.999999999998,1.8189894035458565e-12
1994,train,22000,21999.999999999993,7.275957614183426e-12
1222,train,21000,20999.99999999998,1.8189894035458565e-11
1570,train,8500,8500.000000000005,-5.4569682106375694e-12
4271,train,13000,12999.999999999995,5.4569682106375694e-12
438,train,5000,5000.000000000003,-2.7284841053187847e-12
821,train,34000,33999.99999999999,7.275957614183426e-12
4449,train,9000,9000.0,0.0
3025,train,11200,11199.999999999998,1.8189894035458565e-12
530,train,300000,299999.99999999977,2.3283064365386963e-10
2702,train,4000,4000.0000000000014,-1.3642420526593924e-12
3884,train,18000,17999.999999999993,7.275957614183426e-12
2745,train,13500,13500.000000000004,-3.637978807091713e-12
1722,train,19000,18999.999999999985,1.4551915228366852e-11
1704,train,28000,28000.00000000002,-1.8189894035458565e-11
661,train,35000,35000.00000000001,-7.275957614183426e-12
1243,train,72000,71999.99999999996,4.3655745685100555e-11
1027,train,230000,230000.0000000001,-8.731149137020111e-11
4463,train,20000,20000.000000000015,-1.4551915228366852e-11
2210,train,10000,10000.00000000001,-9.094947017729282e-12
1607,train,6000,6000.000000000005,-4.547473508864641e-12
163,train,9000,9000.0,0.0
3591,train,7000,6999.999999999998,1.8189894035458565e-12
4262,train,10000,10000.00000000001,-9.094947017729282e-12
2722,train,20000,20000.000000000015,-1.4551915228366852e-11
4058,train,30000,29999.99999999999,1.0913936421275139e-11
3627,train,15000,14999.99999999999,9.094947017729282e-12
3187,train,13000,12999.999999999995,5.4569682106375694e-12
812,train,36000,35999.99999999998,2.1827872842550278e-11
1508,train,13500,13500.000000000004,-3.637978807091713e-12
2811,train,15000,14999.99999999999,9.094947017729282e-12
3362,train,12000,11999.999999999998,1.8189894035458565e-12
4457,train,12000,11999.999999999998,1.8189894035458565e-12
421,train,12000,11999.999999999998,1.8189894035458565e-12
1477,train,70000,70000.00000000001,-1.4551915228366852e-11
1588,train,10000,10000.00000000001,-9.094947017729282e-12
313,train,15000,14999.99999999999,9.094947017729282e-12
3945,train,12000,11999.999999999998,1.8189894035458565e-12
2161,train,24000,23999.99999999999,1.0913936421275139e-11
277,train,15000,14999.99999999999,9.094947017729282e-12
2750,train,9000,9000.0,0.0
140,train,12500,12500.0,0.0
1383,train,37000,37000.00000000001,-7.275957614183426e-12
2708,train,10000,10000.00000000001,-9.094947017729282e-12
1881,train,15000,14999.99999999999,9.094947017729282e-12
4448,train,400000,399999.9999999999,1.1641532182693481e-10
310,train,9000,9000.0,0.0
3601,train,18000,17999.999999999993,7.275957614183426e-12
4279,train,15000,14999.99999999999,9.094947017729282e-12
3190,train,15000,14999.99999999999,9.094947017729282e-12
1347,train,20000,20000.000000000015,-1.4551915228366852e-11
2295,train,30000,29999.99999999999,1.0913936421275139e-11
189,train,6500,6500.000000000003,-2.7284841053187847e-12
1923,train,24000,23999.99999999999,1.0913936421275139e-11
1842,train,17000,16999.99999999999,1.0913936421275139e-11
1155,train,38000,38000.000000000015,-1.4551915228366852e-11
3933,train,23000,22999.999999999996,3.637978807091713e-12
61,train,30000,29999.99999999999,1.0913936421275139e-11
1691,train,20000,20000.000000000015,-1.4551915228366852e-11
499,train,6000,6000.000000000005,-4.547473508864641e-12
1733,train,12500,12500.0,0.0
2555,train,6000,6000.000000000005,-4.547473508864641e-12
2004,train,15000,14999.99999999999,9.094947017729282e-12
1337,train,110000,109999.99999999991,8.731149137020111e-11
2652,train,60000,60000.000000000015,-1.4551915228366852e-11
3823,train,22000,21999.999999999993,7.275957614183426e-12
2193,train,34000,33999.99999999999,7.275957614183426e-12
1425,train,35000,35000.00000000001,-7.275957614183426e-12
2893,train,16000,16000.000000000002,-1.8189894035458565e-12
687,train,100000,100000.00000000004,-4.3655745685100555e-11
1517,train,7500,7500.0000000000055,-5.4569682106375694e-12
852,train,75000,75000.00000000004,-4.3655745685100555e-11
4726,train,35000,35000.00000000001,-7.275957614183426e-12
261,train,7000,6999.999999999998,1.8189894035458565e-12
4487,train,18000,17999.999999999993,7.275957614183426e-12
3852,train,15000,14999.99999999999,9.094947017729282e-12
4246,train,18000,17999.999999999993,7.275957614183426e-12
584,train,13000,12999.999999999995,5.4569682106375694e-12
1305,train,51000,50999.999999999985,1.4551915228366852e-11
875,train,15000,14999.99999999999,9.094947017729282e-12
4116,train,14000,13999.999999999995,5.4569682106375694e-12
1608,train,17000,16999.99999999999,1.0913936421275139e-11
4302,train,18000,17999.999999999993,7.275957614183426e-12
1560,train,12000,11999.999999999998,1.8189894035458565e-12
827,train,40000,40000.0,0.0
625,train,85000,84999.99999999996,4.3655745685100555e-11
4274,train,25000,25000.000000000004,-3.637978807091713e-12
1984,train,11000,10999.999999999993,7.275957614183426e-12
1642,train,12000,11999.999999999998,1.8189894035458565e-12
1278,train,15000,14999.99999999999,9.094947017729282e-12
4468,train,24000,23999.99999999999,1.0913936421275139e-11
1742,train,14000,13999.999999999995,5.4569682106375694e-12
4400,train,50000,50000.000000000015,-1.4551915228366852e-11
522,train,25000,25000.000000000004,-3.637978807091713e-12
4688,train,12000,11999.999999999998,1.8189894035458565e-12
614,train,120000,120000.00000000004,-4.3655745685100555e-11
2223,train,28000,28000.00000000002,-1.8189894035458565e-11
2483,train,12000,11999.999999999998,1.8189894035458565e-12
2281,train,22000,21999.999999999993,7.275957614183426e-12
3394,train,20000,20000.000000000015,-1.4551915228366852e-11
2698,train,18000,17999.999999999993,7.275957614183426e-12
935,train,18000,17999.999999999993,7.275957614183426e-12
1987,train,55000,55000.00000000004,-3.637978807091713e-11
483,train,5000,5000.000000000003,-2.7284841053187847e-12
4396,train,24000,23999.99999999999,1.0913936421275139e-11
2047,train,11000,10999.999999999993,7.275957614183426e-12
459,train,22500,22500.000000000015,-1.4551915228366852e-11
4615,train,5000,5000.000000000003,-2.7284841053187847e-12
4156,train,31000,31000.000000000015,-1.4551915228366852e-11
3871,train,10000,10000.00000000001,-9.094947017729282e-12
2116,train,14000,13999.999999999995,5.4569682106375694e-12
3081,train,12000,11999.999999999998,1.8189894035458565e-12
4094,train,12000,11999.999999999998,1.8189894035458565e-12
4632,train,9000,9000.0,0.0
4229,train,8000,8000.0000000000055,-5.4569682106375694e-12
3713,train,19000,18999.999999999985,1.4551915228366852e-11
2010,train,50000,50000.000000000015,-1.4551915228366852e-11
1589,train,7000,6999.999999999998,1.8189894035458565e-12
1139,train,77000,76999.99999999997,2.9103830456733704e-11
2494,train,14000,13999.999999999995,5.4569682106375694e-12
1552,train,84000,84000.00000000003,-2.9103830456733704e-11
3294,train,65000,64999.999999999956,4.3655745685100555e-11
3145,train,8500,8500.000000000005,-5.4569682106375694e-12
1751,train,7500,7500.0000000000055,-5.4569682106375694e-12
30,train,7500,7500.0000000000055,-5.4569682106375694e-12
462,train,14000,13999.999999999995,5.4569682106375694e-12
3110,train,9000,9000.0,0.0
3479,train,12000,11999.999999999998,1.8189894035458565e-12
2545,train,36000,35999.99999999998,2.1827872842550278e-11
2384,train,40000,24083.320646428874,15916.679353571126
1546,train,16000,16000.000000000002,-1.8189894035458565e-12
917,train,8000,8000.0000000000055,-5.4569682106375694e-12
4601,train,10000,10000.00000000001,-9.094947017729282e-12
432,train,5500,5500.000000000004,-3.637978807091713e-12
4668,train,7000,6999.999999999998,1.8189894035458565e-12
901,train,75000,75000.00000000004,-4.3655745685100555e-11
3599,train,22000,21999.999999999993,7.275957614183426e-12
1882,train,11000,10999.999999999993,7.275957614183426e-12
1939,train,24000,23999.99999999999,1.0913936421275139e-11
2077,train,11000,10999.999999999993,7.275957614183426e-12
2662,train,35000,35000.00000000001,-7.275957614183426e-12
1685,train,17500,17500.000000000015,-1.4551915228366852e-11
1036,train,100000,100000.00000000004,-4.3655745685100555e-11
3856,train,20000,20000.000000000015,-1.4551915228366852e-11
406,train,5500,5500.000000000004,-3.637978807091713e-12
3233,train,25000,25000.000000000004,-3.637978807091713e-12
1880,train,10000,10000.00000000001,-9.094947017729282e-12
3802,train,14000,13999.999999999995,5.4569682106375694e-12
1537,train,7500,7500.0000000000055,-5.4569682106375694e-12
4389,train,15000,14999.99999999999,9.094947017729282e-12
1185,train,76000,76000.0,0.0
418,train,4500,4499.999999999999,9.094947017729282e-13
1068,train,130000,130000.00000000009,-8.731149137020111e-11
3838,train,15000,14999.99999999999,9.094947017729282e-12
4501,train,8000,8000.0000000000055,-5.4569682106375694e-12
4548,train,10000,10000.00000000001,-9.094947017729282e-12
2082,train,10000,10000.00000000001,-9.094947017729282e-12
3558,train,24000,23999.99999999999,1.0913936421275139e-11
2248,train,12000,11999.999999999998,1.8189894035458565e-12
147,train,8000,8000.0000000000055,-5.4569682106375694e-12
4133,train,20000,20000.000000000015,-1.4551915228366852e-11
137,train,17500,17500.000000000015,-1.4551915228366852e-11
76,train,5500,5500.000000000004,-3.637978807091713e-12
4565,train,18000,17999.999999999993,7.275957614183426e-12
2218,train,40000,40000.0,0.0
833,train,80000,80000.0,0.0
1188,train,39000,39000.0,0.0
43,train,8500,8500.000000000005,-5.4569682106375694e-12
3680,train,8000,8000.0000000000055,-5.4569682106375694e-12
2257,train,7000,6999.999999999998,1.8189894035458565e-12
2529,train,24000,23999.99999999999,1.0913936421275139e-11
4678,train,30000,29999.99999999999,1.0913936421275139e-11
4492,train,37000,37000.00000000001,-7.275957614183426e-12
2639,train,15000,14999.99999999999,9.094947017729282e-12
2492,train,14000,13999.999999999995,5.4569682106375694e-12
3011,train,22000,21999.999999999993,7.275957614183426e-12
838,train,450000,449999.99999999994,5.820766091346741e-11
3332,train,20000,20000.000000000015,-1.4551915228366852e-11
3720,train,40000,40000.0,0.0
323,train,8500,8500.000000000005,-5.4569682106375694e-12
4023,train,12000,11999.999999999998,1.8189894035458565e-12
3733,train,20000,20000.000000000015,-1.4551915228366852e-11
274,train,30000,29999.99999999999,1.0913936421275139e-11
1373,train,24000,23999.99999999999,1.0913936421275139e-11
3336,train,23000,22999.999999999996,3.637978807091713e-12
2783,train,10000,10000.00000000001,-9.094947017729282e-12
169,train,40000,40000.0,0.0
2541,train,16000,16000.000000000002,-1.8189894035458565e-12
1461,train,30000,29999.99999999999,1.0913936421275139e-11
2903,train,110000,109999.99999999991,8.731149137020111e-11
2990,train,26000,25999.999999999985,1.4551915228366852e-11
4685,train,17000,16999.99999999999,1.0913936421275139e-11
894,train,15500,15500.00000000001,-9.094947017729282e-12
4007,train,25000,25000.000000000004,-3.637978807091713e-12
631,train,50000,50000.000000000015,-1.4551915228366852e-11
2777,train,6500,6500.000000000003,-2.7284841053187847e-12
3455,train,45000,44999.999999999985,1.4551915228366852e-11
2230,train,16000,16000.000000000002,-1.8189894035458565e-12
3723,train,35000,35000.00000000001,-7.275957614183426e-12
2886,train,9500,9500.000000000005,-5.4569682106375694e-12
4472,train,15000,14999.99999999999,9.094947017729282e-12
2408,train,9000,9000.0,0.0
730,train,95000,95000.00000000001,-1.4551915228366852e-11
2184,train,24000,23999.99999999999,1.0913936421275139e-11
703,train,40000,40000.0,0.0
652,train,43000,43000.00000000002,-2.1827872842550278e-11
1280,train,13000,12999.999999999995,5.4569682106375694e-12
4213,train,42000,41999.99999999999,7.275957614183426e-12
1905,train,6000,6000.000000000005,-4.547473508864641e-12
4298,train,13000,12999.999999999995,5.4569682106375694e-12
484,train,10000,10000.00000000001,-9.094947017729282e-12
3146,train,20000,20000.000000000015,-1.4551915228366852e-11
1955,train,15000,14999.99999999999,9.094947017729282e-12
4100,train,16500,16499.999999999993,7.275957614183426e-12
2053,train,4800,4800.000000000003,-2.7284841053187847e-12
4067,train,1200,1200.0,0.0
302,train,20000,20000.000000000015,-1.4551915228366852e-11
2967,train,7500,7500.0000000000055,-5.4569682106375694e-12
4127,train,10000,10000.00000000001,-9.094947017729282e-12
3285,train,8000,8000.0000000000055,-5.4569682106375694e-12
1809,train,22000,21999.999999999993,7.275957614183426e-12
4360,train,26000,25999.999999999985,1.4551915228366852e-11
1973,train,70000,70000.00000000001,-1.4551915228366852e-11
1614,train,7000,6999.999999999998,1.8189894035458565e-12
3192,train,19000,18999.999999999985,1.4551915228366852e-11
3764,train,6000,6000.000000000005,-4.547473508864641e-12
2352,train,17500,17500.000000000015,-1.4551915228366852e-11
4150,train,12000,11999.999999999998,1.8189894035458565e-12
2241,train,14000,13999.999999999995,5.4569682106375694e-12
2930,train,5500,5500.000000000004,-3.637978807091713e-12
610,train,50000,50000.000000000015,-1.4551915228366852e-11
3791,train,12500,12500.0,0.0
3056,train,22000,21999.999999999993,7.275957614183426e-12
1783,train,20000,20000.000000000015,-1.4551915228366852e-11
776,train,150000,150000.00000000006,-5.820766091346741e-11
4513,train,60000,60000.000000000015,-1.4551915228366852e-11
1116,train,55000,55000.00000000004,-3.637978807091713e-11
2140,train,13900,13899.99999999999,9.094947017729282e-12
3468,train,26000,25999.999999999985,1.4551915228366852e-11
2106,train,12000,11999.999999999998,1.8189894035458565e-12
1380,train,600000,600000.0000000003,-3.4924596548080444e-10
4201,train,10000,10000.00000000001,-9.094947017729282e-12
2871,train,30000,29999.99999999999,1.0913936421275139e-11
191,train,9000,9000.0,0.0
1046,train,27000,26999.999999999978,2.1827872842550278e-11
973,train,85000,84999.99999999996,4.3655745685100555e-11
4499,train,35000,35000.00000000001,-7.275957614183426e-12
449,train,4000,4000.0000000000014,-1.3642420526593924e-12
628,train,50000,50000.000000000015,-1.4551915228366852e-11
1403,train,20000,20000.000000000015,-1.4551915228366852e-11
4311,train,9500,9500.000000000005,-5.4569682106375694e-12
3416,train,10000,10000.00000000001,-9.094947017729282e-12
1303,train,50000,50000.000000000015,-1.4551915228366852e-11
3383,train,30000,29999.99999999999,1.0913936421275139e-11
4293,train,70000,70000.00000000001,-1.4551915228366852e-11
616,train,110000,109999.99999999991,8.731149137020111e-11
745,train,100000,100000.00000000004,-4.3655745685100555e-11
193,train,12000,11999.999999999998,1.8189894035458565e-12
1862,train,8000,8000.0000000000055,-5.4569682106375694e-12
1449,train,45000,44999.999999999985,1.4551915228366852e-11
3064,train,40000,40000.0,0.0
46,train,4600,4600.0,0.0
4291,train,12000,11999.999999999998,1.8189894035458565e-12
3950,train,4000,4000.0000000000014,-1.3642420526593924e-12
3506,train,15000,14999.99999999999,9.094947017729282e-12
1107,train,35500,35499.99999999999,7.275957614183426e-12
4102,train,8500,8500.000000000005,-5.4569682106375694e-12
2143,train,13000,12999.999999999995,5.4569682106375694e-12
2369,train,7500,7500.0000000000055,-5.4569682106375694e-12
642,train,150000,150000.00000000006,-5.820766091346741e-11
3061,train,8000,8000.0000000000055,-5.4569682106375694e-12
4074,train,35000,35000.00000000001,-7.275957614183426e-12
1225,train,65000,64999.999999999956,4.3655745685100555e-11
777,train,230000,230000.0000000001,-8.731149137020111e-11
3545,train,26000,25999.999999999985,1.4551915228366852e-11
4154,train,6000,6000.000000000005,-4.547473508864641e-12
3249,train,15000,14999.99999999999,9.094947017729282e-12
3931,train,22000,21999.999999999993,7.275957614183426e-12
1158,train,180000,180000.00000000003,-2.9103830456733704e-11
3168,train,14000,13999.999999999995,5.4569682106375694e-12
815,train,42000,41999.99999999999,7.275957614183426e-12
2381,train,14000,13999.999999999995,5.4569682106375694e-12
4357,train,18000,17999.999999999993,7.275957614183426e-12
1284,train,360000,360000.0000000001,-1.1641532182693481e-10
331,train,6500,6500.000000000003,-2.7284841053187847e-12
788,train,170000,170000.00000000012,-1.1641532182693481e-10
1834,train,12500,12500.0,0.0
4054,train,14000,13999.999999999995,5.4569682106375694e-12
1746,train,55000,55000.00000000004,-3.637978807091713e-11
1292,train,65000,64999.999999999956,4.3655745685100555e-11
883,train,45000,44999.999999999985,1.4551915228366852e-11
2269,train,7000,6999.999999999998,1.8189894035458565e-12
4339,train,10000,10000.00000000001,-9.094947017729282e-12
4284,train,9500,9500.000000000005,-5.4569682106375694e-12
289,train,3500,3499.9999999999977,2.2737367544323206e-12
4515,train,9000,9000.0,0.0
2879,train,28000,28000.00000000002,-1.8189894035458565e-11
2201,train,16500,16499.999999999993,7.275957614183426e-12
1960,train,26969,26969.000000000007,-7.275957614183426e-12
4530,train,8000,8000.0000000000055,-5.4569682106375694e-12
2824,train,9300,9300.000000000005,-5.4569682106375694e-12
263,train,6000,6000.000000000005,-4.547473508864641e-12
3020,train,5000,5000.000000000003,-2.7284841053187847e-12
3299,train,26000,25999.999999999985,1.4551915228366852e-11
2006,train,27000,26999.999999999978,2.1827872842550278e-11
3547,train,15000,14999.99999999999,9.094947017729282e-12
1864,train,15000,14999.99999999999,9.094947017729282e-12
441,train,5500,5500.000000000004,-3.637978807091713e-12
1515,train,7500,7500.0000000000055,-5.4569682106375694e-12
1412,train,45000,44999.999999999985,1.4551915228366852e-11
2798,train,37000,37000.00000000001,-7.275957614183426e-12
4331,train,6000,6000.000000000005,-4.547473508864641e-12
4214,train,20000,20000.000000000015,-1.4551915228366852e-11
1487,train,65000,64999.999999999956,4.3655745685100555e-11
295,train,10500,10500.000000000005,-5.4569682106375694e-12
2552,train,13000,12999.999999999995,5.4569682106375694e-12
2877,train,16000,16000.000000000002,-1.8189894035458565e-12
364,train,10000,10000.00000000001,-9.094947017729282e-12
3948,train,9500,9500.000000000005,-5.4569682106375694e-12
3491,train,8500,8500.000000000005,-5.4569682106375694e-12
1658,train,14000,13999.999999999995,5.4569682106375694e-12
2324,train,12000,11999.999999999998,1.8189894035458565e-12
761,train,36000,35999.99999999998,2.1827872842550278e-11
4418,train,14000,13999.999999999995,5.4569682106375694e-12
758,train,35000,35000.00000000001,-7.275957614183426e-12
1095,train,25000,25000.000000000004,-3.637978807091713e-12
2228,train,12000,11999.999999999998,1.8189894035458565e-12
4188,train,7500,7500.0000000000055,-5.4569682106375694e-12
3456,train,5000,5000.000000000003,-2.7284841053187847e-12
4618,train,9000,10392.315207382098,-1392.3152073820984
2661,train,36000,35999.99999999998,2.1827872842550278e-11
4063,train,15000,14999.99999999999,9.094947017729282e-12
2050,train,9000,9000.0,0.0
496,train,14000,13999.999999999995,5.4569682106375694e-12
810,train,40000,40000.0,0.0
1797,train,5000,5000.000000000003,-2.7284841053187847e-12
2599,train,25000,25000.000000000004,-3.637978807091713e-12
471,train,7500,7500.0000000000055,-5.4569682106375694e-12
2071,train,35000,35000.00000000001,-7.275957614183426e-12
1504,train,8000,8000.0000000000055,-5.4569682106375694e-12
3330,train,12000,11999.999999999998,1.8189894035458565e-12
1261,train,70000,70000.00000000001,-1.4551915228366852e-11
3578,train,18000,17999.999999999993,7.275957614183426e-12
736,train,46000,46000.000000000044,-4.3655745685100555e-11
2236,train,16000,16000.000000000002,-1.8189894035458565e-12
955,train,72000,71999.99999999996,4.3655745685100555e-11
2718,train,11000,10999.999999999993,7.275957614183426e-12
1100,train,26000,25999.999999999985,1.4551915228366852e-11
4028,train,10000,10000.00000000001,-9.094947017729282e-12
2790,train,22000,21999.999999999993,7.275957614183426e-12
480,train,6000,6000.000000000005,-4.547473508864641e-12
2278,train,20000,20000.000000000015,-1.4551915228366852e-11
3411,train,75000,75000.00000000004,-4.3655745685100555e-11
4416,train,120000,120000.00000000004,-4.3655745685100555e-11
3083,train,20000,20000.000000000015,-1.4551915228366852e-11
910,train,24000,23999.99999999999,1.0913936421275139e-11
3098,train,13000,12999.999999999995,5.4569682106375694e-12
1200,train,25000,25000.000000000004,-3.637978807091713e-12
3917,train,25000,25000.000000000004,-3.637978807091713e-12
1974,train,19000,18999.999999999985,1.4551915228366852e-11
2878,train,20000,20000.000000000015,-1.4551915228366852e-11
3317,train,45000,44999.999999999985,1.4551915228366852e-11
3775,train,18500,18500.0,0.0
1707,train,20000,20000.000000000015,-1.4551915228366852e-11
1830,train,11000,10999.999999999993,7.275957614183426e-12
2883,train,8000,8000.0000000000055,-5.4569682106375694e-12
2121,train,15000,14999.99999999999,9.094947017729282e-12
2675,train,30000,29495.76255116824,504.23744883175823
1142,train,40000,40000.0,0.0
393,train,7000,6999.999999999998,1.8189894035458565e-12
1586,train,7000,6999.999999999998,1.8189894035458565e-12
884,train,35000,35000.00000000001,-7.275957614183426e-12
3443,train,16000,16000.000000000002,-1.8189894035458565e-12
3891,train,11000,10999.999999999993,7.275957614183426e-12
3896,train,30000,29999.99999999999,1.0913936421275139e-11
1680,train,12000,11999.999999999998,1.8189894035458565e-12
3227,train,30000,29999.99999999999,1.0913936421275139e-11
398,train,8000,8000.0000000000055,-5.4569682106375694e-12
598,train,55000,55000.00000000004,-3.637978807091713e-11
4144,train,45000,44999.999999999985,1.4551915228366852e-11
2122,train,9500,9500.000000000005,-5.4569682106375694e-12
408,train,11000,10999.999999999993,7.275957614183426e-12
3850,train,8500,8500.000000000005,-5.4569682106375694e-12
811,train,40000,40000.0,0.0
135,train,9000,9000.0,0.0
4,train,7500,7500.0000000000055,-5.4569682106375694e-12
3112,train,17000,16999.99999999999,1.0913936421275139e-11
2493,train,14000,13999.999999999995,5.4569682106375694e-12
4025,train,45000,44999.999999999985,1.4551915228366852e-11
987,train,75000,75000.00000000004,-4.3655745685100555e-11
996,train,75000,75000.00000000004,-4.3655745685100555e-11
1828,train,7000,6999.999999999998,1.8189894035458565e-12
4517,train,5800,5799.999999999996,3.637978807091713e-12
2422,train,18000,17999.999999999993,7.275957614183426e-12
3174,train,7000,6999.999999999998,1.8189894035458565e-12
2517,train,22000,21999.999999999993,7.275957614183426e-12
1562,train,16000,16000.000000000002,-1.8189894035458565e-12
3748,train,12000,11999.999999999998,1.8189894035458565e-12
2437,train,10000,10000.00000000001,-9.094947017729282e-12
3380,train,16000,16000.000000000002,-1.8189894035458565e-12
4627,train,5000,5000.000000000003,-2.7284841053187847e-12
4045,train,25000,25000.000000000004,-3.637978807091713e-12
2065,train,17681,17680.99999999999,1.0913936421275139e-11
764,train,7500,7500.0000000000055,-5.4569682106375694e-12
237,train,5500,5500.000000000004,-3.637978807091713e-12
3188,train,9000,9000.0,0.0
3404,train,45000,44999.999999999985,1.4551915228366852e-11
893,train,40000,40000.0,0.0
3241,train,85000,84999.99999999996,4.3655745685100555e-11
2330,train,12500,12500.0,0.0
3815,train,100000,100000.00000000004,-4.3655745685100555e-11
3058,train,6500,6500.000000000003,-2.7284841053187847e-12
396,train,35000,35000.00000000001,-7.275957614183426e-12
3759,train,15000,14999.99999999999,9.094947017729282e-12
1996,train,15000,14999.99999999999,9.094947017729282e-12
479,train,10000,10000.00000000001,-9.094947017729282e-12
4304,train,9000,9000.0,0.0
2815,train,250000,249999.9999999998,2.0372681319713593e-10
3566,train,15000,14999.99999999999,9.094947017729282e-12
4406,train,3000,2999.9999999999995,4.547473508864641e-13
2617,train,140000,139999.9999999999,8.731149137020111e-11
154,train,7000,6999.999999999998,1.8189894035458565e-12
4182,train,16000,16000.000000000002,-1.8189894035458565e-12
705,train,230000,230000.0000000001,-8.731149137020111e-11
3611,train,8000,8000.0000000000055,-5.4569682106375694e-12
3017,train,12000,11999.999999999998,1.8189894035458565e-12
1045,train,46000,46000.000000000044,-4.3655745685100555e-11
2364,train,24000,23999.99999999999,1.0913936421275139e-11
1832,train,60000,60000.000000000015,-1.4551915228366852e-11
188,train,7000,6999.999999999998,1.8189894035458565e-12
4235,train,26000,25999.999999999985,1.4551915228366852e-11
2968,train,10000,14491.44634283667,-4491.446342836671
3207,train,14000,13999.999999999995,5.4569682106375694e-12
1247,train,8000,8000.0000000000055,-5.4569682106375694e-12
2700,train,65000,64999.999999999956,4.3655745685100555e-11
3888,train,13000,12999.999999999995,5.4569682106375694e-12
344,train,7500,7500.0000000000055,-5.4569682106375694e-12
1289,train,130000,130000.00000000009,-8.731149137020111e-11
2342,train,18000,17999.999999999993,7.275957614183426e-12
1851,train,40000,40000.0,0.0
533,train,33000,32999.99999999999,7.275957614183426e-12
3954,train,13000,12999.999999999995,5.4569682106375694e-12
1354,train,55000,55000.00000000004,-3.637978807091713e-11
4684,train,22000,21999.999999999993,7.275957614183426e-12
2985,train,29000,28999.999999999996,3.637978807091713e-12
1744,train,11000,10999.999999999993,7.275957614183426e-12
1937,train,14000,13999.999999999995,5.4569682106375694e-12
1840,train,13000,12999.999999999995,5.4569682106375694e-12
2812,train,12000,11999.999999999998,1.8189894035458565e-12
4642,train,8000,8000.0000000000055,-5.4569682106375694e-12
1806,train,130000,130000.00000000009,-8.731149137020111e-11
3673,train,10000,10000.00000000001,-9.094947017729282e-12
3536,train,12500,12500.0,0.0
341,train,12000,11999.999999999998,1.8189894035458565e-12
2119,train,10000,10000.00000000001,-9.094947017729282e-12
4735,train,45000,44999.999999999985,1.4551915228366852e-11
2782,train,13000,12999.999999999995,5.4569682106375694e-12
2665,train,20000,20000.000000000015,-1.4551915228366852e-11
4042,train,10000,10000.00000000001,-9.094947017729282e-12
2343,train,70000,70000.00000000001,-1.4551915228366852e-11
67,train,7500,7500.0000000000055,-5.4569682106375694e-12
3629,train,7000,6999.999999999998,1.8189894035458565e-12
2273,train,15000,14999.99999999999,9.094947017729282e-12
4242,train,12000,11999.999999999998,1.8189894035458565e-12
206,train,5000,5000.000000000003,-2.7284841053187847e-12
3278,train,4500,4499.999999999999,9.094947017729282e-13
4503,train,5500,5500.000000000004,-3.637978807091713e-12
1775,train,30000,29999.99999999999,1.0913936421275139e-11
1506,train,50000,50000.000000000015,-1.4551915228366852e-11
1762,train,15000,14999.99999999999,9.094947017729282e-12
939,train,32000,31999.999999999993,7.275957614183426e-12
4243,train,15000,14999.99999999999,9.094947017729282e-12
4181,train,8000,8000.0000000000055,-5.4569682106375694e-12
2464,train,6000,6000.000000000005,-4.547473508864641e-12
63,train,30000,29999.99999999999,1.0913936421275139e-11
3610,train,25000,25000.000000000004,-3.637978807091713e-12
4352,train,12000,11999.999999999998,1.8189894035458565e-12
1400,train,20000,20000.000000000015,-1.4551915228366852e-11
2044,train,250000,249999.9999999998,2.0372681319713593e-10
3478,train,30000,29999.99999999999,1.0913936421275139e-11
2575,train,8000,8000.0000000000055,-5.4569682106375694e-12
3919,train,45000,44999.999999999985,1.4551915228366852e-11
3054,train,16000,16000.000000000002,-1.8189894035458565e-12
3210,train,7000,6999.999999999998,1.8189894035458565e-12
3494,train,18000,17999.999999999993,7.275957614183426e-12
1069,train,58000,58000.00000000003,-2.9103830456733704e-11
4512,train,9000,9000.0,0.0
1389,train,310000,310000.0000000002,-1.7462298274040222e-10
4326,train,18000,17999.999999999993,7.275957614183426e-12
1854,train,16000,16000.000000000002,-1.8189894035458565e-12
3312,train,12000,11999.999999999998,1.8189894035458565e-12
2928,train,30000,29999.99999999999,1.0913936421275139e-11
1408,train,55000,55000.00000000004,-3.637978807091713e-11
1136,train,40000,40000.0,0.0
2748,train,200000,199999.99999999997,2.9103830456733704e-11
2668,train,14000,13999.999999999995,5.4569682106375694e-12
2842,train,24000,23999.99999999999,1.0913936421275139e-11
545,train,22000,21999.999999999993,7.275957614183426e-12
3914,train,12000,11999.999999999998,1.8189894035458565e-12
2528,train,140000,139999.9999999999,8.731149137020111e-11
1564,train,11000,10999.999999999993,7.275957614183426e-12
842,train,55000,55000.00000000004,-3.637978807091713e-11
2513,train,20000,20000.000000000015,-1.4551915228366852e-11
2461,train,5000,5000.000000000003,-2.7284841053187847e-12
3832,train,11000,10999.999999999993,7.275957614183426e-12
541,train,270000,270000.00000000006,-5.820766091346741e-11
855,train,39000,39000.0,0.0
804,train,50000,50000.000000000015,-1.4551915228366852e-11
372,train,35000,35000.00000000001,-7.275957614183426e-12
3457,train,30000,29999.99999999999,1.0913936421275139e-11
409,train,10000,10000.00000000001,-9.094947017729282e-12
1153,train,45000,44999.999999999985,1.4551915228366852e-11
4325,train,22000,21999.999999999993,7.275957614183426e-12
4504,train,5000,5000.000000000003,-2.7284841053187847e-12
3268,train,16000,16000.000000000002,-1.8189894035458565e-12
2387,train,25000,25000.000000000004,-3.637978807091713e-12
3729,train,12000,11999.999999999998,1.8189894035458565e-12
1324,train,20000,20000.000000000015,-1.4551915228366852e-11
2358,train,4500,4499.999999999999,9.094947017729282e-13
4456,train,22000,21999.999999999993,7.275957614183426e-12
4628,train,6000,6000.000000000005,-4.547473508864641e-12
4187,train,14000,13999.999999999995,5.4569682106375694e-12
4032,train,130000,130000.00000000009,-8.731149137020111e-11
4348,train,12000,11999.999999999998,1.8189894035458565e-12
2840,train,150000,150000.00000000006,-5.820766091346741e-11
3144,train,30000,29999.99999999999,1.0913936421275139e-11
1518,train,25000,25000.000000000004,-3.637978807091713e-12
334,train,8000,8000.0000000000055,-5.4569682106375694e-12
1015,train,60000,60000.000000000015,-1.4551915228366852e-11
3698,train,18000,17999.999999999993,7.275957614183426e-12
3873,train,12000,11999.999999999998,1.8189894035458565e-12
3238,train,22000,21999.999999999993,7.275957614183426e-12
2378,train,20000,20000.000000000015,-1.4551915228366852e-11
3184,train,12000,11999.999999999998,1.8189894035458565e-12
2677,train,11000,10999.999999999993,7.275957614183426e-12
2556,train,100000,100000.00000000004,-4.3655745685100555e-11
4372,train,9000,9000.0,0.0
2039,train,25000,25000.000000000004,-3.637978807091713e-12
223,train,12500,12500.0,0.0
1183,train,18000,17999.999999999993,7.275957614183426e-12
2301,train,10000,10000.00000000001,-9.094947017729282e-12
1244,train,180000,180000.00000000003,-2.9103830456733704e-11
4087,train,18000,17999.999999999993,7.275957614183426e-12
2925,train,80000,80000.0,0.0
2126,train,10000,10000.00000000001,-9.094947017729282e-12
2760,train,38000,38000.000000000015,-1.4551915228366852e-11
3428,train,16000,16000.000000000002,-1.8189894035458565e-12
3008,train,27000,26999.999999999978,2.1827872842550278e-11
4659,train,12500,12500.0,0.0
3724,train,4000,4000.0000000000014,-1.3642420526593924e-12
3296,train,13500,13500.000000000004,-3.637978807091713e-12
2172,train,30000,29999.99999999999,1.0913936421275139e-11
1463,train,90000,90000.00000000001,-1.4551915228366852e-11
662,train,15000,14999.99999999999,9.094947017729282e-12
3462,train,17000,16999.99999999999,1.0913936421275139e-11
4641,train,15500,15500.00000000001,-9.094947017729282e-12
465,train,20000,20000.000000000015,-1.4551915228366852e-11
1683,train,25000,25000.000000000004,-3.637978807091713e-12
4138,train,12000,11999.999999999998,1.8189894035458565e-12
4132,train,6500,6500.000000000003,-2.7284841053187847e-12
2081,train,11000,10999.999999999993,7.275957614183426e-12
1334,train,25000,25000.000000000004,-3.637978807091713e-12
711,train,15000,14999.99999999999,9.094947017729282e-12
1823,train,13500,13500.000000000004,-3.637978807091713e-12
473,train,15000,14999.99999999999,9.094947017729282e-12
4059,train,12000,11999.999999999998,1.8189894035458565e-12
3074,train,15000,14999.99999999999,9.094947017729282e-12
3433,train,6000,6000.000000000005,-4.547473508864641e-12
3862,train,32000,31999.999999999993,7.275957614183426e-12
300,train,35000,35000.00000000001,-7.275957614183426e-12
2416,train,50000,50000.000000000015,-1.4551915228366852e-11
1909,train,5500,5500.000000000004,-3.637978807091713e-12
2769,train,16000,15491.933905493803,508.06609450619726
4607,train,15000,14999.99999999999,9.094947017729282e-12
3395,train,18000,17999.999999999993,7.275957614183426e-12
24,train,8000,8000.0000000000055,-5.4569682106375694e-12
3301,train,15000,14999.99999999999,9.094947017729282e-12
2097,train,8500,8500.000000000005,-5.4569682106375694e-12
450,train,30000,29999.99999999999,1.0913936421275139e-11
709,train,300000,299999.99999999977,2.3283064365386963e-10
4273,train,8000,8000.0000000000055,-5.4569682106375694e-12
2355,train,22000,21999.999999999993,7.275957614183426e-12
114,train,15000,14999.99999999999,9.094947017729282e-12
923,train,43500,43500.00000000004,-3.637978807091713e-11
2625,train,10000,10000.00000000001,-9.094947017729282e-12
1879,train,21000,20999.99999999998,1.8189894035458565e-11
4640,train,15000,14999.99999999999,9.094947017729282e-12
4380,train,25000,25000.000000000004,-3.637978807091713e-12
969,train,60000,60000.000000000015,-1.4551915228366852e-11
1326,train,850000,850000.0000000005,-4.656612873077393e-10
3392,train,130000,130000.00000000009,-8.731149137020111e-11
3612,train,12500,12500.0,0.0
4460,train,15000,14999.99999999999,9.094947017729282e-12
790,train,55000,55000.00000000004,-3.637978807091713e-11
4358,train,21000,20999.99999999998,1.8189894035458565e-11
1887,train,20000,20000.000000000015,-1.4551915228366852e-11
985,train,22000,21999.999999999993,7.275957614183426e-12
933,train,65000,64999.999999999956,4.3655745685100555e-11
4126,train,6500,6500.000000000003,-2.7284841053187847e-12
2253,train,15000,14999.99999999999,9.094947017729282e-12
1308,train,30000,29999.99999999999,1.0913936421275139e-11
4613,train,15000,14999.99999999999,9.094947017729282e-12
1295,train,22000,21999.999999999993,7.275957614183426e-12
1750,train,12000,11999.999999999998,1.8189894035458565e-12
4429,train,8000,8000.0000000000055,-5.4569682106375694e-12
3593,train,8000,8000.0000000000055,-5.4569682106375694e-12
2153,train,14000,13999.999999999995,5.4569682106375694e-12
3572,train,130000,130000.00000000009,-8.731149137020111e-11
3128,train,17000,16999.99999999999,1.0913936421275139e-11
2155,train,20000,20000.000000000015,-1.4551915228366852e-11
2621,train,6000,6000.000000000005,-4.547473508864641e-12
1624,train,11500,11499.999999999998,1.8189894035458565e-12
551,train,25000,25000.000000000004,-3.637978807091713e-12
3966,train,100000,100000.00000000004,-4.3655745685100555e-11
1741,train,5000,5000.000000000003,-2.7284841053187847e-12
755,train,42000,41999.99999999999,7.275957614183426e-12
645,train,65000,64999.999999999956,4.3655745685100555e-11
446,train,10000,10000.00000000001,-9.094947017729282e-12
390,train,22000,21999.999999999993,7.275957614183426e-12
4259,train,25000,25000.000000000004,-3.637978807091713e-12
222,train,25000,25000.000000000004,-3.637978807091713e-12
869,train,200000,199999.99999999997,2.9103830456733704e-11
3528,train,35000,35000.00000000001,-7.275957614183426e-12
205,train,15000,14999.99999999999,9.094947017729282e-12
1593,train,16000,16000.000000000002,-1.8189894035458565e-12
1370,train,60000,60000.000000000015,-1.4551915228366852e-11
2202,train,14500,14500.000000000004,-3.637978807091713e-12
1613,train,9000,9000.0,0.0
3246,train,15000,14999.99999999999,9.094947017729282e-12
495,train,10000,10000.00000000001,-9.094947017729282e-12
2380,train,9500,9500.000000000005,-5.4569682106375694e-12
2477,train,10000,10000.00000000001,-9.094947017729282e-12
123,train,8000,8000.0000000000055,-5.4569682106375694e-12
2297,train,9250,9249.999999999995,5.4569682106375694e-12
1908,train,20000,20000.000000000015,-1.4551915228366852e-11
359,train,15000,14999.99999999999,9.094947017729282e-12
4137,train,12500,12500.0,0.0
2022,train,35000,35000.00000000001,-7.275957614183426e-12
1187,train,45000,44999.999999999985,1.4551915228366852e-11
3902,train,9000,9000.0,0.0
1736,train,10500,10500.000000000005,-5.4569682106375694e-12
822,train,93000,93000.00000000007,-7.275957614183426e-11
1251,train,45000,44999.999999999985,1.4551915228366852e-11
3817,train,16000,16000.000000000002,-1.8189894035458565e-12
3451,train,15000,14999.99999999999,9.094947017729282e-12
1557,train,9500,9500.000000000005,-5.4569682106375694e-12
837,train,33003,33002.99999999999,7.275957614183426e-12
3617,train,27000,26999.999999999978,2.1827872842550278e-11
4610,train,15000,14999.99999999999,9.094947017729282e-12
3848,train,70000,70000.00000000001,-1.4551915228366852e-11
4110,train,10000,10000.00000000001,-9.094947017729282e-12
892,train,25000,25000.000000000004,-3.637978807091713e-12
1146,train,32000,31999.999999999993,7.275957614183426e-12
1462,train,45000,44999.999999999985,1.4551915228366852e-11
831,train,200000,199999.99999999997,2.9103830456733704e-11
4716,train,9000,9000.0,0.0
589,train,40000,40000.0,0.0
4730,train,25000,25000.000000000004,-3.637978807091713e-12
2366,train,16000,16000.000000000002,-1.8189894035458565e-12
2274,train,8200,8200.000000000007,-7.275957614183426e-12
98,train,18000,17999.999999999993,7.275957614183426e-12
2115,train,5000,5000.000000000003,-2.7284841053187847e-12
3701,train,8000,8000.0000000000055,-5.4569682106375694e-12
3415,train,24000,23999.99999999999,1.0913936421275139e-11
4104,train,15000,14999.99999999999,9.094947017729282e-12
1028,train,180000,180000.00000000003,-2.9103830456733704e-11
3376,train,38000,38000.000000000015,-1.4551915228366852e-11
1219,train,260000,259999.9999999998,2.0372681319713593e-10
4723,train,7000,6999.999999999998,1.8189894035458565e-12
1693,train,15000,14999.99999999999,9.094947017729282e-12
4617,train,8500,7984.361669955858,515.6383300441421
1922,train,20000,20000.000000000015,-1.4551915228366852e-11
1684,train,7000,6999.999999999998,1.8189894035458565e-12
3602,train,8500,8500.000000000005,-5.4569682106375694e-12
1310,train,15000,14999.99999999999,9.094947017729282e-12
1047,train,95000,95000.00000000001,-1.4551915228366852e-11
620,train,40000,40000.0,0.0
2734,train,80000,80000.0,0.0
4329,train,13000,12999.999999999995,5.4569682106375694e-12
490,train,8000,8000.0000000000055,-5.4569682106375694e-12
1205,train,150000,150000.00000000006,-5.820766091346741e-11
1853,train,18500,18500.0,0.0
2537,train,11000,10999.999999999993,7.275957614183426e-12
250,train,12000,11999.999999999998,1.8189894035458565e-12
724,train,85000,84999.99999999996,4.3655745685100555e-11
1444,train,36000,35999.99999999998,2.1827872842550278e-11
4568,train,16500,16499.999999999993,7.275957614183426e-12
2643,train,6500,6500.000000000003,-2.7284841053187847e-12
1160,train,300000,299999.99999999977,2.3283064365386963e-10
3658,train,9000,9000.0,0.0
3356,train,11500,11499.999999999998,1.8189894035458565e-12
1338,train,21000,20999.99999999998,1.8189894035458565e-11
2308,train,20000,20000.000000000015,-1.4551915228366852e-11
2875,train,18000,17999.999999999993,7.275957614183426e-12
4694,train,12000,11999.999999999998,1.8189894035458565e-12
3803,train,8500,8500.000000000005,-5.4569682106375694e-12
3313,train,45000,44999.999999999985,1.4551915228366852e-11
2390,train,22000,21999.999999999993,7.275957614183426e-12
3534,train,16500,16499.999999999993,7.275957614183426e-12
379,train,40000,40000.0,0.0
2532,train,15000,15491.933905493803,-491.93390549380274
684,train,150000,150000.00000000006,-5.820766091346741e-11
4035,train,9000,9000.0,0.0
2475,train,11000,10999.999999999993,7.275957614183426e-12
36,train,12500,12500.0,0.0
2642,train,10000,10000.00000000001,-9.094947017729282e-12
1576,train,15000,14999.99999999999,9.094947017729282e-12
2619,train,12500,12500.0,0.0
3059,train,3000,2999.9999999999995,4.547473508864641e-13
3633,train,15000,14999.99999999999,9.094947017729282e-12
658,train,32000,31999.999999999993,7.275957614183426e-12
463,train,9500,9500.000000000005,-5.4569682106375694e-12
299,train,20000,20000.000000000015,-1.4551915228366852e-11
3323,train,25000,25000.000000000004,-3.637978807091713e-12
2012,train,25000,25000.000000000004,-3.637978807091713e-12
2503,train,12500,12500.0,0.0
3483,train,40000,40000.0,0.0
2733,train,9300,9300.000000000005,-5.4569682106375694e-12
2583,train,15000,14999.99999999999,9.094947017729282e-12
1249,train,52000,52000.000000000044,-4.3655745685100555e-11
2135,train,25000,25000.000000000004,-3.637978807091713e-12
3014,train,6500,6500.000000000003,-2.7284841053187847e-12
3072,train,12000,11999.999999999998,1.8189894035458565e-12
2134,train,21000,20999.99999999998,1.8189894035458565e-11
4330,train,6000,6000.000000000005,-4.547473508864641e-12
1995,train,15000,14999.99999999999,9.094947017729282e-12
981,train,23500,23499.999999999978,2.1827872842550278e-11
1167,train,140000,139999.9999999999,8.731149137020111e-11
1701,train,5000,5000.000000000003,-2.7284841053187847e-12
3868,train,23000,22999.999999999996,3.637978807091713e-12
540,train,35000,35000.00000000001,-7.275957614183426e-12
919,train,230000,230000.0000000001,-8.731149137020111e-11
4265,train,34000,33999.99999999999,7.275957614183426e-12
3142,train,6500,6500.000000000003,-2.7284841053187847e-12
179,train,15000,14999.99999999999,9.094947017729282e-12
3690,train,8500,8500.000000000005,-5.4569682106375694e-12
4070,train,17000,16999.99999999999,1.0913936421275139e-11
1195,train,90000,90000.00000000001,-1.4551915228366852e-11
1245,train,26000,25999.999999999985,1.4551915228366852e-11
216,train,7000,6999.999999999998,1.8189894035458565e-12
753,train,170000,170000.00000000012,-1.1641532182693481e-10
3604,train,40000,40000.0,0.0
4462,train,9000,9000.0,0.0
3496,train,10000,10000.00000000001,-9.094947017729282e-12
1711,train,7500,7500.0000000000055,-5.4569682106375694e-12
1398,train,140000,139999.9999999999,8.731149137020111e-11
4283,train,15000,14999.99999999999,9.094947017729282e-12
4085,train,16000,16000.000000000002,-1.8189894035458565e-12
1213,train,85000,84999.99999999996,4.3655745685100555e-11
3286,train,10000,10000.00000000001,-9.094947017729282e-12
2959,train,15000,14999.99999999999,9.094947017729282e-12
3304,train,15000,14999.99999999999,9.094947017729282e-12
120,train,6300,6299.999999999997,2.7284841053187847e-12
759,train,14000,13999.999999999995,5.4569682106375694e-12
3969,train,24000,23999.99999999999,1.0913936421275139e-11
3773,train,7500,7500.0000000000055,-5.4569682106375694e-12
2056,train,22500,22500.000000000015,-1.4551915228366852e-11
2620,train,14000,13999.999999999995,5.4569682106375694e-12
131,train,6000,6000.000000000005,-4.547473508864641e-12
2300,train,12000,11999.999999999998,1.8189894035458565e-12
1096,train,110000,109999.99999999991,8.731149137020111e-11
2169,train,18000,16431.68088292351,1568.3191170764912
4531,train,20000,20000.000000000015,-1.4551915228366852e-11
4012,train,130000,130000.00000000009,-8.731149137020111e-11
743,train,25000,25000.000000000004,-3.637978807091713e-12
3916,train,9000,9000.0,0.0
3527,train,12000,11999.999999999998,1.8189894035458565e-12
680,train,30000,29999.99999999999,1.0913936421275139e-11
4398,train,8000,8000.0000000000055,-5.4569682106375694e-12
4033,train,8500,8500.000000000005,-5.4569682106375694e-12
2490,train,45000,44999.999999999985,1.4551915228366852e-11
2375,train,8000,8000.0000000000055,-5.4569682106375694e-12
2889,train,10000,10000.00000000001,-9.094947017729282e-12
2328,train,25000,25000.000000000004,-3.637978807091713e-12
797,train,200000,199999.99999999997,2.9103830456733704e-11
4337,train,10000,10000.00000000001,-9.094947017729282e-12
2800,train,12000,11999.999999999998,1.8189894035458565e-12
4478,train,9000,9000.0,0.0
467,train,7500,7500.0000000000055,-5.4569682106375694e-12
1169,train,65000,64999.999999999956,4.3655745685100555e-11
2616,train,14000,13999.999999999995,5.4569682106375694e-12
2624,train,8000,8000.0000000000055,-5.4569682106375694e-12
3826,train,15000,14999.99999999999,9.094947017729282e-12
4500,train,30000,29999.99999999999,1.0913936421275139e-11
1883,train,7500,7500.0000000000055,-5.4569682106375694e-12
208,train,18000,17999.999999999993,7.275957614183426e-12
281,train,6500,6500.000000000003,-2.7284841053187847e-12
492,train,20000,20000.000000000015,-1.4551915228366852e-11
4704,train,35000,35000.00000000001,-7.275957614183426e-12
2828,train,15000,14999.99999999999,9.094947017729282e-12
3373,train,35000,35000.00000000001,-7.275957614183426e-12
3106,train,15000,14999.99999999999,9.094947017729282e-12
2350,train,8000,8000.0000000000055,-5.4569682106375694e-12
1110,train,180000,180000.00000000003,-2.9103830456733704e-11
1182,train,55000,55000.00000000004,-3.637978807091713e-11
1603,train,12000,11999.999999999998,1.8189894035458565e-12
2251,train,18500,18500.0,0.0
4714,train,17000,16999.99999999999,1.0913936421275139e-11
1441,train,65000,64999.999999999956,4.3655745685100555e-11
2817,train,30000,29999.99999999999,1.0913936421275139e-11
512,train,11000,10999.999999999993,7.275957614183426e-12
1076,train,45000,44999.999999999985,1.4551915228366852e-11
1889,train,13000,12999.999999999995,5.4569682106375694e-12
3955,train,12500,12500.0,0.0
2689,train,30000,29999.99999999999,1.0913936421275139e-11
507,train,5000,5000.000000000003,-2.7284841053187847e-12
1813,train,60000,60000.000000000015,-1.4551915228366852e-11
2523,train,15000,14999.99999999999,9.094947017729282e-12
3237,train,4500,4499.999999999999,9.094947017729282e-13
1605,train,36000,35999.99999999998,2.1827872842550278e-11
2032,train,9000,9000.0,0.0
3175,train,18000,17999.999999999993,7.275957614183426e-12
1306,train,140000,139999.9999999999,8.731149137020111e-11
3941,train,28000,28000.00000000002,-1.8189894035458565e-11
2386,train,3500,3499.9999999999977,2.2737367544323206e-12
4533,train,14000,13999.999999999995,5.4569682106375694e-12
497,train,10000,10000.00000000001,-9.094947017729282e-12
3485,train,8000,8000.0000000000055,-5.4569682106375694e-12
3378,train,7500,7500.0000000000055,-5.4569682106375694e-12
3438,train,12500,12500.0,0.0
3540,train,72000,71999.99999999996,4.3655745685100555e-11
249,train,6000,6000.000000000005,-4.547473508864641e-12
954,train,40000,40000.0,0.0
1649,train,22000,21999.999999999993,7.275957614183426e-12
1415,train,25000,25000.000000000004,-3.637978807091713e-12
4254,train,15000,14999.99999999999,9.094947017729282e-12
45,train,10000,10000.00000000001,-9.094947017729282e-12
1132,train,75000,75000.00000000004,-4.3655745685100555e-11
3209,train,14000,13999.999999999995,5.4569682106375694e-12
3493,train,60000,60000.000000000015,-1.4551915228366852e-11
3484,train,25000,25000.000000000004,-3.637978807091713e-12
2392,train,11000,10999.999999999993,7.275957614183426e-12
94,train,20000,20000.000000000015,-1.4551915228366852e-11
3897,train,11000,10999.999999999993,7.275957614183426e-12
4324,train,52000,52000.000000000044,-4.3655745685100555e-11
1387,train,210000,210000.0,0.0
1700,train,6000,6000.000000000005,-4.547473508864641e-12
4473,train,8000,8000.0000000000055,-5.4569682106375694e-12
4413,train,10000,10000.00000000001,-9.094947017729282e-12
3787,train,80000,80000.0,0.0
2400,train,16000,16000.000000000002,-1.8189894035458565e-12
3007,train,12000,11999.999999999998,1.8189894035458565e-12
3641,train,11000,10999.999999999993,7.275957614183426e-12
3659,train,18000,17999.999999999993,7.275957614183426e-12
1816,train,11000,10999.999999999993,7.275957614183426e-12
626,train,180000,180000.00000000003,-2.9103830456733704e-11
3588,train,18000,17999.999999999993,7.275957614183426e-12
548,train,8000,8000.0000000000055,-5.4569682106375694e-12
4586,train,37000,37000.00000000001,-7.275957614183426e-12
1443,train,55000,55000.00000000004,-3.637978807091713e-11
2807,train,15000,14999.99999999999,9.094947017729282e-12
4167,train,85000,84999.99999999996,4.3655745685100555e-11
73,train,6500,6500.000000000003,-2.7284841053187847e-12
2498,train,25000,25000.000000000004,-3.637978807091713e-12
2679,train,35000,35000.00000000001,-7.275957614183426e-12
980,train,40000,40000.0,0.0
1532,train,50000,50000.000000000015,-1.4551915228366852e-11
2128,train,13000,13964.242604408983,-964.2426044089825
971,train,130000,130000.00000000009,-8.731149137020111e-11
4013,train,27000,26999.999999999978,2.1827872842550278e-11
195,train,6000,6000.000000000005,-4.547473508864641e-12
260,train,25000,25000.000000000004,-3.637978807091713e-12
1224,train,60000,60000.000000000015,-1.4551915228366852e-11
162,train,3500,3499.9999999999977,2.2737367544323206e-12
651,train,17500,17500.000000000015,-1.4551915228366852e-11
3584,train,22000,21999.999999999993,7.275957614183426e-12
3900,train,23382,23382.00000000001,-1.0913936421275139e-11
3998,train,18000,17999.999999999993,7.275957614183426e-12
4390,train,20000,20000.000000000015,-1.4551915228366852e-11
2935,train,14000,13999.999999999995,5.4569682106375694e-12
686,train,160000,159999.99999999997,2.9103830456733704e-11
1668,train,15000,14999.99999999999,9.094947017729282e-12
2666,train,8500,8500.000000000005,-5.4569682106375694e-12
3490,train,8500,8500.000000000005,-5.4569682106375694e-12
3032,train,150000,150000.00000000006,-5.820766091346741e-11
4047,train,45000,44999.999999999985,1.4551915228366852e-11
1342,train,18000,17999.999999999993,7.275957614183426e-12
1348,train,140000,139999.9999999999,8.731149137020111e-11
902,train,8000,8000.0000000000055,-5.4569682106375694e-12
3314,train,22000,21999.999999999993,7.275957614183426e-12
913,train,21000,20999.99999999998,1.8189894035458565e-11
2574,train,45000,44999.999999999985,1.4551915228366852e-11
1293,train,33000,32999.99999999999,7.275957614183426e-12
4228,train,16000,16000.000000000002,-1.8189894035458565e-12
153,train,20000,20000.000000000015,-1.4551915228366852e-11
2974,train,9000,9000.0,0.0
4656,train,20000,20000.000000000015,-1.4551915228366852e-11
586,train,38000,38000.000000000015,-1.4551915228366852e-11
3492,train,11000,10999.999999999993,7.275957614183426e-12
1207,train,40000,40000.0,0.0
1450,train,14000,13999.999999999995,5.4569682106375694e-12
3639,train,10000,10000.00000000001,-9.094947017729282e-12
4578,train,15000,14999.99999999999,9.094947017729282e-12
3344,train,8500,8500.000000000005,-5.4569682106375694e-12
3847,train,40000,40000.0,0.0
4024,train,15000,14999.99999999999,9.094947017729282e-12
3671,train,11000,10999.999999999993,7.275957614183426e-12
3226,train,38000,38000.000000000015,-1.4551915228366852e-11
829,train,75000,75000.00000000004,-4.3655745685100555e-11
1133,train,45000,44999.999999999985,1.4551915228366852e-11
2737,train,13000,12999.999999999995,5.4569682106375694e-12
4115,train,18000,17999.999999999993,7.275957614183426e-12
3548,train,8500,8500.000000000005,-5.4569682106375694e-12
997,train,39000,39000.0,0.0
276,train,5000,5000.000000000003,-2.7284841053187847e-12
601,train,70000,70000.00000000001,-1.4551915228366852e-11
3203,train,80000,80000.0,0.0
2360,train,6000,6000.000000000005,-4.547473508864641e-12
3912,train,25000,25000.000000000004,-3.637978807091713e-12
2293,train,9000,9000.0,0.0
1745,train,5500,5500.000000000004,-3.637978807091713e-12
11,train,5000,5000.000000000003,-2.7284841053187847e-12
3476,train,13000,12999.999999999995,5.4569682106375694e-12
1420,train,75000,75000.00000000004,-4.3655745685100555e-11
554,train,23000,22999.999999999996,3.637978807091713e-12
1268,train,43000,43000.00000000002,-2.1827872842550278e-11
4671,train,18000,17999.999999999993,7.275957614183426e-12
1643,train,20000,20000.000000000015,-1.4551915228366852e-11
4327,train,7000,6999.999999999998,1.8189894035458565e-12
2515,train,85000,84999.99999999996,4.3655745685100555e-11
2941,train,10000,10000.00000000001,-9.094947017729282e-12
948,train,45000,44999.999999999985,1.4551915228366852e-11
3379,train,12500,12500.0,0.0
1480,train,680000,680000.0000000003,-3.4924596548080444e-10
3464,train,22000,21999.999999999993,7.275957614183426e-12
2125,train,20000,20000.000000000015,-1.4551915228366852e-11
2285,train,24000,23999.99999999999,1.0913936421275139e-11
1315,train,40000,40000.0,0.0
983,train,110000,109999.99999999991,8.731149137020111e-11
3387,train,15000,14999.99999999999,9.094947017729282e-12
2814,train,70000,70000.00000000001,-1.4551915228366852e-11
2780,train,33000,32999.99999999999,7.275957614183426e-12
2771,train,9000,9000.0,0.0
2017,train,15000,14999.99999999999,9.094947017729282e-12
2152,train,75000,75000.00000000004,-4.3655745685100555e-11
3109,train,75000,75000.00000000004,-4.3655745685100555e-11
3363,train,12000,11999.999999999998,1.8189894035458565e-12
1366,train,90000,90000.00000000001,-1.4551915228366852e-11
414,train,8500,8500.000000000005,-5.4569682106375694e-12
2658,train,29000,29495.76255116824,-495.76255116824177
2137,train,13000,12999.999999999995,5.4569682106375694e-12
1033,train,400000,399999.9999999999,1.1641532182693481e-10
2549,train,10000,10000.00000000001,-9.094947017729282e-12
950,train,160000,159999.99999999997,2.9103830456733704e-11
4004,train,9000,9000.0,0.0
4113,train,9000,9000.0,0.0
1208,train,52000,52000.000000000044,-4.3655745685100555e-11
1014,train,44000,43999.99999999997,2.9103830456733704e-11
4080,train,18000,17999.999999999993,7.275957614183426e-12
2398,train,350000,349999.9999999997,2.9103830456733704e-10
2420,train,13000,12999.999999999995,5.4569682106375694e-12
4231,train,10000,10000.00000000001,-9.094947017729282e-12
113,train,12000,11999.999999999998,1.8189894035458565e-12
2500,train,22000,21999.999999999993,7.275957614183426e-12
2489,train,8000,8000.0000000000055,-5.4569682106375694e-12
809,train,55000,55000.00000000004,-3.637978807091713e-11
1447,train,170000,170000.00000000012,-1.1641532182693481e-10
835,train,40000,40000.0,0.0
3232,train,7000,6999.999999999998,1.8189894035458565e-12
3596,train,9800,9799.999999999998,1.8189894035458565e-12
4083,train,14000,13999.999999999995,5.4569682106375694e-12
3160,train,12000,11999.999999999998,1.8189894035458565e-12
27,train,6000,6000.000000000005,-4.547473508864641e-12
4109,train,6500,6500.000000000003,-2.7284841053187847e-12
3709,train,20000,20000.000000000015,-1.4551915228366852e-11
1949,train,22000,21999.999999999993,7.275957614183426e-12
4039,train,17000,16999.99999999999,1.0913936421275139e-11
3719,train,12000,11999.999999999998,1.8189894035458565e-12
2221,train,18000,17999.999999999993,7.275957614183426e-12
1719,train,7000,6999.999999999998,1.8189894035458565e-12
3381,train,16000,16000.000000000002,-1.8189894035458565e-12
1971,train,10000,10000.00000000001,-9.094947017729282e-12
2306,train,8000,8000.0000000000055,-5.4569682106375694e-12
2110,train,8500,8500.000000000005,-5.4569682106375694e-12
3297,train,29000,28999.999999999996,3.637978807091713e-12
4051,train,15000,14999.99999999999,9.094947017729282e-12
2681,train,30000,29999.99999999999,1.0913936421275139e-11
3019,train,8000,8000.0000000000055,-5.4569682106375694e-12
2189,train,28000,28000.00000000002,-1.8189894035458565e-11
3767,train,6000,6000.000000000005,-4.547473508864641e-12
294,train,10000,10000.00000000001,-9.094947017729282e-12
115,train,14000,13999.999999999995,5.4569682106375694e-12
4016,train,10000,10000.00000000001,-9.094947017729282e-12
2447,train,5500,5500.000000000004,-3.637978807091713e-12
2037,train,10000,10000.00000000001,-9.094947017729282e-12
3930,train,20000,20000.000000000015,-1.4551915228366852e-11
4362,train,13000,12999.999999999995,5.4569682106375694e-12
3799,train,15000,14999.99999999999,9.094947017729282e-12
1029,train,180000,180000.00000000003,-2.9103830456733704e-11
88,train,6500,6500.000000000003,-2.7284841053187847e-12
900,train,180000,180000.00000000003,-2.9103830456733704e-11
1309,train,85000,84999.99999999996,4.3655745685100555e-11
4065,train,8000,8000.0000000000055,-5.4569682106375694e-12
2147,train,39000,39000.0,0.0
3509,train,110000,109999.99999999991,8.731149137020111e-11
1371,train,49000,49000.00000000002,-2.1827872842550278e-11
552,train,14000,13999.999999999995,5.4569682106375694e-12
1692,train,10000,10000.00000000001,-9.094947017729282e-12
989,train,150000,150000.00000000006,-5.820766091346741e-11
3361,train,16000,16000.000000000002,-1.8189894035458565e-12
646,train,80000,80000.0,0.0
2243,train,4700,4700.000000000002,-1.8189894035458565e-12
2058,train,12000,11999.999999999998,1.8189894035458565e-12
1591,train,8000,8000.0000000000055,-5.4569682106375694e-12
3728,train,10000,10000.00000000001,-9.094947017729282e-12
4171,train,10000,10000.00000000001,-9.094947017729282e-12
2591,train,30000,29999.99999999999,1.0913936421275139e-11
4621,train,11500,11499.999999999998,1.8189894035458565e-12
739,train,65000,64999.999999999956,4.3655745685100555e-11
4169,train,14000,13999.999999999995,5.4569682106375694e-12
3806,train,5000,5000.000000000003,-2.7284841053187847e-12
1108,train,24000,23999.99999999999,1.0913936421275139e-11
2849,train,25000,25000.000000000004,-3.637978807091713e-12
4660,train,140000,139999.9999999999,8.731149137020111e-11
726,train,150000,150000.00000000006,-5.820766091346741e-11
2070,train,8000,8000.0000000000055,-5.4569682106375694e-12
2543,train,6000,6000.000000000005,-4.547473508864641e-12
4238,train,8500,8500.000000000005,-5.4569682106375694e-12
4249,train,12000,11999.999999999998,1.8189894035458565e-12
3469,train,9000,9000.0,0.0
2851,train,14000,13999.999999999995,5.4569682106375694e-12
2151,train,17500,17500.000000000015,-1.4551915228366852e-11
2395,train,11000,10999.999999999993,7.275957614183426e-12
2547,train,45000,44999.999999999985,1.4551915228366852e-11
1640,train,15000,14999.99999999999,9.094947017729282e-12
3770,train,16000,16000.000000000002,-1.8189894035458565e-12
4212,train,12500,12500.0,0.0
3935,train,18000,17999.999999999993,7.275957614183426e-12
400,train,6000,6000.000000000005,-4.547473508864641e-12
59,train,8500,8500.000000000005,-5.4569682106375694e-12
563,train,40000,40000.0,0.0
3890,train,10500,10500.000000000005,-5.4569682106375694e-12
775,train,36000,35999.99999999998,2.1827872842550278e-11
1737,train,6000,6000.000000000005,-4.547473508864641e-12
4359,train,95000,95000.00000000001,-1.4551915228366852e-11
1454,train,55000,55000.00000000004,-3.637978807091713e-11
2785,train,23000,22999.999999999996,3.637978807091713e-12
2980,train,90000,90000.00000000001,-1.4551915228366852e-11
1652,train,15000,14999.99999999999,9.094947017729282e-12
4576,train,15000,14999.99999999999,9.094947017729282e-12
2779,train,20000,20000.000000000015,-1.4551915228366852e-11
3425,train,14000,13999.999999999995,5.4569682106375694e-12
4674,train,19000,18999.999999999985,1.4551915228366852e-11
2898,train,11000,10999.999999999993,7.275957614183426e-12
2604,train,21000,20999.99999999998,1.8189894035458565e-11
523,train,25000,25000.000000000004,-3.637978807091713e-12
3409,train,20000,20000.000000000015,-1.4551915228366852e-11
2141,train,15000,14999.99999999999,9.094947017729282e-12
4720,train,13000,12999.999999999995,5.4569682106375694e-12
1086,train,200000,199999.99999999997,2.9103830456733704e-11
286,train,12000,11999.999999999998,1.8189894035458565e-12
1992,train,8500,8500.000000000005,-5.4569682106375694e-12
1841,train,12000,11999.999999999998,1.8189894035458565e-12
2282,train,6500,6500.000000000003,-2.7284841053187847e-12
1416,train,75000,75000.00000000004,-4.3655745685100555e-11
1452,train,7000,6999.999999999998,1.8189894035458565e-12
4055,train,25000,25000.000000000004,-3.637978807091713e-12
2766,train,10000,10000.00000000001,-9.094947017729282e-12
967,train,32000,31999.999999999993,7.275957614183426e-12
4135,train,14000,13999.999999999995,5.4569682106375694e-12
2975,train,9000,9000.0,0.0
2683,train,13000,12999.999999999995,5.4569682106375694e-12
3347,train,7000,6999.999999999998,1.8189894035458565e-12
650,train,250000,249999.9999999998,2.0372681319713593e-10
1650,train,6000,6000.000000000005,-4.547473508864641e-12
4727,train,15000,14999.99999999999,9.094947017729282e-12
3669,train,13500,13500.000000000004,-3.637978807091713e-12
5,train,7000,6999.999999999998,1.8189894035458565e-12
2294,train,7500,7500.0000000000055,-5.4569682106375694e-12
4438,train,7000,6999.999999999998,1.8189894035458565e-12
58,train,7000,6999.999999999998,1.8189894035458565e-12
2649,train,7000,6999.999999999998,1.8189894035458565e-12
754,train,29999,29999.000000000007,-7.275957614183426e-12
3522,train,15000,14999.99999999999,9.094947017729282e-12
4310,train,9000,9000.0,0.0
2101,train,18000,17999.999999999993,7.275957614183426e-12
3321,train,20000,20000.000000000015,-1.4551915228366852e-11
1406,train,45000,44999.999999999985,1.4551915228366852e-11
2511,train,45000,44999.999999999985,1.4551915228366852e-11
26,train,5300,5299.999999999997,2.7284841053187847e-12
4043,train,12000,11999.999999999998,1.8189894035458565e-12
4026,train,20000,20000.000000000015,-1.4551915228366852e-11
1843,train,15000,14999.99999999999,9.094947017729282e-12
315,train,8000,8000.0000000000055,-5.4569682106375694e-12
3489,train,15000,14999.99999999999,9.094947017729282e-12
660,train,47000,46999.99999999999,7.275957614183426e-12
2593,train,19500,19500.0,0.0
325,train,14000,13999.999999999995,5.4569682106375694e-12
4481,train,15000,14999.99999999999,9.094947017729282e-12
1394,train,12000,11999.999999999998,1.8189894035458565e-12
1233,train,55000,55000.00000000004,-3.637978807091713e-11
4651,train,22000,21999.999999999993,7.275957614183426e-12
2710,train,16500,16499.999999999993,7.275957614183426e-12
1189,train,12500,12500.0,0.0
678,train,32000,31999.999999999993,7.275957614183426e-12
536,train,49000,49000.00000000002,-2.1827872842550278e-11
2829,train,20000,20000.000000000015,-1.4551915228366852e-11
2914,train,150000,150000.00000000006,-5.820766091346741e-11
2336,train,120000,120000.00000000004,-4.3655745685100555e-11
1002,train,190000,189999.9999999999,8.731149137020111e-11
2578,train,12000,11999.999999999998,1.8189894035458565e-12
2854,train,10000,10000.00000000001,-9.094947017729282e-12
4573,train,6500,6500.000000000003,-2.7284841053187847e-12
4244,train,6000,6000.000000000005,-4.547473508864641e-12
2067,train,30000,29999.99999999999,1.0913936421275139e-11
2225,train,110000,109999.99999999991,8.731149137020111e-11
49,train,15000,14999.99999999999,9.094947017729282e-12
2540,train,15000,14999.99999999999,9.094947017729282e-12
3994,train,9000,9000.0,0.0
3510,train,8500,8500.000000000005,-5.4569682106375694e-12
2983,train,15000,14999.99999999999,9.094947017729282e-12
1421,train,350000,349999.9999999997,2.9103830456733704e-10
4399,train,55000,55000.00000000004,-3.637978807091713e-11
460,train,12500,12500.0,0.0
2759,train,15000,14999.99999999999,9.094947017729282e-12
3120,train,8500,8500.000000000005,-5.4569682106375694e-12
2481,train,150000,150000.00000000006,-5.820766091346741e-11
3915,train,6500,6500.000000000003,-2.7284841053187847e-12
2199,train,19500,19500.0,0.0
4112,train,12000,11999.999999999998,1.8189894035458565e-12
3042,train,30000,29999.99999999999,1.0913936421275139e-11
3327,train,13000,12999.999999999995,5.4569682106375694e-12
3292,train,14000,13999.999999999995,5.4569682106375694e-12
3182,train,20000,20000.000000000015,-1.4551915228366852e-11
1869,train,15000,14999.99999999999,9.094947017729282e-12
3368,train,10000,10000.00000000001,-9.094947017729282e-12
2469,train,45000,44999.999999999985,1.4551915228366852e-11
119,train,14000,13999.999999999995,5.4569682106375694e-12
3730,train,19397,19396.999999999985,1.4551915228366852e-11
367,train,21000,20999.99999999998,1.8189894035458565e-11
1986,train,17000,16999.99999999999,1.0913936421275139e-11
1912,train,9300,9300.000000000005,-5.4569682106375694e-12
3651,train,8000,8000.0000000000055,-5.4569682106375694e-12
2099,train,8000,8000.0000000000055,-5.4569682106375694e-12
116,train,5000,5000.000000000003,-2.7284841053187847e-12
3958,train,50000,50000.000000000015,-1.4551915228366852e-11
3111,train,6500,6500.000000000003,-2.7284841053187847e-12
3521,train,30000,29999.99999999999,1.0913936421275139e-11
3865,train,10677,10676.999999999995,5.4569682106375694e-12
4626,train,45000,44999.999999999985,1.4551915228366852e-11
649,train,18000,17999.999999999993,7.275957614183426e-12
1519,train,54000,54000.00000000001,-7.275957614183426e-12
3697,train,12000,11999.999999999998,1.8189894035458565e-12
1081,train,300000,299999.99999999977,2.3283064365386963e-10
2211,train,12000,11999.999999999998,1.8189894035458565e-12
3372,train,16500,16499.999999999993,7.275957614183426e-12
1391,train,27000,26999.999999999978,2.1827872842550278e-11
1811,train,23000,22999.999999999996,3.637978807091713e-12
2063,train,12500,12500.0,0.0
3467,train,10000,10000.00000000001,-9.094947017729282e-12
4198,train,15000,14999.99999999999,9.094947017729282e-12
2156,train,12000,11999.999999999998,1.8189894035458565e-12
3570,train,15000,14999.99999999999,9.094947017729282e-12
1654,train,10000,10000.00000000001,-9.094947017729282e-12
4056,train,36000,35999.99999999998,2.1827872842550278e-11
615,train,60000,60000.000000000015,-1.4551915228366852e-11
4314,train,19500,19500.0,0.0
4687,train,30000,29999.99999999999,1.0913936421275139e-11
3946,train,12500,12500.0,0.0
3043,train,10000,10000.00000000001,-9.094947017729282e-12
509,train,6000,6000.000000000005,-4.547473508864641e-12
4424,train,35000,35000.00000000001,-7.275957614183426e-12
3173,train,10000,10000.00000000001,-9.094947017729282e-12
1357,train,75000,75000.00000000004,-4.3655745685100555e-11
947,train,40000,40000.0,0.0
912,train,100000,100000.00000000004,-4.3655745685100555e-11
532,train,130000,130000.00000000009,-8.731149137020111e-11
3342,train,18999,18998.999999999993,7.275957614183426e-12
3055,train,6000,6000.000000000005,-4.547473508864641e-12
1688,train,22000,21999.999999999993,7.275957614183426e-12
3034,train,15000,14999.99999999999,9.094947017729282e-12
2947,train,12000,11999.999999999998,1.8189894035458565e-12
447,train,12000,11999.999999999998,1.8189894035458565e-12
3542,train,17000,16999.99999999999,1.0913936421275139e-11
3918,train,12500,12500.0,0.0
2611,train,20500,20499.999999999993,7.275957614183426e-12
624,train,150000,150000.00000000006,-5.820766091346741e-11
87,train,22000,21999.999999999993,7.275957614183426e-12
1612,train,13500,13500.000000000004,-3.637978807091713e-12
1906,train,160000,159999.99999999997,2.9103830456733704e-11
3700,train,160000,159999.99999999997,2.9103830456733704e-11
2691,train,14500,14500.000000000004,-3.637978807091713e-12
2424,train,27000,26999.999999999978,2.1827872842550278e-11
789,train,180000,180000.00000000003,-2.9103830456733704e-11
2932,train,10000,10000.00000000001,-9.094947017729282e-12
1536,train,15000,14999.99999999999,9.094947017729282e-12
4152,train,120000,120000.00000000004,-4.3655745685100555e-11
1050,train,30000,29999.99999999999,1.0913936421275139e-11
4698,train,25000,25000.000000000004,-3.637978807091713e-12
4464,train,6500,6500.000000000003,-2.7284841053187847e-12
2337,train,7000,6999.999999999998,1.8189894035458565e-12
864,train,18000,17999.999999999993,7.275957614183426e-12
2000,train,32000,31999.999999999993,7.275957614183426e-12
2784,train,10000,10000.00000000001,-9.094947017729282e-12
4162,train,7000,6999.999999999998,1.8189894035458565e-12
382,train,6500,6500.000000000003,-2.7284841053187847e-12
2086,train,17500,17500.000000000015,-1.4551915228366852e-11
1712,train,14000,13999.999999999995,5.4569682106375694e-12
68,train,6500,6500.000000000003,-2.7284841053187847e-12
1863,train,20000,20000.000000000015,-1.4551915228366852e-11
2159,train,12000,11999.999999999998,1.8189894035458565e-12
1601,train,55000,55000.00000000004,-3.637978807091713e-11
4040,train,9000,9000.0,0.0
926,train,77500,77500.00000000006,-5.820766091346741e-11
4272,train,45000,44999.999999999985,1.4551915228366852e-11
602,train,150000,150000.00000000006,-5.820766091346741e-11
77,train,5000,5000.000000000003,-2.7284841053187847e-12
2315,train,7000,6999.999999999998,1.8189894035458565e-12
478,train,18000,17999.999999999993,7.275957614183426e-12
3266,train,35000,35000.00000000001,-7.275957614183426e-12
2188,train,12500,12500.0,0.0
4708,train,20000,20000.000000000015,-1.4551915228366852e-11
4711,train,17000,16999.99999999999,1.0913936421275139e-11
1785,train,9000,9000.0,0.0
371,train,7000,6999.999999999998,1.8189894035458565e-12
1392,train,26000,25999.999999999985,1.4551915228366852e-11
1316,train,650000,649999.9999999995,4.656612873077393e-10
3242,train,15000,14999.99999999999,9.094947017729282e-12
1695,train,56000,56000.000000000044,-4.3655745685100555e-11
2399,train,16000,16000.000000000002,-1.8189894035458565e-12
895,train,45000,44999.999999999985,1.4551915228366852e-11
1827,train,10000,10000.00000000001,-9.094947017729282e-12
4015,train,13000,12999.999999999995,5.4569682106375694e-12
1749,train,15000,14999.99999999999,9.094947017729282e-12
2309,train,12500,12500.0,0.0
1799,train,6500,6500.000000000003,-2.7284841053187847e-12
3239,train,10000,10000.00000000001,-9.094947017729282e-12
2123,train,25000,25000.000000000004,-3.637978807091713e-12
1217,train,58000,58000.00000000003,-2.9103830456733704e-11
283,train,10000,10000.00000000001,-9.094947017729282e-12
133,train,4700,4700.000000000002,-1.8189894035458565e-12
1855,train,8000,8000.0000000000055,-5.4569682106375694e-12
3959,train,40000,40000.0,0.0
908,train,32000,31999.999999999993,7.275957614183426e-12
2826,train,20000,20000.000000000015,-1.4551915228366852e-11
731,train,40000,40000.0,0.0
3224,train,12000,11999.999999999998,1.8189894035458565e-12
3606,train,12000,11999.999999999998,1.8189894035458565e-12
1969,train,18000,17999.999999999993,7.275957614183426e-12
3434,train,20000,20000.000000000015,-1.4551915228366852e-11
3450,train,5000,5000.000000000003,-2.7284841053187847e-12
4665,train,14000,13999.999999999995,5.4569682106375694e-12
2036,train,12000,11999.999999999998,1.8189894035458565e-12
4350,train,26000,25999.999999999985,1.4551915228366852e-11
4068,train,8000,8000.0000000000055,-5.4569682106375694e-12
888,train,35000,35000.00000000001,-7.275957614183426e-12
1283,train,21000,20999.99999999998,1.8189894035458565e-11
4636,train,12000,11999.999999999998,1.8189894035458565e-12
15,train,40000,40000.0,0.0
1000,train,25000,25000.000000000004,-3.637978807091713e-12
3205,train,23000,22999.999999999996,3.637978807091713e-12
4099,train,5400,5400.000000000005,-4.547473508864641e-12
403,train,5000,5000.000000000003,-2.7284841053187847e-12
847,train,300000,299999.99999999977,2.3283064365386963e-10
2445,train,23000,22999.999999999996,3.637978807091713e-12
1669,train,11500,11499.999999999998,1.8189894035458565e-12
4445,train,6000,6000.000000000005,-4.547473508864641e-12
350,train,5500,5500.000000000004,-3.637978807091713e-12
278,train,6500,6500.000000000003,-2.7284841053187847e-12
375,train,9900,9900.000000000004,-3.637978807091713e-12
3620,train,45000,44999.999999999985,1.4551915228366852e-11
358,train,12000,11999.999999999998,1.8189894035458565e-12
644,train,55000,55000.00000000004,-3.637978807091713e-11
617,train,84500,84499.99999999994,5.820766091346741e-11
1655,train,21000,20999.99999999998,1.8189894035458565e-11
2961,train,40000,40000.0,0.0
3090,train,15000,14999.99999999999,9.094947017729282e-12
2317,train,11000,10999.999999999993,7.275957614183426e-12
3508,train,6800,6799.999999999996,3.637978807091713e-12
879,train,28000,28000.00000000002,-1.8189894035458565e-11
2942,train,35000,35000.00000000001,-7.275957614183426e-12
3216,train,7000,6999.999999999998,1.8189894035458565e-12
2731,train,18000,17999.999999999993,7.275957614183426e-12
4227,train,12000,11999.999999999998,1.8189894035458565e-12
3275,train,23000,22999.999999999996,3.637978807091713e-12
4440,train,9000,9000.0,0.0
3670,train,26000,25999.999999999985,1.4551915228366852e-11
2577,train,25000,25000.000000000004,-3.637978807091713e-12
2038,train,25000,25000.000000000004,-3.637978807091713e-12
4447,train,21000,20999.99999999998,1.8189894035458565e-11
407,train,35000,35000.00000000001,-7.275957614183426e-12
3996,train,8000,8000.0000000000055,-5.4569682106375694e-12
1730,train,29000,28999.999999999996,3.637978807091713e-12
387,train,6000,6000.000000000005,-4.547473508864641e-12
1781,train,20000,20000.000000000015,-1.4551915228366852e-11
3702,train,6000,6000.000000000005,-4.547473508864641e-12
4683,train,8000,8000.0000000000055,-5.4569682106375694e-12
2510,train,11500,11499.999999999998,1.8189894035458565e-12
1764,train,4500,4499.999999999999,9.094947017729282e-13
4419,train,6000,6000.000000000005,-4.547473508864641e-12
474,train,7000,6999.999999999998,1.8189894035458565e-12
3339,train,12000,11999.999999999998,1.8189894035458565e-12
2235,train,12000,11999.999999999998,1.8189894035458565e-12
1042,train,14000,13999.999999999995,5.4569682106375694e-12
3828,train,70000,70000.00000000001,-1.4551915228366852e-11
3093,train,15000,14999.99999999999,9.094947017729282e-12
738,train,55100,55099.99999999999,7.275957614183426e-12
2412,train,20000,20000.000000000015,-1.4551915228366852e-11
3810,train,28000,28000.00000000002,-1.8189894035458565e-11
273,train,15000,14999.99999999999,9.094947017729282e-12
4693,train,12000,11999.999999999998,1.8189894035458565e-12
4384,train,13000,12999.999999999995,5.4569682106375694e-12
1458,train,27000,26999.999999999978,2.1827872842550278e-11
943,train,15000,14999.99999999999,9.094947017729282e-12
3194,train,16000,16000.000000000002,-1.8189894035458565e-12
1664,train,20000,20000.000000000015,-1.4551915228366852e-11
134,train,14000,13999.999999999995,5.4569682106375694e-12
3236,train,7000,6999.999999999998,1.8189894035458565e-12
1171,train,54000,54000.00000000001,-7.275957614183426e-12
1818,train,10000,10000.00000000001,-9.094947017729282e-12
413,train,6800,6799.999999999996,3.637978807091713e-12
1273,train,65000,64999.999999999956,4.3655745685100555e-11
2266,train,15000,14999.99999999999,9.094947017729282e-12
511,train,5000,5000.000000000003,-2.7284841053187847e-12
2966,train,18000,17999.999999999993,7.275957614183426e-12
3171,train,11500,11499.999999999998,1.8189894035458565e-12
569,train,65000,64999.999999999956,4.3655745685100555e-11
524,train,70000,70000.00000000001,-1.4551915228366852e-11
3646,train,12000,11999.999999999998,1.8189894035458565e-12
1966,train,10000,10000.00000000001,-9.094947017729282e-12
4205,train,7500,7500.0000000000055,-5.4569682106375694e-12
2981,train,200000,199999.99999999997,2.9103830456733704e-11
825,train,55000,55000.00000000004,-3.637978807091713e-11
2595,train,25000,25000.000000000004,-3.637978807091713e-12
3992,train,9500,9500.000000000005,-5.4569682106375694e-12
2638,train,45000,44999.999999999985,1.4551915228366852e-11
3276,train,11000,10999.999999999993,7.275957614183426e-12
394,train,8500,8500.000000000005,-5.4569682106375694e-12
81,train,8200,8200.000000000007,-7.275957614183426e-12
3975,train,10000,10000.00000000001,-9.094947017729282e-12
3049,train,15000,10954.500947012866,4045.499052987134
1615,train,12000,11999.999999999998,1.8189894035458565e-12
72,train,16000,16000.000000000002,-1.8189894035458565e-12
2716,train,8000,8000.0000000000055,-5.4569682106375694e-12
3047,train,30000,29999.99999999999,1.0913936421275139e-11
2087,train,6500,6500.000000000003,-2.7284841053187847e-12
2971,train,12000,11999.999999999998,1.8189894035458565e-12
3170,train,25000,25000.000000000004,-3.637978807091713e-12
3878,train,13000,12999.999999999995,5.4569682106375694e-12
1089,train,6000,6000.000000000005,-4.547473508864641e-12
29,train,12500,12500.0,0.0
3114,train,15000,14999.99999999999,9.094947017729282e-12
3300,train,8200,8200.000000000007,-7.275957614183426e-12
339,train,7500,7500.0000000000055,-5.4569682106375694e-12
3421,train,6000,6000.000000000005,-4.547473508864641e-12
1125,train,14000,13999.999999999995,5.4569682106375694e-12
2072,train,8000,8000.0000000000055,-5.4569682106375694e-12
3616,train,17500,17500.000000000015,-1.4551915228366852e-11
1748,train,8500,8500.000000000005,-5.4569682106375694e-12
550,train,20000,20000.000000000015,-1.4551915228366852e-11
3287,train,7000,6999.999999999998,1.8189894035458565e-12
2205,train,280000,280000.0,0.0
785,train,85000,84999.99999999996,4.3655745685100555e-11
2124,train,14000,13999.999999999995,5.4569682106375694e-12
84,train,6700,6700.0,0.0
2504,train,15000,15968.72138141427,-968.7213814142706
1633,train,20000,20000.000000000015,-1.4551915228366852e-11
3073,train,75000,75000.00000000004,-4.3655745685100555e-11
2743,train,530000,530000.0000000003,-3.4924596548080444e-10
2761,train,50000,50000.000000000015,-1.4551915228366852e-11
2181,train,9500,9500.000000000005,-5.4569682106375694e-12
2973,train,31000,31000.000000000015,-1.4551915228366852e-11
2455,train,5000,5000.000000000003,-2.7284841053187847e-12
1163,train,40000,40000.0,0.0
2289,train,4000,4000.0000000000014,-1.3642420526593924e-12
4253,train,11000,10999.999999999993,7.275957614183426e-12
3515,train,17000,16999.99999999999,1.0913936421275139e-11
4114,train,60000,60000.000000000015,-1.4551915228366852e-11
1540,train,12000,11999.999999999998,1.8189894035458565e-12
3513,train,10000,10000.00000000001,-9.094947017729282e-12
4692,train,7500,7500.0000000000055,-5.4569682106375694e-12
1470,train,80000,80000.0,0.0
2068,train,25000,25000.000000000004,-3.637978807091713e-12
3432,train,10500,10500.000000000005,-5.4569682106375694e-12
679,train,150000,150000.00000000006,-5.820766091346741e-11
2633,train,22000,21999.999999999993,7.275957614183426e-12
2915,train,13000,12999.999999999995,5.4569682106375694e-12
543,train,21000,20999.99999999998,1.8189894035458565e-11
1793,train,30000,29999.99999999999,1.0913936421275139e-11
2402,train,8000,8000.0000000000055,-5.4569682106375694e-12
940,train,36000,35999.99999999998,2.1827872842550278e-11
352,train,7000,6999.999999999998,1.8189894035458565e-12
1023,train,45000,44999.999999999985,1.4551915228366852e-11
786,train,75000,75000.00000000004,-4.3655745685100555e-11
1964,train,6500,6500.000000000003,-2.7284841053187847e-12
3051,train,20000,20000.000000000015,-1.4551915228366852e-11
2647,train,5500,5500.000000000004,-3.637978807091713e-12
3520,train,8000,8000.0000000000055,-5.4569682106375694e-12
2866,train,8000,8000.0000000000055,-5.4569682106375694e-12
4136,train,25000,25000.000000000004,-3.637978807091713e-12
1031,train,20000,20000.000000000015,-1.4551915228366852e-11
2472,train,9000,9000.0,0.0
284,train,1500,1499.9999999999998,2.2737367544323206e-13
3721,train,16000,16000.000000000002,-1.8189894035458565e-12
4554,train,7500,7500.0000000000055,-5.4569682106375694e-12
1667,train,14500,14500.000000000004,-3.637978807091713e-12
2627,train,25000,25000.000000000004,-3.637978807091713e-12
2880,train,7000,6999.999999999998,1.8189894035458565e-12
2076,train,6000,6000.000000000005,-4.547473508864641e-12
4052,train,5500,5500.000000000004,-3.637978807091713e-12
4048,train,20000,20000.000000000015,-1.4551915228366852e-11
3656,train,16000,16000.000000000002,-1.8189894035458565e-12
2260,train,100000,100000.00000000004,-4.3655745685100555e-11
1945,train,30000,29999.99999999999,1.0913936421275139e-11
1486,train,45000,44999.999999999985,1.4551915228366852e-11
308,train,13000,12999.999999999995,5.4569682106375694e-12
1150,train,65000,64999.999999999956,4.3655745685100555e-11
762,train,53500,53500.00000000004,-3.637978807091713e-11
1638,train,30000,29999.99999999999,1.0913936421275139e-11
599,train,120000,120000.00000000004,-4.3655745685100555e-11
3005,train,20000,20000.000000000015,-1.4551915228366852e-11
253,train,12000,11999.999999999998,1.8189894035458565e-12
143,train,8000,8000.0000000000055,-5.4569682106375694e-12
1738,train,16000,16000.000000000002,-1.8189894035458565e-12
2341,train,11000,10999.999999999993,7.275957614183426e-12
4219,train,9000,9000.0,0.0
4486,train,12000,11999.999999999998,1.8189894035458565e-12
3129,train,8500,8500.000000000005,-5.4569682106375694e-12
3388,train,7500,7500.0000000000055,-5.4569682106375694e-12
1122,train,40000,40000.0,0.0
4370,train,30000,29999.99999999999,1.0913936421275139e-11
51,train,7500,7500.0000000000055,-5.4569682106375694e-12
1770,train,10000,10000.00000000001,-9.094947017729282e-12
3554,train,16000,16000.000000000002,-1.8189894035458565e-12
2564,train,14500,24083.320646428874,-9583.320646428874
3253,train,12000,11999.999999999998,1.8189894035458565e-12
2319,train,60000,60000.000000000015,-1.4551915228366852e-11
2254,train,17600,17600.00000000001,-1.0913936421275139e-11
2910,train,13000,12999.999999999995,5.4569682106375694e-12
2929,train,42000,41999.99999999999,7.275957614183426e-12
4378,train,12000,11999.999999999998,1.8189894035458565e-12
4351,train,8000,8000.0000000000055,-5.4569682106375694e-12
845,train,28000,28000.00000000002,-1.8189894035458565e-11
4130,train,12000,10392.315207382098,1607.6847926179016
3691,train,5000,5000.000000000003,-2.7284841053187847e-12
674,train,32000,31999.999999999993,7.275957614183426e-12
1959,train,10000,10000.00000000001,-9.094947017729282e-12
2752,train,7000,6999.999999999998,1.8189894035458565e-12
1623,train,6500,6500.000000000003,-2.7284841053187847e-12
3964,train,16000,16000.000000000002,-1.8189894035458565e-12
4701,train,12500,12500.0,0.0
1629,train,15000,14999.99999999999,9.094947017729282e-12
3085,train,16000,16000.000000000002,-1.8189894035458565e-12
2354,train,17000,16999.99999999999,1.0913936421275139e-11
4159,train,17500,17500.000000000015,-1.4551915228366852e-11
1621,train,18000,17999.999999999993,7.275957614183426e-12
4614,train,9500,9500.000000000005,-5.4569682106375694e-12
1776,train,12000,11999.999999999998,1.8189894035458565e-12
436,train,7000,6999.999999999998,1.8189894035458565e-12
3384,train,16000,16000.000000000002,-1.8189894035458565e-12
732,train,180000,180000.00000000003,-2.9103830456733704e-11
415,train,5000,5000.000000000003,-2.7284841053187847e-12
3271,train,13000,12999.999999999995,5.4569682106375694e-12
993,train,200000,199999.99999999997,2.9103830456733704e-11
2419,train,16000,16000.000000000002,-1.8189894035458565e-12
529,train,160000,159999.99999999997,2.9103830456733704e-11
1594,train,4500,4499.999999999999,9.094947017729282e-13
52,train,5000,5000.000000000003,-2.7284841053187847e-12
354,train,10000,10000.00000000001,-9.094947017729282e-12
1218,train,130000,130000.00000000009,-8.731149137020111e-11
3877,train,7000,6999.999999999998,1.8189894035458565e-12
4282,train,7000,6999.999999999998,1.8189894035458565e-12
4648,train,15000,14999.99999999999,9.094947017729282e-12
2894,train,23000,22999.999999999996,3.637978807091713e-12
454,train,8500,8500.000000000005,-5.4569682106375694e-12
2789,train,30000,29999.99999999999,1.0913936421275139e-11
995,train,48000,48000.00000000004,-3.637978807091713e-11
2764,train,15000,14999.99999999999,9.094947017729282e-12
152,train,5000,5000.000000000003,-2.7284841053187847e-12
813,train,45000,44999.999999999985,1.4551915228366852e-11
82,train,15000,14999.99999999999,9.094947017729282e-12
1662,train,8000,8000.0000000000055,-5.4569682106375694e-12
2333,train,9000,9000.0,0.0
723,train,80000,80000.0,0.0
3863,train,15000,14999.99999999999,9.094947017729282e-12
2832,train,8000,8000.0000000000055,-5.4569682106375694e-12
695,train,17000,16999.99999999999,1.0913936421275139e-11
2844,train,28000,28000.00000000002,-1.8189894035458565e-11
3760,train,8000,8000.0000000000055,-5.4569682106375694e-12
4375,train,25000,25000.000000000004,-3.637978807091713e-12
2608,train,32000,31999.999999999993,7.275957614183426e-12
2684,train,11000,10999.999999999993,7.275957614183426e-12
1007,train,39000,39000.0,0.0
4354,train,10000,10000.00000000001,-9.094947017729282e-12
1082,train,80000,80000.0,0.0
2518,train,32000,31999.999999999993,7.275957614183426e-12
1717,train,5500,5500.000000000004,-3.637978807091713e-12
4639,train,80000,80000.0,0.0
3910,train,5500,5500.000000000004,-3.637978807091713e-12
4328,train,16500,16499.999999999993,7.275957614183426e-12
3804,train,35000,35000.00000000001,-7.275957614183426e-12
1430,train,58000,58000.00000000003,-2.9103830456733704e-11
3505,train,6500,6500.000000000003,-2.7284841053187847e-12
3364,train,12000,11999.999999999998,1.8189894035458565e-12
2209,train,180000,180000.00000000003,-2.9103830456733704e-11
4411,train,8000,8000.0000000000055,-5.4569682106375694e-12
2231,train,11000,10999.999999999993,7.275957614183426e-12
2765,train,30000,29999.99999999999,1.0913936421275139e-11
2479,train,25000,25000.000000000004,-3.637978807091713e-12
1404,train,50000,50000.000000000015,-1.4551915228366852e-11
246,train,10000,10000.00000000001,-9.094947017729282e-12
2711,train,100000,100000.00000000004,-4.3655745685100555e-11
3541,train,10000,10000.00000000001,-9.094947017729282e-12
1916,train,14000,13999.999999999995,5.4569682106375694e-12
2562,train,10000,10000.00000000001,-9.094947017729282e-12
2831,train,40000,40000.0,0.0
513,train,10000,10000.00000000001,-9.094947017729282e-12
397,train,6000,6000.000000000005,-4.547473508864641e-12
581,train,28000,28000.00000000002,-1.8189894035458565e-11
3311,train,280000,280000.0,0.0
2130,train,24000,23999.99999999999,1.0913936421275139e-11
3156,train,18000,17999.999999999993,7.275957614183426e-12
3837,train,12000,11999.999999999998,1.8189894035458565e-12
984,train,150000,150000.00000000006,-5.820766091346741e-11
4193,train,30000,29999.99999999999,1.0913936421275139e-11
3598,train,15000,14999.99999999999,9.094947017729282e-12
3665,train,15000,14999.99999999999,9.094947017729282e-12
244,train,15000,14999.99999999999,9.094947017729282e-12
327,train,7000,6999.999999999998,1.8189894035458565e-12
1569,train,12000,11999.999999999998,1.8189894035458565e-12
4388,train,10000,10000.00000000001,-9.094947017729282e-12
3310,train,14500,14500.000000000004,-3.637978807091713e-12
161,train,10000,10000.00000000001,-9.094947017729282e-12
2198,train,7500,7500.0000000000055,-5.4569682106375694e-12
3913,train,23000,22999.999999999996,3.637978807091713e-12
1180,train,25000,25000.000000000004,-3.637978807091713e-12
4111,train,12000,11999.999999999998,1.8189894035458565e-12
1350,train,21000,20999.99999999998,1.8189894035458565e-11
4575,train,17500,17500.000000000015,-1.4551915228366852e-11
1794,train,120000,120000.00000000004,-4.3655745685100555e-11
2859,train,40000,40000.0,0.0
3161,train,16000,16000.000000000002,-1.8189894035458565e-12
368,train,5000,5000.000000000003,-2.7284841053187847e-12
4524,train,7500,7500.0000000000055,-5.4569682106375694e-12
3686,train,25000,25000.000000000004,-3.637978807091713e-12
1697,train,25000,25000.000000000004,-3.637978807091713e-12
3358,train,4200,4200.000000000004,-3.637978807091713e-12
4147,train,20000,20000.000000000015,-1.4551915228366852e-11
3579,train,18000,17999.999999999993,7.275957614183426e-12
3472,train,7000,6999.999999999998,1.8189894035458565e-12
4145,train,10500,10500.000000000005,-5.4569682106375694e-12
4103,train,14000,13999.999999999995,5.4569682106375694e-12
18,train,11000,10999.999999999993,7.275957614183426e-12
2256,train,8000,8000.0000000000055,-5.4569682106375694e-12
2561,train,15000,14999.99999999999,9.094947017729282e-12
498,train,10500,10500.000000000005,-5.4569682106375694e-12
199,train,24000,23999.99999999999,1.0913936421275139e-11
1339,train,46700,46699.999999999985,1.4551915228366852e-11
657,train,160000,159999.99999999997,2.9103830456733704e-11
3893,train,14000,13999.999999999995,5.4569682106375694e-12
2907,train,40000,40000.0,0.0
139,train,15000,14999.99999999999,9.094947017729282e-12
3739,train,13500,13500.000000000004,-3.637978807091713e-12
518,train,5000,5000.000000000003,-2.7284841053187847e-12
1057,train,45000,44999.999999999985,1.4551915228366852e-11
4216,train,45000,44999.999999999985,1.4551915228366852e-11
3797,train,25000,25000.000000000004,-3.637978807091713e-12
3648,train,11000,10999.999999999993,7.275957614183426e-12
958,train,50000,50000.000000000015,-1.4551915228366852e-11
1620,train,11000,10999.999999999993,7.275957614183426e-12
430,train,5000,5000.000000000003,-2.7284841053187847e-12
734,train,140000,139999.9999999999,8.731149137020111e-11
1865,train,20000,20000.000000000015,-1.4551915228366852e-11
2664,train,30000,29999.99999999999,1.0913936421275139e-11
3833,train,12000,11999.999999999998,1.8189894035458565e-12
440,train,8000,8000.0000000000055,-5.4569682106375694e-12
4387,train,9000,9000.0,0.0
2720,train,9000,9000.0,0.0
2707,train,70000,70000.00000000001,-1.4551915228366852e-11
4174,train,25000,25000.000000000004,-3.637978807091713e-12
4363,train,12000,11999.999999999998,1.8189894035458565e-12
974,train,98000,98000.00000000003,-2.9103830456733704e-11
3488,train,17000,16999.99999999999,1.0913936421275139e-11
3461,train,25000,25000.000000000004,-3.637978807091713e-12
3264,train,14000,13999.999999999995,5.4569682106375694e-12
918,train,75000,75000.00000000004,-4.3655745685100555e-11
3812,train,14000,13999.999999999995,5.4569682106375694e-12
2956,train,52000,52000.000000000044,-4.3655745685100555e-11
2551,train,8000,8000.0000000000055,-5.4569682106375694e-12
1541,train,7000,6999.999999999998,1.8189894035458565e-12
3048,train,13000,12999.999999999995,5.4569682106375694e-12
4676,train,10000,10000.00000000001,-9.094947017729282e-12
1191,train,55000,55000.00000000004,-3.637978807091713e-11
402,train,9000,9000.0,0.0
4645,train,5000,5000.000000000003,-2.7284841053187847e-12
1646,train,8000,8000.0000000000055,-5.4569682106375694e-12
4525,train,25000,25000.000000000004,-3.637978807091713e-12
3605,train,17000,16999.99999999999,1.0913936421275139e-11
2485,train,17000,15968.72138141427,1031.2786185857294
4049,train,16000,16000.000000000002,-1.8189894035458565e-12
3366,train,15723,15723.000000000004,-3.637978807091713e-12
1514,train,17000,16999.99999999999,1.0913936421275139e-11
1626,train,13000,12999.999999999995,5.4569682106375694e-12
2252,train,4750,4749.999999999996,3.637978807091713e-12
357,train,7000,6999.999999999998,1.8189894035458565e-12
4069,train,15000,14999.99999999999,9.094947017729282e-12
2572,train,200000,199999.99999999997,2.9103830456733704e-11
4661,train,65000,64999.999999999956,4.3655745685100555e-11
2976,train,27000,26999.999999999978,2.1827872842550278e-11
2136,train,8500,8500.000000000005,-5.4569682106375694e-12
177,train,4000,4000.0000000000014,-1.3642420526593924e-12
1325,train,26000,25999.999999999985,1.4551915228366852e-11
1008,train,190000,189999.9999999999,8.731149137020111e-11
2778,train,25000,25000.000000000004,-3.637978807091713e-12
4547,train,7500,7500.0000000000055,-5.4569682106375694e-12
3369,train,3000,2999.9999999999995,4.547473508864641e-13
166,train,8000,8000.0000000000055,-5.4569682106375694e-12
2030,train,15000,14999.99999999999,9.094947017729282e-12
3459,train,15000,14999.99999999999,9.094947017729282e-12
2034,train,22000,21999.999999999993,7.275957614183426e-12
101,train,35000,35000.00000000001,-7.275957614183426e-12
882,train,75000,75000.00000000004,-4.3655745685100555e-11
2573,train,20000,20000.000000000015,-1.4551915228366852e-11
2265,train,7500,7500.0000000000055,-5.4569682106375694e-12
1239,train,100000,100000.00000000004,-4.3655745685100555e-11
3816,train,18000,17999.999999999993,7.275957614183426e-12
4276,train,19000,18999.999999999985,1.4551915228366852e-11
4637,train,14500,14500.000000000004,-3.637978807091713e-12
1009,train,84000,84000.00000000003,-2.9103830456733704e-11
3867,train,32500,32499.99999999997,2.9103830456733704e-11
3267,train,8000,8000.0000000000055,-5.4569682106375694e-12
870,train,20000,20000.000000000015,-1.4551915228366852e-11
90,train,18000,17999.999999999993,7.275957614183426e-12
2311,train,26000,25999.999999999985,1.4551915228366852e-11
2049,train,4300,4299.999999999997,2.7284841053187847e-12
3906,train,11000,10999.999999999993,7.275957614183426e-12
2796,train,10000,10000.00000000001,-9.094947017729282e-12
34,train,22000,21999.999999999993,7.275957614183426e-12
793,train,19000,18999.999999999985,1.4551915228366852e-11
780,train,61000,60999.999999999956,4.3655745685100555e-11
3675,train,24000,23999.99999999999,1.0913936421275139e-11
2075,train,140000,139999.9999999999,8.731149137020111e-11
1121,train,57000,57000.000000000044,-4.3655745685100555e-11
972,train,25000,25000.000000000004,-3.637978807091713e-12
3880,train,9500,9500.000000000005,-5.4569682106375694e-12
1844,train,35000,35000.00000000001,-7.275957614183426e-12
2288,train,8500,8500.000000000005,-5.4569682106375694e-12
3664,train,8500,8500.000000000005,-5.4569682106375694e-12
2598,train,12000,11999.999999999998,1.8189894035458565e-12
1405,train,29000,28999.999999999996,3.637978807091713e-12
4405,train,15000,14999.99999999999,9.094947017729282e-12
2162,train,9000,9000.0,0.0
1041,train,75000,75000.00000000004,-4.3655745685100555e-11
3980,train,300000,299999.99999999977,2.3283064365386963e-10
2884,train,9000,9000.0,0.0
314,train,7000,6999.999999999998,1.8189894035458565e-12
1164,train,45000,44999.999999999985,1.4551915228366852e-11
1990,train,16000,16000.000000000002,-1.8189894035458565e-12
4602,train,13000,12999.999999999995,5.4569682106375694e-12
1831,train,9000,9000.0,0.0
54,train,11000,10999.999999999993,7.275957614183426e-12
1272,train,330000,330000.0000000001,-1.1641532182693481e-10
2196,train,16000,16000.000000000002,-1.8189894035458565e-12
2742,train,40000,40000.0,0.0
1788,train,7000,6999.999999999998,1.8189894035458565e-12
3235,train,6500,6500.000000000003,-2.7284841053187847e-12
2476,train,35000,35000.00000000001,-7.275957614183426e-12
3157,train,9500,9500.000000000005,-5.4569682106375694e-12
2566,train,24000,23999.99999999999,1.0913936421275139e-11
3279,train,100000,100000.00000000004,-4.3655745685100555e-11
3731,train,12000,11999.999999999998,1.8189894035458565e-12
3986,train,10000,10000.00000000001,-9.094947017729282e-12
1696,train,43000,43000.00000000002,-2.1827872842550278e-11
1464,train,25000,25000.000000000004,-3.637978807091713e-12
1203,train,27000,26999.999999999978,2.1827872842550278e-11
2634,train,4500,4499.999999999999,9.094947017729282e-13
3262,train,5250,5249.999999999995,4.547473508864641e-12
2822,train,6500,6500.000000000003,-2.7284841053187847e-12
2891,train,55000,55000.00000000004,-3.637978807091713e-11
1533,train,7000,6999.999999999998,1.8189894035458565e-12
3822,train,11500,11499.999999999998,1.8189894035458565e-12
1926,train,20000,20000.000000000015,-1.4551915228366852e-11
1753,train,20000,20000.000000000015,-1.4551915228366852e-11
3525,train,40000,40000.0,0.0
1498,train,61500,61500.00000000001,-7.275957614183426e-12
1807,train,15000,14999.99999999999,9.094947017729282e-12
3989,train,9000,9000.0,0.0
3050,train,12000,11999.999999999998,1.8189894035458565e-12
3283,train,18000,17999.999999999993,7.275957614183426e-12
2991,train,25000,25000.000000000004,-3.637978807091713e-12
4307,train,36000,35999.99999999998,2.1827872842550278e-11
2229,train,11500,11499.999999999998,1.8189894035458565e-12
242,train,7500,7500.0000000000055,-5.4569682106375694e-12
782,train,42000,41999.99999999999,7.275957614183426e-12
2410,train,13500,13500.000000000004,-3.637978807091713e-12
4207,train,8000,8000.0000000000055,-5.4569682106375694e-12
960,train,65000,64999.999999999956,4.3655745685100555e-11
4545,train,47000,46999.99999999999,7.275957614183426e-12
3402,train,19000,18999.999999999985,1.4551915228366852e-11
801,train,45000,44999.999999999985,1.4551915228366852e-11
2825,train,7500,7500.0000000000055,-5.4569682106375694e-12
4319,train,13000,12999.999999999995,5.4569682106375694e-12
3636,train,10000,10000.00000000001,-9.094947017729282e-12
232,train,35000,35000.00000000001,-7.275957614183426e-12
1144,train,47000,46999.99999999999,7.275957614183426e-12
2534,train,30000,29999.99999999999,1.0913936421275139e-11
1059,train,50000,50000.000000000015,-1.4551915228366852e-11
504,train,25000,25000.000000000004,-3.637978807091713e-12
751,train,92500,92500.00000000007,-7.275957614183426e-11
4038,train,26000,25999.999999999985,1.4551915228366852e-11
3097,train,8000,8000.0000000000055,-5.4569682106375694e-12
4584,train,13000,12999.999999999995,5.4569682106375694e-12
2027,train,12000,11999.999999999998,1.8189894035458565e-12
4263,train,6000,6000.000000000005,-4.547473508864641e-12
4340,train,8000,8000.0000000000055,-5.4569682106375694e-12
3350,train,21000,20999.99999999998,1.8189894035458565e-11
823,train,69999,69998.99999999994,5.820766091346741e-11
1644,train,13000,12999.999999999995,5.4569682106375694e-12
2536,train,80000,80000.0,0.0
3983,train,27000,26999.999999999978,2.1827872842550278e-11
4170,train,10000,10000.00000000001,-9.094947017729282e-12
346,train,20000,20000.000000000015,-1.4551915228366852e-11
1048,train,94000,93999.99999999997,2.9103830456733704e-11
343,train,9500,9500.000000000005,-5.4569682106375694e-12
1682,train,23000,22999.999999999996,3.637978807091713e-12
2275,train,8500,8500.000000000005,-5.4569682106375694e-12
516,train,7500,7500.0000000000055,-5.4569682106375694e-12
781,train,70000,70000.00000000001,-1.4551915228366852e-11
2363,train,35000,35000.00000000001,-7.275957614183426e-12
2020,train,14000,13999.999999999995,5.4569682106375694e-12
4579,train,9000,9000.0,0.0
12,train,6500,6500.000000000003,-2.7284841053187847e-12
3624,train,34999,34998.99999999997,2.9103830456733704e-11
3929,train,30000,29999.99999999999,1.0913936421275139e-11
256,train,5000,5000.000000000003,-2.7284841053187847e-12
2804,train,12000,11999.999999999998,1.8189894035458565e-12
3993,train,49000,49000.00000000002,-2.1827872842550278e-11
4268,train,9500,9500.000000000005,-5.4569682106375694e-12
3999,train,18000,17999.999999999993,7.275957614183426e-12
656,train,18000,17999.999999999993,7.275957614183426e-12
105,train,6000,6000.000000000005,-4.547473508864641e-12
3814,train,33000,32999.99999999999,7.275957614183426e-12
1056,train,57000,57000.000000000044,-4.3655745685100555e-11
3089,train,10000,10000.00000000001,-9.094947017729282e-12
1448,train,34000,33999.99999999999,7.275957614183426e-12
3118,train,17500,17500.000000000015,-1.4551915228366852e-11
3349,train,14000,13999.999999999995,5.4569682106375694e-12
4700,train,6000,6000.000000000005,-4.547473508864641e-12
1432,train,45000,44999.999999999985,1.4551915228366852e-11
4589,train,44000,43999.99999999997,2.9103830456733704e-11
25,train,7000,6999.999999999998,1.8189894035458565e-12
4482,train,6800,6799.999999999996,3.637978807091713e-12
3625,train,7000,6999.999999999998,1.8189894035458565e-12
4397,train,13000,12999.999999999995,5.4569682106375694e-12
104,train,180000,180000.00000000003,-2.9103830456733704e-11
3722,train,9000,9000.0,0.0
332,train,20000,20000.000000000015,-1.4551915228366852e-11
4088,train,140000,139999.9999999999,8.731149137020111e-11
4317,train,16000,16000.000000000002,-1.8189894035458565e-12
168,train,6500,6500.000000000003,-2.7284841053187847e-12
817,train,40000,40000.0,0.0
2016,train,10000,10000.00000000001,-9.094947017729282e-12
3857,train,12000,11999.999999999998,1.8189894035458565e-12
4106,train,14000,13999.999999999995,5.4569682106375694e-12
4071,train,12000,11999.999999999998,1.8189894035458565e-12
500,train,12000,11999.999999999998,1.8189894035458565e-12
4237,train,28000,28000.00000000002,-1.8189894035458565e-11
1522,train,10500,10500.000000000005,-5.4569682106375694e-12
1094,train,20000,20000.000000000015,-1.4551915228366852e-11
3529,train,8000,8000.0000000000055,-5.4569682106375694e-12
2450,train,22000,21999.999999999993,7.275957614183426e-12
621,train,34000,33999.99999999999,7.275957614183426e-12
1215,train,21000,20999.99999999998,1.8189894035458565e-11
2331,train,18000,17999.999999999993,7.275957614183426e-12
1304,train,18500,18500.0,0.0
391,train,8500,8500.000000000005,-5.4569682106375694e-12
1172,train,180000,180000.00000000003,-2.9103830456733704e-11
2382,train,65000,64999.999999999956,4.3655745685100555e-11
3921,train,75000,75000.00000000004,-4.3655745685100555e-11
2952,train,40000,40000.0,0.0
3399,train,19000,18999.999999999985,1.4551915228366852e-11
2499,train,9000,9000.0,0.0
1505,train,9500,9500.000000000005,-5.4569682106375694e-12
1759,train,18000,17999.999999999993,7.275957614183426e-12
2019,train,17000,16999.99999999999,1.0913936421275139e-11
4270,train,30000,29999.99999999999,1.0913936421275139e-11
439,train,6500,6500.000000000003,-2.7284841053187847e-12
2466,train,75000,75000.00000000004,-4.3655745685100555e-11
4422,train,6000,6000.000000000005,-4.547473508864641e-12
476,train,14000,13999.999999999995,5.4569682106375694e-12
792,train,18000,17999.999999999993,7.275957614183426e-12
1018,train,65000,64999.999999999956,4.3655745685100555e-11
172,train,7000,6999.999999999998,1.8189894035458565e-12
1847,train,10000,10000.00000000001,-9.094947017729282e-12
1475,train,90000,90000.00000000001,-1.4551915228366852e-11
633,train,210000,210000.0,0.0
79,train,8000,8000.0000000000055,-5.4569682106375694e-12
2304,train,12000,11999.999999999998,1.8189894035458565e-12
4475,train,22000,21999.999999999993,7.275957614183426e-12
4528,train,7500,7500.0000000000055,-5.4569682106375694e-12
2178,train,6500,6500.000000000003,-2.7284841053187847e-12
2338,train,28000,28000.00000000002,-1.8189894035458565e-11
1241,train,100000,100000.00000000004,-4.3655745685100555e-11
4376,train,8500,8500.000000000005,-5.4569682106375694e-12
857,train,190000,189999.9999999999,8.731149137020111e-11
4017,train,10000,10000.00000000001,-9.094947017729282e-12
2370,train,16000,16000.000000000002,-1.8189894035458565e-12
2670,train,25000,25000.000000000004,-3.637978807091713e-12
2906,train,19000,18999.999999999985,1.4551915228366852e-11
3307,train,6500,6500.000000000003,-2.7284841053187847e-12
1915,train,7000,6999.999999999998,1.8189894035458565e-12
567,train,32000,31999.999999999993,7.275957614183426e-12
4713,train,8000,8000.0000000000055,-5.4569682106375694e-12
3015,train,9000,9000.0,0.0
4142,train,65000,64999.999999999956,4.3655745685100555e-11
961,train,33000,32999.99999999999,7.275957614183426e-12
1184,train,100000,100000.00000000004,-4.3655745685100555e-11
4295,train,8500,8500.000000000005,-5.4569682106375694e-12
1090,train,280000,280000.0,0.0
2802,train,22000,21999.999999999993,7.275957614183426e-12
3984,train,10000,10000.00000000001,-9.094947017729282e-12
3295,train,9000,9000.0,0.0
2519,train,20000,20000.000000000015,-1.4551915228366852e-11
3792,train,18000,17999.999999999993,7.275957614183426e-12
710,train,6500,6500.000000000003,-2.7284841053187847e-12
2998,train,10000,10000.00000000001,-9.094947017729282e-12
3808,train,15000,14999.99999999999,9.094947017729282e-12
3905,train,11000,10999.999999999993,7.275957614183426e-12
1118,train,50000,50000.000000000015,-1.4551915228366852e-11
1677,train,10000,10000.00000000001,-9.094947017729282e-12
2361,train,11000,10999.999999999993,7.275957614183426e-12
988,train,41000,40999.99999999999,7.275957614183426e-12
562,train,25000,25000.000000000004,-3.637978807091713e-12
66,train,5000,5000.000000000003,-2.7284841053187847e-12
3191,train,15000,14999.99999999999,9.094947017729282e-12
3037,train,10000,10000.00000000001,-9.094947017729282e-12
3926,train,24000,23999.99999999999,1.0913936421275139e-11
3564,train,20000,20000.000000000015,-1.4551915228366852e-11
3835,train,8000,8000.0000000000055,-5.4569682106375694e-12
4165,train,10000,10000.00000000001,-9.094947017729282e-12
515,train,65000,64999.999999999956,4.3655745685100555e-11
91,train,12000,11999.999999999998,1.8189894035458565e-12
4315,train,25000,25000.000000000004,-3.637978807091713e-12
1957,train,15000,14999.99999999999,9.094947017729282e-12
2432,train,38000,38000.000000000015,-1.4551915228366852e-11
1954,train,15000,14999.99999999999,9.094947017729282e-12
4157,train,7000,6999.999999999998,1.8189894035458565e-12
1803,train,20000,20000.000000000015,-1.4551915228366852e-11
3458,train,17000,16999.99999999999,1.0913936421275139e-11
3116,train,40000,40000.0,0.0
251,train,6000,6000.000000000005,-4.547473508864641e-12
4583,train,25000,25000.000000000004,-3.637978807091713e-12
527,train,14000,13999.999999999995,5.4569682106375694e-12
938,train,32000,31999.999999999993,7.275957614183426e-12
1777,train,9000,9000.0,0.0
876,train,40000,40000.0,0.0
3763,train,85000,84999.99999999996,4.3655745685100555e-11
1210,train,55000,55000.00000000004,-3.637978807091713e-11
1728,train,23000,22999.999999999996,3.637978807091713e-12
3115,train,25000,25000.000000000004,-3.637978807091713e-12
2305,train,14000,13999.999999999995,5.4569682106375694e-12
2740,train,45000,44999.999999999985,1.4551915228366852e-11
3769,train,32000,31999.999999999993,7.275957614183426e-12
1914,train,13000,12999.999999999995,5.4569682106375694e-12
1457,train,42000,41999.99999999999,7.275957614183426e-12
3704,train,6500,6500.000000000003,-2.7284841053187847e-12
1427,train,400000,399999.9999999999,1.1641532182693481e-10
3354,train,25000,25000.000000000004,-3.637978807091713e-12
3273,train,11000,10999.999999999993,7.275957614183426e-12
437,train,5000,5000.000000000003,-2.7284841053187847e-12
3460,train,3500,3499.9999999999977,2.2737367544323206e-12
3149,train,19000,18999.999999999985,1.4551915228366852e-11
909,train,50000,50000.000000000015,-1.4551915228366852e-11
2213,train,22000,21999.999999999993,7.275957614183426e-12
769,train,110000,109999.99999999991,8.731149137020111e-11
1968,train,13000,12999.999999999995,5.4569682106375694e-12
3824,train,12000,11999.999999999998,1.8189894035458565e-12
37,train,7000,6999.999999999998,1.8189894035458565e-12
3638,train,12500,12500.0,0.0
1678,train,8000,8000.0000000000055,-5.4569682106375694e-12
4084,train,35000,35000.00000000001,-7.275957614183426e-12
2576,train,9500,9500.000000000005,-5.4569682106375694e-12
434,train,22000,21999.999999999993,7.275957614183426e-12
936,train,48000,48000.00000000004,-3.637978807091713e-11
856,train,150000,150000.00000000006,-5.820766091346741e-11
4717,train,16000,16000.000000000002,-1.8189894035458565e-12
377,train,5000,5000.000000000003,-2.7284841053187847e-12
2427,train,80000,80000.0,0.0
144,train,8000,8000.0000000000055,-5.4569682106375694e-12
4474,train,6500,6500.000000000003,-2.7284841053187847e-12
4444,train,16000,16000.000000000002,-1.8189894035458565e-12
3643,train,15000,14999.99999999999,9.094947017729282e-12
2024,train,130000,130000.00000000009,-8.731149137020111e-11
2770,train,22000,21999.999999999993,7.275957614183426e-12
3341,train,33000,32999.99999999999,7.275957614183426e-12
3256,train,11000,10999.999999999993,7.275957614183426e-12
4695,train,10500,10500.000000000005,-5.4569682106375694e-12
546,train,100000,100000.00000000004,-4.3655745685100555e-11
1307,train,80000,80000.0,0.0
3576,train,7000,6999.999999999998,1.8189894035458565e-12
423,train,12000,11999.999999999998,1.8189894035458565e-12
1723,train,15000,16431.68088292351,-1431.6808829235088
2298,train,13000,12999.999999999995,5.4569682106375694e-12
307,train,9000,9000.0,0.0
2284,train,16000,16000.000000000002,-1.8189894035458565e-12
544,train,150000,150000.00000000006,-5.820766091346741e-11
2093,train,8500,8500.000000000005,-5.4569682106375694e-12
779,train,190000,189999.9999999999,8.731149137020111e-11
2672,train,28000,28000.00000000002,-1.8189894035458565e-11
2177,train,9500,9500.000000000005,-5.4569682106375694e-12
585,train,24000,23999.99999999999,1.0913936421275139e-11
2203,train,16000,16000.000000000002,-1.8189894035458565e-12
4631,train,10000,10000.00000000001,-9.094947017729282e-12
2456,train,20500,20499.999999999993,7.275957614183426e-12
4239,train,12500,12500.0,0.0
2911,train,44000,43999.99999999997,2.9103830456733704e-11
1956,train,10000,10000.00000000001,-9.094947017729282e-12
2405,train,15000,14999.99999999999,9.094947017729282e-12
2899,train,11500,11499.999999999998,1.8189894035458565e-12
3053,train,10000,10000.00000000001,-9.094947017729282e-12
4346,train,30000,29999.99999999999,1.0913936421275139e-11
2833,train,95000,95000.00000000001,-1.4551915228366852e-11
1967,train,6000,6000.000000000005,-4.547473508864641e-12
138,train,8500,8500.000000000005,-5.4569682106375694e-12
2431,train,35000,35000.00000000001,-7.275957614183426e-12
2977,train,12500,12500.0,0.0
1731,train,12000,11999.999999999998,1.8189894035458565e-12
3502,train,17000,16999.99999999999,1.0913936421275139e-11
4691,train,7500,7500.0000000000055,-5.4569682106375694e-12
3427,train,30000,29999.99999999999,1.0913936421275139e-11
1884,train,22000,21999.999999999993,7.275957614183426e-12
1687,train,39000,39000.0,0.0
1106,train,27000,26999.999999999978,2.1827872842550278e-11
4260,train,11500,11499.999999999998,1.8189894035458565e-12
715,train,16000,16000.000000000002,-1.8189894035458565e-12
1332,train,39000,39000.0,0.0
4225,train,25000,25000.000000000004,-3.637978807091713e-12
3649,train,10000,10000.00000000001,-9.094947017729282e-12
1377,train,32000,31999.999999999993,7.275957614183426e-12
157,train,12000,11999.999999999998,1.8189894035458565e-12
198,train,9000,9000.0,0.0
1039,train,30000,29999.99999999999,1.0913936421275139e-11
4353,train,15000,14999.99999999999,9.094947017729282e-12
3672,train,18000,17999.999999999993,7.275957614183426e-12
760,train,45000,44999.999999999985,1.4551915228366852e-11
23,train,6500,6500.000000000003,-2.7284841053187847e-12
1542,train,9000,9000.0,0.0
4559,train,8000,8000.0000000000055,-5.4569682106375694e-12
4680,train,6500,6500.000000000003,-2.7284841053187847e-12
3101,train,14000,13999.999999999995,5.4569682106375694e-12
931,train,55000,55000.00000000004,-3.637978807091713e-11
1520,train,14500,14500.000000000004,-3.637978807091713e-12
4506,train,8000,8000.0000000000055,-5.4569682106375694e-12
2480,train,8000,8000.0000000000055,-5.4569682106375694e-12
2064,train,21000,20999.99999999998,1.8189894035458565e-11
3708,train,17000,16999.99999999999,1.0913936421275139e-11
1531,train,13000,12999.999999999995,5.4569682106375694e-12
3895,train,10500,10500.000000000005,-5.4569682106375694e-12
525,train,45000,44999.999999999985,1.4551915228366852e-11
1661,train,13000,12999.999999999995,5.4569682106375694e-12
639,train,100000,100000.00000000004,-4.3655745685100555e-11
3705,train,10000,10000.00000000001,-9.094947017729282e-12
3258,train,17500,17500.000000000015,-1.4551915228366852e-11
2200,train,75000,75000.00000000004,-4.3655745685100555e-11
3044,train,15000,14999.99999999999,9.094947017729282e-12
1509,train,13000,12999.999999999995,5.4569682106375694e-12
1070,train,65000,64999.999999999956,4.3655745685100555e-11
419,train,6000,6000.000000000005,-4.547473508864641e-12
3135,train,10000,10000.00000000001,-9.094947017729282e-12
1467,train,110000,109999.99999999991,8.731149137020111e-11
1952,train,15000,14999.99999999999,9.094947017729282e-12
2226,train,5500,5500.000000000004,-3.637978807091713e-12
2175,train,9500,9500.000000000005,-5.4569682106375694e-12
1267,train,6000,6000.000000000005,-4.547473508864641e-12
2041,train,60000,60000.000000000015,-1.4551915228366852e-11
3549,train,10000,10000.00000000001,-9.094947017729282e-12
3208,train,13000,12999.999999999995,5.4569682106375694e-12
4722,train,13000,12999.999999999995,5.4569682106375694e-12
3711,train,11500,11499.999999999998,1.8189894035458565e-12
4417,train,25000,25000.000000000004,-3.637978807091713e-12
3761,train,220000,219999.99999999983,1.7462298274040222e-10
4484,train,12000,11999.999999999998,1.8189894035458565e-12
2323,train,18000,17999.999999999993,7.275957614183426e-12
1577,train,21000,20999.99999999998,1.8189894035458565e-11
392,train,35000,35000.00000000001,-7.275957614183426e-12
3441,train,28000,28000.00000000002,-1.8189894035458565e-11
4543,train,11000,10999.999999999993,7.275957614183426e-12
3076,train,20500,20499.999999999993,7.275957614183426e-12
951,train,36000,35999.99999999998,2.1827872842550278e-11
404,train,8000,8000.0000000000055,-5.4569682106375694e-12
2823,train,17000,16999.99999999999,1.0913936421275139e-11
1079,train,95000,95000.00000000001,-1.4551915228366852e-11
1718,train,10000,10000.00000000001,-9.094947017729282e-12
1484,train,78000,77999.99999999994,5.820766091346741e-11
321,train,12000,11999.999999999998,1.8189894035458565e-12
2944,train,7000,6999.999999999998,1.8189894035458565e-12
4318,train,15000,14999.99999999999,9.094947017729282e-12
2585,train,70000,70000.00000000001,-1.4551915228366852e-11
1878,train,45000,44999.999999999985,1.4551915228366852e-11
4677,train,9000,9000.0,0.0
2066,train,28000,28000.00000000002,-1.8189894035458565e-11
3582,train,15000,14999.99999999999,9.094947017729282e-12
643,train,18000,17999.999999999993,7.275957614183426e-12
2603,train,35000,35000.00000000001,-7.275957614183426e-12
4597,train,9500,9500.000000000005,-5.4569682106375694e-12
2704,train,7500,7500.0000000000055,-5.4569682106375694e-12
712,train,38000,38000.000000000015,-1.4551915228366852e-11
14,train,8500,8500.000000000005,-5.4569682106375694e-12
962,train,27000,26999.999999999978,2.1827872842550278e-11
401,train,15000,14999.99999999999,9.094947017729282e-12
2554,train,7500,7500.0000000000055,-5.4569682106375694e-12
4289,train,12000,11999.999999999998,1.8189894035458565e-12
2487,train,16000,16000.000000000002,-1.8189894035458565e-12
3257,train,11000,10999.999999999993,7.275957614183426e-12
2873,train,15000,14999.99999999999,9.094947017729282e-12
2953,train,8500,8500.000000000005,-5.4569682106375694e-12
3788,train,22999,22998.999999999993,7.275957614183426e-12
2073,train,10000,10000.00000000001,-9.094947017729282e-12
3447,train,22000,21999.999999999993,7.275957614183426e-12
3858,train,17000,16999.99999999999,1.0913936421275139e-11
1192,train,90000,90000.00000000001,-1.4551915228366852e-11
1766,train,10000,10000.00000000001,-9.094947017729282e-12
156,train,7000,6999.999999999998,1.8189894035458565e-12
1936,train,31000,31000.000000000015,-1.4551915228366852e-11
3172,train,11000,10999.999999999993,7.275957614183426e-12
1725,train,12000,11999.999999999998,1.8189894035458565e-12
2397,train,60000,60000.000000000015,-1.4551915228366852e-11
442,train,6000,6000.000000000005,-4.547473508864641e-12
1790,train,8500,8500.000000000005,-5.4569682106375694e-12
4367,train,21467,21467.000000000004,-3.637978807091713e-12
4520,train,45000,44999.999999999985,1.4551915228366852e-11
466,train,6500,6500.000000000003,-2.7284841053187847e-12
3718,train,60000,60000.000000000015,-1.4551915228366852e-11
362,train,8000,8000.0000000000055,-5.4569682106375694e-12
1270,train,280000,280000.0,0.0
48,train,30000,29999.99999999999,1.0913936421275139e-11
2521,train,35000,35000.00000000001,-7.275957614183426e-12
4643,train,7500,7500.0000000000055,-5.4569682106375694e-12
2242,train,14000,13999.999999999995,5.4569682106375694e-12
4199,train,22500,22500.000000000015,-1.4551915228366852e-11
820,train,50000,50000.000000000015,-1.4551915228366852e-11
1468,train,20000,20000.000000000015,-1.4551915228366852e-11
2180,train,25000,25000.000000000004,-3.637978807091713e-12
3052,train,36000,35999.99999999998,2.1827872842550278e-11
982,train,250000,249999.9999999998,2.0372681319713593e-10
92,train,9000,9000.0,0.0
867,train,170000,170000.00000000012,-1.1641532182693481e-10
4321,train,12000,11999.999999999998,1.8189894035458565e-12
1227,train,130000,130000.00000000009,-8.731149137020111e-11
1734,train,32000,31999.999999999993,7.275957614183426e-12
597,train,14000,13999.999999999995,5.4569682106375694e-12
3904,train,11000,10999.999999999993,7.275957614183426e-12
2313,train,14000,13999.999999999995,5.4569682106375694e-12
2908,train,8000,8000.0000000000055,-5.4569682106375694e-12
3022,train,6500,6500.000000000003,-2.7284841053187847e-12
1761,train,31000,31000.000000000015,-1.4551915228366852e-11
702,train,21000,20999.99999999998,1.8189894035458565e-11
3800,train,15000,14999.99999999999,9.094947017729282e-12
4230,train,14000,13999.999999999995,5.4569682106375694e-12
4702,train,26000,25999.999999999985,1.4551915228366852e-11
1312,train,60000,60000.000000000015,-1.4551915228366852e-11
2996,train,23000,22999.999999999996,3.637978807091713e-12
603,train,62000,61999.99999999997,2.9103830456733704e-11
2096,train,8000,8000.0000000000055,-5.4569682106375694e-12
2735,train,7500,7500.0000000000055,-5.4569682106375694e-12
784,train,60000,60000.000000000015,-1.4551915228366852e-11
2268,train,14000,13999.999999999995,5.4569682106375694e-12
2433,train,16000,16000.000000000002,-1.8189894035458565e-12
4658,train,11000,10999.999999999993,7.275957614183426e-12
4057,train,20000,20000.000000000015,-1.4551915228366852e-11
1344,train,88000,87999.99999999996,4.3655745685100555e-11
4480,train,15000,14999.99999999999,9.094947017729282e-12
1388,train,200000,199999.99999999997,2.9103830456733704e-11
1529,train,28000,28000.00000000002,-1.8189894035458565e-11
2933,train,17000,16999.99999999999,1.0913936421275139e-11
783,train,27000,26999.999999999978,2.1827872842550278e-11
4561,train,17000,16999.99999999999,1.0913936421275139e-11
911,train,62000,61999.99999999997,2.9103830456733704e-11
1061,train,100000,100000.00000000004,-4.3655745685100555e-11
878,train,15000,14999.99999999999,9.094947017729282e-12
342,train,8500,8500.000000000005,-5.4569682106375694e-12
2739,train,44300,44300.00000000004,-3.637978807091713e-11
1539,train,65000,64999.999999999956,4.3655745685100555e-11
1199,train,300000,299999.99999999977,2.3283064365386963e-10
897,train,51000,50999.999999999985,1.4551915228366852e-11
3013,train,7000,6999.999999999998,1.8189894035458565e-12
4194,train,16500,16499.999999999993,7.275957614183426e-12
1085,train,44000,43999.99999999997,2.9103830456733704e-11
2937,train,27000,26999.999999999978,2.1827872842550278e-11
3842,train,25000,25000.000000000004,-3.637978807091713e-12
1141,train,35000,35000.00000000001,-7.275957614183426e-12
2091,train,6500,6500.000000000003,-2.7284841053187847e-12
3774,train,10000,10000.00000000001,-9.094947017729282e-12
122,train,6800,6799.999999999996,3.637978807091713e-12
3371,train,18000,17999.999999999993,7.275957614183426e-12
880,train,25000,25000.000000000004,-3.637978807091713e-12
2717,train,14000,13999.999999999995,5.4569682106375694e-12
2992,train,10000,10000.00000000001,-9.094947017729282e-12
3901,train,9500,9500.000000000005,-5.4569682106375694e-12
1571,train,9000,9000.0,0.0
1259,train,38000,38000.000000000015,-1.4551915228366852e-11
4452,train,6000,6000.000000000005,-4.547473508864641e-12
3630,train,200000,199999.99999999997,2.9103830456733704e-11
3595,train,9000,9000.0,0.0
303,train,12000,11999.999999999998,1.8189894035458565e-12
659,train,55000,55000.00000000004,-3.637978807091713e-11
1784,train,25000,25000.000000000004,-3.637978807091713e-12
1866,train,11000,10999.999999999993,7.275957614183426e-12
2676,train,10000,10000.00000000001,-9.094947017729282e-12
1998,train,12500,12500.0,0.0
4108,train,37000,37000.00000000001,-7.275957614183426e-12
4241,train,10000,10000.00000000001,-9.094947017729282e-12
3222,train,75000,75000.00000000004,-4.3655745685100555e-11
1488,train,65000,64999.999999999956,4.3655745685100555e-11
1810,train,9750,9750.000000000002,-1.8189894035458565e-12
4490,train,23000,22999.999999999996,3.637978807091713e-12
4064,train,14000,13999.999999999995,5.4569682106375694e-12
728,train,55000,55000.00000000004,-3.637978807091713e-11
1198,train,70000,70000.00000000001,-1.4551915228366852e-11
1800,train,10000,10000.00000000001,-9.094947017729282e-12
3746,train,11000,10999.999999999993,7.275957614183426e-12
3750,train,7000,6999.999999999998,1.8189894035458565e-12
4437,train,9000,9000.0,0.0
2727,train,15000,14999.99999999999,9.094947017729282e-12
141,train,13000,12999.999999999995,5.4569682106375694e-12
16,train,6000,6000.000000000005,-4.547473508864641e-12
335,train,14000,13999.999999999995,5.4569682106375694e-12
4662,train,60000,60000.000000000015,-1.4551915228366852e-11
1856,train,15000,14999.99999999999,9.094947017729282e-12
1021,train,500000,499999.99999999977,2.3283064365386963e-10
1102,train,180000,180000.00000000003,-2.9103830456733704e-11
1341,train,280000,280000.0,0.0
4218,train,15000,14999.99999999999,9.094947017729282e-12
60,train,5000,5000.000000000003,-2.7284841053187847e-12
2002,train,9000,9000.0,0.0
452,train,12000,11999.999999999998,1.8189894035458565e-12
475,train,6000,6000.000000000005,-4.547473508864641e-12
2596,train,18000,17999.999999999993,7.275957614183426e-12
3158,train,12000,11999.999999999998,1.8189894035458565e-12
4709,train,12000,11999.999999999998,1.8189894035458565e-12
2964,train,6000,6000.000000000005,-4.547473508864641e-12
2307,train,11000,10999.999999999993,7.275957614183426e-12
212,train,12000,11999.999999999998,1.8189894035458565e-12
1328,train,35000,35000.00000000001,-7.275957614183426e-12
1946,train,12000,11999.999999999998,1.8189894035458565e-12
388,train,15000,14999.99999999999,9.094947017729282e-12
1597,train,8000,8000.0000000000055,-5.4569682106375694e-12
2797,train,15000,14999.99999999999,9.094947017729282e-12
3423,train,6300,6299.999999999997,2.7284841053187847e-12
1478,train,380000,379999.9999999999,1.1641532182693481e-10
1246,train,72000,71999.99999999996,4.3655745685100555e-11
4021,train,35000,35000.00000000001,-7.275957614183426e-12
4287,train,8000,8000.0000000000055,-5.4569682106375694e-12
2539,train,10500,10500.000000000005,-5.4569682106375694e-12
322,train,3200,3199.9999999999986,1.3642420526593924e-12
1897,train,18000,17999.999999999993,7.275957614183426e-12
4139,train,10000,10000.00000000001,-9.094947017729282e-12
819,train,11000,10999.999999999993,7.275957614183426e-12
664,train,25500,25500.000000000004,-3.637978807091713e-12
3860,train,19500,19500.0,0.0
282,train,17500,17500.000000000015,-1.4551915228366852e-11
4420,train,15000,14999.99999999999,9.094947017729282e-12
3212,train,12000,11999.999999999998,1.8189894035458565e-12
2856,train,25000,25000.000000000004,-3.637978807091713e-12
3151,train,16000,16000.000000000002,-1.8189894035458565e-12
3338,train,13500,13500.000000000004,-3.637978807091713e-12
1240,train,13000,12999.999999999995,5.4569682106375694e-12
1149,train,85000,84999.99999999996,4.3655745685100555e-11
1105,train,37000,37000.00000000001,-7.275957614183426e-12
566,train,75000,75000.00000000004,-4.3655745685100555e-11
3567,train,25000,25000.000000000004,-3.637978807091713e-12
4435,train,25000,25000.000000000004,-3.637978807091713e-12
1983,train,7000,6999.999999999998,1.8189894035458565e-12
3717,train,45000,44999.999999999985,1.4551915228366852e-11
2776,train,13000,12999.999999999995,5.4569682106375694e-12
380,train,40000,40000.0,0.0
2104,train,100000,100000.00000000004,-4.3655745685100555e-11
3742,train,5000,5000.000000000003,-2.7284841053187847e-12
4240,train,25000,25000.000000000004,-3.637978807091713e-12
2615,train,8500,8500.000000000005,-5.4569682106375694e-12
3040,train,24000,23999.99999999999,1.0913936421275139e-11
2339,train,55000,55000.00000000004,-3.637978807091713e-11
1423,train,32000,31999.999999999993,7.275957614183426e-12
3619,train,12000,11999.999999999998,1.8189894035458565e-12
1379,train,100000,100000.00000000004,-4.3655745685100555e-11
2951,train,45000,44999.999999999985,1.4551915228366852e-11
3768,train,24000,23999.99999999999,1.0913936421275139e-11
2035,train,14000,13999.999999999995,5.4569682106375694e-12
2207,train,30000,29999.99999999999,1.0913936421275139e-11
1374,train,270000,270000.00000000006,-5.820766091346741e-11
2474,train,13000,12999.999999999995,5.4569682106375694e-12
4616,train,20000,20000.000000000015,-1.4551915228366852e-11
727,train,130000,130000.00000000009,-8.731149137020111e-11
746,train,33000,32999.99999999999,7.275957614183426e-12
2660,train,37000,37000.00000000001,-7.275957614183426e-12
1848,train,9000,9000.0,0.0
4342,train,8000,8000.0000000000055,-5.4569682106375694e-12
1063,train,52000,52000.000000000044,-4.3655745685100555e-11
578,train,300000,299999.99999999977,2.3283064365386963e-10
2612,train,60000,60000.000000000015,-1.4551915228366852e-11
231,train,16000,16000.000000000002,-1.8189894035458565e-12
3046,train,9000,9000.0,0.0
2986,train,20000,20000.000000000015,-1.4551915228366852e-11
2997,train,10000,10000.00000000001,-9.094947017729282e-12
2637,train,23000,22999.999999999996,3.637978807091713e-12
547,train,60000,60000.000000000015,-1.4551915228366852e-11
2855,train,100000,100000.00000000004,-4.3655745685100555e-11
38,train,21000,20999.99999999998,1.8189894035458565e-11
3741,train,15000,14999.99999999999,9.094947017729282e-12
1671,train,12000,11999.999999999998,1.8189894035458565e-12
4705,train,16000,16000.000000000002,-1.8189894035458565e-12
1538,train,45000,44999.999999999985,1.4551915228366852e-11
312,train,10000,10000.00000000001,-9.094947017729282e-12
2443,train,30000,29999.99999999999,1.0913936421275139e-11
4619,train,15000,14999.99999999999,9.094947017729282e-12
688,train,45002,45002.00000000003,-2.9103830456733704e-11
4585,train,20000,20000.000000000015,-1.4551915228366852e-11
1010,train,68000,67999.99999999999,1.4551915228366852e-11
4320,train,12000,11999.999999999998,1.8189894035458565e-12
2261,train,18000,17999.999999999993,7.275957614183426e-12
4258,train,12000,11999.999999999998,1.8189894035458565e-12
2185,train,15000,14999.99999999999,9.094947017729282e-12
4466,train,42000,41999.99999999999,7.275957614183426e-12
968,train,42000,41999.99999999999,7.275957614183426e-12
2813,train,8000,8000.0000000000055,-5.4569682106375694e-12
2548,train,20000,20000.000000000015,-1.4551915228366852e-11
3666,train,8200,8200.000000000007,-7.275957614183426e-12
3973,train,12000,11999.999999999998,1.8189894035458565e-12
2630,train,7000,6999.999999999998,1.8189894035458565e-12
4044,train,14000,13999.999999999995,5.4569682106375694e-12
3504,train,39000,39000.0,0.0
1181,train,56000,56000.000000000044,-4.3655745685100555e-11
3143,train,18000,17999.999999999993,7.275957614183426e-12
2344,train,12000,11999.999999999998,1.8189894035458565e-12
1483,train,32000,31999.999999999993,7.275957614183426e-12
976,train,65000,64999.999999999956,4.3655745685100555e-11
2351,train,20000,20000.000000000015,-1.4551915228366852e-11
4344,train,7500,7500.0000000000055,-5.4569682106375694e-12
1248,train,130000,130000.00000000009,-8.731149137020111e-11
85,train,10000,10000.00000000001,-9.094947017729282e-12
1653,train,10000,10000.00000000001,-9.094947017729282e-12
486,train,10000,10000.00000000001,-9.094947017729282e-12
4558,train,11000,10999.999999999993,7.275957614183426e-12
905,train,16500,16499.999999999993,7.275957614183426e-12
2531,train,16000,16000.000000000002,-1.8189894035458565e-12
1890,train,38000,38000.000000000015,-1.4551915228366852e-11
4669,train,16000,16000.000000000002,-1.8189894035458565e-12
3337,train,9500,9500.000000000005,-5.4569682106375694e-12
853,train,83000,83000.0,0.0
194,train,5000,5000.000000000003,-2.7284841053187847e-12
2208,train,65000,64999.999999999956,4.3655745685100555e-11
1598,train,6000,6000.000000000005,-4.547473508864641e-12
3006,train,6500,6500.000000000003,-2.7284841053187847e-12
2,train,17000,16999.99999999999,1.0913936421275139e-11
2949,train,25000,25000.000000000004,-3.637978807091713e-12
4625,train,15000,14999.99999999999,9.094947017729282e-12
2362,train,20000,20000.000000000015,-1.4551915228366852e-11
4443,train,10500,10500.000000000005,-5.4569682106375694e-12
1230,train,160000,159999.99999999997,2.9103830456733704e-11
929,train,20000,20000.000000000015,-1.4551915228366852e-11
2003,train,5500,5500.000000000004,-3.637978807091713e-12
4483,train,5000,5000.000000000003,-2.7284841053187847e-12
1202,train,120000,120000.00000000004,-4.3655745685100555e-11
1544,train,30000,29999.99999999999,1.0913936421275139e-11
2100,train,52000,52000.000000000044,-4.3655745685100555e-11
937,train,10000,10000.00000000001,-9.094947017729282e-12
3585,train,10000,10000.00000000001,-9.094947017729282e-12
1419,train,30000,29999.99999999999,1.0913936421275139e-11
4257,train,20000,20000.000000000015,-1.4551915228366852e-11
3150,train,12000,11999.999999999998,1.8189894035458565e-12
1521,train,4500,4499.999999999999,9.094947017729282e-13
3631,train,12000,11999.999999999998,1.8189894035458565e-12
293,train,6500,6500.000000000003,-2.7284841053187847e-12
2613,train,95000,95000.00000000001,-1.4551915228366852e-11
178,train,10500,10500.000000000005,-5.4569682106375694e-12
1492,train,70000,70000.00000000001,-1.4551915228366852e-11
2626,train,8500,8500.000000000005,-5.4569682106375694e-12
306,train,20000,20000.000000000015,-1.4551915228366852e-11
2618,train,8000,8000.0000000000055,-5.4569682106375694e-12
1472,train,350000,349999.9999999997,2.9103830456733704e-10
2163,train,12000,11999.999999999998,1.8189894035458565e-12
1708,train,25000,25000.000000000004,-3.637978807091713e-12
1232,train,80000,80000.0,0.0
1411,train,50000,50000.000000000015,-1.4551915228366852e-11
1861,train,5000,5000.000000000003,-2.7284841053187847e-12
1170,train,50000,50000.000000000015,-1.4551915228366852e-11
708,train,35000,35000.00000000001,-7.275957614183426e-12
2496,train,10000,10000.00000000001,-9.094947017729282e-12
3333,train,12000,11999.999999999998,1.8189894035458565e-12
2516,train,15000,14999.99999999999,9.094947017729282e-12
2924,train,32000,31999.999999999993,7.275957614183426e-12
2936,train,17000,16999.99999999999,1.0913936421275139e-11
3211,train,3500,3499.9999999999977,2.2737367544323206e-12
722,train,65000,64999.999999999956,4.3655745685100555e-11
4663,train,26000,25999.999999999985,1.4551915228366852e-11
1510,train,15000,14999.99999999999,9.094947017729282e-12
1516,train,15000,14999.99999999999,9.094947017729282e-12
4303,train,12000,11999.999999999998,1.8189894035458565e-12
2978,train,15000,14999.99999999999,9.094947017729282e-12
3762,train,22000,21999.999999999993,7.275957614183426e-12
1083,train,380000,379999.9999999999,1.1641532182693481e-10
4098,train,15000,14999.99999999999,9.094947017729282e-12
320,train,5000,5000.000000000003,-2.7284841053187847e-12
165,train,16500,16499.999999999993,7.275957614183426e-12
2687,train,25000,25000.000000000004,-3.637978807091713e-12
2026,train,10000,10000.00000000001,-9.094947017729282e-12
568,train,16000,16000.000000000002,-1.8189894035458565e-12
4294,train,10000,10000.00000000001,-9.094947017729282e-12
3942,train,15000,14999.99999999999,9.094947017729282e-12
2401,train,12000,11999.999999999998,1.8189894035458565e-12
4453,train,45000,44999.999999999985,1.4551915228366852e-11
62,train,10000,10000.00000000001,-9.094947017729282e-12
1040,train,330000,330000.0000000001,-1.1641532182693481e-10
2787,train,25000,25000.000000000004,-3.637978807091713e-12
1699,train,31000,31000.000000000015,-1.4551915228366852e-11
2754,train,3500,3499.9999999999977,2.2737367544323206e-12
1410,train,18500,18500.0,0.0
1236,train,100000,100000.00000000004,-4.3655745685100555e-11
78,train,6500,6500.000000000003,-2.7284841053187847e-12
2858,train,6000,6000.000000000005,-4.547473508864641e-12
2368,train,14000,13999.999999999995,5.4569682106375694e-12
718,train,60000,60000.000000000015,-1.4551915228366852e-11
3231,train,8500,8500.000000000005,-5.4569682106375694e-12
1476,train,22000,21999.999999999993,7.275957614183426e-12
1553,train,17000,16999.99999999999,1.0913936421275139e-11
1628,train,10000,10000.00000000001,-9.094947017729282e-12
2685,train,13000,12999.999999999995,5.4569682106375694e-12
4066,train,57000,57000.000000000044,-4.3655745685100555e-11
3454,train,8000,8000.0000000000055,-5.4569682106375694e-12
1375,train,69000,68999.99999999997,2.9103830456733704e-11
4255,train,17000,16999.99999999999,1.0913936421275139e-11
3036,train,12000,11999.999999999998,1.8189894035458565e-12
2746,train,30000,29999.99999999999,1.0913936421275139e-11
4206,train,15000,14999.99999999999,9.094947017729282e-12
3031,train,11000,10999.999999999993,7.275957614183426e-12
3654,train,9300,9300.000000000005,-5.4569682106375694e-12
110,train,8000,8000.0000000000055,-5.4569682106375694e-12
3694,train,7500,7500.0000000000055,-5.4569682106375694e-12
4580,train,13000,12999.999999999995,5.4569682106375694e-12
4516,train,11000,10999.999999999993,7.275957614183426e-12
4538,train,5000,5000.000000000003,-2.7284841053187847e-12
685,train,27000,26999.999999999978,2.1827872842550278e-11
1929,train,22000,21999.999999999993,7.275957614183426e-12
8,train,26000,25999.999999999985,1.4551915228366852e-11
4442,train,15500,15500.00000000001,-9.094947017729282e-12
2853,train,10000,10000.00000000001,-9.094947017729282e-12
4511,train,45000,44999.999999999985,1.4551915228366852e-11
324,train,16000,16000.000000000002,-1.8189894035458565e-12
2635,train,15000,14999.99999999999,9.094947017729282e-12
2276,train,20000,20000.000000000015,-1.4551915228366852e-11
3794,train,18000,17999.999999999993,7.275957614183426e-12
1128,train,55000,55000.00000000004,-3.637978807091713e-11
3308,train,26000,25999.999999999985,1.4551915228366852e-11
4551,train,15000,14999.99999999999,9.094947017729282e-12
2103,train,12000,11999.999999999998,1.8189894035458565e-12
3562,train,8000,8000.0000000000055,-5.4569682106375694e-12
2631,train,22000,21999.999999999993,7.275957614183426e-12
1438,train,66000,66000.0,0.0
4149,train,18000,17999.999999999993,7.275957614183426e-12
1579,train,7000,6999.999999999998,1.8189894035458565e-12
2133,train,6000,6000.000000000005,-4.547473508864641e-12
1364,train,20000,20000.000000000015,-1.4551915228366852e-11
3137,train,34500,34499.99999999998,2.1827872842550278e-11
2881,train,30000,29999.99999999999,1.0913936421275139e-11
1335,train,49500,49500.0,0.0
1822,train,50000,50000.000000000015,-1.4551915228366852e-11
636,train,26000,25999.999999999985,1.4551915228366852e-11
4502,train,7000,6999.999999999998,1.8189894035458565e-12
3706,train,12500,12500.0,0.0
257,train,8500,8500.000000000005,-5.4569682106375694e-12
19,train,6000,6000.000000000005,-4.547473508864641e-12
860,train,90000,90000.00000000001,-1.4551915228366852e-11
2357,train,12000,11999.999999999998,1.8189894035458565e-12
183,train,11000,10999.999999999993,7.275957614183426e-12
3077,train,13500,13500.000000000004,-3.637978807091713e-12
2912,train,11000,10999.999999999993,7.275957614183426e-12
1351,train,95000,95000.00000000001,-1.4551915228366852e-11
4697,train,4500,4499.999999999999,9.094947017729282e-13
4256,train,20000,20000.000000000015,-1.4551915228366852e-11
1660,train,6500,6500.000000000003,-2.7284841053187847e-12
1656,train,63000,62999.99999999995,5.093170329928398e-11
3180,train,40000,40000.0,0.0
4675,train,7000,6999.999999999998,1.8189894035458565e-12
2303,train,35000,35000.00000000001,-7.275957614183426e-12
3963,train,9000,9000.0,0.0
83,train,20000,20000.000000000015,-1.4551915228366852e-11
3125,train,150000,150000.00000000006,-5.820766091346741e-11
3530,train,11000,10999.999999999993,7.275957614183426e-12
142,train,8000,8000.0000000000055,-5.4569682106375694e-12
3831,train,10000,10000.00000000001,-9.094947017729282e-12
1417,train,190000,189999.9999999999,8.731149137020111e-11
2609,train,30000,29999.99999999999,1.0913936421275139e-11
846,train,150000,150000.00000000006,-5.820766091346741e-11
3155,train,17000,16999.99999999999,1.0913936421275139e-11
742,train,33000,32999.99999999999,7.275957614183426e-12
1526,train,12500,12500.0,0.0
3386,train,18000,17999.999999999993,7.275957614183426e-12
1673,train,15000,14999.99999999999,9.094947017729282e-12
1166,train,90000,90000.00000000001,-1.4551915228366852e-11
1888,train,18000,17999.999999999993,7.275957614183426e-12
3200,train,45000,44999.999999999985,1.4551915228366852e-11
2467,train,36000,35999.99999999998,2.1827872842550278e-11
1716,train,15000,14999.99999999999,9.094947017729282e-12
1507,train,13000,12999.999999999995,5.4569682106375694e-12
4734,train,35000,35000.00000000001,-7.275957614183426e-12
3140,train,22000,21999.999999999993,7.275957614183426e-12
2605,train,31000,31000.000000000015,-1.4551915228366852e-11
2641,train,10000,10000.00000000001,-9.094947017729282e-12
1346,train,38000,38000.000000000015,-1.4551915228366852e-11
1645,train,17500,17500.000000000015,-1.4551915228366852e-11
311,train,9000,9000.0,0.0
924,train,62000,61999.99999999997,2.9103830456733704e-11
4125,train,17000,16999.99999999999,1.0913936421275139e-11
1062,train,130000,130000.00000000009,-8.731149137020111e-11
227,train,3000,2999.9999999999995,4.547473508864641e-13
966,train,48000,48000.00000000004,-3.637978807091713e-11
1385,train,190000,189999.9999999999,8.731149137020111e-11
508,train,60000,60000.000000000015,-1.4551915228366852e-11
2628,train,13000,12999.999999999995,5.4569682106375694e-12
2538,train,21000,20999.99999999998,1.8189894035458565e-11
605,train,130000,130000.00000000009,-8.731149137020111e-11
1903,train,11000,10999.999999999993,7.275957614183426e-12
4172,train,13000,12999.999999999995,5.4569682106375694e-12
774,train,50000,50000.000000000015,-1.4551915228366852e-11
3198,train,10000,10000.00000000001,-9.094947017729282e-12
2581,train,18000,17999.999999999993,7.275957614183426e-12
3480,train,10000,10000.00000000001,-9.094947017729282e-12
6,train,10000,10000.00000000001,-9.094947017729282e-12
692,train,50000,50000.000000000015,-1.4551915228366852e-11
2090,train,28000,28000.00000000002,-1.8189894035458565e-11
1604,train,9000,9000.0,0.0
405,train,35000,35000.00000000001,-7.275957614183426e-12
2525,train,8000,8000.0000000000055,-5.4569682106375694e-12
4184,train,9500,9500.000000000005,-5.4569682106375694e-12
3183,train,6500,6500.000000000003,-2.7284841053187847e-12
2098,train,12500,12500.0,0.0
844,train,55000,55000.00000000004,-3.637978807091713e-11
2508,train,15000,14999.99999999999,9.094947017729282e-12
1709,train,35000,35000.00000000001,-7.275957614183426e-12
4269,train,10000,10000.00000000001,-9.094947017729282e-12
1871,train,11000,10999.999999999993,7.275957614183426e-12
4673,train,18000,17999.999999999993,7.275957614183426e-12
510,train,7000,6999.999999999998,1.8189894035458565e-12
167,train,12000,11999.999999999998,1.8189894035458565e-12
3978,train,6500,6500.000000000003,-2.7284841053187847e-12
1549,train,110000,109999.99999999991,8.731149137020111e-11
922,train,62000,61999.99999999997,2.9103830456733704e-11
3637,train,13000,12999.999999999995,5.4569682106375694e-12
1530,train,12000,11999.999999999998,1.8189894035458565e-12
124,train,10000,10000.00000000001,-9.094947017729282e-12
200,train,5500,5500.000000000004,-3.637978807091713e-12
121,train,13000,12999.999999999995,5.4569682106375694e-12
1228,train,90000,90000.00000000001,-1.4551915228366852e-11
2955,train,100000,100000.00000000004,-4.3655745685100555e-11
1630,train,8000,8000.0000000000055,-5.4569682106375694e-12
1961,train,8000,8000.0000000000055,-5.4569682106375694e-12
2736,train,30000,29999.99999999999,1.0913936421275139e-11
1459,train,60000,60000.000000000015,-1.4551915228366852e-11
1927,train,17000,16999.99999999999,1.0913936421275139e-11
238,train,8500,8500.000000000005,-5.4569682106375694e-12
1285,train,60000,60000.000000000015,-1.4551915228366852e-11
4060,train,16000,16000.000000000002,-1.8189894035458565e-12
1481,train,140000,139999.9999999999,8.731149137020111e-11
4690,train,11000,10999.999999999993,7.275957614183426e-12
4588,train,45000,44999.999999999985,1.4551915228366852e-11
3499,train,10000,10000.00000000001,-9.094947017729282e-12
2150,train,28000,28000.00000000002,-1.8189894035458565e-11
3477,train,30000,29999.99999999999,1.0913936421275139e-11
445,train,10000,10000.00000000001,-9.094947017729282e-12
3234,train,8500,8500.000000000005,-5.4569682106375694e-12
4316,train,14000,13999.999999999995,5.4569682106375694e-12
97,train,10000,10000.00000000001,-9.094947017729282e-12
3391,train,25000,25000.000000000004,-3.637978807091713e-12
2584,train,13000,12999.999999999995,5.4569682106375694e-12
604,train,42000,41999.99999999999,7.275957614183426e-12
2934,train,18000,17999.999999999993,7.275957614183426e-12
1587,train,15000,14999.99999999999,9.094947017729282e-12
2757,train,23000,22999.999999999996,3.637978807091713e-12
2283,train,6500,6500.000000000003,-2.7284841053187847e-12
2287,train,18000,17999.999999999993,7.275957614183426e-12
4022,train,12000,11999.999999999998,1.8189894035458565e-12
553,train,19411,19410.99999999999,1.0913936421275139e-11
1384,train,210000,210000.0,0.0
2246,train,12000,11999.999999999998,1.8189894035458565e-12
3452,train,19000,18999.999999999985,1.4551915228366852e-11
3289,train,100000,100000.00000000004,-4.3655745685100555e-11
4266,train,15000,14999.99999999999,9.094947017729282e-12
384,train,15000,14999.99999999999,9.094947017729282e-12
482,train,10000,10000.00000000001,-9.094947017729282e-12
3663,train,16000,16000.000000000002,-1.8189894035458565e-12
472,train,10000,10000.00000000001,-9.094947017729282e-12
920,train,15000,14999.99999999999,9.094947017729282e-12
370,train,8000,8000.0000000000055,-5.4569682106375694e-12
2648,train,20000,20000.000000000015,-1.4551915228366852e-11
1390,train,26000,25999.999999999985,1.4551915228366852e-11
4036,train,13000,12999.999999999995,5.4569682106375694e-12
3254,train,7500,7500.0000000000055,-5.4569682106375694e-12
4581,train,25000,25000.000000000004,-3.637978807091713e-12
1439,train,45000,44999.999999999985,1.4551915228366852e-11
21,train,9000,9000.0,0.0
3661,train,16000,16000.000000000002,-1.8189894035458565e-12
1559,train,15000,13964.242604408983,1035.7573955910175
2927,train,6000,6000.000000000005,-4.547473508864641e-12
1075,train,75000,75000.00000000004,-4.3655745685100555e-11
1174,train,65000,64999.999999999956,4.3655745685100555e-11
3635,train,25000,25000.000000000004,-3.637978807091713e-12
211,train,7500,7500.0000000000055,-5.4569682106375694e-12
365,train,12000,11999.999999999998,1.8189894035458565e-12
4338,train,9000,9000.0,0.0
3147,train,12000,11999.999999999998,1.8189894035458565e-12
830,train,23000,22999.999999999996,3.637978807091713e-12
3987,train,18000,17999.999999999993,7.275957614183426e-12
160,train,9500,9500.000000000005,-5.4569682106375694e-12
1772,train,3500,3499.9999999999977,2.2737367544323206e-12
3189,train,10000,10000.00000000001,-9.094947017729282e-12
4306,train,32000,31999.999999999993,7.275957614183426e-12
1920,train,7000,6999.999999999998,1.8189894035458565e-12
953,train,40000,40000.0,0.0
637,train,60000,60000.000000000015,-1.4551915228366852e-11
3068,train,7500,7500.0000000000055,-5.4569682106375694e-12
623,train,25000,25000.000000000004,-3.637978807091713e-12
1551,train,20000,20000.000000000015,-1.4551915228366852e-11
756,train,330000,330000.0000000001,-1.1641532182693481e-10
668,train,50000,50000.000000000015,-1.4551915228366852e-11
1361,train,34000,33999.99999999999,7.275957614183426e-12
1600,train,10000,10000.00000000001,-9.094947017729282e-12
2565,train,18500,18500.0,0.0
4542,train,25000,25000.000000000004,-3.637978807091713e-12
1525,train,7000,6999.999999999998,1.8189894035458565e-12
2999,train,15000,14999.99999999999,9.094947017729282e-12
319,train,5000,5000.000000000003,-2.7284841053187847e-12
3882,train,14000,13999.999999999995,5.4569682106375694e-12
2451,train,35000,35000.00000000001,-7.275957614183426e-12
944,train,40000,40000.0,0.0
4383,train,12000,11999.999999999998,1.8189894035458565e-12
4224,train,10000,10000.00000000001,-9.094947017729282e-12
426,train,6000,6000.000000000005,-4.547473508864641e-12
4373,train,15000,14999.99999999999,9.094947017729282e-12
1502,train,25000,25000.000000000004,-3.637978807091713e-12
3463,train,50000,50000.000000000015,-1.4551915228366852e-11
4301,train,10000,10000.00000000001,-9.094947017729282e-12
4467,train,12000,11999.999999999998,1.8189894035458565e-12
3139,train,330000,330000.0000000001,-1.1641532182693481e-10
1825,train,120000,120000.00000000004,-4.3655745685100555e-11
3325,train,5000,5000.000000000003,-2.7284841053187847e-12
386,train,7000,6999.999999999998,1.8189894035458565e-12
2385,train,90000,90000.00000000001,-1.4551915228366852e-11
3228,train,9000,9000.0,0.0
1286,train,19000,18999.999999999985,1.4551915228366852e-11
385,train,5000,5000.000000000003,-2.7284841053187847e-12
3516,train,23000,22999.999999999996,3.637978807091713e-12
4096,train,13000,12999.999999999995,5.4569682106375694e-12
1003,train,140000,139999.9999999999,8.731149137020111e-11
4566,train,50000,50000.000000000015,-1.4551915228366852e-11
2005,train,14000,13999.999999999995,5.4569682106375694e-12
4654,train,16000,16000.000000000002,-1.8189894035458565e-12
3951,train,8000,8000.0000000000055,-5.4569682106375694e-12
2805,train,9000,9000.0,0.0
2418,train,12000,11999.999999999998,1.8189894035458565e-12
1269,train,65000,64999.999999999956,4.3655745685100555e-11
461,train,34000,33999.99999999999,7.275957614183426e-12
2217,train,11000,10999.999999999993,7.275957614183426e-12
3471,train,8500,8500.000000000005,-5.4569682106375694e-12
4034,train,4500,4499.999999999999,9.094947017729282e-13
3981,train,4000,4000.0000000000014,-1.3642420526593924e-12
640,train,35000,35000.00000000001,-7.275957614183426e-12
559,train,110000,109999.99999999991,8.731149137020111e-11
3324,train,18000,17999.999999999993,7.275957614183426e-12
3133,train,10000,10000.00000000001,-9.094947017729282e-12
3095,train,20000,20000.000000000015,-1.4551915228366852e-11
1190,train,35000,35000.00000000001,-7.275957614183426e-12
1499,train,13000,12999.999999999995,5.4569682106375694e-12
3716,train,9500,9500.000000000005,-5.4569682106375694e-12
3374,train,15000,14999.99999999999,9.094947017729282e-12
290,train,10000,10000.00000000001,-9.094947017729282e-12
3586,train,6500,6500.000000000003,-2.7284841053187847e-12
2852,train,18000,17999.999999999993,7.275957614183426e-12
1026,train,65000,64999.999999999956,4.3655745685100555e-11
1401,train,22000,21999.999999999993,7.275957614183426e-12
297,train,5000,5000.000000000003,-2.7284841053187847e-12
4407,train,52000,52000.000000000044,-4.3655745685100555e-11
1300,train,260000,259999.9999999998,2.0372681319713593e-10
1323,train,22000,21999.999999999993,7.275957614183426e-12
2507,train,52000,52000.000000000044,-4.3655745685100555e-11
3280,train,47500,47500.000000000015,-1.4551915228366852e-11
2061,train,9000,9000.0,0.0
4005,train,9500,9500.000000000005,-5.4569682106375694e-12
3544,train,72000,71999.99999999996,4.3655745685100555e-11
411,train,6000,6000.000000000005,-4.547473508864641e-12
2009,train,30000,29999.99999999999,1.0913936421275139e-11
2187,train,34000,33999.99999999999,7.275957614183426e-12
2346,train,30000,29999.99999999999,1.0913936421275139e-11
2709,train,15000,14999.99999999999,9.094947017729282e-12
3689,train,8500,8500.000000000005,-5.4569682106375694e-12
3087,train,30000,29999.99999999999,1.0913936421275139e-11
4041,train,8000,8000.0000000000055,-5.4569682106375694e-12
891,train,55000,55000.00000000004,-3.637978807091713e-11
3795,train,37000,37000.00000000001,-7.275957614183426e-12
2567,train,11000,10999.999999999993,7.275957614183426e-12
3517,train,17000,16999.99999999999,1.0913936421275139e-11
1234,train,100000,100000.00000000004,-4.3655745685100555e-11
224,train,8500,8500.000000000005,-5.4569682106375694e-12
1256,train,28500,28500.0,0.0
3559,train,6166,6166.000000000004,-3.637978807091713e-12
3523,train,25000,25000.000000000004,-3.637978807091713e-12
2296,train,14000,13999.999999999995,5.4569682106375694e-12
2512,train,16000,16000.000000000002,-1.8189894035458565e-12
2863,train,20000,20000.000000000015,-1.4551915228366852e-11
816,train,45000,44999.999999999985,1.4551915228366852e-11
750,train,10000,10000.00000000001,-9.094947017729282e-12
2622,train,10000,10000.00000000001,-9.094947017729282e-12
719,train,20000,20000.000000000015,-1.4551915228366852e-11
9,train,10000,10000.00000000001,-9.094947017729282e-12
1353,train,34000,33999.99999999999,7.275957614183426e-12
2582,train,17000,16999.99999999999,1.0913936421275139e-11
2018,train,5000,5000.000000000003,-2.7284841053187847e-12
1921,train,13000,12999.999999999995,5.4569682106375694e-12
254,train,8000,8000.0000000000055,-5.4569682106375694e-12
881,train,34000,33999.99999999999,7.275957614183426e-12
3075,train,6000,6000.000000000005,-4.547473508864641e-12
3687,train,12000,11999.999999999998,1.8189894035458565e-12
3269,train,28000,28000.00000000002,-1.8189894035458565e-11
766,train,95000,95000.00000000001,-1.4551915228366852e-11
2646,train,17401,17401.00000000001,-1.0913936421275139e-11
3844,train,18000,17999.999999999993,7.275957614183426e-12
740,train,33000,32999.99999999999,7.275957614183426e-12
378,train,6500,6500.000000000003,-2.7284841053187847e-12
2872,train,12000,11999.999999999998,1.8189894035458565e-12
2850,train,16500,16499.999999999993,7.275957614183426e-12
2473,train,12000,11999.999999999998,1.8189894035458565e-12
1497,train,10000,10000.00000000001,-9.094947017729282e-12
4000,train,32000,31999.999999999993,7.275957614183426e-12
3988,train,14500,14500.000000000004,-3.637978807091713e-12
1698,train,9000,9000.0,0.0
2255,train,35000,35000.00000000001,-7.275957614183426e-12
2247,train,30000,29999.99999999999,1.0913936421275139e-11
1631,train,12000,11999.999999999998,1.8189894035458565e-12
1641,train,12000,11999.999999999998,1.8189894035458565e-12
4408,train,9500,9500.000000000005,-5.4569682106375694e-12
3696,train,26000,25999.999999999985,1.4551915228366852e-11
2868,train,28000,28000.00000000002,-1.8189894035458565e-11
1252,train,180000,180000.00000000003,-2.9103830456733704e-11
3751,train,15000,14999.99999999999,9.094947017729282e-12
1451,train,75000,75000.00000000004,-4.3655745685100555e-11
4050,train,35000,35000.00000000001,-7.275957614183426e-12
2314,train,22000,21999.999999999993,7.275957614183426e-12
111,train,6000,6000.000000000005,-4.547473508864641e-12
2367,train,100000,100000.00000000004,-4.3655745685100555e-11
4232,train,150000,150000.00000000006,-5.820766091346741e-11
670,train,50000,50000.000000000015,-1.4551915228366852e-11
317,train,5000,5000.000000000003,-2.7284841053187847e-12
1779,train,20000,20000.000000000015,-1.4551915228366852e-11
3674,train,40000,40000.0,0.0
4672,train,20000,20000.000000000015,-1.4551915228366852e-11
1648,train,7500,7500.0000000000055,-5.4569682106375694e-12
338,train,7000,6999.999999999998,1.8189894035458565e-12
1296,train,17000,16999.99999999999,1.0913936421275139e-11
218,train,7500,7500.0000000000055,-5.4569682106375694e-12
4591,train,37000,37000.00000000001,-7.275957614183426e-12
4587,train,40000,40000.0,0.0
802,train,30000,29999.99999999999,1.0913936421275139e-11
1555,train,6000,6000.000000000005,-4.547473508864641e-12
4477,train,9000,9000.0,0.0
673,train,25000,25000.000000000004,-3.637978807091713e-12
3782,train,11000,10999.999999999993,7.275957614183426e-12
2310,train,35000,35000.00000000001,-7.275957614183426e-12
1982,train,20000,20000.000000000015,-1.4551915228366852e-11
4494,train,25000,25000.000000000004,-3.637978807091713e-12
1469,train,35000,35000.00000000001,-7.275957614183426e-12
1592,train,35000,35000.00000000001,-7.275957614183426e-12
1958,train,7000,6999.999999999998,1.8189894035458565e-12
1176,train,43000,43000.00000000002,-2.1827872842550278e-11
4611,train,7500,7984.361669955858,-484.3616699558579
593,train,30000,29999.99999999999,1.0913936421275139e-11
2117,train,60000,60000.000000000015,-1.4551915228366852e-11
3685,train,13000,12999.999999999995,5.4569682106375694e-12
2571,train,22000,21999.999999999993,7.275957614183426e-12
3176,train,7500,7500.0000000000055,-5.4569682106375694e-12
309,train,7000,6999.999999999998,1.8189894035458565e-12
4608,train,11000,10999.999999999993,7.275957614183426e-12
3259,train,8000,8000.0000000000055,-5.4569682106375694e-12
4393,train,10000,10000.00000000001,-9.094947017729282e-12
1030,train,120000,120000.00000000004,-4.3655745685100555e-11
3367,train,6000,6000.000000000005,-4.547473508864641e-12
469,train,9500,9500.000000000005,-5.4569682106375694e-12
2299,train,12000,11999.999999999998,1.8189894035458565e-12
787,train,200000,199999.99999999997,2.9103830456733704e-11
2623,train,15000,14999.99999999999,9.094947017729282e-12
2819,train,35000,35000.00000000001,-7.275957614183426e-12
3293,train,46000,46000.000000000044,-4.3655745685100555e-11
2111,train,32000,31999.999999999993,7.275957614183426e-12
4562,train,16000,16000.000000000002,-1.8189894035458565e-12
3389,train,9000,9000.0,0.0
1619,train,18000,17999.999999999993,7.275957614183426e-12
1962,train,52000,52000.000000000044,-4.3655745685100555e-11
4179,train,12000,11999.999999999998,1.8189894035458565e-12
4131,train,52000,52000.000000000044,-4.3655745685100555e-11
2031,train,25000,25000.000000000004,-3.637978807091713e-12
1919,train,12500,12500.0,0.0
4123,train,14000,13999.999999999995,5.4569682106375694e-12
3028,train,45000,44999.999999999985,1.4551915228366852e-11
1705,train,18000,17999.999999999993,7.275957614183426e-12
800,train,35000,35000.00000000001,-7.275957614183426e-12
2756,train,19000,18999.999999999985,1.4551915228366852e-11
2264,train,6000,6000.000000000005,-4.547473508864641e-12
1115,train,24000,23999.99999999999,1.0913936421275139e-11
3779,train,9000,9000.0,0.0
229,train,18000,17999.999999999993,7.275957614183426e-12
259,train,7000,6999.999999999998,1.8189894035458565e-12
1395,train,180000,180000.00000000003,-2.9103830456733704e-11
1720,train,11500,11499.999999999998,1.8189894035458565e-12
1186,train,270000,270000.00000000006,-5.820766091346741e-11
681,train,150000,150000.00000000006,-5.820766091346741e-11
3783,train,140000,139999.9999999999,8.731149137020111e-11
2250,train,6000,6000.000000000005,-4.547473508864641e-12
904,train,100000,100000.00000000004,-4.3655745685100555e-11
3776,train,12000,11999.999999999998,1.8189894035458565e-12
360,train,5000,5000.000000000003,-2.7284841053187847e-12
1287,train,140000,139999.9999999999,8.731149137020111e-11
3660,train,10000,10000.00000000001,-9.094947017729282e-12
3113,train,49000,49000.00000000002,-2.1827872842550278e-11
2227,train,50000,50000.000000000015,-1.4551915228366852e-11
4605,train,10000,10000.00000000001,-9.094947017729282e-12
2960,train,5000,5000.000000000003,-2.7284841053187847e-12
3622,train,14000,13999.999999999995,5.4569682106375694e-12
2376,train,30000,29999.99999999999,1.0913936421275139e-11
305,train,3000,2999.9999999999995,4.547473508864641e-13
505,train,2200,2200.0,0.0
3274,train,5000,5000.000000000003,-2.7284841053187847e-12
1112,train,200000,199999.99999999997,2.9103830456733704e-11
2799,train,90000,90000.00000000001,-1.4551915228366852e-11
214,train,6000,6000.000000000005,-4.547473508864641e-12
3592,train,15000,14999.99999999999,9.094947017729282e-12
1947,train,15000,14999.99999999999,9.094947017729282e-12
865,train,75000,75000.00000000004,-4.3655745685100555e-11
3524,train,16500,16499.999999999993,7.275957614183426e-12
326,train,8000,8000.0000000000055,-5.4569682106375694e-12
3154,train,11000,10999.999999999993,7.275957614183426e-12
2788,train,21000,14491.44634283667,6508.553657163329
1111,train,18500,18500.0,0.0
4153,train,28000,28000.00000000002,-1.8189894035458565e-11
2657,train,27000,26999.999999999978,2.1827872842550278e-11
834,train,220000,219999.99999999983,1.7462298274040222e-10
839,train,65000,64999.999999999956,4.3655745685100555e-11
2694,train,15000,14999.99999999999,9.094947017729282e-12
1836,train,30000,29999.99999999999,1.0913936421275139e-11
3397,train,16000,16000.000000000002,-1.8189894035458565e-12
328,train,8000,8000.0000000000055,-5.4569682106375694e-12
1376,train,120000,120000.00000000004,-4.3655745685100555e-11
942,train,5500,5500.000000000004,-3.637978807091713e-12
1223,train,46000,46000.000000000044,-4.3655745685100555e-11
3537,train,25000,25000.000000000004,-3.637978807091713e-12
1690,train,23000,22999.999999999996,3.637978807091713e-12
2563,train,12000,11999.999999999998,1.8189894035458565e-12
1975,train,20000,20000.000000000015,-1.4551915228366852e-11
2836,train,130000,130000.00000000009,-8.731149137020111e-11
351,train,7000,6999.999999999998,1.8189894035458565e-12
4290,train,20000,20000.000000000015,-1.4551915228366852e-11
2046,train,42500,42500.00000000003,-2.9103830456733704e-11
4510,train,8000,8000.0000000000055,-5.4569682106375694e-12
1618,train,8500,8500.000000000005,-5.4569682106375694e-12
1066,train,30000,29999.99999999999,1.0913936421275139e-11
1276,train,23000,22999.999999999996,3.637978807091713e-12
1558,train,8000,8000.0000000000055,-5.4569682106375694e-12
39,train,10000,10000.00000000001,-9.094947017729282e-12
270,train,5500,5500.000000000004,-3.637978807091713e-12
2435,train,9500,9500.000000000005,-5.4569682106375694e-12
4635,train,45000,44999.999999999985,1.4551915228366852e-11
1035,train,350000,349999.9999999997,2.9103830456733704e-10
854,train,32000,31999.999999999993,7.275957614183426e-12
69,train,7500,7500.0000000000055,-5.4569682106375694e-12
3066,train,8000,10954.500947012866,-2954.500947012866
1838,train,8000,8000.0000000000055,-5.4569682106375694e-12
2795,train,8000,8000.0000000000055,-5.4569682106375694e-12
1238,train,84500,84499.99999999994,5.820766091346741e-11
1599,train,13000,12999.999999999995,5.4569682106375694e-12
3796,train,18000,17999.999999999993,7.275957614183426e-12
4633,train,16000,16000.000000000002,-1.8189894035458565e-12
3225,train,8500,8500.000000000005,-5.4569682106375694e-12
991,train,53000,53000.00000000002,-2.1827872842550278e-11
1091,train,46000,46000.000000000044,-4.3655745685100555e-11
3571,train,15000,14999.99999999999,9.094947017729282e-12
2463,train,12500,12500.0,0.0
4401,train,32000,31999.999999999993,7.275957614183426e-12
1466,train,90000,90000.00000000001,-1.4551915228366852e-11
665,train,350000,349999.9999999997,2.9103830456733704e-10
1288,train,30000,29999.99999999999,1.0913936421275139e-11
3977,train,22000,21999.999999999993,7.275957614183426e-12
1080,train,40000,40000.0,0.0
1849,train,6000,6000.000000000005,-4.547473508864641e-12
3577,train,23000,22999.999999999996,3.637978807091713e-12
4529,train,42000,41999.99999999999,7.275957614183426e-12
4300,train,30000,29999.99999999999,1.0913936421275139e-11
698,train,140000,139999.9999999999,8.731149137020111e-11
3778,train,35000,35000.00000000001,-7.275957614183426e-12
921,train,260000,259999.9999999998,2.0372681319713593e-10
1674,train,12000,11999.999999999998,1.8189894035458565e-12
2107,train,6500,6500.000000000003,-2.7284841053187847e-12
2446,train,70000,70000.00000000001,-1.4551915228366852e-11
2861,train,13000,12999.999999999995,5.4569682106375694e-12
2459,train,25000,25000.000000000004,-3.637978807091713e-12
2008,train,43000,43000.00000000002,-2.1827872842550278e-11
4476,train,6200,6200.000000000005,-4.547473508864641e-12
3179,train,12000,11999.999999999998,1.8189894035458565e-12
3497,train,20000,20000.000000000015,-1.4551915228366852e-11
3533,train,9000,9000.0,0.0
1782,train,15000,14999.99999999999,9.094947017729282e-12
2118,train,8500,8500.000000000005,-5.4569682106375694e-12
1789,train,30000,29999.99999999999,1.0913936421275139e-11
215,train,20000,20000.000000000015,-1.4551915228366852e-11
2699,train,14000,13999.999999999995,5.4569682106375694e-12
1804,train,16500,16499.999999999993,7.275957614183426e-12
1386,train,25000,25000.000000000004,-3.637978807091713e-12
859,train,25000,25000.000000000004,-3.637978807091713e-12
3405,train,20000,20000.000000000015,-1.4551915228366852e-11
582,train,89000,89000.00000000004,-4.3655745685100555e-11
4285,train,6500,6500.000000000003,-2.7284841053187847e-12
3565,train,14000,13999.999999999995,5.4569682106375694e-12
3798,train,10000,10000.00000000001,-9.094947017729282e-12
1489,train,35000,35000.00000000001,-7.275957614183426e-12
964,train,95000,95000.00000000001,-1.4551915228366852e-11
1543,train,23000,22999.999999999996,3.637978807091713e-12
4428,train,7000,6999.999999999998,1.8189894035458565e-12
2108,train,13500,13500.000000000004,-3.637978807091713e-12
1431,train,85000,84999.99999999996,4.3655745685100555e-11
296,train,10000,10000.00000000001,-9.094947017729282e-12
2164,train,11000,10999.999999999993,7.275957614183426e-12
4732,train,15000,14999.99999999999,9.094947017729282e-12
1092,train,35000,35000.00000000001,-7.275957614183426e-12
2989,train,29000,28999.999999999996,3.637978807091713e-12
1372,train,34000,33999.99999999999,7.275957614183426e-12
2271,train,6000,6000.000000000005,-4.547473508864641e-12
2491,train,27000,26999.999999999978,2.1827872842550278e-11
557,train,68000,67999.99999999999,1.4551915228366852e-11
849,train,180000,180000.00000000003,-2.9103830456733704e-11
4208,train,25000,25000.000000000004,-3.637978807091713e-12
3162,train,8000,8000.0000000000055,-5.4569682106375694e-12
3,train,10000,10000.00000000001,-9.094947017729282e-12
4395,train,10000,10000.00000000001,-9.094947017729282e-12
930,train,150000,150000.00000000006,-5.820766091346741e-11
1670,train,15000,14999.99999999999,9.094947017729282e-12
128,train,4700,4700.000000000002,-1.8189894035458565e-12
4564,train,20000,20000.000000000015,-1.4551915228366852e-11
192,train,10000,10000.00000000001,-9.094947017729282e-12
4221,train,11000,10999.999999999993,7.275957614183426e-12
3688,train,25000,25000.000000000004,-3.637978807091713e-12
3359,train,9500,9500.000000000005,-5.4569682106375694e-12
4180,train,10000,10000.00000000001,-9.094947017729282e-12
196,train,5200,5200.000000000001,-9.094947017729282e-13
455,train,7000,6999.999999999998,1.8189894035458565e-12
3936,train,55000,55000.00000000004,-3.637978807091713e-11
2190,train,12000,11999.999999999998,1.8189894035458565e-12
3365,train,13000,12999.999999999995,5.4569682106375694e-12
2237,train,35000,35000.00000000001,-7.275957614183426e-12
487,train,6000,6000.000000000005,-4.547473508864641e-12
520,train,25000,25000.000000000004,-3.637978807091713e-12
501,train,14000,13999.999999999995,5.4569682106375694e-12
4495,train,14000,13999.999999999995,5.4569682106375694e-12
957,train,16000,16000.000000000002,-1.8189894035458565e-12
2816,train,31500,31499.999999999996,3.637978807091713e-12
4505,train,8500,8500.000000000005,-5.4569682106375694e-12
3429,train,22000,21999.999999999993,7.275957614183426e-12
1870,train,11000,10999.999999999993,7.275957614183426e-12
1812,train,12000,11999.999999999998,1.8189894035458565e-12
682,train,27000,26999.999999999978,2.1827872842550278e-11
2629,train,6000,6000.000000000005,-4.547473508864641e-12
3100,train,9000,9000.0,0.0
2692,train,50000,50000.000000000015,-1.4551915228366852e-11
799,train,70000,70000.00000000001,-1.4551915228366852e-11
2897,train,9000,9000.0,0.0
4018,train,17000,16999.99999999999,1.0913936421275139e-11
3908,train,9000,9000.0,0.0
2506,train,35000,35000.00000000001,-7.275957614183426e-12
125,train,18000,17999.999999999993,7.275957614183426e-12
1072,train,54500,54499.99999999998,2.1827872842550278e-11
2568,train,52000,52000.000000000044,-4.3655745685100555e-11
180,train,15000,14999.99999999999,9.094947017729282e-12
1755,train,6000,6000.000000000005,-4.547473508864641e-12
1258,train,270000,270000.00000000006,-5.820766091346741e-11
1201,train,35000,35000.00000000001,-7.275957614183426e-12
843,train,56000,56000.000000000044,-4.3655745685100555e-11
3281,train,7500,7500.0000000000055,-5.4569682106375694e-12
241,train,9000,9000.0,0.0
717,train,8500,8500.000000000005,-5.4569682106375694e-12
3127,train,18000,17999.999999999993,7.275957614183426e-12
2212,train,9000,9000.0,0.0
4309,train,20000,20000.000000000015,-1.4551915228366852e-11
4092,train,11000,10999.999999999993,7.275957614183426e-12
619,train,50000,50000.000000000015,-1.4551915228366852e-11
3023,train,10000,10000.00000000001,-9.094947017729282e-12
2705,train,17000,16999.99999999999,1.0913936421275139e-11
798,train,150000,150000.00000000006,-5.820766091346741e-11
749,train,80000,80000.0,0.0
1130,train,33000,32999.99999999999,7.275957614183426e-12
1758,train,27500,27499.99999999998,1.8189894035458565e-11
2651,train,13000,12999.999999999995,5.4569682106375694e-12
2224,train,6200,6200.000000000005,-4.547473508864641e-12
596,train,47000,46999.99999999999,7.275957614183426e-12
235,train,15000,14999.99999999999,9.094947017729282e-12
458,train,15000,14999.99999999999,9.094947017729282e-12
2011,train,15000,14999.99999999999,9.094947017729282e-12
318,train,14000,13999.999999999995,5.4569682106375694e-12
3683,train,13500,13500.000000000004,-3.637978807091713e-12
4461,train,15000,14999.99999999999,9.094947017729282e-12
22,train,4000,4000.0000000000014,-1.3642420526593924e-12
4471,train,15000,14999.99999999999,9.094947017729282e-12
1795,train,7000,6999.999999999998,1.8189894035458565e-12
4177,train,12000,11999.999999999998,1.8189894035458565e-12
4163,train,15000,14999.99999999999,9.094947017729282e-12
2396,train,10000,10000.00000000001,-9.094947017729282e-12
4190,train,5500,5500.000000000004,-3.637978807091713e-12
2939,train,23000,22999.999999999996,3.637978807091713e-12
836,train,35000,35000.00000000001,-7.275957614183426e-12
1686,train,10000,10000.00000000001,-9.094947017729282e-12
1024,train,9400,9400.000000000002,-1.8189894035458565e-12
3328,train,30000,29999.99999999999,1.0913936421275139e-11
3486,train,6000,6000.000000000005,-4.547473508864641e-12
3079,train,15000,14999.99999999999,9.094947017729282e-12
2867,train,25000,25000.000000000004,-3.637978807091713e-12
1739,train,45000,44999.999999999985,1.4551915228366852e-11
4425,train,16000,16000.000000000002,-1.8189894035458565e-12
3758,train,11500,11499.999999999998,1.8189894035458565e-12
519,train,12000,11999.999999999998,1.8189894035458565e-12
291,train,14000,13999.999999999995,5.4569682106375694e-12
2377,train,14000,13999.999999999995,5.4569682106375694e-12
1161,train,85000,84999.99999999996,4.3655745685100555e-11
4211,train,3000,2999.9999999999995,4.547473508864641e-13
693,train,55000,55000.00000000004,-3.637978807091713e-11
1572,train,180000,180000.00000000003,-2.9103830456733704e-11
4569,train,25000,25000.000000000004,-3.637978807091713e-12
1582,train,15000,14999.99999999999,9.094947017729282e-12
2291,train,22000,21999.999999999993,7.275957614183426e-12
2869,train,22000,21999.999999999993,7.275957614183426e-12
1250,train,13000,12999.999999999995,5.4569682106375694e-12
538,train,33500,33499.99999999998,2.1827872842550278e-11
841,train,280000,280000.0,0.0
1635,train,11000,10999.999999999993,7.275957614183426e-12
1162,train,110000,109999.99999999991,8.731149137020111e-11
3221,train,65000,64999.999999999956,4.3655745685100555e-11
1032,train,130000,130000.00000000009,-8.731149137020111e-11
2919,train,30000,29999.99999999999,1.0913936421275139e-11
1767,train,9000,9000.0,0.0
464,train,7000,6999.999999999998,1.8189894035458565e-12
3765,train,14000,13999.999999999995,5.4569682106375694e-12
2322,train,15000,14999.99999999999,9.094947017729282e-12
4086,train,20000,20000.000000000015,-1.4551915228366852e-11
3247,train,9000,9000.0,0.0
3924,train,24000,23999.99999999999,1.0913936421275139e-11
4439,train,20000,20000.000000000015,-1.4551915228366852e-11
3012,train,7000,6999.999999999998,1.8189894035458565e-12
3466,train,10000,10000.00000000001,-9.094947017729282e-12
591,train,45000,44999.999999999985,1.4551915228366852e-11
2987,train,12000,11999.999999999998,1.8189894035458565e-12
470,train,1800,1800.0,0.0
1440,train,22000,21999.999999999993,7.275957614183426e-12
840,train,45000,44999.999999999985,1.4551915228366852e-11
3518,train,8500,8500.000000000005,-5.4569682106375694e-12
2918,train,24000,23999.99999999999,1.0913936421275139e-11
488,train,18000,17999.999999999993,7.275957614183426e-12
3016,train,4500,4499.999999999999,9.094947017729282e-13
3442,train,9500,9500.000000000005,-5.4569682106375694e-12
3997,train,13000,12999.999999999995,5.4569682106375694e-12
4458,train,13000,12999.999999999995,5.4569682106375694e-12
2724,train,5000,5000.000000000003,-2.7284841053187847e-12
1103,train,70000,70000.00000000001,-1.4551915228366852e-11
4001,train,15000,14999.99999999999,9.094947017729282e-12
3940,train,7000,6999.999999999998,1.8189894035458565e-12
795,train,18500,18500.0,0.0
4288,train,3300,3299.999999999998,1.8189894035458565e-12
704,train,40000,40000.0,0.0
4347,train,7500,7500.0000000000055,-5.4569682106375694e-12
3790,train,70000,70000.00000000001,-1.4551915228366852e-11
3676,train,18000,17999.999999999993,7.275957614183426e-12
1319,train,12000,11999.999999999998,1.8189894035458565e-12
2270,train,60000,60000.000000000015,-1.4551915228366852e-11
3786,train,250000,249999.9999999998,2.0372681319713593e-10
1291,train,85000,84999.99999999996,4.3655745685100555e-11
1414,train,85000,84999.99999999996,4.3655745685100555e-11
2139,train,7500,7500.0000000000055,-5.4569682106375694e-12
3119,train,11000,10999.999999999993,7.275957614183426e-12
1965,train,22000,21999.999999999993,7.275957614183426e-12
4725,train,18000,17999.999999999993,7.275957614183426e-12
2173,train,12000,11999.999999999998,1.8189894035458565e-12
558,train,30000,29999.99999999999,1.0913936421275139e-11
1845,train,13000,12999.999999999995,5.4569682106375694e-12
1634,train,8000,8000.0000000000055,-5.4569682106375694e-12
431,train,23000,22999.999999999996,3.637978807091713e-12
2439,train,30000,29999.99999999999,1.0913936421275139e-11
3543,train,12000,11999.999999999998,1.8189894035458565e-12
349,train,6000,6000.000000000005,-4.547473508864641e-12
53,train,15000,14999.99999999999,9.094947017729282e-12
3632,train,10000,10000.00000000001,-9.094947017729282e-12
50,train,7500,7500.0000000000055,-5.4569682106375694e-12
4412,train,9000,9000.0,0.0
3284,train,7000,6999.999999999998,1.8189894035458565e-12
2905,train,12100,12100.000000000011,-1.0913936421275139e-11
1418,train,20000,20000.000000000015,-1.4551915228366852e-11
2157,train,12000,11999.999999999998,1.8189894035458565e-12
1302,train,45000,44999.999999999985,1.4551915228366852e-11
1859,train,50000,50000.000000000015,-1.4551915228366852e-11
3539,train,14000,13999.999999999995,5.4569682106375694e-12
1993,train,30000,29999.99999999999,1.0913936421275139e-11
28,train,8500,8500.000000000005,-5.4569682106375694e-12
2092,train,9000,9000.0,0.0
3243,train,25000,25000.000000000004,-3.637978807091713e-12
3682,train,9500,9500.000000000005,-5.4569682106375694e-12
3453,train,37500,37500.00000000001,-7.275957614183426e-12
1260,train,26000,25999.999999999985,1.4551915228366852e-11
1424,train,22000,21999.999999999993,7.275957614183426e-12
3440,train,14000,13999.999999999995,5.4569682106375694e-12
1933,train,8000,8000.0000000000055,-5.4569682106375694e-12
204,train,5000,5000.000000000003,-2.7284841053187847e-12
3010,train,20000,20000.000000000015,-1.4551915228366852e-11
4540,train,7000,6999.999999999998,1.8189894035458565e-12
2803,train,4000,4000.0000000000014,-1.3642420526593924e-12
3854,train,26000,25999.999999999985,1.4551915228366852e-11
1301,train,32000,31999.999999999993,7.275957614183426e-12
4160,train,14000,13999.999999999995,5.4569682106375694e-12
1237,train,79500,79500.00000000004,-4.3655745685100555e-11
3057,train,6000,6000.000000000005,-4.547473508864641e-12
1792,train,20000,20000.000000000015,-1.4551915228366852e-11
977,train,23000,22999.999999999996,3.637978807091713e-12
2216,train,11000,10999.999999999993,7.275957614183426e-12
2913,train,40000,40000.0,0.0
1437,train,75000,75000.00000000004,-4.3655745685100555e-11
2693,train,20000,20000.000000000015,-1.4551915228366852e-11
4679,train,20000,20000.000000000015,-1.4551915228366852e-11
1639,train,8000,8000.0000000000055,-5.4569682106375694e-12
3449,train,15000,14999.99999999999,9.094947017729282e-12
542,train,400000,399999.9999999999,1.1641532182693481e-10
1362,train,170000,170000.00000000012,-1.1641532182693481e-10
2415,train,80000,80000.0,0.0
3002,train,15000,14999.99999999999,9.094947017729282e-12
2404,train,14900,14899.999999999993,7.275957614183426e-12
4664,train,8000,8000.0000000000055,-5.4569682106375694e-12
2259,train,30000,29999.99999999999,1.0913936421275139e-11
2901,train,23000,22999.999999999996,3.637978807091713e-12
2497,train,7000,6999.999999999998,1.8189894035458565e-12
1330,train,16000,16000.000000000002,-1.8189894035458565e-12
2993,train,14000,13999.999999999995,5.4569682106375694e-12
3712,train,23000,22999.999999999996,3.637978807091713e-12
3756,train,16000,16000.000000000002,-1.8189894035458565e-12
2238,train,9000,9000.0,0.0
330,train,3800,3800.000000000003,-3.183231456205249e-12
1067,train,45000,44999.999999999985,1.4551915228366852e-11
1127,train,43000,43000.00000000002,-2.1827872842550278e-11
3834,train,40000,40000.0,0.0
3343,train,18000,17999.999999999993,7.275957614183426e-12
630,train,310000,310000.0000000002,-1.7462298274040222e-10
713,train,35000,35000.00000000001,-7.275957614183426e-12
2747,train,9500,9500.000000000005,-5.4569682106375694e-12
2094,train,20000,20000.000000000015,-1.4551915228366852e-11
268,train,6500,6500.000000000003,-2.7284841053187847e-12
3928,train,27000,26999.999999999978,2.1827872842550278e-11
2535,train,16000,16000.000000000002,-1.8189894035458565e-12
2105,train,6000,6000.000000000005,-4.547473508864641e-12
3851,train,27500,27499.99999999998,1.8189894035458565e-11
1617,train,12000,11999.999999999998,1.8189894035458565e-12
2895,train,150000,150000.00000000006,-5.820766091346741e-11
265,train,40000,40000.0,0.0
4120,train,80000,80000.0,0.0
2533,train,28500,28500.0,0.0
4250,train,15000,14999.99999999999,9.094947017729282e-12
2249,train,21000,20999.99999999998,1.8189894035458565e-11
3419,train,10500,10500.000000000005,-5.4569682106375694e-12
506,train,3300,3299.999999999998,1.8189894035458565e-12
2994,train,6000,6000.000000000005,-4.547473508864641e-12
4426,train,14000,13999.999999999995,5.4569682106375694e-12
1345,train,90000,90000.00000000001,-1.4551915228366852e-11
1485,train,280000,280000.0,0.0
1796,train,10000,10000.00000000001,-9.094947017729282e-12
233,train,21000,20999.99999999998,1.8189894035458565e-11
622,train,220000,219999.99999999983,1.7462298274040222e-10
1074,train,67000,67000.0,0.0
2821,train,20000,20000.000000000015,-1.4551915228366852e-11
2601,train,30000,29999.99999999999,1.0913936421275139e-11
1976,train,9000,9000.0,0.0
4689,train,53000,53000.00000000002,-2.1827872842550278e-11
3223,train,15000,14999.99999999999,9.094947017729282e-12
220,train,3000,2999.9999999999995,4.547473508864641e-13
4729,train,17000,16999.99999999999,1.0913936421275139e-11
1294,train,36000,35999.99999999998,2.1827872842550278e-11
3840,train,13000,12999.999999999995,5.4569682106375694e-12
428,train,5500,5500.000000000004,-3.637978807091713e-12
429,train,8500,8500.000000000005,-5.4569682106375694e-12
1590,train,9000,9000.0,0.0
2460,train,13000,12999.999999999995,5.4569682106375694e-12
2191,train,8000,8000.0000000000055,-5.4569682106375694e-12
872,train,130000,130000.00000000009,-8.731149137020111e-11
107,train,8000,8000.0000000000055,-5.4569682106375694e-12
2234,train,6000,6000.000000000005,-4.547473508864641e-12
613,train,30000,29999.99999999999,1.0913936421275139e-11
1760,train,10000,10000.00000000001,-9.094947017729282e-12
4649,train,6000,6000.000000000005,-4.547473508864641e-12
4366,train,10000,10000.00000000001,-9.094947017729282e-12
1340,train,400000,399999.9999999999,1.1641532182693481e-10
4715,train,15000,14999.99999999999,9.094947017729282e-12
1211,train,30000,29999.99999999999,1.0913936421275139e-11
2132,train,8000,8000.0000000000055,-5.4569682106375694e-12
1168,train,150000,150000.00000000006,-5.820766091346741e-11
861,train,95000,95000.00000000001,-1.4551915228366852e-11
1567,train,14500,14500.000000000004,-3.637978807091713e-12
2667,train,11000,10999.999999999993,7.275957614183426e-12
689,train,48000,48000.00000000004,-3.637978807091713e-11
2690,train,9000,9000.0,0.0
2165,train,15000,14999.99999999999,9.094947017729282e-12
348,train,20000,20000.000000000015,-1.4551915228366852e-11
2413,train,7500,7500.0000000000055,-5.4569682106375694e-12
4280,train,10000,10000.00000000001,-9.094947017729282e-12
3329,train,9000,9000.0,0.0
3551,train,25000,25000.000000000004,-3.637978807091713e-12
2054,train,15000,14999.99999999999,9.094947017729282e-12
3298,train,23999,23998.999999999985,1.4551915228366852e-11
3029,train,35000,35000.00000000001,-7.275957614183426e-12
494,train,12000,11999.999999999998,1.8189894035458565e-12
2558,train,10000,10000.00000000001,-9.094947017729282e-12
4361,train,53000,53000.00000000002,-2.1827872842550278e-11
3519,train,10000,10000.00000000001,-9.094947017729282e-12
2429,train,55000,55000.00000000004,-3.637978807091713e-11
2168,train,42000,41999.99999999999,7.275957614183426e-12
4030,train,19800,19800.00000000001,-1.0913936421275139e-11
1561,train,10000,10000.00000000001,-9.094947017729282e-12
4415,train,9000,9000.0,0.0
3907,train,8000,8000.0000000000055,-5.4569682106375694e-12
3970,train,12000,11999.999999999998,1.8189894035458565e-12
2148,train,18000,17999.999999999993,7.275957614183426e-12
3953,train,65000,64999.999999999956,4.3655745685100555e-11
2166,train,5500,5500.000000000004,-3.637978807091713e-12
720,train,38000,38000.000000000015,-1.4551915228366852e-11
863,train,18500,18500.0,0.0
399,train,5000,5000.000000000003,-2.7284841053187847e-12
2214,train,10000,10000.00000000001,-9.094947017729282e-12
3594,train,7000,6999.999999999998,1.8189894035458565e-12
2430,train,20000,20000.000000000015,-1.4551915228366852e-11
3771,train,13000,12999.999999999995,5.4569682106375694e-12
2112,train,42000,41999.99999999999,7.275957614183426e-12
3734,train,15000,14999.99999999999,9.094947017729282e-12
4176,train,200000,199999.99999999997,2.9103830456733704e-11
2428,train,15500,15500.00000000001,-9.094947017729282e-12
925,train,400000,399999.9999999999,1.1641532182693481e-10
2950,train,6000,6000.000000000005,-4.547473508864641e-12
109,train,6000,6000.000000000005,-4.547473508864641e-12
2719,train,25000,25000.000000000004,-3.637978807091713e-12
4386,train,25000,25000.000000000004,-3.637978807091713e-12
2644,train,7000,6999.999999999998,1.8189894035458565e-12
3398,train,18000,17999.999999999993,7.275957614183426e-12
4563,train,12000,11999.999999999998,1.8189894035458565e-12
4296,train,8000,8000.0000000000055,-5.4569682106375694e-12
1511,train,15000,14999.99999999999,9.094947017729282e-12
4195,train,24000,23999.99999999999,1.0913936421275139e-11
3784,train,12000,11999.999999999998,1.8189894035458565e-12
4634,train,16000,16000.000000000002,-1.8189894035458565e-12
2723,train,6000,6000.000000000005,-4.547473508864641e-12
1940,train,8000,8000.0000000000055,-5.4569682106375694e-12
1494,train,13000,12999.999999999995,5.4569682106375694e-12
4557,train,23000,22999.999999999996,3.637978807091713e-12
2194,train,32000,31999.999999999993,7.275957614183426e-12
1500,train,7500,7500.0000000000055,-5.4569682106375694e-12
2921,train,10000,10000.00000000001,-9.094947017729282e-12
2948,train,30000,29999.99999999999,1.0913936421275139e-11
2465,train,15500,15500.00000000001,-9.094947017729282e-12
2488,train,9000,9000.0,0.0
86,train,7000,6999.999999999998,1.8189894035458565e-12
1659,train,14500,14500.000000000004,-3.637978807091713e-12
2457,train,7500,7500.0000000000055,-5.4569682106375694e-12
3196,train,11000,10999.999999999993,7.275957614183426e-12
1676,train,150000,150000.00000000006,-5.820766091346741e-11
4308,train,17000,16999.99999999999,1.0913936421275139e-11
1148,train,240000,240000.00000000003,-2.9103830456733704e-11
3437,train,7000,6999.999999999998,1.8189894035458565e-12
3785,train,13000,12999.999999999995,5.4569682106375694e-12
1934,train,9500,9500.000000000005,-5.4569682106375694e-12
1135,train,40000,40000.0,0.0
2808,train,12500,12500.0,0.0
3607,train,30000,29999.99999999999,1.0913936421275139e-11
561,train,20000,20000.000000000015,-1.4551915228366852e-11
3481,train,13000,12999.999999999995,5.4569682106375694e-12
4148,train,20000,20000.000000000015,-1.4551915228366852e-11
826,train,1000000,999999.9999999997,3.4924596548080444e-10
949,train,180000,180000.00000000003,-2.9103830456733704e-11
898,train,60000,60000.000000000015,-1.4551915228366852e-11
3511,train,65000,64999.999999999956,4.3655745685100555e-11
80,train,14500,14500.000000000004,-3.637978807091713e-12
453,train,7000,6999.999999999998,1.8189894035458565e-12
2560,train,12000,11999.999999999998,1.8189894035458565e-12
1396,train,30000,29999.99999999999,1.0913936421275139e-11
3250,train,14000,13999.999999999995,5.4569682106375694e-12
570,train,45000,44999.999999999985,1.4551915228366852e-11
1606,train,37000,37000.00000000001,-7.275957614183426e-12
1399,train,70000,70000.00000000001,-1.4551915228366852e-11
1523,train,5500,5500.000000000004,-3.637978807091713e-12
4281,train,10000,10000.00000000001,-9.094947017729282e-12
240,train,8500,8500.000000000005,-5.4569682106375694e-12
451,train,5146,5146.000000000002,-1.8189894035458565e-12
1311,train,50000,50000.000000000015,-1.4551915228366852e-11
258,train,22000,21999.999999999993,7.275957614183426e-12
3138,train,8000,8000.0000000000055,-5.4569682106375694e-12
102,train,21000,20999.99999999998,1.8189894035458565e-11
794,train,150000,150000.00000000006,-5.820766091346741e-11
3575,train,60000,60000.000000000015,-1.4551915228366852e-11
1528,train,18000,17999.999999999993,7.275957614183426e-12
4596,train,6000,6000.000000000005,-4.547473508864641e-12
818,train,50000,50000.000000000015,-1.4551915228366852e-11
2781,train,18000,17999.999999999993,7.275957614183426e-12
1088,train,50000,50000.000000000015,-1.4551915228366852e-11
219,train,6500,6500.000000000003,-2.7284841053187847e-12
245,train,7000,6999.999999999998,1.8189894035458565e-12
210,train,13000,12999.999999999995,5.4569682106375694e-12
4371,train,40000,40000.0,0.0
706,train,20000,20000.000000000015,-1.4551915228366852e-11
874,train,250000,249999.9999999998,2.0372681319713593e-10
2120,train,8500,8500.000000000005,-5.4569682106375694e-12
1873,train,120000,120000.00000000004,-4.3655745685100555e-11
337,train,7000,6999.999999999998,1.8189894035458565e-12
1948,train,14000,13999.999999999995,5.4569682106375694e-12
1951,train,12000,11999.999999999998,1.8189894035458565e-12
1134,train,36000,35999.99999999998,2.1827872842550278e-11
1563,train,11000,10999.999999999993,7.275957614183426e-12
2909,train,42000,41999.99999999999,7.275957614183426e-12
44,train,6000,6000.000000000005,-4.547473508864641e-12
2892,train,20000,20000.000000000015,-1.4551915228366852e-11
1622,train,17000,16999.99999999999,1.0913936421275139e-11
4313,train,17000,16999.99999999999,1.0913936421275139e-11
3444,train,120000,120000.00000000004,-4.3655745685100555e-11
697,train,43000,43000.00000000002,-2.1827872842550278e-11
298,train,9000,9000.0,0.0
4233,train,16000,16000.000000000002,-1.8189894035458565e-12
1054,train,100000,100000.00000000004,-4.3655745685100555e-11
2406,train,10000,10000.00000000001,-9.094947017729282e-12
2725,train,20000,20000.000000000015,-1.4551915228366852e-11
4470,train,20000,20000.000000000015,-1.4551915228366852e-11
129,train,4700,4700.000000000002,-1.8189894035458565e-12
4292,train,20000,20000.000000000015,-1.4551915228366852e-11
4736,val,15000,12999.999999999995,2000.0000000000055
1052,val,130000,189999.9999999999,-59999.99999999991
2600,val,40000,139999.9999999999,-99999.99999999991
2818,val,60000,35000.00000000001,24999.999999999993
2820,val,55000,50000.000000000015,4999.999999999985
1037,val,55000,50000.000000000015,4999.999999999985
2610,val,42000,60000.000000000015,-18000.000000000015
1382,val,80000,70000.00000000001,9999.999999999985
2755,val,65000,60000.000000000015,4999.999999999985
2674,val,35000,44999.999999999985,-9999.999999999985
1397,val,100000,120000.00000000004,-20000.000000000044
2206,val,21000,41999.99999999999,-20999.999999999993
1980,val,12000,10000.00000000001,1999.999999999991
4277,val,22000,35000.00000000001,-13000.000000000007
4121,val,7500,9500.000000000005,-2000.0000000000055
2033,val,30000,17999.999999999993,12000.000000000007
1446,val,22000,38000.000000000015,-16000.000000000015
3807,val,23000,29999.99999999999,-6999.999999999989
2045,val,19000,14500.000000000004,4499.999999999996
4571,val,12000,12500.0,-500.0
1574,val,12000,13999.999999999995,-1999.9999999999945
4681,val,9000,10000.00000000001,-1000.0000000000091
2335,val,22000,20999.99999999998,1000.0000000000182
1817,val,19000,17999.999999999993,1000.0000000000073
2553,val,15000,13999.999999999995,1000.0000000000055
3498,val,16000,17999.999999999993,-1999.9999999999927
2864,val,5500,8500.000000000005,-3000.0000000000055
3777,val,17000,12999.999999999995,4000.0000000000055
4599,val,16000,20000.000000000015,-4000.0000000000146
2502,val,11000,14999.99999999999,-3999.999999999991
765,val,140000,120000.00000000004,19999.999999999956
3974,val,12000,12999.999999999995,-999.9999999999945
1503,val,10500,7500.0000000000055,2999.9999999999945
1876,val,5000,5500.000000000004,-500.00000000000364
1886,val,6000,6000.000000000005,-4.547473508864641e-12
866,val,100000,95000.00000000001,4999.999999999985
862,val,30000,25000.000000000004,4999.999999999996
347,val,8500,6999.999999999998,1500.0000000000018
1271,val,98000,210000.0,-112000.0
1129,val,35000,35000.00000000001,-7.275957614183426e-12
2738,val,8500,10000.00000000001,-1500.000000000009
1197,val,55000,55000.00000000004,-3.637978807091713e-11
3181,val,5000,2999.9999999999995,2000.0000000000005
768,val,45000,33499.99999999998,11500.000000000022
1025,val,100000,70000.00000000001,29999.999999999985
4556,val,11000,12999.999999999995,-1999.9999999999945
2453,val,6000,12999.999999999995,-6999.9999999999945
1,val,20000,6700.0,13300.0
2843,val,28000,38000.000000000015,-10000.000000000015
1281,val,95000,75000.00000000004,19999.999999999956
4377,val,20000,25000.000000000004,-5000.000000000004
1904,val,65000,33999.99999999999,31000.000000000007
3263,val,25000,14999.99999999999,10000.00000000001
2965,val,85000,84999.99999999996,4.3655745685100555e-11
4414,val,39000,44999.999999999985,-5999.999999999985
209,val,8000,5000.000000000003,2999.9999999999973
1147,val,8000,39000.0,-31000.0
3385,val,5700,8000.0000000000055,-2300.0000000000055
3839,val,27000,71999.99999999996,-44999.999999999956
4143,val,60000,50000.000000000015,9999.999999999985
2926,val,5500,8500.000000000005,-3000.0000000000055
3195,val,12000,10000.00000000001,1999.999999999991
2597,val,10000,12999.999999999995,-2999.9999999999945
2302,val,60000,52000.000000000044,7999.999999999956
4469,val,16000,11999.999999999998,4000.000000000002
638,val,190000,80000.0,110000.0
4489,val,15000,12999.999999999995,2000.0000000000055
3213,val,8000,4000.0000000000014,3999.9999999999986
3495,val,70000,120000.00000000004,-50000.000000000044
285,val,25000,11999.999999999998,13000.000000000002
4667,val,15000,10392.315207382098,4607.684792617902
3725,val,11000,9300.000000000005,1699.9999999999945
3846,val,14000,8500.000000000005,5499.9999999999945
3331,val,30000,29999.99999999999,1.0913936421275139e-11
2220,val,6500,10000.00000000001,-3500.000000000009
4622,val,13000,21999.999999999993,-8999.999999999993
667,val,25000,5500.000000000004,19499.999999999996
1773,val,16000,14999.99999999999,1000.0000000000091
744,val,300000,95000.00000000001,205000.0
3849,val,15000,12500.0,2500.0
4514,val,70000,280000.0,-210000.0
2023,val,16000,12999.999999999995,3000.0000000000055
1732,val,10000,14999.99999999999,-4999.999999999991
2277,val,8000,5500.000000000004,2499.9999999999964
1801,val,18000,5500.000000000004,12499.999999999996
3715,val,17000,14999.99999999999,2000.000000000009
4134,val,25000,20000.000000000015,4999.999999999985
3500,val,100000,70000.00000000001,29999.999999999985
3326,val,12000,10999.999999999993,1000.0000000000073
3583,val,10000,8500.000000000005,1499.9999999999945
3370,val,7500,10000.00000000001,-2500.000000000009
2142,val,30000,25000.000000000004,4999.999999999996
433,val,8500,5000.000000000003,3499.9999999999973
634,val,150000,199999.99999999997,-49999.99999999997
2239,val,8000,10000.00000000001,-2000.000000000009
3413,val,30000,25000.000000000004,4999.999999999996
262,val,15000,11999.999999999998,3000.000000000002
2007,val,14000,10000.00000000001,3999.999999999991
733,val,25000,44999.999999999985,-19999.999999999985
2069,val,13000,11499.999999999998,1500.0000000000018
3960,val,30000,43000.00000000002,-13000.000000000022
814,val,100000,130000.00000000009,-30000.000000000087
4706,val,12000,9000.0,3000.0
1077,val,98000,98000.00000000003,-2.9103830456733704e-11
975,val,100000,31999.999999999993,68000.0
4335,val,30000,26999.999999999978,3000.000000000022
146,val,2200,5500.000000000004,-3300.0000000000036
2021,val,35000,29999.99999999999,5000.000000000011
1895,val,6500,8000.0000000000055,-1500.0000000000055
3218,val,18000,23999.99999999999,-5999.999999999989
2195,val,14500,23998.999999999985,-9498.999999999985
4312,val,7000,14999.99999999999,-7999.999999999991
2923,val,280000,150000.00000000006,129999.99999999994
64,val,3500,3199.9999999999986,300.00000000000136
4118,val,17000,12999.999999999995,4000.0000000000055
1131,val,47000,70000.00000000001,-23000.000000000015
1196,val,120000,109999.99999999991,10000.000000000087
336,val,7200,6000.000000000005,1199.9999999999955
1815,val,12000,10999.999999999993,1000.0000000000073
4582,val,37000,37000.00000000001,-7.275957614183426e-12
2887,val,10000,8000.0000000000055,1999.9999999999945
2154,val,9000,11999.999999999998,-2999.999999999998
3944,val,45000,20000.000000000015,24999.999999999985
1290,val,80000,50000.000000000015,29999.999999999985
747,val,35000,50000.000000000015,-15000.000000000015
2449,val,9000,11999.999999999998,-2999.999999999998
221,val,5200,9000.0,-3800.0
3102,val,55000,100000.00000000004,-45000.000000000044
2079,val,14000,10000.00000000001,3999.999999999991
1049,val,40000,35000.00000000001,4999.999999999993
1051,val,95000,60000.000000000015,34999.999999999985
4014,val,16000,14999.99999999999,1000.0000000000091
2860,val,250000,100000.00000000004,149999.99999999994
1433,val,7500,43000.00000000002,-35500.00000000002
4421,val,8000,7500.0000000000055,499.99999999999454
3009,val,15000,12500.0,2500.0
4728,val,15000,17999.999999999993,-2999.9999999999927
3305,val,14000,9799.999999999998,4200.000000000002
2057,val,9500,6000.000000000005,3499.9999999999955
992,val,140000,150000.00000000006,-10000.000000000058
994,val,65000,55000.00000000004,9999.999999999964
4536,val,38000,11999.999999999998,26000.0
1216,val,43000,69998.99999999994,-26998.99999999994
1277,val,55000,40000.0,15000.0
2052,val,15000,21999.999999999993,-6999.999999999993
3991,val,18000,10999.999999999993,7000.000000000007
3169,val,10000,16000.000000000002,-6000.000000000002
965,val,68000,64999.999999999956,3000.0000000000437
2182,val,190000,29999.99999999999,160000.0
99,val,15000,21999.999999999993,-6999.999999999993
2970,val,24000,29999.99999999999,-5999.999999999989
226,val,7000,6999.999999999998,1.8189894035458565e-12
74,val,40000,14500.000000000004,25499.999999999996
752,val,57000,100000.00000000004,-43000.000000000044
4670,val,17000,17999.999999999993,-999.9999999999927
3126,val,25000,35000.00000000001,-10000.000000000007
1299,val,140000,189999.9999999999,-49999.99999999991
3448,val,120000,40000.0,80000.0
3193,val,15000,14999.99999999999,9.094947017729282e-12
4650,val,32000,35000.00000000001,-3000.0000000000073
3573,val,7500,6999.999999999998,500.0000000000018
2326,val,11000,8500.000000000005,2499.9999999999945
1988,val,13000,13999.999999999995,-999.9999999999945
791,val,600000,999999.9999999997,-399999.99999999965
3039,val,40000,35000.00000000001,4999.999999999993
170,val,5000,1499.9999999999998,3500.0
3866,val,50000,17999.999999999993,32000.000000000007
2846,val,27000,13999.999999999995,13000.000000000005
3982,val,12000,9500.000000000005,2499.9999999999945
2758,val,12000,14999.99999999999,-2999.999999999991
2712,val,7500,6000.000000000005,1499.9999999999955
3925,val,15000,10000.00000000001,4999.999999999991
3130,val,15000,10999.999999999993,4000.0000000000073
2588,val,4000,3499.9999999999977,500.0000000000023
906,val,4500,20999.99999999998,-16499.99999999998
4234,val,6000,6999.999999999998,-999.9999999999982
890,val,80000,95000.00000000001,-15000.000000000015
1482,val,40000,20000.000000000015,19999.999999999985
535,val,30000,32999.99999999999,-2999.9999999999927
1329,val,50000,25000.000000000004,24999.999999999996
2444,val,12000,12999.999999999995,-999.9999999999945
1442,val,55000,60000.000000000015,-5000.000000000015
1943,val,5000,6500.000000000003,-1500.0000000000027
4151,val,12000,10000.00000000001,1999.999999999991
2902,val,30000,13999.999999999995,16000.000000000005
2943,val,27000,40000.0,-13000.0
271,val,9000,13999.999999999995,-4999.9999999999945
1527,val,10000,9500.000000000005,499.99999999999454
2373,val,8000,6000.000000000005,1999.9999999999955
3474,val,12000,9500.000000000005,2499.9999999999945
4189,val,13900,5000.000000000003,8899.999999999996
4567,val,23000,20000.000000000015,2999.9999999999854
1892,val,7500,9000.0,-1500.0
3291,val,10000,8000.0000000000055,1999.9999999999945
3864,val,28000,29999.99999999999,-1999.999999999989
858,val,160000,80000.0,80000.0
3353,val,20000,25000.000000000004,-5000.000000000004
1715,val,21000,9000.0,12000.0
3445,val,20000,29999.99999999999,-9999.999999999989
3932,val,25000,25000.000000000004,-3.637978807091713e-12
2040,val,16000,14999.99999999999,1000.0000000000091
663,val,50000,44999.999999999985,5000.000000000015
4192,val,4700,6000.000000000005,-1300.0000000000045
3202,val,12000,13999.999999999995,-1999.9999999999945
1266,val,85000,55000.00000000004,29999.999999999964
217,val,30000,31499.999999999996,-1499.9999999999964
1978,val,27500,14999.99999999999,12500.00000000001
2749,val,30000,13999.999999999995,16000.000000000005
3609,val,14000,16000.000000000002,-2000.0000000000018
1473,val,45000,75000.00000000004,-30000.000000000044
2059,val,9000,20000.000000000015,-11000.000000000015
4539,val,25000,6000.000000000005,18999.999999999996
653,val,13500,38000.000000000015,-24500.000000000015
2048,val,18000,29999.99999999999,-11999.999999999989
42,val,5000,9000.0,-4000.0
4454,val,15000,11999.999999999998,3000.000000000002
1989,val,11000,10999.999999999993,7.275957614183426e-12
2671,val,20500,13999.999999999995,6500.0000000000055
580,val,13000,19410.99999999999,-6410.999999999989
2792,val,7000,8500.000000000005,-1500.0000000000055
916,val,90000,75000.00000000004,14999.999999999956
3789,val,36000,64999.999999999956,-28999.999999999956
410,val,6500,10500.000000000005,-4000.0000000000055
2089,val,30000,57000.000000000044,-27000.000000000044
3735,val,28000,18999.999999999985,9000.000000000015
201,val,10000,10000.00000000001,-9.094947017729282e-12
2546,val,12000,29999.99999999999,-17999.99999999999
2084,val,12000,11999.999999999998,1.8189894035458565e-12
1710,val,7000,9000.0,-2000.0
4079,val,27000,60000.000000000015,-33000.000000000015
4488,val,25000,25000.000000000004,-3.637978807091713e-12
3035,val,10000,8500.000000000005,1499.9999999999945
3920,val,27000,55000.00000000004,-28000.000000000036
3277,val,25000,13999.999999999995,11000.000000000005
3949,val,35000,40000.0,-5000.0
2656,val,5000,10000.00000000001,-5000.000000000009
1941,val,22000,6000.000000000005,15999.999999999996
2383,val,18500,15500.00000000001,2999.999999999991
2423,val,8500,6500.000000000003,1999.9999999999973
4653,val,12000,6000.000000000005,5999.999999999995
3962,val,25000,23999.99999999999,1000.0000000000109
565,val,44000,75000.00000000004,-31000.000000000044
3248,val,14000,12500.0,1500.0
1428,val,31000,31999.999999999993,-999.9999999999927
1193,val,250000,280000.0,-30000.0
2448,val,35000,25000.000000000004,9999.999999999996
1512,val,7000,5000.000000000003,1999.9999999999973
2841,val,10000,12999.999999999995,-2999.9999999999945
3400,val,7500,14999.99999999999,-7499.999999999991
395,val,6000,5000.000000000003,999.9999999999973
2607,val,15500,16499.999999999993,-999.9999999999927
1097,val,29500,31999.999999999993,-2499.9999999999927
1917,val,14000,14999.99999999999,-999.9999999999909
1491,val,250000,379999.9999999999,-129999.99999999988
1453,val,55000,55000.00000000004,-3.637978807091713e-11
1877,val,18000,9000.0,9000.0
3436,val,13500,9000.0,4500.0
1566,val,24000,23999.99999999999,1.0913936421275139e-11
757,val,24000,14999.99999999999,9000.00000000001
3956,val,45000,75000.00000000004,-30000.000000000044
4251,val,15500,14999.99999999999,500.0000000000091
3603,val,6500,8000.0000000000055,-1500.0000000000055
1496,val,21000,25000.000000000004,-4000.0000000000036
3377,val,20000,18999.999999999985,1000.0000000000146
3507,val,17000,9500.000000000005,7499.9999999999945
2197,val,7500,10999.999999999993,-3499.9999999999927
1858,val,17000,12500.0,4500.0
3841,val,9000,11999.999999999998,-2999.999999999998
1578,val,12000,6999.999999999998,5000.000000000002
247,val,7000,11999.999999999998,-4999.999999999998
2170,val,15000,17999.999999999993,-2999.9999999999927
3069,val,14000,8000.0000000000055,5999.9999999999945
1093,val,75000,75000.00000000004,-4.3655745685100555e-11
808,val,60000,40000.0,20000.0
2837,val,150000,150000.00000000006,-5.820766091346741e-11
4061,val,13000,16000.000000000002,-3000.000000000002
2703,val,10000,6999.999999999998,3000.000000000002
2417,val,13000,10999.999999999993,2000.0000000000073
2590,val,20000,20000.000000000015,-1.4551915228366852e-11
4409,val,46000,44999.999999999985,1000.0000000000146
2245,val,11000,10000.00000000001,999.9999999999909
3560,val,20000,20000.000000000015,-1.4551915228366852e-11
4029,val,15000,17999.999999999993,-2999.9999999999927
2409,val,7000,6000.000000000005,999.9999999999955
3568,val,26000,9000.0,17000.0
592,val,170000,280000.0,-110000.0
1979,val,16000,14999.99999999999,1000.0000000000091
373,val,15000,14999.99999999999,9.094947017729282e-12
2732,val,20000,12500.0,7500.0
2678,val,17000,22999.999999999996,-5999.999999999996
2751,val,13000,11999.999999999998,1000.0000000000018
1826,val,7000,7500.0000000000055,-500.00000000000546
301,val,15000,20000.000000000015,-5000.000000000015
2900,val,16000,13999.999999999995,2000.0000000000055
3316,val,7000,5000.000000000003,1999.9999999999973
648,val,80000,109999.99999999991,-29999.999999999913
3645,val,20000,9000.0,11000.0
457,val,8000,6000.000000000005,1999.9999999999955
1679,val,40000,35000.00000000001,4999.999999999993
3219,val,15000,35000.00000000001,-20000.000000000007
3030,val,34999,70000.00000000001,-35001.000000000015
3261,val,12000,10000.00000000001,1999.999999999991
1016,val,45000,55000.00000000004,-10000.000000000036
3033,val,15000,13999.999999999995,1000.0000000000055
4369,val,7000,9000.0,-2000.0
3318,val,20000,25000.000000000004,-5000.000000000004
3662,val,13500,17999.999999999993,-4499.999999999993
2830,val,12000,35999.99999999998,-23999.999999999978
4077,val,25000,16999.99999999999,8000.000000000011
1019,val,20000,25000.000000000004,-5000.000000000004
3446,val,21000,23999.99999999999,-2999.999999999989
1891,val,36000,41999.99999999999,-5999.999999999993
1336,val,21000,20000.000000000015,999.9999999999854
3927,val,12000,6999.999999999998,5000.000000000002
4703,val,60000,60000.000000000015,-1.4551915228366852e-11
4522,val,9500,12999.999999999995,-3499.9999999999945
2655,val,9500,10999.999999999993,-1499.9999999999927
187,val,8000,20000.000000000015,-12000.000000000015
1584,val,27000,20000.000000000015,6999.999999999985
2726,val,10000,14999.99999999999,-4999.999999999991
287,val,7500,11999.999999999998,-4499.999999999998
1156,val,260000,100000.00000000004,159999.99999999994
3348,val,53000,49000.00000000002,3999.999999999978
3679,val,11000,7500.0000000000055,3499.9999999999945
3740,val,36000,37000.00000000001,-1000.0000000000073
1263,val,27000,25500.000000000004,1499.9999999999964
503,val,40000,31499.999999999996,8500.000000000004
1747,val,15000,14999.99999999999,9.094947017729282e-12
4410,val,12000,14999.99999999999,-2999.999999999991
2329,val,8500,6999.999999999998,1500.0000000000018
600,val,300000,230000.0000000001,69999.99999999991
2592,val,150000,40000.0,110000.0
4497,val,12500,8000.0000000000055,4499.9999999999945
3934,val,12000,14999.99999999999,-2999.999999999991
675,val,21000,8500.000000000005,12499.999999999995
4724,val,5000,7500.0000000000055,-2500.0000000000055
4019,val,12500,9000.0,3500.0
2542,val,45000,40000.0,5000.0
2478,val,20000,9000.0,11000.0
2522,val,65000,50000.000000000015,14999.999999999985
2809,val,30000,25000.000000000004,4999.999999999996
2501,val,10000,21467.000000000004,-11467.000000000004
2280,val,30000,25000.000000000004,4999.999999999996
1868,val,22500,43000.00000000002,-20500.000000000022
3422,val,7500,8500.000000000005,-1000.0000000000055
999,val,1200000,230000.0000000001,969999.9999999999
2786,val,150000,199999.99999999997,-49999.99999999997
2870,val,21000,9000.0,12000.0
4345,val,5000,9300.000000000005,-4300.0000000000055
1837,val,17000,25000.000000000004,-8000.000000000004
4431,val,12000,12999.999999999995,-999.9999999999945
3653,val,10000,8000.0000000000055,1999.9999999999945
1317,val,80000,64999.999999999956,15000.000000000044
1456,val,140000,270000.00000000006,-130000.00000000006
2470,val,2000,6500.000000000003,-4500.000000000003
1545,val,8000,5000.000000000003,2999.9999999999973
595,val,75000,75000.00000000004,-4.3655745685100555e-11
230,val,3500,1800.0,1700.0
4623,val,11000,5000.000000000003,5999.999999999997
4441,val,30000,20000.000000000015,9999.999999999985
4105,val,6000,6500.000000000003,-500.00000000000273
3024,val,13000,10000.00000000001,2999.999999999991
2232,val,150000,150000.00000000006,-5.820766091346741e-11
2721,val,47000,28000.00000000002,18999.99999999998
3876,val,14000,9500.000000000005,4499.9999999999945
40,val,7200,6000.000000000005,1199.9999999999955
3322,val,10000,4499.999999999999,5500.000000000001
3781,val,27999,29999.99999999999,-2000.999999999989
1681,val,16000,11499.999999999998,4500.000000000002
3396,val,8000,8500.000000000005,-500.00000000000546
4541,val,10000,12999.999999999995,-2999.9999999999945
1857,val,27000,29999.99999999999,-2999.999999999989
2158,val,24000,25000.000000000004,-1000.0000000000036
3589,val,7000,8200.000000000007,-1200.0000000000073
3244,val,9000,9000.0,0.0
4391,val,13500,22999.999999999996,-9499.999999999996
824,val,48000,79500.00000000004,-31500.000000000044
55,val,7000,5500.000000000004,1499.9999999999964
2267,val,10000,11999.999999999998,-1999.9999999999982
3531,val,20000,14999.99999999999,5000.000000000009
3092,val,9000,16000.000000000002,-7000.000000000002
2407,val,40000,16999.99999999999,23000.00000000001
3563,val,18000,20000.000000000015,-2000.0000000000146
1896,val,6000,12999.999999999995,-6999.9999999999945
333,val,30000,13999.999999999995,16000.000000000005
32,val,6000,14999.99999999999,-8999.99999999999
1235,val,200000,259999.9999999998,-59999.999999999796
4485,val,12000,16000.000000000002,-4000.000000000002
1991,val,23500,13999.999999999995,9500.000000000005
1367,val,55000,52000.000000000044,2999.9999999999563
4638,val,8000,11999.999999999998,-3999.999999999998
2347,val,10000,17999.999999999993,-7999.999999999993
2454,val,22000,11999.999999999998,10000.000000000002
1221,val,6500,12999.999999999995,-6499.9999999999945
2371,val,65000,84000.00000000003,-19000.00000000003
1893,val,9000,8000.0000000000055,999.9999999999945
1126,val,50000,75000.00000000004,-25000.000000000044
2171,val,6000,6200.000000000005,-200.00000000000455
2131,val,10000,8000.0000000000055,1999.9999999999945
2468,val,13000,11999.999999999998,1000.0000000000018
1065,val,18000,44999.999999999985,-26999.999999999985
3634,val,19000,16999.99999999999,2000.000000000011
1636,val,40000,35000.00000000001,4999.999999999993
1262,val,41000,13999.999999999995,27000.000000000007
3845,val,9500,10000.00000000001,-500.0000000000091
3408,val,5000,9000.0,-4000.0
1616,val,100000,84000.00000000003,15999.99999999997
2729,val,5500,7500.0000000000055,-2000.0000000000055
2509,val,32000,9000.0,23000.0
1548,val,20000,25000.000000000004,-5000.000000000004
3714,val,45000,16999.99999999999,28000.00000000001
2530,val,20000,16999.99999999999,3000.000000000011
4446,val,15000,20000.000000000015,-5000.000000000015
2972,val,10500,11999.999999999998,-1499.9999999999982
3141,val,13000,8500.000000000005,4499.9999999999945
3197,val,8000,11999.999999999998,-3999.999999999998
4647,val,16000,12999.999999999995,3000.0000000000055
1206,val,32000,20999.99999999998,11000.000000000018
4089,val,10000,20000.000000000015,-10000.000000000015
1935,val,9000,16000.000000000002,-7000.000000000002
2793,val,18500,29999.99999999999,-11499.999999999989
873,val,40000,23999.99999999999,16000.000000000011
772,val,120000,100000.00000000004,19999.999999999956
1953,val,9500,14999.99999999999,-5499.999999999991
3532,val,17000,12999.999999999995,4000.0000000000055
3401,val,15000,10000.00000000001,4999.999999999991
207,val,6000,10999.999999999993,-4999.999999999993
3825,val,10000,9000.0,1000.0
20,val,7900,7500.0000000000055,399.99999999999454
3556,val,9500,16999.99999999999,-7499.999999999989
952,val,59000,40000.0,19000.0
4215,val,40000,44999.999999999985,-4999.999999999985
4686,val,7000,6000.000000000005,999.9999999999955
3561,val,13000,10000.00000000001,2999.999999999991
3818,val,8500,7500.0000000000055,999.9999999999945
1666,val,50000,120000.00000000004,-70000.00000000004
1925,val,15000,16000.000000000002,-1000.0000000000018
3752,val,10000,7500.0000000000055,2499.9999999999945
1735,val,8000,4499.999999999999,3500.000000000001
444,val,10000,11999.999999999998,-1999.9999999999982
3608,val,4000,6000.000000000005,-2000.0000000000045
556,val,32000,14999.99999999999,17000.000000000007
1078,val,16000,20000.000000000015,-4000.0000000000146
75,val,12500,11999.999999999998,500.0000000000018
197,val,15000,13999.999999999995,1000.0000000000055
1120,val,90100,90000.00000000001,99.99999999998545
2845,val,18000,28500.0,-10500.0
10,val,25000,21999.999999999993,3000.0000000000073
4093,val,12000,10999.999999999993,1000.0000000000073
181,val,50000,120000.00000000004,-70000.00000000004
4404,val,12000,11999.999999999998,1.8189894035458565e-12
1609,val,8000,6000.000000000005,1999.9999999999955
96,val,12000,25000.000000000004,-13000.000000000004
4141,val,15500,13999.999999999995,1500.0000000000055
4707,val,110000,60000.000000000015,49999.999999999985
355,val,5200,6999.999999999998,-1799.9999999999982
2127,val,10000,10000.00000000001,-9.094947017729282e-12
1740,val,6000,12500.0,-6500.0
292,val,15000,20000.000000000015,-5000.000000000015
806,val,19500,95000.00000000001,-75500.00000000001
1114,val,55000,92500.00000000007,-37500.00000000007
2389,val,90000,199999.99999999997,-109999.99999999997
2263,val,9000,12999.999999999995,-3999.9999999999945
158,val,14500,180000.00000000003,-165500.00000000003
4053,val,35000,17999.999999999993,17000.000000000007
3251,val,8000,14999.99999999999,-6999.999999999991
3080,val,11000,8200.000000000007,2799.9999999999927
2772,val,20200,28000.00000000002,-7800.000000000018
2557,val,12000,13999.999999999995,-1999.9999999999945
127,val,8000,5500.000000000004,2499.9999999999964
1930,val,18000,22999.999999999996,-4999.999999999996
654,val,18000,48000.00000000004,-30000.000000000036
2505,val,35000,14999.99999999999,20000.000000000007
4186,val,20000,20999.99999999998,-999.9999999999818
1429,val,60000,64999.999999999956,-4999.999999999956
4721,val,8000,6999.999999999998,1000.0000000000018
443,val,5500,5500.000000000004,-3.637978807091713e-12
4646,val,10000,12500.0,-2500.0
2394,val,260000,120000.00000000004,139999.99999999994
1145,val,50000,40000.0,10000.0
4128,val,22000,17999.999999999993,4000.0000000000073
1583,val,19000,16000.000000000002,2999.999999999998
3414,val,12500,7500.0000000000055,4999.9999999999945
4392,val,21000,17999.999999999993,3000.0000000000073
2015,val,5000,6000.000000000005,-1000.0000000000045
978,val,40000,64999.999999999956,-24999.999999999956
4430,val,22000,14999.99999999999,7000.000000000009
3186,val,14000,16499.999999999993,-2499.9999999999927
1729,val,6500,6999.999999999998,-499.9999999999982
275,val,30000,14999.99999999999,15000.00000000001
1113,val,70000,70000.00000000001,-1.4551915228366852e-11
3535,val,12000,20000.000000000015,-8000.000000000015
2945,val,5000,6000.000000000005,-1000.0000000000045
117,val,7000,5000.000000000003,1999.9999999999973
671,val,65000,66000.0,-1000.0
3315,val,7000,5000.000000000003,1999.9999999999973
574,val,55000,50000.000000000015,4999.999999999985
3406,val,7500,16999.99999999999,-9499.999999999989
3096,val,15000,64999.999999999956,-49999.999999999956
2888,val,20000,10000.00000000001,9999.99999999999
1436,val,80000,31999.999999999993,48000.00000000001
3177,val,7500,11999.999999999998,-4499.999999999998
647,val,53000,44999.999999999985,8000.000000000015
2244,val,17000,22999.999999999996,-5999.999999999996
2078,val,4000,5249.999999999995,-1249.9999999999955
1932,val,10000,16000.000000000002,-6000.000000000002
175,val,5500,6000.000000000005,-500.00000000000455
1137,val,32000,60000.000000000015,-28000.000000000015
1356,val,74999,50000.000000000015,24998.999999999985
13,val,5500,6000.000000000005,-500.00000000000455
915,val,10000,18500.0,-8500.0
3922,val,9000,10000.00000000001,-1000.0000000000091
3943,val,14000,17999.999999999993,-3999.9999999999927
234,val,4500,5500.000000000004,-1000.0000000000036
1343,val,80000,100000.00000000004,-20000.000000000044
3167,val,16000,8500.000000000005,7499.9999999999945
1850,val,8900,21999.999999999993,-13099.999999999993
3122,val,12500,11999.999999999998,500.0000000000018
3678,val,23000,25999.999999999985,-2999.9999999999854
236,val,4500,4700.000000000002,-200.00000000000182
4191,val,9000,7500.0000000000055,1499.9999999999945
1824,val,16500,21999.999999999993,-5499.999999999993
2938,val,25000,16499.999999999993,8500.000000000007
3710,val,22000,25000.000000000004,-3000.0000000000036
4595,val,12000,12999.999999999995,-999.9999999999945
2222,val,22000,70000.00000000001,-48000.000000000015
3569,val,9000,10000.00000000001,-1000.0000000000091
149,val,20000,8000.0000000000055,11999.999999999995
4020,val,25000,29999.99999999999,-4999.999999999989
4598,val,10000,8500.000000000005,1499.9999999999945
3132,val,15000,10000.00000000001,4999.999999999991
2458,val,5500,9500.000000000005,-4000.0000000000055
383,val,10000,6000.000000000005,3999.9999999999955
4185,val,16000,16999.99999999999,-999.9999999999891
4731,val,12000,7500.0000000000055,4499.9999999999945
3320,val,18000,10999.999999999993,7000.000000000007
4592,val,12000,14999.99999999999,-2999.999999999991
3346,val,9000,16000.000000000002,-7000.000000000002
1808,val,70000,5500.000000000004,64500.0
2013,val,25500,33999.99999999999,-8499.999999999993
3065,val,15000,17999.999999999993,-2999.9999999999927
737,val,22000,29999.99999999999,-7999.999999999989
1757,val,7000,6500.000000000003,499.99999999999727
803,val,50000,100000.00000000004,-50000.000000000044
1226,val,15000,12999.999999999995,2000.0000000000055
3879,val,11000,13999.999999999995,-2999.9999999999945
1580,val,15000,11999.999999999998,3000.000000000002
3780,val,13000,21999.999999999993,-8999.999999999993
2353,val,22000,17999.999999999993,4000.0000000000073
4247,val,8500,10000.00000000001,-1500.000000000009
4594,val,30000,16499.999999999993,13500.000000000007
1265,val,65000,64999.999999999956,4.3655745685100555e-11
4364,val,28000,16499.999999999993,11500.000000000007
3393,val,13000,13999.999999999995,-999.9999999999945
4166,val,14000,14999.99999999999,-999.9999999999909
118,val,3900,2999.9999999999995,900.0000000000005
725,val,600000,399999.9999999999,200000.00000000012
2129,val,13000,14999.99999999999,-1999.999999999991
1791,val,8000,6999.999999999998,1000.0000000000018
1426,val,47000,35000.00000000001,11999.999999999993
521,val,18000,6999.999999999998,11000.000000000002
3952,val,12500,11999.999999999998,500.0000000000018
583,val,28000,20999.99999999998,7000.000000000018
361,val,8000,3800.000000000003,4199.999999999996
1602,val,15000,21999.999999999993,-6999.999999999993
3647,val,600000,11999.999999999998,588000.0
4718,val,30000,23382.00000000001,6617.999999999989
95,val,5000,5000.000000000003,-2.7284841053187847e-12
4394,val,10000,10999.999999999993,-999.9999999999927
956,val,40000,39000.0,1000.0
1894,val,18000,28000.00000000002,-10000.000000000018
1727,val,15000,10000.00000000001,4999.999999999991
228,val,14000,6999.999999999998,7000.000000000002
1944,val,6000,8000.0000000000055,-2000.0000000000055
1402,val,32000,31999.999999999993,7.275957614183426e-12
1743,val,20000,12500.0,7500.0
2669,val,55000,29999.99999999999,25000.00000000001
4555,val,15000,14999.99999999999,9.094947017729282e-12
2332,val,6000,10000.00000000001,-4000.000000000009
1721,val,22000,21999.999999999993,7.275957614183426e-12
3229,val,25000,35000.00000000001,-10000.000000000007
3692,val,8500,6000.000000000005,2499.9999999999955
4078,val,35000,64999.999999999956,-29999.999999999956
934,val,310000,399999.9999999999,-89999.99999999988
3976,val,45000,14999.99999999999,30000.000000000007
4129,val,15000,16000.000000000002,-1000.0000000000018
4433,val,15000,29999.99999999999,-14999.999999999989
1117,val,150000,170000.00000000012,-20000.000000000116
3995,val,130000,9500.000000000005,120500.0
185,val,8000,6000.000000000005,1999.9999999999955
489,val,8000,5000.000000000003,2999.9999999999973
560,val,44000,100000.00000000004,-56000.000000000044
868,val,45000,43000.00000000002,1999.9999999999782
2145,val,25000,13999.999999999995,11000.000000000005
1713,val,20000,20000.000000000015,-1.4551915228366852e-11
3681,val,15000,10000.00000000001,4999.999999999991
3552,val,10000,5000.000000000003,4999.999999999997
1902,val,8000,16000.000000000002,-8000.000000000002
2388,val,9000,12500.0,-3500.0
3108,val,15000,11999.999999999998,3000.000000000002
3745,val,8500,21999.999999999993,-13499.999999999993
130,val,4500,6500.000000000003,-2000.0000000000027
2559,val,10000,13999.999999999995,-3999.9999999999945
3230,val,9000,10000.00000000001,-1000.0000000000091
4550,val,21000,10000.00000000001,10999.99999999999
2138,val,5000,5000.000000000003,-2.7284841053187847e-12
1752,val,16000,21999.999999999993,-5999.999999999993
3345,val,20000,29999.99999999999,-9999.999999999989
1931,val,120000,299999.99999999977,-179999.99999999977
1573,val,10500,10000.00000000001,499.9999999999909
171,val,9000,6500.000000000003,2499.9999999999973
3027,val,12000,6999.999999999998,5000.000000000002
1637,val,10000,14999.99999999999,-4999.999999999991
2848,val,350000,249999.9999999998,100000.0000000002
3821,val,19000,16999.99999999999,2000.000000000011
2753,val,18000,10000.00000000001,7999.999999999991
3727,val,25000,25000.000000000004,-3.637978807091713e-12
4427,val,10000,13999.999999999995,-3999.9999999999945
3737,val,3500,6000.000000000005,-2500.0000000000045
3302,val,10000,21999.999999999993,-11999.999999999993
3557,val,18000,25000.000000000004,-7000.000000000004
2835,val,18000,10000.00000000001,7999.999999999991
1381,val,45000,48000.00000000004,-3000.0000000000364
534,val,32000,32999.99999999999,-999.9999999999927
3086,val,10000,6000.000000000005,3999.9999999999955
1910,val,12000,29999.99999999999,-17999.99999999999
4333,val,10000,11999.999999999998,-1999.9999999999982
2043,val,21000,39000.0,-18000.0
3303,val,20000,14999.99999999999,5000.000000000009
1214,val,40000,20999.99999999998,19000.00000000002
374,val,6200,5000.000000000003,1199.9999999999973
1055,val,35000,17999.999999999993,17000.000000000007
3255,val,20000,31999.999999999993,-11999.999999999993
1907,val,11000,6500.000000000003,4499.999999999997
100,val,22000,29999.99999999999,-7999.999999999989
3201,val,60000,35000.00000000001,24999.999999999993
2425,val,18000,16000.000000000002,1999.9999999999982
255,val,5300,9500.000000000005,-4200.0000000000055
1798,val,30000,70000.00000000001,-40000.000000000015
3961,val,7000,6000.000000000005,999.9999999999955
828,val,130000,150000.00000000006,-20000.00000000006
1610,val,7500,7500.0000000000055,-5.4569682106375694e-12
1647,val,8500,17999.999999999993,-9499.999999999993
1672,val,18000,10000.00000000001,7999.999999999991
1726,val,7000,6500.000000000003,499.99999999999727
4450,val,30000,16499.999999999993,13500.000000000007
606,val,170000,330000.0000000001,-160000.00000000012
2969,val,9000,6500.000000000003,2499.9999999999973
1632,val,20000,9000.0,11000.0
2882,val,15000,17999.999999999993,-2999.9999999999927
4203,val,7000,9000.0,-2000.0
4666,val,15000,29999.99999999999,-14999.999999999989
1209,val,80000,77500.00000000006,2499.999999999942
3282,val,16500,31999.999999999993,-15499.999999999993
3911,val,12000,25000.000000000004,-13000.000000000004
3482,val,13000,12999.999999999995,5.4569682106375694e-12
2074,val,11500,12500.0,-1000.0
1835,val,16000,9000.0,7000.0
4299,val,15500,29999.99999999999,-14499.999999999989
1123,val,80000,38000.000000000015,41999.999999999985
3306,val,11000,8200.000000000007,2799.9999999999927
2240,val,13500,8000.0000000000055,5499.9999999999945
1178,val,57000,60000.000000000015,-3000.0000000000146
1314,val,14500,12999.999999999995,1500.0000000000055
1981,val,75000,28000.00000000002,46999.999999999985
4124,val,10000,8000.0000000000055,1999.9999999999945
3754,val,7000,10000.00000000001,-3000.000000000009
70,val,7500,8500.000000000005,-1000.0000000000055
1918,val,6000,20000.000000000015,-14000.000000000015
896,val,180000,189999.9999999999,-9999.999999999913
3430,val,14000,10999.999999999993,3000.0000000000073
1157,val,300000,280000.0,20000.0
4202,val,13000,14999.99999999999,-1999.999999999991
3684,val,11000,9000.0,2000.0
4161,val,9500,11999.999999999998,-2499.999999999998
577,val,85000,32999.99999999999,52000.00000000001
3503,val,17000,17999.999999999993,-999.9999999999927
690,val,18000,20000.000000000015,-2000.0000000000146
2962,val,17000,12999.999999999995,4000.0000000000055
3412,val,30000,20000.000000000015,9999.999999999985
2741,val,30000,22999.999999999996,7000.000000000004
416,val,6500,8000.0000000000055,-1500.0000000000055
555,val,190000,259999.9999999998,-69999.9999999998
3131,val,22000,10500.000000000005,11499.999999999995
3667,val,20000,15500.00000000001,4499.999999999991
1013,val,35000,22999.999999999996,12000.000000000004
2979,val,6500,9500.000000000005,-3000.0000000000055
4521,val,55000,44999.999999999985,10000.000000000015
1422,val,70000,31999.999999999993,38000.00000000001
4537,val,67000,44999.999999999985,22000.000000000015
3581,val,13000,9000.0,4000.0
4090,val,12000,6500.000000000003,5499.999999999997
1657,val,6900,6500.000000000003,399.99999999999727
71,val,16000,10000.00000000001,5999.999999999991
4336,val,15000,20000.000000000015,-5000.000000000015
3580,val,6000,6999.999999999998,-999.9999999999982
1101,val,33000,12999.999999999995,20000.000000000007
3512,val,7500,6000.000000000005,1499.9999999999955
1802,val,30000,70000.00000000001,-40000.000000000015
481,val,10000,9000.0,1000.0
3923,val,12000,12999.999999999995,-999.9999999999945
1368,val,15000,44999.999999999985,-29999.999999999985
1970,val,30000,25000.000000000004,4999.999999999996
2028,val,10500,16000.000000000002,-5500.000000000002
1393,val,60000,60000.000000000015,-1.4551915228366852e-11
4527,val,22000,29999.99999999999,-7999.999999999989
2827,val,18000,44999.999999999985,-26999.999999999985
3623,val,17000,10000.00000000001,6999.999999999991
2374,val,11000,11999.999999999998,-999.9999999999982
1460,val,17000,25000.000000000004,-8000.000000000004
4612,val,11000,13999.999999999995,-2999.9999999999945
4009,test,38000,29999.99999999999,8000.000000000011
3431,test,18000,9799.999999999998,8200.000000000002
3613,test,100000,249999.9999999998,-149999.9999999998
1455,test,700000,999999.9999999997,-299999.99999999965
4349,test,15500,19800.00000000001,-4300.000000000011
1004,test,35000,21999.999999999993,13000.000000000007
3898,test,9000,10000.00000000001,-1000.0000000000091
2060,test,25000,25000.000000000004,-3.637978807091713e-12
3677,test,11000,9500.000000000005,1499.9999999999945
3204,test,23999,16499.999999999993,7499.000000000007
608,test,41000,41999.99999999999,-999.9999999999927
1098,test,53000,90000.00000000001,-37000.000000000015
3165,test,7500,9300.000000000005,-1800.0000000000055
3819,test,10000,12500.0,-2500.0
435,test,5500,6500.000000000003,-1000.0000000000027
848,test,50000,20999.99999999998,29000.00000000002
531,test,22000,35000.00000000001,-13000.000000000007
3153,test,15000,5000.000000000003,9999.999999999996
4712,test,5500,6999.999999999998,-1499.9999999999982
4101,test,12000,25000.000000000004,-13000.000000000004
3082,test,15000,12999.999999999995,2000.0000000000055
2896,test,25000,40000.0,-15000.0
145,test,7000,6000.000000000005,999.9999999999955
2025,test,35000,29999.99999999999,5000.000000000011
700,test,120000,84999.99999999996,35000.000000000044
2794,test,8500,8000.0000000000055,499.99999999999454
2327,test,42000,11999.999999999998,30000.0
632,test,65000,44999.999999999985,20000.000000000015
150,test,7000,5146.000000000002,1853.9999999999982
3152,test,5700,6000.000000000005,-300.00000000000455
3026,test,8900,5000.000000000003,3899.9999999999973
3805,test,10000,23998.999999999985,-13998.999999999985
2441,test,16500,20000.000000000015,-3500.0000000000146
694,test,26000,17500.000000000015,8499.999999999985
1814,test,11000,16999.99999999999,-5999.999999999989
2062,test,11000,12500.0,-1500.0
928,test,110000,64999.999999999956,45000.000000000044
485,test,7000,9500.000000000005,-2500.0000000000055
2290,test,5000,6000.000000000005,-1000.0000000000045
1043,test,130000,60000.000000000015,69999.99999999999
2614,test,16000,14999.99999999999,1000.0000000000091
3889,test,22000,14999.99999999999,7000.000000000009
2763,test,35000,29999.99999999999,5000.000000000011
3555,test,5000,5000.000000000003,-2.7284841053187847e-12
3811,test,32000,33999.99999999999,-1999.9999999999927
959,test,24000,12999.999999999995,11000.000000000005
279,test,4500,8000.0000000000055,-3500.0000000000055
1360,test,32000,17999.999999999993,14000.000000000007
4381,test,10000,11999.999999999998,-1999.9999999999982
676,test,20000,12999.999999999995,7000.0000000000055
735,test,55000,60000.000000000015,-5000.000000000015
2042,test,7000,6999.999999999998,1.8189894035458565e-12
2550,test,5000,8000.0000000000055,-3000.0000000000055
4606,test,25000,20000.000000000015,4999.999999999985
2359,test,5000,6000.000000000005,-1000.0000000000045
627,test,40000,40000.0,0.0
3652,test,7000,6999.999999999998,1.8189894035458565e-12
31,test,15000,180000.00000000003,-165000.00000000003
4091,test,5300,8500.000000000005,-3200.0000000000055
2321,test,4000,17999.999999999993,-13999.999999999993
3439,test,15000,8000.0000000000055,6999.9999999999945
1942,test,12000,11499.999999999998,500.0000000000018
1575,test,32000,14999.99999999999,17000.000000000007
2890,test,15000,10000.00000000001,4999.999999999991
3134,test,5000,5249.999999999995,-249.99999999999545
2219,test,10000,6500.000000000003,3499.9999999999973
887,test,230000,170000.00000000012,59999.99999999988
672,test,160000,40000.0,120000.0
2272,test,17000,23999.99999999999,-6999.999999999989
422,test,12000,6500.000000000003,5499.999999999997
1318,test,55000,50000.000000000015,4999.999999999985
1331,test,55000,61999.99999999997,-6999.999999999971
174,test,9000,11999.999999999998,-2999.999999999998
182,test,12000,180000.00000000003,-168000.00000000003
2940,test,24500,38000.000000000015,-13500.000000000015
2183,test,90000,12999.999999999995,77000.0
502,test,3700,6500.000000000003,-2800.0000000000027
2426,test,11500,6999.999999999998,4500.000000000002
4365,test,57000,43999.99999999997,13000.00000000003
1060,test,35000,35999.99999999998,-999.9999999999782
184,test,12000,20000.000000000015,-8000.000000000015
3166,test,30000,60000.000000000015,-30000.000000000015
714,test,32000,32999.99999999999,-999.9999999999927
2663,test,37000,25000.000000000004,11999.999999999996
4604,test,15000,20000.000000000015,-5000.000000000015
571,test,57000,92500.00000000007,-35500.00000000007
587,test,32000,29999.000000000007,2000.9999999999927
272,test,6000,5000.000000000003,999.9999999999973
4507,test,16000,9500.000000000005,6499.9999999999945
203,test,5000,6999.999999999998,-1999.9999999999982
2436,test,90000,349999.9999999997,-259999.9999999997
3772,test,14000,8200.000000000007,5799.999999999993
1349,test,78000,60000.000000000015,17999.999999999985
243,test,7000,14999.99999999999,-7999.999999999991
3809,test,18500,21999.999999999993,-3499.9999999999927
155,test,10000,9000.0,1000.0
3164,test,15000,21999.999999999993,-6999.999999999993
590,test,150000,150000.00000000006,-5.820766091346741e-11
4657,test,9000,6500.000000000003,2499.9999999999973
805,test,42000,20000.000000000015,21999.999999999985
1913,test,6000,5500.000000000004,499.99999999999636
1627,test,20000,25000.000000000004,-5000.000000000004
4210,test,15000,20999.99999999998,-5999.999999999982
1321,test,90000,70000.00000000001,19999.999999999985
2393,test,20000,10000.00000000001,9999.99999999999
3021,test,14000,14999.99999999999,-999.9999999999909
4140,test,17000,14999.99999999999,2000.000000000009
3355,test,10000,5249.999999999995,4750.000000000005
2438,test,25000,25000.000000000004,-3.637978807091713e-12
1044,test,40000,64999.999999999956,-24999.999999999956
2484,test,8500,10000.00000000001,-1500.000000000009
1020,test,75000,90000.00000000001,-15000.000000000015
4403,test,8500,10000.00000000001,-1500.000000000009
3382,test,8500,6000.000000000005,2499.9999999999955
2186,test,22000,14999.99999999999,7000.000000000009
4609,test,7500,5000.000000000003,2499.9999999999973
1173,test,60000,75000.00000000004,-15000.000000000044
4423,test,10000,9000.0,1000.0
93,test,6000,5000.000000000003,999.9999999999973
3148,test,18000,21999.999999999993,-3999.9999999999927
1352,test,90000,50000.000000000015,39999.999999999985
1011,test,26000,14999.99999999999,11000.00000000001
266,test,6000,6999.999999999998,-999.9999999999982
1242,test,35000,43000.00000000002,-8000.000000000022
363,test,5000,8000.0000000000055,-3000.0000000000055
3597,test,14500,25999.999999999985,-11499.999999999985
4097,test,22000,25000.000000000004,-3000.0000000000036
4459,test,10000,11999.999999999998,-1999.9999999999982
2356,test,24000,21999.999999999993,2000.0000000000073
2589,test,100000,75000.00000000004,24999.999999999956
3123,test,90000,64999.999999999956,25000.000000000044
3600,test,9000,10000.00000000001,-1000.0000000000091
2791,test,14000,13999.999999999995,5.4569682106375694e-12
579,test,80000,64999.999999999956,15000.000000000044
1138,test,17000,20000.000000000015,-3000.0000000000146
1154,test,95000,77500.00000000006,17499.99999999994
701,test,400000,259999.9999999998,140000.0000000002
669,test,65000,50999.999999999985,14000.000000000015
3252,test,13500,13999.999999999995,-499.99999999999454
1001,test,45000,40000.0,5000.0
1322,test,43000,48000.00000000004,-5000.000000000036
618,test,80000,83000.0,-3000.0
1867,test,8500,11999.999999999998,-3499.999999999998
4027,test,15000,10999.999999999993,4000.0000000000073
3615,test,7500,8500.000000000005,-1000.0000000000055
3813,test,7000,6500.000000000003,499.99999999999727
4496,test,10000,6999.999999999998,3000.000000000002
767,test,130000,120000.00000000004,9999.999999999956
3403,test,10000,20000.000000000015,-10000.000000000015
4549,test,11000,16000.000000000002,-5000.000000000002
2847,test,17000,12999.999999999995,4000.0000000000055
4479,test,15000,16000.000000000002,-1000.0000000000018
4209,test,26000,23999.99999999999,2000.000000000011
629,test,38000,49500.0,-11500.0
4322,test,7500,13999.999999999995,-6499.9999999999945
2391,test,12000,11999.999999999998,1.8189894035458565e-12
304,test,8000,6999.999999999998,1000.0000000000018
3260,test,25000,40000.0,-15000.0
4560,test,13000,10000.00000000001,2999.999999999991
2916,test,17500,16000.000000000002,1499.9999999999982
3063,test,11000,11999.999999999998,-999.9999999999982
3642,test,13000,11499.999999999998,1500.0000000000018
1140,test,290000,199999.99999999997,90000.00000000003
4204,test,12000,20999.99999999998,-8999.999999999982
3214,test,25000,10000.00000000001,14999.99999999999
2279,test,11500,8000.0000000000055,3499.9999999999945
4217,test,8500,6500.000000000003,1999.9999999999973
2654,test,16000,10000.00000000001,5999.999999999991
3240,test,16000,16999.99999999999,-999.9999999999891
252,test,10000,14999.99999999999,-4999.999999999991
970,test,51500,100000.00000000004,-48500.000000000044
3743,test,10000,14999.99999999999,-4999.999999999991
3124,test,14000,16999.99999999999,-2999.999999999989
448,test,5200,2999.9999999999995,2200.0000000000005
173,test,18000,11999.999999999998,6000.000000000002
3874,test,48000,64999.999999999956,-16999.999999999956
132,test,16000,11999.999999999998,4000.000000000002
1369,test,22000,20999.99999999998,1000.0000000000182
707,test,60000,77500.00000000006,-17500.00000000006
3755,test,6500,8000.0000000000055,-1500.0000000000055
683,test,47000,50000.000000000015,-3000.0000000000146
986,test,150000,189999.9999999999,-39999.99999999991
3827,test,35000,35000.00000000001,-7.275957614183426e-12
4434,test,6500,6000.000000000005,499.99999999999545
3107,test,15000,13999.999999999995,1000.0000000000055
729,test,23000,20999.99999999998,2000.0000000000182
4382,test,18000,13999.999999999995,4000.0000000000055
691,test,7500,44999.999999999985,-37499.999999999985
899,test,36000,31999.999999999993,4000.0000000000073
1282,test,25000,20999.99999999998,4000.000000000018
3621,test,15000,12999.999999999995,2000.0000000000055
2963,test,15000,44999.999999999985,-29999.999999999985
773,test,40000,13999.999999999995,26000.000000000007
2318,test,20000,20000.000000000015,-1.4551915228366852e-11
2372,test,18000,17999.999999999993,7.275957614183426e-12
3830,test,35000,44999.999999999985,-9999.999999999985
1901,test,20000,9000.0,11000.0
3078,test,10000,6999.999999999998,3000.000000000002
4075,test,6500,14999.99999999999,-8499.99999999999
778,test,25000,26999.999999999978,-1999.9999999999782
2001,test,19000,10999.999999999993,8000.000000000007
2653,test,17000,24083.320646428874,-7083.320646428874
103,test,25000,21999.999999999993,3000.0000000000073
3105,test,16000,16499.999999999993,-499.9999999999927
1087,test,65000,35000.00000000001,29999.999999999993
1997,test,10000,12999.999999999995,-2999.9999999999945
3887,test,10000,6000.000000000005,3999.9999999999955
1706,test,12000,6000.000000000005,5999.999999999995
3487,test,17000,20000.000000000015,-3000.0000000000146
3707,test,22000,25000.000000000004,-3000.0000000000036
17,test,10000,11999.999999999998,-1999.9999999999982
564,test,43000,90000.00000000001,-47000.000000000015
2838,test,75000,199999.99999999997,-124999.99999999997
763,test,80000,70000.00000000001,9999.999999999985
2088,test,16000,14999.99999999999,1000.0000000000091
3640,test,16000,13500.000000000004,2499.9999999999964
3695,test,7000,5000.000000000003,1999.9999999999973
1585,test,48000,64999.999999999956,-16999.999999999956
3644,test,15000,20000.000000000015,-5000.000000000015
1034,test,75000,84999.99999999996,-9999.999999999956
4603,test,17000,11999.999999999998,5000.000000000002
4037,test,18000,17999.999999999993,7.275957614183426e-12
3753,test,37500,49000.00000000002,-11500.000000000022
851,test,8000,84999.99999999996,-76999.99999999996
366,test,8000,10000.00000000001,-2000.000000000009
239,test,5000,2999.9999999999995,2000.0000000000005
412,test,36125,13999.999999999995,22125.000000000007
56,test,6000,11999.999999999998,-5999.999999999998
607,test,20000,44999.999999999985,-24999.999999999985
3726,test,9500,11999.999999999998,-2499.999999999998
4593,test,8000,10000.00000000001,-2000.000000000009
1493,test,10500,14999.99999999999,-4499.999999999991
2659,test,29000,25000.000000000004,3999.9999999999964
1474,test,38000,75000.00000000004,-37000.000000000044
176,test,7500,5000.000000000003,2499.9999999999973
3018,test,18000,10999.999999999993,7000.000000000007
2452,test,12000,6000.000000000005,5999.999999999995
3538,test,15000,9000.0,6000.0
2414,test,9000,20000.000000000015,-11000.000000000015
932,test,70000,77500.00000000006,-7500.000000000058
1694,test,17000,16999.99999999999,1.0913936421275139e-11
1663,test,18000,12999.999999999995,5000.0000000000055
526,test,75000,75000.00000000004,-4.3655745685100555e-11
4197,test,12000,12999.999999999995,-999.9999999999945
2701,test,22000,52000.000000000044,-30000.000000000044
2345,test,18000,16999.99999999999,1000.0000000000109
2471,test,28000,22999.999999999996,5000.000000000004
1253,test,63000,50000.000000000015,12999.999999999985
4095,test,20000,29999.99999999999,-9999.999999999989
65,test,8000,10999.999999999993,-2999.9999999999927
2865,test,32000,29999.99999999999,2000.000000000011
2149,test,15000,7500.0000000000055,7499.9999999999945
1765,test,10000,17999.999999999993,-7999.999999999993
3939,test,9000,16000.000000000002,-7000.000000000002
4200,test,32000,21999.999999999993,10000.000000000007
4629,test,8000,6500.000000000003,1499.9999999999973
4031,test,8500,10000.00000000001,-1500.000000000009
186,test,18000,14999.99999999999,3000.000000000009
1568,test,4000,9500.000000000005,-5500.0000000000055
4010,test,20000,31999.999999999993,-11999.999999999993
1064,test,28000,29999.99999999999,-1999.999999999989
990,test,150000,139999.9999999999,10000.000000000087
573,test,57000,40000.0,17000.0
2876,test,10000,5000.000000000003,4999.999999999997
2706,test,18000,22999.999999999996,-4999.999999999996
3418,test,45000,139999.9999999999,-94999.99999999991
2946,test,5000,13999.999999999995,-8999.999999999995
1763,test,11000,6500.000000000003,4499.999999999997
106,test,14000,12500.0,1500.0
3859,test,75000,40000.0,35000.0
248,test,3200,8000.0000000000055,-4800.0000000000055
796,test,35000,38000.000000000015,-3000.0000000000146
4655,test,13000,14999.99999999999,-1999.999999999991
3103,test,50000,70000.00000000001,-20000.000000000015
4261,test,6500,13999.999999999995,-7499.9999999999945
4252,test,20000,12500.0,7500.0
3070,test,15000,10000.00000000001,4999.999999999991
3971,test,20000,16000.000000000002,3999.999999999998
356,test,13000,11999.999999999998,1000.0000000000018
4402,test,22000,35000.00000000001,-13000.000000000007
3909,test,8000,8500.000000000005,-500.00000000000546
4451,test,6500,8500.000000000005,-2000.0000000000055
517,test,45000,14999.99999999999,30000.000000000007
2080,test,24000,16000.000000000002,7999.999999999998
1274,test,85000,95000.00000000001,-10000.000000000015
3626,test,10500,17999.999999999993,-7499.999999999993
1006,test,15000,17999.999999999993,-2999.9999999999927
4223,test,55000,44999.999999999985,10000.000000000015
609,test,65000,70000.00000000001,-5000.000000000015
1780,test,30000,29999.99999999999,1.0913936421275139e-11
3159,test,8000,10676.999999999995,-2676.9999999999945
2834,test,68000,25000.000000000004,43000.0
1756,test,14000,20000.000000000015,-6000.000000000015
2102,test,15000,13999.999999999995,1000.0000000000055
2839,test,110000,150000.00000000006,-40000.00000000006
2014,test,6000,6000.000000000005,-4.547473508864641e-12
1022,test,140000,60000.000000000015,79999.99999999999
269,test,8000,10000.00000000001,-2000.000000000009
1254,test,7500,14999.99999999999,-7499.999999999991
2179,test,13500,12999.999999999995,500.00000000000546
2570,test,12000,20000.000000000015,-8000.000000000015
148,test,5500,8000.0000000000055,-2500.0000000000055
696,test,40000,60000.000000000015,-20000.000000000015
4119,test,9000,6999.999999999998,2000.0000000000018
4286,test,10000,6000.000000000005,3999.9999999999955
4267,test,20000,17999.999999999993,2000.0000000000073
2514,test,7000,6000.000000000005,999.9999999999955
1119,test,300000,230000.0000000001,69999.99999999991
41,test,12000,13999.999999999995,-1999.9999999999945
3104,test,8000,6000.000000000005,1999.9999999999955
3590,test,22000,14999.99999999999,7000.000000000009
316,test,8000,5500.000000000004,2499.9999999999964
1053,test,14000,21999.999999999993,-7999.999999999993
886,test,17000,40000.0,-23000.0
2334,test,54000,75000.00000000004,-21000.000000000044
4343,test,8500,14999.99999999999,-6499.999999999991
4465,test,45000,26999.999999999978,18000.000000000022
1702,test,16000,14999.99999999999,1000.0000000000091
3990,test,14000,14999.99999999999,-999.9999999999909
539,test,85000,70000.00000000001,14999.999999999985
340,test,8500,10000.00000000001,-1500.000000000009
477,test,22000,10999.999999999993,11000.000000000007
3099,test,6800,4499.999999999999,2300.000000000001
3185,test,12000,8000.0000000000055,3999.9999999999945
1875,test,7000,6999.999999999998,1.8189894035458565e-12
2204,test,8000,10999.999999999993,-2999.9999999999927
1327,test,34999,38000.000000000015,-3001.0000000000146
1550,test,30000,20000.000000000015,9999.999999999985
946,test,11000,16999.99999999999,-5999.999999999989
3881,test,7500,5000.000000000003,2499.9999999999973
1714,test,380000,150000.00000000006,229999.99999999994
1359,test,22000,22999.999999999996,-999.9999999999964
267,test,15000,9000.0,6000.0
4046,test,22000,29999.99999999999,-7999.999999999989
2495,test,7500,9000.0,-1500.0
3587,test,7000,10999.999999999993,-3999.9999999999927
1264,test,53000,20000.000000000015,32999.999999999985
0,test,10000,10000.00000000001,-9.094947017729282e-12
1885,test,17000,17999.999999999993,-999.9999999999927
2365,test,10000,11999.999999999998,-1999.9999999999982
3407,test,14000,12500.0,1500.0
4011,test,15000,23999.99999999999,-8999.999999999989
2527,test,12000,20000.000000000015,-8000.000000000015
1071,test,24000,25999.999999999985,-1999.9999999999854
4236,test,13000,11999.999999999998,1000.0000000000018
2995,test,40000,29999.99999999999,10000.000000000011
57,test,6000,12500.0,-6500.0
1524,test,16000,10999.999999999993,5000.000000000007
4332,test,21000,17999.999999999993,3000.0000000000073
1434,test,250000,259999.9999999998,-9999.999999999796
2686,test,33000,15500.00000000001,17499.999999999993
1675,test,25000,17999.999999999993,7000.000000000007
3550,test,10000,11999.999999999998,-1999.9999999999982
3899,test,35000,29999.99999999999,5000.000000000011
225,test,3500,9000.0,-5500.0
3736,test,10000,31999.999999999993,-21999.999999999993
2258,test,15000,10000.00000000001,4999.999999999991
4222,test,10000,11999.999999999998,-1999.9999999999982
2083,test,62000,21999.999999999993,40000.00000000001
3628,test,10000,16499.999999999993,-6499.999999999993
3465,test,12000,9000.0,3000.0
3424,test,7000,8000.0000000000055,-1000.0000000000055
1479,test,50000,25000.000000000004,24999.999999999996
3703,test,12500,9500.000000000005,2999.9999999999945
2482,test,36000,35000.00000000001,999.9999999999927
2440,test,12000,10000.00000000001,1999.999999999991
2673,test,5000,6999.999999999998,-1999.9999999999982
1005,test,60000,20999.99999999998,39000.000000000015
699,test,140000,55000.00000000004,84999.99999999997
3650,test,30000,29999.99999999999,1.0913936421275139e-11
3290,test,13000,9500.000000000005,3499.9999999999945
1073,test,70000,70000.00000000001,-1.4551915228366852e-11
2640,test,13000,22999.999999999996,-9999.999999999996
3001,test,20000,14999.99999999999,5000.000000000009
4498,test,15000,10000.00000000001,4999.999999999991
3000,test,11000,10999.999999999993,7.275957614183426e-12
1535,test,10000,8000.0000000000055,1999.9999999999945
424,test,9000,20000.000000000015,-11000.000000000015
3693,test,100000,64999.999999999956,35000.000000000044
1255,test,30000,13999.999999999995,16000.000000000005
2774,test,21000,13500.000000000004,7499.999999999996
4532,test,19000,17999.999999999993,1000.0000000000073
3319,test,14000,20000.000000000015,-6000.000000000015
1358,test,45000,31999.999999999993,13000.000000000007
1058,test,11000,20999.99999999998,-9999.999999999982
3985,test,10000,6999.999999999998,3000.000000000002
2434,test,50000,100000.00000000004,-50000.000000000044
588,test,350000,649999.9999999995,-299999.99999999953
3071,test,21000,40000.0,-19000.0
1977,test,5000,14999.99999999999,-9999.99999999999
1665,test,14000,6999.999999999998,7000.000000000002
4696,test,6000,9000.0,-3000.0
3614,test,14000,11999.999999999998,2000.0000000000018
35,test,15000,11999.999999999998,3000.000000000002
3843,test,12000,10000.00000000001,1999.999999999991
2421,test,29000,14999.99999999999,14000.00000000001
2233,test,9000,6500.000000000003,2499.9999999999973
4624,test,6000,7500.0000000000055,-1500.0000000000055
112,test,20000,8000.0000000000055,11999.999999999995
3937,test,5000,6999.999999999998,-1999.9999999999982
2526,test,11000,10999.999999999993,7.275957614183426e-12
594,test,210000,230000.0000000001,-20000.000000000087
877,test,48000,20000.000000000015,27999.999999999985
2904,test,3500,9000.0,-5500.0
1611,test,9500,14999.99999999999,-5499.999999999991
2569,test,70000,25000.000000000004,45000.0
3470,test,12000,12500.0,-500.0
2917,test,14500,13999.999999999995,500.00000000000546
4082,test,8500,10000.00000000001,-1500.000000000009
3045,test,33000,16999.99999999999,16000.000000000011
3766,test,11500,10000.00000000001,1499.999999999991
4107,test,15000,10999.999999999993,4000.0000000000073
1911,test,21500,20999.99999999998,500.0000000000182
4355,test,20000,20000.000000000015,-1.4551915228366852e-11
979,test,45000,70000.00000000001,-25000.000000000015
1513,test,25000,25000.000000000004,-3.637978807091713e-12
2109,test,10000,6500.000000000003,3499.9999999999973
4436,test,12000,10000.00000000001,1999.999999999991
1820,test,55000,64999.999999999956,-9999.999999999956
126,test,8000,8000.0000000000055,-5.4569682106375694e-12
4544,test,17000,13999.999999999995,3000.0000000000055
807,test,90000,199999.99999999997,-109999.99999999997
2325,test,8500,9500.000000000005,-1000.0000000000055
3206,test,16000,18999.999999999985,-2999.9999999999854
2349,test,4500,6000.000000000005,-1500.0000000000045
491,test,13000,11999.999999999998,1000.0000000000018
3618,test,16500,10000.00000000001,6499.999999999991
1445,test,230000,259999.9999999998,-29999.999999999796
2587,test,32000,21999.999999999993,10000.000000000007
1109,test,250000,259999.9999999998,-9999.999999999796
1778,test,6000,6000.000000000005,-4.547473508864641e-12
2403,test,14000,15500.00000000001,-1500.000000000009
1017,test,250000,330000.0000000001,-80000.00000000012
2957,test,12500,16000.000000000002,-3500.000000000002
2988,test,10500,16999.99999999999,-6499.999999999989
4062,test,22000,35000.00000000001,-13000.000000000007
3272,test,35000,22999.999999999996,12000.000000000004
3335,test,22000,25000.000000000004,-3000.0000000000036
2486,test,7500,6999.999999999998,500.0000000000018
3003,test,22000,199999.99999999997,-177999.99999999997
7,test,5000,4700.000000000002,299.9999999999982
4508,test,7500,7500.0000000000055,-5.4569682106375694e-12
4630,test,15000,6999.999999999998,8000.000000000002
3417,test,12000,10000.00000000001,1999.999999999991
3979,test,40000,25000.000000000004,14999.999999999996
4196,test,9500,11499.999999999998,-1999.9999999999982
3546,test,10500,9500.000000000005,999.9999999999945
3215,test,12000,16000.000000000002,-4000.000000000002
4117,test,50000,44999.999999999985,5000.000000000015
3861,test,10000,20000.000000000015,-10000.000000000015
1581,test,11400,16000.000000000002,-4600.000000000002
3351,test,16000,25000.000000000004,-9000.000000000004
4002,test,35000,29999.99999999999,5000.000000000011
1229,test,62000,49500.0,12500.0
4178,test,9500,10392.315207382098,-892.3152073820984
4158,test,22000,14999.99999999999,7000.000000000009
771,test,60000,20999.99999999998,39000.000000000015
945,test,28000,25000.000000000004,2999.9999999999964
4570,test,13000,9000.0,4000.0
655,test,75000,130000.00000000009,-55000.00000000009
3094,test,12000,11999.999999999998,1.8189894035458565e-12
89,test,8500,10999.999999999993,-2499.9999999999927
2680,test,30000,25999.999999999985,4000.0000000000146
1595,test,16000,11999.999999999998,4000.000000000002
3732,test,10000,14999.99999999999,-4999.999999999991
4323,test,13000,6999.999999999998,6000.000000000002
4173,test,20000,29999.99999999999,-9999.999999999989
941,test,22000,16999.99999999999,5000.000000000011
3829,test,32000,26999.999999999978,5000.000000000022
889,test,8500,18500.0,-10000.0
2730,test,14000,10000.00000000001,3999.999999999991
1413,test,85000,100000.00000000004,-15000.000000000044
4553,test,6500,7500.0000000000055,-1000.0000000000055
2544,test,40000,20000.000000000015,19999.999999999985
1556,test,16000,14999.99999999999,1000.0000000000091
1495,test,17000,9000.0,8000.0
164,test,40000,35000.00000000001,4999.999999999993
1829,test,18000,8000.0000000000055,9999.999999999995
1159,test,40000,45002.00000000003,-5002.000000000029
2215,test,48000,57000.000000000044,-9000.000000000044
3334,test,9500,14999.99999999999,-5499.999999999991
3062,test,12500,8500.000000000005,3999.9999999999945
190,test,13000,29999.99999999999,-16999.99999999999
4297,test,8000,5500.000000000004,2499.9999999999964
4220,test,14000,8000.0000000000055,5999.9999999999945
4491,test,10500,10392.315207382098,107.68479261790162
3957,test,6000,9000.0,-3000.0
4146,test,9000,7500.0000000000055,1499.9999999999945
33,test,5000,12500.0,-7500.0
3270,test,16000,9000.0,7000.0
1972,test,15000,14999.99999999999,9.094947017729282e-12
3738,test,8000,13999.999999999995,-5999.9999999999945
2442,test,4500,10000.00000000001,-5500.000000000009
1175,test,35000,39000.0,-4000.0
914,test,27000,35999.99999999998,-8999.999999999978
2192,test,7500,8000.0000000000055,-500.00000000000546
1220,test,46000,46999.99999999999,-999.9999999999927
4341,test,60000,35000.00000000001,24999.999999999993
4356,test,12500,10999.999999999993,1500.0000000000073
2682,test,13000,16000.000000000002,-3000.000000000002
1724,test,10500,11999.999999999998,-1499.9999999999982
2650,test,190000,84999.99999999996,105000.00000000004
151,test,3500,4700.000000000002,-1200.0000000000018
420,test,10000,9000.0,1000.0
4518,test,9000,10500.000000000005,-1500.0000000000055
1874,test,15000,14999.99999999999,9.094947017729282e-12
136,test,5000,4600.0,400.0
3853,test,5000,6999.999999999998,-1999.9999999999982
3435,test,90000,80000.0,10000.0
3357,test,15000,9500.000000000005,5499.9999999999945
3038,test,35000,21999.999999999993,13000.000000000007
4008,test,15000,11999.999999999998,3000.000000000002
4710,test,25000,25000.000000000004,-3.637978807091713e-12
2580,test,27000,17999.999999999993,9000.000000000007
3757,test,34000,35000.00000000001,-1000.0000000000073
4574,test,13000,25000.000000000004,-12000.000000000004
2524,test,12000,37000.00000000001,-25000.000000000007
1774,test,17000,14999.99999999999,2000.000000000009
389,test,10000,20000.000000000015,-10000.000000000015
716,test,33000,32999.99999999999,7.275957614183426e-12
2954,test,16500,17999.999999999993,-1499.9999999999927
3885,test,8200,8500.000000000005,-300.00000000000546
721,test,100000,39000.0,61000.0
1194,test,25000,50000.000000000015,-25000.000000000015
1852,test,24000,41999.99999999999,-17999.999999999993
3869,test,75000,60000.000000000015,14999.999999999985
3084,test,24000,21999.999999999993,2000.0000000000073
1534,test,30000,17999.999999999993,12000.000000000007
1999,test,24000,13999.999999999995,10000.000000000005
3965,test,10500,13999.999999999995,-3499.9999999999945
1819,test,7500,12500.0,-5000.0
1084,test,160000,84999.99999999996,75000.00000000004
1771,test,15000,10999.999999999993,4000.0000000000073
3060,test,27000,31999.999999999993,-4999.999999999993
4526,test,12500,16000.000000000002,-3500.000000000002
3375,test,7000,8500.000000000005,-1500.0000000000055
1231,test,80000,90000.00000000001,-10000.000000000015
2586,test,14000,10000.00000000001,3999.999999999991
1768,test,16000,10000.00000000001,5999.999999999991
202,test,15000,5000.000000000003,9999.999999999996
2862,test,14000,12999.999999999995,1000.0000000000055
47,test,12000,6999.999999999998,5000.000000000002
1365,test,350000,299999.99999999977,50000.00000000023
4226,test,27000,14999.99999999999,12000.00000000001
4072,test,25000,14999.99999999999,10000.00000000001
2958,test,14000,8500.000000000005,5499.9999999999945
2688,test,70000,25000.000000000004,45000.0
1279,test,52000,28000.00000000002,23999.99999999998
4509,test,35000,50000.000000000015,-15000.000000000015
1204,test,25000,21999.999999999993,3000.0000000000073
3655,test,10500,12999.999999999995,-2499.9999999999945
2167,test,18000,11999.999999999998,6000.000000000002
2931,test,7000,11999.999999999998,-4999.999999999998
3091,test,9000,6000.000000000005,2999.9999999999955
1900,test,25000,14999.99999999999,10000.00000000001
2146,test,17000,20000.000000000015,-3000.0000000000146
4590,test,15000,11999.999999999998,3000.000000000002
2982,test,15000,9000.0,6000.0
2602,test,29000,41999.99999999999,-12999.999999999993
528,test,60000,46000.000000000044,13999.999999999956
3136,test,15000,14999.99999999999,9.094947017729282e-12
1143,test,250000,299999.99999999977,-49999.99999999977
3199,test,70000,28000.00000000002,41999.999999999985
493,test,6000,5500.000000000004,499.99999999999636
2176,test,16000,29999.99999999999,-13999.999999999989
4699,test,13000,7500.0000000000055,5499.9999999999945
1471,test,54500,44999.999999999985,9500.000000000015
2636,test,130000,100000.00000000004,29999.999999999956
4183,test,12333,14999.99999999999,-2666.999999999991
2411,test,95000,150000.00000000006,-55000.00000000006
1038,test,70000,64999.999999999956,5000.000000000044
4164,test,15000,25999.999999999985,-10999.999999999985
4374,test,18000,8000.0000000000055,9999.999999999995
2160,test,10000,5500.000000000004,4499.999999999996
4682,test,20000,17999.999999999993,2000.0000000000073
2174,test,10000,17999.999999999993,-7999.999999999993
2312,test,85000,180000.00000000003,-95000.00000000003
3903,test,60000,37000.00000000001,22999.999999999993
2085,test,18000,22999.999999999996,-4999.999999999996
4535,test,18500,28000.00000000002,-9500.000000000018
1099,test,85000,70000.00000000001,14999.999999999985
1407,test,6500,25999.999999999985,-19499.999999999985
1179,test,130000,100000.00000000004,29999.999999999956
353,test,6500,5000.000000000003,1499.9999999999973
741,test,320000,379999.9999999999,-59999.99999999988
4245,test,30000,35000.00000000001,-5000.000000000007
1490,test,90000,70000.00000000001,19999.999999999985
264,test,8000,9500.000000000005,-1500.0000000000055
2520,test,35000,12999.999999999995,22000.000000000007
4719,test,30000,64999.999999999956,-34999.999999999956
1846,test,12000,13999.999999999995,-1999.9999999999945
611,test,85000,84999.99999999996,4.3655745685100555e-11
4620,test,20000,12999.999999999995,7000.0000000000055
3245,test,20000,16999.99999999999,3000.000000000011
4523,test,35000,64999.999999999956,-29999.999999999956
4006,test,12500,25000.000000000004,-12500.000000000004
3004,test,6000,10000.00000000001,-4000.000000000009
2029,test,8000,6999.999999999998,1000.0000000000018
2262,test,8000,8000.0000000000055,-5.4569682106375694e-12
572,test,27000,38000.000000000015,-11000.000000000015
1787,test,16500,12999.999999999995,3500.0000000000055
1547,test,7500,11999.999999999998,-4499.999999999998
871,test,85000,139999.9999999999,-54999.99999999991
1928,test,35000,14999.99999999999,20000.000000000007
4432,test,10000,14999.99999999999,-4999.999999999991
1924,test,6000,6999.999999999998,-999.9999999999982
456,test,9500,5500.000000000004,3999.9999999999964
3870,test,250000,399999.9999999999,-149999.99999999988
4264,test,14000,13999.999999999995,5.4569682106375694e-12
329,test,3000,5000.000000000003,-2000.0000000000027
1786,test,17000,13999.999999999995,3000.0000000000055
280,test,7000,6000.000000000005,999.9999999999955
2095,test,26000,26999.999999999978,-999.9999999999782
2773,test,19500,15968.72138141427,3531.2786185857294
2857,test,22999,31000.000000000015,-8001.000000000015
3801,test,9000,6500.000000000003,2499.9999999999973
635,test,32000,35999.99999999998,-3999.999999999978
1152,test,26500,38000.000000000015,-11500.000000000015
1985,test,13500,6000.000000000005,7499.999999999995
3390,test,13000,16000.000000000002,-3000.000000000002
3747,test,8000,5000.000000000003,2999.9999999999973
1177,test,20000,13999.999999999995,6000.0000000000055
2144,test,7700,7500.0000000000055,199.99999999999454
4733,test,29000,20000.000000000015,8999.999999999985
832,test,55000,95000.00000000001,-40000.000000000015
425,test,5000,5000.000000000003,-2.7284841053187847e-12
1821,test,11000,16999.99999999999,-5999.999999999989
3426,test,10000,9000.0,1000.0
1212,test,20000,17999.999999999993,2000.0000000000073
3473,test,12000,11999.999999999998,1.8189894035458565e-12
1898,test,12000,13999.999999999995,-1999.9999999999945
4552,test,7500,9000.0,-1500.0
1872,test,9000,14999.99999999999,-5999.999999999991
1754,test,14500,15500.00000000001,-1000.0000000000091
1320,test,45000,64999.999999999956,-19999.999999999956
1012,test,42000,35999.99999999998,6000.000000000022
3067,test,34000,120000.00000000004,-86000.00000000004
1435,test,150000,83000.0,67000.0
903,test,50000,20000.000000000015,29999.999999999985
2775,test,20000,13500.000000000004,6499.999999999996
1275,test,40000,20999.99999999998,19000.00000000002
2874,test,18000,12500.0,5500.0
1565,test,20000,20000.000000000015,-1.4551915228366852e-11
963,test,52000,53000.00000000002,-1000.0000000000218
2984,test,7600,9000.0,-1400.0
2922,test,90000,64999.999999999956,25000.000000000044
1501,test,17000,9000.0,8000.0
3178,test,12000,9000.0,3000.0
159,test,6000,3800.000000000003,2199.999999999997
2579,test,24000,21999.999999999993,2000.0000000000073
3967,test,9000,14999.99999999999,-5999.999999999991
1151,test,75000,130000.00000000009,-55000.00000000009
3855,test,14000,28000.00000000002,-14000.000000000018
3947,test,13000,14999.99999999999,-1999.999999999991
2462,test,40000,20000.000000000015,19999.999999999985
4248,test,7500,14999.99999999999,-7499.999999999991
4168,test,5500,7500.0000000000055,-2000.0000000000055
1860,test,14000,14999.99999999999,-999.9999999999909
666,test,55000,100000.00000000004,-45000.000000000044
770,test,120000,100000.00000000004,19999.999999999956
4076,test,11000,11999.999999999998,-999.9999999999982
1938,test,7000,10500.000000000005,-3500.0000000000055
3514,test,34000,20000.000000000015,13999.999999999985
4175,test,7500,5000.000000000003,2499.9999999999973
2713,test,6000,8000.0000000000055,-2000.0000000000055
1363,test,23000,38000.000000000015,-15000.000000000015
3475,test,26000,14999.99999999999,11000.00000000001
2714,test,18000,21999.999999999993,-3999.9999999999927
4334,test,12000,11999.999999999998,1.8189894035458565e-12
2696,test,13500,17999.999999999993,-4499.999999999993
1297,test,55000,44999.999999999985,10000.000000000015
2316,test,16000,20000.000000000015,-4000.0000000000146
537,test,28000,8000.0000000000055,19999.999999999993
1409,test,69999,139999.9999999999,-70000.99999999991
3574,test,9500,12999.999999999995,-3499.9999999999945
1651,test,32900,50000.000000000015,-17100.000000000015
3117,test,8000,6500.000000000003,1499.9999999999973
1769,test,5000,6999.999999999998,-1999.9999999999982
3820,test,13500,10000.00000000001,3499.999999999991
1333,test,25000,17999.999999999993,7000.000000000007
4275,test,12000,13999.999999999995,-1999.9999999999945
1596,test,10000,11499.999999999998,-1499.9999999999982
369,test,9000,8000.0000000000055,999.9999999999945
4368,test,32000,25000.000000000004,6999.999999999996
2606,test,8000,13999.999999999995,-5999.9999999999945
4385,test,13000,6500.000000000003,6499.999999999997
3352,test,26000,29999.99999999999,-3999.999999999989
1298,test,66000,40000.0,26000.0
748,test,130000,75000.00000000004,54999.999999999956
2320,test,5000,20000.000000000015,-15000.000000000015
4534,test,200000,80000.0,120000.0
2767,test,18000,9300.000000000005,8699.999999999995
4155,test,12500,10999.999999999993,1500.0000000000073
2113,test,7500,9000.0,-1500.0
2114,test,16000,20000.000000000015,-4000.0000000000146
4073,test,13000,6999.999999999998,6000.000000000002
576,test,95000,75000.00000000004,19999.999999999956
2645,test,7000,10000.00000000001,-3000.000000000009
907,test,34000,20999.99999999998,13000.000000000018
1689,test,18000,9000.0,9000.0
3501,test,7000,6000.000000000005,999.9999999999955
3699,test,13000,17999.999999999993,-4999.999999999993
4577,test,4000,6500.000000000003,-2500.0000000000027
612,test,50000,35000.00000000001,14999.999999999993
2340,test,19000,14999.99999999999,4000.000000000009
2292,test,12000,10000.00000000001,1999.999999999991
1313,test,23000,21999.999999999993,1000.0000000000073
3744,test,10000,16000.000000000002,-6000.000000000002
4081,test,20000,25000.000000000004,-5000.000000000004
3340,test,33000,75000.00000000004,-42000.000000000044
4493,test,16000,8000.0000000000055,7999.9999999999945
