row_id,split,actual_rent,predicted_rent,residual
1124,train,95000,71243.164,23756.8359375
3886,train,12000,18049.283,-6049.283203125
4122,train,14000,14173.02,-173.01953125
2762,train,6500,8783.1875,-2283.1875
1963,train,30000,21854.22,8145.779296875
345,train,12000,9367.875,2632.125
3892,train,20000,16811.492,3188.5078125
3420,train,6250,9726.16,-3476.16015625
2348,train,6000,6488.364,-488.36376953125
4572,train,37000,28141.445,8858.5546875
288,train,7000,6731.8545,268.1455078125
3875,train,58000,44922.617,13077.3828125
4652,train,9000,13001.26,-4001.259765625
2920,train,10000,12298.121,-2298.12109375
641,train,68000,62870.074,5129.92578125
3749,train,5000,5901.5225,-901.5224609375
3972,train,24000,13735.346,10264.654296875
1625,train,22000,23250.854,-1250.853515625
1703,train,20000,15023.455,4976.544921875
3288,train,35000,16689.281,18310.71875
3553,train,13000,15777.534,-2777.5341796875
1465,train,70000,66507.52,3492.4765625
3938,train,13000,11831.732,1168.267578125
885,train,32000,30737.758,1262.2421875
3121,train,11000,10951.217,48.783203125
2055,train,18000,14569.564,3430.435546875
381,train,12000,15803.738,-3803.73828125
2810,train,9500,11583.009,-2083.0087890625
2885,train,33500,28797.26,4702.740234375
3883,train,16000,17555.61,-1555.609375
2801,train,13000,15216.166,-2216.166015625
2695,train,7500,10182.21,-2682.2099609375
1899,train,75000,58084.66,16915.33984375
4455,train,16000,15029.374,970.6259765625
3793,train,10000,9828.786,171.2138671875
3668,train,9000,13150.086,-4150.0859375
1839,train,16500,19140.27,-2640.26953125
3894,train,12500,13380.531,-880.53125
1355,train,52000,42034.38,9965.62109375
2697,train,14000,14324.27,-324.26953125
514,train,22000,22603.875,-603.875
927,train,30000,27463.086,2536.9140625
1104,train,17000,19614.795,-2614.794921875
3360,train,8000,8362.214,-362.2138671875
2768,train,30000,39267.145,-9267.14453125
1165,train,52000,50706.637,1293.36328125
2715,train,18000,18843.44,-843.439453125
4305,train,6000,9428.038,-3428.0380859375
1257,train,100000,192235.19,-92235.1875
2594,train,18000,19118.268,-1118.267578125
3217,train,20000,21119.113,-1119.11328125
3163,train,10000,14069.316,-4069.31640625
1554,train,15000,14598.663,401.3369140625
3088,train,26000,26330.975,-330.974609375
998,train,70000,82854.38,-12854.3828125
417,train,6500,6986.2803,-486.2802734375
427,train,5500,5831.91,-331.91015625
2632,train,40000,28811.9,11188.099609375
4519,train,18000,19859.16,-1859.16015625
850,train,190000,259038.53,-69038.53125
3968,train,11000,10294.782,705.2177734375
4003,train,6000,7182.283,-1182.283203125
3265,train,24000,29644.928,-5644.927734375
108,train,8000,9686.344,-1686.34375
3309,train,7500,7007.1084,492.8916015625
3872,train,60000,72288.39,-12288.390625
2286,train,15000,12303.165,2696.8349609375
1950,train,40000,35950.715,4049.28515625
3657,train,20000,22820.025,-2820.025390625
4546,train,10000,10447.954,-447.9541015625
4600,train,20000,12765.238,7234.76171875
2379,train,80000,58605.812,21394.1875
4379,train,12500,12010.107,489.892578125
3836,train,20000,17100.633,2899.3671875
2806,train,14000,9602.728,4397.2724609375
376,train,7000,7217.4985,-217.49853515625
2051,train,7000,7508.6025,-508.6025390625
1805,train,15000,10224.114,4775.8857421875
2744,train,12000,14973.847,-2973.8466796875
549,train,20000,20195.416,-195.416015625
1378,train,24000,27352.074,-3352.07421875
2728,train,13500,18423.295,-4923.294921875
3220,train,11000,12899.694,-1899.6943359375
575,train,40000,38129.906,1870.09375
468,train,6500,7019.2695,-519.26953125
213,train,11000,8541.083,2458.9169921875
3526,train,15000,19295.898,-4295.8984375
4278,train,15000,14149.303,850.697265625
677,train,55000,68607.34,-13607.34375
3410,train,15000,21947.86,-6947.859375
3041,train,12000,15820.961,-3820.9609375
1994,train,22000,24287.895,-2287.89453125
1222,train,21000,25965.518,-4965.517578125
1570,train,8500,10203.89,-1703.8896484375
4271,train,13000,13696.18,-696.1796875
438,train,5000,5352.646,-352.64599609375
821,train,34000,29262.652,4737.34765625
4449,train,9000,8942.757,57.2431640625
3025,train,11200,10893.391,306.609375
530,train,300000,275143.88,24856.125
2702,train,4000,5299.997,-1299.9970703125
3884,train,18000,29165.61,-11165.609375
2745,train,13500,11688.736,1811.263671875
1722,train,19000,18238.174,761.826171875
1704,train,28000,22613.902,5386.09765625
661,train,35000,44468.7,-9468.69921875
1243,train,72000,43493.316,28506.68359375
1027,train,230000,147393.0,82607.0
4463,train,20000,21202.463,-1202.462890625
2210,train,10000,12357.897,-2357.8974609375
1607,train,6000,9007.473,-3007.47265625
163,train,9000,10034.503,-1034.5029296875
3591,train,7000,6760.179,239.82080078125
4262,train,10000,6982.55,3017.4501953125
2722,train,20000,20631.027,-631.02734375
4058,train,30000,34067.6,-4067.6015625
3627,train,15000,14715.12,284.8798828125
3187,train,13000,18405.574,-5405.57421875
812,train,36000,39630.383,-3630.3828125
1508,train,13500,8319.7,5180.2998046875
2811,train,15000,18328.85,-3328.849609375
3362,train,12000,12549.673,-549.6728515625
4457,train,12000,13698.623,-1698.623046875
421,train,12000,10328.309,1671.69140625
1477,train,70000,51569.11,18430.890625
1588,train,10000,10010.738,-10.73828125
313,train,15000,14753.399,246.6005859375
3945,train,12000,14811.711,-2811.7109375
2161,train,24000,23222.973,777.02734375
277,train,15000,8366.091,6633.9091796875
2750,train,9000,9416.266,-416.265625
140,train,12500,10746.339,1753.6611328125
1383,train,37000,50668.156,-13668.15625
2708,train,10000,8517.742,1482.2578125
1881,train,15000,15578.828,-578.828125
4448,train,400000,226042.69,173957.3125
310,train,9000,6513.29,2486.7099609375
3601,train,18000,16742.29,1257.7109375
4279,train,15000,10535.462,4464.5380859375
3190,train,15000,15114.472,-114.4716796875
1347,train,20000,18372.393,1627.607421875
2295,train,30000,22533.965,7466.03515625
189,train,6500,5485.8276,1014.17236328125
1923,train,24000,16380.954,7619.0458984375
1842,train,17000,14237.5625,2762.4375
1155,train,38000,40664.266,-2664.265625
3933,train,23000,14673.245,8326.7548828125
61,train,30000,27884.357,2115.642578125
1691,train,20000,17205.594,2794.40625
499,train,6000,7739.841,-1739.8408203125
1733,train,12500,14149.721,-1649.720703125
2555,train,6000,6454.975,-454.97509765625
2004,train,15000,8675.245,6324.7548828125
1337,train,110000,116674.9,-6674.8984375
2652,train,60000,66230.984,-6230.984375
3823,train,22000,20214.166,1785.833984375
2193,train,34000,36395.496,-2395.49609375
1425,train,35000,35960.9,-960.8984375
2893,train,16000,19127.24,-3127.240234375
687,train,100000,88433.84,11566.15625
1517,train,7500,7127.409,372.5908203125
852,train,75000,90326.02,-15326.0234375
4726,train,35000,24098.854,10901.146484375
261,train,7000,7900.657,-900.6572265625
4487,train,18000,15013.371,2986.62890625
3852,train,15000,12030.078,2969.921875
4246,train,18000,12699.082,5300.91796875
584,train,13000,24992.15,-11992.150390625
1305,train,51000,63609.664,-12609.6640625
875,train,15000,13672.283,1327.716796875
4116,train,14000,14350.25,-350.25
1608,train,17000,13658.846,3341.154296875
4302,train,18000,20461.332,-2461.33203125
1560,train,12000,7585.1763,4414.82373046875
827,train,40000,46143.43,-6143.4296875
625,train,85000,76328.95,8671.046875
4274,train,25000,17662.756,7337.244140625
1984,train,11000,7699.991,3300.0087890625
1642,train,12000,18254.271,-6254.271484375
1278,train,15000,17543.607,-2543.607421875
4468,train,24000,26895.383,-2895.3828125
1742,train,14000,26184.328,-12184.328125
4400,train,50000,54792.11,-4792.109375
522,train,25000,14503.834,10496.166015625
4688,train,12000,11305.572,694.427734375
614,train,120000,62302.684,57697.31640625
2223,train,28000,27012.707,987.29296875
2483,train,12000,15005.384,-3005.3837890625
2281,train,22000,23500.832,-1500.83203125
3394,train,20000,20308.62,-308.619140625
2698,train,18000,22618.322,-4618.322265625
935,train,18000,23856.025,-5856.025390625
1987,train,55000,51927.75,3072.25
483,train,5000,5382.146,-382.14599609375
4396,train,24000,17872.727,6127.2734375
2047,train,11000,9218.613,1781.38671875
459,train,22500,17758.852,4741.1484375
4615,train,5000,7625.85,-2625.85009765625
4156,train,31000,32132.275,-1132.275390625
3871,train,10000,10128.589,-128.5888671875
2116,train,14000,11085.614,2914.3857421875
3081,train,12000,15740.891,-3740.890625
4094,train,12000,10778.016,1221.984375
4632,train,9000,11404.731,-2404.7314453125
4229,train,8000,8707.708,-707.7080078125
3713,train,19000,13001.619,5998.380859375
2010,train,50000,24530.697,25469.302734375
1589,train,7000,6221.1294,778.87060546875
1139,train,77000,82319.35,-5319.3515625
2494,train,14000,11604.837,2395.1630859375
1552,train,84000,72303.63,11696.3671875
3294,train,65000,67249.93,-2249.9296875
3145,train,8500,6455.141,2044.85888671875
1751,train,7500,8945.709,-1445.708984375
30,train,7500,4891.9707,2608.029296875
462,train,14000,14607.451,-607.451171875
3110,train,9000,8638.14,361.8603515625
3479,train,12000,11417.192,582.8076171875
2545,train,36000,33629.324,2370.67578125
2384,train,40000,21829.37,18170.630859375
1546,train,16000,16055.965,-55.96484375
917,train,8000,18485.883,-10485.8828125
4601,train,10000,11457.019,-1457.0185546875
432,train,5500,7220.1084,-1720.1083984375
4668,train,7000,10881.325,-3881.3251953125
901,train,75000,86878.41,-11878.40625
3599,train,22000,24024.389,-2024.388671875
1882,train,11000,13369.867,-2369.8671875
1939,train,24000,19052.303,4947.697265625
2077,train,11000,10072.464,927.5361328125
2662,train,35000,41760.473,-6760.47265625
1685,train,17500,16916.47,583.529296875
1036,train,100000,126823.9,-26823.8984375
3856,train,20000,12885.504,7114.49609375
406,train,5500,6887.321,-1387.32080078125
3233,train,25000,19988.924,5011.076171875
1880,train,10000,13453.702,-3453.7021484375
3802,train,14000,14981.317,-981.3173828125
1537,train,7500,7988.6924,-488.6923828125
4389,train,15000,19943.68,-4943.6796875
1185,train,76000,53554.742,22445.2578125
418,train,4500,5581.9194,-1081.91943359375
1068,train,130000,112029.97,17970.03125
3838,train,15000,13641.661,1358.3388671875
4501,train,8000,7965.6084,34.3916015625
4548,train,10000,11231.115,-1231.115234375
2082,train,10000,9962.343,37.6572265625
3558,train,24000,20767.34,3232.66015625
2248,train,12000,14628.991,-2628.9912109375
147,train,8000,9128.285,-1128.28515625
4133,train,20000,15187.835,4812.1650390625
137,train,17500,20200.367,-2700.3671875
76,train,5500,6152.676,-652.67578125
4565,train,18000,16384.078,1615.921875
2218,train,40000,27124.488,12875.51171875
833,train,80000,131476.69,-51476.6875
1188,train,39000,43340.445,-4340.4453125
43,train,8500,8482.379,17.62109375
3680,train,8000,13537.158,-5537.158203125
2257,train,7000,8445.075,-1445.0751953125
2529,train,24000,14644.193,9355.806640625
4678,train,30000,18126.447,11873.552734375
4492,train,37000,30970.514,6029.486328125
2639,train,15000,12025.076,2974.923828125
2492,train,14000,12686.722,1313.2783203125
3011,train,22000,15407.027,6592.97265625
838,train,450000,526881.2,-76881.1875
3332,train,20000,22394.406,-2394.40625
3720,train,40000,37916.863,2083.13671875
323,train,8500,9990.984,-1490.984375
4023,train,12000,14509.299,-2509.298828125
3733,train,20000,20170.836,-170.8359375
274,train,30000,49685.285,-19685.28515625
1373,train,24000,32189.756,-8189.755859375
3336,train,23000,19436.807,3563.193359375
2783,train,10000,10005.212,-5.2119140625
169,train,40000,18954.578,21045.421875
2541,train,16000,28352.271,-12352.271484375
1461,train,30000,34043.76,-4043.76171875
2903,train,110000,93192.33,16807.671875
2990,train,26000,23735.654,2264.345703125
4685,train,17000,13447.596,3552.404296875
894,train,15500,15564.334,-64.333984375
4007,train,25000,17693.863,7306.13671875
631,train,50000,45911.09,4088.91015625
2777,train,6500,8525.708,-2025.7080078125
3455,train,45000,52209.31,-7209.30859375
2230,train,16000,13429.574,2570.42578125
3723,train,35000,17683.607,17316.392578125
2886,train,9500,7802.004,1697.99609375
4472,train,15000,12368.345,2631.6552734375
2408,train,9000,9561.976,-561.9755859375
730,train,95000,115093.87,-20093.8671875
2184,train,24000,20842.125,3157.875
703,train,40000,43042.55,-3042.55078125
652,train,43000,44232.387,-1232.38671875
1280,train,13000,21470.373,-8470.373046875
4213,train,42000,40001.867,1998.1328125
1905,train,6000,8081.801,-2081.80078125
4298,train,13000,13552.144,-552.1435546875
484,train,10000,10100.132,-100.1318359375
3146,train,20000,43167.645,-23167.64453125
1955,train,15000,13377.686,1622.314453125
4100,train,16500,20326.447,-3826.447265625
2053,train,4800,7140.909,-2340.9091796875
4067,train,1200,10858.444,-9658.4443359375
302,train,20000,13296.785,6703.21484375
2967,train,7500,8779.846,-1279.845703125
4127,train,10000,12547.22,-2547.2197265625
3285,train,8000,9044.197,-1044.197265625
1809,train,22000,12296.561,9703.439453125
4360,train,26000,19967.28,6032.720703125
1973,train,70000,35085.59,34914.41015625
1614,train,7000,6331.5425,668.45751953125
3192,train,19000,17172.2,1827.80078125
3764,train,6000,6094.4375,-94.4375
2352,train,17500,14244.123,3255.876953125
4150,train,12000,13991.331,-1991.3310546875
2241,train,14000,12082.178,1917.822265625
2930,train,5500,7760.0723,-2260.072265625
610,train,50000,55099.914,-5099.9140625
3791,train,12500,8922.658,3577.341796875
3056,train,22000,23971.77,-1971.76953125
1783,train,20000,14310.478,5689.5224609375
776,train,150000,144172.1,5827.90625
4513,train,60000,55996.727,4003.2734375
1116,train,55000,62426.69,-7426.69140625
2140,train,13900,11946.702,1953.2978515625
3468,train,26000,25358.828,641.171875
2106,train,12000,9123.741,2876.2587890625
1380,train,600000,540460.75,59539.25
4201,train,10000,12444.44,-2444.4404296875
2871,train,30000,22727.826,7272.173828125
191,train,9000,7451.406,1548.59423828125
1046,train,27000,24731.875,2268.125
973,train,85000,82278.305,2721.6953125
4499,train,35000,33858.91,1141.08984375
449,train,4000,4362.6055,-362.60546875
628,train,50000,69413.49,-19413.4921875
1403,train,20000,13451.2,6548.7998046875
4311,train,9500,10242.287,-742.287109375
3416,train,10000,11482.683,-1482.6826171875
1303,train,50000,51888.195,-1888.1953125
3383,train,30000,24852.154,5147.845703125
4293,train,70000,74151.68,-4151.6796875
616,train,110000,137921.72,-27921.71875
745,train,100000,115789.11,-15789.109375
193,train,12000,11302.542,697.4580078125
1862,train,8000,11309.357,-3309.357421875
1449,train,45000,27292.768,17707.232421875
3064,train,40000,46577.87,-6577.87109375
46,train,4600,7638.2036,-3038.20361328125
4291,train,12000,11038.843,961.1572265625
3950,train,4000,6583.526,-2583.52587890625
3506,train,15000,17524.193,-2524.193359375
1107,train,35500,41422.484,-5922.484375
4102,train,8500,10902.704,-2402.7041015625
2143,train,13000,14354.083,-1354.0830078125
2369,train,7500,9953.007,-2453.0068359375
642,train,150000,154934.72,-4934.71875
3061,train,8000,7815.045,184.955078125
4074,train,35000,27940.34,7059.66015625
1225,train,65000,72200.48,-7200.4765625
777,train,230000,328904.44,-98904.4375
3545,train,26000,36840.754,-10840.75390625
4154,train,6000,6740.496,-740.49609375
3249,train,15000,12485.789,2514.2109375
3931,train,22000,24064.402,-2064.40234375
1158,train,180000,103203.72,76796.28125
3168,train,14000,20895.424,-6895.423828125
815,train,42000,51705.867,-9705.8671875
2381,train,14000,22266.072,-8266.072265625
4357,train,18000,12244.377,5755.623046875
1284,train,360000,289534.62,70465.375
331,train,6500,4563.849,1936.15087890625
788,train,170000,143570.84,26429.15625
1834,train,12500,11345.539,1154.4609375
4054,train,14000,10518.915,3481.0849609375
1746,train,55000,49118.316,5881.68359375
1292,train,65000,73126.64,-8126.640625
883,train,45000,34443.92,10556.078125
2269,train,7000,8076.661,-1076.6611328125
4339,train,10000,13187.552,-3187.5517578125
4284,train,9500,8668.702,831.2978515625
289,train,3500,4503.363,-1003.36279296875
4515,train,9000,12037.538,-3037.5380859375
2879,train,28000,31293.576,-3293.576171875
2201,train,16500,15212.625,1287.375
1960,train,26969,25264.85,1704.150390625
4530,train,8000,8397.485,-397.4853515625
2824,train,9300,13002.983,-3702.9833984375
263,train,6000,5189.8174,810.1826171875
3020,train,5000,6409.709,-1409.708984375
3299,train,26000,20211.043,5788.95703125
2006,train,27000,18373.285,8626.71484375
3547,train,15000,8092.9316,6907.068359375
1864,train,15000,13165.835,1834.1650390625
441,train,5500,4754.378,745.6220703125
1515,train,7500,9242.375,-1742.375
1412,train,45000,47179.047,-2179.046875
2798,train,37000,21635.95,15364.05078125
4331,train,6000,6564.9023,-564.90234375
4214,train,20000,17092.447,2907.552734375
1487,train,65000,73721.695,-8721.6953125
295,train,10500,9717.481,782.5185546875
2552,train,13000,9769.373,3230.626953125
2877,train,16000,17136.682,-1136.681640625
364,train,10000,8868.959,1131.041015625
3948,train,9500,12003.683,-2503.6826171875
3491,train,8500,8551.729,-51.728515625
1658,train,14000,9561.52,4438.48046875
2324,train,12000,13048.49,-1048.490234375
761,train,36000,41244.86,-5244.859375
4418,train,14000,13696.912,303.087890625
758,train,35000,37154.08,-2154.078125
1095,train,25000,18896.295,6103.705078125
2228,train,12000,10693.112,1306.8876953125
4188,train,7500,6165.3354,1334.66455078125
3456,train,5000,6843.676,-1843.67578125
4618,train,9000,12030.721,-3030.720703125
2661,train,36000,57611.42,-21611.421875
4063,train,15000,11385.397,3614.6025390625
2050,train,9000,13265.523,-4265.5234375
496,train,14000,10094.344,3905.65625
810,train,40000,40365.51,-365.51171875
1797,train,5000,7804.527,-2804.52685546875
2599,train,25000,41494.008,-16494.0078125
471,train,7500,7277.6533,222.3466796875
2071,train,35000,31546.213,3453.787109375
1504,train,8000,8529.425,-529.4248046875
3330,train,12000,7105.9453,4894.0546875
1261,train,70000,93977.1,-23977.1015625
3578,train,18000,10957.527,7042.47265625
736,train,46000,41139.3,4860.69921875
2236,train,16000,18304.27,-2304.26953125
955,train,72000,49555.62,22444.37890625
2718,train,11000,12444.013,-1444.0126953125
1100,train,26000,30342.49,-4342.490234375
4028,train,10000,12242.357,-2242.357421875
2790,train,22000,29626.076,-7626.076171875
480,train,6000,11205.842,-5205.841796875
2278,train,20000,9800.731,10199.2685546875
3411,train,75000,45610.96,29389.0390625
4416,train,120000,113308.19,6691.8125
3083,train,20000,23341.033,-3341.033203125
910,train,24000,22861.938,1138.0625
3098,train,13000,12053.403,946.5966796875
1200,train,25000,28246.041,-3246.041015625
3917,train,25000,23523.053,1476.947265625
1974,train,19000,15529.577,3470.4228515625
2878,train,20000,21559.035,-1559.03515625
3317,train,45000,19355.541,25644.458984375
3775,train,18500,21661.736,-3161.736328125
1707,train,20000,15661.912,4338.087890625
1830,train,11000,8353.302,2646.6982421875
2883,train,8000,9650.509,-1650.5087890625
2121,train,15000,17875.113,-2875.11328125
2675,train,30000,34749.785,-4749.78515625
1142,train,40000,38667.195,1332.8046875
393,train,7000,7119.4526,-119.45263671875
1586,train,7000,7858.9,-858.89990234375
884,train,35000,26003.508,8996.4921875
3443,train,16000,18204.148,-2204.1484375
3891,train,11000,11123.997,-123.9970703125
3896,train,30000,25516.178,4483.822265625
1680,train,12000,8991.722,3008.2783203125
3227,train,30000,34582.395,-4582.39453125
398,train,8000,6696.983,1303.01708984375
598,train,55000,56892.883,-1892.8828125
4144,train,45000,43999.887,1000.11328125
2122,train,9500,9252.977,247.0234375
408,train,11000,12239.578,-1239.578125
3850,train,8500,11751.3,-3251.2998046875
811,train,40000,26646.223,13353.77734375
135,train,9000,9737.855,-737.85546875
4,train,7500,8738.667,-1238.6669921875
3112,train,17000,25002.188,-8002.1875
2493,train,14000,12087.399,1912.6005859375
4025,train,45000,42979.504,2020.49609375
987,train,75000,66534.55,8465.453125
996,train,75000,52552.047,22447.953125
1828,train,7000,6555.3477,444.65234375
4517,train,5800,9260.658,-3460.658203125
2422,train,18000,12190.985,5809.0146484375
3174,train,7000,7940.515,-940.51513671875
2517,train,22000,21881.752,118.248046875
1562,train,16000,15631.59,368.41015625
3748,train,12000,9277.509,2722.4912109375
2437,train,10000,8622.221,1377.779296875
3380,train,16000,15130.12,869.8798828125
4627,train,5000,4875.1685,124.83154296875
4045,train,25000,14720.524,10279.4755859375
2065,train,17681,18505.604,-824.603515625
764,train,7500,13081.761,-5581.7607421875
237,train,5500,7478.4907,-1978.49072265625
3188,train,9000,8141.6533,858.3466796875
3404,train,45000,30053.256,14946.744140625
893,train,40000,72410.38,-32410.3828125
3241,train,85000,53914.59,31085.41015625
2330,train,12500,14032.825,-1532.8251953125
3815,train,100000,69324.25,30675.75
3058,train,6500,8284.519,-1784.5185546875
396,train,35000,17895.686,17104.314453125
3759,train,15000,11155.169,3844.8310546875
1996,train,15000,17671.72,-2671.720703125
479,train,10000,10818.913,-818.9130859375
4304,train,9000,12347.2705,-3347.2705078125
2815,train,250000,153699.25,96300.75
3566,train,15000,15530.54,-530.5400390625
4406,train,3000,5530.655,-2530.65478515625
2617,train,140000,88815.28,51184.71875
154,train,7000,6753.122,246.8779296875
4182,train,16000,15450.01,549.990234375
705,train,230000,191611.6,38388.40625
3611,train,8000,7744.109,255.89111328125
3017,train,12000,10612.644,1387.3564453125
1045,train,46000,55508.992,-9508.9921875
2364,train,24000,23871.113,128.88671875
1832,train,60000,49270.61,10729.390625
188,train,7000,7863.1885,-863.1884765625
4235,train,26000,19807.428,6192.572265625
2968,train,10000,11756.568,-1756.568359375
3207,train,14000,12134.052,1865.9482421875
1247,train,8000,18475.625,-10475.625
2700,train,65000,29631.783,35368.216796875
3888,train,13000,9344.548,3655.4521484375
344,train,7500,10991.431,-3491.4306640625
1289,train,130000,159670.08,-29670.078125
2342,train,18000,24508.037,-6508.037109375
1851,train,40000,52386.367,-12386.3671875
533,train,33000,30866.926,2133.07421875
3954,train,13000,15796.882,-2796.8818359375
1354,train,55000,38346.16,16653.83984375
4684,train,22000,18872.09,3127.91015625
2985,train,29000,36670.67,-7670.671875
1744,train,11000,14514.06,-3514.0595703125
1937,train,14000,13692.784,307.2158203125
1840,train,13000,8386.056,4613.9443359375
2812,train,12000,11284.403,715.5966796875
4642,train,8000,12374.811,-4374.810546875
1806,train,130000,135900.02,-5900.015625
3673,train,10000,10487.931,-487.9306640625
3536,train,12500,13694.874,-1194.8740234375
341,train,12000,13295.936,-1295.935546875
2119,train,10000,8592.297,1407.703125
4735,train,45000,43318.09,1681.91015625
2782,train,13000,11889.504,1110.49609375
2665,train,20000,17922.314,2077.685546875
4042,train,10000,10569.551,-569.55078125
2343,train,70000,69904.3,95.703125
67,train,7500,6803.408,696.591796875
3629,train,7000,6922.7207,77.279296875
2273,train,15000,15876.025,-876.025390625
4242,train,12000,12923.855,-923.85546875
206,train,5000,6019.587,-1019.5869140625
3278,train,4500,7551.0767,-3051.07666015625
4503,train,5500,4774.9253,725.07470703125
1775,train,30000,22228.178,7771.822265625
1506,train,50000,56511.918,-6511.91796875
1762,train,15000,22442.041,-7442.041015625
939,train,32000,42732.15,-10732.1484375
4243,train,15000,16809.504,-1809.50390625
4181,train,8000,10404.24,-2404.240234375
2464,train,6000,8676.18,-2676.1796875
63,train,30000,20793.342,9206.658203125
3610,train,25000,27609.678,-2609.677734375
4352,train,12000,12710.557,-710.556640625
1400,train,20000,31402.521,-11402.521484375
2044,train,250000,172587.14,77412.859375
3478,train,30000,12711.515,17288.4853515625
2575,train,8000,8355.43,-355.4296875
3919,train,45000,47738.105,-2738.10546875
3054,train,16000,11840.323,4159.6767578125
3210,train,7000,8379.292,-1379.2919921875
3494,train,18000,14083.87,3916.1298828125
1069,train,58000,47394.523,10605.4765625
4512,train,9000,16911.115,-7911.115234375
1389,train,310000,357248.28,-47248.28125
4326,train,18000,12109.8545,5890.1455078125
1854,train,16000,18527.926,-2527.92578125
3312,train,12000,13280.169,-1280.1689453125
2928,train,30000,32387.297,-2387.296875
1408,train,55000,60914.703,-5914.703125
1136,train,40000,27259.887,12740.11328125
2748,train,200000,177889.84,22110.15625
2668,train,14000,14429.466,-429.4658203125
2842,train,24000,24440.162,-440.162109375
545,train,22000,21061.467,938.533203125
3914,train,12000,12439.6455,-439.6455078125
2528,train,140000,116294.414,23705.5859375
1564,train,11000,11341.828,-341.828125
842,train,55000,64554.227,-9554.2265625
2513,train,20000,19621.682,378.318359375
2461,train,5000,8760.765,-3760.7646484375
3832,train,11000,11788.299,-788.298828125
541,train,270000,266729.16,3270.84375
855,train,39000,31346.447,7653.552734375
804,train,50000,44084.062,5915.9375
372,train,35000,31016.182,3983.818359375
3457,train,30000,21793.736,8206.263671875
409,train,10000,7878.3755,2121.62451171875
1153,train,45000,42225.754,2774.24609375
4325,train,22000,22486.025,-486.025390625
4504,train,5000,6866.718,-1866.7177734375
3268,train,16000,12116.404,3883.595703125
2387,train,25000,27411.354,-2411.353515625
3729,train,12000,12580.184,-580.18359375
1324,train,20000,33178.33,-13178.328125
2358,train,4500,5943.2905,-1443.29052734375
4456,train,22000,22906.002,-906.001953125
4628,train,6000,5949.218,50.7822265625
4187,train,14000,14767.6455,-767.6455078125
4032,train,130000,136251.84,-6251.84375
4348,train,12000,11862.919,137.0810546875
2840,train,150000,127676.18,22323.8203125
3144,train,30000,47771.445,-17771.4453125
1518,train,25000,23207.143,1792.857421875
334,train,8000,5952.635,2047.365234375
1015,train,60000,45641.64,14358.359375
3698,train,18000,18736.08,-736.080078125
3873,train,12000,7837.7153,4162.28466796875
3238,train,22000,16390.268,5609.732421875
2378,train,20000,8682.496,11317.50390625
3184,train,12000,13315.961,-1315.9609375
2677,train,11000,8256.113,2743.88671875
2556,train,100000,64097.992,35902.0078125
4372,train,9000,6860.3086,2139.69140625
2039,train,25000,19426.52,5573.48046875
223,train,12500,8833.7295,3666.2705078125
1183,train,18000,25572.795,-7572.794921875
2301,train,10000,13434.237,-3434.2373046875
1244,train,180000,218675.17,-38675.171875
4087,train,18000,19155.828,-1155.828125
2925,train,80000,69855.984,10144.015625
2126,train,10000,7627.225,2372.77490234375
2760,train,38000,22831.434,15168.56640625
3428,train,16000,19866.379,-3866.37890625
3008,train,27000,33192.0,-6192.0
4659,train,12500,12937.804,-437.8037109375
3724,train,4000,6371.2046,-2371.20458984375
3296,train,13500,17498.156,-3998.15625
2172,train,30000,32629.93,-2629.9296875
1463,train,90000,92152.46,-2152.4609375
662,train,15000,16144.088,-1144.087890625
3462,train,17000,21513.068,-4513.068359375
4641,train,15500,10322.163,5177.8369140625
465,train,20000,14944.441,5055.55859375
1683,train,25000,27899.973,-2899.97265625
4138,train,12000,11535.35,464.650390625
4132,train,6500,7504.378,-1004.3779296875
2081,train,11000,10637.988,362.01171875
1334,train,25000,23707.125,1292.875
711,train,15000,19935.047,-4935.046875
1823,train,13500,11563.604,1936.396484375
473,train,15000,11837.579,3162.4208984375
4059,train,12000,13528.976,-1528.9755859375
3074,train,15000,15882.901,-882.9013671875
3433,train,6000,7041.5728,-1041.57275390625
3862,train,32000,28824.27,3175.73046875
300,train,35000,22254.29,12745.7109375
2416,train,50000,54143.734,-4143.734375
1909,train,5500,7153.405,-1653.40478515625
2769,train,16000,11773.523,4226.4765625
4607,train,15000,15315.374,-315.3740234375
3395,train,18000,7975.385,10024.615234375
24,train,8000,8563.09,-563.08984375
3301,train,15000,8849.508,6150.4921875
2097,train,8500,9556.459,-1056.458984375
450,train,30000,13366.183,16633.8173828125
709,train,300000,116064.29,183935.7109375
4273,train,8000,10622.852,-2622.8515625
2355,train,22000,14955.464,7044.5361328125
114,train,15000,17737.676,-2737.67578125
923,train,43500,38698.113,4801.88671875
2625,train,10000,9498.275,501.724609375
1879,train,21000,33870.473,-12870.47265625
4640,train,15000,14593.805,406.1953125
4380,train,25000,20768.627,4231.373046875
969,train,60000,60089.258,-89.2578125
1326,train,850000,548078.8,301921.1875
3392,train,130000,120090.55,9909.453125
3612,train,12500,10020.511,2479.4892578125
4460,train,15000,14567.494,432.505859375
790,train,55000,52535.66,2464.33984375
4358,train,21000,18046.53,2953.470703125
1887,train,20000,16705.604,3294.396484375
985,train,22000,23982.633,-1982.6328125
933,train,65000,52320.312,12679.6875
4126,train,6500,7943.947,-1443.94677734375
2253,train,15000,14816.883,183.1171875
1308,train,30000,35814.957,-5814.95703125
4613,train,15000,16913.566,-1913.56640625
1295,train,22000,34595.098,-12595.09765625
1750,train,12000,9059.599,2940.4013671875
4429,train,8000,12805.833,-4805.8330078125
3593,train,8000,9610.388,-1610.3876953125
2153,train,14000,9982.517,4017.4833984375
3572,train,130000,109152.2,20847.796875
3128,train,17000,21064.299,-4064.298828125
2155,train,20000,21835.43,-1835.4296875
2621,train,6000,10536.477,-4536.4765625
1624,train,11500,11809.264,-309.263671875
551,train,25000,16410.602,8589.3984375
3966,train,100000,106739.555,-6739.5546875
1741,train,5000,7694.14,-2694.14013671875
755,train,42000,46710.48,-4710.48046875
645,train,65000,76352.33,-11352.328125
446,train,10000,10193.19,-193.1904296875
390,train,22000,20105.035,1894.96484375
4259,train,25000,19840.74,5159.259765625
222,train,25000,15817.672,9182.328125
869,train,200000,171259.4,28740.59375
3528,train,35000,37320.707,-2320.70703125
205,train,15000,13166.602,1833.3984375
1593,train,16000,12241.913,3758.0869140625
1370,train,60000,121267.67,-61267.671875
2202,train,14500,15511.74,-1011.740234375
1613,train,9000,7846.1523,1153.84765625
3246,train,15000,14142.408,857.591796875
495,train,10000,5980.63,4019.3701171875
2380,train,9500,8734.242,765.7578125
2477,train,10000,10214.923,-214.9228515625
123,train,8000,10049.118,-2049.1181640625
2297,train,9250,11272.496,-2022.49609375
1908,train,20000,17778.34,2221.66015625
359,train,15000,8736.491,6263.5087890625
4137,train,12500,12588.886,-88.8857421875
2022,train,35000,17542.838,17457.162109375
1187,train,45000,14878.794,30121.2060546875
3902,train,9000,10202.625,-1202.625
1736,train,10500,9988.106,511.8935546875
822,train,93000,133369.36,-40369.359375
1251,train,45000,56187.918,-11187.91796875
3817,train,16000,16737.914,-737.9140625
3451,train,15000,13301.414,1698.5859375
1557,train,9500,10235.949,-735.94921875
837,train,33003,42088.332,-9085.33203125
3617,train,27000,29646.936,-2646.935546875
4610,train,15000,7550.601,7449.39892578125
3848,train,70000,93231.445,-23231.4453125
4110,train,10000,7908.264,2091.73583984375
892,train,25000,22699.404,2300.595703125
1146,train,32000,20161.45,11838.55078125
1462,train,45000,44806.88,193.12109375
831,train,200000,168848.69,31151.3125
4716,train,9000,12159.052,-3159.0517578125
589,train,40000,41872.02,-1872.01953125
4730,train,25000,19851.719,5148.28125
2366,train,16000,14821.6455,1178.3544921875
2274,train,8200,8877.846,-677.845703125
98,train,18000,14988.42,3011.580078125
2115,train,5000,7527.7627,-2527.7626953125
3701,train,8000,11060.32,-3060.3203125
3415,train,24000,23831.988,168.01171875
4104,train,15000,18904.406,-3904.40625
1028,train,180000,175629.16,4370.84375
3376,train,38000,31456.895,6543.10546875
1219,train,260000,300955.88,-40955.875
4723,train,7000,8497.57,-1497.5703125
1693,train,15000,12387.245,2612.7548828125
4617,train,8500,7069.3184,1430.681640625
1922,train,20000,16647.965,3352.03515625
1684,train,7000,7512.9077,-512.90771484375
3602,train,8500,8684.104,-184.103515625
1310,train,15000,16221.211,-1221.2109375
1047,train,95000,120033.3,-25033.296875
620,train,40000,47833.215,-7833.21484375
2734,train,80000,82158.97,-2158.96875
4329,train,13000,20677.338,-7677.337890625
490,train,8000,7490.7764,509.2236328125
1205,train,150000,140323.0,9677.0
1853,train,18500,22452.617,-3952.6171875
2537,train,11000,10673.946,326.0537109375
250,train,12000,11024.976,975.0244140625
724,train,85000,122358.05,-37358.046875
1444,train,36000,20133.645,15866.35546875
4568,train,16500,13925.446,2574.5537109375
2643,train,6500,7969.4688,-1469.46875
1160,train,300000,344163.38,-44163.375
3658,train,9000,11067.897,-2067.8974609375
3356,train,11500,11913.988,-413.98828125
1338,train,21000,17237.557,3762.443359375
2308,train,20000,21743.121,-1743.12109375
2875,train,18000,15060.827,2939.1728515625
4694,train,12000,14849.5625,-2849.5625
3803,train,8500,9530.918,-1030.91796875
3313,train,45000,34108.855,10891.14453125
2390,train,22000,11816.294,10183.7060546875
3534,train,16500,14716.158,1783.841796875
379,train,40000,29876.617,10123.3828125
2532,train,15000,11773.523,3226.4765625
684,train,150000,147513.23,2486.765625
4035,train,9000,10237.648,-1237.6484375
2475,train,11000,10617.857,382.142578125
36,train,12500,11331.048,1168.9521484375
2642,train,10000,14167.979,-4167.978515625
1576,train,15000,14439.846,560.154296875
2619,train,12500,13671.318,-1171.318359375
3059,train,3000,6068.3345,-3068.33447265625
3633,train,15000,14255.431,744.5693359375
658,train,32000,26562.719,5437.28125
463,train,9500,7069.568,2430.43212890625
299,train,20000,16302.978,3697.0224609375
3323,train,25000,20842.66,4157.33984375
2012,train,25000,43228.246,-18228.24609375
2503,train,12500,10859.097,1640.9033203125
3483,train,40000,47039.863,-7039.86328125
2733,train,9300,9132.944,167.0556640625
2583,train,15000,13528.42,1471.580078125
1249,train,52000,29505.477,22494.5234375
2135,train,25000,31970.025,-6970.025390625
3014,train,6500,10626.357,-4126.357421875
3072,train,12000,13739.315,-1739.3154296875
2134,train,21000,17317.723,3682.27734375
4330,train,6000,7627.5234,-1627.5234375
1995,train,15000,14661.97,338.0302734375
981,train,23500,24208.643,-708.642578125
1167,train,140000,129880.01,10119.9921875
1701,train,5000,9223.442,-4223.4423828125
3868,train,23000,15189.24,7810.759765625
540,train,35000,34323.445,676.5546875
919,train,230000,271968.7,-41968.6875
4265,train,34000,42456.367,-8456.3671875
3142,train,6500,12837.199,-6337.19921875
179,train,15000,16065.569,-1065.5693359375
3690,train,8500,9856.583,-1356.5830078125
4070,train,17000,20511.547,-3511.546875
1195,train,90000,72564.61,17435.390625
1245,train,26000,26790.932,-790.931640625
216,train,7000,8962.49,-1962.490234375
753,train,170000,136863.53,33136.46875
3604,train,40000,38734.297,1265.703125
4462,train,9000,7767.9146,1232.08544921875
3496,train,10000,11160.757,-1160.7568359375
1711,train,7500,7773.4956,-273.49560546875
1398,train,140000,110332.23,29667.7734375
4283,train,15000,13029.86,1970.1396484375
4085,train,16000,14209.997,1790.0029296875
1213,train,85000,87163.98,-2163.9765625
3286,train,10000,7486.9053,2513.0947265625
2959,train,15000,8969.861,6030.138671875
3304,train,15000,11820.668,3179.33203125
120,train,6300,5480.812,819.18798828125
759,train,14000,16318.301,-2318.30078125
3969,train,24000,18203.14,5796.859375
3773,train,7500,7421.8276,78.17236328125
2056,train,22500,16740.598,5759.40234375
2620,train,14000,13629.865,370.134765625
131,train,6000,6951.2515,-951.25146484375
2300,train,12000,6712.9844,5287.015625
1096,train,110000,126167.64,-16167.640625
2169,train,18000,16739.064,1260.935546875
4531,train,20000,9405.369,10594.630859375
4012,train,130000,89393.3,40606.703125
743,train,25000,23238.527,1761.47265625
3916,train,9000,7381.2563,1618.74365234375
3527,train,12000,17117.111,-5117.111328125
680,train,30000,25227.89,4772.109375
4398,train,8000,10260.414,-2260.4140625
4033,train,8500,7791.184,708.81591796875
2490,train,45000,35768.637,9231.36328125
2375,train,8000,8166.86,-166.85986328125
2889,train,10000,12398.923,-2398.9228515625
2328,train,25000,22121.082,2878.91796875
797,train,200000,195215.73,4784.265625
4337,train,10000,11024.3545,-1024.3544921875
2800,train,12000,12044.544,-44.5439453125
4478,train,9000,12427.136,-3427.1357421875
467,train,7500,8300.938,-800.9384765625
1169,train,65000,77207.8,-12207.796875
2616,train,14000,7596.6665,6403.33349609375
2624,train,8000,27912.986,-19912.986328125
3826,train,15000,16043.336,-1043.3359375
4500,train,30000,35471.8,-5471.80078125
1883,train,7500,7565.4585,-65.45849609375
208,train,18000,17037.875,962.125
281,train,6500,5540.079,959.9208984375
492,train,20000,11616.076,8383.923828125
4704,train,35000,28450.025,6549.974609375
2828,train,15000,18723.844,-3723.84375
3373,train,35000,32318.86,2681.140625
3106,train,15000,14033.2,966.7998046875
2350,train,8000,8641.049,-641.048828125
1110,train,180000,138124.56,41875.4375
1182,train,55000,64496.63,-9496.62890625
1603,train,12000,11608.988,391.01171875
2251,train,18500,12932.881,5567.119140625
4714,train,17000,14120.938,2879.0615234375
1441,train,65000,70747.55,-5747.546875
2817,train,30000,27264.307,2735.693359375
512,train,11000,9350.013,1649.9873046875
1076,train,45000,49161.715,-4161.71484375
1889,train,13000,14990.278,-1990.2783203125
3955,train,12500,12829.402,-329.40234375
2689,train,30000,23187.475,6812.525390625
507,train,5000,5095.451,-95.451171875
1813,train,60000,48237.13,11762.87109375
2523,train,15000,13545.424,1454.576171875
3237,train,4500,5708.9375,-1208.9375
1605,train,36000,36233.31,-233.30859375
2032,train,9000,10580.655,-1580.6552734375
3175,train,18000,14955.292,3044.7080078125
1306,train,140000,163432.4,-23432.40625
3941,train,28000,29081.062,-1081.0625
2386,train,3500,5841.1685,-2341.16845703125
4533,train,14000,14110.0205,-110.0205078125
497,train,10000,9872.521,127.478515625
3485,train,8000,7928.316,71.68408203125
3378,train,7500,6379.0547,1120.9453125
3438,train,12500,11746.907,753.0927734375
3540,train,72000,47209.203,24790.796875
249,train,6000,7868.643,-1868.64306640625
954,train,40000,24773.281,15226.71875
1649,train,22000,15950.651,6049.3486328125
1415,train,25000,28153.955,-3153.955078125
4254,train,15000,12054.91,2945.08984375
45,train,10000,13859.555,-3859.5546875
1132,train,75000,82082.13,-7082.1328125
3209,train,14000,10588.146,3411.853515625
3493,train,60000,51278.875,8721.125
3484,train,25000,21243.29,3756.7109375
2392,train,11000,9559.805,1440.1953125
94,train,20000,13487.89,6512.1103515625
3897,train,11000,9858.566,1141.43359375
4324,train,52000,59823.312,-7823.3125
1387,train,210000,216670.06,-6670.0625
1700,train,6000,6394.4854,-394.4853515625
4473,train,8000,11314.903,-3314.9033203125
4413,train,10000,13197.454,-3197.4541015625
3787,train,80000,100446.19,-20446.1875
2400,train,16000,11114.155,4885.8447265625
3007,train,12000,11313.63,686.3701171875
3641,train,11000,13214.495,-2214.4951171875
3659,train,18000,16644.836,1355.1640625
1816,train,11000,11948.115,-948.115234375
626,train,180000,273622.25,-93622.25
3588,train,18000,10521.985,7478.0146484375
548,train,8000,14480.89,-6480.8896484375
4586,train,37000,38531.727,-1531.7265625
1443,train,55000,52503.805,2496.1953125
2807,train,15000,16621.93,-1621.9296875
4167,train,85000,71108.49,13891.5078125
73,train,6500,7171.0845,-671.08447265625
2498,train,25000,16562.793,8437.20703125
2679,train,35000,23038.86,11961.140625
980,train,40000,54353.316,-14353.31640625
1532,train,50000,35589.62,14410.37890625
2128,train,13000,14048.667,-1048.6669921875
971,train,130000,144270.56,-14270.5625
4013,train,27000,29410.547,-2410.546875
195,train,6000,7418.494,-1418.494140625
260,train,25000,38355.375,-13355.375
1224,train,60000,52424.85,7575.1484375
162,train,3500,3689.0354,-189.035400390625
651,train,17500,20811.973,-3311.97265625
3584,train,22000,18680.482,3319.517578125
3900,train,23382,22748.428,633.572265625
3998,train,18000,18816.61,-816.609375
4390,train,20000,12591.756,7408.244140625
2935,train,14000,21458.357,-7458.357421875
686,train,160000,111281.6,48718.3984375
1668,train,15000,18102.295,-3102.294921875
2666,train,8500,9182.145,-682.14453125
3490,train,8500,10429.665,-1929.6650390625
3032,train,150000,105569.26,44430.7421875
4047,train,45000,56114.016,-11114.015625
1342,train,18000,19155.719,-1155.71875
1348,train,140000,93911.7,46088.296875
902,train,8000,14302.714,-6302.7138671875
3314,train,22000,15699.136,6300.8642578125
913,train,21000,23506.795,-2506.794921875
2574,train,45000,44005.723,994.27734375
1293,train,33000,28379.242,4620.7578125
4228,train,16000,11375.704,4624.2958984375
153,train,20000,21179.484,-1179.484375
2974,train,9000,7555.6006,1444.3994140625
4656,train,20000,11665.649,8334.3505859375
586,train,38000,39842.15,-1842.1484375
3492,train,11000,11268.282,-268.2822265625
1207,train,40000,27983.195,12016.8046875
1450,train,14000,16833.488,-2833.48828125
3639,train,10000,12372.899,-2372.8994140625
4578,train,15000,19488.203,-4488.203125
3344,train,8500,8965.081,-465.0810546875
3847,train,40000,78886.555,-38886.5546875
4024,train,15000,13148.092,1851.908203125
3671,train,11000,11175.296,-175.2958984375
3226,train,38000,38793.45,-793.44921875
829,train,75000,49015.883,25984.1171875
1133,train,45000,68092.0,-23092.0
2737,train,13000,10353.805,2646.1953125
4115,train,18000,13922.697,4077.302734375
3548,train,8500,10574.743,-2074.7431640625
997,train,39000,44749.484,-5749.484375
276,train,5000,6071.93,-1071.93017578125
601,train,70000,72443.26,-2443.2578125
3203,train,80000,68254.48,11745.5234375
2360,train,6000,9027.649,-3027.6494140625
3912,train,25000,16649.297,8350.703125
2293,train,9000,6868.355,2131.64501953125
1745,train,5500,6826.2886,-1326.28857421875
11,train,5000,5544.6943,-544.6943359375
3476,train,13000,17111.105,-4111.10546875
1420,train,75000,64466.312,10533.6875
554,train,23000,31246.637,-8246.63671875
1268,train,43000,50316.97,-7316.96875
4671,train,18000,19483.39,-1483.390625
1643,train,20000,18472.77,1527.23046875
4327,train,7000,11237.684,-4237.68359375
2515,train,85000,74227.74,10772.2578125
2941,train,10000,7056.808,2943.19189453125
948,train,45000,47218.21,-2218.2109375
3379,train,12500,11180.093,1319.9072265625
1480,train,680000,447324.0,232676.0
3464,train,22000,21609.697,390.302734375
2125,train,20000,16850.547,3149.453125
2285,train,24000,20732.668,3267.33203125
1315,train,40000,42362.453,-2362.453125
983,train,110000,140844.28,-30844.28125
3387,train,15000,14131.002,868.998046875
2814,train,70000,51743.504,18256.49609375
2780,train,33000,36033.816,-3033.81640625
2771,train,9000,10069.89,-1069.8896484375
2017,train,15000,9088.211,5911.7890625
2152,train,75000,50553.86,24446.140625
3109,train,75000,50735.176,24264.82421875
3363,train,12000,12251.947,-251.947265625
1366,train,90000,81096.37,8903.6328125
414,train,8500,10237.219,-1737.21875
2658,train,29000,34749.785,-5749.78515625
2137,train,13000,16539.746,-3539.74609375
1033,train,400000,247654.3,152345.703125
2549,train,10000,19883.646,-9883.646484375
950,train,160000,163114.75,-3114.75
4004,train,9000,7358.6914,1641.30859375
4113,train,9000,10991.713,-1991.712890625
1208,train,52000,53454.984,-1454.984375
1014,train,44000,55428.055,-11428.0546875
4080,train,18000,17443.836,556.1640625
2398,train,350000,82386.664,267613.3359375
2420,train,13000,13770.512,-770.51171875
4231,train,10000,9183.747,816.2529296875
113,train,12000,12618.444,-618.4443359375
2500,train,22000,22716.102,-716.1015625
2489,train,8000,9883.2705,-1883.2705078125
809,train,55000,69062.67,-14062.671875
1447,train,170000,211710.44,-41710.4375
835,train,40000,28938.91,11061.08984375
3232,train,7000,5653.9604,1346.03955078125
3596,train,9800,14120.144,-4320.1435546875
4083,train,14000,12100.422,1899.578125
3160,train,12000,10992.458,1007.5419921875
27,train,6000,9932.912,-3932.912109375
4109,train,6500,6885.3105,-385.310546875
3709,train,20000,23462.916,-3462.916015625
1949,train,22000,12345.964,9654.0361328125
4039,train,17000,15553.769,1446.2314453125
3719,train,12000,12400.934,-400.93359375
2221,train,18000,13401.924,4598.076171875
1719,train,7000,7265.017,-265.01708984375
3381,train,16000,13079.078,2920.921875
1971,train,10000,13088.699,-3088.69921875
2306,train,8000,7618.333,381.6669921875
2110,train,8500,13799.015,-5299.0146484375
3297,train,29000,26170.672,2829.328125
4051,train,15000,11989.461,3010.5390625
2681,train,30000,37841.504,-7841.50390625
3019,train,8000,8824.5,-824.5
2189,train,28000,37107.16,-9107.16015625
3767,train,6000,6645.1567,-645.15673828125
294,train,10000,9826.911,173.0888671875
115,train,14000,13170.658,829.341796875
4016,train,10000,11527.529,-1527.529296875
2447,train,5500,6981.6177,-1481.61767578125
2037,train,10000,9133.162,866.837890625
3930,train,20000,18437.48,1562.51953125
4362,train,13000,13060.455,-60.455078125
3799,train,15000,13589.536,1410.4638671875
1029,train,180000,173895.48,6104.515625
88,train,6500,8107.727,-1607.72705078125
900,train,180000,144166.17,35833.828125
1309,train,85000,65606.414,19393.5859375
4065,train,8000,13105.0,-5105.0
2147,train,39000,41997.996,-2997.99609375
3509,train,110000,45557.883,64442.1171875
1371,train,49000,61969.652,-12969.65234375
552,train,14000,20271.64,-6271.640625
1692,train,10000,8772.212,1227.7880859375
989,train,150000,120673.19,29326.8125
3361,train,16000,18043.656,-2043.65625
646,train,80000,43885.188,36114.8125
2243,train,4700,6877.8345,-2177.83447265625
2058,train,12000,16023.014,-4023.013671875
1591,train,8000,7432.9927,567.00732421875
3728,train,10000,11438.218,-1438.2177734375
4171,train,10000,12760.126,-2760.1259765625
2591,train,30000,30871.576,-871.576171875
4621,train,11500,11857.523,-357.5234375
739,train,65000,55285.777,9714.22265625
4169,train,14000,11224.357,2775.642578125
3806,train,5000,6814.995,-1814.9951171875
1108,train,24000,33570.234,-9570.234375
2849,train,25000,19348.51,5651.490234375
4660,train,140000,149206.98,-9206.984375
726,train,150000,206565.28,-56565.28125
2070,train,8000,13062.498,-5062.498046875
2543,train,6000,10207.667,-4207.6669921875
4238,train,8500,11871.227,-3371.2265625
4249,train,12000,10132.667,1867.3330078125
3469,train,9000,13809.573,-4809.5732421875
2851,train,14000,13633.531,366.46875
2151,train,17500,22223.027,-4723.02734375
2395,train,11000,17710.223,-6710.22265625
2547,train,45000,34768.215,10231.78515625
1640,train,15000,17088.094,-2088.09375
3770,train,16000,20323.229,-4323.228515625
4212,train,12500,11664.381,835.619140625
3935,train,18000,14292.596,3707.404296875
400,train,6000,7496.509,-1496.5087890625
59,train,8500,10856.58,-2356.580078125
563,train,40000,49690.117,-9690.1171875
3890,train,10500,10150.755,349.2451171875
775,train,36000,38753.066,-2753.06640625
1737,train,6000,6858.084,-858.083984375
4359,train,95000,74195.33,20804.671875
1454,train,55000,61541.305,-6541.3046875
2785,train,23000,21378.732,1621.267578125
2980,train,90000,93113.0,-3113.0
1652,train,15000,13410.504,1589.49609375
4576,train,15000,13286.099,1713.9013671875
2779,train,20000,23125.418,-3125.41796875
3425,train,14000,13739.263,260.7373046875
4674,train,19000,16884.008,2115.9921875
2898,train,11000,9189.95,1810.0498046875
2604,train,21000,32041.848,-11041.84765625
523,train,25000,17247.275,7752.724609375
3409,train,20000,17733.43,2266.5703125
2141,train,15000,19640.066,-4640.06640625
4720,train,13000,12934.213,65.787109375
1086,train,200000,116834.125,83165.875
286,train,12000,8785.944,3214.0556640625
1992,train,8500,13127.167,-4627.1669921875
1841,train,12000,11708.53,291.4697265625
2282,train,6500,8549.184,-2049.18359375
1416,train,75000,81180.63,-6180.6328125
1452,train,7000,19791.037,-12791.037109375
4055,train,25000,18378.754,6621.24609375
2766,train,10000,12690.122,-2690.1220703125
967,train,32000,33752.387,-1752.38671875
4135,train,14000,17195.209,-3195.208984375
2975,train,9000,12812.161,-3812.1611328125
2683,train,13000,16618.156,-3618.15625
3347,train,7000,6657.3945,342.60546875
650,train,250000,289034.44,-39034.4375
1650,train,6000,5669.8975,330.1025390625
4727,train,15000,17454.47,-2454.470703125
3669,train,13500,8869.924,4630.076171875
5,train,7000,7281.9165,-281.91650390625
2294,train,7500,14873.317,-7373.3173828125
4438,train,7000,9715.618,-2715.6181640625
58,train,7000,8159.9536,-1159.95361328125
2649,train,7000,9885.675,-2885.6748046875
754,train,29999,27042.453,2956.546875
3522,train,15000,9738.738,5261.26171875
4310,train,9000,7821.906,1178.09423828125
2101,train,18000,17536.9,463.099609375
3321,train,20000,26214.312,-6214.3125
1406,train,45000,49016.727,-4016.7265625
2511,train,45000,32971.434,12028.56640625
26,train,5300,6068.803,-768.80322265625
4043,train,12000,10519.878,1480.1220703125
4026,train,20000,14458.243,5541.7568359375
1843,train,15000,14995.369,4.630859375
315,train,8000,12430.241,-4430.2412109375
3489,train,15000,13365.214,1634.7861328125
660,train,47000,50751.0,-3751.0
2593,train,19500,15898.345,3601.6552734375
325,train,14000,10693.204,3306.7958984375
4481,train,15000,14601.044,398.9560546875
1394,train,12000,12716.935,-716.9345703125
1233,train,55000,63213.613,-8213.61328125
4651,train,22000,37177.117,-15177.1171875
2710,train,16500,16458.707,41.29296875
1189,train,12500,18865.701,-6365.701171875
678,train,32000,22052.37,9947.630859375
536,train,49000,26190.771,22809.228515625
2829,train,20000,20262.207,-262.20703125
2914,train,150000,174031.53,-24031.53125
2336,train,120000,72278.81,47721.1875
1002,train,190000,178359.38,11640.625
2578,train,12000,9545.437,2454.5634765625
2854,train,10000,10722.924,-722.923828125
4573,train,6500,10000.451,-3500.451171875
4244,train,6000,10144.706,-4144.7060546875
2067,train,30000,42906.848,-12906.84765625
2225,train,110000,60963.113,49036.88671875
49,train,15000,15447.298,-447.2978515625
2540,train,15000,15968.703,-968.703125
3994,train,9000,7133.707,1866.29296875
3510,train,8500,6914.9336,1585.06640625
2983,train,15000,16047.422,-1047.421875
1421,train,350000,236509.03,113490.96875
4399,train,55000,25615.535,29384.46484375
460,train,12500,12716.874,-216.8740234375
2759,train,15000,12796.212,2203.7880859375
3120,train,8500,19968.65,-11468.650390625
2481,train,150000,122719.5,27280.5
3915,train,6500,9145.348,-2645.34765625
2199,train,19500,15114.386,4385.6142578125
4112,train,12000,12720.161,-720.1611328125
3042,train,30000,28542.236,1457.763671875
3327,train,13000,13625.784,-625.7841796875
3292,train,14000,12652.851,1347.1494140625
3182,train,20000,14469.955,5530.044921875
1869,train,15000,19010.012,-4010.01171875
3368,train,10000,11687.3545,-1687.3544921875
2469,train,45000,21734.578,23265.421875
119,train,14000,13695.566,304.43359375
3730,train,19397,21349.818,-1952.818359375
367,train,21000,18004.102,2995.8984375
1986,train,17000,8175.8774,8824.12255859375
1912,train,9300,9212.487,87.5126953125
3651,train,8000,9642.274,-1642.2744140625
2099,train,8000,8634.317,-634.3173828125
116,train,5000,4301.785,698.21484375
3958,train,50000,48810.586,1189.4140625
3111,train,6500,7812.9805,-1312.98046875
3521,train,30000,27211.547,2788.453125
3865,train,10677,12464.99,-1787.990234375
4626,train,45000,38797.074,6202.92578125
649,train,18000,22463.37,-4463.369140625
1519,train,54000,47985.734,6014.265625
3697,train,12000,15324.857,-3324.857421875
1081,train,300000,264726.9,35273.09375
2211,train,12000,15845.877,-3845.876953125
3372,train,16500,22657.596,-6157.595703125
1391,train,27000,39928.04,-12928.0390625
1811,train,23000,15194.297,7805.703125
2063,train,12500,7570.0996,4929.900390625
3467,train,10000,17303.79,-7303.7890625
4198,train,15000,15328.0,-328.0
2156,train,12000,15638.612,-3638.6123046875
3570,train,15000,17488.28,-2488.279296875
1654,train,10000,11687.511,-1687.5107421875
4056,train,36000,21260.07,14739.9296875
615,train,60000,41418.453,18581.546875
4314,train,19500,16446.812,3053.1875
4687,train,30000,79430.09,-49430.09375
3946,train,12500,15035.726,-2535.7255859375
3043,train,10000,11230.837,-1230.8369140625
509,train,6000,7509.1396,-1509.1396484375
4424,train,35000,28345.836,6654.1640625
3173,train,10000,12065.723,-2065.72265625
1357,train,75000,92736.09,-17736.09375
947,train,40000,60070.234,-20070.234375
912,train,100000,40181.457,59818.54296875
532,train,130000,190755.39,-60755.390625
3342,train,18999,17603.576,1395.423828125
3055,train,6000,7876.1665,-1876.16650390625
1688,train,22000,20193.78,1806.220703125
3034,train,15000,14642.42,357.580078125
2947,train,12000,14275.88,-2275.8798828125
447,train,12000,16593.023,-4593.0234375
3542,train,17000,19569.445,-2569.4453125
3918,train,12500,16859.902,-4359.90234375
2611,train,20500,22066.38,-1566.380859375
624,train,150000,185113.5,-35113.5
87,train,22000,15042.524,6957.4755859375
1612,train,13500,12977.548,522.4521484375
1906,train,160000,197101.97,-37101.96875
3700,train,160000,87217.11,72782.890625
2691,train,14500,16238.671,-1738.6708984375
2424,train,27000,33913.688,-6913.6875
789,train,180000,162842.28,17157.71875
2932,train,10000,11542.998,-1542.998046875
1536,train,15000,12381.812,2618.1884765625
4152,train,120000,117018.23,2981.7734375
1050,train,30000,34929.406,-4929.40625
4698,train,25000,12844.535,12155.46484375
4464,train,6500,8044.3945,-1544.39453125
2337,train,7000,7807.9443,-807.9443359375
864,train,18000,22444.674,-4444.673828125
2000,train,32000,15934.382,16065.6181640625
2784,train,10000,15250.381,-5250.380859375
4162,train,7000,10745.868,-3745.8681640625
382,train,6500,7197.3086,-697.30859375
2086,train,17500,12867.01,4632.990234375
1712,train,14000,15388.069,-1388.0693359375
68,train,6500,8457.804,-1957.8037109375
1863,train,20000,23728.434,-3728.43359375
2159,train,12000,12265.674,-265.673828125
1601,train,55000,50609.723,4390.27734375
4040,train,9000,10247.319,-1247.3193359375
926,train,77500,70019.53,7480.46875
4272,train,45000,45426.12,-426.12109375
602,train,150000,154220.92,-4220.921875
77,train,5000,6711.883,-1711.8828125
2315,train,7000,8406.6455,-1406.6455078125
478,train,18000,17161.492,838.5078125
3266,train,35000,27655.059,7344.94140625
2188,train,12500,11562.732,937.267578125
4708,train,20000,18886.818,1113.181640625
4711,train,17000,13390.975,3609.025390625
1785,train,9000,9509.924,-509.923828125
371,train,7000,11109.439,-4109.439453125
1392,train,26000,22135.94,3864.060546875
1316,train,650000,557488.1,92511.875
3242,train,15000,18959.84,-3959.83984375
1695,train,56000,65780.21,-9780.2109375
2399,train,16000,18104.781,-2104.78125
895,train,45000,41258.04,3741.9609375
1827,train,10000,10751.742,-751.7421875
4015,train,13000,12015.733,984.2666015625
1749,train,15000,17392.355,-2392.35546875
2309,train,12500,10594.985,1905.0146484375
1799,train,6500,7759.547,-1259.546875
3239,train,10000,8631.691,1368.30859375
2123,train,25000,20967.75,4032.25
1217,train,58000,63501.71,-5501.7109375
283,train,10000,8716.699,1283.30078125
133,train,4700,5136.2656,-436.265625
1855,train,8000,8019.5044,-19.50439453125
3959,train,40000,38943.055,1056.9453125
908,train,32000,34194.55,-2194.55078125
2826,train,20000,23871.068,-3871.068359375
731,train,40000,29788.873,10211.126953125
3224,train,12000,15248.01,-3248.009765625
3606,train,12000,9578.561,2421.439453125
1969,train,18000,16406.908,1593.091796875
3434,train,20000,17123.219,2876.78125
3450,train,5000,7472.95,-2472.9501953125
4665,train,14000,11455.565,2544.4345703125
2036,train,12000,10179.579,1820.4208984375
4350,train,26000,20029.516,5970.484375
4068,train,8000,8980.194,-980.1943359375
888,train,35000,37016.215,-2016.21484375
1283,train,21000,25300.945,-4300.9453125
4636,train,12000,13281.208,-1281.2080078125
15,train,40000,22819.59,17180.41015625
1000,train,25000,23909.916,1090.083984375
3205,train,23000,25134.23,-2134.23046875
4099,train,5400,6803.772,-1403.77197265625
403,train,5000,5480.498,-480.498046875
847,train,300000,346216.6,-46216.59375
2445,train,23000,12166.477,10833.5234375
1669,train,11500,8548.2295,2951.7705078125
4445,train,6000,5809.8623,190.1376953125
350,train,5500,7917.0713,-2417.0712890625
278,train,6500,5699.1333,800.86669921875
375,train,9900,8666.471,1233.529296875
3620,train,45000,30758.08,14241.919921875
358,train,12000,9092.225,2907.775390625
644,train,55000,46154.83,8845.171875
617,train,84500,73971.78,10528.21875
1655,train,21000,17868.244,3131.755859375
2961,train,40000,29301.47,10698.529296875
3090,train,15000,19416.389,-4416.388671875
2317,train,11000,10450.725,549.275390625
3508,train,6800,6598.935,201.06494140625
879,train,28000,42907.094,-14907.09375
2942,train,35000,23694.604,11305.396484375
3216,train,7000,7228.9766,-228.9765625
2731,train,18000,23199.42,-5199.419921875
4227,train,12000,12234.338,-234.337890625
3275,train,23000,25321.223,-2321.22265625
4440,train,9000,12010.107,-3010.107421875
3670,train,26000,18206.666,7793.333984375
2577,train,25000,30043.426,-5043.42578125
2038,train,25000,16816.607,8183.392578125
4447,train,21000,13469.597,7530.4033203125
407,train,35000,30885.152,4114.84765625
3996,train,8000,10703.51,-2703.509765625
1730,train,29000,30476.275,-1476.275390625
387,train,6000,7259.787,-1259.787109375
1781,train,20000,24547.852,-4547.8515625
3702,train,6000,7749.7026,-1749.70263671875
4683,train,8000,12590.831,-4590.8310546875
2510,train,11500,10749.979,750.021484375
1764,train,4500,7429.215,-2929.21484375
4419,train,6000,6208.3965,-208.396484375
474,train,7000,7116.4316,-116.431640625
3339,train,12000,6953.4863,5046.513671875
2235,train,12000,12496.069,-496.0693359375
1042,train,14000,14953.752,-953.751953125
3828,train,70000,66947.0,3053.0
3093,train,15000,16556.3,-1556.30078125
738,train,55100,48717.48,6382.51953125
2412,train,20000,14819.567,5180.4326171875
3810,train,28000,14274.301,13725.69921875
273,train,15000,7469.694,7530.30615234375
4693,train,12000,12864.874,-864.8740234375
4384,train,13000,15764.402,-2764.40234375
1458,train,27000,27352.883,-352.8828125
943,train,15000,27671.943,-12671.943359375
3194,train,16000,17991.33,-1991.330078125
1664,train,20000,16766.914,3233.0859375
134,train,14000,8953.075,5046.9248046875
3236,train,7000,6688.4355,311.564453125
1171,train,54000,46786.45,7213.55078125
1818,train,10000,16296.371,-6296.37109375
413,train,6800,7413.3804,-613.38037109375
1273,train,65000,67586.266,-2586.265625
2266,train,15000,14273.32,726.6796875
511,train,5000,6440.375,-1440.375
2966,train,18000,21756.854,-3756.853515625
3171,train,11500,13642.168,-2142.16796875
569,train,65000,53056.24,11943.76171875
524,train,70000,81535.92,-11535.921875
3646,train,12000,14428.833,-2428.8330078125
1966,train,10000,9194.387,805.61328125
4205,train,7500,11108.507,-3608.5068359375
2981,train,200000,194939.66,5060.34375
825,train,55000,76292.35,-21292.3515625
2595,train,25000,16406.283,8593.716796875
3992,train,9500,14365.3955,-4865.3955078125
2638,train,45000,53451.465,-8451.46484375
3276,train,11000,11124.771,-124.771484375
394,train,8500,10338.677,-1838.6767578125
81,train,8200,6401.528,1798.47216796875
3975,train,10000,10242.844,-242.84375
3049,train,15000,11457.106,3542.8935546875
1615,train,12000,12302.004,-302.00390625
72,train,16000,15133.237,866.7626953125
2716,train,8000,9900.395,-1900.39453125
3047,train,30000,25476.494,4523.505859375
2087,train,6500,8148.5674,-1648.5673828125
2971,train,12000,12856.03,-856.0302734375
3170,train,25000,23478.855,1521.14453125
3878,train,13000,12891.97,108.0302734375
1089,train,6000,8351.485,-2351.4853515625
29,train,12500,9628.654,2871.345703125
3114,train,15000,11295.764,3704.236328125
3300,train,8200,10983.644,-2783.6435546875
339,train,7500,9008.254,-1508.25390625
3421,train,6000,9917.075,-3917.0751953125
1125,train,14000,16172.566,-2172.56640625
2072,train,8000,8197.718,-197.7177734375
3616,train,17500,18186.117,-686.1171875
1748,train,8500,7358.397,1141.60302734375
550,train,20000,34135.934,-14135.93359375
3287,train,7000,13758.014,-6758.013671875
2205,train,280000,164862.27,115137.734375
785,train,85000,45931.63,39068.37109375
2124,train,14000,13389.098,610.90234375
84,train,6700,9569.302,-2869.3017578125
2504,train,15000,17963.691,-2963.69140625
1633,train,20000,13903.615,6096.384765625
3073,train,75000,52909.195,22090.8046875
2743,train,530000,372402.78,157597.21875
2761,train,50000,40168.74,9831.26171875
2181,train,9500,11403.883,-1903.8828125
2973,train,31000,25933.098,5066.90234375
2455,train,5000,8357.6455,-3357.6455078125
1163,train,40000,39927.125,72.875
2289,train,4000,5028.117,-1028.1171875
4253,train,11000,11337.967,-337.966796875
3515,train,17000,17158.383,-158.3828125
4114,train,60000,66396.74,-6396.7421875
1540,train,12000,13178.737,-1178.7373046875
3513,train,10000,12308.717,-2308.716796875
4692,train,7500,10503.857,-3003.857421875
1470,train,80000,75415.66,4584.34375
2068,train,25000,22981.121,2018.87890625
3432,train,10500,11181.181,-681.1806640625
679,train,150000,172278.97,-22278.96875
2633,train,22000,17009.98,4990.01953125
2915,train,13000,15321.788,-2321.7880859375
543,train,21000,25778.14,-4778.140625
1793,train,30000,39821.71,-9821.7109375
2402,train,8000,8886.428,-886.427734375
940,train,36000,33152.58,2847.421875
352,train,7000,6938.4736,61.5263671875
1023,train,45000,48436.598,-3436.59765625
786,train,75000,82932.88,-7932.8828125
1964,train,6500,6496.5815,3.41845703125
3051,train,20000,15243.662,4756.337890625
2647,train,5500,8790.353,-3290.3525390625
3520,train,8000,8672.449,-672.44921875
2866,train,8000,11510.808,-3510.8076171875
4136,train,25000,20964.791,4035.208984375
1031,train,20000,18360.148,1639.8515625
2472,train,9000,10454.175,-1454.1748046875
284,train,1500,3880.641,-2380.64111328125
3721,train,16000,20934.14,-4934.140625
4554,train,7500,10136.659,-2636.6591796875
1667,train,14500,14098.506,401.494140625
2627,train,25000,19295.658,5704.341796875
2880,train,7000,6898.951,101.048828125
2076,train,6000,8980.125,-2980.125
4052,train,5500,6647.4453,-1147.4453125
4048,train,20000,18340.635,1659.365234375
3656,train,16000,16144.134,-144.1337890625
2260,train,100000,67230.055,32769.9453125
1945,train,30000,20969.809,9030.19140625
1486,train,45000,47773.266,-2773.265625
308,train,13000,16033.195,-3033.1953125
1150,train,65000,72045.375,-7045.375
762,train,53500,40989.383,12510.6171875
1638,train,30000,30213.068,-213.068359375
599,train,120000,132782.14,-12782.140625
3005,train,20000,16825.207,3174.79296875
253,train,12000,16338.67,-4338.669921875
143,train,8000,10467.604,-2467.603515625
1738,train,16000,17807.238,-1807.23828125
2341,train,11000,12610.576,-1610.576171875
4219,train,9000,10473.546,-1473.5458984375
4486,train,12000,12446.042,-446.0419921875
3129,train,8500,11461.762,-2961.76171875
3388,train,7500,14092.926,-6592.92578125
1122,train,40000,33227.82,6772.1796875
4370,train,30000,28876.271,1123.728515625
51,train,7500,5407.886,2092.11376953125
1770,train,10000,14318.642,-4318.6416015625
3554,train,16000,11308.667,4691.3330078125
2564,train,14500,21829.37,-7329.369140625
3253,train,12000,11492.642,507.3583984375
2319,train,60000,57533.29,2466.7109375
2254,train,17600,16600.715,999.28515625
2910,train,13000,15952.462,-2952.4619140625
2929,train,42000,41735.19,264.80859375
4378,train,12000,14019.061,-2019.060546875
4351,train,8000,7258.9146,741.08544921875
845,train,28000,48908.39,-20908.390625
4130,train,12000,12030.721,-30.720703125
3691,train,5000,6237.8735,-1237.87353515625
674,train,32000,33187.41,-1187.41015625
1959,train,10000,6965.302,3034.6982421875
2752,train,7000,11120.921,-4120.9208984375
1623,train,6500,7967.4927,-1467.49267578125
3964,train,16000,16927.912,-927.912109375
4701,train,12500,11152.669,1347.3310546875
1629,train,15000,13480.932,1519.068359375
3085,train,16000,17457.783,-1457.783203125
2354,train,17000,15206.345,1793.6552734375
4159,train,17500,18907.707,-1407.70703125
1621,train,18000,19218.943,-1218.943359375
4614,train,9500,9716.443,-216.443359375
1776,train,12000,15748.339,-3748.3388671875
436,train,7000,10467.164,-3467.1640625
3384,train,16000,17813.727,-1813.7265625
732,train,180000,152043.38,27956.625
415,train,5000,7061.609,-2061.60888671875
3271,train,13000,12287.874,712.1259765625
993,train,200000,228356.98,-28356.984375
2419,train,16000,16058.14,-58.1396484375
529,train,160000,54815.42,105184.578125
1594,train,4500,7782.3755,-3282.37548828125
52,train,5000,7936.7217,-2936.7216796875
354,train,10000,10087.414,-87.4140625
1218,train,130000,89850.39,40149.609375
3877,train,7000,4578.592,2421.408203125
4282,train,7000,11582.092,-4582.091796875
4648,train,15000,11987.322,3012.677734375
2894,train,23000,26016.58,-3016.580078125
454,train,8500,8010.9805,489.01953125
2789,train,30000,26852.428,3147.572265625
995,train,48000,36992.535,11007.46484375
2764,train,15000,20809.432,-5809.431640625
152,train,5000,9693.21,-4693.2099609375
813,train,45000,47297.31,-2297.30859375
82,train,15000,12372.155,2627.8447265625
1662,train,8000,9745.744,-1745.744140625
2333,train,9000,11972.823,-2972.8232421875
723,train,80000,78728.65,1271.3515625
3863,train,15000,12197.498,2802.501953125
2832,train,8000,13934.573,-5934.5732421875
695,train,17000,21188.676,-4188.67578125
2844,train,28000,24319.836,3680.1640625
3760,train,8000,5772.02,2227.97998046875
4375,train,25000,21415.69,3584.310546875
2608,train,32000,36070.367,-4070.3671875
2684,train,11000,10025.597,974.4033203125
1007,train,39000,31007.25,7992.75
4354,train,10000,13731.102,-3731.1015625
1082,train,80000,43285.01,36714.98828125
2518,train,32000,33354.727,-1354.7265625
1717,train,5500,7400.8755,-1900.87548828125
4639,train,80000,91222.445,-11222.4453125
3910,train,5500,5711.41,-211.41015625
4328,train,16500,17850.309,-1350.30859375
3804,train,35000,29983.83,5016.169921875
1430,train,58000,45880.098,12119.90234375
3505,train,6500,5507.1816,992.818359375
3364,train,12000,11921.047,78.953125
2209,train,180000,103400.945,76599.0546875
4411,train,8000,10485.63,-2485.6298828125
2231,train,11000,13665.83,-2665.830078125
2765,train,30000,21699.846,8300.154296875
2479,train,25000,23064.977,1935.0234375
1404,train,50000,37233.395,12766.60546875
246,train,10000,12897.024,-2897.0244140625
2711,train,100000,125754.52,-25754.5234375
3541,train,10000,7997.216,2002.7841796875
1916,train,14000,14139.617,-139.6171875
2562,train,10000,8254.286,1745.7138671875
2831,train,40000,29218.424,10781.576171875
513,train,10000,11500.416,-1500.416015625
397,train,6000,4522.1787,1477.8212890625
581,train,28000,21902.902,6097.09765625
3311,train,280000,195102.58,84897.421875
2130,train,24000,20023.729,3976.271484375
3156,train,18000,20636.773,-2636.7734375
3837,train,12000,16792.71,-4792.7109375
984,train,150000,217684.73,-67684.734375
4193,train,30000,24133.56,5866.439453125
3598,train,15000,18531.814,-3531.814453125
3665,train,15000,13462.494,1537.505859375
244,train,15000,17581.396,-2581.396484375
327,train,7000,6891.5327,108.46728515625
1569,train,12000,13517.315,-1517.3154296875
4388,train,10000,14261.74,-4261.740234375
3310,train,14500,13163.475,1336.525390625
161,train,10000,8667.091,1332.9091796875
2198,train,7500,9467.316,-1967.31640625
3913,train,23000,17064.578,5935.421875
1180,train,25000,26585.758,-1585.7578125
4111,train,12000,14484.8955,-2484.8955078125
1350,train,21000,23226.473,-2226.47265625
4575,train,17500,15955.475,1544.525390625
1794,train,120000,104613.836,15386.1640625
2859,train,40000,45790.617,-5790.6171875
3161,train,16000,12001.016,3998.984375
368,train,5000,4563.8145,436.185546875
4524,train,7500,10920.864,-3420.8642578125
3686,train,25000,22254.842,2745.158203125
1697,train,25000,17216.625,7783.375
3358,train,4200,7993.502,-3793.501953125
4147,train,20000,18276.691,1723.30859375
3579,train,18000,16779.055,1220.9453125
3472,train,7000,15571.163,-8571.1630859375
4145,train,10500,12653.708,-2153.7080078125
4103,train,14000,13226.915,773.0849609375
18,train,11000,11784.14,-784.1396484375
2256,train,8000,9684.385,-1684.384765625
2561,train,15000,11385.896,3614.103515625
498,train,10500,12808.166,-2308.166015625
199,train,24000,16224.1045,7775.8955078125
1339,train,46700,46061.824,638.17578125
657,train,160000,133913.58,26086.421875
3893,train,14000,18629.527,-4629.52734375
2907,train,40000,44628.656,-4628.65625
139,train,15000,18068.797,-3068.796875
3739,train,13500,13341.321,158.6787109375
518,train,5000,5128.056,-128.05615234375
1057,train,45000,33184.91,11815.08984375
4216,train,45000,53240.992,-8240.9921875
3797,train,25000,19530.031,5469.96875
3648,train,11000,11283.564,-283.564453125
958,train,50000,88107.47,-38107.46875
1620,train,11000,8313.14,2686.8603515625
430,train,5000,4886.915,113.0849609375
734,train,140000,175124.72,-35124.71875
1865,train,20000,21507.693,-1507.693359375
2664,train,30000,37020.734,-7020.734375
3833,train,12000,12645.335,-645.3349609375
440,train,8000,7332.0967,667.9033203125
4387,train,9000,10672.928,-1672.927734375
2720,train,9000,7840.355,1159.64501953125
2707,train,70000,97847.78,-27847.78125
4174,train,25000,17151.512,7848.48828125
4363,train,12000,14366.066,-2366.06640625
974,train,98000,113557.0,-15557.0
3488,train,17000,23917.557,-6917.556640625
3461,train,25000,25407.68,-407.6796875
3264,train,14000,13315.986,684.013671875
918,train,75000,44784.92,30215.078125
3812,train,14000,11125.408,2874.591796875
2956,train,52000,40717.24,11282.76171875
2551,train,8000,11226.617,-3226.6171875
1541,train,7000,7700.931,-700.93115234375
3048,train,13000,14399.469,-1399.46875
4676,train,10000,11555.798,-1555.7978515625
1191,train,55000,44850.53,10149.46875
402,train,9000,8657.094,342.90625
4645,train,5000,6291.911,-1291.9111328125
1646,train,8000,8209.619,-209.619140625
4525,train,25000,22803.578,2196.421875
3605,train,17000,16109.051,890.94921875
2485,train,17000,17963.691,-963.69140625
4049,train,16000,10708.616,5291.3837890625
3366,train,15723,17949.188,-2226.1875
1514,train,17000,14484.674,2515.326171875
1626,train,13000,10230.913,2769.0869140625
2252,train,4750,6077.3477,-1327.34765625
357,train,7000,6991.96,8.0400390625
4069,train,15000,23874.164,-8874.1640625
2572,train,200000,83127.125,116872.875
4661,train,65000,64017.168,982.83203125
2976,train,27000,25557.215,1442.78515625
2136,train,8500,8982.37,-482.3701171875
177,train,4000,7290.3394,-3290.33935546875
1325,train,26000,26644.266,-644.265625
1008,train,190000,188558.0,1442.0
2778,train,25000,22901.918,2098.08203125
4547,train,7500,7124.4453,375.5546875
3369,train,3000,6026.86,-3026.85986328125
166,train,8000,11667.675,-3667.6748046875
2030,train,15000,21186.615,-6186.615234375
3459,train,15000,16996.895,-1996.89453125
2034,train,22000,15054.738,6945.26171875
101,train,35000,35675.324,-675.32421875
882,train,75000,40741.28,34258.71875
2573,train,20000,24519.166,-4519.166015625
2265,train,7500,8635.874,-1135.8740234375
1239,train,100000,55819.707,44180.29296875
3816,train,18000,12153.533,5846.466796875
4276,train,19000,13439.325,5560.6748046875
4637,train,14500,15572.753,-1072.7529296875
1009,train,84000,89733.25,-5733.25
3867,train,32500,36011.66,-3511.66015625
3267,train,8000,10544.459,-2544.458984375
870,train,20000,22162.557,-2162.556640625
90,train,18000,18160.934,-160.93359375
2311,train,26000,27855.838,-1855.837890625
2049,train,4300,7501.802,-3201.8017578125
3906,train,11000,9875.063,1124.9365234375
2796,train,10000,15276.628,-5276.6279296875
34,train,22000,13671.762,8328.23828125
793,train,19000,16672.656,2327.34375
780,train,61000,94182.66,-33182.65625
3675,train,24000,19682.162,4317.837890625
2075,train,140000,143892.02,-3892.015625
1121,train,57000,125611.29,-68611.2890625
972,train,25000,28150.84,-3150.83984375
3880,train,9500,12722.261,-3222.2607421875
1844,train,35000,29984.488,5015.51171875
2288,train,8500,8029.8906,470.109375
3664,train,8500,11087.665,-2587.6650390625
2598,train,12000,12683.976,-683.9755859375
1405,train,29000,21469.33,7530.669921875
4405,train,15000,21250.604,-6250.603515625
2162,train,9000,9098.645,-98.64453125
1041,train,75000,61599.32,13400.6796875
3980,train,300000,150617.34,149382.65625
2884,train,9000,15963.023,-6963.0234375
314,train,7000,7809.367,-809.3671875
1164,train,45000,42011.777,2988.22265625
1990,train,16000,15103.779,896.220703125
4602,train,13000,13116.217,-116.216796875
1831,train,9000,6826.2173,2173.78271484375
54,train,11000,10008.199,991.80078125
1272,train,330000,207613.0,122387.0
2196,train,16000,17045.936,-1045.935546875
2742,train,40000,36292.1,3707.8984375
1788,train,7000,7948.3047,-948.3046875
3235,train,6500,9523.539,-3023.5390625
2476,train,35000,35731.27,-731.26953125
3157,train,9500,12273.701,-2773.701171875
2566,train,24000,20332.264,3667.736328125
3279,train,100000,103377.58,-3377.578125
3731,train,12000,12788.232,-788.232421875
3986,train,10000,10277.584,-277.583984375
1696,train,43000,46609.555,-3609.5546875
1464,train,25000,21901.293,3098.70703125
1203,train,27000,30219.898,-3219.8984375
2634,train,4500,6870.642,-2370.64208984375
3262,train,5250,6141.5356,-891.53564453125
2822,train,6500,10877.31,-4377.3095703125
2891,train,55000,63058.145,-8058.14453125
1533,train,7000,7538.4473,-538.447265625
3822,train,11500,9516.03,1983.9697265625
1926,train,20000,20483.982,-483.982421875
1753,train,20000,27074.787,-7074.787109375
3525,train,40000,21885.32,18114.6796875
1498,train,61500,81646.26,-20146.2578125
1807,train,15000,10791.676,4208.32421875
3989,train,9000,10654.387,-1654.38671875
3050,train,12000,12789.794,-789.7939453125
3283,train,18000,15254.628,2745.3720703125
2991,train,25000,22408.656,2591.34375
4307,train,36000,19931.89,16068.109375
2229,train,11500,9359.578,2140.421875
242,train,7500,7167.1187,332.88134765625
782,train,42000,65424.344,-23424.34375
2410,train,13500,13372.073,127.9267578125
4207,train,8000,6814.579,1185.4208984375
960,train,65000,71355.29,-6355.2890625
4545,train,47000,38753.953,8246.046875
3402,train,19000,12483.062,6516.9384765625
801,train,45000,34433.97,10566.03125
2825,train,7500,9134.678,-1634.677734375
4319,train,13000,13511.438,-511.4384765625
3636,train,10000,9318.533,681.466796875
232,train,35000,30221.742,4778.2578125
1144,train,47000,46507.83,492.171875
2534,train,30000,28277.738,1722.26171875
1059,train,50000,37713.53,12286.46875
504,train,25000,12225.368,12774.6318359375
751,train,92500,85429.65,7070.3515625
4038,train,26000,23025.68,2974.3203125
3097,train,8000,6495.237,1504.76318359375
4584,train,13000,7944.515,5055.48486328125
2027,train,12000,11656.118,343.8818359375
4263,train,6000,7895.9937,-1895.99365234375
4340,train,8000,10190.983,-2190.9833984375
3350,train,21000,19444.928,1555.072265625
823,train,69999,62629.44,7369.55859375
1644,train,13000,12979.739,20.2607421875
2536,train,80000,79506.945,493.0546875
3983,train,27000,40048.285,-13048.28515625
4170,train,10000,10862.515,-862.5146484375
346,train,20000,24266.986,-4266.986328125
1048,train,94000,58605.42,35394.578125
343,train,9500,6889.548,2610.4521484375
1682,train,23000,22905.37,94.630859375
2275,train,8500,6959.3315,1540.66845703125
516,train,7500,7145.1196,354.88037109375
781,train,70000,85393.4,-15393.3984375
2363,train,35000,41311.074,-6311.07421875
2020,train,14000,16983.639,-2983.638671875
4579,train,9000,7478.7974,1521.20263671875
12,train,6500,8370.673,-1870.6728515625
3624,train,34999,41927.523,-6928.5234375
3929,train,30000,21864.104,8135.896484375
256,train,5000,7396.049,-2396.048828125
2804,train,12000,16185.188,-4185.1884765625
3993,train,49000,38989.062,10010.9375
4268,train,9500,11485.388,-1985.3876953125
3999,train,18000,16292.439,1707.560546875
656,train,18000,18683.867,-683.8671875
105,train,6000,7009.134,-1009.1337890625
3814,train,33000,34781.25,-1781.25
1056,train,57000,56682.535,317.46484375
3089,train,10000,11605.003,-1605.0029296875
1448,train,34000,20588.473,13411.52734375
3118,train,17500,15562.448,1937.5517578125
3349,train,14000,11511.291,2488.708984375
4700,train,6000,6180.668,-180.66796875
1432,train,45000,55192.426,-10192.42578125
4589,train,44000,40590.34,3409.66015625
25,train,7000,10298.405,-3298.4052734375
4482,train,6800,7129.639,-329.63916015625
3625,train,7000,9879.491,-2879.4912109375
4397,train,13000,15274.632,-2274.6318359375
104,train,180000,14330.364,165669.6357421875
3722,train,9000,11823.103,-2823.1025390625
332,train,20000,21609.799,-1609.798828125
4088,train,140000,160926.08,-20926.078125
4317,train,16000,14903.421,1096.5791015625
168,train,6500,6656.563,-156.56298828125
817,train,40000,33279.8,6720.19921875
2016,train,10000,8422.07,1577.9296875
3857,train,12000,11016.724,983.2763671875
4106,train,14000,12962.63,1037.3701171875
4071,train,12000,12310.924,-310.923828125
500,train,12000,11081.396,918.603515625
4237,train,28000,20173.605,7826.39453125
1522,train,10500,11487.896,-987.896484375
1094,train,20000,22780.537,-2780.537109375
3529,train,8000,10617.058,-2617.0576171875
2450,train,22000,32241.648,-10241.6484375
621,train,34000,30817.451,3182.548828125
1215,train,21000,28650.1,-7650.099609375
2331,train,18000,15105.537,2894.462890625
1304,train,18500,13238.816,5261.18359375
391,train,8500,8872.106,-372.1064453125
1172,train,180000,204030.64,-24030.640625
2382,train,65000,58032.56,6967.44140625
3921,train,75000,72403.06,2596.9375
2952,train,40000,40464.8,-464.80078125
3399,train,19000,19809.033,-809.033203125
2499,train,9000,9373.309,-373.30859375
1505,train,9500,8925.672,574.328125
1759,train,18000,13879.926,4120.07421875
2019,train,17000,18713.846,-1713.845703125
4270,train,30000,38278.82,-8278.8203125
439,train,6500,7128.898,-628.89794921875
2466,train,75000,64534.406,10465.59375
4422,train,6000,5723.872,276.1279296875
476,train,14000,11962.915,2037.0849609375
792,train,18000,18849.623,-849.623046875
1018,train,65000,58094.3,6905.69921875
172,train,7000,5422.406,1577.59423828125
1847,train,10000,10078.124,-78.1240234375
1475,train,90000,90635.02,-635.0234375
633,train,210000,120870.72,89129.28125
79,train,8000,5216.2305,2783.76953125
2304,train,12000,10552.186,1447.814453125
4475,train,22000,20413.365,1586.634765625
4528,train,7500,11195.918,-3695.91796875
2178,train,6500,8022.343,-1522.3427734375
2338,train,28000,23689.947,4310.052734375
1241,train,100000,119591.67,-19591.671875
4376,train,8500,7662.5312,837.46875
857,train,190000,111612.58,78387.421875
4017,train,10000,11894.074,-1894.07421875
2370,train,16000,21511.898,-5511.8984375
2670,train,25000,23118.67,1881.330078125
2906,train,19000,17598.994,1401.005859375
3307,train,6500,6659.325,-159.3251953125
1915,train,7000,7478.034,-478.0341796875
567,train,32000,32575.64,-575.640625
4713,train,8000,7244.1064,755.8935546875
3015,train,9000,10264.506,-1264.505859375
4142,train,65000,34627.973,30372.02734375
961,train,33000,38229.383,-5229.3828125
1184,train,100000,125495.62,-25495.6171875
4295,train,8500,6486.6685,2013.33154296875
1090,train,280000,269240.9,10759.09375
2802,train,22000,21409.174,590.826171875
3984,train,10000,12862.335,-2862.3349609375
3295,train,9000,11842.152,-2842.15234375
2519,train,20000,15638.821,4361.1787109375
3792,train,18000,13015.217,4984.783203125
710,train,6500,25196.271,-18696.271484375
2998,train,10000,9600.558,399.4423828125
3808,train,15000,11199.229,3800.771484375
3905,train,11000,10463.87,536.1298828125
1118,train,50000,58300.77,-8300.76953125
1677,train,10000,7226.6465,2773.353515625
2361,train,11000,8256.72,2743.2802734375
988,train,41000,50826.367,-9826.3671875
562,train,25000,24303.535,696.46484375
66,train,5000,4934.7646,65.2353515625
3191,train,15000,14468.906,531.09375
3037,train,10000,14412.191,-4412.19140625
3926,train,24000,22028.092,1971.908203125
3564,train,20000,11509.008,8490.9921875
3835,train,8000,11582.025,-3582.025390625
4165,train,10000,11246.239,-1246.2392578125
515,train,65000,37343.03,27656.96875
91,train,12000,8961.875,3038.125
4315,train,25000,16019.301,8980.69921875
1957,train,15000,23771.129,-8771.12890625
2432,train,38000,21421.674,16578.326171875
1954,train,15000,14769.294,230.7060546875
4157,train,7000,11731.636,-4731.6357421875
1803,train,20000,22734.957,-2734.95703125
3458,train,17000,12440.975,4559.025390625
3116,train,40000,49970.5,-9970.5
251,train,6000,8080.144,-2080.14404296875
4583,train,25000,16087.679,8912.3212890625
527,train,14000,25667.502,-11667.501953125
938,train,32000,30296.658,1703.341796875
1777,train,9000,9266.755,-266.7548828125
876,train,40000,53018.656,-13018.65625
3763,train,85000,78220.12,6779.8828125
1210,train,55000,76259.69,-21259.6875
1728,train,23000,11902.29,11097.7099609375
3115,train,25000,24072.645,927.35546875
2305,train,14000,12311.2295,1688.7705078125
2740,train,45000,48597.71,-3597.7109375
3769,train,32000,25270.777,6729.22265625
1914,train,13000,11080.868,1919.1318359375
1457,train,42000,45326.805,-3326.8046875
3704,train,6500,7348.3184,-848.318359375
1427,train,400000,401006.84,-1006.84375
3354,train,25000,18812.877,6187.123046875
3273,train,11000,8999.967,2000.033203125
437,train,5000,5806.6826,-806.6826171875
3460,train,3500,7199.5054,-3699.50537109375
3149,train,19000,15458.102,3541.8984375
909,train,50000,67760.26,-17760.2578125
2213,train,22000,15755.459,6244.541015625
769,train,110000,69566.72,40433.28125
1968,train,13000,12543.75,456.25
3824,train,12000,19692.828,-7692.828125
37,train,7000,7022.43,-22.43017578125
3638,train,12500,8993.686,3506.314453125
1678,train,8000,11372.504,-3372.50390625
4084,train,35000,32832.707,2167.29296875
2576,train,9500,10873.803,-1373.802734375
434,train,22000,20106.896,1893.103515625
936,train,48000,45051.676,2948.32421875
856,train,150000,209059.42,-59059.421875
4717,train,16000,14299.6455,1700.3544921875
377,train,5000,5902.0625,-902.0625
2427,train,80000,65966.92,14033.078125
144,train,8000,9514.033,-1514.033203125
4474,train,6500,4415.377,2084.623046875
4444,train,16000,19819.256,-3819.255859375
3643,train,15000,10690.655,4309.3447265625
2024,train,130000,135715.2,-5715.203125
2770,train,22000,23007.943,-1007.943359375
3341,train,33000,29830.95,3169.05078125
3256,train,11000,11578.822,-578.822265625
4695,train,10500,7479.261,3020.73876953125
546,train,100000,63882.81,36117.19140625
1307,train,80000,76801.24,3198.7578125
3576,train,7000,8046.0903,-1046.09033203125
423,train,12000,7881.75,4118.25
1723,train,15000,16739.064,-1739.064453125
2298,train,13000,12037.791,962.208984375
307,train,9000,9881.885,-881.884765625
2284,train,16000,15166.427,833.5732421875
544,train,150000,47983.992,102016.0078125
2093,train,8500,10360.373,-1860.373046875
779,train,190000,187656.9,2343.09375
2672,train,28000,31206.55,-3206.55078125
2177,train,9500,11829.047,-2329.046875
585,train,24000,27432.824,-3432.82421875
2203,train,16000,11782.05,4217.9501953125
4631,train,10000,10573.241,-573.2412109375
2456,train,20500,18730.256,1769.744140625
4239,train,12500,14309.045,-1809.044921875
2911,train,44000,41189.63,2810.37109375
1956,train,10000,9978.785,21.21484375
2405,train,15000,17827.766,-2827.765625
2899,train,11500,12014.369,-514.369140625
3053,train,10000,10924.4375,-924.4375
4346,train,30000,23652.652,6347.34765625
2833,train,95000,75310.37,19689.6328125
1967,train,6000,10188.681,-4188.6806640625
138,train,8500,10201.496,-1701.49609375
2431,train,35000,30187.232,4812.767578125
2977,train,12500,13043.053,-543.052734375
1731,train,12000,13567.262,-1567.26171875
3502,train,17000,12681.061,4318.939453125
4691,train,7500,8691.669,-1191.6689453125
3427,train,30000,26936.018,3063.982421875
1884,train,22000,20020.137,1979.86328125
1687,train,39000,24216.77,14783.23046875
1106,train,27000,29008.488,-2008.48828125
4260,train,11500,12435.554,-935.5537109375
715,train,16000,20042.814,-4042.814453125
1332,train,39000,25145.81,13854.189453125
4225,train,25000,16224.507,8775.4931640625
3649,train,10000,10045.898,-45.8984375
1377,train,32000,31343.068,656.931640625
157,train,12000,14720.384,-2720.3837890625
198,train,9000,9945.634,-945.6337890625
1039,train,30000,28150.812,1849.1875
4353,train,15000,18546.809,-3546.80859375
3672,train,18000,14362.601,3637.3994140625
760,train,45000,42341.57,2658.4296875
23,train,6500,10010.089,-3510.0888671875
1542,train,9000,8569.667,430.3330078125
4559,train,8000,6404.575,1595.4248046875
4680,train,6500,7272.872,-772.8720703125
3101,train,14000,20872.54,-6872.5390625
931,train,55000,57045.445,-2045.4453125
1520,train,14500,12996.239,1503.7607421875
4506,train,8000,10011.751,-2011.7509765625
2480,train,8000,8601.341,-601.3408203125
2064,train,21000,23349.451,-2349.451171875
3708,train,17000,12380.04,4619.9599609375
1531,train,13000,12176.042,823.9580078125
3895,train,10500,8978.935,1521.0654296875
525,train,45000,37202.867,7797.1328125
1661,train,13000,13328.464,-328.4638671875
639,train,100000,98042.82,1957.1796875
3705,train,10000,10366.165,-366.1650390625
3258,train,17500,16807.773,692.2265625
2200,train,75000,66078.94,8921.0625
3044,train,15000,13277.586,1722.4140625
1509,train,13000,10443.073,2556.9267578125
1070,train,65000,77340.375,-12340.375
419,train,6000,4787.134,1212.8662109375
3135,train,10000,11611.025,-1611.025390625
1467,train,110000,105970.42,4029.578125
1952,train,15000,12144.137,2855.86328125
2226,train,5500,9962.144,-4462.1435546875
2175,train,9500,11111.676,-1611.67578125
1267,train,6000,19181.074,-13181.07421875
2041,train,60000,39783.94,20216.05859375
3549,train,10000,12601.3545,-2601.3544921875
3208,train,13000,14900.663,-1900.6630859375
4722,train,13000,12447.349,552.6513671875
3711,train,11500,15773.441,-4273.44140625
4417,train,25000,18445.57,6554.4296875
3761,train,220000,261819.95,-41819.953125
4484,train,12000,16992.469,-4992.46875
2323,train,18000,20497.643,-2497.642578125
1577,train,21000,22187.998,-1187.998046875
392,train,35000,32721.018,2278.982421875
3441,train,28000,28655.291,-655.291015625
4543,train,11000,11478.336,-478.3359375
3076,train,20500,16164.702,4335.2978515625
951,train,36000,33272.152,2727.84765625
404,train,8000,14079.223,-6079.22265625
2823,train,17000,21936.895,-4936.89453125
1079,train,95000,78300.87,16699.1328125
1718,train,10000,11560.946,-1560.9462890625
1484,train,78000,43844.19,34155.80859375
321,train,12000,11663.424,336.576171875
2944,train,7000,8092.9395,-1092.939453125
4318,train,15000,10292.141,4707.859375
2585,train,70000,57176.055,12823.9453125
1878,train,45000,58923.35,-13923.3515625
4677,train,9000,10829.123,-1829.123046875
2066,train,28000,48936.715,-20936.71484375
3582,train,15000,12179.363,2820.63671875
643,train,18000,19641.621,-1641.62109375
2603,train,35000,45047.637,-10047.63671875
4597,train,9500,13591.014,-4091.013671875
2704,train,7500,8344.248,-844.248046875
712,train,38000,31433.473,6566.52734375
14,train,8500,14283.874,-5783.8740234375
962,train,27000,35932.51,-8932.51171875
401,train,15000,14311.651,688.3486328125
2554,train,7500,8167.491,-667.4912109375
4289,train,12000,9421.898,2578.1015625
2487,train,16000,24745.062,-8745.0625
3257,train,11000,12655.796,-1655.7958984375
2873,train,15000,8980.236,6019.763671875
2953,train,8500,9895.722,-1395.7216796875
3788,train,22999,20930.309,2068.69140625
2073,train,10000,12683.818,-2683.818359375
3447,train,22000,14916.632,7083.3681640625
3858,train,17000,11069.27,5930.73046875
1192,train,90000,89035.19,964.8125
1766,train,10000,13740.049,-3740.048828125
156,train,7000,8294.654,-1294.654296875
1936,train,31000,25749.025,5250.974609375
3172,train,11000,14032.224,-3032.2236328125
1725,train,12000,13237.313,-1237.3134765625
2397,train,60000,54776.332,5223.66796875
442,train,6000,7427.5996,-1427.599609375
1790,train,8500,12354.598,-3854.59765625
4367,train,21467,9790.79,11676.2099609375
4520,train,45000,48197.12,-3197.12109375
466,train,6500,6074.9194,425.08056640625
3718,train,60000,102844.41,-42844.40625
362,train,8000,9913.103,-1913.1025390625
1270,train,280000,233212.75,46787.25
48,train,30000,20235.73,9764.26953125
2521,train,35000,24903.164,10096.8359375
4643,train,7500,6895.399,604.60107421875
2242,train,14000,15851.651,-1851.6513671875
4199,train,22500,18591.879,3908.12109375
820,train,50000,55930.332,-5930.33203125
1468,train,20000,20429.393,-429.392578125
2180,train,25000,22664.576,2335.423828125
3052,train,36000,24231.58,11768.419921875
982,train,250000,258418.97,-8418.96875
92,train,9000,8018.5405,981.45947265625
867,train,170000,158598.33,11401.671875
4321,train,12000,11318.249,681.7509765625
1227,train,130000,130200.97,-200.96875
1734,train,32000,28287.584,3712.416015625
597,train,14000,32287.896,-18287.896484375
3904,train,11000,12894.43,-1894.4296875
2313,train,14000,12261.966,1738.0341796875
2908,train,8000,8511.465,-511.46484375
3022,train,6500,6814.7676,-314.767578125
1761,train,31000,23986.338,7013.662109375
702,train,21000,30474.473,-9474.47265625
3800,train,15000,13193.69,1806.3095703125
4230,train,14000,11403.35,2596.650390625
4702,train,26000,20698.45,5301.55078125
1312,train,60000,47536.57,12463.4296875
2996,train,23000,15802.503,7197.4970703125
603,train,62000,84105.89,-22105.890625
2096,train,8000,7844.2217,155.7783203125
2735,train,7500,9692.009,-2192.0087890625
784,train,60000,53201.656,6798.34375
2268,train,14000,10385.226,3614.7744140625
2433,train,16000,13689.598,2310.40234375
4658,train,11000,13084.081,-2084.0810546875
4057,train,20000,17407.44,2592.560546875
1344,train,88000,56615.758,31384.2421875
4480,train,15000,18582.166,-3582.166015625
1388,train,200000,132219.7,67780.296875
1529,train,28000,27015.154,984.845703125
2933,train,17000,17798.852,-798.8515625
783,train,27000,22382.81,4617.189453125
4561,train,17000,13027.45,3972.5498046875
911,train,62000,54695.73,7304.26953125
1061,train,100000,119805.26,-19805.2578125
878,train,15000,22516.111,-7516.111328125
342,train,8500,8873.893,-373.892578125
2739,train,44300,46797.43,-2497.4296875
1539,train,65000,59663.836,5336.1640625
1199,train,300000,345061.9,-45061.90625
897,train,51000,62770.863,-11770.86328125
3013,train,7000,9071.099,-2071.0986328125
4194,train,16500,20975.01,-4475.009765625
1085,train,44000,45032.773,-1032.7734375
2937,train,27000,24530.604,2469.396484375
3842,train,25000,18046.34,6953.66015625
1141,train,35000,40801.008,-5801.0078125
2091,train,6500,5901.6855,598.314453125
3774,train,10000,8773.308,1226.6923828125
122,train,6800,5694.2593,1105.74072265625
3371,train,18000,15575.916,2424.083984375
880,train,25000,22336.92,2663.080078125
2717,train,14000,17184.455,-3184.455078125
2992,train,10000,11578.822,-1578.822265625
3901,train,9500,14168.6,-4668.599609375
1571,train,9000,8783.724,216.2763671875
1259,train,38000,48979.62,-10979.62109375
4452,train,6000,8165.0996,-2165.099609375
3630,train,200000,117463.91,82536.09375
3595,train,9000,7351.669,1648.3310546875
303,train,12000,10239.367,1760.6328125
659,train,55000,46622.492,8377.5078125
1784,train,25000,22731.727,2268.2734375
1866,train,11000,14830.313,-3830.3134765625
2676,train,10000,9964.024,35.9755859375
1998,train,12500,14460.574,-1960.57421875
4108,train,37000,43004.51,-6004.51171875
4241,train,10000,11517.122,-1517.1220703125
3222,train,75000,77364.94,-2364.9375
1488,train,65000,67729.7,-2729.703125
1810,train,9750,10389.347,-639.3466796875
4490,train,23000,21382.484,1617.515625
4064,train,14000,16851.254,-2851.25390625
728,train,55000,63557.21,-8557.2109375
1198,train,70000,70040.5,-40.5
1800,train,10000,14054.618,-4054.6181640625
3746,train,11000,12594.518,-1594.517578125
3750,train,7000,9055.245,-2055.2451171875
4437,train,9000,6443.263,2556.73681640625
2727,train,15000,18858.344,-3858.34375
141,train,13000,8715.46,4284.5400390625
16,train,6000,7074.047,-1074.046875
335,train,14000,13432.342,567.658203125
4662,train,60000,25376.996,34623.00390625
1856,train,15000,12933.152,2066.84765625
1021,train,500000,466119.47,33880.53125
1102,train,180000,91871.22,88128.78125
1341,train,280000,232196.78,47803.21875
4218,train,15000,12796.407,2203.5927734375
60,train,5000,5390.767,-390.76708984375
2002,train,9000,9719.261,-719.2607421875
452,train,12000,9248.583,2751.4169921875
475,train,6000,8011.286,-2011.2861328125
2596,train,18000,18272.21,-272.2109375
3158,train,12000,13663.458,-1663.4580078125
4709,train,12000,11305.572,694.427734375
2964,train,6000,8119.281,-2119.28076171875
2307,train,11000,12528.481,-1528.4814453125
212,train,12000,14822.819,-2822.8193359375
1328,train,35000,27641.19,7358.810546875
1946,train,12000,11880.175,119.8251953125
388,train,15000,10763.336,4236.6640625
1597,train,8000,7389.329,610.6708984375
2797,train,15000,12645.564,2354.435546875
3423,train,6300,5891.5557,408.4443359375
1478,train,380000,319144.62,60855.375
1246,train,72000,69008.484,2991.515625
4021,train,35000,26045.305,8954.6953125
4287,train,8000,7650.27,349.72998046875
2539,train,10500,17125.963,-6625.962890625
322,train,3200,4271.0005,-1071.00048828125
1897,train,18000,17845.68,154.3203125
4139,train,10000,6660.831,3339.1689453125
819,train,11000,10832.119,167.880859375
664,train,25500,33515.47,-8015.46875
3860,train,19500,17650.531,1849.46875
282,train,17500,10569.278,6930.7216796875
4420,train,15000,12795.65,2204.349609375
3212,train,12000,9954.1455,2045.8544921875
2856,train,25000,22821.572,2178.427734375
3151,train,16000,17617.484,-1617.484375
3338,train,13500,13462.43,37.5703125
1240,train,13000,16638.346,-3638.345703125
1149,train,85000,77136.625,7863.375
1105,train,37000,43318.09,-6318.08984375
566,train,75000,55481.58,19518.421875
3567,train,25000,33664.46,-8664.4609375
4435,train,25000,18702.818,6297.181640625
1983,train,7000,6868.4927,131.50732421875
3717,train,45000,45400.395,-400.39453125
2776,train,13000,16165.242,-3165.2421875
380,train,40000,44483.246,-4483.24609375
2104,train,100000,49334.6,50665.3984375
3742,train,5000,6262.226,-1262.22607421875
4240,train,25000,23175.492,1824.5078125
2615,train,8500,12704.352,-4204.3515625
3040,train,24000,14072.483,9927.5166015625
2339,train,55000,42823.004,12176.99609375
1423,train,32000,48341.3,-16341.30078125
3619,train,12000,13079.277,-1079.27734375
1379,train,100000,137695.94,-37695.9375
2951,train,45000,36041.344,8958.65625
3768,train,24000,28965.03,-4965.029296875
2035,train,14000,14336.994,-336.994140625
2207,train,30000,37416.79,-7416.7890625
1374,train,270000,209205.81,60794.1875
2474,train,13000,10731.099,2268.9013671875
4616,train,20000,24774.58,-4774.580078125
727,train,130000,165362.22,-35362.21875
746,train,33000,30305.531,2694.46875
2660,train,37000,84362.31,-47362.3125
1848,train,9000,10425.518,-1425.517578125
4342,train,8000,10030.054,-2030.0537109375
1063,train,52000,43163.035,8836.96484375
578,train,300000,264218.2,35781.8125
2612,train,60000,79962.13,-19962.1328125
231,train,16000,15147.216,852.7841796875
3046,train,9000,11464.518,-2464.517578125
2986,train,20000,23376.99,-3376.990234375
2997,train,10000,11608.678,-1608.677734375
2637,train,23000,21593.318,1406.681640625
547,train,60000,62427.29,-2427.2890625
2855,train,100000,84231.836,15768.1640625
38,train,21000,12326.068,8673.931640625
3741,train,15000,12243.816,2756.18359375
1671,train,12000,12991.195,-991.1953125
4705,train,16000,16010.198,-10.1982421875
1538,train,45000,45262.7,-262.69921875
312,train,10000,6091.8164,3908.18359375
2443,train,30000,18511.906,11488.09375
4619,train,15000,14767.814,232.185546875
688,train,45002,38036.492,6965.5078125
4585,train,20000,21574.422,-1574.421875
1010,train,68000,81178.85,-13178.8515625
4320,train,12000,14254.329,-2254.3291015625
2261,train,18000,21464.703,-3464.703125
4258,train,12000,12424.943,-424.943359375
2185,train,15000,19396.27,-4396.26953125
4466,train,42000,34684.99,7315.01171875
968,train,42000,55179.11,-13179.109375
2813,train,8000,8738.7,-738.7001953125
2548,train,20000,10175.25,9824.75
3666,train,8200,11550.553,-3350.552734375
3973,train,12000,12525.674,-525.673828125
2630,train,7000,9745.781,-2745.78125
4044,train,14000,13026.63,973.3701171875
3504,train,39000,25920.438,13079.5625
1181,train,56000,44532.02,11467.98046875
3143,train,18000,17964.086,35.9140625
2344,train,12000,12975.122,-975.1220703125
1483,train,32000,29799.045,2200.955078125
976,train,65000,41363.547,23636.453125
2351,train,20000,29916.705,-9916.705078125
4344,train,7500,11194.626,-3694.6259765625
1248,train,130000,128595.49,1404.5078125
85,train,10000,5681.9434,4318.056640625
1653,train,10000,9629.481,370.5185546875
486,train,10000,21318.953,-11318.953125
4558,train,11000,11390.209,-390.208984375
905,train,16500,25446.771,-8946.771484375
2531,train,16000,21747.705,-5747.705078125
1890,train,38000,32347.197,5652.802734375
4669,train,16000,16392.129,-392.12890625
3337,train,9500,11527.441,-2027.44140625
853,train,83000,81673.75,1326.25
194,train,5000,6006.3726,-1006.37255859375
2208,train,65000,66238.125,-1238.125
1598,train,6000,8003.7324,-2003.732421875
3006,train,6500,7538.0303,-1038.0302734375
2,train,17000,12418.143,4581.857421875
2949,train,25000,20087.326,4912.673828125
4625,train,15000,11060.342,3939.658203125
2362,train,20000,16184.8955,3815.1044921875
4443,train,10500,12556.126,-2056.1259765625
1230,train,160000,94308.945,65691.0546875
929,train,20000,31119.174,-11119.173828125
2003,train,5500,13020.705,-7520.705078125
4483,train,5000,5975.9424,-975.9423828125
1202,train,120000,129721.93,-9721.9296875
1544,train,30000,16102.23,13897.76953125
2100,train,52000,59673.168,-7673.16796875
937,train,10000,11577.111,-1577.111328125
3585,train,10000,12534.158,-2534.158203125
1419,train,30000,49820.04,-19820.0390625
4257,train,20000,20380.178,-380.177734375
3150,train,12000,13944.997,-1944.9970703125
1521,train,4500,7524.4106,-3024.41064453125
3631,train,12000,11881.58,118.419921875
293,train,6500,6668.4463,-168.4462890625
2613,train,95000,72382.42,22617.578125
178,train,10500,12884.41,-2384.41015625
1492,train,70000,130752.45,-60752.453125
2626,train,8500,6604.52,1895.47998046875
306,train,20000,16584.844,3415.15625
2618,train,8000,9474.579,-1474.5791015625
1472,train,350000,372604.94,-22604.9375
2163,train,12000,11836.891,163.109375
1708,train,25000,41372.582,-16372.58203125
1232,train,80000,99231.36,-19231.359375
1411,train,50000,51485.72,-1485.71875
1861,train,5000,7028.059,-2028.05908203125
1170,train,50000,49013.22,986.78125
708,train,35000,46049.31,-11049.30859375
2496,train,10000,11313.489,-1313.4892578125
3333,train,12000,12090.293,-90.29296875
2516,train,15000,9443.751,5556.2490234375
2924,train,32000,27492.357,4507.642578125
2936,train,17000,14329.024,2670.9755859375
3211,train,3500,6185.9346,-2685.9345703125
722,train,65000,69734.57,-4734.5703125
4663,train,26000,18397.045,7602.955078125
1510,train,15000,12068.554,2931.4462890625
1516,train,15000,13900.155,1099.8447265625
4303,train,12000,8229.657,3770.3427734375
2978,train,15000,14637.728,362.2724609375
3762,train,22000,22013.453,-13.453125
1083,train,380000,371431.28,8568.71875
4098,train,15000,12496.248,2503.751953125
320,train,5000,6346.4526,-1346.45263671875
165,train,16500,12317.148,4182.8515625
2687,train,25000,22772.521,2227.478515625
2026,train,10000,9082.439,917.560546875
568,train,16000,22929.738,-6929.73828125
4294,train,10000,14346.473,-4346.47265625
3942,train,15000,11823.385,3176.615234375
2401,train,12000,15549.896,-3549.896484375
4453,train,45000,39949.062,5050.9375
62,train,10000,9831.346,168.654296875
1040,train,330000,315522.75,14477.25
2787,train,25000,39310.945,-14310.9453125
1699,train,31000,30565.373,434.626953125
2754,train,3500,5826.5723,-2326.572265625
1410,train,18500,15092.62,3407.3798828125
1236,train,100000,89996.95,10003.046875
78,train,6500,7171.0845,-671.08447265625
2858,train,6000,9536.092,-3536.091796875
2368,train,14000,9955.884,4044.1162109375
718,train,60000,37359.914,22640.0859375
3231,train,8500,8610.501,-110.5009765625
1476,train,22000,19200.238,2799.76171875
1553,train,17000,15031.194,1968.8056640625
1628,train,10000,14573.149,-4573.1494140625
2685,train,13000,11676.436,1323.564453125
4066,train,57000,48469.496,8530.50390625
3454,train,8000,6387.603,1612.39697265625
1375,train,69000,70730.88,-1730.8828125
4255,train,17000,17168.008,-168.0078125
3036,train,12000,13203.623,-1203.623046875
2746,train,30000,19001.492,10998.5078125
4206,train,15000,13166.438,1833.5615234375
3031,train,11000,13595.098,-2595.09765625
3654,train,9300,8835.651,464.3486328125
110,train,8000,6254.5137,1745.486328125
3694,train,7500,6620.559,879.44091796875
4580,train,13000,11740.635,1259.365234375
4516,train,11000,11775.972,-775.9716796875
4538,train,5000,9558.31,-4558.3095703125
685,train,27000,25881.16,1118.83984375
1929,train,22000,27381.488,-5381.48828125
8,train,26000,15746.161,10253.8388671875
4442,train,15500,19952.717,-4452.716796875
2853,train,10000,11035.127,-1035.126953125
4511,train,45000,33585.543,11414.45703125
324,train,16000,19366.53,-3366.529296875
2635,train,15000,21738.621,-6738.62109375
2276,train,20000,26546.588,-6546.587890625
3794,train,18000,18093.732,-93.732421875
1128,train,55000,54696.203,303.796875
3308,train,26000,28529.963,-2529.962890625
4551,train,15000,16609.045,-1609.044921875
2103,train,12000,10555.537,1444.462890625
3562,train,8000,6632.0435,1367.95654296875
2631,train,22000,18081.555,3918.4453125
1438,train,66000,74344.56,-8344.5625
4149,train,18000,23482.617,-5482.6171875
1579,train,7000,11496.205,-4496.205078125
2133,train,6000,7902.85,-1902.85009765625
1364,train,20000,20927.035,-927.03515625
3137,train,34500,29467.29,5032.7109375
2881,train,30000,13369.573,16630.4267578125
1335,train,49500,33149.99,16350.01171875
1822,train,50000,40231.805,9768.1953125
636,train,26000,29947.906,-3947.90625
4502,train,7000,8733.684,-1733.68359375
3706,train,12500,14052.326,-1552.326171875
257,train,8500,11548.449,-3048.44921875
19,train,6000,7051.6475,-1051.6474609375
860,train,90000,93304.47,-3304.46875
2357,train,12000,8400.786,3599.2138671875
183,train,11000,7746.458,3253.5419921875
3077,train,13500,14033.388,-533.3876953125
2912,train,11000,13834.119,-2834.119140625
1351,train,95000,138503.92,-43503.921875
4697,train,4500,5764.829,-1264.8291015625
4256,train,20000,21542.08,-1542.080078125
1660,train,6500,9112.767,-2612.7666015625
1656,train,63000,93376.84,-30376.84375
3180,train,40000,37769.65,2230.3515625
4675,train,7000,7899.7,-899.7001953125
2303,train,35000,40377.215,-5377.21484375
3963,train,9000,9142.461,-142.4609375
83,train,20000,17788.549,2211.451171875
3125,train,150000,87678.72,62321.28125
3530,train,11000,12028.334,-1028.333984375
142,train,8000,7705.8687,294.13134765625
3831,train,10000,7453.2114,2546.78857421875
1417,train,190000,139826.33,50173.671875
2609,train,30000,46865.45,-16865.44921875
846,train,150000,79989.21,70010.7890625
3155,train,17000,21697.982,-4697.982421875
742,train,33000,24053.252,8946.748046875
1526,train,12500,14452.674,-1952.673828125
3386,train,18000,16716.25,1283.75
1673,train,15000,18031.957,-3031.95703125
1166,train,90000,116429.58,-26429.578125
1888,train,18000,10210.053,7789.947265625
3200,train,45000,43170.195,1829.8046875
2467,train,36000,24552.488,11447.51171875
1716,train,15000,12005.114,2994.8857421875
1507,train,13000,12878.047,121.953125
4734,train,35000,36934.473,-1934.47265625
3140,train,22000,16356.959,5643.041015625
2605,train,31000,26474.682,4525.318359375
2641,train,10000,12686.722,-2686.7216796875
1346,train,38000,42260.0,-4260.0
1645,train,17500,17425.28,74.720703125
311,train,9000,6831.3364,2168.66357421875
924,train,62000,50835.82,11164.1796875
4125,train,17000,17783.46,-783.4609375
1062,train,130000,89418.7,40581.296875
227,train,3000,3959.0496,-959.049560546875
966,train,48000,53050.977,-5050.9765625
1385,train,190000,193303.86,-3303.859375
508,train,60000,38417.758,21582.2421875
2628,train,13000,13845.167,-845.1669921875
2538,train,21000,11370.628,9629.3720703125
605,train,130000,106907.04,23092.9609375
1903,train,11000,11238.005,-238.0048828125
4172,train,13000,15036.299,-2036.298828125
774,train,50000,52909.6,-2909.6015625
3198,train,10000,15604.093,-5604.0927734375
2581,train,18000,14853.16,3146.83984375
3480,train,10000,7389.808,2610.19189453125
6,train,10000,13832.998,-3832.998046875
692,train,50000,63984.816,-13984.81640625
2090,train,28000,22027.693,5972.306640625
1604,train,9000,16732.01,-7732.009765625
405,train,35000,27928.271,7071.728515625
2525,train,8000,8028.7573,-28.75732421875
4184,train,9500,7640.3237,1859.67626953125
3183,train,6500,7678.1875,-1178.1875
2098,train,12500,12904.001,-404.0009765625
844,train,55000,53292.25,1707.75
2508,train,15000,19025.719,-4025.71875
1709,train,35000,39379.09,-4379.08984375
4269,train,10000,10565.368,-565.3681640625
1871,train,11000,12351.476,-1351.4755859375
4673,train,18000,14841.024,3158.9755859375
510,train,7000,15296.543,-8296.54296875
167,train,12000,9403.5205,2596.4794921875
3978,train,6500,7176.1274,-676.12744140625
1549,train,110000,129516.234,-19516.234375
922,train,62000,64605.285,-2605.28515625
3637,train,13000,13301.871,-301.87109375
1530,train,12000,17797.611,-5797.611328125
124,train,10000,8979.218,1020.7822265625
200,train,5500,5844.161,-344.1611328125
121,train,13000,11573.501,1426.4990234375
1228,train,90000,92453.78,-2453.78125
2955,train,100000,41677.0,58323.0
1630,train,8000,6198.811,1801.18896484375
1961,train,8000,7777.122,222.8779296875
2736,train,30000,31346.656,-1346.65625
1459,train,60000,69955.984,-9955.984375
1927,train,17000,18532.469,-1532.46875
238,train,8500,9041.015,-541.0146484375
1285,train,60000,63708.863,-3708.86328125
4060,train,16000,18861.113,-2861.11328125
1481,train,140000,76797.73,63202.2734375
4690,train,11000,10963.56,36.4404296875
4588,train,45000,40693.945,4306.0546875
3499,train,10000,16302.418,-6302.41796875
2150,train,28000,19350.928,8649.072265625
3477,train,30000,20630.182,9369.818359375
445,train,10000,15582.425,-5582.4248046875
3234,train,8500,12381.315,-3881.3154296875
4316,train,14000,18108.166,-4108.166015625
97,train,10000,7534.1484,2465.8515625
3391,train,25000,17375.014,7624.986328125
2584,train,13000,14687.694,-1687.6943359375
604,train,42000,48751.457,-6751.45703125
2934,train,18000,12073.273,5926.7265625
1587,train,15000,16676.473,-1676.47265625
2757,train,23000,17148.305,5851.6953125
2283,train,6500,7181.8447,-681.8447265625
2287,train,18000,16273.648,1726.3515625
4022,train,12000,8976.503,3023.4970703125
553,train,19411,24326.725,-4915.724609375
1384,train,210000,169395.77,40604.234375
2246,train,12000,9280.845,2719.1552734375
3452,train,19000,13277.94,5722.0595703125
3289,train,100000,129270.914,-29270.9140625
4266,train,15000,17950.898,-2950.8984375
384,train,15000,6704.9277,8295.072265625
482,train,10000,14577.695,-4577.6953125
3663,train,16000,19050.885,-3050.884765625
472,train,10000,10685.3545,-685.3544921875
920,train,15000,24632.96,-9632.9609375
370,train,8000,11288.473,-3288.47265625
2648,train,20000,9562.568,10437.431640625
1390,train,26000,23577.092,2422.908203125
4036,train,13000,8453.989,4546.0107421875
3254,train,7500,10749.015,-3249.0146484375
4581,train,25000,18866.547,6133.453125
1439,train,45000,28355.326,16644.673828125
21,train,9000,8456.392,543.6083984375
3661,train,16000,10186.436,5813.564453125
1559,train,15000,14048.667,951.3330078125
2927,train,6000,8810.153,-2810.1533203125
1075,train,75000,62596.062,12403.9375
1174,train,65000,50715.582,14284.41796875
3635,train,25000,18070.883,6929.1171875
211,train,7500,7122.2715,377.728515625
365,train,12000,7438.702,4561.2978515625
4338,train,9000,10645.235,-1645.2353515625
3147,train,12000,12507.123,-507.123046875
830,train,23000,25450.945,-2450.9453125
3987,train,18000,22291.547,-4291.546875
160,train,9500,9244.958,255.0419921875
1772,train,3500,6139.4976,-2639.49755859375
3189,train,10000,9524.811,475.189453125
4306,train,32000,32097.697,-97.697265625
1920,train,7000,9059.279,-2059.279296875
953,train,40000,28895.557,11104.443359375
637,train,60000,49105.72,10894.28125
3068,train,7500,8483.512,-983.51171875
623,train,25000,26941.053,-1941.052734375
1551,train,20000,38280.277,-18280.27734375
756,train,330000,219326.38,110673.625
668,train,50000,50307.133,-307.1328125
1361,train,34000,54401.598,-20401.59765625
1600,train,10000,15365.06,-5365.0595703125
2565,train,18500,18972.031,-472.03125
4542,train,25000,19098.912,5901.087890625
1525,train,7000,5647.2393,1352.7607421875
2999,train,15000,13875.201,1124.798828125
319,train,5000,6695.8013,-1695.80126953125
3882,train,14000,12489.767,1510.2333984375
2451,train,35000,31952.924,3047.076171875
944,train,40000,31458.785,8541.21484375
4383,train,12000,19806.69,-7806.689453125
4224,train,10000,13162.546,-3162.5458984375
426,train,6000,7806.6714,-1806.67138671875
4373,train,15000,12087.849,2912.1513671875
1502,train,25000,26242.203,-1242.203125
3463,train,50000,57559.14,-7559.140625
4301,train,10000,11097.907,-1097.9072265625
4467,train,12000,9962.353,2037.6474609375
3139,train,330000,191635.72,138364.28125
1825,train,120000,69678.93,50321.0703125
3325,train,5000,7155.7935,-2155.79345703125
386,train,7000,6809.9395,190.060546875
2385,train,90000,106138.32,-16138.3203125
3228,train,9000,7383.045,1616.955078125
1286,train,19000,23697.451,-4697.451171875
385,train,5000,5940.8027,-940.802734375
3516,train,23000,17063.145,5936.85546875
4096,train,13000,11266.025,1733.974609375
1003,train,140000,129170.6,10829.3984375
4566,train,50000,49609.81,390.19140625
2005,train,14000,14197.859,-197.859375
4654,train,16000,20527.457,-4527.45703125
3951,train,8000,7532.374,467.6259765625
2805,train,9000,6655.6484,2344.3515625
2418,train,12000,12698.924,-698.923828125
1269,train,65000,23713.977,41286.0234375
461,train,34000,15835.664,18164.3359375
2217,train,11000,15767.335,-4767.3349609375
3471,train,8500,8961.165,-461.1650390625
4034,train,4500,5153.761,-653.76123046875
3981,train,4000,5536.709,-1536.708984375
640,train,35000,37375.49,-2375.48828125
559,train,110000,122418.39,-12418.390625
3324,train,18000,12882.457,5117.54296875
3133,train,10000,8024.7993,1975.20068359375
3095,train,20000,20083.38,-83.380859375
1190,train,35000,23482.035,11517.96484375
1499,train,13000,20189.158,-7189.158203125
3716,train,9500,10535.502,-1035.501953125
3374,train,15000,16944.518,-1944.517578125
290,train,10000,14780.892,-4780.8916015625
3586,train,6500,7234.412,-734.412109375
2852,train,18000,14217.276,3782.7236328125
1026,train,65000,60234.016,4765.984375
1401,train,22000,40202.848,-18202.84765625
297,train,5000,6049.2925,-1049.29248046875
4407,train,52000,52124.93,-124.9296875
1300,train,260000,261148.9,-1148.90625
1323,train,22000,22096.834,-96.833984375
2507,train,52000,35575.027,16424.97265625
3280,train,47500,49089.42,-1589.421875
2061,train,9000,7872.6143,1127.3857421875
4005,train,9500,12000.936,-2500.935546875
3544,train,72000,123590.4,-51590.3984375
411,train,6000,10347.891,-4347.890625
2009,train,30000,23686.559,6313.44140625
2187,train,34000,43027.242,-9027.2421875
2346,train,30000,25006.17,4993.830078125
2709,train,15000,11585.483,3414.5166015625
3689,train,8500,17417.188,-8917.1875
3087,train,30000,22635.564,7364.435546875
4041,train,8000,7034.5845,965.41552734375
891,train,55000,42341.086,12658.9140625
3795,train,37000,43996.656,-6996.65625
2567,train,11000,9676.177,1323.8232421875
3517,train,17000,11096.541,5903.458984375
1234,train,100000,124232.54,-24232.5390625
224,train,8500,10071.859,-1571.859375
1256,train,28500,30819.156,-2319.15625
3559,train,6166,7422.6562,-1256.65625
3523,train,25000,24762.084,237.916015625
2296,train,14000,18809.432,-4809.431640625
2512,train,16000,15102.022,897.9775390625
2863,train,20000,19293.266,706.734375
816,train,45000,36672.145,8327.85546875
750,train,10000,18695.72,-8695.720703125
2622,train,10000,11479.901,-1479.9013671875
719,train,20000,18784.102,1215.8984375
9,train,10000,13818.269,-3818.2685546875
1353,train,34000,32510.277,1489.72265625
2582,train,17000,15537.696,1462.3037109375
2018,train,5000,6707.096,-1707.09619140625
1921,train,13000,16326.925,-3326.9248046875
254,train,8000,7153.7734,846.2265625
881,train,34000,36886.426,-2886.42578125
3075,train,6000,5583.9697,416.0302734375
3687,train,12000,19013.838,-7013.837890625
3269,train,28000,22058.87,5941.130859375
766,train,95000,50477.887,44522.11328125
2646,train,17401,20502.727,-3101.7265625
3844,train,18000,17946.568,53.431640625
740,train,33000,28331.215,4668.78515625
378,train,6500,9015.483,-2515.4833984375
2872,train,12000,13413.164,-1413.1640625
2850,train,16500,27365.225,-10865.224609375
2473,train,12000,9867.381,2132.619140625
1497,train,10000,11551.798,-1551.7978515625
4000,train,32000,25064.19,6935.810546875
3988,train,14500,12490.339,2009.6611328125
1698,train,9000,8589.339,410.6611328125
2255,train,35000,36993.56,-1993.55859375
2247,train,30000,32401.756,-2401.755859375
1631,train,12000,16198.516,-4198.515625
1641,train,12000,13386.671,-1386.6708984375
4408,train,9500,11479.529,-1979.529296875
3696,train,26000,21144.79,4855.2109375
2868,train,28000,23221.6,4778.400390625
1252,train,180000,171752.05,8247.953125
3751,train,15000,16698.355,-1698.35546875
1451,train,75000,54303.16,20696.83984375
4050,train,35000,16377.923,18622.0771484375
2314,train,22000,17568.17,4431.830078125
111,train,6000,7392.79,-1392.7900390625
2367,train,100000,114534.45,-14534.453125
4232,train,150000,168051.06,-18051.0625
670,train,50000,69208.84,-19208.84375
317,train,5000,5413.197,-413.19677734375
1779,train,20000,12478.301,7521.69921875
3674,train,40000,45849.13,-5849.12890625
4672,train,20000,11373.328,8626.671875
1648,train,7500,7678.18,-178.18017578125
338,train,7000,6270.11,729.89013671875
1296,train,17000,18776.938,-1776.9375
218,train,7500,7446.823,53.1767578125
4591,train,37000,42391.67,-5391.671875
4587,train,40000,43000.492,-3000.4921875
802,train,30000,24421.918,5578.08203125
1555,train,6000,7488.1265,-1488.12646484375
4477,train,9000,7413.9883,1586.01171875
673,train,25000,21873.572,3126.427734375
3782,train,11000,10496.967,503.033203125
2310,train,35000,27721.814,7278.185546875
1982,train,20000,15418.053,4581.947265625
4494,train,25000,21646.887,3353.11328125
1469,train,35000,17495.02,17504.98046875
1592,train,35000,35981.895,-981.89453125
1958,train,7000,8916.508,-1916.5078125
1176,train,43000,44565.71,-1565.7109375
4611,train,7500,7069.3184,430.681640625
593,train,30000,24933.68,5066.3203125
2117,train,60000,50391.02,9608.98046875
3685,train,13000,12385.449,614.55078125
2571,train,22000,22774.803,-774.802734375
3176,train,7500,7117.4565,382.54345703125
309,train,7000,5502.3877,1497.6123046875
4608,train,11000,9777.054,1222.9462890625
3259,train,8000,12172.013,-4172.0126953125
4393,train,10000,12600.621,-2600.62109375
1030,train,120000,164203.88,-44203.875
3367,train,6000,6669.4194,-669.41943359375
469,train,9500,8750.135,749.865234375
2299,train,12000,14923.12,-2923.1201171875
787,train,200000,144439.22,55560.78125
2623,train,15000,15856.898,-856.8984375
2819,train,35000,27956.2,7043.80078125
3293,train,46000,49375.65,-3375.6484375
2111,train,32000,37339.15,-5339.1484375
4562,train,16000,13449.763,2550.2373046875
3389,train,9000,13589.419,-4589.4189453125
1619,train,18000,14074.698,3925.3017578125
1962,train,52000,48857.203,3142.796875
4179,train,12000,10674.048,1325.9521484375
4131,train,52000,68396.72,-16396.71875
2031,train,25000,27088.76,-2088.759765625
1919,train,12500,6691.3643,5808.6357421875
4123,train,14000,13928.754,71.24609375
3028,train,45000,38279.258,6720.7421875
1705,train,18000,19551.184,-1551.18359375
800,train,35000,30498.14,4501.859375
2756,train,19000,11043.635,7956.365234375
2264,train,6000,6609.782,-609.7822265625
1115,train,24000,30110.46,-6110.4609375
3779,train,9000,10783.846,-1783.845703125
229,train,18000,11540.378,6459.6220703125
259,train,7000,9262.752,-2262.751953125
1395,train,180000,100273.24,79726.7578125
1720,train,11500,13457.642,-1957.6416015625
1186,train,270000,192992.55,77007.453125
681,train,150000,167659.19,-17659.1875
3783,train,140000,111275.555,28724.4453125
2250,train,6000,7858.33,-1858.330078125
904,train,100000,130847.88,-30847.8828125
3776,train,12000,13282.754,-1282.75390625
360,train,5000,5833.618,-833.6181640625
1287,train,140000,84483.64,55516.359375
3660,train,10000,9130.506,869.494140625
3113,train,49000,55631.574,-6631.57421875
2227,train,50000,46977.992,3022.0078125
4605,train,10000,14932.573,-4932.5732421875
2960,train,5000,10177.715,-5177.71484375
3622,train,14000,23696.795,-9696.794921875
2376,train,30000,22407.117,7592.8828125
305,train,3000,5107.4214,-2107.42138671875
505,train,2200,5933.7065,-3733.70654296875
3274,train,5000,7526.2407,-2526.24072265625
1112,train,200000,142381.72,57618.28125
2799,train,90000,83731.18,6268.8203125
214,train,6000,5092.8853,907.11474609375
3592,train,15000,15352.887,-352.88671875
1947,train,15000,11414.852,3585.1484375
865,train,75000,78454.555,-3454.5546875
3524,train,16500,12739.502,3760.498046875
326,train,8000,9605.448,-1605.4482421875
3154,train,11000,12608.616,-1608.6162109375
2788,train,21000,11756.568,9243.431640625
1111,train,18500,30325.393,-11825.392578125
4153,train,28000,32434.805,-4434.8046875
2657,train,27000,36944.23,-9944.23046875
834,train,220000,175684.27,44315.734375
839,train,65000,37992.406,27007.59375
2694,train,15000,20710.08,-5710.080078125
1836,train,30000,22558.176,7441.82421875
3397,train,16000,10234.349,5765.6513671875
328,train,8000,7147.71,852.2900390625
1376,train,120000,92622.78,27377.21875
942,train,5500,16680.64,-11180.640625
1223,train,46000,46115.492,-115.4921875
3537,train,25000,18569.516,6430.484375
1690,train,23000,20622.096,2377.904296875
2563,train,12000,9494.97,2505.0302734375
1975,train,20000,16105.994,3894.005859375
2836,train,130000,202426.44,-72426.4375
351,train,7000,6178.552,821.4482421875
4290,train,20000,16174.264,3825.736328125
2046,train,42500,33377.316,9122.68359375
4510,train,8000,19727.152,-11727.15234375
1618,train,8500,8562.526,-62.5263671875
1066,train,30000,17289.98,12710.01953125
1276,train,23000,23142.494,-142.494140625
1558,train,8000,6475.8066,1524.193359375
39,train,10000,6791.427,3208.5732421875
270,train,5500,5199.1274,300.87255859375
2435,train,9500,10728.755,-1228.7548828125
4635,train,45000,39810.85,5189.1484375
1035,train,350000,345798.84,4201.15625
854,train,32000,30141.09,1858.91015625
69,train,7500,5962.2324,1537.767578125
3066,train,8000,11457.106,-3457.1064453125
1838,train,8000,7689.1294,310.87060546875
2795,train,8000,11107.564,-3107.564453125
1238,train,84500,85856.65,-1356.6484375
1599,train,13000,14743.75,-1743.75
3796,train,18000,14940.366,3059.6337890625
4633,train,16000,13733.001,2266.9990234375
3225,train,8500,9663.551,-1163.55078125
991,train,53000,62748.535,-9748.53515625
1091,train,46000,30798.734,15201.265625
3571,train,15000,11707.492,3292.5078125
2463,train,12500,12106.251,393.7490234375
4401,train,32000,19262.379,12737.62109375
1466,train,90000,66679.63,23320.3671875
665,train,350000,306655.9,43344.09375
1288,train,30000,41171.406,-11171.40625
3977,train,22000,18090.42,3909.580078125
1080,train,40000,49180.66,-9180.66015625
1849,train,6000,5575.944,424.05615234375
3577,train,23000,15429.688,7570.3115234375
4529,train,42000,46037.977,-4037.9765625
4300,train,30000,24824.225,5175.775390625
698,train,140000,120145.19,19854.8125
3778,train,35000,36770.55,-1770.55078125
921,train,260000,352465.16,-92465.15625
1674,train,12000,13728.378,-1728.3779296875
2107,train,6500,7031.7134,-531.71337890625
2446,train,70000,42690.273,27309.7265625
2861,train,13000,18655.236,-5655.236328125
2459,train,25000,22532.287,2467.712890625
2008,train,43000,47902.742,-4902.7421875
4476,train,6200,7444.103,-1244.10302734375
3179,train,12000,10497.017,1502.9833984375
3497,train,20000,17415.809,2584.19140625
3533,train,9000,10583.37,-1583.3701171875
1782,train,15000,15966.724,-966.7236328125
2118,train,8500,8663.321,-163.3212890625
1789,train,30000,21990.393,8009.607421875
215,train,20000,20996.086,-996.0859375
2699,train,14000,10238.684,3761.31640625
1804,train,16500,13048.328,3451.671875
1386,train,25000,34567.195,-9567.1953125
859,train,25000,31592.67,-6592.669921875
3405,train,20000,13208.409,6791.5908203125
582,train,89000,91479.45,-2479.453125
4285,train,6500,6626.6245,-126.62451171875
3565,train,14000,8795.8545,5204.1455078125
3798,train,10000,10558.911,-558.9111328125
1489,train,35000,28463.785,6536.21484375
964,train,95000,65902.28,29097.71875
1543,train,23000,16808.768,6191.232421875
4428,train,7000,7390.957,-390.95703125
2108,train,13500,19270.666,-5770.666015625
1431,train,85000,97425.04,-12425.0390625
296,train,10000,14169.411,-4169.4111328125
2164,train,11000,14515.195,-3515.1953125
4732,train,15000,14016.187,983.8134765625
1092,train,35000,33523.812,1476.1875
2989,train,29000,15519.465,13480.53515625
1372,train,34000,69943.58,-35943.578125
2271,train,6000,7971.0195,-1971.01953125
2491,train,27000,27651.445,-651.4453125
557,train,68000,34889.953,33110.046875
849,train,180000,180989.92,-989.921875
4208,train,25000,33704.586,-8704.5859375
3162,train,8000,9445.282,-1445.2822265625
3,train,10000,9917.264,82.736328125
4395,train,10000,13636.197,-3636.197265625
930,train,150000,101201.28,48798.71875
1670,train,15000,21591.465,-6591.46484375
128,train,4700,5098.0664,-398.06640625
4564,train,20000,14268.094,5731.90625
192,train,10000,15908.871,-5908.87109375
4221,train,11000,11105.318,-105.318359375
3688,train,25000,23633.262,1366.73828125
3359,train,9500,9358.024,141.9755859375
4180,train,10000,14374.317,-4374.3173828125
196,train,5200,6771.382,-1571.3818359375
455,train,7000,5713.2627,1286.7373046875
3936,train,55000,63494.02,-8494.01953125
2190,train,12000,14015.825,-2015.8251953125
3365,train,13000,13827.761,-827.7607421875
2237,train,35000,44790.43,-9790.4296875
487,train,6000,8012.6846,-2012.6845703125
520,train,25000,24954.328,45.671875
501,train,14000,21013.012,-7013.01171875
4495,train,14000,13082.684,917.31640625
957,train,16000,19600.453,-3600.453125
2816,train,31500,27851.455,3648.544921875
4505,train,8500,12420.63,-3920.6298828125
3429,train,22000,28197.998,-6197.998046875
1870,train,11000,13115.078,-2115.078125
1812,train,12000,11280.605,719.39453125
682,train,27000,16591.963,10408.037109375
2629,train,6000,7182.982,-1182.98193359375
3100,train,9000,9428.6045,-428.6044921875
2692,train,50000,28846.133,21153.8671875
799,train,70000,72867.59,-2867.59375
2897,train,9000,13851.798,-4851.7978515625
4018,train,17000,12499.085,4500.9150390625
3908,train,9000,10902.08,-1902.080078125
2506,train,35000,19158.422,15841.578125
125,train,18000,14648.677,3351.3232421875
1072,train,54500,37891.27,16608.73046875
2568,train,52000,61062.207,-9062.20703125
180,train,15000,10072.656,4927.34375
1755,train,6000,7325.6445,-1325.64453125
1258,train,270000,217639.69,52360.3125
1201,train,35000,21718.023,13281.9765625
843,train,56000,53587.645,2412.35546875
3281,train,7500,12096.395,-4596.39453125
241,train,9000,8051.318,948.68212890625
717,train,8500,20120.496,-11620.49609375
3127,train,18000,16380.282,1619.7177734375
2212,train,9000,9040.885,-40.884765625
4309,train,20000,18619.88,1380.119140625
4092,train,11000,12117.214,-1117.2138671875
619,train,50000,82881.805,-32881.8046875
3023,train,10000,12270.833,-2270.8330078125
2705,train,17000,9041.092,7958.908203125
798,train,150000,97777.54,52222.4609375
749,train,80000,60380.39,19619.609375
1130,train,33000,43428.035,-10428.03515625
1758,train,27500,18157.436,9342.564453125
2651,train,13000,11077.814,1922.185546875
2224,train,6200,7046.618,-846.6181640625
596,train,47000,44676.395,2323.60546875
235,train,15000,10353.192,4646.8076171875
458,train,15000,14441.21,558.7900390625
2011,train,15000,12466.179,2533.8212890625
318,train,14000,8139.9297,5860.0703125
3683,train,13500,14755.454,-1255.4541015625
4461,train,15000,18900.855,-3900.85546875
22,train,4000,5126.227,-1126.22705078125
4471,train,15000,10529.766,4470.234375
1795,train,7000,7585.777,-585.77685546875
4177,train,12000,12821.61,-821.6103515625
4163,train,15000,19660.38,-4660.380859375
2396,train,10000,10537.552,-537.5517578125
4190,train,5500,6671.5127,-1171.5126953125
2939,train,23000,18754.977,4245.0234375
836,train,35000,34637.914,362.0859375
1686,train,10000,12187.172,-2187.171875
1024,train,9400,19635.215,-10235.21484375
3328,train,30000,21283.46,8716.5390625
3486,train,6000,6263.212,-263.2119140625
3079,train,15000,18724.219,-3724.21875
2867,train,25000,37032.176,-12032.17578125
1739,train,45000,43712.547,1287.453125
4425,train,16000,11002.821,4997.1787109375
3758,train,11500,15328.263,-3828.2626953125
519,train,12000,8968.288,3031.7119140625
291,train,14000,17678.885,-3678.884765625
2377,train,14000,16342.566,-2342.56640625
1161,train,85000,71833.1,13166.8984375
4211,train,3000,5133.19,-2133.18994140625
693,train,55000,56154.703,-1154.703125
1572,train,180000,147432.23,32567.765625
4569,train,25000,22196.316,2803.68359375
1582,train,15000,15715.555,-715.5546875
2291,train,22000,21680.441,319.55859375
2869,train,22000,26169.549,-4169.548828125
1250,train,13000,18775.057,-5775.056640625
538,train,33500,40910.965,-7410.96484375
841,train,280000,362461.16,-82461.15625
1635,train,11000,12368.545,-1368.544921875
1162,train,110000,96546.54,13453.4609375
3221,train,65000,66078.68,-1078.6796875
1032,train,130000,152536.16,-22536.15625
2919,train,30000,23152.914,6847.0859375
1767,train,9000,6957.473,2042.52685546875
464,train,7000,7762.1675,-762.16748046875
3765,train,14000,12688.246,1311.75390625
2322,train,15000,12441.663,2558.3369140625
4086,train,20000,24555.812,-4555.8125
3247,train,9000,13197.919,-4197.9189453125
3924,train,24000,25036.117,-1036.1171875
4439,train,20000,13157.89,6842.1103515625
3012,train,7000,6947.7383,52.26171875
3466,train,10000,20000.9,-10000.900390625
591,train,45000,37962.78,7037.21875
2987,train,12000,11523.638,476.3623046875
470,train,1800,5234.0234,-3434.0234375
1440,train,22000,20999.25,1000.75
840,train,45000,41980.9,3019.1015625
3518,train,8500,12665.142,-4165.1416015625
2918,train,24000,23681.273,318.7265625
488,train,18000,12817.612,5182.3876953125
3016,train,4500,5542.8174,-1042.8173828125
3442,train,9500,13274.357,-3774.357421875
3997,train,13000,16619.361,-3619.361328125
4458,train,13000,10708.319,2291.6806640625
2724,train,5000,8310.469,-3310.46875
1103,train,70000,59680.055,10319.9453125
4001,train,15000,11458.789,3541.2109375
3940,train,7000,10804.972,-3804.9716796875
795,train,18500,25153.293,-6653.29296875
4288,train,3300,4124.7993,-824.79931640625
704,train,40000,41546.477,-1546.4765625
4347,train,7500,7136.354,363.64599609375
3790,train,70000,21602.67,48397.330078125
3676,train,18000,17108.691,891.30859375
1319,train,12000,21569.258,-9569.2578125
2270,train,60000,53140.652,6859.34765625
3786,train,250000,241724.58,8275.421875
1291,train,85000,101451.27,-16451.2734375
1414,train,85000,77941.24,7058.7578125
2139,train,7500,8114.1636,-614.16357421875
3119,train,11000,14124.992,-3124.9921875
1965,train,22000,24914.21,-2914.2109375
4725,train,18000,21583.496,-3583.49609375
2173,train,12000,12072.387,-72.38671875
558,train,30000,24965.111,5034.888671875
1845,train,13000,16394.285,-3394.28515625
1634,train,8000,7833.239,166.76123046875
431,train,23000,16409.945,6590.0546875
2439,train,30000,14632.912,15367.087890625
3543,train,12000,9868.322,2131.677734375
349,train,6000,10139.812,-4139.8115234375
53,train,15000,11410.596,3589.404296875
3632,train,10000,13229.249,-3229.2490234375
50,train,7500,7513.718,-13.7177734375
4412,train,9000,8487.712,512.2880859375
3284,train,7000,10558.911,-3558.9111328125
2905,train,12100,13687.496,-1587.49609375
1418,train,20000,19431.098,568.90234375
2157,train,12000,11062.356,937.6435546875
1302,train,45000,46439.793,-1439.79296875
1859,train,50000,46752.863,3247.13671875
3539,train,14000,18809.756,-4809.755859375
1993,train,30000,32759.33,-2759.330078125
28,train,8500,8100.7856,399.21435546875
2092,train,9000,11288.979,-2288.978515625
3243,train,25000,31692.225,-6692.224609375
3682,train,9500,7596.6523,1903.34765625
3453,train,37500,38879.562,-1379.5625
1260,train,26000,23391.33,2608.669921875
1424,train,22000,18108.562,3891.4375
3440,train,14000,11730.505,2269.4951171875
1933,train,8000,8936.498,-936.498046875
204,train,5000,6451.3433,-1451.34326171875
3010,train,20000,22645.088,-2645.087890625
4540,train,7000,6040.7188,959.28125
2803,train,4000,7614.49,-3614.490234375
3854,train,26000,17683.674,8316.326171875
1301,train,32000,28509.781,3490.21875
4160,train,14000,9255.033,4744.966796875
1237,train,79500,57157.19,22342.80859375
3057,train,6000,9909.331,-3909.3310546875
1792,train,20000,15616.315,4383.6845703125
977,train,23000,31782.908,-8782.908203125
2216,train,11000,8998.816,2001.18359375
2913,train,40000,55437.52,-15437.51953125
1437,train,75000,113579.2,-38579.203125
2693,train,20000,11355.314,8644.685546875
4679,train,20000,20270.713,-270.712890625
1639,train,8000,8592.412,-592.412109375
3449,train,15000,12165.072,2834.927734375
542,train,400000,359512.56,40487.4375
1362,train,170000,143726.34,26273.65625
2415,train,80000,70015.26,9984.7421875
3002,train,15000,12372.155,2627.8447265625
2404,train,14900,11625.863,3274.13671875
4664,train,8000,14132.431,-6132.4306640625
2259,train,30000,28079.543,1920.45703125
2901,train,23000,23305.111,-305.111328125
2497,train,7000,8975.544,-1975.5439453125
1330,train,16000,11584.976,4415.0244140625
2993,train,14000,14971.661,-971.6611328125
3712,train,23000,18130.285,4869.71484375
3756,train,16000,12186.277,3813.72265625
2238,train,9000,11608.988,-2608.98828125
330,train,3800,6123.7124,-2323.71240234375
1067,train,45000,52921.71,-7921.7109375
1127,train,43000,46781.098,-3781.09765625
3834,train,40000,27520.506,12479.494140625
3343,train,18000,17047.188,952.8125
630,train,310000,208095.08,101904.921875
713,train,35000,49753.47,-14753.46875
2747,train,9500,8220.714,1279.2861328125
2094,train,20000,13626.563,6373.4365234375
268,train,6500,8591.24,-2091.240234375
3928,train,27000,33901.01,-6901.01171875
2535,train,16000,8356.441,7643.55859375
2105,train,6000,14751.176,-8751.17578125
3851,train,27500,32240.818,-4740.818359375
1617,train,12000,14377.183,-2377.1826171875
2895,train,150000,55406.543,94593.45703125
265,train,40000,28352.623,11647.376953125
4120,train,80000,62181.71,17818.2890625
2533,train,28500,23473.303,5026.697265625
4250,train,15000,13124.513,1875.4873046875
2249,train,21000,25692.85,-4692.849609375
3419,train,10500,12693.693,-2193.693359375
506,train,3300,3366.5657,-66.565673828125
2994,train,6000,8578.761,-2578.7607421875
4426,train,14000,10760.103,3239.8974609375
1345,train,90000,90529.2,-529.203125
1485,train,280000,285810.4,-5810.40625
1796,train,10000,14058.814,-4058.814453125
233,train,21000,7605.526,13394.47412109375
622,train,220000,226731.2,-6731.203125
1074,train,67000,70909.055,-3909.0546875
2821,train,20000,10326.122,9673.8779296875
2601,train,30000,25204.803,4795.197265625
1976,train,9000,10497.487,-1497.4873046875
4689,train,53000,53605.277,-605.27734375
3223,train,15000,19245.025,-4245.025390625
220,train,3000,4058.368,-1058.367919921875
4729,train,17000,18016.057,-1016.056640625
1294,train,36000,29430.074,6569.92578125
3840,train,13000,13015.267,-15.2666015625
428,train,5500,6381.3125,-881.3125
429,train,8500,13798.909,-5298.9091796875
1590,train,9000,9597.683,-597.6826171875
2460,train,13000,12633.931,366.0693359375
2191,train,8000,6151.907,1848.0927734375
872,train,130000,135871.9,-5871.90625
107,train,8000,9279.659,-1279.6591796875
2234,train,6000,7947.0386,-1947.03857421875
613,train,30000,23784.486,6215.513671875
1760,train,10000,14820.091,-4820.0908203125
4649,train,6000,6753.7983,-753.79833984375
4366,train,10000,11735.944,-1735.9443359375
1340,train,400000,371584.72,28415.28125
4715,train,15000,10464.6,4535.400390625
1211,train,30000,26429.498,3570.501953125
2132,train,8000,8322.716,-322.7158203125
1168,train,150000,182377.44,-32377.4375
861,train,95000,76049.65,18950.3515625
1567,train,14500,13258.92,1241.080078125
2667,train,11000,10882.155,117.8447265625
689,train,48000,43662.633,4337.3671875
2690,train,9000,11683.387,-2683.38671875
2165,train,15000,12066.539,2933.4609375
348,train,20000,22986.031,-2986.03125
2413,train,7500,11047.459,-3547.458984375
4280,train,10000,8548.694,1451.3056640625
3329,train,9000,10446.5,-1446.5
3551,train,25000,26024.77,-1024.76953125
2054,train,15000,12228.016,2771.984375
3298,train,23999,18781.092,5217.908203125
3029,train,35000,33824.438,1175.5625
494,train,12000,11359.3545,640.6455078125
2558,train,10000,10182.162,-182.162109375
4361,train,53000,44128.902,8871.09765625
3519,train,10000,12174.288,-2174.2880859375
2429,train,55000,40122.22,14877.78125
2168,train,42000,27580.334,14419.666015625
4030,train,19800,12988.717,6811.283203125
1561,train,10000,7703.2744,2296.7255859375
4415,train,9000,10667.25,-1667.25
3907,train,8000,13701.302,-5701.3017578125
3970,train,12000,12777.285,-777.28515625
2148,train,18000,15707.403,2292.5966796875
3953,train,65000,30198.98,34801.01953125
2166,train,5500,8091.666,-2591.666015625
720,train,38000,27140.092,10859.908203125
863,train,18500,19603.95,-1103.94921875
399,train,5000,5416.5283,-416.5283203125
2214,train,10000,8585.179,1414.8212890625
3594,train,7000,6739.5386,260.46142578125
2430,train,20000,24458.84,-4458.83984375
3771,train,13000,13350.358,-350.3583984375
2112,train,42000,39110.285,2889.71484375
3734,train,15000,19790.771,-4790.771484375
4176,train,200000,104085.4,95914.6015625
2428,train,15500,12744.898,2755.1015625
925,train,400000,283741.5,116258.5
2950,train,6000,8626.835,-2626.8349609375
109,train,6000,5631.414,368.5859375
2719,train,25000,18938.875,6061.125
4386,train,25000,23221.4,1778.599609375
2644,train,7000,7110.6646,-110.66455078125
3398,train,18000,15104.572,2895.427734375
4563,train,12000,13301.96,-1301.9599609375
4296,train,8000,8821.403,-821.4033203125
1511,train,15000,18046.701,-3046.701171875
4195,train,24000,23175.78,824.220703125
3784,train,12000,6776.7124,5223.28759765625
4634,train,16000,10816.933,5183.0673828125
2723,train,6000,7383.5166,-1383.5166015625
1940,train,8000,8052.0093,-52.00927734375
1494,train,13000,13182.999,-182.9990234375
4557,train,23000,19545.943,3454.056640625
2194,train,32000,40637.01,-8637.01171875
1500,train,7500,6502.862,997.13818359375
2921,train,10000,10388.683,-388.6826171875
2948,train,30000,27739.217,2260.783203125
2465,train,15500,20945.145,-5445.14453125
2488,train,9000,7806.619,1193.380859375
86,train,7000,10460.837,-3460.8369140625
1659,train,14500,11433.757,3066.2431640625
2457,train,7500,14918.694,-7418.6943359375
3196,train,11000,13282.779,-2282.779296875
1676,train,150000,159374.48,-9374.484375
4308,train,17000,17044.295,-44.294921875
1148,train,240000,220682.61,19317.390625
3437,train,7000,7515.302,-515.3017578125
3785,train,13000,10874.602,2125.3984375
1934,train,9500,9194.221,305.779296875
1135,train,40000,32803.098,7196.90234375
2808,train,12500,17719.516,-5219.515625
3607,train,30000,15835.996,14164.00390625
561,train,20000,21868.045,-1868.044921875
3481,train,13000,12716.692,283.3076171875
4148,train,20000,20614.684,-614.68359375
826,train,1000000,447920.38,552079.625
949,train,180000,136915.62,43084.375
898,train,60000,69935.836,-9935.8359375
3511,train,65000,62974.43,2025.5703125
80,train,14500,18578.232,-4078.232421875
453,train,7000,9392.782,-2392.7822265625
2560,train,12000,17232.64,-5232.640625
1396,train,30000,31126.773,-1126.7734375
3250,train,14000,21078.305,-7078.3046875
570,train,45000,56749.336,-11749.3359375
1606,train,37000,20144.94,16855.060546875
1399,train,70000,62313.203,7686.796875
1523,train,5500,6529.388,-1029.38818359375
4281,train,10000,12541.68,-2541.6796875
240,train,8500,7432.4536,1067.54638671875
451,train,5146,7020.8765,-1874.87646484375
1311,train,50000,55141.867,-5141.8671875
258,train,22000,16018.705,5981.294921875
3138,train,8000,7708.302,291.6982421875
102,train,21000,16894.414,4105.5859375
794,train,150000,152668.45,-2668.453125
3575,train,60000,42997.707,17002.29296875
1528,train,18000,17119.904,880.095703125
4596,train,6000,6523.2505,-523.25048828125
818,train,50000,59332.855,-9332.85546875
2781,train,18000,18431.027,-431.02734375
1088,train,50000,55996.46,-5996.4609375
219,train,6500,6686.541,-186.541015625
245,train,7000,9096.268,-2096.267578125
210,train,13000,13305.729,-305.728515625
4371,train,40000,40176.82,-176.8203125
706,train,20000,26959.713,-6959.712890625
874,train,250000,261009.47,-11009.46875
2120,train,8500,7260.8813,1239.11865234375
1873,train,120000,117557.03,2442.96875
337,train,7000,9586.869,-2586.869140625
1948,train,14000,13082.484,917.515625
1951,train,12000,8091.2417,3908.75830078125
1134,train,36000,25038.602,10961.3984375
1563,train,11000,7616.7495,3383.25048828125
2909,train,42000,40694.8,1305.19921875
44,train,6000,8312.902,-2312.90234375
2892,train,20000,23226.65,-3226.650390625
1622,train,17000,19530.701,-2530.701171875
4313,train,17000,16619.092,380.908203125
3444,train,120000,124015.914,-4015.9140625
697,train,43000,39671.94,3328.05859375
298,train,9000,7596.5146,1403.4853515625
4233,train,16000,15589.946,410.0537109375
1054,train,100000,88426.51,11573.4921875
2406,train,10000,12584.252,-2584.251953125
2725,train,20000,15204.865,4795.134765625
4470,train,20000,23994.002,-3994.001953125
129,train,4700,5514.872,-814.8720703125
4292,train,20000,16637.219,3362.78125
4736,val,15000,13303.609,1696.390625
1052,val,130000,132895.53,-2895.53125
2600,val,40000,67145.92,-27145.921875
2818,val,60000,31045.186,28954.814453125
2820,val,55000,55022.566,-22.56640625
1037,val,55000,61852.863,-6852.86328125
2610,val,42000,88758.63,-46758.6328125
1382,val,80000,64426.117,15573.8828125
2755,val,65000,96858.91,-31858.90625
2674,val,35000,66621.41,-31621.40625
1397,val,100000,167154.38,-67154.375
2206,val,21000,26488.496,-5488.49609375
1980,val,12000,8102.996,3897.00390625
4277,val,22000,20701.432,1298.568359375
4121,val,7500,6039.048,1460.9521484375
2033,val,30000,20129.498,9870.501953125
1446,val,22000,24652.701,-2652.701171875
3807,val,23000,14607.214,8392.7861328125
2045,val,19000,13140.006,5859.994140625
4571,val,12000,17959.787,-5959.787109375
1574,val,12000,15599.524,-3599.5244140625
4681,val,9000,10956.326,-1956.326171875
2335,val,22000,22456.215,-456.21484375
1817,val,19000,17744.02,1255.98046875
2553,val,15000,12408.754,2591.24609375
3498,val,16000,14656.237,1343.7626953125
2864,val,5500,9267.975,-3767.974609375
3777,val,17000,13972.222,3027.7783203125
4599,val,16000,17703.418,-1703.41796875
2502,val,11000,20394.45,-9394.44921875
765,val,140000,102339.45,37660.546875
3974,val,12000,16046.534,-4046.5341796875
1503,val,10500,13111.714,-2611.7138671875
1876,val,5000,5520.3877,-520.3876953125
1886,val,6000,8003.7324,-2003.732421875
866,val,100000,110552.47,-10552.46875
862,val,30000,21476.107,8523.892578125
347,val,8500,7277.126,1222.8740234375
1271,val,98000,108501.37,-10501.3671875
1129,val,35000,30440.662,4559.337890625
2738,val,8500,14167.979,-5667.978515625
1197,val,55000,33099.633,21900.3671875
3181,val,5000,5833.2065,-833.20654296875
768,val,45000,40920.25,4079.75
1025,val,100000,103688.41,-3688.40625
4556,val,11000,12750.211,-1750.2109375
2453,val,6000,11475.61,-5475.6103515625
1,val,20000,8495.317,11504.6826171875
2843,val,28000,28817.123,-817.123046875
1281,val,95000,57081.035,37918.96484375
4377,val,20000,24209.727,-4209.7265625
1904,val,65000,37502.957,27497.04296875
3263,val,25000,15901.286,9098.7138671875
2965,val,85000,63620.523,21379.4765625
4414,val,39000,29000.521,9999.478515625
209,val,8000,7067.458,932.5419921875
1147,val,8000,29951.22,-21951.220703125
3385,val,5700,7121.823,-1421.8232421875
3839,val,27000,43394.38,-16394.37890625
4143,val,60000,46563.04,13436.9609375
2926,val,5500,9989.936,-4489.935546875
3195,val,12000,12407.133,-407.1328125
2597,val,10000,14706.926,-4706.92578125
2302,val,60000,86386.16,-26386.15625
4469,val,16000,12955.931,3044.0693359375
638,val,190000,146670.45,43329.546875
4489,val,15000,15101.417,-101.4169921875
3213,val,8000,6860.5244,1139.4755859375
3495,val,70000,98239.65,-28239.6484375
285,val,25000,17617.484,7382.515625
4667,val,15000,11696.844,3303.15625
3725,val,11000,8883.563,2116.4365234375
3846,val,14000,13615.69,384.3095703125
3331,val,30000,19795.889,10204.111328125
2220,val,6500,7474.055,-974.05517578125
4622,val,13000,17460.498,-4460.498046875
667,val,25000,17663.734,7336.265625
1773,val,16000,22563.19,-6563.189453125
744,val,300000,110686.445,189313.5546875
3849,val,15000,10658.555,4341.4453125
4514,val,70000,68268.08,1731.921875
2023,val,16000,15283.404,716.595703125
1732,val,10000,13980.646,-3980.646484375
2277,val,8000,7831.6924,168.3076171875
1801,val,18000,11130.396,6869.603515625
3715,val,17000,18189.812,-1189.8125
4134,val,25000,22269.193,2730.806640625
3500,val,100000,61650.57,38349.4296875
3326,val,12000,16914.373,-4914.373046875
3583,val,10000,11272.743,-1272.7431640625
3370,val,7500,11996.885,-4496.884765625
2142,val,30000,45100.25,-15100.25
433,val,8500,8215.9795,284.0205078125
634,val,150000,91710.76,58289.2421875
2239,val,8000,6541.2256,1458.7744140625
3413,val,30000,37211.527,-7211.52734375
262,val,15000,9650.702,5349.2978515625
2007,val,14000,15545.196,-1545.1962890625
733,val,25000,22995.0,2005.0
2069,val,13000,11022.978,1977.0224609375
3960,val,30000,34291.055,-4291.0546875
814,val,100000,117056.625,-17056.625
4706,val,12000,11655.284,344.7158203125
1077,val,98000,131114.58,-33114.578125
975,val,100000,33337.84,66662.16015625
4335,val,30000,27624.375,2375.625
146,val,2200,9254.857,-7054.857421875
2021,val,35000,36193.49,-1193.48828125
1895,val,6500,8816.853,-2316.8525390625
3218,val,18000,15949.51,2050.490234375
2195,val,14500,9784.946,4715.0537109375
4312,val,7000,11561.045,-4561.044921875
2923,val,280000,146042.9,133957.09375
64,val,3500,4421.231,-921.23095703125
4118,val,17000,19110.61,-2110.609375
1131,val,47000,58411.02,-11411.01953125
1196,val,120000,126547.586,-6547.5859375
336,val,7200,7572.8945,-372.89453125
1815,val,12000,10439.219,1560.78125
4582,val,37000,34710.47,2289.53125
2887,val,10000,9772.793,227.20703125
2154,val,9000,8475.246,524.75390625
3944,val,45000,31012.604,13987.396484375
1290,val,80000,50518.484,29481.515625
747,val,35000,35892.785,-892.78515625
2449,val,9000,11121.154,-2121.154296875
221,val,5200,7525.4297,-2325.4296875
3102,val,55000,88631.164,-33631.1640625
2079,val,14000,13334.986,665.013671875
1049,val,40000,36543.766,3456.234375
1051,val,95000,60211.844,34788.15625
4014,val,16000,12827.971,3172.029296875
2860,val,250000,88894.766,161105.234375
1433,val,7500,29850.5,-22350.5
4421,val,8000,12727.285,-4727.28515625
3009,val,15000,15620.188,-620.1884765625
4728,val,15000,17942.598,-2942.59765625
3305,val,14000,15708.227,-1708.2265625
2057,val,9500,7860.9014,1639.0986328125
992,val,140000,164922.97,-24922.96875
994,val,65000,76800.0,-11800.0
4536,val,38000,22607.906,15392.09375
1216,val,43000,56413.914,-13413.9140625
1277,val,55000,35172.63,19827.37109375
2052,val,15000,15408.997,-408.9970703125
3991,val,18000,10054.774,7945.2255859375
3169,val,10000,11026.637,-1026.63671875
965,val,68000,74467.33,-6467.328125
2182,val,190000,71618.31,118381.6875
99,val,15000,19353.715,-4353.71484375
2970,val,24000,23720.967,279.033203125
226,val,7000,6809.9395,190.060546875
74,val,40000,16503.143,23496.857421875
752,val,57000,59833.586,-2833.5859375
4670,val,17000,17846.172,-846.171875
3126,val,25000,17187.094,7812.90625
1299,val,140000,242704.22,-102704.21875
3448,val,120000,146640.38,-26640.375
3193,val,15000,12101.461,2898.5390625
4650,val,32000,23044.2,8955.80078125
3573,val,7500,6735.9717,764.0283203125
2326,val,11000,10793.251,206.7490234375
1988,val,13000,11579.684,1420.31640625
791,val,600000,395388.12,204611.875
3039,val,40000,44499.242,-4499.2421875
170,val,5000,3719.062,1280.93798828125
3866,val,50000,49771.695,228.3046875
2846,val,27000,32401.54,-5401.5390625
3982,val,12000,12000.936,-0.935546875
2758,val,12000,13755.705,-1755.705078125
2712,val,7500,11020.864,-3520.8642578125
3925,val,15000,10959.378,4040.6220703125
3130,val,15000,14988.249,11.7509765625
2588,val,4000,6472.688,-2472.68798828125
906,val,4500,18149.783,-13649.783203125
4234,val,6000,4925.106,1074.89404296875
890,val,80000,74329.61,5670.390625
1482,val,40000,35276.47,4723.53125
535,val,30000,39723.582,-9723.58203125
1329,val,50000,28743.096,21256.904296875
2444,val,12000,8649.954,3350.0458984375
1442,val,55000,53478.59,1521.41015625
1943,val,5000,7763.004,-2763.00390625
4151,val,12000,10526.533,1473.466796875
2902,val,30000,50803.59,-20803.58984375
2943,val,27000,30333.059,-3333.05859375
271,val,9000,19976.861,-10976.861328125
1527,val,10000,12373.749,-2373.7490234375
2373,val,8000,10878.004,-2878.00390625
3474,val,12000,10430.421,1569.5791015625
4189,val,13900,8468.378,5431.6220703125
4567,val,23000,19387.725,3612.275390625
1892,val,7500,7134.0537,365.9462890625
3291,val,10000,7976.039,2023.9609375
3864,val,28000,31940.951,-3940.951171875
858,val,160000,140026.64,19973.359375
3353,val,20000,22236.256,-2236.255859375
1715,val,21000,16418.273,4581.7265625
3445,val,20000,19268.35,731.650390625
3932,val,25000,23398.092,1601.908203125
2040,val,16000,13188.52,2811.48046875
663,val,50000,45969.227,4030.7734375
4192,val,4700,9082.11,-4382.1103515625
3202,val,12000,12833.024,-833.0244140625
1266,val,85000,36273.383,48726.6171875
217,val,30000,31829.865,-1829.865234375
1978,val,27500,19655.281,7844.71875
2749,val,30000,36698.94,-6698.94140625
3609,val,14000,14523.822,-523.822265625
1473,val,45000,43216.25,1783.75
2059,val,9000,14775.761,-5775.7607421875
4539,val,25000,11087.75,13912.25
653,val,13500,22399.852,-8899.8515625
2048,val,18000,16102.23,1897.76953125
42,val,5000,6486.093,-1486.0927734375
4454,val,15000,12248.185,2751.8154296875
1989,val,11000,9815.334,1184.666015625
2671,val,20500,18906.373,1593.626953125
580,val,13000,17372.246,-4372.24609375
2792,val,7000,11401.632,-4401.6318359375
916,val,90000,65930.695,24069.3046875
3789,val,36000,41630.918,-5630.91796875
410,val,6500,9378.406,-2878.40625
2089,val,30000,48957.348,-18957.34765625
3735,val,28000,14847.934,13152.06640625
201,val,10000,6983.569,3016.43115234375
2546,val,12000,10959.869,1040.130859375
2084,val,12000,15171.39,-3171.3896484375
1710,val,7000,6641.513,358.48681640625
4079,val,27000,21390.295,5609.705078125
4488,val,25000,23483.49,1516.509765625
3035,val,10000,10548.765,-548.7646484375
3920,val,27000,21717.857,5282.142578125
3277,val,25000,27588.7,-2588.69921875
3949,val,35000,35866.777,-866.77734375
2656,val,5000,7448.2153,-2448.21533203125
1941,val,22000,8717.331,13282.6689453125
2383,val,18500,13078.268,5421.732421875
2423,val,8500,8405.33,94.669921875
4653,val,12000,7700.5347,4299.46533203125
3962,val,25000,21647.135,3352.865234375
565,val,44000,65703.41,-21703.40625
3248,val,14000,15701.127,-1701.126953125
1428,val,31000,24066.676,6933.32421875
1193,val,250000,154829.55,95170.453125
2448,val,35000,37289.184,-2289.18359375
1512,val,7000,7135.905,-135.90478515625
2841,val,10000,10533.633,-533.6328125
3400,val,7500,10723.19,-3223.1904296875
395,val,6000,6603.21,-603.2099609375
2607,val,15500,17868.637,-2368.63671875
1097,val,29500,41521.242,-12021.2421875
1917,val,14000,15115.005,-1115.0048828125
1491,val,250000,295473.34,-45473.34375
1453,val,55000,68107.52,-13107.5234375
1877,val,18000,10399.359,7600.640625
3436,val,13500,13553.397,-53.3974609375
1566,val,24000,23304.29,695.7109375
757,val,24000,28285.21,-4285.2109375
3956,val,45000,35611.01,9388.98828125
4251,val,15500,10303.81,5196.1904296875
3603,val,6500,7741.871,-1241.87109375
1496,val,21000,23124.072,-2124.072265625
3377,val,20000,13349.824,6650.17578125
3507,val,17000,13020.829,3979.1708984375
2197,val,7500,8363.1875,-863.1875
1858,val,17000,16586.916,413.083984375
3841,val,9000,12583.195,-3583.1953125
1578,val,12000,13665.66,-1665.66015625
247,val,7000,11882.792,-4882.7919921875
2170,val,15000,15212.03,-212.0302734375
3069,val,14000,6776.2534,7223.74658203125
1093,val,75000,74814.06,185.9375
808,val,60000,29605.4,30394.599609375
2837,val,150000,169356.36,-19356.359375
4061,val,13000,13468.428,-468.427734375
2703,val,10000,11801.304,-1801.3037109375
2417,val,13000,14284.338,-1284.337890625
2590,val,20000,27111.79,-7111.7890625
4409,val,46000,83675.305,-37675.3046875
2245,val,11000,10817.851,182.1494140625
3560,val,20000,14977.231,5022.7685546875
4029,val,15000,19875.531,-4875.53125
2409,val,7000,8809.145,-1809.14453125
3568,val,26000,23202.297,2797.703125
592,val,170000,161836.73,8163.265625
1979,val,16000,12682.076,3317.923828125
373,val,15000,15803.844,-803.84375
2732,val,20000,12541.201,7458.798828125
2678,val,17000,18257.613,-1257.61328125
2751,val,13000,9747.157,3252.8427734375
1826,val,7000,8461.733,-1461.7333984375
301,val,15000,14902.284,97.7158203125
2900,val,16000,22964.34,-6964.33984375
3316,val,7000,6882.75,117.25
648,val,80000,108350.29,-28350.2890625
3645,val,20000,14153.446,5846.5537109375
457,val,8000,7149.1484,850.8515625
1679,val,40000,26486.525,13513.474609375
3219,val,15000,16161.835,-1161.8349609375
3030,val,34999,52039.793,-17040.79296875
3261,val,12000,10250.35,1749.650390625
1016,val,45000,50954.645,-5954.64453125
3033,val,15000,9163.186,5836.814453125
4369,val,7000,7532.769,-532.76904296875
3318,val,20000,28480.078,-8480.078125
3662,val,13500,8688.304,4811.6962890625
2830,val,12000,25396.197,-13396.197265625
4077,val,25000,15190.139,9809.861328125
1019,val,20000,17599.06,2400.939453125
3446,val,21000,18821.58,2178.419921875
1891,val,36000,26784.035,9215.96484375
1336,val,21000,18433.049,2566.951171875
3927,val,12000,11569.903,430.0966796875
4703,val,60000,49163.73,10836.26953125
4522,val,9500,8398.263,1101.7373046875
2655,val,9500,10864.981,-1364.9814453125
187,val,8000,11093.113,-3093.11328125
1584,val,27000,23305.645,3694.35546875
2726,val,10000,9973.323,26.6767578125
287,val,7500,17570.55,-10070.55078125
1156,val,260000,181786.17,78213.828125
3348,val,53000,50964.508,2035.4921875
3679,val,11000,11226.863,-226.86328125
3740,val,36000,45509.637,-9509.63671875
1263,val,27000,33359.05,-6359.05078125
503,val,40000,29849.447,10150.552734375
1747,val,15000,11312.788,3687.2119140625
4410,val,12000,12340.808,-340.8076171875
2329,val,8500,9209.333,-709.3330078125
600,val,300000,246539.44,53460.5625
2592,val,150000,44894.95,105105.05078125
4497,val,12500,12552.402,-52.40234375
3934,val,12000,12251.316,-251.31640625
675,val,21000,18797.578,2202.421875
4724,val,5000,8066.991,-3066.9912109375
4019,val,12500,11179.134,1320.8662109375
2542,val,45000,43742.28,1257.71875
2478,val,20000,13957.504,6042.49609375
2522,val,65000,44859.47,20140.53125
2809,val,30000,35056.86,-5056.859375
2501,val,10000,12411.512,-2411.51171875
2280,val,30000,45641.465,-15641.46484375
1868,val,22500,43550.43,-21050.4296875
3422,val,7500,6474.6206,1025.37939453125
999,val,1200000,434198.9,765801.09375
2786,val,150000,133618.25,16381.75
2870,val,21000,13214.772,7785.2275390625
4345,val,5000,6946.1016,-1946.1015625
1837,val,17000,24384.818,-7384.818359375
4431,val,12000,12426.661,-426.6611328125
3653,val,10000,7989.866,2010.1337890625
1317,val,80000,52557.21,27442.7890625
1456,val,140000,200744.86,-60744.859375
2470,val,2000,9237.986,-7237.986328125
1545,val,8000,7789.408,210.591796875
595,val,75000,76262.59,-1262.59375
230,val,3500,7488.4478,-3988.44775390625
4623,val,11000,6327.063,4672.93701171875
4441,val,30000,19328.518,10671.482421875
4105,val,6000,8876.025,-2876.025390625
3024,val,13000,10671.564,2328.435546875
2232,val,150000,205747.8,-55747.796875
2721,val,47000,44877.016,2122.984375
3876,val,14000,12991.976,1008.0244140625
40,val,7200,7185.428,14.57177734375
3322,val,10000,7435.8716,2564.12841796875
3781,val,27999,28793.14,-794.140625
1681,val,16000,16407.143,-407.142578125
3396,val,8000,8665.38,-665.3798828125
4541,val,10000,16180.327,-6180.3271484375
1857,val,27000,16945.924,10054.076171875
2158,val,24000,22552.26,1447.740234375
3589,val,7000,10458.722,-3458.7216796875
3244,val,9000,7371.3716,1628.62841796875
4391,val,13500,10674.832,2825.16796875
824,val,48000,44414.742,3585.2578125
55,val,7000,6028.8726,971.12744140625
2267,val,10000,11395.022,-1395.0224609375
3531,val,20000,18701.107,1298.892578125
3092,val,9000,11744.835,-2744.8349609375
2407,val,40000,20683.965,19316.03515625
3563,val,18000,16520.133,1479.8671875
1896,val,6000,8708.987,-2708.9873046875
333,val,30000,21234.477,8765.5234375
32,val,6000,7057.69,-1057.68994140625
1235,val,200000,277507.7,-77507.6875
4485,val,12000,13281.98,-1281.98046875
1991,val,23500,13804.425,9695.5751953125
1367,val,55000,37974.875,17025.125
4638,val,8000,7491.6055,508.39453125
2347,val,10000,13797.844,-3797.84375
2454,val,22000,22464.14,-464.140625
1221,val,6500,17672.395,-11172.39453125
2371,val,65000,125195.09,-60195.09375
1893,val,9000,8414.161,585.8388671875
1126,val,50000,60774.914,-10774.9140625
2171,val,6000,7853.1304,-1853.13037109375
2131,val,10000,8460.619,1539.380859375
2468,val,13000,11169.723,1830.27734375
1065,val,18000,18759.395,-759.39453125
3634,val,19000,21117.502,-2117.501953125
1636,val,40000,37268.6,2731.3984375
1262,val,41000,32107.064,8892.935546875
3845,val,9500,9203.915,296.0849609375
3408,val,5000,10340.186,-5340.185546875
1616,val,100000,192400.44,-92400.4375
2729,val,5500,7229.1904,-1729.1904296875
2509,val,32000,24638.6,7361.400390625
1548,val,20000,26274.459,-6274.458984375
3714,val,45000,23702.74,21297.259765625
2530,val,20000,14481.331,5518.6689453125
4446,val,15000,17240.877,-2240.876953125
2972,val,10500,12693.173,-2193.1728515625
3141,val,13000,10896.633,2103.3671875
3197,val,8000,8863.345,-863.3447265625
4647,val,16000,15018.255,981.7451171875
1206,val,32000,29851.553,2148.447265625
4089,val,10000,12352.383,-2352.3828125
1935,val,9000,19653.838,-10653.837890625
2793,val,18500,19157.71,-657.7109375
873,val,40000,33775.473,6224.52734375
772,val,120000,94630.4,25369.6015625
1953,val,9500,12857.33,-3357.330078125
3532,val,17000,15179.972,1820.0283203125
3401,val,15000,11289.894,3710.1064453125
207,val,6000,7853.258,-1853.2578125
3825,val,10000,12206.948,-2206.9482421875
20,val,7900,7058.4375,841.5625
3556,val,9500,12311.582,-2811.58203125
952,val,59000,41463.51,17536.48828125
4215,val,40000,35960.555,4039.4453125
4686,val,7000,6321.1997,678.80029296875
3561,val,13000,10196.02,2803.98046875
3818,val,8500,6620.559,1879.44091796875
1666,val,50000,69900.164,-19900.1640625
1925,val,15000,14367.697,632.302734375
3752,val,10000,7940.818,2059.18212890625
1735,val,8000,8859.558,-859.5576171875
444,val,10000,12311.664,-2311.6640625
3608,val,4000,6814.325,-2814.3251953125
556,val,32000,21036.654,10963.345703125
1078,val,16000,18896.404,-2896.404296875
75,val,12500,12187.276,312.7236328125
197,val,15000,17699.4,-2699.400390625
1120,val,90100,80040.64,10059.359375
2845,val,18000,21590.826,-3590.826171875
10,val,25000,19274.104,5725.896484375
4093,val,12000,11891.67,108.330078125
181,val,50000,17516.34,32483.66015625
4404,val,12000,15468.248,-3468.248046875
1609,val,8000,9268.7705,-1268.7705078125
96,val,12000,14146.173,-2146.1728515625
4141,val,15500,12837.407,2662.5927734375
4707,val,110000,81795.43,28204.5703125
355,val,5200,6149.6016,-949.6015625
2127,val,10000,8417.163,1582.8369140625
1740,val,6000,6918.681,-918.68115234375
292,val,15000,13794.751,1205.2490234375
806,val,19500,54818.715,-35318.71484375
1114,val,55000,63861.734,-8861.734375
2389,val,90000,104864.85,-14864.8515625
2263,val,9000,8918.379,81.62109375
158,val,14500,11941.382,2558.6181640625
4053,val,35000,16405.969,18594.03125
3251,val,8000,10810.61,-2810.6103515625
3080,val,11000,10755.804,244.1962890625
2772,val,20200,23164.996,-2964.99609375
2557,val,12000,14514.046,-2514.0458984375
127,val,8000,6627.332,1372.66796875
1930,val,18000,21551.121,-3551.12109375
654,val,18000,45737.85,-27737.8515625
2505,val,35000,11992.297,23007.703125
4186,val,20000,18128.678,1871.322265625
1429,val,60000,46220.68,13779.3203125
4721,val,8000,10254.496,-2254.49609375
443,val,5500,6058.127,-558.126953125
4646,val,10000,10585.854,-585.853515625
2394,val,260000,321543.12,-61543.125
1145,val,50000,25601.762,24398.23828125
4128,val,22000,20070.168,1929.83203125
1583,val,19000,19800.61,-800.609375
3414,val,12500,7773.325,4726.6748046875
4392,val,21000,17055.367,3944.6328125
2015,val,5000,6257.229,-1257.22900390625
978,val,40000,36058.777,3941.22265625
4430,val,22000,20243.742,1756.2578125
3186,val,14000,15353.209,-1353.208984375
1729,val,6500,8896.104,-2396.103515625
275,val,30000,13904.968,16095.0322265625
1113,val,70000,95096.5,-25096.5
3535,val,12000,12495.748,-495.748046875
2945,val,5000,9004.071,-4004.0712890625
117,val,7000,7022.484,-22.48388671875
671,val,65000,68544.164,-3544.1640625
3315,val,7000,6643.82,356.18017578125
574,val,55000,63239.844,-8239.84375
3406,val,7500,10425.538,-2925.5380859375
3096,val,15000,28359.113,-13359.11328125
2888,val,20000,16459.271,3540.728515625
1436,val,80000,31382.73,48617.26953125
3177,val,7500,9958.694,-2458.6943359375
647,val,53000,54387.797,-1387.796875
2244,val,17000,14984.161,2015.8388671875
2078,val,4000,5873.2085,-1873.20849609375
1932,val,10000,12768.525,-2768.525390625
175,val,5500,7584.4097,-2084.40966796875
1137,val,32000,33649.566,-1649.56640625
1356,val,74999,50254.77,24744.23046875
13,val,5500,5719.6587,-219.65869140625
915,val,10000,15882.099,-5882.0986328125
3922,val,9000,17331.586,-8331.5859375
3943,val,14000,18017.346,-4017.345703125
234,val,4500,5005.2056,-505.20556640625
1343,val,80000,156855.12,-76855.125
3167,val,16000,13012.177,2987.8232421875
1850,val,8900,20110.482,-11210.482421875
3122,val,12500,13504.327,-1004.3271484375
3678,val,23000,24128.105,-1128.10546875
236,val,4500,3998.251,501.7490234375
4191,val,9000,11382.802,-2382.8017578125
1824,val,16500,20997.447,-4497.447265625
2938,val,25000,27836.078,-2836.078125
3710,val,22000,17829.89,4170.109375
4595,val,12000,8446.421,3553.5791015625
2222,val,22000,30424.611,-8424.611328125
3569,val,9000,10474.045,-1474.044921875
149,val,20000,16065.125,3934.875
4020,val,25000,23954.195,1045.8046875
4598,val,10000,6993.5474,3006.45263671875
3132,val,15000,11732.967,3267.033203125
2458,val,5500,13619.301,-8119.30078125
383,val,10000,10176.929,-176.9287109375
4185,val,16000,13984.98,2015.01953125
4731,val,12000,12790.745,-790.7451171875
3320,val,18000,14866.567,3133.4326171875
4592,val,12000,13127.492,-1127.4921875
3346,val,9000,12631.172,-3631.171875
1808,val,70000,8611.142,61388.8583984375
2013,val,25500,37030.902,-11530.90234375
3065,val,15000,15104.572,-104.572265625
737,val,22000,26884.074,-4884.07421875
1757,val,7000,7036.3965,-36.396484375
803,val,50000,97815.69,-47815.6875
1226,val,15000,23634.344,-8634.34375
3879,val,11000,12044.555,-1044.5546875
1580,val,15000,11620.221,3379.779296875
3780,val,13000,16659.781,-3659.78125
2353,val,22000,14073.263,7926.7373046875
4247,val,8500,8841.417,-341.4169921875
4594,val,30000,24510.234,5489.765625
1265,val,65000,71592.43,-6592.4296875
4364,val,28000,21253.441,6746.55859375
3393,val,13000,10470.739,2529.2607421875
4166,val,14000,17946.5,-3946.5
118,val,3900,5192.308,-1292.30810546875
725,val,600000,297458.7,302541.3125
2129,val,13000,17927.51,-4927.509765625
1791,val,8000,8710.731,-710.7314453125
1426,val,47000,34770.137,12229.86328125
521,val,18000,16002.626,1997.3740234375
3952,val,12500,14024.075,-1524.0751953125
583,val,28000,29222.771,-1222.771484375
361,val,8000,6659.9414,1340.05859375
1602,val,15000,19186.564,-4186.564453125
3647,val,600000,12129.794,587870.2060546875
4718,val,30000,32740.902,-2740.90234375
95,val,5000,4742.936,257.06396484375
4394,val,10000,10527.607,-527.607421875
956,val,40000,31312.504,8687.49609375
1894,val,18000,23839.672,-5839.671875
1727,val,15000,14510.476,489.5244140625
228,val,14000,14237.78,-237.7802734375
1944,val,6000,7207.194,-1207.19384765625
1402,val,32000,36050.867,-4050.8671875
1743,val,20000,18189.656,1810.34375
2669,val,55000,40302.004,14697.99609375
4555,val,15000,18272.717,-3272.716796875
2332,val,6000,7423.3145,-1423.314453125
1721,val,22000,33970.79,-11970.7890625
3229,val,25000,25134.494,-134.494140625
3692,val,8500,9263.83,-763.830078125
4078,val,35000,24654.912,10345.087890625
934,val,310000,354537.44,-44537.4375
3976,val,45000,22474.662,22525.337890625
4129,val,15000,11590.601,3409.3994140625
4433,val,15000,18749.486,-3749.486328125
1117,val,150000,135056.45,14943.546875
3995,val,130000,9458.688,120541.3115234375
185,val,8000,10210.802,-2210.8017578125
489,val,8000,7079.42,920.580078125
560,val,44000,57466.61,-13466.609375
868,val,45000,45826.44,-826.44140625
2145,val,25000,15005.685,9994.3154296875
1713,val,20000,19810.582,189.41796875
3681,val,15000,12324.904,2675.095703125
3552,val,10000,7420.214,2579.7861328125
1902,val,8000,17458.816,-9458.81640625
2388,val,9000,9203.362,-203.3623046875
3108,val,15000,11014.686,3985.314453125
3745,val,8500,15342.669,-6842.6689453125
130,val,4500,5169.487,-669.48681640625
2559,val,10000,16156.226,-6156.2255859375
3230,val,9000,11536.702,-2536.7021484375
4550,val,21000,15097.212,5902.7880859375
2138,val,5000,6082.4565,-1082.45654296875
1752,val,16000,20916.02,-4916.01953125
3345,val,20000,25022.727,-5022.7265625
1931,val,120000,144144.31,-24144.3125
1573,val,10500,13574.276,-3074.2763671875
171,val,9000,7605.526,1394.47412109375
3027,val,12000,6782.843,5217.1572265625
1637,val,10000,13218.982,-3218.982421875
2848,val,350000,70704.31,279295.6875
3821,val,19000,13310.78,5689.2197265625
2753,val,18000,16042.602,1957.3984375
3727,val,25000,17595.486,7404.513671875
4427,val,10000,6831.591,3168.4091796875
3737,val,3500,5227.2827,-1727.28271484375
3302,val,10000,15042.782,-5042.7822265625
3557,val,18000,16076.712,1923.2880859375
2835,val,18000,19956.105,-1956.10546875
1381,val,45000,52669.707,-7669.70703125
534,val,32000,44476.63,-12476.62890625
3086,val,10000,8956.482,1043.517578125
1910,val,12000,21400.662,-9400.662109375
4333,val,10000,16754.205,-6754.205078125
2043,val,21000,26388.973,-5388.97265625
3303,val,20000,14817.857,5182.142578125
1214,val,40000,28258.705,11741.294921875
374,val,6200,8219.828,-2019.828125
1055,val,35000,15881.508,19118.4921875
3255,val,20000,24963.207,-4963.20703125
1907,val,11000,7686.262,3313.73779296875
100,val,22000,38872.555,-16872.5546875
3201,val,60000,46872.42,13127.578125
2425,val,18000,12767.223,5232.77734375
255,val,5300,6608.711,-1308.7109375
1798,val,30000,68598.64,-38598.640625
3961,val,7000,8146.081,-1146.0810546875
828,val,130000,198893.92,-68893.921875
1610,val,7500,8018.0127,-518.0126953125
1647,val,8500,14074.698,-5574.6982421875
1672,val,18000,17713.873,286.126953125
1726,val,7000,6718.3135,281.6865234375
4450,val,30000,22840.906,7159.09375
606,val,170000,202483.98,-32483.984375
2969,val,9000,8225.286,774.7138671875
1632,val,20000,7665.0825,12334.91748046875
2882,val,15000,14916.76,83.240234375
4203,val,7000,8646.7705,-1646.7705078125
4666,val,15000,21127.13,-6127.130859375
1209,val,80000,83973.164,-3973.1640625
3282,val,16500,21428.416,-4928.416015625
3911,val,12000,16453.871,-4453.87109375
3482,val,13000,14944.983,-1944.9833984375
2074,val,11500,8813.372,2686.6279296875
1835,val,16000,16830.664,-830.6640625
4299,val,15500,19209.69,-3709.689453125
1123,val,80000,39263.848,40736.15234375
3306,val,11000,10102.714,897.2861328125
2240,val,13500,10446.938,3053.0615234375
1178,val,57000,42024.2,14975.80078125
1314,val,14500,22770.523,-8270.5234375
1981,val,75000,112563.84,-37563.84375
4124,val,10000,9582.545,417.455078125
3754,val,7000,11849.926,-4849.92578125
70,val,7500,5668.87,1831.1298828125
1918,val,6000,9802.984,-3802.984375
896,val,180000,193569.12,-13569.125
3430,val,14000,13843.239,156.7607421875
1157,val,300000,272098.4,27901.59375
4202,val,13000,10597.31,2402.6904296875
3684,val,11000,7476.6577,3523.34228515625
4161,val,9500,9963.958,-463.9580078125
577,val,85000,48212.246,36787.75390625
3503,val,17000,13470.342,3529.658203125
690,val,18000,20498.854,-2498.853515625
2962,val,17000,11921.9795,5078.0205078125
3412,val,30000,25419.508,4580.4921875
2741,val,30000,22966.99,7033.009765625
416,val,6500,7101.196,-601.19580078125
555,val,190000,216575.25,-26575.25
3131,val,22000,15556.394,6443.6064453125
3667,val,20000,16600.541,3399.458984375
1013,val,35000,42188.32,-7188.3203125
2979,val,6500,12619.78,-6119.7802734375
4521,val,55000,49776.82,5223.1796875
1422,val,70000,36622.83,33377.171875
4537,val,67000,49199.613,17800.38671875
3581,val,13000,11891.182,1108.818359375
4090,val,12000,8566.006,3433.994140625
1657,val,6900,7755.0557,-855.0556640625
71,val,16000,15584.029,415.970703125
4336,val,15000,21430.91,-6430.91015625
3580,val,6000,7228.9766,-1228.9765625
1101,val,33000,26512.404,6487.595703125
3512,val,7500,7079.609,420.39111328125
1802,val,30000,26493.523,3506.4765625
481,val,10000,7740.867,2259.1328125
3923,val,12000,11410.084,589.916015625
1368,val,15000,18152.984,-3152.984375
1970,val,30000,32480.805,-2480.8046875
2028,val,10500,11908.422,-1408.421875
1393,val,60000,80015.68,-20015.6796875
4527,val,22000,20206.977,1793.0234375
2827,val,18000,24680.014,-6680.013671875
3623,val,17000,12121.537,4878.462890625
2374,val,11000,13130.548,-2130.5478515625
1460,val,17000,18649.312,-1649.3125
4612,val,11000,12489.445,-1489.4453125
4009,test,38000,30546.082,7453.91796875
3431,test,18000,16031.023,1968.9765625
3613,test,100000,147149.47,-47149.46875
1455,test,700000,435735.8,264264.1875
4349,test,15500,13161.956,2338.0439453125
1004,test,35000,22743.633,12256.3671875
3898,test,9000,11809.399,-2809.3994140625
2060,test,25000,40376.023,-15376.0234375
3677,test,11000,9602.893,1397.107421875
3204,test,23999,19538.918,4460.08203125
608,test,41000,49823.98,-8823.98046875
1098,test,53000,77035.02,-24035.0234375
3165,test,7500,8265.528,-765.5283203125
3819,test,10000,15447.917,-5447.9169921875
435,test,5500,7105.2134,-1605.21337890625
848,test,50000,23362.414,26637.5859375
531,test,22000,21237.354,762.646484375
3153,test,15000,8982.053,6017.947265625
4712,test,5500,4492.662,1007.337890625
4101,test,12000,17024.88,-5024.880859375
3082,test,15000,21210.25,-6210.25
2896,test,25000,16352.295,8647.705078125
145,test,7000,11724.421,-4724.4208984375
2025,test,35000,17655.16,17344.83984375
700,test,120000,90388.76,29611.2421875
2794,test,8500,10588.863,-2088.86328125
2327,test,42000,35051.34,6948.66015625
632,test,65000,64848.438,151.5625
150,test,7000,9780.486,-2780.486328125
3152,test,5700,6699.36,-999.35986328125
3026,test,8900,6921.367,1978.6328125
3805,test,10000,9607.803,392.197265625
2441,test,16500,15497.604,1002.396484375
694,test,26000,20306.818,5693.181640625
1814,test,11000,14949.303,-3949.302734375
2062,test,11000,12577.173,-1577.1728515625
928,test,110000,73733.086,36266.9140625
485,test,7000,7384.77,-384.77001953125
2290,test,5000,5786.59,-786.58984375
1043,test,130000,59735.688,70264.3125
2614,test,16000,8556.975,7443.025390625
3889,test,22000,20344.56,1655.439453125
2763,test,35000,46065.516,-11065.515625
3555,test,5000,6806.998,-1806.998046875
3811,test,32000,34971.473,-2971.47265625
959,test,24000,16673.021,7326.978515625
279,test,4500,9680.109,-5180.109375
1360,test,32000,30705.53,1294.470703125
4381,test,10000,14363.217,-4363.216796875
676,test,20000,23092.623,-3092.623046875
735,test,55000,57095.574,-2095.57421875
2042,test,7000,10421.243,-3421.2431640625
2550,test,5000,9442.788,-4442.7880859375
4606,test,25000,19130.652,5869.34765625
2359,test,5000,8084.376,-3084.3759765625
627,test,40000,43892.805,-3892.8046875
3652,test,7000,8079.466,-1079.4658203125
31,test,15000,11179.006,3820.994140625
4091,test,5300,7248.1084,-1948.1083984375
2321,test,4000,8517.3125,-4517.3125
3439,test,15000,11594.891,3405.109375
1942,test,12000,10755.772,1244.2275390625
1575,test,32000,20469.18,11530.8203125
2890,test,15000,10567.585,4432.4150390625
3134,test,5000,5052.2227,-52.22265625
2219,test,10000,8148.5674,1851.4326171875
887,test,230000,234618.16,-4618.15625
672,test,160000,92185.42,67814.578125
2272,test,17000,19908.58,-2908.580078125
422,test,12000,8010.6978,3989.30224609375
1318,test,55000,37739.76,17260.23828125
1331,test,55000,51917.35,3082.6484375
174,test,9000,9452.159,-452.1591796875
182,test,12000,14061.013,-2061.0126953125
2940,test,24500,23275.879,1224.12109375
2183,test,90000,14869.077,75130.9228515625
502,test,3700,7714.053,-4014.05322265625
2426,test,11500,9699.768,1800.232421875
4365,test,57000,49039.496,7960.50390625
1060,test,35000,39181.254,-4181.25390625
184,test,12000,17718.13,-5718.130859375
3166,test,30000,32911.27,-2911.26953125
714,test,32000,45107.348,-13107.34765625
2663,test,37000,37934.55,-934.55078125
4604,test,15000,14750.811,249.189453125
571,test,57000,57217.02,-217.01953125
587,test,32000,30952.916,1047.083984375
272,test,6000,5225.2935,774.70654296875
4507,test,16000,11837.613,4162.38671875
203,test,5000,5986.868,-986.8681640625
2436,test,90000,72219.555,17780.4453125
3772,test,14000,11345.171,2654.8291015625
1349,test,78000,70295.32,7704.6796875
243,test,7000,12015.148,-5015.1484375
3809,test,18500,17483.344,1016.65625
155,test,10000,8799.698,1200.3017578125
3164,test,15000,15760.569,-760.5693359375
590,test,150000,133452.44,16547.5625
4657,test,9000,6602.3975,2397.6025390625
805,test,42000,25786.453,16213.546875
1913,test,6000,6868.558,-868.55810546875
1627,test,20000,26073.762,-6073.76171875
4210,test,15000,19033.977,-4033.9765625
1321,test,90000,79748.2,10251.796875
2393,test,20000,8612.851,11387.1494140625
3021,test,14000,12946.395,1053.60546875
4140,test,17000,15720.441,1279.55859375
3355,test,10000,6109.821,3890.17919921875
2438,test,25000,19382.79,5617.2109375
1044,test,40000,46192.48,-6192.48046875
2484,test,8500,7640.586,859.4140625
1020,test,75000,78212.66,-3212.65625
4403,test,8500,10683.877,-2183.876953125
3382,test,8500,7731.8574,768.142578125
2186,test,22000,23536.945,-1536.9453125
4609,test,7500,6923.995,576.0048828125
1173,test,60000,42642.016,17357.984375
4423,test,10000,8896.256,1103.744140625
93,test,6000,4879.0576,1120.9423828125
3148,test,18000,17380.566,619.43359375
1352,test,90000,63537.574,26462.42578125
1011,test,26000,29024.898,-3024.8984375
266,test,6000,10740.027,-4740.02734375
1242,test,35000,35604.387,-604.38671875
363,test,5000,5504.918,-504.91796875
3597,test,14500,20084.893,-5584.892578125
4097,test,22000,19619.53,2380.470703125
4459,test,10000,10171.165,-171.1650390625
2356,test,24000,24716.973,-716.97265625
2589,test,100000,73437.71,26562.2890625
3123,test,90000,102125.06,-12125.0625
3600,test,9000,9934.067,-934.0673828125
2791,test,14000,13421.277,578.72265625
579,test,80000,56560.066,23439.93359375
1138,test,17000,19832.133,-2832.1328125
1154,test,95000,105114.97,-10114.96875
701,test,400000,250240.92,149759.078125
669,test,65000,76358.08,-11358.078125
3252,test,13500,14944.67,-1444.669921875
1001,test,45000,39779.008,5220.9921875
1322,test,43000,52532.656,-9532.65625
618,test,80000,66422.33,13577.671875
1867,test,8500,11635.736,-3135.736328125
4027,test,15000,10178.385,4821.615234375
3615,test,7500,6328.427,1171.5732421875
3813,test,7000,9919.146,-2919.146484375
4496,test,10000,9552.341,447.6591796875
767,test,130000,152705.72,-22705.71875
3403,test,10000,11462.188,-1462.1884765625
4549,test,11000,13531.362,-2531.3623046875
2847,test,17000,15321.788,1678.2119140625
4479,test,15000,13449.763,1550.2373046875
4209,test,26000,27290.111,-1290.111328125
629,test,38000,46137.445,-8137.4453125
4322,test,7500,12127.041,-4627.041015625
2391,test,12000,9747.157,2252.8427734375
304,test,8000,7594.761,405.23876953125
3260,test,25000,21398.008,3601.9921875
4560,test,13000,10420.786,2579.2138671875
2916,test,17500,16058.14,1441.8603515625
3063,test,11000,10821.741,178.2587890625
3642,test,13000,11948.81,1051.1904296875
1140,test,290000,146939.39,143060.609375
4204,test,12000,16677.984,-4677.984375
3214,test,25000,8652.645,16347.35546875
2279,test,11500,6803.408,4696.591796875
4217,test,8500,7242.131,1257.869140625
2654,test,16000,14167.979,1832.021484375
3240,test,16000,10745.458,5254.5419921875
252,test,10000,14464.354,-4464.353515625
970,test,51500,75153.164,-23653.1640625
3743,test,10000,13234.41,-3234.41015625
3124,test,14000,10460.229,3539.771484375
448,test,5200,3422.162,1777.837890625
173,test,18000,9454.358,8545.6416015625
3874,test,48000,38108.53,9891.46875
132,test,16000,9593.016,6406.984375
1369,test,22000,36991.3,-14991.30078125
707,test,60000,64461.516,-4461.515625
3755,test,6500,7073.9116,-573.91162109375
683,test,47000,35958.53,11041.46875
986,test,150000,248077.9,-98077.90625
3827,test,35000,24971.494,10028.505859375
4434,test,6500,6151.338,348.662109375
3107,test,15000,11665.616,3334.3837890625
729,test,23000,28303.533,-5303.533203125
4382,test,18000,17187.191,812.80859375
691,test,7500,21574.977,-14074.9765625
899,test,36000,44875.86,-8875.859375
1282,test,25000,29494.363,-4494.36328125
3621,test,15000,13623.433,1376.5673828125
2963,test,15000,34422.246,-19422.24609375
773,test,40000,20801.951,19198.048828125
2318,test,20000,21175.605,-1175.60546875
2372,test,18000,21793.07,-3793.0703125
3830,test,35000,45508.9,-10508.8984375
1901,test,20000,15790.284,4209.7158203125
3078,test,10000,9535.2,464.7998046875
4075,test,6500,6917.8496,-417.849609375
778,test,25000,28359.816,-3359.81640625
2001,test,19000,14343.737,4656.2626953125
2653,test,17000,23472.43,-6472.4296875
103,test,25000,20658.967,4341.033203125
3105,test,16000,13737.77,2262.23046875
1087,test,65000,43077.496,21922.50390625
1997,test,10000,10651.715,-651.71484375
3887,test,10000,9345.858,654.1416015625
1706,test,12000,12959.725,-959.724609375
3487,test,17000,17915.615,-915.615234375
3707,test,22000,34847.387,-12847.38671875
17,test,10000,7829.2876,2170.71240234375
564,test,43000,78439.89,-35439.890625
2838,test,75000,132249.45,-57249.453125
763,test,80000,89844.57,-9844.5703125
2088,test,16000,13690.956,2309.0439453125
3640,test,16000,14258.681,1741.3193359375
3695,test,7000,9241.838,-2241.837890625
1585,test,48000,68475.56,-20475.5625
3644,test,15000,16275.898,-1275.8984375
1034,test,75000,67711.164,7288.8359375
4603,test,17000,16324.714,675.2861328125
4037,test,18000,17745.578,254.421875
3753,test,37500,45055.367,-7555.3671875
851,test,8000,41820.336,-33820.3359375
366,test,8000,10904.378,-2904.3779296875
239,test,5000,5698.8887,-698.888671875
412,test,36125,25418.805,10706.1953125
56,test,6000,9198.772,-3198.7724609375
607,test,20000,63594.62,-43594.62109375
3726,test,9500,12307.062,-2807.0615234375
4593,test,8000,11838.313,-3838.3134765625
1493,test,10500,13119.231,-2619.2314453125
2659,test,29000,42357.32,-13357.3203125
1474,test,38000,42916.71,-4916.7109375
176,test,7500,8219.828,-719.828125
3018,test,18000,15906.429,2093.5712890625
2452,test,12000,8639.582,3360.41796875
3538,test,15000,12143.894,2856.1064453125
2414,test,9000,14548.458,-5548.4580078125
932,test,70000,53118.613,16881.38671875
1694,test,17000,14710.699,2289.30078125
1663,test,18000,12624.535,5375.46484375
526,test,75000,63068.67,11931.328125
4197,test,12000,13987.395,-1987.39453125
2701,test,22000,25059.672,-3059.671875
2345,test,18000,15957.377,2042.623046875
2471,test,28000,18630.895,9369.10546875
1253,test,63000,77639.45,-14639.453125
4095,test,20000,23015.844,-3015.84375
65,test,8000,11683.944,-3683.9443359375
2865,test,32000,30526.076,1473.923828125
2149,test,15000,7127.409,7872.5908203125
1765,test,10000,11331.253,-1331.2529296875
3939,test,9000,12713.685,-3713.6845703125
4200,test,32000,34635.14,-2635.140625
4629,test,8000,7643.458,356.5419921875
4031,test,8500,11281.294,-2781.2939453125
186,test,18000,9083.583,8916.4169921875
1568,test,4000,6361.7803,-2361.7802734375
4010,test,20000,22957.9,-2957.900390625
1064,test,28000,39506.645,-11506.64453125
990,test,150000,160451.17,-10451.171875
573,test,57000,39509.586,17490.4140625
2876,test,10000,5752.4043,4247.595703125
2706,test,18000,17786.836,213.1640625
3418,test,45000,55500.418,-10500.41796875
2946,test,5000,9831.411,-4831.4111328125
1763,test,11000,7092.5786,3907.42138671875
106,test,14000,8653.329,5346.6708984375
3859,test,75000,31533.76,43466.240234375
248,test,3200,15880.554,-12680.5537109375
796,test,35000,33128.906,1871.09375
4655,test,13000,15945.51,-2945.509765625
3103,test,50000,54441.3,-4441.30078125
4261,test,6500,9193.282,-2693.2822265625
4252,test,20000,15101.6045,4898.3955078125
3070,test,15000,16752.992,-1752.9921875
3971,test,20000,13991.157,6008.8427734375
356,test,13000,14050.423,-1050.4228515625
4402,test,22000,20866.527,1133.47265625
3909,test,8000,11633.905,-3633.9052734375
4451,test,6500,7052.4146,-552.41455078125
517,test,45000,18074.209,26925.791015625
2080,test,24000,19548.367,4451.6328125
1274,test,85000,59884.45,25115.55078125
3626,test,10500,10244.114,255.8857421875
1006,test,15000,15772.689,-772.689453125
4223,test,55000,46304.29,8695.7109375
609,test,65000,53312.277,11687.72265625
1780,test,30000,23963.084,6036.916015625
3159,test,8000,13027.413,-5027.4130859375
2834,test,68000,39317.918,28682.08203125
1756,test,14000,20451.91,-6451.91015625
2102,test,15000,12175.24,2824.759765625
2839,test,110000,182365.27,-72365.265625
2014,test,6000,5949.0137,50.986328125
1022,test,140000,68086.61,71913.390625
269,test,8000,10738.891,-2738.890625
1254,test,7500,17242.373,-9742.373046875
2179,test,13500,17224.146,-3724.146484375
2570,test,12000,13344.783,-1344.783203125
148,test,5500,7436.7793,-1936.779296875
696,test,40000,44935.99,-4935.98828125
4119,test,9000,10741.205,-1741.205078125
4286,test,10000,9431.591,568.4091796875
4267,test,20000,15847.706,4152.2939453125
2514,test,7000,8450.232,-1450.232421875
1119,test,300000,300505.3,-505.3125
41,test,12000,22165.6,-10165.599609375
3104,test,8000,6658.8936,1341.1064453125
3590,test,22000,13499.832,8500.16796875
316,test,8000,6725.6934,1274.306640625
1053,test,14000,24889.465,-10889.46484375
886,test,17000,33222.844,-16222.84375
2334,test,54000,70232.47,-16232.46875
4343,test,8500,15527.148,-7027.1484375
4465,test,45000,47752.223,-2752.22265625
1702,test,16000,12762.962,3237.0380859375
3990,test,14000,14512.039,-512.0390625
539,test,85000,69343.555,15656.4453125
340,test,8500,10865.706,-2365.7060546875
477,test,22000,13341.767,8658.2333984375
3099,test,6800,7514.169,-714.1689453125
3185,test,12000,7837.656,4162.34423828125
1875,test,7000,6497.288,502.7119140625
2204,test,8000,10602.415,-2602.4150390625
1327,test,34999,34962.47,36.53125
1550,test,30000,17363.947,12636.052734375
946,test,11000,16361.562,-5361.5615234375
3881,test,7500,10151.559,-2651.55859375
1714,test,380000,163836.9,216163.09375
1359,test,22000,19274.416,2725.583984375
267,test,15000,7847.8965,7152.103515625
4046,test,22000,23956.64,-1956.640625
2495,test,7500,7609.3936,-109.3935546875
3587,test,7000,11890.468,-4890.4677734375
1264,test,53000,24471.44,28528.560546875
0,test,10000,11320.548,-1320.5478515625
1885,test,17000,15210.348,1789.65234375
2365,test,10000,13829.871,-3829.87109375
3407,test,14000,13896.417,103.5830078125
4011,test,15000,20622.076,-5622.076171875
2527,test,12000,14412.067,-2412.0673828125
1071,test,24000,24744.496,-744.49609375
4236,test,13000,12607.942,392.0576171875
2995,test,40000,22393.615,17606.384765625
57,test,6000,11629.334,-5629.333984375
1524,test,16000,11329.211,4670.7890625
4332,test,21000,19912.416,1087.583984375
1434,test,250000,236518.28,13481.71875
2686,test,33000,21196.154,11803.845703125
1675,test,25000,17697.965,7302.03515625
3550,test,10000,13824.082,-3824.08203125
3899,test,35000,24736.568,10263.431640625
225,test,3500,7456.2617,-3956.26171875
3736,test,10000,24300.291,-14300.291015625
2258,test,15000,9749.658,5250.341796875
4222,test,10000,12189.474,-2189.4736328125
2083,test,62000,31564.09,30435.91015625
3628,test,10000,14716.158,-4716.158203125
3465,test,12000,11464.518,535.482421875
3424,test,7000,8554.282,-1554.2822265625
1479,test,50000,24754.01,25245.990234375
3703,test,12500,12775.25,-275.25
2482,test,36000,29718.018,6281.982421875
2440,test,12000,13272.636,-1272.6357421875
2673,test,5000,7211.925,-2211.9248046875
1005,test,60000,33255.973,26744.02734375
699,test,140000,63610.33,76389.671875
3650,test,30000,37040.332,-7040.33203125
3290,test,13000,10209.195,2790.8046875
1073,test,70000,75611.04,-5611.0390625
2640,test,13000,21378.732,-8378.732421875
3001,test,20000,13088.399,6911.6005859375
4498,test,15000,12112.211,2887.7890625
3000,test,11000,8659.736,2340.263671875
1535,test,10000,10406.453,-406.453125
424,test,9000,14671.789,-5671.7890625
3693,test,100000,98228.22,1771.78125
1255,test,30000,22054.031,7945.96875
2774,test,21000,19182.484,1817.515625
4532,test,19000,20822.693,-1822.693359375
3319,test,14000,10547.034,3452.9658203125
1358,test,45000,38219.613,6780.38671875
1058,test,11000,23336.648,-12336.6484375
3985,test,10000,6999.527,3000.47314453125
2434,test,50000,36709.723,13290.27734375
588,test,350000,466658.1,-116658.09375
3071,test,21000,21398.008,-398.0078125
1977,test,5000,8088.7803,-3088.7802734375
1665,test,14000,10069.593,3930.4072265625
4696,test,6000,9452.907,-3452.9072265625
3614,test,14000,12289.21,1710.7900390625
35,test,15000,9147.102,5852.8984375
3843,test,12000,9118.496,2881.50390625
2421,test,29000,15088.504,13911.49609375
2233,test,9000,6804.1094,2195.890625
4624,test,6000,7178.434,-1178.43408203125
112,test,20000,6211.7847,13788.21533203125
3937,test,5000,5344.7637,-344.763671875
2526,test,11000,8902.088,2097.912109375
594,test,210000,121782.484,88217.515625
877,test,48000,23807.34,24192.66015625
2904,test,3500,6310.212,-2810.2119140625
1611,test,9500,11058.38,-1558.3798828125
2569,test,70000,38826.906,31173.09375
3470,test,12000,14963.824,-2963.82421875
2917,test,14500,36049.73,-21549.73046875
4082,test,8500,8639.244,-139.244140625
3045,test,33000,18934.451,14065.548828125
3766,test,11500,10196.02,1303.98046875
4107,test,15000,9818.751,5181.2490234375
1911,test,21500,22026.916,-526.916015625
4355,test,20000,17464.861,2535.138671875
979,test,45000,68650.67,-23650.671875
1513,test,25000,16963.922,8036.078125
2109,test,10000,6931.561,3068.43896484375
4436,test,12000,12463.159,-463.1591796875
1820,test,55000,54163.254,836.74609375
126,test,8000,6828.6523,1171.34765625
4544,test,17000,24429.395,-7429.39453125
807,test,90000,145212.12,-55212.125
2325,test,8500,8764.259,-264.2587890625
3206,test,16000,13974.461,2025.5390625
2349,test,4500,7627.036,-3127.0361328125
491,test,13000,12323.999,676.0009765625
3618,test,16500,11659.253,4840.7470703125
1445,test,230000,264906.22,-34906.21875
2587,test,32000,30353.662,1646.337890625
1109,test,250000,223869.03,26130.96875
1778,test,6000,7077.448,-1077.4482421875
2403,test,14000,22313.264,-8313.263671875
1017,test,250000,201227.11,48772.890625
2957,test,12500,13777.882,-1277.8818359375
2988,test,10500,13141.071,-2641.0712890625
4062,test,22000,45330.434,-23330.43359375
3272,test,35000,28131.705,6868.294921875
3335,test,22000,20640.514,1359.486328125
2486,test,7500,7900.6797,-400.6796875
3003,test,22000,45527.74,-23527.73828125
7,test,5000,5064.3237,-64.32373046875
4508,test,7500,10299.535,-2799.53515625
4630,test,15000,9531.245,5468.7548828125
3417,test,12000,11665.872,334.1279296875
3979,test,40000,27240.16,12759.83984375
4196,test,9500,9878.879,-378.87890625
3546,test,10500,11434.836,-934.8359375
3215,test,12000,11733.526,266.4736328125
4117,test,50000,49447.133,552.8671875
3861,test,10000,19794.246,-9794.24609375
1581,test,11400,16583.547,-5183.546875
3351,test,16000,18579.225,-2579.224609375
4002,test,35000,34898.406,101.59375
1229,test,62000,32485.576,29514.423828125
4178,test,9500,12498.99,-2998.990234375
4158,test,22000,13128.456,8871.5439453125
771,test,60000,48259.676,11740.32421875
945,test,28000,19810.922,8189.078125
4570,test,13000,8333.916,4666.083984375
655,test,75000,66467.7,8532.296875
3094,test,12000,12630.533,-630.533203125
89,test,8500,11651.628,-3151.6279296875
2680,test,30000,27139.65,2860.349609375
1595,test,16000,8715.618,7284.3818359375
3732,test,10000,14540.343,-4540.3427734375
4323,test,13000,13351.798,-351.7978515625
4173,test,20000,16426.213,3573.787109375
941,test,22000,15966.906,6033.09375
3829,test,32000,21537.17,10462.830078125
889,test,8500,17367.559,-8867.55859375
2730,test,14000,11237.083,2762.9169921875
1413,test,85000,130760.31,-45760.3125
4553,test,6500,7235.309,-735.30908203125
2544,test,40000,55264.69,-15264.69140625
1556,test,16000,15673.941,326.05859375
1495,test,17000,18593.387,-1593.38671875
164,test,40000,21764.283,18235.716796875
1829,test,18000,10084.086,7915.9140625
1159,test,40000,35977.676,4022.32421875
2215,test,48000,40863.78,7136.21875
3334,test,9500,13364.054,-3864.0537109375
3062,test,12500,8418.568,4081.431640625
190,test,13000,11898.477,1101.5234375
4297,test,8000,6111.5166,1888.4833984375
4220,test,14000,11290.906,2709.09375
4491,test,10500,11395.979,-895.978515625
3957,test,6000,7568.7065,-1568.70654296875
4146,test,9000,8683.184,316.81640625
33,test,5000,7876.0615,-2876.0615234375
3270,test,16000,13850.477,2149.5234375
1972,test,15000,11482.792,3517.2080078125
3738,test,8000,9562.942,-1562.9423828125
2442,test,4500,6890.0933,-2390.09326171875
1175,test,35000,29228.4,5771.599609375
914,test,27000,20302.48,6697.51953125
2192,test,7500,8370.394,-870.3935546875
1220,test,46000,44874.703,1125.296875
4341,test,60000,32285.342,27714.658203125
4356,test,12500,11665.505,834.4951171875
2682,test,13000,19870.49,-6870.490234375
1724,test,10500,9954.231,545.7685546875
2650,test,190000,141014.16,48985.84375
151,test,3500,6026.843,-2526.8427734375
420,test,10000,5724.7456,4275.25439453125
4518,test,9000,9246.493,-246.4931640625
1874,test,15000,10762.597,4237.4033203125
136,test,5000,6895.6357,-1895.6357421875
3853,test,5000,5946.7837,-946.78369140625
3435,test,90000,64492.69,25507.30859375
3357,test,15000,10672.389,4327.611328125
3038,test,35000,28699.98,6300.01953125
4008,test,15000,16036.33,-1036.330078125
4710,test,25000,18801.04,6198.9609375
2580,test,27000,13516.168,13483.83203125
3757,test,34000,37205.457,-3205.45703125
4574,test,13000,12819.323,180.6767578125
2524,test,12000,23636.484,-11636.484375
1774,test,17000,18973.46,-1973.4609375
389,test,10000,10971.049,-971.048828125
716,test,33000,31200.6,1799.400390625
2954,test,16500,16624.006,-124.005859375
3885,test,8200,6947.1616,1252.83837890625
721,test,100000,45133.555,54866.4453125
1194,test,25000,54531.145,-29531.14453125
1852,test,24000,26843.234,-2843.234375
3869,test,75000,166106.52,-91106.515625
3084,test,24000,15808.005,8191.9951171875
1534,test,30000,10688.84,19311.16015625
1999,test,24000,23112.32,887.6796875
3965,test,10500,8994.578,1505.421875
1819,test,7500,7958.5835,-458.58349609375
1084,test,160000,90770.23,69229.7734375
1771,test,15000,12512.527,2487.47265625
3060,test,27000,26790.318,209.681640625
4526,test,12500,12421.862,78.1376953125
3375,test,7000,11907.297,-4907.296875
1231,test,80000,65749.6,14250.3984375
2586,test,14000,13286.402,713.59765625
1768,test,16000,14937.659,1062.3408203125
202,test,15000,10054.056,4945.9443359375
2862,test,14000,19143.555,-5143.5546875
47,test,12000,7054.244,4945.755859375
1365,test,350000,282022.47,67977.53125
4226,test,27000,20107.53,6892.470703125
4072,test,25000,17418.168,7581.83203125
2958,test,14000,12217.174,1782.826171875
2688,test,70000,37888.125,32111.875
1279,test,52000,29779.896,22220.103515625
4509,test,35000,35267.484,-267.484375
1204,test,25000,18651.66,6348.33984375
3655,test,10500,13501.957,-3001.95703125
2167,test,18000,15741.911,2258.0888671875
2931,test,7000,11220.045,-4220.044921875
3091,test,9000,8572.732,427.267578125
1900,test,25000,13566.523,11433.4765625
2146,test,17000,16805.111,194.888671875
4590,test,15000,12439.634,2560.3662109375
2982,test,15000,7682.759,7317.2412109375
2602,test,29000,45239.523,-16239.5234375
528,test,60000,24724.162,35275.837890625
3136,test,15000,19563.27,-4563.26953125
1143,test,250000,381169.0,-131169.0
3199,test,70000,37988.387,32011.61328125
493,test,6000,6128.5796,-128.57958984375
2176,test,16000,15454.489,545.5107421875
4699,test,13000,12423.711,576.2890625
1471,test,54500,53734.06,765.94140625
2636,test,130000,218661.61,-88661.609375
4183,test,12333,10416.592,1916.408203125
2411,test,95000,87718.87,7281.1328125
1038,test,70000,71968.945,-1968.9453125
4164,test,15000,21726.64,-6726.640625
4374,test,18000,10845.579,7154.4208984375
2160,test,10000,8421.909,1578.0908203125
4682,test,20000,16786.082,3213.91796875
2174,test,10000,14840.996,-4840.99609375
2312,test,85000,93616.26,-8616.2578125
3903,test,60000,36393.97,23606.03125
2085,test,18000,14984.161,3015.8388671875
4535,test,18500,16525.129,1974.87109375
1099,test,85000,69574.81,15425.1875
1407,test,6500,23416.33,-16916.330078125
1179,test,130000,98947.39,31052.609375
353,test,6500,5560.7266,939.2734375
741,test,320000,491406.1,-171406.09375
4245,test,30000,26501.055,3498.9453125
1490,test,90000,85931.03,4068.96875
264,test,8000,9054.131,-1054.130859375
2520,test,35000,10853.288,24146.7119140625
4719,test,30000,34008.746,-4008.74609375
1846,test,12000,18066.678,-6066.677734375
611,test,85000,66147.34,18852.65625
4620,test,20000,12172.64,7827.3603515625
3245,test,20000,13889.924,6110.076171875
4523,test,35000,23218.521,11781.478515625
4006,test,12500,14600.055,-2100.0546875
3004,test,6000,11505.396,-5505.396484375
2029,test,8000,9449.644,-1449.6435546875
2262,test,8000,8642.276,-642.2763671875
572,test,27000,25994.209,1005.791015625
1787,test,16500,16054.556,445.4443359375
1547,test,7500,8745.162,-1245.162109375
871,test,85000,86701.61,-1701.609375
1928,test,35000,19554.203,15445.796875
4432,test,10000,15643.655,-5643.6552734375
1924,test,6000,7667.8394,-1667.83935546875
456,test,9500,7002.051,2497.94921875
3870,test,250000,201574.95,48425.046875
4264,test,14000,13501.378,498.6220703125
329,test,3000,4700.1685,-1700.16845703125
1786,test,17000,11831.45,5168.5498046875
280,test,7000,7165.1636,-165.16357421875
2095,test,26000,32741.963,-6741.962890625
2773,test,19500,14142.301,5357.69921875
2857,test,22999,23226.273,-227.2734375
3801,test,9000,7656.409,1343.5908203125
635,test,32000,21070.004,10929.99609375
1152,test,26500,28217.205,-1717.205078125
1985,test,13500,7810.4023,5689.59765625
3390,test,13000,20772.451,-7772.451171875
3747,test,8000,6644.1743,1355.82568359375
1177,test,20000,18227.184,1772.81640625
2144,test,7700,7842.696,-142.69580078125
4733,test,29000,21505.027,7494.97265625
832,test,55000,68478.83,-13478.828125
425,test,5000,6285.085,-1285.0849609375
1821,test,11000,14561.09,-3561.08984375
3426,test,10000,9726.364,273.6357421875
1212,test,20000,22104.0,-2104.0
3473,test,12000,13807.519,-1807.5185546875
1898,test,12000,14484.301,-2484.30078125
4552,test,7500,7709.7505,-209.75048828125
1872,test,9000,12491.077,-3491.0771484375
1754,test,14500,19322.066,-4822.06640625
1320,test,45000,60278.438,-15278.4375
1012,test,42000,36808.34,5191.66015625
3067,test,34000,27804.188,6195.8125
1435,test,150000,73793.375,76206.625
903,test,50000,38261.37,11738.62890625
2775,test,20000,18237.965,1762.03515625
1275,test,40000,34188.582,5811.41796875
2874,test,18000,11617.85,6382.150390625
1565,test,20000,16090.502,3909.498046875
963,test,52000,54348.082,-2348.08203125
2984,test,7600,10686.047,-3086.046875
2922,test,90000,54535.41,35464.58984375
1501,test,17000,15583.45,1416.5498046875
3178,test,12000,10543.102,1456.8984375
159,test,6000,5732.751,267.2490234375
2579,test,24000,22112.898,1887.1015625
3967,test,9000,10301.696,-1301.6962890625
1151,test,75000,81700.78,-6700.78125
3855,test,14000,13599.831,400.1689453125
3947,test,13000,13197.265,-197.2646484375
2462,test,40000,30899.383,9100.6171875
4248,test,7500,9211.512,-1711.51171875
4168,test,5500,6506.299,-1006.298828125
1860,test,14000,13713.303,286.697265625
666,test,55000,130452.91,-75452.90625
770,test,120000,100242.45,19757.546875
4076,test,11000,12386.548,-1386.5478515625
1938,test,7000,8773.45,-1773.4501953125
3514,test,34000,21987.414,12012.5859375
4175,test,7500,7225.792,274.2080078125
2713,test,6000,9416.266,-3416.265625
1363,test,23000,25707.459,-2707.458984375
3475,test,26000,13806.202,12193.7978515625
2714,test,18000,13473.464,4526.5361328125
4334,test,12000,11715.858,284.1416015625
2696,test,13500,9986.82,3513.1796875
1297,test,55000,53257.85,1742.1484375
2316,test,16000,17996.479,-1996.478515625
537,test,28000,25341.396,2658.603515625
1409,test,69999,85868.61,-15869.609375
3574,test,9500,11369.294,-1869.2939453125
1651,test,32900,22443.904,10456.095703125
3117,test,8000,5492.938,2507.06201171875
1769,test,5000,6422.322,-1422.32177734375
3820,test,13500,12734.801,765.19921875
1333,test,25000,27582.965,-2582.96484375
4275,test,12000,12972.846,-972.845703125
1596,test,10000,10256.335,-256.3349609375
369,test,9000,6737.8994,2262.1005859375
4368,test,32000,17276.629,14723.37109375
2606,test,8000,10141.92,-2141.919921875
4385,test,13000,7391.754,5608.24609375
3352,test,26000,28996.512,-2996.51171875
1298,test,66000,44410.72,21589.28125
748,test,130000,75526.0,54474.0
2320,test,5000,12617.506,-7617.505859375
4534,test,200000,137351.0,62649.0
2767,test,18000,13465.011,4534.9892578125
4155,test,12500,13164.844,-664.84375
2113,test,7500,8295.604,-795.603515625
2114,test,16000,15630.993,369.0068359375
4073,test,13000,7906.19,5093.81005859375
576,test,95000,73654.445,21345.5546875
2645,test,7000,12922.7705,-5922.7705078125
907,test,34000,28616.02,5383.98046875
1689,test,18000,14776.592,3223.408203125
3501,test,7000,6186.59,813.41015625
3699,test,13000,7636.4263,5363.57373046875
4577,test,4000,6992.787,-2992.787109375
612,test,50000,41480.875,8519.125
2340,test,19000,18225.863,774.13671875
2292,test,12000,9045.957,2954.04296875
1313,test,23000,21650.955,1349.044921875
3744,test,10000,11406.918,-1406.91796875
4081,test,20000,26010.873,-6010.873046875
3340,test,33000,47862.785,-14862.78515625
4493,test,16000,12954.411,3045.5888671875
