row_id,split,actual_rent,predicted_rent,residual
1124,train,95000,68798.74260626391,26201.257393736087
3886,train,12000,25770.227407351966,-13770.227407351966
4122,train,14000,13668.67846396507,331.3215360349295
2762,train,6500,10048.409730285743,-3548.4097302857426
1963,train,30000,22035.611857325748,7964.388142674252
345,train,12000,10005.488407086872,1994.511592913128
3892,train,20000,22408.736712110272,-2408.7367121102725
3420,train,6250,11615.3739436224,-5365.3739436224005
2348,train,6000,5989.308234951837,10.691765048162779
4572,train,37000,30181.44781778943,6818.552182210569
288,train,7000,7758.491315736807,-758.4913157368073
3875,train,58000,46877.55131859506,11122.448681404938
4652,train,9000,12651.566406179285,-3651.566406179285
2920,train,10000,12098.660424009424,-2098.660424009424
641,train,68000,59895.71749065625,8104.28250934375
3749,train,5000,5319.1024856160375,-319.1024856160375
3972,train,24000,15077.4885805361,8922.5114194639
1625,train,22000,23547.17801424492,-1547.1780142449206
1703,train,20000,13263.974565683997,6736.025434316003
3288,train,35000,18545.73731707728,16454.26268292272
3553,train,13000,18344.255544814227,-5344.255544814227
1465,train,70000,57116.55676327102,12883.443236728977
3938,train,13000,11198.069576055974,1801.9304239440262
885,train,32000,33868.74942039908,-1868.749420399079
3121,train,11000,9361.747532036248,1638.2524679637518
2055,train,18000,12694.815041810753,5305.1849581892475
381,train,12000,15968.214578904888,-3968.214578904888
2810,train,9500,15257.743145828375,-5757.743145828375
2885,train,33500,21565.541480515578,11934.458519484422
3883,train,16000,19941.39004765532,-3941.390047655321
2801,train,13000,20747.339890527466,-7747.339890527466
2695,train,7500,12004.274280329748,-4504.274280329748
1899,train,75000,48648.10565734819,26351.89434265181
4455,train,16000,17764.49835468117,-1764.498354681171
3793,train,10000,10619.15463230526,-619.1546323052607
3668,train,9000,15103.522163034033,-6103.522163034033
1839,train,16500,19548.384596510525,-3048.3845965105247
3894,train,12500,13202.978773289928,-702.9787732899276
1355,train,52000,46767.44661404364,5232.553385956358
2697,train,14000,13414.03695959204,585.9630404079599
514,train,22000,22296.693778623616,-296.6937786236158
927,train,30000,23849.244822047352,6150.7551779526475
1104,train,17000,20770.083807565727,-3770.0838075657266
3360,train,8000,8580.648746592104,-580.6487465921036
2768,train,30000,52478.52296583111,-22478.522965831107
1165,train,52000,72132.21670125489,-20132.21670125489
2715,train,18000,15506.876936061384,2493.123063938616
4305,train,6000,8026.803404769179,-2026.803404769179
1257,train,100000,143708.8619937139,-43708.86199371389
2594,train,18000,23180.473052659938,-5180.473052659938
3217,train,20000,26031.93702066718,-6031.937020667181
3163,train,10000,14898.63416197018,-4898.63416197018
1554,train,15000,14942.438563044128,57.56143695587161
3088,train,26000,28784.50188057969,-2784.50188057969
998,train,70000,96874.93345429523,-26874.933454295227
417,train,6500,7322.395924777179,-822.3959247771791
427,train,5500,5736.448324315579,-236.44832431557916
2632,train,40000,23129.08338754711,16870.91661245289
4519,train,18000,21568.939229904277,-3568.9392299042775
850,train,190000,251045.6281490913,-61045.628149091295
3968,train,11000,10710.429919178405,289.5700808215952
4003,train,6000,7858.35117583594,-1858.35117583594
3265,train,24000,37828.23019266903,-13828.230192669027
108,train,8000,9383.703499745161,-1383.703499745161
3309,train,7500,8066.236284048852,-566.2362840488522
3872,train,60000,42167.498777832385,17832.501222167615
2286,train,15000,10867.624569634745,4132.375430365255
1950,train,40000,27281.331599622346,12718.668400377654
3657,train,20000,21466.15659998957,-1466.1565999895683
4546,train,10000,11918.632174216782,-1918.632174216782
4600,train,20000,13108.696125952381,6891.303874047619
2379,train,80000,44783.221265985296,35216.778734014704
4379,train,12500,12677.836919490439,-177.83691949043896
3836,train,20000,17998.249976215757,2001.7500237842432
2806,train,14000,8405.64473044881,5594.35526955119
376,train,7000,7224.696222643116,-224.69622264311602
2051,train,7000,7089.692369174867,-89.69236917486705
1805,train,15000,9865.569200989348,5134.430799010652
2744,train,12000,13671.708884576907,-1671.7088845769067
549,train,20000,21649.848022752318,-1649.8480227523178
1378,train,24000,35271.53459969254,-11271.534599692539
2728,train,13500,23155.036305692844,-9655.036305692844
3220,train,11000,11898.671293382775,-898.6712933827748
575,train,40000,39379.941281320265,620.0587186797347
468,train,6500,6978.031381345092,-478.0313813450921
213,train,11000,8985.985382412982,2014.0146175870177
3526,train,15000,21490.91091438377,-6490.91091438377
4278,train,15000,14278.747611732912,721.2523882670885
677,train,55000,78574.01170827031,-23574.011708270307
3410,train,15000,27571.978591945594,-12571.978591945594
3041,train,12000,15771.585436098334,-3771.585436098334
1994,train,22000,23205.849182581027,-1205.849182581027
1222,train,21000,23185.850071744982,-2185.8500717449824
1570,train,8500,10683.98493689696,-2183.984936896961
4271,train,13000,16132.001071290193,-3132.001071290193
438,train,5000,5622.562112867087,-622.5621128670873
821,train,34000,31510.457978678616,2489.542021321384
4449,train,9000,7281.434104964549,1718.565895035451
3025,train,11200,11746.165345546939,-546.1653455469386
530,train,300000,403497.30570943706,-103497.30570943706
2702,train,4000,5523.275949808437,-1523.275949808437
3884,train,18000,29914.328920892473,-11914.328920892473
2745,train,13500,10918.501613086339,2581.4983869136613
1722,train,19000,15385.607043642945,3614.3929563570546
1704,train,28000,27234.436826453308,765.5631735466923
661,train,35000,50881.94124056911,-15881.941240569111
1243,train,72000,46386.56078949638,25613.439210503617
1027,train,230000,98449.82172651777,131550.17827348225
4463,train,20000,19021.779249665888,978.2207503341124
2210,train,10000,13578.858729810932,-3578.8587298109323
1607,train,6000,10668.772953332846,-4668.772953332846
163,train,9000,11932.486377533502,-2932.4863775335016
3591,train,7000,5226.209930831031,1773.7900691689692
4262,train,10000,7076.919797301792,2923.0802026982083
2722,train,20000,19012.973485556893,987.0265144431069
4058,train,30000,37353.0266930739,-7353.026693073902
3627,train,15000,14610.711185918284,389.2888140817158
3187,train,13000,17798.05931844792,-4798.0593184479185
812,train,36000,45038.693787040575,-9038.693787040575
1508,train,13500,9010.939602457647,4489.060397542353
2811,train,15000,18905.901924056066,-3905.9019240560665
3362,train,12000,14540.0609600869,-2540.0609600868993
4457,train,12000,13550.160895495932,-1550.160895495932
421,train,12000,10969.721386159155,1030.2786138408446
1477,train,70000,65643.78202403939,4356.217975960608
1588,train,10000,10965.648169541982,-965.6481695419825
313,train,15000,15478.471513080176,-478.471513080176
3945,train,12000,13633.755762817013,-1633.7557628170125
2161,train,24000,21580.88965556455,2419.1103444354485
277,train,15000,7251.949113717504,7748.050886282496
2750,train,9000,11663.078303937944,-2663.078303937944
140,train,12500,11518.204999797263,981.7950002027374
1383,train,37000,47751.404981587475,-10751.404981587475
2708,train,10000,8075.44937817828,1924.5506218217197
1881,train,15000,13550.071276796742,1449.9287232032584
4448,train,400000,137345.04393404763,262654.95606595237
310,train,9000,7005.4215313590375,1994.5784686409625
3601,train,18000,16479.838082837177,1520.1619171628226
4279,train,15000,7706.090495748845,7293.909504251155
3190,train,15000,14448.356907762523,551.6430922374766
1347,train,20000,17192.3093577112,2807.6906422887987
2295,train,30000,22696.262173384584,7303.7378266154155
189,train,6500,4070.2411678159465,2429.7588321840535
1923,train,24000,15393.310131547587,8606.689868452413
1842,train,17000,14857.801574124182,2142.1984258758184
1155,train,38000,50723.89826146508,-12723.898261465081
3933,train,23000,12761.111213709402,10238.888786290598
61,train,30000,27263.737161406287,2736.2628385937132
1691,train,20000,16735.200245307067,3264.7997546929328
499,train,6000,7447.742056535915,-1447.7420565359153
1733,train,12500,13256.77253897,-756.7725389700008
2555,train,6000,8571.915517996627,-2571.9155179966274
2004,train,15000,8699.575130237492,6300.424869762508
1337,train,110000,101418.69568097423,8581.304319025774
2652,train,60000,53779.58916952418,6220.410830475819
3823,train,22000,23194.94642533298,-1194.9464253329788
2193,train,34000,33646.77014053381,353.22985946619156
1425,train,35000,40218.81234268916,-5218.812342689162
2893,train,16000,23488.60489556471,-7488.604895564709
687,train,100000,66035.08101279875,33964.91898720125
1517,train,7500,8183.709977542272,-683.7099775422721
852,train,75000,103205.23633541676,-28205.23633541676
4726,train,35000,25542.370503894275,9457.629496105725
261,train,7000,8318.771045985233,-1318.7710459852333
4487,train,18000,15417.947176326312,2582.052823673688
3852,train,15000,12104.90282308624,2895.0971769137595
4246,train,18000,13153.412609982834,4846.587390017166
584,train,13000,27053.845415995645,-14053.845415995645
1305,train,51000,50386.15844427717,613.8415557228291
875,train,15000,11889.761038687946,3110.238961312054
4116,train,14000,14965.302024545681,-965.302024545681
1608,train,17000,10759.962873163957,6240.037126836043
4302,train,18000,21124.43791431976,-3124.4379143197584
1560,train,12000,6669.2422311232785,5330.7577688767215
827,train,40000,46024.62336547444,-6024.623365474443
625,train,85000,74962.52759011749,10037.47240988251
4274,train,25000,15589.213030353336,9410.786969646664
1984,train,11000,8051.6031315527125,2948.3968684472875
1642,train,12000,17347.34481811355,-5347.34481811355
1278,train,15000,17993.36451056318,-2993.3645105631804
4468,train,24000,28478.440708235816,-4478.440708235816
1742,train,14000,33337.29751817247,-19337.29751817247
4400,train,50000,72573.42730504053,-22573.42730504053
522,train,25000,12555.240365756741,12444.759634243259
4688,train,12000,11212.592334162957,787.4076658370432
614,train,120000,47203.208900432524,72796.79109956748
2223,train,28000,29927.594445991122,-1927.5944459911225
2483,train,12000,15878.949538442479,-3878.949538442479
2281,train,22000,28714.617356568222,-6714.617356568222
3394,train,20000,22530.666083871838,-2530.666083871838
2698,train,18000,27585.37993880461,-9585.37993880461
935,train,18000,26894.277816400656,-8894.277816400656
1987,train,55000,36800.31375743837,18199.686242561627
483,train,5000,5463.113803244601,-463.1138032446006
4396,train,24000,15625.742356947256,8374.257643052744
2047,train,11000,9930.588042160776,1069.4119578392238
459,train,22500,17334.280068572876,5165.719931427124
4615,train,5000,7520.890570900305,-2520.8905709003047
4156,train,31000,39398.53744939348,-8398.53744939348
3871,train,10000,9912.107062178518,87.89293782148161
2116,train,14000,11515.882685913031,2484.1173140869687
3081,train,12000,16930.168546670357,-4930.168546670357
4094,train,12000,11703.93900580595,296.0609941940493
4632,train,9000,10150.15735270944,-1150.1573527094406
4229,train,8000,7335.734354218127,664.265645781873
3713,train,19000,13617.294841866787,5382.7051581332125
2010,train,50000,25095.801405616512,24904.198594383488
1589,train,7000,4070.0773146720503,2929.9226853279497
1139,train,77000,104884.42509715391,-27884.425097153915
2494,train,14000,13835.246981418402,164.75301858159764
1552,train,84000,55577.6245407327,28422.3754592673
3294,train,65000,64662.618142413696,337.38185758630425
3145,train,8500,6575.339044814462,1924.6609551855381
1751,train,7500,9097.770290121282,-1597.7702901212815
30,train,7500,4778.620375276163,2721.379624723837
462,train,14000,11716.730477842339,2283.2695221576614
3110,train,9000,7817.118349483518,1182.8816505164823
3479,train,12000,12479.260059001672,-479.26005900167183
2545,train,36000,36347.397256233395,-347.3972562333947
2384,train,40000,24278.34552013739,15721.65447986261
1546,train,16000,14302.89576639939,1697.1042336006103
917,train,8000,22535.33264047258,-14535.332640472581
4601,train,10000,12551.850929324106,-2551.850929324106
432,train,5500,7779.76117549626,-2279.76117549626
4668,train,7000,13087.20596113026,-6087.205961130259
901,train,75000,114929.95863180347,-39929.95863180347
3599,train,22000,24397.14359054389,-2397.1435905438884
1882,train,11000,11536.265541199084,-536.2655411990836
1939,train,24000,20557.868173629304,3442.131826370696
2077,train,11000,10125.581391018422,874.4186089815776
2662,train,35000,55201.02517902995,-20201.02517902995
1685,train,17500,16020.864832630397,1479.1351673696026
1036,train,100000,151621.59898922083,-51621.59898922083
3856,train,20000,13005.753230324835,6994.246769675165
406,train,5500,7733.92485531819,-2233.9248553181897
3233,train,25000,20299.63417799438,4700.36582200562
1880,train,10000,13858.203865814681,-3858.203865814681
3802,train,14000,14993.450990873589,-993.450990873589
1537,train,7500,7608.13189843518,-108.13189843518012
4389,train,15000,23969.439589651207,-8969.439589651207
1185,train,76000,42749.26041430295,33250.73958569705
418,train,4500,5619.364630198127,-1119.364630198127
1068,train,130000,109298.32202775069,20701.67797224931
3838,train,15000,13635.679290246388,1364.3207097536124
4501,train,8000,8010.969678227987,-10.96967822798706
4548,train,10000,11041.63999042086,-1041.6399904208592
2082,train,10000,9713.379795964232,286.62020403576753
3558,train,24000,22822.74190033048,1177.2580996695215
2248,train,12000,14148.237767602941,-2148.237767602941
147,train,8000,9904.697708922826,-1904.6977089228258
4133,train,20000,14189.757192622112,5810.242807377888
137,train,17500,19324.177037044694,-1824.1770370446939
76,train,5500,7679.358649611935,-2179.358649611935
4565,train,18000,17200.120294440832,799.8797055591676
2218,train,40000,26776.70025675239,13223.299743247611
833,train,80000,150297.16649254353,-70297.16649254353
1188,train,39000,51012.03224793772,-12012.032247937721
43,train,8500,8244.046260049616,255.95373995038426
3680,train,8000,13498.61543374482,-5498.615433744821
2257,train,7000,7785.489276911362,-785.4892769113621
2529,train,24000,9759.862936969083,14240.137063030917
4678,train,30000,16217.230149581632,13782.769850418368
4492,train,37000,28420.61229808906,8579.387701910939
2639,train,15000,13223.674952615158,1776.325047384842
2492,train,14000,10969.002011495357,3030.997988504643
3011,train,22000,15321.208654469863,6678.791345530137
838,train,450000,488872.9641450105,-38872.96414501051
3332,train,20000,25682.16639385337,-5682.166393853371
3720,train,40000,35102.60222546984,4897.39777453016
323,train,8500,11533.92979214695,-3033.9297921469497
4023,train,12000,14264.626320628357,-2264.6263206283566
3733,train,20000,18220.54317704053,1779.4568229594697
274,train,30000,55567.84059096681,-25567.840590966807
1373,train,24000,35445.99966739268,-11445.99966739268
3336,train,23000,20466.63583855303,2533.3641614469707
2783,train,10000,12294.237862882956,-2294.2378628829556
169,train,40000,18548.594193751123,21451.405806248877
2541,train,16000,20314.805431568468,-4314.805431568468
1461,train,30000,39379.707680817504,-9379.707680817504
2903,train,110000,77988.31753290819,32011.682467091814
2990,train,26000,25776.44359718304,223.55640281696105
4685,train,17000,13362.364163508191,3637.6358364918087
894,train,15500,19410.66197588504,-3910.6619758850393
4007,train,25000,16425.792073558103,8574.207926441897
631,train,50000,50577.21808330205,-577.2180833020466
2777,train,6500,6914.858781646064,-414.858781646064
3455,train,45000,51290.56132354322,-6290.561323543217
2230,train,16000,11430.741562087218,4569.258437912782
3723,train,35000,16168.592323993826,18831.407676006173
2886,train,9500,8315.022066751333,1184.977933248667
4472,train,15000,13826.750077299612,1173.2499227003882
2408,train,9000,12963.152888623057,-3963.152888623057
730,train,95000,118152.19582149836,-23152.19582149836
2184,train,24000,20384.599640014516,3615.400359985484
703,train,40000,47268.261362962774,-7268.261362962774
652,train,43000,49775.21337318038,-6775.213373180377
1280,train,13000,32588.19674323611,-19588.19674323611
4213,train,42000,39911.85214913508,2088.1478508649234
1905,train,6000,8089.640274218097,-2089.640274218097
4298,train,13000,14137.32051752871,-1137.3205175287094
484,train,10000,11655.87617304938,-1655.8761730493807
3146,train,20000,64441.78676746581,-44441.78676746581
1955,train,15000,15102.6320175864,-102.63201758640025
4100,train,16500,22170.47182788389,-5670.471827883888
2053,train,4800,6942.7624379680465,-2142.7624379680465
4067,train,1200,28063.02837477028,-26863.02837477028
302,train,20000,11570.760989402579,8429.239010597421
2967,train,7500,7445.805788425737,54.194211574263136
4127,train,10000,13123.21199619237,-3123.211996192371
3285,train,8000,9700.032297639898,-1700.0322976398984
1809,train,22000,11021.78445852769,10978.21554147231
4360,train,26000,20500.845315189592,5499.154684810408
1973,train,70000,26491.465010107422,43508.53498989258
1614,train,7000,6552.644836259945,447.3551637400551
3192,train,19000,15461.228802242696,3538.7711977573035
3764,train,6000,5948.195611514887,51.80438848511312
2352,train,17500,14226.87081935213,3273.1291806478694
4150,train,12000,14077.369024971502,-2077.369024971502
2241,train,14000,12158.375695525943,1841.6243044740568
2930,train,5500,7947.272286227787,-2447.272286227787
610,train,50000,47738.956557677346,2261.0434423226543
3791,train,12500,8786.581143264262,3713.418856735738
3056,train,22000,20102.27197348578,1897.7280265142217
1783,train,20000,15571.874167959802,4428.125832040198
776,train,150000,144242.5555335435,5757.444466456509
4513,train,60000,44416.88970903231,15583.110290967692
1116,train,55000,74018.43457768783,-19018.434577687833
2140,train,13900,12049.875103138631,1850.124896861369
3468,train,26000,25297.218125325864,702.7818746741359
2106,train,12000,9929.86465151273,2070.1353484872707
1380,train,600000,732797.7304093627,-132797.7304093627
4201,train,10000,13199.0643200835,-3199.0643200835
2871,train,30000,25976.42036172366,4023.57963827634
191,train,9000,8093.51667560275,906.4833243972498
1046,train,27000,24020.40233825958,2979.5976617404194
973,train,85000,57347.634419373346,27652.365580626654
4499,train,35000,31482.0539579981,3517.9460420018986
449,train,4000,4765.033309338092,-765.0333093380923
628,train,50000,63858.53492246431,-13858.534922464307
1403,train,20000,13120.043342052904,6879.956657947096
4311,train,9500,12437.49569127287,-2937.4956912728703
3416,train,10000,11024.487228109016,-1024.4872281090156
1303,train,50000,64689.35179281408,-14689.351792814079
3383,train,30000,25810.340495573375,4189.659504426625
4293,train,70000,51499.32044249634,18500.67955750366
616,train,110000,121723.62972674132,-11723.629726741317
745,train,100000,138063.52236498892,-38063.52236498892
193,train,12000,9674.632486963248,2325.367513036752
1862,train,8000,12249.811808551278,-4249.811808551278
1449,train,45000,23213.811737913224,21786.188262086776
3064,train,40000,50622.19071484033,-10622.190714840333
46,train,4600,7118.301427439424,-2518.3014274394236
4291,train,12000,11436.402162474928,563.5978375250725
3950,train,4000,6373.681895308824,-2373.681895308824
3506,train,15000,18732.490055160764,-3732.4900551607643
1107,train,35500,38872.58360296392,-3372.5836029639177
4102,train,8500,10832.211310134084,-2332.2113101340838
2143,train,13000,15953.419779038784,-2953.4197790387843
2369,train,7500,11239.187385468767,-3739.1873854687674
642,train,150000,141327.93663502237,8672.063364977628
3061,train,8000,8345.61419466037,-345.6141946603693
4074,train,35000,30000.217133828446,4999.782866171554
1225,train,65000,109918.4407394243,-44918.4407394243
777,train,230000,262457.74693898926,-32457.746938989265
3545,train,26000,36671.329090432955,-10671.329090432955
4154,train,6000,5881.054315465951,118.94568453404918
3249,train,15000,12744.240947969995,2255.7590520300055
3931,train,22000,30918.574346393816,-8918.574346393816
1158,train,180000,82763.67159633033,97236.32840366967
3168,train,14000,23566.009153729734,-9566.009153729734
815,train,42000,37519.287269309556,4480.712730690444
2381,train,14000,30146.986298985117,-16146.986298985117
4357,train,18000,12823.002845313606,5176.997154686394
1284,train,360000,397656.4384282424,-37656.4384282424
331,train,6500,5886.680471052804,613.319528947196
788,train,170000,140869.06525017007,29130.934749829932
1834,train,12500,12297.520198940192,202.47980105980787
4054,train,14000,10282.512600755726,3717.4873992442735
1746,train,55000,41716.35934826221,13283.64065173779
1292,train,65000,64829.08154942466,170.91845057533646
883,train,45000,36335.51687289757,8664.48312710243
2269,train,7000,8534.464913698972,-1534.464913698972
4339,train,10000,13473.820930171349,-3473.8209301713487
4284,train,9500,7336.90785517828,2163.0921448217196
289,train,3500,4146.786893649039,-646.7868936490386
4515,train,9000,12008.306797485175,-3008.3067974851747
2879,train,28000,45249.93393099802,-17249.93393099802
2201,train,16500,14633.755287222391,1866.2447127776086
1960,train,26969,30352.415940753748,-3383.415940753748
4530,train,8000,9852.211882887894,-1852.2118828878938
2824,train,9300,14858.656249662923,-5558.656249662923
263,train,6000,5551.991204119243,448.00879588075713
3020,train,5000,7489.4867578416815,-2489.4867578416815
3299,train,26000,21647.67807585268,4352.32192414732
2006,train,27000,20029.560409457717,6970.4395905422825
3547,train,15000,8404.38481088549,6595.615189114509
1864,train,15000,13471.225466334015,1528.7745336659846
441,train,5500,4767.454347443506,732.5456525564941
1515,train,7500,9806.053642371717,-2306.0536423717167
1412,train,45000,47487.245386285365,-2487.2453862853654
2798,train,37000,15349.766771082224,21650.233228917776
4331,train,6000,7443.367823685477,-1443.3678236854767
4214,train,20000,14352.162036726668,5647.837963273332
1487,train,65000,55808.6388403845,9191.361159615502
295,train,10500,8553.268311687585,1946.731688312415
2552,train,13000,11842.879090127188,1157.1209098728123
2877,train,16000,17351.266083270923,-1351.2660832709225
364,train,10000,9610.250442704422,389.7495572955777
3948,train,9500,13147.185708158077,-3647.1857081580765
3491,train,8500,8960.558765895503,-460.5587658955028
1658,train,14000,9451.708052679434,4548.291947320566
2324,train,12000,13971.610660541544,-1971.6106605415443
761,train,36000,49844.33298475364,-13844.332984753637
4418,train,14000,10892.785804807589,3107.2141951924114
758,train,35000,33910.88496991249,1089.1150300875088
1095,train,25000,15299.31492733237,9700.68507266763
2228,train,12000,11419.846017917143,580.1539820828566
4188,train,7500,6958.06738323124,541.9326167687605
3456,train,5000,7023.326137505999,-2023.3261375059992
4618,train,9000,13732.997039480842,-4732.997039480842
2661,train,36000,63295.33186123582,-27295.33186123582
4063,train,15000,9317.75528688321,5682.24471311679
2050,train,9000,14216.236712225178,-5216.236712225178
496,train,14000,9262.939335435361,4737.0606645646385
810,train,40000,43689.376540204365,-3689.3765402043646
1797,train,5000,8898.075989020886,-3898.0759890208865
2599,train,25000,46940.261023455285,-21940.261023455285
471,train,7500,7142.801795907709,357.19820409229123
2071,train,35000,31785.870240412693,3214.1297595873075
1504,train,8000,8133.232856710274,-133.23285671027406
3330,train,12000,8006.9172214854725,3993.0827785145275
1261,train,70000,97347.74853973452,-27347.748539734515
3578,train,18000,9525.783054248332,8474.216945751668
736,train,46000,48829.78816292839,-2829.7881629283875
2236,train,16000,17560.58769763855,-1560.5876976385516
955,train,72000,53865.8438772813,18134.156122718698
2718,train,11000,10347.621573735334,652.3784262646659
1100,train,26000,33343.01803537141,-7343.0180353714095
4028,train,10000,11983.607704520593,-1983.607704520593
2790,train,22000,25588.7016374568,-3588.701637456801
480,train,6000,12878.418838698964,-6878.4188386989645
2278,train,20000,8479.077681466038,11520.922318533962
3411,train,75000,40539.93956191594,34460.06043808406
4416,train,120000,63490.342458024745,56509.657541975255
3083,train,20000,22751.89734486211,-2751.897344862111
910,train,24000,18347.589203933498,5652.410796066502
3098,train,13000,11734.448592151904,1265.5514078480956
1200,train,25000,25462.730383719765,-462.7303837197651
3917,train,25000,33407.295266280904,-8407.295266280904
1974,train,19000,15750.07766433586,3249.9223356641396
2878,train,20000,19449.370673450623,550.6293265493769
3317,train,45000,19620.525959113547,25379.474040886453
3775,train,18500,21755.662491159983,-3255.662491159983
1707,train,20000,15193.925622596058,4806.074377403942
1830,train,11000,8339.845744814169,2660.154255185831
2883,train,8000,10332.933284034845,-2332.933284034845
2121,train,15000,17220.613975477158,-2220.6139754771575
2675,train,30000,47288.38081377923,-17288.38081377923
1142,train,40000,34174.73274577885,5825.267254221151
393,train,7000,6636.58751147731,363.4124885226902
1586,train,7000,7242.470036836293,-242.47003683629282
884,train,35000,23648.320140193577,11351.679859806423
3443,train,16000,20376.872317633766,-4376.872317633766
3891,train,11000,12366.403140879442,-1366.4031408794417
3896,train,30000,28433.95243263781,1566.0475673621913
1680,train,12000,10419.505987463026,1580.494012536974
3227,train,30000,29066.663789861424,933.3362101385756
398,train,8000,6704.599738322079,1295.4002616779208
598,train,55000,64786.5559966727,-9786.555996672701
4144,train,45000,40995.00808691017,4004.991913089827
2122,train,9500,7266.926319977218,2233.0736800227824
408,train,11000,10514.45138625198,485.5486137480202
3850,train,8500,12662.310029753367,-4162.310029753367
811,train,40000,27496.770610833315,12503.229389166685
135,train,9000,9239.26118242471,-239.26118242471057
4,train,7500,9934.751494407803,-2434.751494407803
3112,train,17000,24481.50548877712,-7481.505488777118
2493,train,14000,19898.86114015585,-5898.861140155848
4025,train,45000,36397.85507866806,8602.144921331943
987,train,75000,84843.06073333319,-9843.060733333186
996,train,75000,47190.548480893805,27809.451519106195
1828,train,7000,6088.124433569184,911.8755664308164
4517,train,5800,10694.175133743891,-4894.175133743891
2422,train,18000,12620.72902135893,5379.2709786410705
3174,train,7000,7482.340267884914,-482.3402678849143
2517,train,22000,19492.40853359507,2507.5914664049305
1562,train,16000,15909.727458775957,90.27254122404338
3748,train,12000,10204.425757173314,1795.5742428266858
2437,train,10000,10069.453297293303,-69.45329729330297
3380,train,16000,17150.511517620027,-1150.511517620027
4627,train,5000,4720.044364621587,279.9556353784128
4045,train,25000,13931.758098375782,11068.241901624218
2065,train,17681,18814.096546637662,-1133.096546637662
764,train,7500,12289.317523344904,-4789.317523344904
237,train,5500,7151.189615479716,-1651.189615479716
3188,train,9000,8270.424423531833,729.5755764681671
3404,train,45000,29066.59156429562,15933.40843570438
893,train,40000,91279.12978364165,-51279.12978364165
3241,train,85000,57589.05341656863,27410.946583431367
2330,train,12500,16667.246682511377,-4167.246682511377
3815,train,100000,55747.88793943089,44252.11206056911
3058,train,6500,10669.295995000411,-4169.2959950004115
396,train,35000,17754.981160094263,17245.018839905737
3759,train,15000,13443.117698291357,1556.8823017086434
1996,train,15000,22044.59691528169,-7044.596915281691
479,train,10000,9754.298802518178,245.7011974818215
4304,train,9000,12382.783289665884,-3382.783289665884
2815,train,250000,68967.7044097176,181032.29559028242
3566,train,15000,7962.527608471872,7037.472391528128
4406,train,3000,5433.544838116945,-2433.5448381169454
2617,train,140000,62380.26101528191,77619.73898471809
154,train,7000,7046.668808970058,-46.66880897005831
4182,train,16000,17000.3266745522,-1000.3266745522014
705,train,230000,103041.80936314256,126958.19063685744
3611,train,8000,6195.92929200626,1804.0707079937401
3017,train,12000,10367.838460699446,1632.161539300554
1045,train,46000,56574.98323338232,-10574.983233382321
2364,train,24000,26057.958165007207,-2057.958165007207
1832,train,60000,41426.8867025134,18573.113297486598
188,train,7000,9433.152171420797,-2433.1521714207975
4235,train,26000,18292.141663628372,7707.858336371628
2968,train,10000,10107.946839953733,-107.9468399537327
3207,train,14000,13965.713524832898,34.28647516710225
1247,train,8000,24264.156016847097,-16264.156016847097
2700,train,65000,35173.27704809428,29826.722951905722
3888,train,13000,10284.558499821216,2715.441500178784
344,train,7500,12292.211995166617,-4792.211995166617
1289,train,130000,287901.67398392136,-157901.67398392136
2342,train,18000,23706.93730008551,-5706.9373000855085
1851,train,40000,44514.075972459854,-4514.075972459854
533,train,33000,29795.111494255518,3204.8885057444822
3954,train,13000,15371.396049138539,-2371.3960491385387
1354,train,55000,41566.175806506326,13433.824193493674
4684,train,22000,16619.25329831155,5380.746701688451
2985,train,29000,36695.910233404655,-7695.910233404655
1744,train,11000,13021.326494315485,-2021.3264943154845
1937,train,14000,13618.598777831927,381.4012221680732
1840,train,13000,8826.964928871712,4173.035071128288
2812,train,12000,11072.997066972164,927.0029330278358
4642,train,8000,12717.563839480606,-4717.5638394806065
1806,train,130000,112184.23933016403,17815.760669835974
3673,train,10000,12012.494591975996,-2012.4945919759957
3536,train,12500,14194.557621303775,-1694.5576213037748
341,train,12000,12790.45919042517,-790.4591904251702
2119,train,10000,8419.475236811953,1580.5247631880466
4735,train,45000,34341.522672901505,10658.477327098495
2782,train,13000,12558.687758447466,441.31224155253403
2665,train,20000,18570.21895726727,1429.7810427327313
4042,train,10000,12234.164171533826,-2234.1641715338264
2343,train,70000,60985.05935701847,9014.940642981528
67,train,7500,6808.469371787077,691.5306282129231
3629,train,7000,6462.400332884117,537.5996671158828
2273,train,15000,16998.550442560438,-1998.5504425604377
4242,train,12000,16846.478842845027,-4846.4788428450265
206,train,5000,6941.502497922201,-1941.5024979222007
3278,train,4500,7042.802390477378,-2542.802390477378
4503,train,5500,4604.077223193054,895.9227768069459
1775,train,30000,23139.992430248098,6860.007569751902
1506,train,50000,43758.94054255409,6241.05945744591
1762,train,15000,23479.211738204373,-8479.211738204373
939,train,32000,58106.9038046156,-26106.9038046156
4243,train,15000,20198.650992161973,-5198.650992161973
4181,train,8000,10101.859996235786,-2101.8599962357857
2464,train,6000,9673.717447172381,-3673.717447172381
63,train,30000,17289.553656729327,12710.446343270673
3610,train,25000,27626.988329408963,-2626.988329408963
4352,train,12000,12925.19529536671,-925.1952953667096
1400,train,20000,38139.946196601435,-18139.946196601435
2044,train,250000,124189.01993144728,125810.98006855272
3478,train,30000,10635.770460883039,19364.22953911696
2575,train,8000,10085.931722899133,-2085.931722899133
3919,train,45000,51894.714625847366,-6894.714625847366
3054,train,16000,12381.891050702468,3618.1089492975316
3210,train,7000,10012.247994122807,-3012.2479941228066
3494,train,18000,13485.505462285813,4514.494537714187
1069,train,58000,58394.10804187323,-394.10804187323083
4512,train,9000,20502.359087390396,-11502.359087390396
1389,train,310000,317578.5629638595,-7578.562963859527
4326,train,18000,11551.642638957881,6448.357361042119
1854,train,16000,17972.30196336256,-1972.301963362559
3312,train,12000,14251.559834177744,-2251.559834177744
2928,train,30000,28874.663245063937,1125.3367549360628
1408,train,55000,50246.71492703881,4753.285072961189
1136,train,40000,29569.205729397865,10430.794270602135
2748,train,200000,111798.9893308254,88201.0106691746
2668,train,14000,11729.589900942889,2270.4100990571114
2842,train,24000,31564.592454767488,-7564.592454767488
545,train,22000,17713.963470711165,4286.036529288835
3914,train,12000,12731.811480889666,-731.8114808896662
2528,train,140000,79326.85984961998,60673.140150380015
1564,train,11000,12893.44572302015,-1893.4457230201497
842,train,55000,80636.41089403807,-25636.41089403807
2513,train,20000,19289.383493162175,710.616506837825
2461,train,5000,8374.404395040901,-3374.4043950409014
3832,train,11000,13831.578644423931,-2831.578644423931
541,train,270000,201882.23791946354,68117.76208053646
855,train,39000,36615.75309249488,2384.2469075051195
804,train,50000,45733.3439445703,4266.656055429703
372,train,35000,24210.458863859687,10789.541136140313
3457,train,30000,19000.90430399569,10999.095696004311
409,train,10000,9313.977764346391,686.0222356536087
1153,train,45000,50528.52292447921,-5528.5229244792135
4325,train,22000,22872.661064557677,-872.6610645576766
4504,train,5000,7204.642208001296,-2204.6422080012962
3268,train,16000,12552.979299849998,3447.020700150002
2387,train,25000,22143.089630422895,2856.9103695771046
3729,train,12000,10118.086197898881,1881.9138021011186
1324,train,20000,46246.2038861746,-26246.203886174597
2358,train,4500,4930.339831664226,-430.33983166422604
4456,train,22000,24417.21135879618,-2417.2113587961794
4628,train,6000,5513.884317376682,486.1156826233182
4187,train,14000,19105.389724503202,-5105.389724503202
4032,train,130000,141612.26615394186,-11612.266153941862
4348,train,12000,10724.764891312203,1275.235108687797
2840,train,150000,143790.311540151,6209.688459849014
3144,train,30000,37032.97148953495,-7032.971489534953
1518,train,25000,30386.31364424184,-5386.31364424184
334,train,8000,6145.766342610973,1854.233657389027
1015,train,60000,47854.17893354883,12145.821066451172
3698,train,18000,17345.269563696867,654.7304363031326
3873,train,12000,7904.383695593757,4095.616304406243
3238,train,22000,14508.035521345002,7491.964478654998
2378,train,20000,9655.659969433864,10344.340030566136
3184,train,12000,13853.928842260748,-1853.9288422607478
2677,train,11000,9741.591176932381,1258.4088230676189
2556,train,100000,35169.56834386294,64830.43165613706
4372,train,9000,7017.917570784514,1982.0824292154857
2039,train,25000,13327.716927100126,11672.283072899874
223,train,12500,8386.258897491429,4113.741102508571
1183,train,18000,33971.011356454605,-15971.011356454605
2301,train,10000,13879.031437624551,-3879.0314376245515
1244,train,180000,196273.41960794665,-16273.41960794665
4087,train,18000,24968.025737471737,-6968.025737471737
2925,train,80000,63683.11865295577,16316.881347044233
2126,train,10000,7875.137332393784,2124.862667606216
2760,train,38000,15659.435263247147,22340.56473675285
3428,train,16000,26716.487090171555,-10716.487090171555
3008,train,27000,31121.92874019924,-4121.928740199241
4659,train,12500,13087.717075740773,-587.717075740773
3724,train,4000,5582.229013644512,-1582.2290136445117
3296,train,13500,20424.49733826183,-6924.49733826183
2172,train,30000,30433.506882133832,-433.5068821338318
1463,train,90000,85551.47650741006,4448.523492589942
662,train,15000,21431.83861104428,-6431.838611044281
3462,train,17000,31439.631108262074,-14439.631108262074
4641,train,15500,9531.88732608284,5968.11267391716
465,train,20000,14909.39902947955,5090.600970520451
1683,train,25000,25330.98482886331,-330.9848288633111
4138,train,12000,13037.909625359682,-1037.9096253596817
4132,train,6500,6365.797193046092,134.2028069539083
2081,train,11000,10977.012202807498,22.987797192501603
1334,train,25000,23443.142604413537,1556.857395586463
711,train,15000,17129.675394453872,-2129.6753944538723
1823,train,13500,12162.734834193789,1337.2651658062114
473,train,15000,11745.922093677298,3254.077906322702
4059,train,12000,13388.981296336628,-1388.9812963366276
3074,train,15000,16469.047606493794,-1469.0476064937939
3433,train,6000,7374.586897353897,-1374.5868973538973
3862,train,32000,31507.72809683085,492.2719031691486
300,train,35000,17084.491658583647,17915.508341416353
2416,train,50000,43249.47561995247,6750.524380047529
1909,train,5500,6844.779520345203,-1344.7795203452033
2769,train,16000,13214.335992749016,2785.6640072509836
4607,train,15000,12457.438661973456,2542.561338026544
3395,train,18000,7528.3698093756775,10471.630190624322
24,train,8000,8860.49326484523,-860.4932648452304
3301,train,15000,7224.94323107728,7775.05676892272
2097,train,8500,8663.859710974079,-163.85971097407855
450,train,30000,13262.17968927622,16737.82031072378
709,train,300000,117421.44074787042,182578.55925212958
4273,train,8000,11897.139027287312,-3897.1390272873123
2355,train,22000,16154.354274159017,5845.645725840983
114,train,15000,14571.27160652771,428.7283934722891
923,train,43500,37003.333855451674,6496.666144548326
2625,train,10000,7972.45213172716,2027.5478682728399
1879,train,21000,34980.48730274286,-13980.487302742862
4640,train,15000,15469.711980757198,-469.71198075719803
4380,train,25000,20325.130789728097,4674.869210271903
969,train,60000,50005.3382269227,9994.6617730773
1326,train,850000,374938.4560152048,475061.5439847952
3392,train,130000,55889.238802060056,74110.76119793995
3612,train,12500,9165.775171841147,3334.2248281588527
4460,train,15000,11807.062944855195,3192.9370551448046
790,train,55000,55396.40275391009,-396.40275391009345
4358,train,21000,21244.957503434376,-244.95750343437612
1887,train,20000,16466.730315459976,3533.269684540024
985,train,22000,23566.234143376158,-1566.2341433761576
933,train,65000,54186.02605647058,10813.973943529418
4126,train,6500,7508.258376070424,-1008.2583760704238
2253,train,15000,13360.397734922577,1639.602265077423
1308,train,30000,34173.45535450268,-4173.455354502679
4613,train,15000,17912.528480380726,-2912.5284803807263
1295,train,22000,42787.8934698571,-20787.893469857103
1750,train,12000,9733.568620898199,2266.431379101801
4429,train,8000,13519.698052453603,-5519.698052453603
3593,train,8000,10529.829850857506,-2529.8298508575062
2153,train,14000,7045.88361503157,6954.11638496843
3572,train,130000,72943.44056598427,57056.559434015726
3128,train,17000,24041.570797983983,-7041.570797983983
2155,train,20000,22036.411431758926,-2036.4114317589265
2621,train,6000,9289.26132968442,-3289.2613296844193
1624,train,11500,13787.260554254168,-2287.260554254168
551,train,25000,14909.427812596017,10090.572187403983
3966,train,100000,90754.72616214462,9245.273837855377
1741,train,5000,7734.6049227561,-2734.6049227560998
755,train,42000,54642.26548604827,-12642.265486048273
645,train,65000,118483.02887162886,-53483.02887162886
446,train,10000,10239.228253459734,-239.22825345973433
390,train,22000,20167.56957980176,1832.4304201982413
4259,train,25000,16916.063472039285,8083.9365279607155
222,train,25000,15244.415066602045,9755.584933397955
869,train,200000,103049.7714142727,96950.2285857273
3528,train,35000,32658.62730194353,2341.3726980564716
205,train,15000,13050.252413035993,1949.7475869640075
1593,train,16000,14796.19647343319,1203.8035265668095
1370,train,60000,124430.34036109161,-64430.340361091614
2202,train,14500,17135.288417411994,-2635.2884174119936
1613,train,9000,8036.593229079939,963.4067709200608
3246,train,15000,13471.996833992407,1528.0031660075929
495,train,10000,6490.915273106497,3509.084726893503
2380,train,9500,11380.488765590297,-1880.4887655902967
2477,train,10000,15258.375244295326,-5258.375244295326
123,train,8000,9687.999222164954,-1687.9992221649536
2297,train,9250,11230.285929322497,-1980.2859293224974
1908,train,20000,15936.870301388428,4063.129698611572
359,train,15000,6558.565902940501,8441.4340970595
4137,train,12500,13687.621578589513,-1187.6215785895129
2022,train,35000,13967.978376377296,21032.021623622706
1187,train,45000,12512.471460097495,32487.528539902505
3902,train,9000,10149.472870675145,-1149.4728706751448
1736,train,10500,11424.605261916526,-924.6052619165257
822,train,93000,96299.8676814874,-3299.867681487405
1251,train,45000,69981.2920220675,-24981.2920220675
3817,train,16000,18372.692424076125,-2372.6924240761255
3451,train,15000,14199.460844237004,800.5391557629955
1557,train,9500,10765.842373580079,-1265.8423735800789
837,train,33003,47628.20577525843,-14625.20577525843
3617,train,27000,27448.442790397923,-448.4427903979231
4610,train,15000,9041.183005143444,5958.8169948565555
3848,train,70000,75437.15525876652,-5437.155258766521
4110,train,10000,6380.191450834737,3619.808549165263
892,train,25000,26665.386706810667,-1665.3867068106665
1146,train,32000,19505.93705661334,12494.06294338666
1462,train,45000,41809.39305902082,3190.6069409791817
831,train,200000,103066.25424891828,96933.74575108172
4716,train,9000,12760.18674336717,-3760.1867433671705
589,train,40000,51469.08499995293,-11469.084999952931
4730,train,25000,16383.374003467756,8616.625996532244
2366,train,16000,15335.458947919335,664.5410520806654
2274,train,8200,7739.261385267877,460.7386147321231
98,train,18000,17617.259979824918,382.74002017508246
2115,train,5000,6505.574731893848,-1505.5747318938484
3701,train,8000,11943.600256383317,-3943.600256383317
3415,train,24000,24274.02240660248,-274.02240660247844
4104,train,15000,17992.741092472817,-2992.7410924728174
1028,train,180000,159709.90961585232,20290.090384147683
3376,train,38000,35738.44246622244,2261.557533777559
1219,train,260000,245020.26933428596,14979.730665714043
4723,train,7000,9825.01165614496,-2825.0116561449595
1693,train,15000,12035.311098889106,2964.688901110894
4617,train,8500,6429.83180854917,2070.16819145083
1922,train,20000,15698.764148198661,4301.235851801339
1684,train,7000,8476.590963488798,-1476.5909634887976
3602,train,8500,9485.061285134454,-985.061285134454
1310,train,15000,13745.955277749777,1254.0447222502225
1047,train,95000,88176.69272267463,6823.307277325366
620,train,40000,46529.05646749592,-6529.056467495917
2734,train,80000,79589.33605221182,410.6639477881836
4329,train,13000,20727.371302236545,-7727.371302236545
490,train,8000,6885.2954486502385,1114.7045513497615
1205,train,150000,145924.36793347984,4075.632066520164
1853,train,18500,23022.708973399684,-4522.708973399684
2537,train,11000,12270.689687791653,-1270.6896877916533
250,train,12000,11153.112597240155,846.8874027598449
724,train,85000,93867.62257408521,-8867.62257408521
1444,train,36000,20068.026162647817,15931.973837352183
4568,train,16500,11539.951079292847,4960.048920707153
2643,train,6500,9048.348650070237,-2548.3486500702365
1160,train,300000,328898.7362324276,-28898.73623242759
3658,train,9000,11257.997471656427,-2257.9974716564266
3356,train,11500,12874.985728617208,-1374.9857286172082
1338,train,21000,14269.621522096044,6730.378477903956
2308,train,20000,24747.732276715793,-4747.732276715793
2875,train,18000,14877.285920774404,3122.714079225596
4694,train,12000,16931.81149661421,-4931.811496614209
3803,train,8500,10151.486908290146,-1651.486908290146
3313,train,45000,32216.86393130487,12783.13606869513
2390,train,22000,11348.093063425269,10651.906936574731
3534,train,16500,13811.137340385016,2688.8626596149843
379,train,40000,29821.18925193545,10178.810748064549
2532,train,15000,13214.335992749016,1785.6640072509836
684,train,150000,139153.2558404511,10846.744159548893
4035,train,9000,10518.434572153388,-1518.4345721533882
2475,train,11000,13688.550443810655,-2688.5504438106545
36,train,12500,12255.276472414884,244.72352758511624
2642,train,10000,11422.723934011658,-1422.7239340116575
1576,train,15000,18426.094325194066,-3426.094325194066
2619,train,12500,17293.31691070608,-4793.3169107060785
3059,train,3000,6416.156570423607,-3416.1565704236073
3633,train,15000,13566.799623786384,1433.2003762136155
658,train,32000,27376.625337062786,4623.374662937214
463,train,9500,7496.00704448781,2003.9929555121898
299,train,20000,12775.051042024905,7224.948957975095
3323,train,25000,22478.813962405464,2521.186037594536
2012,train,25000,42433.51668987417,-17433.516689874174
2503,train,12500,10156.416813852653,2343.583186147347
3483,train,40000,39335.95377319023,664.046226809769
2733,train,9300,10813.1702674532,-1513.1702674532007
2583,train,15000,11793.643102537784,3206.356897462216
1249,train,52000,30650.618544743204,21349.381455256796
2135,train,25000,28658.779070648234,-3658.7790706482338
3014,train,6500,9152.454959390829,-2652.4549593908287
3072,train,12000,15063.985609128436,-3063.9856091284364
2134,train,21000,19705.271057952097,1294.7289420479028
4330,train,6000,6471.242113738415,-471.24211373841536
1995,train,15000,13750.838573251864,1249.1614267481364
981,train,23500,21976.943730029114,1523.0562699708862
1167,train,140000,86813.63879039716,53186.36120960284
1701,train,5000,9504.965421051389,-4504.965421051389
3868,train,23000,16184.883787271408,6815.116212728592
540,train,35000,39093.296781642704,-4093.2967816427044
919,train,230000,265699.1899519778,-35699.18995197781
4265,train,34000,38557.39786477693,-4557.397864776933
3142,train,6500,14540.50790262737,-8040.507902627371
179,train,15000,14495.779155192968,504.22084480703234
3690,train,8500,10248.740747175883,-1748.7407471758834
4070,train,17000,19413.90567078841,-2413.9056707884083
1195,train,90000,52056.00680333461,37943.99319666539
1245,train,26000,31014.932593121244,-5014.932593121244
216,train,7000,9947.930573170328,-2947.930573170328
753,train,170000,142474.55902607736,27525.44097392264
3604,train,40000,38729.43784329571,1270.5621567042908
4462,train,9000,8211.459124191308,788.5408758086924
3496,train,10000,12386.927198294221,-2386.927198294221
1711,train,7500,7671.764379686549,-171.76437968654864
1398,train,140000,147912.1407261449,-7912.140726144891
4283,train,15000,13754.400826400675,1245.5991735993248
4085,train,16000,13867.959683298955,2132.0403167010445
1213,train,85000,73214.43279196642,11785.567208033579
3286,train,10000,7722.690437209998,2277.309562790002
2959,train,15000,9268.963008822264,5731.036991177736
3304,train,15000,12000.306428215876,2999.6935717841243
120,train,6300,6066.096726422225,233.9032735777746
759,train,14000,21227.863013981343,-7227.863013981343
3969,train,24000,25215.407695175865,-1215.4076951758652
3773,train,7500,7313.6831213385485,186.31687866145148
2056,train,22500,16825.231648444525,5674.7683515554745
2620,train,14000,10186.970931268646,3813.0290687313536
131,train,6000,5949.296268762435,50.70373123756508
2300,train,12000,8234.424878434465,3765.5751215655346
1096,train,110000,155031.78342848117,-45031.78342848117
2169,train,18000,17567.723318776607,432.2766812233931
4531,train,20000,9537.198662147935,10462.801337852065
4012,train,130000,46073.1408994739,83926.8591005261
743,train,25000,18107.904286338737,6892.095713661263
3916,train,9000,6225.690278983656,2774.309721016344
3527,train,12000,19192.50773484314,-7192.5077348431405
680,train,30000,27832.76213536064,2167.237864639359
4398,train,8000,12397.433254181899,-4397.4332541818985
4033,train,8500,7916.933977058439,583.0660229415607
2490,train,45000,23138.72214440059,21861.27785559941
2375,train,8000,7421.3218846642485,578.6781153357515
2889,train,10000,13866.432215466975,-3866.4322154669753
2328,train,25000,21343.788539227084,3656.2114607729163
797,train,200000,152008.3413625458,47991.65863745421
4337,train,10000,11539.18755884268,-1539.1875588426792
2800,train,12000,17748.636747038967,-5748.636747038967
4478,train,9000,12880.016395090946,-3880.0163950909464
467,train,7500,8739.719953219284,-1239.7199532192844
1169,train,65000,97331.19670699228,-32331.196706992283
2616,train,14000,7053.823123827445,6946.176876172555
2624,train,8000,29197.042331706205,-21197.042331706205
3826,train,15000,15147.786024680545,-147.78602468054487
4500,train,30000,35100.574377516234,-5100.574377516234
1883,train,7500,8441.020667180766,-941.0206671807664
208,train,18000,15442.735331248203,2557.264668751797
281,train,6500,6235.899768194904,264.100231805096
492,train,20000,11224.58813291794,8775.41186708206
4704,train,35000,20276.419450820864,14723.580549179136
2828,train,15000,21242.610450094973,-6242.610450094973
3373,train,35000,28799.762945203984,6200.237054796016
3106,train,15000,14159.829337701993,840.1706622980073
2350,train,8000,8411.451071018775,-411.4510710187751
1110,train,180000,162801.50507243257,17198.49492756743
1182,train,55000,51517.59850923126,3482.401490768738
1603,train,12000,10706.508268282922,1293.4917317170784
2251,train,18500,14709.339513907411,3790.660486092589
4714,train,17000,15397.11612766318,1602.8838723368208
1441,train,65000,107737.8612635036,-42737.8612635036
2817,train,30000,29049.2818762599,950.7181237400982
512,train,11000,11308.46705703512,-308.4670570351209
1076,train,45000,44551.76587036472,448.23412963528244
1889,train,13000,15880.71707137821,-2880.7170713782107
3955,train,12500,12200.350534159496,299.6494658405045
2689,train,30000,23255.4096390033,6744.590360996699
507,train,5000,6206.430880553712,-1206.430880553712
1813,train,60000,52686.64629314702,7313.353706852977
2523,train,15000,16729.709772274626,-1729.7097722746257
3237,train,4500,4992.32682466667,-492.3268246666703
1605,train,36000,39560.55817849335,-3560.558178493353
2032,train,9000,11705.469210171126,-2705.469210171126
3175,train,18000,14901.019998780297,3098.980001219703
1306,train,140000,211675.78863763026,-71675.78863763026
3941,train,28000,27792.592627424332,207.40737257566798
2386,train,3500,7241.717881774188,-3741.717881774188
4533,train,14000,10798.773618775602,3201.226381224398
497,train,10000,9786.593602325758,213.40639767424182
3485,train,8000,7467.363673777402,532.6363262225977
3378,train,7500,5675.734651313409,1824.265348686591
3438,train,12500,11659.310437718628,840.6895622813718
3540,train,72000,44839.49111121483,27160.508888785167
249,train,6000,7778.5258560078055,-1778.5258560078055
954,train,40000,34599.655821952896,5400.344178047104
1649,train,22000,17179.533401498742,4820.466598501258
1415,train,25000,25250.644642084866,-250.64464208486606
4254,train,15000,11690.39307376254,3309.6069262374604
45,train,10000,12168.038249809573,-2168.0382498095732
1132,train,75000,85419.64259570529,-10419.642595705285
3209,train,14000,10776.845189785186,3223.1548102148136
3493,train,60000,44604.45279666419,15395.54720333581
3484,train,25000,22193.165427098047,2806.834572901953
2392,train,11000,10982.528736878292,17.471263121708034
94,train,20000,11140.628084945769,8859.371915054231
3897,train,11000,8537.579371569302,2462.4206284306983
4324,train,52000,66161.7395969162,-14161.739596916203
1387,train,210000,221736.87723214048,-11736.877232140483
1700,train,6000,6628.53562599856,-628.5356259985601
4473,train,8000,11188.804866847027,-3188.8048668470274
4413,train,10000,14655.75383278019,-4655.75383278019
3787,train,80000,78154.17406240742,1845.8259375925845
2400,train,16000,12315.937682273729,3684.0623177262714
3007,train,12000,11521.960091577763,478.0399084222372
3641,train,11000,13634.460330956288,-2634.460330956288
3659,train,18000,17047.08381754456,952.9161824554394
1816,train,11000,10734.01408774005,265.98591225995006
626,train,180000,250978.5508161644,-70978.55081616441
3588,train,18000,9348.355125109661,8651.644874890339
548,train,8000,30977.564221812096,-22977.564221812096
4586,train,37000,39178.9695518311,-2178.969551831098
1443,train,55000,47391.79073472303,7608.209265276972
2807,train,15000,15801.4703268164,-801.4703268163994
4167,train,85000,65849.85373670254,19150.146263297458
73,train,6500,8788.423496741716,-2288.423496741716
2498,train,25000,12949.018177513213,12050.981822486787
2679,train,35000,26339.272328984833,8660.727671015167
980,train,40000,64555.92746859342,-24555.92746859342
1532,train,50000,34724.0360403074,15275.963959692599
2128,train,13000,15738.026807085898,-2738.0268070858983
971,train,130000,127238.62372441712,2761.3762755828793
4013,train,27000,27917.743096550726,-917.7430965507265
195,train,6000,8821.071576747354,-2821.071576747354
260,train,25000,41310.476499708144,-16310.476499708144
1224,train,60000,45965.235562110895,14034.764437889105
162,train,3500,3530.8023187100116,-30.802318710011605
651,train,17500,21488.769482822026,-3988.7694828220265
3584,train,22000,18192.481775231587,3807.5182247684133
3900,train,23382,23781.100934375718,-399.10093437571777
3998,train,18000,18639.13394352517,-639.1339435251684
4390,train,20000,15595.948773386295,4404.051226613705
2935,train,14000,27140.072039097162,-13140.072039097162
686,train,160000,127058.04258753541,32941.95741246459
1668,train,15000,20170.304908107162,-5170.304908107162
2666,train,8500,11575.49113738354,-3075.4911373835403
3490,train,8500,11586.970396715597,-3086.9703967155965
3032,train,150000,61628.59822440135,88371.40177559864
4047,train,45000,44537.041939277726,462.95806072227424
1342,train,18000,15211.257862168883,2788.7421378311174
1348,train,140000,58290.39187799568,81709.60812200431
902,train,8000,27746.251859057524,-19746.251859057524
3314,train,22000,15296.813496757599,6703.186503242401
913,train,21000,25975.651622778543,-4975.651622778543
2574,train,45000,27627.353695850557,17372.646304149443
1293,train,33000,32422.191802909852,577.8081970901476
4228,train,16000,11788.147997175578,4211.852002824422
153,train,20000,16361.311866107395,3638.688133892605
2974,train,9000,8572.859210810586,427.14078918941414
4656,train,20000,11208.213507424403,8791.786492575597
586,train,38000,38300.27515763602,-300.27515763601696
3492,train,11000,11585.543867000424,-585.5438670004241
1207,train,40000,27946.646987059685,12053.353012940315
1450,train,14000,20383.537074170294,-6383.537074170294
3639,train,10000,12837.8719790322,-2837.8719790321993
4578,train,15000,19216.884733300736,-4216.884733300736
3344,train,8500,8247.278213092375,252.72178690762485
3847,train,40000,74505.63902478262,-34505.63902478262
4024,train,15000,14492.332636765237,507.6673632347629
3671,train,11000,10724.638196350184,275.36180364981556
3226,train,38000,30958.25065162413,7041.74934837587
829,train,75000,46439.45289004758,28560.547109952422
1133,train,45000,96573.54158758701,-51573.54158758701
2737,train,13000,9366.217671472023,3633.7823285279774
4115,train,18000,12888.62826647578,5111.37173352422
3548,train,8500,11158.339498148382,-2658.3394981483816
997,train,39000,38732.09115465618,267.9088453438235
276,train,5000,7260.800320367287,-2260.800320367287
601,train,70000,84683.43902009825,-14683.439020098245
3203,train,80000,55735.00009130763,24264.99990869237
2360,train,6000,9164.180753475046,-3164.180753475046
3912,train,25000,18091.953579456385,6908.046420543615
2293,train,9000,6347.59389913945,2652.4061008605504
1745,train,5500,8376.062780109212,-2876.0627801092123
11,train,5000,6430.684033482535,-1430.6840334825347
3476,train,13000,9377.746280982798,3622.2537190172025
1420,train,75000,55558.4485862396,19441.551413760397
554,train,23000,30323.656129145107,-7323.656129145107
1268,train,43000,54776.58831217334,-11776.588312173342
4671,train,18000,20466.236952411196,-2466.2369524111964
1643,train,20000,19471.469501189637,528.5304988103635
4327,train,7000,13411.122536956547,-6411.122536956547
2515,train,85000,35245.658795784,49754.341204216
2941,train,10000,7661.135614305229,2338.864385694771
948,train,45000,51316.223947080696,-6316.223947080696
3379,train,12500,10397.860896531018,2102.1391034689823
1480,train,680000,380117.68814774655,299882.31185225345
3464,train,22000,27862.196593098597,-5862.196593098597
2125,train,20000,16953.827177538602,3046.172822461398
2285,train,24000,17560.881104129094,6439.118895870906
1315,train,40000,49951.660885838835,-9951.660885838835
983,train,110000,122081.3575320597,-12081.357532059701
3387,train,15000,15108.389289526767,-108.38928952676724
2814,train,70000,39792.34832638122,30207.651673618777
2780,train,33000,21621.72463367963,11378.27536632037
2771,train,9000,11802.175040777729,-2802.175040777729
2017,train,15000,6822.814937241278,8177.185062758722
2152,train,75000,47463.53905710708,27536.460942892918
3109,train,75000,55295.61114570039,19704.388854299606
3363,train,12000,12364.882927870864,-364.88292787086357
1366,train,90000,100969.00825117879,-10969.008251178791
414,train,8500,7471.211061268542,1028.788938731458
2658,train,29000,47288.38081377923,-18288.38081377923
2137,train,13000,16540.486576340987,-3540.486576340987
1033,train,400000,202419.94196426388,197580.05803573612
2549,train,10000,18072.145978805074,-8072.145978805074
950,train,160000,120921.67743469041,39078.32256530959
4004,train,9000,6563.04309601349,2436.95690398651
4113,train,9000,12273.011630033536,-3273.0116300335358
1208,train,52000,44620.72977606299,7379.270223937012
1014,train,44000,62656.40864986542,-18656.40864986542
4080,train,18000,21077.857526200936,-3077.8575262009363
2398,train,350000,53804.96431071745,296195.0356892826
2420,train,13000,10255.708956868679,2744.291043131321
4231,train,10000,10168.918638612504,-168.91863861250386
113,train,12000,12921.877897679584,-921.8778976795838
2500,train,22000,23905.66865083139,-1905.6686508313906
2489,train,8000,12921.224146141329,-4921.224146141329
809,train,55000,54157.63821902879,842.3617809712086
1447,train,170000,213696.87917477943,-43696.87917477943
835,train,40000,32604.778533817298,7395.221466182702
3232,train,7000,5743.029391190287,1256.9706088097128
3596,train,9800,13894.471202343448,-4094.4712023434477
4083,train,14000,12966.22991265883,1033.7700873411704
3160,train,12000,10072.812306749047,1927.187693250953
27,train,6000,10569.475388844245,-4569.475388844245
4109,train,6500,8047.6319587305525,-1547.6319587305525
3709,train,20000,30548.492089412797,-10548.492089412797
1949,train,22000,10887.405839071382,11112.594160928618
4039,train,17000,12925.890144129811,4074.1098558701888
3719,train,12000,13368.433153980464,-1368.4331539804643
2221,train,18000,15684.773860818465,2315.2261391815355
1719,train,7000,6560.839642599092,439.16035740090774
3381,train,16000,14037.215532995528,1962.7844670044724
1971,train,10000,10640.72091604559,-640.7209160455895
2306,train,8000,8775.476884767279,-775.4768847672785
2110,train,8500,17087.194611444185,-8587.194611444185
3297,train,29000,31508.61092972078,-2508.6109297207804
4051,train,15000,12572.689130583238,2427.310869416762
2681,train,30000,54425.80338019783,-24425.80338019783
3019,train,8000,9614.529512727317,-1614.5295127273166
2189,train,28000,36511.83009029568,-8511.830090295683
3767,train,6000,7389.695191250362,-1389.6951912503619
294,train,10000,11528.710919177829,-1528.710919177829
115,train,14000,10769.274986417277,3230.7250135827235
4016,train,10000,11212.21123570404,-1212.2112357040405
2447,train,5500,6480.247446109225,-980.2474461092252
2037,train,10000,6314.150297166013,3685.849702833987
3930,train,20000,21553.075044644298,-1553.075044644298
4362,train,13000,12904.196335450582,95.80366454941759
3799,train,15000,14329.882847033445,670.1171529665553
1029,train,180000,156561.97786743217,23438.02213256783
88,train,6500,7853.299029609502,-1353.2990296095022
900,train,180000,144531.33903244752,35468.66096755248
1309,train,85000,54478.87549056526,30521.12450943474
4065,train,8000,14483.5740331126,-6483.5740331126
2147,train,39000,47339.27638366061,-8339.27638366061
3509,train,110000,36016.535629427715,73983.46437057228
1371,train,49000,51543.39130576296,-2543.3913057629616
552,train,14000,18376.79873797654,-4376.79873797654
1692,train,10000,8612.521000729208,1387.478999270792
989,train,150000,137757.56976470968,12242.430235290318
3361,train,16000,21068.522846757514,-5068.522846757514
646,train,80000,37621.07215779213,42378.92784220787
2243,train,4700,6203.3941810537235,-1503.3941810537235
2058,train,12000,15015.36932996701,-3015.3693299670103
1591,train,8000,7755.962370773526,244.03762922647365
3728,train,10000,11821.739095132712,-1821.7390951327125
4171,train,10000,14132.41341701161,-4132.41341701161
2591,train,30000,27171.42257114198,2828.5774288580214
4621,train,11500,12488.459791806205,-988.4597918062045
739,train,65000,65981.77099740601,-981.7709974060126
4169,train,14000,12359.627293698619,1640.3727063013812
3806,train,5000,7443.792781213217,-2443.7927812132166
1108,train,24000,28834.57927943602,-4834.57927943602
2849,train,25000,15621.989041591338,9378.010958408662
4660,train,140000,139752.56175437127,247.4382456287276
726,train,150000,126261.31637596693,23738.683624033074
2070,train,8000,11091.185535966775,-3091.185535966775
2543,train,6000,9944.343528642159,-3944.343528642159
4238,train,8500,16064.834860810335,-7564.834860810335
4249,train,12000,7927.912104563077,4072.0878954369227
3469,train,9000,14002.541271954178,-5002.541271954178
2851,train,14000,10700.284799706706,3299.7152002932944
2151,train,17500,24171.97764990421,-6671.977649904209
2395,train,11000,22668.408858730563,-11668.408858730563
2547,train,45000,33204.51530204038,11795.484697959619
1640,train,15000,16871.151207759805,-1871.1512077598054
3770,train,16000,20134.97635332446,-4134.976353324459
4212,train,12500,11714.854549059639,785.1454509403611
3935,train,18000,15203.849605238995,2796.1503947610054
400,train,6000,8518.451924362531,-2518.451924362531
59,train,8500,12743.597422654728,-4243.597422654728
563,train,40000,54946.555471092855,-14946.555471092855
3890,train,10500,8872.611936627483,1627.3880633725166
775,train,36000,44249.55892305493,-8249.55892305493
1737,train,6000,7199.788276398174,-1199.7882763981743
4359,train,95000,65948.10577234271,29051.894227657293
1454,train,55000,47225.4695514547,7774.530448545302
2785,train,23000,15042.78833949089,7957.2116605091105
2980,train,90000,51672.812148442245,38327.187851557755
1652,train,15000,14459.438001862387,540.561998137613
4576,train,15000,13528.420135542863,1471.5798644571369
2779,train,20000,29943.650699342732,-9943.650699342732
3425,train,14000,13403.656754434955,596.3432455650454
4674,train,19000,14400.831195282552,4599.168804717448
2898,train,11000,10692.692511675334,307.30748832466634
2604,train,21000,37387.31400343489,-16387.31400343489
523,train,25000,14609.142574653639,10390.857425346361
3409,train,20000,15733.110556997955,4266.889443002045
2141,train,15000,19676.442848600775,-4676.442848600775
4720,train,13000,12550.148361110547,449.85163888945317
1086,train,200000,89094.4076795195,110905.5923204805
286,train,12000,8103.989691609156,3896.0103083908443
1992,train,8500,16634.0231502521,-8134.023150252098
1841,train,12000,13111.571550021605,-1111.5715500216047
2282,train,6500,7412.9353432824355,-912.9353432824355
1416,train,75000,90626.00718686679,-15626.007186866787
1452,train,7000,16791.620001486866,-9791.620001486866
4055,train,25000,17156.319949677018,7843.680050322982
2766,train,10000,9951.082371427025,48.917628572975445
967,train,32000,39710.25037672937,-7710.250376729367
4135,train,14000,21068.395288465246,-7068.395288465246
2975,train,9000,14664.984499517273,-5664.984499517273
2683,train,13000,16577.94729394557,-3577.94729394557
3347,train,7000,6258.0617712242365,741.9382287757635
650,train,250000,386008.71023245034,-136008.71023245034
1650,train,6000,5439.294922936676,560.7050770633241
4727,train,15000,20272.808092690608,-5272.808092690608
3669,train,13500,7742.159895098998,5757.840104901002
5,train,7000,7272.701257117653,-272.70125711765286
2294,train,7500,16265.738308809061,-8765.738308809061
4438,train,7000,9705.76768024135,-2705.76768024135
58,train,7000,8850.046245003738,-1850.0462450037376
2649,train,7000,10675.659399752303,-3675.659399752303
754,train,29999,31148.53855417095,-1149.538554170951
3522,train,15000,8656.363169378756,6343.636830621244
4310,train,9000,7497.142727921609,1502.8572720783914
2101,train,18000,18681.34288099791,-681.3428809979087
3321,train,20000,32121.881544146494,-12121.881544146494
1406,train,45000,62745.62418661291,-17745.624186612913
2511,train,45000,30916.89967993053,14083.100320069469
26,train,5300,7104.6511481434045,-1804.6511481434045
4043,train,12000,10904.395905859586,1095.6040941404135
4026,train,20000,12540.756292495424,7459.243707504576
1843,train,15000,17287.53031412729,-2287.530314127289
315,train,8000,13755.13749667281,-5755.137496672811
3489,train,15000,13746.232191499046,1253.7678085009538
660,train,47000,55482.09142599012,-8482.091425990118
2593,train,19500,12438.211376263447,7061.788623736553
325,train,14000,11585.264354585623,2414.7356454143774
4481,train,15000,17399.75740352448,-2399.7574035244797
1394,train,12000,11635.51091081088,364.4890891891191
1233,train,55000,62407.81696150678,-7407.816961506782
4651,train,22000,36572.12540064342,-14572.125400643417
2710,train,16500,12597.896198836686,3902.1038011633136
1189,train,12500,18242.88213955765,-5742.882139557649
678,train,32000,22564.34638715181,9435.65361284819
536,train,49000,22316.54635439666,26683.45364560334
2829,train,20000,18074.338821351572,1925.6611786484282
2914,train,150000,118819.00757430606,31180.99242569394
2336,train,120000,36998.418998632085,83001.58100136791
1002,train,190000,160771.25539839227,29228.74460160773
2578,train,12000,14484.00748162941,-2484.007481629411
2854,train,10000,9007.818343776908,992.1816562230924
4573,train,6500,10853.91391339608,-4353.91391339608
4244,train,6000,11596.121237870644,-5596.121237870644
2067,train,30000,54102.11538656382,-24102.11538656382
2225,train,110000,54188.61922779254,55811.38077220746
49,train,15000,14357.50990730921,642.4900926907903
2540,train,15000,12549.334442895475,2450.665557104525
3994,train,9000,7325.83156128615,1674.1684387138503
3510,train,8500,5287.9612008739105,3212.0387991260895
2983,train,15000,17468.762961067114,-2468.762961067114
1421,train,350000,86619.47497006776,263380.52502993227
4399,train,55000,22355.838537251373,32644.161462748627
460,train,12500,10885.288915601413,1614.7110843985865
2759,train,15000,10476.596684883802,4523.403315116198
3120,train,8500,26878.76231133027,-18378.76231133027
2481,train,150000,81550.65218882034,68449.34781117966
3915,train,6500,6630.262488070112,-130.26248807011234
2199,train,19500,14949.14447797096,4550.85552202904
4112,train,12000,13025.620313640753,-1025.620313640753
3042,train,30000,31032.134740110916,-1032.134740110916
3327,train,13000,14840.492844002927,-1840.492844002927
3292,train,14000,12144.260010987615,1855.7399890123852
3182,train,20000,15287.452357780065,4712.547642219935
1869,train,15000,21240.59817573239,-6240.59817573239
3368,train,10000,11703.322577580499,-1703.3225775804985
2469,train,45000,14087.741504962116,30912.258495037884
119,train,14000,15178.71691390606,-1178.7169139060607
3730,train,19397,20442.270328755592,-1045.2703287555923
367,train,21000,16307.755127002785,4692.244872997215
1986,train,17000,8322.193436957416,8677.806563042584
1912,train,9300,9829.418289151039,-529.4182891510391
3651,train,8000,9410.421863570638,-1410.4218635706384
2099,train,8000,9223.661539600795,-1223.6615396007946
116,train,5000,3759.0033947534243,1240.9966052465757
3958,train,50000,44277.02591376522,5722.974086234783
3111,train,6500,7118.137699358037,-618.137699358037
3521,train,30000,30961.79380538652,-961.7938053865182
3865,train,10677,13352.870964365602,-2675.870964365602
4626,train,45000,43790.03449215873,1209.9655078412688
649,train,18000,26462.85480162424,-8462.854801624238
1519,train,54000,43511.26385686334,10488.736143136659
3697,train,12000,17142.172803045847,-5142.172803045847
1081,train,300000,207405.98061462023,92594.01938537977
2211,train,12000,17427.00057067153,-5427.000570671531
3372,train,16500,29268.153975294386,-12768.153975294386
1391,train,27000,43474.36418903842,-16474.364189038417
1811,train,23000,15927.396608689765,7072.603391310235
2063,train,12500,8180.161065138722,4319.838934861278
3467,train,10000,22392.63678474033,-12392.63678474033
4198,train,15000,13644.105052333449,1355.8949476665512
2156,train,12000,16709.680005479935,-4709.680005479935
3570,train,15000,21094.934795991663,-6094.934795991663
1654,train,10000,13849.401592704833,-3849.401592704833
4056,train,36000,23121.960429918458,12878.039570081542
615,train,60000,39856.33499622202,20143.665003777976
4314,train,19500,16226.732186113411,3273.2678138865886
4687,train,30000,85247.75771910821,-55247.75771910821
3946,train,12500,14396.316432760043,-1896.3164327600425
3043,train,10000,11814.537023819188,-1814.537023819188
509,train,6000,7939.506498882448,-1939.5064988824479
4424,train,35000,25294.340373461648,9705.659626538352
3173,train,10000,13253.877562684367,-3253.877562684367
1357,train,75000,119777.33870993061,-44777.33870993061
947,train,40000,50641.134230577016,-10641.134230577016
912,train,100000,28971.4888836347,71028.51111636529
532,train,130000,199295.31815178847,-69295.31815178847
3342,train,18999,18881.278704347176,117.72129565282376
3055,train,6000,8744.454182142501,-2744.454182142501
1688,train,22000,21817.114023631002,182.88597636899794
3034,train,15000,13322.711657142294,1677.288342857706
2947,train,12000,13451.458870185586,-1451.4588701855864
447,train,12000,14732.50683927179,-2732.5068392717894
3542,train,17000,16149.849037438336,850.1509625616636
3918,train,12500,18358.827433361745,-5858.827433361745
2611,train,20500,34383.57821058434,-13883.57821058434
624,train,150000,201814.48498200747,-51814.484982007474
87,train,22000,17374.51376209733,4625.486237902671
1612,train,13500,13258.02263272172,241.97736727827942
1906,train,160000,92996.53457112462,67003.46542887538
3700,train,160000,51548.4178555896,108451.58214441041
2691,train,14500,16412.42592278208,-1912.4259227820803
2424,train,27000,27602.480651407855,-602.4806514078555
789,train,180000,134010.25845524762,45989.74154475238
2932,train,10000,12364.904919489212,-2364.9049194892123
1536,train,15000,13046.50977027321,1953.4902297267909
4152,train,120000,63505.955110339906,56494.044889660094
1050,train,30000,37437.27662911433,-7437.276629114327
4698,train,25000,12799.550917294995,12200.449082705005
4464,train,6500,8471.095360496005,-1971.095360496005
2337,train,7000,7766.6809453892565,-766.6809453892565
864,train,18000,25567.08713769889,-7567.087137698891
2000,train,32000,11131.306089926418,20868.693910073584
2784,train,10000,18700.962282816392,-8700.962282816392
4162,train,7000,9052.136789371983,-2052.1367893719835
382,train,6500,8239.209565934796,-1739.209565934796
2086,train,17500,12870.164886192119,4629.8351138078815
1712,train,14000,14511.78456610211,-511.78456610210924
68,train,6500,9291.76808805695,-2791.7680880569496
1863,train,20000,23054.6586575152,-3054.6586575151996
2159,train,12000,14177.510565973498,-2177.510565973498
1601,train,55000,46303.42286638394,8696.577133616061
4040,train,9000,11177.508571549866,-2177.5085715498662
926,train,77500,69354.73376914815,8145.266230851848
4272,train,45000,48703.03839029354,-3703.0383902935428
602,train,150000,119890.48088236783,30109.519117632168
77,train,5000,7089.319335739243,-2089.319335739243
2315,train,7000,7258.482092479742,-258.4820924797423
478,train,18000,15464.193460708355,2535.806539291645
3266,train,35000,27750.438225732723,7249.561774267277
2188,train,12500,13024.33485171601,-524.3348517160102
4708,train,20000,20718.237163090933,-718.2371630909329
4711,train,17000,14116.781941606267,2883.2180583937334
1785,train,9000,10337.420808479654,-1337.4208084796537
371,train,7000,10793.604978530086,-3793.6049785300856
1392,train,26000,18108.931144276376,7891.068855723624
1316,train,650000,517273.1696614721,132726.8303385279
3242,train,15000,19599.01328047028,-4599.013280470281
1695,train,56000,47045.67360738346,8954.326392616538
2399,train,16000,12772.279220754692,3227.720779245308
895,train,45000,42071.78468388557,2928.2153161144306
1827,train,10000,12574.355229474964,-2574.3552294749643
4015,train,13000,11814.478648859002,1185.5213511409984
1749,train,15000,17349.185009150096,-2349.1850091500964
2309,train,12500,9983.066108771709,2516.933891228291
1799,train,6500,7777.114722467256,-1277.114722467256
3239,train,10000,7790.64981516829,2209.35018483171
2123,train,25000,20102.399401288083,4897.600598711917
1217,train,58000,66361.67071366256,-8361.670713662563
283,train,10000,8236.87011490597,1763.1298850940293
133,train,4700,5214.831024628173,-514.8310246281726
1855,train,8000,7978.724346868637,21.27565313136256
3959,train,40000,37427.1163067178,2572.8836932822014
908,train,32000,42870.19242687848,-10870.192426878479
2826,train,20000,18625.29606892494,1374.7039310750588
731,train,40000,31925.465972201928,8074.534027798072
3224,train,12000,14240.248341396227,-2240.2483413962273
3606,train,12000,9293.172584260068,2706.827415739932
1969,train,18000,17626.746409728326,373.2535902716736
3434,train,20000,18854.17086234644,1145.8291376535599
3450,train,5000,7348.7429751972195,-2348.7429751972195
4665,train,14000,11140.946356413317,2859.0536435866834
2036,train,12000,7664.795199397423,4335.204800602577
4350,train,26000,18054.603027875444,7945.396972124556
4068,train,8000,8755.536023609031,-755.536023609031
888,train,35000,42855.60805496126,-7855.60805496126
1283,train,21000,24301.37294521439,-3301.372945214389
4636,train,12000,11599.410178254902,400.58982174509765
15,train,40000,20986.18524439773,19013.81475560227
1000,train,25000,18839.343049092142,6160.656950907858
3205,train,23000,20898.96690101844,2101.0330989815593
4099,train,5400,6824.627226298016,-1424.6272262980156
403,train,5000,5781.887526322925,-781.8875263229247
847,train,300000,477863.9793600015,-177863.9793600015
2445,train,23000,10924.19752511531,12075.80247488469
1669,train,11500,8033.733709904433,3466.2662900955665
4445,train,6000,5600.776067082545,399.2239329174554
350,train,5500,8222.924843952622,-2722.924843952622
278,train,6500,5562.017860118739,937.982139881261
375,train,9900,9861.364196988656,38.63580301134425
3620,train,45000,30216.69128120205,14783.30871879795
358,train,12000,9946.067330524094,2053.9326694759056
644,train,55000,41988.045812211145,13011.954187788855
617,train,84500,92142.76048937105,-7642.760489371052
1655,train,21000,18154.332061876736,2845.6679381232643
2961,train,40000,23837.816862934724,16162.183137065276
3090,train,15000,20333.65311441571,-5333.653114415709
2317,train,11000,10931.919418108067,68.08058189193252
3508,train,6800,5720.120453672313,1079.8795463276874
879,train,28000,39531.98716596625,-11531.987165966253
2942,train,35000,26169.48169505546,8830.51830494454
3216,train,7000,7212.063913749743,-212.06391374974282
2731,train,18000,25096.898883769543,-7096.898883769543
4227,train,12000,16616.270975468393,-4616.270975468393
3275,train,23000,29042.34908788002,-6042.3490878800185
4440,train,9000,12655.880003290174,-3655.8800032901745
3670,train,26000,17940.96187561075,8059.038124389252
2577,train,25000,33307.129857472,-8307.129857471999
2038,train,25000,21759.025742648577,3240.974257351423
4447,train,21000,12843.309030987668,8156.690969012332
407,train,35000,23400.34587059515,11599.654129404851
3996,train,8000,11870.798690829297,-3870.798690829297
1730,train,29000,31725.471599588825,-2725.4715995888255
387,train,6000,6980.245875964605,-980.2458759646051
1781,train,20000,24688.5512549352,-4688.551254935199
3702,train,6000,6987.227957555539,-987.2279575555394
4683,train,8000,13442.146090893326,-5442.146090893326
2510,train,11500,12370.045020735155,-870.045020735155
1764,train,4500,8187.589557713515,-3687.589557713515
4419,train,6000,7145.644711737772,-1145.644711737772
474,train,7000,9176.124104819814,-2176.1241048198135
3339,train,12000,6463.3496672191095,5536.6503327808905
2235,train,12000,14256.419140841781,-2256.419140841781
1042,train,14000,13892.851086760724,107.14891323927623
3828,train,70000,55549.258333742444,14450.741666257556
3093,train,15000,15791.436786412105,-791.436786412105
738,train,55100,62331.24625352034,-7231.246253520338
2412,train,20000,12500.201469002217,7499.798530997783
3810,train,28000,13987.830271737022,14012.169728262978
273,train,15000,7214.272371346504,7785.727628653496
4693,train,12000,14175.315100788559,-2175.315100788559
4384,train,13000,20605.603987488415,-7605.603987488415
1458,train,27000,23745.711532194295,3254.2884678057053
943,train,15000,38541.24971422503,-23541.24971422503
3194,train,16000,14331.848131073404,1668.1518689265959
1664,train,20000,19573.356068199737,426.6439318002631
134,train,14000,8104.517352067905,5895.482647932095
3236,train,7000,6018.769958778713,981.2300412212871
1171,train,54000,39669.37015612827,14330.629843871728
1818,train,10000,17316.720608944062,-7316.720608944062
413,train,6800,8626.953305138519,-1826.9533051385188
1273,train,65000,83156.4342522588,-18156.434252258798
2266,train,15000,13519.844761073555,1480.1552389264452
511,train,5000,7214.564847120391,-2214.5648471203913
2966,train,18000,14146.26303337906,3853.7369666209397
3171,train,11500,13858.899963328797,-2358.8999633287967
569,train,65000,60270.962512553226,4729.037487446774
524,train,70000,83680.63690634992,-13680.636906349915
3646,train,12000,14998.61899919681,-2998.6189991968095
1966,train,10000,9274.308818242373,725.6911817576274
4205,train,7500,12185.280768867082,-4685.280768867082
2981,train,200000,124297.65435081552,75702.34564918448
825,train,55000,84132.45835430508,-29132.458354305083
2595,train,25000,12645.22877075635,12354.77122924365
3992,train,9500,14336.423158578584,-4836.423158578584
2638,train,45000,46397.85592692081,-1397.8559269208126
3276,train,11000,11643.202955697947,-643.2029556979469
394,train,8500,10880.157718481434,-2380.157718481434
81,train,8200,6094.07027971197,2105.92972028803
3975,train,10000,9837.887306727076,162.11269327292393
3049,train,15000,13773.077081771899,1226.9229182281015
1615,train,12000,14202.95465691242,-2202.9546569124195
72,train,16000,14764.391979416558,1235.6080205834423
2716,train,8000,9481.99536427463,-1481.9953642746295
3047,train,30000,27492.164093910593,2507.835906089407
2087,train,6500,8612.586259162823,-2112.586259162823
2971,train,12000,19339.3171801952,-7339.317180195201
3170,train,25000,27872.345237617053,-2872.3452376170535
3878,train,13000,13337.321463291888,-337.321463291888
1089,train,6000,10835.482287890785,-4835.482287890785
29,train,12500,11180.036386369635,1319.9636136303652
3114,train,15000,11237.642784263706,3762.357215736294
3300,train,8200,11628.847493950063,-3428.847493950063
339,train,7500,6592.090384875264,907.9096151247359
3421,train,6000,8876.98667211064,-2876.986672110639
1125,train,14000,21539.46027115441,-7539.46027115441
2072,train,8000,7952.844118725747,47.15588127425326
3616,train,17500,19736.604752100928,-2236.6047521009277
1748,train,8500,6750.244866004055,1749.7551339959446
550,train,20000,42327.05429258726,-22327.054292587258
3287,train,7000,13685.977017756968,-6685.977017756968
2205,train,280000,65669.00056079202,214330.99943920798
785,train,85000,47382.48655950893,37617.51344049107
2124,train,14000,13987.190623889326,12.809376110673838
84,train,6700,11752.68455321289,-5052.68455321289
2504,train,15000,25569.938039350298,-10569.938039350298
1633,train,20000,14614.409166776935,5385.590833223065
3073,train,75000,40596.51752277082,34403.48247722918
2743,train,530000,180096.83568186907,349903.16431813093
2761,train,50000,41099.86920564302,8900.130794356977
2181,train,9500,12536.02225994372,-3036.02225994372
2973,train,31000,20870.37802575388,10129.621974246122
2455,train,5000,7991.917188869558,-2991.9171888695582
1163,train,40000,38719.19714901945,1280.8028509805517
2289,train,4000,5167.724397695834,-1167.7243976958343
4253,train,11000,9986.736064524017,1013.2639354759831
3515,train,17000,20323.41669364471,-3323.416693644711
4114,train,60000,52866.84788694678,7133.15211305322
1540,train,12000,12243.857336586916,-243.85733658691606
3513,train,10000,13254.065130554689,-3254.065130554689
4692,train,7500,10817.5212273057,-3317.5212273057004
1470,train,80000,71264.88909724834,8735.110902751665
2068,train,25000,22221.422132884025,2778.577867115975
3432,train,10500,12415.949648056794,-1915.949648056794
679,train,150000,148606.36820099837,1393.631799001625
2633,train,22000,15629.8222028269,6370.177797173101
2915,train,13000,21059.345241960735,-8059.345241960735
543,train,21000,29348.952954292105,-8348.952954292105
1793,train,30000,40841.037003261685,-10841.037003261685
2402,train,8000,12369.397335525633,-4369.397335525633
940,train,36000,39353.04321344858,-3353.043213448582
352,train,7000,7337.2761026048265,-337.2761026048265
1023,train,45000,49465.30336831011,-4465.303368310109
786,train,75000,60121.77180217305,14878.228197826953
1964,train,6500,5698.8604509365605,801.1395490634395
3051,train,20000,13543.439076141745,6456.560923858255
2647,train,5500,11152.116894298288,-5652.116894298288
3520,train,8000,8478.41511400017,-478.41511400017043
2866,train,8000,12097.031708705146,-4097.031708705146
4136,train,25000,24329.36618431014,670.6338156898601
1031,train,20000,21650.58687473191,-1650.586874731911
2472,train,9000,15855.375683858205,-6855.375683858205
284,train,1500,4291.297112317961,-2791.2971123179614
3721,train,16000,23013.01696891209,-7013.0169689120885
4554,train,7500,10713.924628670678,-3213.9246286706784
1667,train,14500,15177.570008574252,-677.5700085742519
2627,train,25000,18243.27207536383,6756.727924636169
2880,train,7000,6841.600187310164,158.39981268983593
2076,train,6000,10103.810727521888,-4103.810727521888
4052,train,5500,5509.224183890858,-9.224183890857603
4048,train,20000,21912.28356335372,-1912.2835633537215
3656,train,16000,18225.539887459243,-2225.539887459243
2260,train,100000,45596.84639411682,54403.15360588318
1945,train,30000,20593.623189867663,9406.376810132337
1486,train,45000,54712.68096430796,-9712.680964307961
308,train,13000,14694.007806116339,-1694.0078061163385
1150,train,65000,87681.5515952919,-22681.551595291894
762,train,53500,43400.38051372721,10099.619486272793
1638,train,30000,35380.06521027129,-5380.065210271292
599,train,120000,135785.4650068418,-15785.465006841812
3005,train,20000,14707.715433508121,5292.284566491879
253,train,12000,20129.763854899018,-8129.763854899018
143,train,8000,12412.628030413527,-4412.628030413527
1738,train,16000,18599.436049817057,-2599.436049817057
2341,train,11000,12097.870709667413,-1097.8707096674134
4219,train,9000,8054.325543349092,945.6744566509078
4486,train,12000,12386.867000289587,-386.86700028958694
3129,train,8500,11500.185636098257,-3000.1856360982565
3388,train,7500,15349.840413527378,-7849.840413527378
1122,train,40000,36924.166090920684,3075.833909079316
4370,train,30000,27472.61525329013,2527.3847467098713
51,train,7500,4364.002430999075,3135.997569000925
1770,train,10000,15997.65798765487,-5997.657987654869
3554,train,16000,12033.971403429568,3966.0285965704315
2564,train,14500,24278.34552013739,-9778.34552013739
3253,train,12000,12113.516330166982,-113.51633016698179
2319,train,60000,49669.11167588514,10330.888324114858
2254,train,17600,17014.763106098,585.2368939020016
2910,train,13000,13033.77558247822,-33.7755824782198
2929,train,42000,43312.588479091704,-1312.5884790917044
4378,train,12000,14635.730899016315,-2635.7308990163147
4351,train,8000,7889.893944963793,110.10605503620718
845,train,28000,53944.55778625326,-25944.55778625326
4130,train,12000,13732.997039480842,-1732.9970394808424
3691,train,5000,6638.018684027972,-1638.018684027972
674,train,32000,36634.63415302301,-4634.634153023013
1959,train,10000,6592.979350346231,3407.0206496537694
2752,train,7000,13076.284102424244,-6076.284102424244
1623,train,6500,7405.7028945132915,-905.7028945132915
3964,train,16000,23714.325704479656,-7714.3257044796555
4701,train,12500,12446.930925240937,53.06907475906337
1629,train,15000,15265.639919163414,-265.63991916341365
3085,train,16000,15471.586769978869,528.4132300211313
2354,train,17000,14231.988770250357,2768.0112297496435
4159,train,17500,18436.728696758542,-936.7286967585424
1621,train,18000,21584.825553800085,-3584.825553800085
4614,train,9500,10623.337019338333,-1123.3370193383325
1776,train,12000,14525.475585504173,-2525.475585504173
436,train,7000,11113.93790183206,-4113.93790183206
3384,train,16000,18228.359612226173,-2228.3596122261733
732,train,180000,103148.30731176077,76851.69268823923
415,train,5000,6435.745007018882,-1435.7450070188816
3271,train,13000,12373.586446609706,626.4135533902936
993,train,200000,268920.561383843,-68920.56138384301
2419,train,16000,22396.887777746746,-6396.887777746746
529,train,160000,34056.02237887193,125943.97762112807
1594,train,4500,8459.84597074712,-3959.8459707471193
52,train,5000,7226.54868033125,-2226.5486803312497
354,train,10000,9575.52956079722,424.47043920277974
1218,train,130000,88869.5486713224,41130.451328677605
3877,train,7000,4306.39573267717,2693.6042673228303
4282,train,7000,8197.043986780545,-1197.0439867805453
4648,train,15000,12667.087357448134,2332.912642551866
2894,train,23000,22489.039321413085,510.9606785869146
454,train,8500,7724.830793315463,775.1692066845371
2789,train,30000,24555.787850272543,5444.212149727457
995,train,48000,31490.476920554167,16509.523079445833
2764,train,15000,16116.093293964117,-1116.093293964117
152,train,5000,10252.901119179518,-5252.901119179518
813,train,45000,45583.546781740064,-583.546781740064
82,train,15000,12387.404027069859,2612.595972930141
1662,train,8000,10555.342591414523,-2555.3425914145228
2333,train,9000,14156.777958007067,-5156.777958007067
723,train,80000,95811.67674360181,-15811.676743601813
3863,train,15000,11562.651613794249,3437.348386205751
2832,train,8000,16578.111468415438,-8578.111468415438
695,train,17000,30026.082032159764,-13026.082032159764
2844,train,28000,21572.040017607585,6427.9599823924145
3760,train,8000,5429.93128370748,2570.0687162925196
4375,train,25000,27956.766497873894,-2956.766497873894
2608,train,32000,48058.61147745825,-16058.611477458253
2684,train,11000,11834.754327614688,-834.754327614688
1007,train,39000,27466.60905418188,11533.390945818119
4354,train,10000,13077.245512166372,-3077.2455121663716
1082,train,80000,43305.2518074476,36694.7481925524
2518,train,32000,20451.66788913931,11548.33211086069
1717,train,5500,8652.619430769433,-3152.619430769433
4639,train,80000,113103.35536085222,-33103.35536085222
3910,train,5500,5048.060890688662,451.93910931133814
4328,train,16500,19515.015714503104,-3015.0157145031044
3804,train,35000,30765.52842489944,4234.471575100561
1430,train,58000,54891.54850676991,3108.451493230088
3505,train,6500,5201.182330718327,1298.8176692816733
3364,train,12000,12080.530279280689,-80.53027928068877
2209,train,180000,57366.03280678494,122633.96719321507
4411,train,8000,8077.9431647135225,-77.94316471352249
2231,train,11000,11992.748172522337,-992.748172522337
2765,train,30000,15608.359520809403,14391.640479190597
2479,train,25000,29074.28132132089,-4074.28132132089
1404,train,50000,43154.19296697994,6845.807033020057
246,train,10000,16056.124412348321,-6056.124412348321
2711,train,100000,75359.63758506141,24640.362414938587
3541,train,10000,6386.426753646584,3613.573246353416
1916,train,14000,13273.96366373769,726.0363362623102
2562,train,10000,9785.056847486176,214.94315251382432
2831,train,40000,21791.187427075332,18208.812572924668
513,train,10000,14611.245208095494,-4611.245208095494
397,train,6000,4477.496502126267,1522.503497873733
581,train,28000,21846.486522588864,6153.513477411136
3311,train,280000,182699.10921245662,97300.89078754338
2130,train,24000,21560.337565448495,2439.6624345515047
3156,train,18000,18717.407825830265,-717.4078258302652
3837,train,12000,18455.773483941673,-6455.7734839416735
984,train,150000,170879.37759912753,-20879.377599127532
4193,train,30000,26509.614888565997,3490.385111434003
3598,train,15000,13399.214550602872,1600.785449397128
3665,train,15000,13978.380935851954,1021.6190641480462
244,train,15000,15561.377797702222,-561.3777977022219
327,train,7000,6750.025194874116,249.9748051258839
1569,train,12000,15360.368922055839,-3360.368922055839
4388,train,10000,14555.18529692313,-4555.1852969231295
3310,train,14500,13080.115544646265,1419.8844553537347
161,train,10000,8752.332146576882,1247.6678534231178
2198,train,7500,10375.783603680884,-2875.783603680884
3913,train,23000,11471.835940221661,11528.164059778339
1180,train,25000,26394.66807047479,-1394.6680704747887
4111,train,12000,14214.103324191034,-2214.1033241910336
1350,train,21000,19904.410915379558,1095.589084620442
4575,train,17500,16209.498319946191,1290.5016800538087
1794,train,120000,53551.04187523959,66448.95812476041
2859,train,40000,28631.728179140082,11368.271820859918
3161,train,16000,12846.4093896214,3153.5906103786
368,train,5000,4547.949102295626,452.0508977043737
4524,train,7500,12934.203643372217,-5434.203643372217
3686,train,25000,24169.8190645452,830.1809354547986
1697,train,25000,17717.969952744268,7282.030047255732
3358,train,4200,6974.469470538693,-2774.469470538693
4147,train,20000,23846.258316299212,-3846.2583162992123
3579,train,18000,17489.01141609654,510.9885839034614
3472,train,7000,15226.763284420751,-8226.763284420751
4145,train,10500,13777.685911452247,-3277.6859114522467
4103,train,14000,13165.42538055212,834.5746194478797
18,train,11000,10541.341031763668,458.65896823633193
2256,train,8000,11081.312327412057,-3081.312327412057
2561,train,15000,12448.307924648918,2551.692075351082
498,train,10500,13952.438481952,-3452.438481952
199,train,24000,12949.240989275817,11050.759010724183
1339,train,46700,39494.954679086106,7205.045320913894
657,train,160000,152433.40620589146,7566.593794108543
3893,train,14000,19391.78266937266,-5391.78266937266
2907,train,40000,32460.300705928534,7539.699294071466
139,train,15000,12776.724042777432,2223.2759572225677
3739,train,13500,14518.292995513513,-1018.2929955135132
518,train,5000,5701.518119922101,-701.5181199221006
1057,train,45000,39173.0128864762,5826.987113523799
4216,train,45000,44511.39244876728,488.60755123272247
3797,train,25000,19654.248853873833,5345.751146126167
3648,train,11000,12610.142250237948,-1610.1422502379482
958,train,50000,105311.93672430706,-55311.93672430706
1620,train,11000,8882.029522884279,2117.970477115721
430,train,5000,6324.293048668448,-1324.2930486684481
734,train,140000,216335.21122873394,-76335.21122873394
1865,train,20000,22907.04595743053,-2907.0459574305314
2664,train,30000,52216.18810650612,-22216.188106506117
3833,train,12000,13109.981857753955,-1109.9818577539554
440,train,8000,8647.17613838256,-647.1761383825597
4387,train,9000,11862.12106995389,-2862.1210699538897
2720,train,9000,8823.361090969489,176.63890903051106
2707,train,70000,83642.7839803127,-13642.783980312699
4174,train,25000,21752.047632391957,3247.9523676080426
4363,train,12000,13357.447632488655,-1357.4476324886546
974,train,98000,168556.9385006893,-70556.93850068931
3488,train,17000,28030.92997559309,-11030.929975593092
3461,train,25000,28826.748408791667,-3826.7484087916673
3264,train,14000,13405.912813326515,594.0871866734851
918,train,75000,41830.374228649016,33169.625771350984
3812,train,14000,11925.96689258393,2074.0331074160695
2956,train,52000,21205.616464391293,30794.383535608707
2551,train,8000,10266.801240740442,-2266.801240740442
1541,train,7000,7178.373410752305,-178.37341075230506
3048,train,13000,13843.274770820664,-843.2747708206643
4676,train,10000,11445.95915958,-1445.9591595799993
1191,train,55000,59052.61663177346,-4052.6166317734605
402,train,9000,8099.320423695189,900.6795763048112
4645,train,5000,5639.614643824761,-639.6146438247606
1646,train,8000,8913.360623768629,-913.360623768629
4525,train,25000,26895.574307503783,-1895.5743075037826
3605,train,17000,16815.137518689946,184.86248131005414
2485,train,17000,25569.938039350298,-8569.938039350298
4049,train,16000,12380.06254574215,3619.93745425785
3366,train,15723,20069.96134205645,-4346.961342056449
1514,train,17000,14257.240204017378,2742.7597959826217
1626,train,13000,10224.044663659102,2775.9553363408977
2252,train,4750,5528.345403963398,-778.345403963398
357,train,7000,6812.678512974299,187.32148702570066
4069,train,15000,23433.180297781855,-8433.180297781855
2572,train,200000,51594.43756699912,148405.5624330009
4661,train,65000,46406.47140012776,18593.52859987224
2976,train,27000,28037.184080592877,-1037.1840805928769
2136,train,8500,10181.749230019015,-1681.7492300190152
177,train,4000,8674.442289504015,-4674.442289504015
1325,train,26000,26984.893097233034,-984.8930972330345
1008,train,190000,156630.52522735985,33369.474772640155
2778,train,25000,21461.147158201326,3538.8528417986745
4547,train,7500,5947.638082394597,1552.3619176054026
3369,train,3000,5698.756752679688,-2698.7567526796884
166,train,8000,12412.69077818241,-4412.69077818241
2030,train,15000,25808.443517291496,-10808.443517291496
3459,train,15000,16821.087608830552,-1821.0876088305522
2034,train,22000,15921.0734821827,6078.926517817299
101,train,35000,38482.062036718846,-3482.062036718846
882,train,75000,39345.45256824985,35654.54743175015
2573,train,20000,22144.593615497568,-2144.593615497568
2265,train,7500,9376.424398946268,-1876.4243989462684
1239,train,100000,49623.56694164937,50376.43305835063
3816,train,18000,14244.437047072639,3755.562952927361
4276,train,19000,12479.809340096821,6520.190659903179
4637,train,14500,13793.057026677066,706.9429733229335
1009,train,84000,102385.15247325524,-18385.152473255235
3867,train,32500,34336.05693914971,-1836.056939149712
3267,train,8000,11572.261041110825,-3572.2610411108253
870,train,20000,23950.97112340151,-3950.9711234015085
90,train,18000,17311.26525204845,688.7347479515483
2311,train,26000,28617.206538686863,-2617.2065386868635
2049,train,4300,6662.788116063893,-2362.7881160638926
3906,train,11000,9896.845356128615,1103.154643871385
2796,train,10000,20497.43474403389,-10497.43474403389
34,train,22000,11456.300063202301,10543.699936797699
793,train,19000,15234.151535955312,3765.8484640446877
780,train,61000,71440.09753669697,-10440.097536696965
3675,train,24000,15504.331670884629,8495.668329115371
2075,train,140000,137809.44060746106,2190.5593925389403
1121,train,57000,146186.89393808323,-89186.89393808323
972,train,25000,29801.041925699574,-4801.041925699574
3880,train,9500,13743.960432125139,-4243.960432125139
1844,train,35000,37208.56102483416,-2208.561024834162
2288,train,8500,8766.34821746813,-266.3482174681303
3664,train,8500,11771.602575480354,-3271.602575480354
2598,train,12000,12077.551956953972,-77.55195695397197
1405,train,29000,27592.14178229194,1407.8582177080607
4405,train,15000,25225.44546059642,-10225.44546059642
2162,train,9000,8706.558100656204,293.44189934379574
1041,train,75000,65193.71933213047,9806.280667869527
3980,train,300000,54265.701289626675,245734.29871037332
2884,train,9000,17984.1768851406,-8984.176885140601
314,train,7000,8038.371801463442,-1038.3718014634424
1164,train,45000,45901.82693308588,-901.826933085882
1990,train,16000,15834.718637336438,165.2813626635616
4602,train,13000,14084.909952843336,-1084.9099528433362
1831,train,9000,5767.315757837113,3232.684242162887
54,train,11000,11312.007400715798,-312.0074007157982
1272,train,330000,149340.95672848256,180659.04327151744
2196,train,16000,17617.05113023705,-1617.0511302370505
2742,train,40000,36709.593649497205,3290.4063505027952
1788,train,7000,6686.852447360293,313.1475526397071
3235,train,6500,8475.054104094252,-1975.0541040942517
2476,train,35000,41572.718850605015,-6572.718850605015
3157,train,9500,12204.01669908012,-2704.016699080121
2566,train,24000,22539.33435008324,1460.6656499167584
3279,train,100000,80735.58217152511,19264.417828474892
3731,train,12000,13691.22979885348,-1691.2297988534792
3986,train,10000,12505.031083280275,-2505.031083280275
1696,train,43000,43505.13940040654,-505.1394004065369
1464,train,25000,20797.240235985693,4202.759764014307
1203,train,27000,31194.695642813076,-4194.695642813076
2634,train,4500,9052.421146218867,-4552.421146218867
3262,train,5250,5667.216586080571,-417.2165860805708
2822,train,6500,11277.64816906096,-4777.64816906096
2891,train,55000,50555.73835331088,4444.2616466891195
1533,train,7000,8136.989276294063,-1136.9892762940626
3822,train,11500,8835.717227838171,2664.2827721618287
1926,train,20000,20390.000948176417,-390.0009481764173
1753,train,20000,26903.121338438737,-6903.121338438737
3525,train,40000,25220.150729084762,14779.849270915238
1498,train,61500,75512.73447905421,-14012.734479054212
1807,train,15000,12609.54621146469,2390.4537885353093
3989,train,9000,10861.22989077882,-1861.2298907788208
3050,train,12000,13853.467147460653,-1853.467147460653
3283,train,18000,15386.862625685644,2613.137374314356
2991,train,25000,25327.782488946308,-327.78248894630815
4307,train,36000,16789.557383942345,19210.442616057655
2229,train,11500,11113.266577344171,386.7334226558287
242,train,7500,7844.623567469923,-344.6235674699228
782,train,42000,82781.07733450574,-40781.07733450574
2410,train,13500,16879.30931894783,-3379.3093189478313
4207,train,8000,5871.096966512693,2128.903033487307
960,train,65000,74729.6024702842,-9729.602470284197
4545,train,47000,48265.53424608283,-1265.5342460828324
3402,train,19000,13301.348105907255,5698.651894092745
801,train,45000,34725.164548265486,10274.835451734514
2825,train,7500,10435.961114391923,-2935.961114391923
4319,train,13000,13548.007008879002,-548.0070088790017
3636,train,10000,8344.632451298616,1655.3675487013843
232,train,35000,28432.936885373747,6567.063114626253
1144,train,47000,53411.3947022665,-6411.394702266502
2534,train,30000,28938.375321013737,1061.6246789862635
1059,train,50000,45657.855016796835,4342.144983203165
504,train,25000,12734.86566401577,12265.13433598423
751,train,92500,94580.45921249798,-2080.4592124979827
4038,train,26000,25774.172370299522,225.8276297004777
3097,train,8000,7226.141132759375,773.8588672406249
4584,train,13000,8940.427933970584,4059.5720660294155
2027,train,12000,12108.132259357773,-108.13225935777336
4263,train,6000,7180.228415619113,-1180.2284156191126
4340,train,8000,10823.696612768044,-2823.6966127680444
3350,train,21000,17662.75294688861,3337.2470531113904
823,train,69999,84682.88916300755,-14683.889163007552
1644,train,13000,14138.085198841593,-1138.0851988415925
2536,train,80000,75156.05297108278,4843.947028917217
3983,train,27000,49652.74111874322,-22652.741118743223
4170,train,10000,12364.989220101119,-2364.989220101119
346,train,20000,21078.15927102543,-1078.15927102543
1048,train,94000,46166.80832143843,47833.19167856157
343,train,9500,6100.420880326442,3399.579119673558
1682,train,23000,24481.27129499583,-1481.2712949958295
2275,train,8500,6194.598977815336,2305.401022184664
516,train,7500,6975.895521539264,524.1044784607357
781,train,70000,99688.40186466358,-29688.40186466358
2363,train,35000,44825.209249220636,-9825.209249220636
2020,train,14000,18073.293366875245,-4073.293366875245
4579,train,9000,9140.5108844093,-140.51088440929925
12,train,6500,6974.090047152759,-474.0900471527593
3624,train,34999,39038.97763639174,-4039.977636391741
3929,train,30000,25475.59658519685,4524.40341480315
256,train,5000,8262.16418910607,-3262.16418910607
2804,train,12000,14935.527155082931,-2935.527155082931
3993,train,49000,38422.16029853608,10577.83970146392
4268,train,9500,11697.415198171742,-2197.4151981717423
3999,train,18000,18874.53998670343,-874.5399867034284
656,train,18000,22725.17155812334,-4725.17155812334
105,train,6000,7937.207863279737,-1937.2078632797366
3814,train,33000,36391.659614679615,-3391.6596146796146
1056,train,57000,48922.02633931108,8077.97366068892
3089,train,10000,12220.178413182308,-2220.178413182308
1448,train,34000,23095.02566939152,10904.974330608478
3118,train,17500,16763.74252950828,736.2574704917206
3349,train,14000,11405.509878694615,2594.4901213053854
4700,train,6000,5690.714021082075,309.2859789179247
1432,train,45000,50817.49455435724,-5817.494554357239
4589,train,44000,43309.724067868745,690.2759321312551
25,train,7000,8870.026030554645,-1870.0260305546453
4482,train,6800,7026.9769228018085,-226.97692280180854
3625,train,7000,8812.79946049106,-1812.79946049106
4397,train,13000,14421.984045909772,-1421.9840459097722
104,train,180000,11597.279042258991,168402.720957741
3722,train,9000,12939.215890155792,-3939.2158901557923
332,train,20000,23696.181543881037,-3696.181543881037
4088,train,140000,141824.99520622706,-1824.9952062270604
4317,train,16000,14798.144268322598,1201.8557316774022
168,train,6500,8177.358933347102,-1677.3589333471018
817,train,40000,40526.29178881576,-526.2917888157608
2016,train,10000,7224.4911309415875,2775.5088690584125
3857,train,12000,12609.434816346962,-609.4348163469622
4106,train,14000,12673.74218482531,1326.2578151746893
4071,train,12000,13020.676312678364,-1020.6763126783644
500,train,12000,8722.439486485768,3277.5605135142323
4237,train,28000,19692.542053394136,8307.457946605864
1522,train,10500,13211.057262814795,-2711.0572628147947
1094,train,20000,19916.111392263512,83.88860773648776
3529,train,8000,10460.615941332406,-2460.615941332406
2450,train,22000,30671.75087298818,-8671.750872988181
621,train,34000,30330.318905396638,3669.681094603362
1215,train,21000,29147.736143001097,-8147.736143001097
2331,train,18000,16014.653205440696,1985.3467945593038
1304,train,18500,13106.525293324861,5393.474706675139
391,train,8500,9921.795305188723,-1421.7953051887234
1172,train,180000,270450.6302025541,-90450.63020255411
2382,train,65000,64022.30562018505,977.6943798149514
3921,train,75000,60386.23594998594,14613.764050014062
2952,train,40000,25427.015859722953,14572.984140277047
3399,train,19000,16357.4207239812,2642.5792760187996
2499,train,9000,8085.72946866181,914.2705313381903
1505,train,9500,9716.712269508616,-216.71226950861637
1759,train,18000,13291.047392599012,4708.952607400988
2019,train,17000,24521.14899594059,-7521.148995940592
4270,train,30000,34746.89005361675,-4746.890053616749
439,train,6500,8414.605771125125,-1914.605771125125
2466,train,75000,41166.32878256255,33833.67121743745
4422,train,6000,6746.598192205724,-746.5981922057244
476,train,14000,11840.245216065852,2159.754783934148
792,train,18000,15684.390713359242,2315.609286640758
1018,train,65000,48618.283777379955,16381.716222620045
172,train,7000,4528.960399638346,2471.0396003616543
1847,train,10000,11064.994083599775,-1064.994083599775
1475,train,90000,59619.49771594995,30380.502284050053
633,train,210000,92413.18372691545,117586.81627308455
79,train,8000,5684.1139117484745,2315.8860882515255
2304,train,12000,10890.595656404774,1109.4043435952262
4475,train,22000,16334.416037667941,5665.583962332059
4528,train,7500,12617.156439951617,-5117.156439951617
2178,train,6500,8216.550454798049,-1716.550454798049
2338,train,28000,24816.054237487955,3183.945762512045
1241,train,100000,132288.50439354448,-32288.504393544485
4376,train,8500,6783.451895478304,1716.5481045216957
857,train,190000,103632.02029831382,86367.97970168618
4017,train,10000,13696.774340516567,-3696.7743405165675
2370,train,16000,26005.372580704243,-10005.372580704243
2670,train,25000,29267.4917869458,-4267.4917869458
2906,train,19000,17082.403410304847,1917.596589695153
3307,train,6500,7766.736669138114,-1266.736669138114
1915,train,7000,6934.721541851956,65.27845814804368
567,train,32000,36725.278887683344,-4725.278887683344
4713,train,8000,7724.937077017306,275.06292298269364
3015,train,9000,10835.806653087617,-1835.8066530876167
4142,train,65000,35776.73549287263,29223.264507127373
961,train,33000,38116.51040427951,-5116.5104042795065
1184,train,100000,157327.5916944864,-57327.591694486386
4295,train,8500,6645.549713782527,1854.4502862174731
1090,train,280000,323090.92705320515,-43090.927053205145
2802,train,22000,18301.332414981996,3698.6675850180036
3984,train,10000,10899.771288961636,-899.771288961636
3295,train,9000,12241.58484912297,-3241.58484912297
2519,train,20000,17151.30684224131,2848.693157758691
3792,train,18000,13787.365759718741,4212.634240281259
710,train,6500,30339.63256111631,-23839.63256111631
2998,train,10000,9562.630674316424,437.3693256835759
3808,train,15000,9215.702883813974,5784.297116186026
3905,train,11000,11246.219022885758,-246.21902288575802
1118,train,50000,58750.66548472944,-8750.665484729441
1677,train,10000,7960.390321658243,2039.609678341757
2361,train,11000,8337.245835532656,2662.754164467344
988,train,41000,46985.94279011309,-5985.942790113091
562,train,25000,24291.91360915258,708.0863908474203
66,train,5000,4838.205178144722,161.79482185527831
3191,train,15000,13604.39801105152,1395.6019889484796
3037,train,10000,15493.631766156217,-5493.631766156217
3926,train,24000,24979.691880570143,-979.6918805701425
3564,train,20000,11072.4266689089,8927.5733310911
3835,train,8000,11695.799868513302,-3695.7998685133025
4165,train,10000,8125.116435758135,1874.8835642418653
515,train,65000,24342.522927390244,40657.477072609756
91,train,12000,7983.486321481926,4016.513678518074
4315,train,25000,16445.99337355085,8554.00662644915
1957,train,15000,30935.35223221841,-15935.35223221841
2432,train,38000,16344.166529631766,21655.833470368234
1954,train,15000,16157.093404688694,-1157.0934046886941
4157,train,7000,13592.434413827286,-6592.434413827286
1803,train,20000,24525.886702638876,-4525.886702638876
3458,train,17000,13649.089556867919,3350.910443132081
3116,train,40000,46576.75079832867,-6576.7507983286705
251,train,6000,7244.389281168511,-1244.389281168511
4583,train,25000,20236.49713245303,4763.502867546969
527,train,14000,24287.031046559932,-10287.031046559932
938,train,32000,31142.134884559666,857.8651154403342
1777,train,9000,9409.749118957494,-409.7491189574939
876,train,40000,64848.90325297308,-24848.903252973083
3763,train,85000,52805.187873320145,32194.812126679855
1210,train,55000,58577.35545049044,-3577.3554504904387
1728,train,23000,13928.2745763938,9071.7254236062
3115,train,25000,20034.706600252084,4965.293399747916
2305,train,14000,10800.479008476292,3199.5209915237083
2740,train,45000,49857.527930294134,-4857.527930294134
3769,train,32000,23971.230159152707,8028.769840847293
1914,train,13000,11736.86488290661,1263.1351170933904
1457,train,42000,44986.49896417329,-2986.49896417329
3704,train,6500,8178.792479522232,-1678.7924795222316
1427,train,400000,427448.8550451553,-27448.855045155273
3354,train,25000,16928.70796311431,8071.29203688569
3273,train,11000,8633.56719519907,2366.43280480093
437,train,5000,5215.28485457173,-215.28485457172974
3460,train,3500,7793.2158270499185,-4293.2158270499185
3149,train,19000,15351.94382796134,3648.0561720386595
909,train,50000,52582.73868636381,-2582.7386863638094
2213,train,22000,15270.43275544981,6729.56724455019
769,train,110000,55270.631673722106,54729.368326277894
1968,train,13000,12901.193933522192,98.80606647780769
3824,train,12000,24320.902391040283,-12320.902391040283
37,train,7000,6405.398130765643,594.6018692343569
3638,train,12500,8435.16883158632,4064.8311684136806
1678,train,8000,12011.386590436203,-4011.386590436203
4084,train,35000,28655.71252862151,6344.287471378491
2576,train,9500,16163.215371484275,-6663.215371484275
434,train,22000,16299.420592622355,5700.579407377645
936,train,48000,38702.64193881502,9297.358061184983
856,train,150000,224566.6091581178,-74566.60915811779
4717,train,16000,18210.585361023437,-2210.585361023437
377,train,5000,6248.850307995052,-1248.8503079950524
2427,train,80000,59014.32738917284,20985.67261082716
144,train,8000,10342.853553796778,-2342.853553796778
4474,train,6500,4266.935616020473,2233.0643839795266
4444,train,16000,19700.60274775952,-3700.60274775952
3643,train,15000,10978.40518579439,4021.5948142056095
2024,train,130000,92382.75185523742,37617.248144762576
2770,train,22000,24148.69323865813,-2148.6932386581284
3341,train,33000,30290.57369720518,2709.426302794818
3256,train,11000,11538.645732239489,-538.645732239489
4695,train,10500,5767.135305862435,4732.864694137565
546,train,100000,53900.702810525814,46099.297189474186
1307,train,80000,82340.45929094081,-2340.4592909408093
3576,train,7000,7099.203646677205,-99.20364667720514
423,train,12000,7481.050889934331,4518.949110065669
1723,train,15000,17567.723318776607,-2567.723318776607
2298,train,13000,11722.057536558143,1277.9424634418574
307,train,9000,8996.1186949091,3.881305090899332
2284,train,16000,18320.8161318215,-2320.816131821499
544,train,150000,35819.93718305486,114180.06281694514
2093,train,8500,10370.922105127649,-1870.922105127649
779,train,190000,122586.93187965226,67413.06812034774
2672,train,28000,44465.75576827242,-16465.755768272422
2177,train,9500,14437.8197310729,-4937.819731072899
585,train,24000,29845.01454544358,-5845.014545443581
2203,train,16000,13032.984182740203,2967.0158172597967
4631,train,10000,8090.381166248221,1909.6188337517788
2456,train,20500,18880.53126799391,1619.4687320060912
4239,train,12500,14428.165864968638,-1928.1658649686378
2911,train,44000,49959.278774193815,-5959.2787741938155
1956,train,10000,9850.283774878779,149.7162251212212
2405,train,15000,17702.535928802885,-2702.535928802885
2899,train,11500,16773.924770687463,-5273.924770687463
3053,train,10000,11820.627223585121,-1820.627223585121
4346,train,30000,23102.809053218705,6897.190946781295
2833,train,95000,69615.53747297142,25384.462527028576
1967,train,6000,8547.300767564166,-2547.3007675641657
138,train,8500,9744.746990200103,-1244.746990200103
2431,train,35000,20378.806690181093,14621.193309818907
2977,train,12500,19913.186487743653,-7413.186487743653
1731,train,12000,14346.105440207226,-2346.105440207226
3502,train,17000,13051.984913930719,3948.015086069281
4691,train,7500,9632.394395519936,-2132.3943955199356
3427,train,30000,24393.42943758617,5606.570562413832
1884,train,22000,19673.050280160263,2326.9497198397366
1687,train,39000,29914.95249926734,9085.04750073266
1106,train,27000,31893.20820634536,-4893.20820634536
4260,train,11500,12698.411891481506,-1198.4118914815062
715,train,16000,15251.712629808979,748.2873701910212
1332,train,39000,27468.348307524357,11531.651692475643
4225,train,25000,13875.643741924745,11124.356258075255
3649,train,10000,9968.403534681685,31.596465318314586
1377,train,32000,39537.160040427196,-7537.160040427196
157,train,12000,15738.98707611891,-3738.9870761189104
198,train,9000,8793.42620269542,206.57379730457978
1039,train,30000,20786.639743659794,9213.360256340206
4353,train,15000,18883.45408750149,-3883.45408750149
3672,train,18000,12967.10633524701,5032.89366475299
760,train,45000,42791.42687060837,2208.5731293916324
23,train,6500,10546.750730858543,-4046.7507308585427
1542,train,9000,8543.509530558887,456.4904694411125
4559,train,8000,5596.3810289223775,2403.6189710776225
4680,train,6500,7433.166245292756,-933.1662452927558
3101,train,14000,26517.93437019303,-12517.93437019303
931,train,55000,47830.33231110109,7169.66768889891
1520,train,14500,13436.515547716232,1063.4844522837684
4506,train,8000,11205.883439219504,-3205.883439219504
2480,train,8000,10284.013033424208,-2284.0130334242076
2064,train,21000,23827.34396669849,-2827.3439666984887
3708,train,17000,12247.182079107368,4752.817920892632
1531,train,13000,11380.686090796962,1619.3139092030378
3895,train,10500,7854.15252347506,2645.8474765249402
525,train,45000,30216.526688393726,14783.473311606274
1661,train,13000,12789.688597548069,210.31140245193092
639,train,100000,110378.5267061301,-10378.526706130098
3705,train,10000,10843.592374570115,-843.5923745701148
3258,train,17500,17142.08804451115,357.91195548884934
2200,train,75000,44727.514231578396,30272.485768421604
3044,train,15000,13392.74808799092,1607.2519120090801
1509,train,13000,11040.550006340327,1959.449993659673
1070,train,65000,103385.53891768596,-38385.53891768596
419,train,6000,5109.452008324011,890.5479916759887
3135,train,10000,11430.182588135749,-1430.182588135749
1467,train,110000,78703.43760344891,31296.56239655109
1952,train,15000,13524.865730330748,1475.1342696692518
2226,train,5500,11541.365590081516,-6041.365590081516
2175,train,9500,12833.41671409765,-3333.4167140976497
1267,train,6000,22667.595363274595,-16667.595363274595
2041,train,60000,45128.31904489139,14871.680955108612
3549,train,10000,13401.298535486401,-3401.2985354864013
3208,train,13000,15914.694090536745,-2914.6940905367446
4722,train,13000,12837.181146238492,162.81885376150785
3711,train,11500,16215.968659406035,-4715.968659406035
4417,train,25000,21515.38845155833,3484.6115484416696
3761,train,220000,145047.2105445734,74952.7894554266
4484,train,12000,17915.031187933928,-5915.031187933928
2323,train,18000,21593.973087787355,-3593.9730877873553
1577,train,21000,29458.590566228268,-8458.590566228268
392,train,35000,29112.516495544674,5887.483504455326
3441,train,28000,22779.156862687763,5220.843137312237
4543,train,11000,11034.100847689677,-34.10084768967681
3076,train,20500,15312.17757897328,5187.82242102672
951,train,36000,35602.901950856765,397.0980491432347
404,train,8000,20265.100539948806,-12265.100539948806
2823,train,17000,26960.410184265787,-9960.410184265787
1079,train,95000,55306.28438209352,39693.71561790648
1718,train,10000,13172.016345961976,-3172.016345961976
1484,train,78000,55203.482221156846,22796.517778843154
321,train,12000,12557.575609226638,-557.5756092266383
2944,train,7000,10002.273640300922,-3002.273640300922
4318,train,15000,7535.052780001494,7464.947219998506
2585,train,70000,54173.415196959875,15826.584803040125
1878,train,45000,48399.20993753355,-3399.209937533553
4677,train,9000,13117.055901088588,-4117.055901088588
2066,train,28000,34676.67665763398,-6676.67665763398
3582,train,15000,12834.036914865499,2165.963085134501
643,train,18000,20687.46200654574,-2687.4620065457384
2603,train,35000,45498.268291508255,-10498.268291508255
4597,train,9500,16899.994346211144,-7399.994346211144
2704,train,7500,9904.412175903228,-2404.4121759032278
712,train,38000,37216.20518978448,783.7948102155206
14,train,8500,14666.29854457874,-6166.29854457874
962,train,27000,39851.175653082646,-12851.175653082646
401,train,15000,12424.46531862883,2575.5346813711694
2554,train,7500,9049.480060392083,-1549.480060392083
4289,train,12000,9201.166789751893,2798.833210248107
2487,train,16000,17159.059645135876,-1159.059645135876
3257,train,11000,13118.631310779248,-2118.6313107792485
2873,train,15000,7700.737803890546,7299.262196109454
2953,train,8500,8892.674485624706,-392.674485624706
3788,train,22999,21989.76368605371,1009.2363139462905
2073,train,10000,14564.724960640702,-4564.724960640702
3447,train,22000,15143.468776380218,6856.531223619782
3858,train,17000,12588.165930890475,4411.834069109525
1192,train,90000,72110.93729869917,17889.062701300834
1766,train,10000,13717.634570507757,-3717.6345705077565
156,train,7000,7545.061811570551,-545.0618115705511
1936,train,31000,24417.948965112362,6582.051034887638
3172,train,11000,12450.393615973253,-1450.393615973253
1725,train,12000,13595.487345900628,-1595.4873459006285
2397,train,60000,48587.574088271576,11412.425911728424
442,train,6000,8669.591069725113,-2669.591069725113
1790,train,8500,12559.140847998571,-4059.140847998571
4367,train,21467,6714.2036707407215,14752.79632925928
4520,train,45000,51588.27511700546,-6588.275117005462
466,train,6500,7015.282203373275,-515.2822033732746
3718,train,60000,73853.4497235714,-13853.449723571393
362,train,8000,12210.341071012193,-4210.341071012193
1270,train,280000,191342.74149331584,88657.25850668416
48,train,30000,16154.110466414446,13845.889533585554
2521,train,35000,25685.42123293168,9314.57876706832
4643,train,7500,6655.900008917063,844.0999910829369
2242,train,14000,16432.629842270904,-2432.629842270904
4199,train,22500,20910.227123454602,1589.7728765453976
820,train,50000,43157.96437047569,6842.035629524311
1468,train,20000,28322.72159193099,-8322.72159193099
2180,train,25000,20334.596261415478,4665.403738584522
3052,train,36000,24921.394345248507,11078.605654751493
982,train,250000,292470.4116240903,-42470.41162409028
92,train,9000,7730.894990930679,1269.1050090693207
867,train,170000,190430.14222955782,-20430.142229557823
4321,train,12000,11955.73781614399,44.26218385600987
1227,train,130000,88342.43431336165,41657.56568663835
1734,train,32000,30464.447439564334,1535.5525604356662
597,train,14000,44104.6729305119,-30104.6729305119
3904,train,11000,12751.801634169466,-1751.8016341694656
2313,train,14000,10843.57562025329,3156.4243797467097
2908,train,8000,7273.73761138148,726.2623886185202
3022,train,6500,5813.768509495136,686.2314905048643
1761,train,31000,28153.380840796828,2846.619159203172
702,train,21000,40174.64563898668,-19174.64563898668
3800,train,15000,13604.90045478728,1395.0995452127208
4230,train,14000,12053.162837596392,1946.837162403608
4702,train,26000,17837.651431094306,8162.348568905694
1312,train,60000,45502.29606382838,14497.703936171623
2996,train,23000,15376.091263732524,7623.908736267476
603,train,62000,92252.17441868088,-30252.17441868088
2096,train,8000,7358.763328549812,641.2366714501877
2735,train,7500,11245.643004481539,-3745.643004481539
784,train,60000,52018.34148541589,7981.658514584109
2268,train,14000,10011.034960399904,3988.965039600096
2433,train,16000,16630.083733460007,-630.0837334600074
4658,train,11000,12996.905255884649,-1996.9052558846488
4057,train,20000,17049.704292311762,2950.2957076882376
1344,train,88000,49018.09748211333,38981.90251788667
4480,train,15000,17277.288501523784,-2277.2885015237844
1388,train,200000,90718.21729165092,109281.78270834908
1529,train,28000,34719.56141473796,-6719.56141473796
2933,train,17000,17519.191770703306,-519.1917707033062
783,train,27000,21407.371963563426,5592.628036436574
4561,train,17000,14109.429854239273,2890.5701457607265
911,train,62000,59439.803027895185,2560.1969721048154
1061,train,100000,87191.04501299141,12808.95498700859
878,train,15000,24286.527082960907,-9286.527082960907
342,train,8500,6701.8269735573695,1798.1730264426305
2739,train,44300,28146.11022067846,16153.88977932154
1539,train,65000,58026.581034005416,6973.418965994584
1199,train,300000,266510.4876075192,33489.5123924808
897,train,51000,50029.53215669436,970.4678433056397
3013,train,7000,8451.670150560802,-1451.6701505608016
4194,train,16500,24222.860327794075,-7722.860327794075
1085,train,44000,36783.29759020377,7216.702409796228
2937,train,27000,23489.939225755264,3510.0607742447355
3842,train,25000,19756.94062537772,5243.05937462228
1141,train,35000,49893.77972786162,-14893.77972786162
2091,train,6500,5530.439542923932,969.5604570760679
3774,train,10000,7807.264472564571,2192.7355274354286
122,train,6800,6104.599828948477,695.4001710515231
3371,train,18000,13767.040324602629,4232.959675397371
880,train,25000,23558.784801868842,1441.215198131158
2717,train,14000,17939.327978746027,-3939.327978746027
2992,train,10000,11527.525115384953,-1527.525115384953
3901,train,9500,13951.187089010746,-4451.187089010746
1571,train,9000,8107.04223513301,892.9577648669901
1259,train,38000,57340.15673298264,-19340.156732982643
4452,train,6000,8010.736752095587,-2010.7367520955868
3630,train,200000,70704.48352245653,129295.51647754347
3595,train,9000,6946.311913260513,2053.6880867394866
303,train,12000,9011.401863872594,2988.598136127406
659,train,55000,46102.1390366157,8897.8609633843
1784,train,25000,22224.51642940249,2775.4835705975092
1866,train,11000,16766.79666883574,-5766.796668835741
2676,train,10000,12096.136973597748,-2096.136973597748
1998,train,12500,17891.298396499882,-5391.298396499882
4108,train,37000,22043.35732019004,14956.64267980996
4241,train,10000,12644.164409171102,-2644.1644091711023
3222,train,75000,48125.5555733166,26874.444426683403
1488,train,65000,51919.00388157051,13080.996118429488
1810,train,9750,10350.817639449302,-600.8176394493021
4490,train,23000,24888.04032457363,-1888.0403245736306
4064,train,14000,16348.711380640392,-2348.7113806403922
728,train,55000,72631.25110399681,-17631.25110399681
1198,train,70000,77036.2583826142,-7036.258382614207
1800,train,10000,14571.625538848817,-4571.625538848817
3746,train,11000,14623.599591873246,-3623.599591873246
3750,train,7000,8415.672925454937,-1415.6729254549373
4437,train,9000,4865.661629866649,4134.338370133351
2727,train,15000,13990.874142868497,1009.1258571315029
141,train,13000,8134.002173095955,4865.997826904045
16,train,6000,6139.549706318387,-139.5497063183866
335,train,14000,13557.766571712516,442.23342828748355
4662,train,60000,28000.660184322584,31999.339815677416
1856,train,15000,13948.561713713221,1051.4382862867787
1021,train,500000,389479.45011638536,110520.54988361464
1102,train,180000,86309.09228006327,93690.90771993673
1341,train,280000,221941.90489832973,58058.095101670275
4218,train,15000,13425.32768002393,1574.6723199760709
60,train,5000,5085.9567819021995,-85.95678190219951
2002,train,9000,8810.251247996557,189.74875200344286
452,train,12000,9588.138613034445,2411.8613869655546
475,train,6000,8677.830241588752,-2677.830241588752
2596,train,18000,16623.55830177834,1376.4416982216608
3158,train,12000,13312.333992616139,-1312.3339926161389
4709,train,12000,11191.496925363901,808.503074636099
2964,train,6000,8266.641732048936,-2266.6417320489363
2307,train,11000,12211.69322301818,-1211.6932230181792
212,train,12000,13973.311122760922,-1973.3111227609224
1328,train,35000,34161.59635780654,838.4036421934579
1946,train,12000,12751.681277469299,-751.681277469299
388,train,15000,11909.347703046724,3090.652296953276
1597,train,8000,7768.75135519007,231.24864480992983
2797,train,15000,13267.961209903924,1732.038790096076
3423,train,6300,6116.805467841049,183.194532158951
1478,train,380000,259169.13162122652,120830.86837877348
1246,train,72000,80397.58137953743,-8397.581379537427
4021,train,35000,25523.331306380125,9476.668693619875
4287,train,8000,7023.60671833539,976.3932816646102
2539,train,10500,18005.818025242257,-7505.818025242257
322,train,3200,4087.5011186274482,-887.5011186274482
1897,train,18000,19087.10163166979,-1087.1016316697896
4139,train,10000,5906.22815160449,4093.7718483955096
819,train,11000,14341.93982748959,-3341.9398274895902
664,train,25500,40742.67452340233,-15242.674523402333
3860,train,19500,18022.500702516867,1477.499297483133
282,train,17500,10267.528812407729,7232.471187592271
4420,train,15000,13286.597975550812,1713.4020244491876
3212,train,12000,9963.170256696505,2036.829743303495
2856,train,25000,25859.188477573232,-859.1884775732324
3151,train,16000,19036.06216197758,-3036.062161977581
3338,train,13500,14038.98977641078,-538.9897764107809
1240,train,13000,20835.26694781596,-7835.266947815959
1149,train,85000,79226.4160057436,5773.583994256405
1105,train,37000,53723.89958700951,-16723.89958700951
566,train,75000,53753.25102200711,21246.748977992887
3567,train,25000,36239.64642770151,-11239.646427701511
4435,train,25000,15463.412556405392,9536.587443594608
1983,train,7000,6514.821953694525,485.1780463054747
3717,train,45000,35369.594446782896,9630.405553217104
2776,train,13000,17437.647590340166,-4437.647590340166
380,train,40000,24897.16899134525,15102.83100865475
2104,train,100000,43951.68707358679,56048.31292641321
3742,train,5000,6179.3936609565935,-1179.3936609565935
4240,train,25000,24776.419058319152,223.5809416808479
2615,train,8500,14372.690058635379,-5872.690058635379
3040,train,24000,12791.500665219046,11208.499334780954
2339,train,55000,36304.669319940185,18695.330680059815
1423,train,32000,58638.18742390114,-26638.187423901138
3619,train,12000,14093.790314165624,-2093.7903141656243
1379,train,100000,146097.1148739836,-46097.114873983606
2951,train,45000,32557.858036048096,12442.141963951904
3768,train,24000,36426.4282137698,-12426.428213769803
2035,train,14000,15546.643762481395,-1546.6437624813952
2207,train,30000,41519.15722227724,-11519.157222277237
1374,train,270000,193407.32308459238,76592.67691540762
2474,train,13000,10362.0813809318,2637.9186190681994
4616,train,20000,31883.762380533048,-11883.762380533048
727,train,130000,204880.97450217805,-74880.97450217805
746,train,33000,32568.398371660875,431.60162833912545
2660,train,37000,79768.1176526765,-42768.117652676505
1848,train,9000,11166.523516839945,-2166.523516839945
4342,train,8000,10012.216303183877,-2012.2163031838772
1063,train,52000,39497.14836819322,12502.851631806778
578,train,300000,330576.8516404212,-30576.8516404212
2612,train,60000,56557.73214353141,3442.267856468592
231,train,16000,14451.876646302138,1548.1233536978616
3046,train,9000,11746.160622217914,-2746.1606222179144
2986,train,20000,30458.53398578294,-10458.533985782939
2997,train,10000,12490.736553287727,-2490.7365532877266
2637,train,23000,25192.07808719395,-2192.0780871939496
547,train,60000,67659.35311745563,-7659.3531174556265
2855,train,100000,61882.82770389062,38117.17229610938
38,train,21000,11679.184890547413,9320.815109452587
3741,train,15000,12852.231126886645,2147.768873113355
1671,train,12000,14389.06273695952,-2389.0627369595204
4705,train,16000,20347.692805133902,-4347.692805133902
1538,train,45000,43894.8817491983,1105.118250801701
312,train,10000,5057.000461052858,4942.999538947142
2443,train,30000,18361.662465827067,11638.337534172933
4619,train,15000,14615.614840488253,384.3851595117467
688,train,45002,43721.66769221347,1280.332307786528
4585,train,20000,17770.018848973505,2229.9811510264954
1010,train,68000,84218.95027888229,-16218.950278882287
4320,train,12000,14346.819178369127,-2346.8191783691273
2261,train,18000,23187.92244398321,-5187.9224439832105
4258,train,12000,13924.114867301616,-1924.114867301616
2185,train,15000,19594.683968858633,-4594.683968858633
4466,train,42000,28034.568387977037,13965.431612022963
968,train,42000,47445.740289513924,-5445.740289513924
2813,train,8000,10000.012466547123,-2000.012466547123
2548,train,20000,11778.337023574119,8221.662976425881
3666,train,8200,13425.09779074985,-5225.097790749851
3973,train,12000,14044.774288019436,-2044.7742880194364
2630,train,7000,10434.321874270947,-3434.321874270947
4044,train,14000,14195.64422327293,-195.6442232729296
3504,train,39000,22050.771037592218,16949.228962407782
1181,train,56000,58978.681772857046,-2978.681772857046
3143,train,18000,19961.516094797793,-1961.516094797793
2344,train,12000,12695.258530226283,-695.2585302262833
1483,train,32000,36498.342756638885,-4498.3427566388855
976,train,65000,42733.01472888785,22266.98527111215
2351,train,20000,34818.0521577502,-14818.0521577502
4344,train,7500,11722.40817297103,-4222.408172971031
1248,train,130000,147953.48722885764,-17953.487228857644
85,train,10000,5355.3521790384675,4644.6478209615325
1653,train,10000,10206.27656655722,-206.27656655722058
486,train,10000,30170.492890377795,-20170.492890377795
4558,train,11000,11172.145705254477,-172.14570525447743
905,train,16500,29524.27206193216,-13024.272061932159
2531,train,16000,18003.316100410746,-2003.316100410746
1890,train,38000,33770.323976767584,4229.676023232416
4669,train,16000,18484.60779095283,-2484.6077909528285
3337,train,9500,11326.924417232109,-1826.9244172321087
853,train,83000,105517.59427915659,-22517.59427915659
194,train,5000,5986.222451173225,-986.2224511732247
2208,train,65000,60697.726622710674,4302.273377289326
1598,train,6000,7975.761526771207,-1975.7615267712072
3006,train,6500,7543.271303061203,-1043.271303061203
2,train,17000,10811.79339532029,6188.20660467971
2949,train,25000,18729.921347695363,6270.078652304637
4625,train,15000,8240.751209412085,6759.248790587915
2362,train,20000,15256.65430980232,4743.345690197681
4443,train,10500,13384.419577687366,-2884.4195776873657
1230,train,160000,119106.52817779577,40893.47182220423
929,train,20000,24192.65568662244,-4192.655686622438
2003,train,5500,16432.03293242062,-10932.032932420621
4483,train,5000,5856.805430673857,-856.8054306738568
1202,train,120000,132512.43657647894,-12512.43657647894
1544,train,30000,17747.750086705248,12252.249913294752
2100,train,52000,44785.12595987478,7214.874040125222
937,train,10000,12340.178819615707,-2340.1788196157067
3585,train,10000,11937.434719370696,-1937.4347193706963
1419,train,30000,46097.09363305768,-16097.09363305768
4257,train,20000,21373.39231597262,-1373.3923159726182
3150,train,12000,17024.698179803112,-5024.698179803112
1521,train,4500,7861.4850715222365,-3361.4850715222365
3631,train,12000,12700.685219875957,-700.685219875957
293,train,6500,6526.83037946325,-26.83037946325021
2613,train,95000,46193.656369411365,48806.343630588635
178,train,10500,14861.77551968201,-4361.775519682011
1492,train,70000,70506.08596898399,-506.08596898398537
2626,train,8500,7336.824522648729,1163.1754773512712
306,train,20000,16722.4974920484,3277.5025079516017
2618,train,8000,8990.17751402991,-990.1775140299105
1472,train,350000,481625.8711443651,-131625.8711443651
2163,train,12000,12840.426859687033,-840.4268596870334
1708,train,25000,42095.77161381326,-17095.77161381326
1232,train,80000,138647.25101110697,-58647.25101110697
1411,train,50000,37113.455347504074,12886.544652495926
1861,train,5000,7679.870787808575,-2679.870787808575
1170,train,50000,44398.64693828811,5601.353061711889
708,train,35000,39898.23108775059,-4898.231087750588
2496,train,10000,10812.113788019296,-812.1137880192964
3333,train,12000,13518.884960618721,-1518.8849606187214
2516,train,15000,8629.517742054973,6370.4822579450265
2924,train,32000,19747.934398690602,12252.065601309398
2936,train,17000,16113.52017069045,886.47982930955
3211,train,3500,5882.780486252895,-2382.7804862528947
722,train,65000,49637.2574217368,15362.742578263198
4663,train,26000,16347.875437900404,9652.124562099596
1510,train,15000,12379.540676862014,2620.459323137986
1516,train,15000,15275.184297134296,-275.1842971342958
4303,train,12000,7934.5601495548135,4065.4398504451865
2978,train,15000,13988.134236570688,1011.8657634293122
3762,train,22000,24499.238508949416,-2499.2385089494164
1083,train,380000,217033.48532627927,162966.51467372073
4098,train,15000,12380.375797106262,2619.6242028937377
320,train,5000,5720.966441084597,-720.9664410845971
165,train,16500,12581.553129111206,3918.4468708887944
2687,train,25000,22087.943244978673,2912.0567550213273
2026,train,10000,10221.794239910036,-221.79423991003569
568,train,16000,28064.831594128533,-12064.831594128533
4294,train,10000,16539.671796883325,-6539.671796883325
3942,train,15000,11770.614042720534,3229.3859572794663
2401,train,12000,16800.038472103013,-4800.038472103013
4453,train,45000,35885.191260518586,9114.808739481414
62,train,10000,10554.527979372871,-554.5279793728714
1040,train,330000,219142.58278904553,110857.41721095447
2787,train,25000,48338.82461694612,-23338.82461694612
1699,train,31000,34615.239566024255,-3615.2395660242546
2754,train,3500,6991.252436059702,-3491.2524360597017
1410,train,18500,13857.720846326793,4642.2791536732075
1236,train,100000,100795.47481838557,-795.47481838557
78,train,6500,8788.423496741716,-2288.423496741716
2858,train,6000,12153.040593793228,-6153.040593793228
2368,train,14000,9942.12377709801,4057.8762229019903
718,train,60000,49010.75876984478,10989.241230155218
3231,train,8500,9165.696620623268,-665.6966206232682
1476,train,22000,16395.32527054593,5604.674729454069
1553,train,17000,16431.111426108655,568.888573891345
1628,train,10000,14305.769903826778,-4305.769903826778
2685,train,13000,9484.22949437148,3515.7705056285195
4066,train,57000,50864.13195431705,6135.868045682953
3454,train,8000,6490.129494304964,1509.8705056950357
1375,train,69000,111248.46596768714,-42248.46596768714
4255,train,17000,19140.20197762013,-2140.2019776201305
3036,train,12000,14516.006750761911,-2516.0067507619115
2746,train,30000,17336.81787657089,12663.18212342911
4206,train,15000,14762.019494427179,237.98050557282113
3031,train,11000,13814.64235642674,-2814.6423564267407
3654,train,9300,8655.555943108715,644.4440568912851
110,train,8000,6729.997815420248,1270.0021845797519
3694,train,7500,5932.082319570564,1567.9176804294357
4580,train,13000,8089.400327105071,4910.599672894929
4516,train,11000,8595.209938352566,2404.7900616474344
4538,train,5000,10582.67462190021,-5582.674621900211
685,train,27000,27205.05818599369,-205.05818599369013
1929,train,22000,31318.24031892222,-9318.24031892222
8,train,26000,16312.390278895204,9687.609721104796
4442,train,15500,21843.06363150382,-6343.063631503821
2853,train,10000,9504.26730889224,495.7326911077598
4511,train,45000,28051.11063149712,16948.88936850288
324,train,16000,21951.58932796258,-5951.589327962582
2635,train,15000,20518.071451164076,-5518.071451164076
2276,train,20000,24215.845464554906,-4215.845464554906
3794,train,18000,16589.85067491385,1410.1493250861495
1128,train,55000,70042.79792308048,-15042.797923080478
3308,train,26000,34090.379408448825,-8090.379408448825
4551,train,15000,19168.430526668242,-4168.430526668242
2103,train,12000,10758.407792021457,1241.5922079785432
3562,train,8000,6265.2224432272815,1734.7775567727185
2631,train,22000,19005.796552541968,2994.2034474580323
1438,train,66000,115234.0484933021,-49234.04849330211
4149,train,18000,29200.80339166418,-11200.80339166418
1579,train,7000,12887.65101963786,-5887.65101963786
2133,train,6000,7214.938709061821,-1214.938709061821
1364,train,20000,23633.40377630842,-3633.4037763084198
3137,train,34500,21149.95183030865,13350.048169691348
2881,train,30000,14192.680170808238,15807.319829191762
1335,train,49500,38315.21355172642,11184.786448273582
1822,train,50000,43269.70405036897,6730.295949631029
636,train,26000,34894.139891700404,-8894.139891700404
4502,train,7000,11214.386103772495,-4214.386103772495
3706,train,12500,15259.85108804462,-2759.8510880446192
257,train,8500,13414.653566079181,-4914.6535660791815
19,train,6000,7348.44959542503,-1348.4495954250297
860,train,90000,78361.20591751001,11638.794082489985
2357,train,12000,8643.282965677245,3356.7170343227554
183,train,11000,8669.982259911132,2330.017740088868
3077,train,13500,17675.93363614262,-4175.933636142621
2912,train,11000,15755.283609630273,-4755.283609630273
1351,train,95000,111371.53643960378,-16371.536439603777
4697,train,4500,4759.341637370795,-259.34163737079507
4256,train,20000,25907.388871933257,-5907.388871933257
1660,train,6500,9633.020164693377,-3133.0201646933765
1656,train,63000,118900.4345587631,-55900.434558763096
3180,train,40000,36921.68564489914,3078.3143551008616
4675,train,7000,8349.466734909907,-1349.4667349099072
2303,train,35000,45041.550896553796,-10041.550896553796
3963,train,9000,7052.339332034879,1947.6606679651213
83,train,20000,28112.80225809601,-8112.80225809601
3125,train,150000,54081.43137220586,95918.56862779414
3530,train,11000,12031.84462402076,-1031.8446240207595
142,train,8000,7908.959281302256,91.04071869774361
3831,train,10000,6719.839813213296,3280.160186786704
1417,train,190000,112296.78321551468,77703.21678448532
2609,train,30000,29595.500900245595,404.4990997544046
846,train,150000,64026.89136380894,85973.10863619106
3155,train,17000,23682.09868906164,-6682.0986890616405
742,train,33000,17527.963447250266,15472.036552749734
1526,train,12500,15681.663366672878,-3181.6633666728776
3386,train,18000,15556.489145803525,2443.5108541964746
1673,train,15000,15025.13104925692,-25.13104925691914
1166,train,90000,172018.97765389277,-82018.97765389277
1888,train,18000,10999.449224123751,7000.550775876249
3200,train,45000,31440.106565651353,13559.893434348647
2467,train,36000,21851.783448374495,14148.216551625505
1716,train,15000,12805.678082215869,2194.321917784131
1507,train,13000,14181.485967105478,-1181.4859671054783
4734,train,35000,36225.60302202476,-1225.603022024763
3140,train,22000,14163.103225020595,7836.896774979405
2605,train,31000,36403.576165448656,-5403.576165448656
2641,train,10000,10978.30553368427,-978.3055336842699
1346,train,38000,45048.168454264836,-7048.168454264836
1645,train,17500,17645.28476351779,-145.28476351778954
311,train,9000,7233.714792845466,1766.285207154534
924,train,62000,45659.551941459766,16340.448058540234
4125,train,17000,18196.582785998722,-1196.582785998722
1062,train,130000,85317.09174847444,44682.90825152556
227,train,3000,4185.333166587576,-1185.3331665875758
966,train,48000,49875.370886586454,-1875.3708865864537
1385,train,190000,158678.109652416,31321.890347584005
508,train,60000,34482.415266846765,25517.584733153235
2628,train,13000,10449.69565239619,2550.304347603809
2538,train,21000,9879.285830909736,11120.714169090264
605,train,130000,88830.76676666625,41169.233233333754
1903,train,11000,11546.58899939746,-546.5889993974597
4172,train,13000,13153.168760341472,-153.16876034147208
774,train,50000,49492.96334249188,507.0366575081207
3198,train,10000,18260.391538294676,-8260.391538294676
2581,train,18000,12167.960197528353,5832.039802471647
3480,train,10000,7830.861448471391,2169.1385515286092
6,train,10000,15356.757790433883,-5356.757790433883
692,train,50000,67241.81974860861,-17241.819748608614
2090,train,28000,22425.970402789702,5574.029597210298
1604,train,9000,17280.57247533603,-8280.57247533603
405,train,35000,21989.89859536806,13010.10140463194
2525,train,8000,10208.433666266385,-2208.4336662663845
4184,train,9500,7313.218005813979,2186.7819941860207
3183,train,6500,7504.020642399267,-1004.0206423992668
2098,train,12500,14617.871236884052,-2117.8712368840515
844,train,55000,55747.299073325754,-747.2990733257539
2508,train,15000,19429.35130085941,-4429.351300859409
1709,train,35000,41839.77449810793,-6839.77449810793
4269,train,10000,10289.351692811118,-289.3516928111185
1871,train,11000,12453.31760458092,-1453.3176045809196
4673,train,18000,14513.33156520587,3486.66843479413
510,train,7000,18894.798888062112,-11894.798888062112
167,train,12000,10364.469675221604,1635.5303247783959
3978,train,6500,6519.533412863343,-19.533412863343074
1549,train,110000,111559.6257596768,-1559.6257596767973
922,train,62000,81134.07885682343,-19134.078856823427
3637,train,13000,14304.044600340909,-1304.0446003409088
1530,train,12000,19625.468511118586,-7625.468511118586
124,train,10000,9907.445705856897,92.5542941431031
200,train,5500,6124.232228680734,-624.2322286807339
121,train,13000,13834.624008537328,-834.6240085373283
1228,train,90000,150185.83350877286,-60185.83350877286
2955,train,100000,43948.58837432171,56051.41162567829
1630,train,8000,5388.595310692939,2611.404689307061
1961,train,8000,8051.087673680997,-51.087673680996886
2736,train,30000,34484.124331236366,-4484.124331236366
1459,train,60000,84903.23580633565,-24903.23580633565
1927,train,17000,14681.82995188841,2318.1700481115895
238,train,8500,8540.238493282886,-40.23849328288634
1285,train,60000,67151.79005839277,-7151.790058392769
4060,train,16000,21587.386656978782,-5587.386656978782
1481,train,140000,83896.86465873673,56103.135341263274
4690,train,11000,11712.049130023745,-712.0491300237445
4588,train,45000,43584.83138264717,1415.1686173528287
3499,train,10000,16072.345942877368,-6072.345942877368
2150,train,28000,15379.488343776218,12620.511656223782
3477,train,30000,16871.924567384453,13128.075432615547
445,train,10000,15199.647925001467,-5199.647925001467
3234,train,8500,12888.420953427529,-4388.420953427529
4316,train,14000,18601.68436718522,-4601.684367185218
97,train,10000,7430.145816556328,2569.854183443672
3391,train,25000,17236.90283171665,7763.0971682833515
2584,train,13000,17281.035062264364,-4281.035062264364
604,train,42000,46751.47525880406,-4751.475258804057
2934,train,18000,10190.50731393199,7809.49268606801
1587,train,15000,14909.326245235216,90.67375476478446
2757,train,23000,12585.892324459272,10414.107675540728
2283,train,6500,6815.425289464746,-315.42528946474613
2287,train,18000,16527.39437590492,1472.6056240950784
4022,train,12000,9358.430414031991,2641.569585968009
553,train,19411,28183.871756850836,-8772.871756850836
1384,train,210000,151402.18717524892,58597.812824751076
2246,train,12000,9414.041373790533,2585.958626209467
3452,train,19000,13641.749353997311,5358.250646002689
3289,train,100000,82825.24095559999,17174.75904440001
4266,train,15000,16923.42347268474,-1923.423472684739
384,train,15000,6934.899115136807,8065.100884863193
482,train,10000,18668.51445130566,-8668.514451305658
3663,train,16000,17551.464235787233,-1551.4642357872326
472,train,10000,11337.03305402696,-1337.0330540269606
920,train,15000,29320.201158722743,-14320.201158722743
370,train,8000,12820.183302255784,-4820.183302255784
2648,train,20000,8838.755139007686,11161.244860992314
1390,train,26000,18614.584482562565,7385.4155174374355
4036,train,13000,8227.066705679441,4772.933294320559
3254,train,7500,11267.171625429373,-3767.1716254293733
4581,train,25000,21220.708974903213,3779.291025096787
1439,train,45000,29359.00639237404,15640.993607625958
21,train,9000,7456.308554837948,1543.6914451620523
3661,train,16000,11930.092879646189,4069.9071203538115
1559,train,15000,15738.026807085898,-738.0268070858983
2927,train,6000,8649.615087651178,-2649.6150876511783
1075,train,75000,60580.60147875654,14419.398521243464
1174,train,65000,52170.33706885762,12829.662931142382
3635,train,25000,18729.894008608022,6270.105991391978
211,train,7500,7106.830513221133,393.1694867788674
365,train,12000,6030.025025216254,5969.974974783746
4338,train,9000,10849.273942479846,-1849.2739424798456
3147,train,12000,12853.401976245637,-853.4019762456373
830,train,23000,32095.295742278086,-9095.295742278086
3987,train,18000,24055.621644545787,-6055.621644545787
160,train,9500,9079.24245069606,420.7575493039403
1772,train,3500,5311.498112590323,-1811.4981125903232
3189,train,10000,9357.87383914083,642.1261608591703
4306,train,32000,33566.801384423634,-1566.8013844236339
1920,train,7000,8500.231086709922,-1500.2310867099222
953,train,40000,29608.254161111974,10391.745838888026
637,train,60000,46457.08862826726,13542.911371732742
3068,train,7500,7921.8409638727835,-421.8409638727835
623,train,25000,22270.446916364508,2729.553083635492
1551,train,20000,36944.36590995363,-16944.36590995363
756,train,330000,158844.523153007,171155.476846993
668,train,50000,44888.052794514835,5111.947205485165
1361,train,34000,50618.176429331914,-16618.176429331914
1600,train,10000,15256.812897320075,-5256.812897320075
2565,train,18500,19168.368317784374,-668.3683177843741
4542,train,25000,17499.348312971815,7500.651687028185
1525,train,7000,5363.037652813401,1636.962347186599
2999,train,15000,13912.621098732958,1087.3789012670422
319,train,5000,7131.584293129995,-2131.584293129995
3882,train,14000,13357.52361607852,642.4763839214793
2451,train,35000,36130.89302744157,-1130.8930274415688
944,train,40000,29257.32748596997,10742.67251403003
4383,train,12000,19406.42849464111,-7406.42849464111
4224,train,10000,12755.123230617197,-2755.123230617197
426,train,6000,7675.262837222175,-1675.2628372221752
4373,train,15000,11549.46711741712,3450.53288258288
1502,train,25000,31814.17375014204,-6814.173750142039
3463,train,50000,76836.70452541781,-26836.70452541781
4301,train,10000,10590.79663350892,-590.7966335089204
4467,train,12000,9456.300288536775,2543.699711463225
3139,train,330000,94064.22443482853,235935.77556517147
1825,train,120000,45245.20520437816,74754.79479562184
3325,train,5000,7913.375888715856,-2913.3758887158556
386,train,7000,6804.9363496172855,195.0636503827145
2385,train,90000,92040.8639000684,-2040.8639000684052
3228,train,9000,8554.616707182826,445.38329281717415
1286,train,19000,17343.399787593436,1656.6002124065635
385,train,5000,5512.58118058753,-512.5811805875301
3516,train,23000,17924.804478283197,5075.195521716803
4096,train,13000,11327.93739264088,1672.0626073591193
1003,train,140000,97752.18541190393,42247.814588096066
4566,train,50000,43324.189641363126,6675.810358636874
2005,train,14000,15617.935161615611,-1617.935161615611
4654,train,16000,20679.069816668085,-4679.069816668085
3951,train,8000,6907.656942682781,1092.343057317219
2805,train,9000,5718.3149306635805,3281.6850693364195
2418,train,12000,13498.26710524218,-1498.2671052421792
1269,train,65000,27200.533360725385,37799.466639274615
461,train,34000,10885.699777583985,23114.300222416015
2217,train,11000,16138.937581286116,-5138.937581286116
3471,train,8500,9900.95658377016,-1400.9565837701593
4034,train,4500,4592.0169850351,-92.01698503510033
3981,train,4000,5285.947604153763,-1285.9476041537628
640,train,35000,43086.02869374731,-8086.0286937473065
559,train,110000,161507.93775874763,-51507.937758747634
3324,train,18000,13109.962976042958,4890.037023957042
3133,train,10000,9482.905991921682,517.0940080783184
3095,train,20000,20575.59159717696,-575.5915971769609
1190,train,35000,18046.83215320824,16953.16784679176
1499,train,13000,19611.56006160759,-6611.56006160759
3716,train,9500,10561.68728951484,-1061.6872895148408
3374,train,15000,20666.32139248274,-5666.32139248274
290,train,10000,13844.94734398397,-3844.9473439839694
3586,train,6500,6694.769852012012,-194.76985201201205
2852,train,18000,11548.869048478395,6451.130951521605
1026,train,65000,51302.646889796524,13697.353110203476
1401,train,22000,48310.396479088064,-26310.396479088064
297,train,5000,6243.312159287149,-1243.3121592871494
4407,train,52000,42988.019766104175,9011.980233895825
1300,train,260000,372444.4518315567,-112444.45183155668
1323,train,22000,22665.76237432949,-665.7623743294898
2507,train,52000,23643.791072658234,28356.208927341766
3280,train,47500,43703.792873916405,3796.2071260835946
2061,train,9000,7391.506200912988,1608.4937990870121
4005,train,9500,12241.783119315656,-2741.783119315656
3544,train,72000,77284.93693709443,-5284.936937094433
411,train,6000,10323.499792843912,-4323.499792843912
2009,train,30000,24876.84659567146,5123.153404328539
2187,train,34000,47088.017494584776,-13088.017494584776
2346,train,30000,28719.02568302766,1280.9743169723406
2709,train,15000,13319.939905874611,1680.0600941253888
3689,train,8500,19565.889536553368,-11065.889536553368
3087,train,30000,25357.692181832368,4642.307818167632
4041,train,8000,6612.428045484715,1387.5719545152851
891,train,55000,29026.437692831547,25973.562307168453
3795,train,37000,41247.3370546777,-4247.3370546777005
2567,train,11000,9152.729531410383,1847.270468589617
3517,train,17000,9303.259153950983,7696.740846049017
1234,train,100000,128823.38778897496,-28823.387788974956
224,train,8500,10568.93043674604,-2068.930436746041
1256,train,28500,28673.729160108374,-173.72916010837434
3559,train,6166,7058.838213616062,-892.8382136160617
3523,train,25000,24543.737630946365,456.26236905363476
2296,train,14000,21266.85760258943,-7266.857602589429
2512,train,16000,18252.08922087183,-2252.0892208718287
2863,train,20000,19046.631980889375,953.368019110625
816,train,45000,43286.16680888973,1713.8331911102723
750,train,10000,22598.956309667567,-12598.956309667567
2622,train,10000,15479.200952049734,-5479.200952049734
719,train,20000,21836.84629191801,-1836.8462919180092
9,train,10000,13512.596353648589,-3512.596353648589
1353,train,34000,39522.83073793293,-5522.830737932927
2582,train,17000,15754.921030261978,1245.0789697380224
2018,train,5000,5848.073407868125,-848.0734078681253
1921,train,13000,17780.25110650721,-4780.25110650721
254,train,8000,7546.708924012177,453.2910759878232
881,train,34000,50405.97428102563,-16405.97428102563
3075,train,6000,5115.251132049364,884.7488679506359
3687,train,12000,16169.271454713744,-4169.271454713744
3269,train,28000,20484.593388806526,7515.4066111934735
766,train,95000,42611.3755632271,52388.6244367729
2646,train,17401,28160.734056644265,-10759.734056644265
3844,train,18000,19551.303326440036,-1551.3033264400365
740,train,33000,23372.51048634697,9627.489513653029
378,train,6500,9457.510219428405,-2957.5102194284045
2872,train,12000,13729.896013061807,-1729.896013061807
2850,train,16500,33361.769884728354,-16861.769884728354
2473,train,12000,11222.876352926867,777.1236470731328
1497,train,10000,13592.101794692428,-3592.1017946924276
4000,train,32000,19553.366659950538,12446.633340049462
3988,train,14500,11404.652669487412,3095.347330512588
1698,train,9000,8558.379500301802,441.6204996981978
2255,train,35000,40487.61904890381,-5487.619048903813
2247,train,30000,24163.283105497445,5836.716894502555
1631,train,12000,15532.9821577013,-3532.982157701301
1641,train,12000,15403.345372209034,-3403.3453722090344
4408,train,9500,12216.630598065642,-2716.6305980656416
3696,train,26000,27368.649433809795,-1368.6494338097946
2868,train,28000,18609.30976387905,9390.69023612095
1252,train,180000,151456.1866769973,28543.813323002687
3751,train,15000,13326.572533799903,1673.4274662000971
1451,train,75000,50019.53815336283,24980.46184663717
4050,train,35000,20152.998608367117,14847.001391632883
2314,train,22000,15864.42909596866,6135.5709040313395
111,train,6000,7232.794944471155,-1232.7949444711548
2367,train,100000,69825.68094743868,30174.319052561317
4232,train,150000,77641.03796751906,72358.96203248094
670,train,50000,83200.35243485858,-33200.35243485858
317,train,5000,6409.8710476769775,-1409.8710476769775
1779,train,20000,11719.702693324214,8280.297306675786
3674,train,40000,42878.7322236131,-2878.7322236131004
4672,train,20000,11873.755405446183,8126.244594553817
1648,train,7500,7946.558856937873,-446.5588569378733
338,train,7000,5962.581161778976,1037.418838221024
1296,train,17000,22679.136638220025,-5679.136638220025
218,train,7500,8096.674553159948,-596.6745531599481
4591,train,37000,49612.07705307408,-12612.077053074077
4587,train,40000,44664.21968280564,-4664.21968280564
802,train,30000,20550.34581037171,9449.65418962829
1555,train,6000,7205.502440791944,-1205.5024407919436
4477,train,9000,6422.603459588984,2577.396540411016
673,train,25000,24069.97589158414,930.0241084158588
3782,train,11000,11691.486711012963,-691.4867110129635
2310,train,35000,25625.390188296544,9374.609811703456
1982,train,20000,14661.714600156058,5338.285399843942
4494,train,25000,24682.777292829895,317.2227071701054
1469,train,35000,15316.921146894007,19683.078853105995
1592,train,35000,43283.16268751294,-8283.162687512937
1958,train,7000,9755.842101995488,-2755.8421019954876
1176,train,43000,45668.3341405223,-2668.3341405222964
4611,train,7500,6429.83180854917,1070.16819145083
593,train,30000,20216.50686984804,9783.493130151961
2117,train,60000,47009.33381623628,12990.666183763722
3685,train,13000,13620.978953575292,-620.9789535752916
2571,train,22000,26904.564083772526,-4904.564083772526
3176,train,7500,7007.6032614647365,492.39673853526347
309,train,7000,6280.483493896732,719.5165061032676
4608,train,11000,9862.915199095194,1137.084800904806
3259,train,8000,13270.899295332096,-5270.899295332096
4393,train,10000,13088.04087810613,-3088.0408781061305
1030,train,120000,195116.32167587933,-75116.32167587933
3367,train,6000,5964.822581215042,35.17741878495781
469,train,9500,8290.574104863013,1209.4258951369866
2299,train,12000,13922.724625465491,-1922.724625465491
787,train,200000,153563.9704997157,46436.02950028429
2623,train,15000,16495.885152089064,-1495.885152089064
2819,train,35000,39269.41132492289,-4269.41132492289
3293,train,46000,47632.97867645065,-1632.9786764506498
2111,train,32000,43523.50849695369,-11523.508496953691
4562,train,16000,13728.220039160413,2271.779960839587
3389,train,9000,13128.647345491356,-4128.647345491356
1619,train,18000,15712.527209266265,2287.4727907337347
1962,train,52000,54317.04206506363,-2317.0420650636297
4179,train,12000,8468.904157138126,3531.095842861874
4131,train,52000,61240.30225947892,-9240.302259478922
2031,train,25000,30930.664829116704,-5930.664829116704
1919,train,12500,8104.311304344835,4395.688695655165
4123,train,14000,15075.799093217152,-1075.7990932171524
3028,train,45000,37181.95677261944,7818.043227380564
1705,train,18000,18141.785391140937,-141.78539114093655
800,train,35000,33003.342219874015,1996.6577801259846
2756,train,19000,11985.869558464152,7014.130441535848
2264,train,6000,7499.269127019308,-1499.2691270193081
1115,train,24000,26647.209314416457,-2647.2093144164573
3779,train,9000,11035.53541629213,-2035.5354162921303
229,train,18000,9975.432310221015,8024.567689778985
259,train,7000,9959.34536184239,-2959.34536184239
1395,train,180000,86586.86753651506,93413.13246348494
1720,train,11500,14852.94878189054,-3352.94878189054
1186,train,270000,132421.57268490922,137578.42731509078
681,train,150000,151300.90128178312,-1300.9012817831244
3783,train,140000,71476.23215588264,68523.76784411736
2250,train,6000,7181.748932626485,-1181.748932626485
904,train,100000,120453.62211942567,-20453.622119425665
3776,train,12000,13349.417272241695,-1349.4172722416952
360,train,5000,4612.33795549456,387.66204450543955
1287,train,140000,93747.76035079193,46252.23964920807
3660,train,10000,10079.029551011292,-79.02955101129191
3113,train,49000,57399.157114787246,-8399.157114787246
2227,train,50000,40461.96831485933,9538.031685140668
4605,train,10000,14870.963386685416,-4870.9633866854165
2960,train,5000,11487.456014095158,-6487.456014095158
3622,train,14000,25782.708466889657,-11782.708466889657
2376,train,30000,23542.906810708668,6457.093189291332
305,train,3000,6433.301433248875,-3433.3014332488747
505,train,2200,5736.758857996756,-3536.758857996756
3274,train,5000,8815.202717238286,-3815.202717238286
1112,train,200000,113348.829733673,86651.170266327
2799,train,90000,77584.39257671616,12415.607423283844
214,train,6000,4708.118295854159,1291.8817041458406
3592,train,15000,13650.306010185514,1349.6939898144865
1947,train,15000,13467.293451145375,1532.706548854625
865,train,75000,99012.05667582176,-24012.05667582176
3524,train,16500,13395.02174819899,3104.9782518010106
326,train,8000,8929.150428398814,-929.1504283988143
3154,train,11000,12489.191831835977,-1489.1918318359767
2788,train,21000,10107.946839953733,10892.053160046267
1111,train,18500,37491.78320187994,-18991.783201879938
4153,train,28000,30276.370284454286,-2276.370284454286
2657,train,27000,50315.92705038335,-23315.927050383347
834,train,220000,128164.42249290079,91835.57750709921
839,train,65000,33354.22848983995,31645.771510160048
2694,train,15000,25679.75644369764,-10679.756443697639
1836,train,30000,26656.645605852307,3343.354394147693
3397,train,16000,8903.425738046397,7096.574261953603
328,train,8000,7646.548146866691,353.45185313330876
1376,train,120000,94973.52369295854,25026.476307041463
942,train,5500,19723.65054795388,-14223.65054795388
1223,train,46000,53537.17859333382,-7537.178593333818
3537,train,25000,15674.839978934155,9325.160021065845
1690,train,23000,21902.474341840658,1097.5256581593421
2563,train,12000,8388.842965948837,3611.1570340511626
1975,train,20000,15477.390348488188,4522.6096515118115
2836,train,130000,305452.47120800096,-175452.47120800096
351,train,7000,6123.359064506589,876.6409354934112
4290,train,20000,14799.950915196754,5200.049084803246
2046,train,42500,35844.80265915648,6655.197340843522
4510,train,8000,27572.358577665032,-19572.358577665032
1618,train,8500,8049.218045628349,450.7819543716514
1066,train,30000,15427.82439845926,14572.17560154074
1276,train,23000,23089.745924374194,-89.74592437419415
1558,train,8000,6438.431866312089,1561.5681336879106
39,train,10000,5738.011100989909,4261.988899010091
270,train,5500,5136.124831941014,363.87516805898576
2435,train,9500,12723.671697844036,-3223.6716978440363
4635,train,45000,34646.470208827515,10353.529791172485
1035,train,350000,281451.3531330472,68548.64686695283
854,train,32000,30800.921247438546,1199.0787525614542
69,train,7500,5678.834138065284,1821.1658619347163
3066,train,8000,13773.077081771899,-5773.0770817718985
1838,train,8000,7060.422330812064,939.5776691879364
2795,train,8000,13056.3853961123,-5056.3853961123
1238,train,84500,91469.11772319642,-6969.117723196425
1599,train,13000,14937.108023724784,-1937.1080237247843
3796,train,18000,13551.443776124981,4448.556223875019
4633,train,16000,12294.617899864455,3705.3821001355445
3225,train,8500,9067.900282681543,-567.9002826815431
991,train,53000,69731.83790687786,-16731.83790687786
1091,train,46000,28424.207863999396,17575.792136000604
3571,train,15000,12391.012215076811,2608.987784923189
2463,train,12500,10670.246506825877,1829.753493174123
4401,train,32000,22563.63879567822,9436.36120432178
1466,train,90000,50075.82142788209,39924.17857211791
665,train,350000,480005.9873320336,-130005.98733203358
1288,train,30000,41120.023224285054,-11120.023224285054
3977,train,22000,16093.588305482268,5906.411694517732
1080,train,40000,46653.010090837495,-6653.010090837495
1849,train,6000,5712.133395943874,287.86660405612565
3577,train,23000,14063.490090642837,8936.509909357163
4529,train,42000,49533.02075377909,-7533.020753779092
4300,train,30000,25074.06077452795,4925.9392254720515
698,train,140000,118133.26605516451,21866.73394483549
3778,train,35000,38759.24937120591,-3759.2493712059077
921,train,260000,295804.0980105028,-35804.098010502814
1674,train,12000,14449.71457230125,-2449.714572301251
2107,train,6500,6960.222453453463,-460.22245345346255
2446,train,70000,36836.55781314028,33163.44218685972
2861,train,13000,16036.230080855403,-3036.230080855403
2459,train,25000,19554.192439765782,5445.807560234218
2008,train,43000,43294.8005322835,-294.8005322835015
4476,train,6200,6354.609941276498,-154.60994127649792
3179,train,12000,10149.63457667798,1850.3654233220204
3497,train,20000,18275.580831071256,1724.4191689287436
3533,train,9000,11492.538728743426,-2492.538728743426
1782,train,15000,15746.860472663233,-746.8604726632329
2118,train,8500,8584.2470535522,-84.24705355220067
1789,train,30000,19934.997707941227,10065.002292058773
215,train,20000,21133.73219316256,-1133.7321931625593
2699,train,14000,12564.732947959246,1435.2670520407537
1804,train,16500,12840.237802888098,3659.7621971119024
1386,train,25000,36369.46559741823,-11369.465597418231
859,train,25000,34948.09916247327,-9948.09916247327
3405,train,20000,12464.927954321985,7535.072045678015
582,train,89000,120348.42675609326,-31348.426756093264
4285,train,6500,7600.74381501783,-1100.7438150178295
3565,train,14000,8958.26451107858,5041.73548892142
3798,train,10000,11200.363430424515,-1200.3634304245152
1489,train,35000,18924.72099231213,16075.27900768787
964,train,95000,68717.6812645815,26282.318735418507
1543,train,23000,15557.367175287362,7442.6328247126385
4428,train,7000,6336.1554725078395,663.8445274921605
2108,train,13500,22659.61531369329,-9159.615313693292
1431,train,85000,108571.18314151192,-23571.183141511923
296,train,10000,13836.687899155084,-3836.687899155084
2164,train,11000,14907.075283142234,-3907.075283142234
4732,train,15000,14158.229532625019,841.7704673749813
1092,train,35000,31458.69827280845,3541.3017271915487
2989,train,29000,15946.411245660871,13053.588754339129
1372,train,34000,52976.6669491286,-18976.6669491286
2271,train,6000,8864.721533467973,-2864.721533467973
2491,train,27000,23299.159033489657,3700.8409665103427
557,train,68000,34431.061158588476,33568.938841411524
849,train,180000,145912.4986445541,34087.501355445886
4208,train,25000,26539.106022750413,-1539.106022750413
3162,train,8000,10793.163064264181,-2793.1630642641812
3,train,10000,9509.066462862,490.93353713800025
4395,train,10000,16574.803904746797,-6574.803904746797
930,train,150000,106345.86029534481,43654.13970465519
1670,train,15000,23763.11422822517,-8763.114228225171
128,train,4700,5343.6056373162755,-643.6056373162755
4564,train,20000,11010.361355273999,8989.638644726001
192,train,10000,19754.83914419319,-9754.839144193189
4221,train,11000,13594.554939796211,-2594.5549397962113
3688,train,25000,28894.20838385263,-3894.2083838526305
3359,train,9500,9044.589850462942,455.4101495370578
4180,train,10000,11730.550675239894,-1730.5506752398942
196,train,5200,6117.224260648659,-917.2242606486589
455,train,7000,6501.277864634761,498.7221353652394
3936,train,55000,47681.279190330606,7318.720809669394
2190,train,12000,15052.394014405352,-3052.394014405352
3365,train,13000,15358.324954677408,-2358.3249546774077
2237,train,35000,53196.26332915865,-18196.263329158654
487,train,6000,10232.41069248937,-4232.4106924893695
520,train,25000,29524.8006153092,-4524.800615309199
501,train,14000,22477.326028697273,-8477.326028697273
4495,train,14000,13784.970310236677,215.0296897633234
957,train,16000,20103.901238853214,-4103.901238853214
2816,train,31500,43169.96446741234,-11669.964467412341
4505,train,8500,11679.501935723258,-3179.5019357232577
3429,train,22000,34758.66288308301,-12758.662883083009
1870,train,11000,13099.104529034708,-2099.1045290347083
1812,train,12000,12840.172182278251,-840.1721822782511
682,train,27000,17543.581665392896,9456.418334607104
2629,train,6000,8512.091167636405,-2512.091167636405
3100,train,9000,10025.451170329785,-1025.4511703297849
2692,train,50000,37859.19748316289,12140.80251683711
799,train,70000,56019.992013702264,13980.007986297736
2897,train,9000,17181.674217210122,-8181.674217210122
4018,train,17000,12473.412872552231,4526.587127447769
3908,train,9000,9285.926010981044,-285.9260109810439
2506,train,35000,15447.4919428293,19552.5080571707
125,train,18000,10559.267317191543,7440.732682808457
1072,train,54500,26761.83633207613,27738.16366792387
2568,train,52000,59452.57110242959,-7452.571102429589
180,train,15000,9619.936342820276,5380.063657179724
1755,train,6000,8956.274833371599,-2956.274833371599
1258,train,270000,257089.9624963237,12910.037503676314
1201,train,35000,17215.44042300529,17784.55957699471
843,train,56000,62999.80876405517,-6999.808764055168
3281,train,7500,14688.643093063423,-7188.643093063423
241,train,9000,9176.565078946991,-176.56507894699098
717,train,8500,18278.48172594295,-9778.481725942951
3127,train,18000,17525.440258655035,474.559741344965
2212,train,9000,8926.052951462518,73.94704853748226
4309,train,20000,25569.5197751381,-5569.519775138098
4092,train,11000,13513.979315001174,-2513.9793150011737
619,train,50000,98075.74650275348,-48075.74650275348
3023,train,10000,14508.920486091285,-4508.920486091285
2705,train,17000,10897.141666202067,6102.858333797933
798,train,150000,86419.96466841904,63580.03533158096
749,train,80000,79036.83322371106,963.166776288941
1130,train,33000,46345.683792142525,-13345.683792142525
1758,train,27500,17198.010102987926,10301.989897012074
2651,train,13000,9889.277532533615,3110.722467466385
2224,train,6200,6792.728890425051,-592.7288904250508
596,train,47000,44362.27404218075,2637.7259578192534
235,train,15000,9650.688737397737,5349.311262602263
458,train,15000,17195.366342103538,-2195.366342103538
2011,train,15000,12899.200058637596,2100.799941362404
318,train,14000,7374.321853053301,6625.678146946699
3683,train,13500,13444.105858856625,55.894141143375236
4461,train,15000,23222.58285165998,-8222.58285165998
22,train,4000,4562.573281569561,-562.573281569561
4471,train,15000,12570.525772010318,2429.474227989682
1795,train,7000,7918.547387936362,-918.5473879363617
4177,train,12000,13781.646803293856,-1781.6468032938556
4163,train,15000,22772.62885389223,-7772.628853892231
2396,train,10000,11498.60186202417,-1498.6018620241703
4190,train,5500,7376.039530489818,-1876.0395304898184
2939,train,23000,18639.780302498646,4360.219697501354
836,train,35000,40627.53967394842,-5627.53967394842
1686,train,10000,11462.325312893292,-1462.325312893292
1024,train,9400,19168.531051139576,-9768.531051139576
3328,train,30000,17370.044038753782,12629.955961246218
3486,train,6000,6867.178641497119,-867.1786414971193
3079,train,15000,23637.596215447622,-8637.596215447622
2867,train,25000,38915.76939791569,-13915.76939791569
1739,train,45000,41552.17843966112,3447.8215603388817
4425,train,16000,11193.437141384662,4806.562858615338
3758,train,11500,14901.596183011872,-3401.596183011872
519,train,12000,8373.492736420747,3626.507263579253
291,train,14000,17096.449830163605,-3096.449830163605
2377,train,14000,17402.44800466263,-3402.4480046626304
1161,train,85000,61019.36913588852,23980.63086411148
4211,train,3000,5420.507819830375,-2420.5078198303754
693,train,55000,54099.166246055596,900.8337539444037
1572,train,180000,84761.00857919951,95238.99142080049
4569,train,25000,22857.20165583358,2142.7983441664182
1582,train,15000,16262.145432353085,-1262.1454323530852
2291,train,22000,22651.802348947716,-651.8023489477164
2869,train,22000,18448.96470350414,3551.0352964958583
1250,train,13000,19849.92197922245,-6849.92197922245
538,train,33500,43888.86056151065,-10388.86056151065
841,train,280000,341463.24091809697,-61463.24091809697
1635,train,11000,11762.021789089238,-762.0217890892382
1162,train,110000,102460.13389246831,7539.866107531692
3221,train,65000,51685.46836245345,13314.531637546548
1032,train,130000,111660.43693406043,18339.56306593957
2919,train,30000,22768.207563424716,7231.792436575284
1767,train,9000,6167.384661317242,2832.615338682758
464,train,7000,9232.937719230356,-2232.9377192303564
3765,train,14000,14825.09558605533,-825.0955860553295
2322,train,15000,12032.920355875136,2967.079644124864
4086,train,20000,21245.550439085328,-1245.5504390853275
3247,train,9000,12882.574230396878,-3882.574230396878
3924,train,24000,25458.69544083059,-1458.69544083059
4439,train,20000,11538.413669401709,8461.586330598291
3012,train,7000,6263.519709736798,736.4802902632018
3466,train,10000,10472.32330771818,-472.3233077181794
591,train,45000,43866.269793361826,1133.7302066381744
2987,train,12000,13066.645200176783,-1066.645200176783
470,train,1800,5723.579373265999,-3923.5793732659986
1440,train,22000,16331.181174209729,5668.818825790271
840,train,45000,34888.95103632831,10111.048963671688
3518,train,8500,14313.946833788623,-5813.946833788623
2918,train,24000,30264.42081780771,-6264.42081780771
488,train,18000,9992.570670519708,8007.429329480292
3016,train,4500,4999.75446048706,-499.75446048706
3442,train,9500,13076.35740019762,-3576.3574001976194
3997,train,13000,16363.047714727414,-3363.047714727414
4458,train,13000,13010.652387565875,-10.65238756587496
2724,train,5000,8727.81516079906,-3727.8151607990603
1103,train,70000,84262.03702492738,-14262.037024927384
4001,train,15000,12401.460026121595,2598.5399738784054
3940,train,7000,12726.150346186358,-5726.150346186358
795,train,18500,31643.073037644273,-13143.073037644273
4288,train,3300,4261.828943674334,-961.8289436743344
704,train,40000,40862.66591653645,-862.6659165364472
4347,train,7500,7562.889061747208,-62.88906174720796
3790,train,70000,17000.762908927958,52999.23709107204
3676,train,18000,12611.899921461216,5388.100078538784
1319,train,12000,17258.220199089083,-5258.220199089083
2270,train,60000,44620.516895536246,15379.483104463754
3786,train,250000,142779.70941541338,107220.29058458662
1291,train,85000,79320.70309230691,5679.296907693089
1414,train,85000,55600.16917275378,29399.830827246224
2139,train,7500,7496.644503073246,3.355496926754313
3119,train,11000,15347.82578755537,-4347.82578755537
1965,train,22000,29998.98124145079,-7998.981241450791
4725,train,18000,21293.78768615508,-3293.7876861550794
2173,train,12000,14466.378408547997,-2466.3784085479965
558,train,30000,22777.35738587887,7222.6426141211305
1845,train,13000,14454.288561339645,-1454.2885613396447
1634,train,8000,6482.16524984294,1517.8347501570597
431,train,23000,12968.114779614734,10031.885220385266
2439,train,30000,14018.81849299352,15981.18150700648
3543,train,12000,10206.454861891649,1793.5451381083512
349,train,6000,9917.11493933462,-3917.1149393346204
53,train,15000,10921.232728259702,4078.7672717402984
3632,train,10000,13485.310169028364,-3485.310169028364
50,train,7500,6025.998623464446,1474.0013765355543
4412,train,9000,6473.953003502567,2526.0469964974327
3284,train,7000,11186.696087948492,-4186.696087948492
2905,train,12100,18770.36157938393,-6670.361579383931
1418,train,20000,19500.03819047645,499.96180952354916
2157,train,12000,11250.403816552734,749.5961834472655
1302,train,45000,53747.23019193185,-8747.230191931849
1859,train,50000,51418.10556266435,-1418.1055626643501
3539,train,14000,21097.98930499326,-7097.989304993262
1993,train,30000,37406.24399264349,-7406.243992643489
28,train,8500,8062.11561277131,437.8843872286898
2092,train,9000,10539.609255994415,-1539.6092559944154
3243,train,25000,39442.43274406195,-14442.432744061953
3682,train,9500,8553.248466450083,946.7515335499174
3453,train,37500,34369.34635011636,3130.653649883643
1260,train,26000,27301.021730924447,-1301.0217309244472
1424,train,22000,19184.01963542539,2815.9803645746106
3440,train,14000,13608.203646085522,391.79635391447846
1933,train,8000,8725.466595447748,-725.4665954477477
204,train,5000,6100.362808911026,-1100.3628089110261
3010,train,20000,49328.96351575961,-29328.963515759613
4540,train,7000,5262.12025891246,1737.8797410875404
2803,train,4000,8692.841164329337,-4692.841164329337
3854,train,26000,15316.098623317996,10683.901376682004
1301,train,32000,31567.84498188757,432.1550181124294
4160,train,14000,9546.384376696951,4453.615623303049
1237,train,79500,45418.345997948425,34081.654002051575
3057,train,6000,10829.708605240761,-4829.708605240761
1792,train,20000,16778.517703811653,3221.4822961883474
977,train,23000,28634.27686433822,-5634.276864338219
2216,train,11000,9878.16305054436,1121.8369494556391
2913,train,40000,55977.65312170182,-15977.65312170182
1437,train,75000,95581.5375555,-20581.537555500006
2693,train,20000,14081.836190106329,5918.163809893671
4679,train,20000,18014.89142797885,1985.1085720211486
1639,train,8000,9105.499089534293,-1105.4990895342926
3449,train,15000,12808.873988567113,2191.126011432887
542,train,400000,525929.6819561551,-125929.68195615511
1362,train,170000,99882.8970786003,70117.1029213997
2415,train,80000,42775.01915357516,37224.98084642484
3002,train,15000,13246.616602682894,1753.3833973171058
2404,train,14900,12680.509316751872,2219.4906832481283
4664,train,8000,15947.256520232895,-7947.256520232895
2259,train,30000,29723.690423957214,276.3095760427859
2901,train,23000,30510.68445304197,-7510.684453041969
2497,train,7000,9478.277371436803,-2478.277371436803
1330,train,16000,11131.818062292099,4868.181937707901
2993,train,14000,14891.140137391423,-891.1401373914232
3712,train,23000,22857.32320779743,142.67679220256832
3756,train,16000,12808.835215869092,3191.1647841309077
2238,train,9000,10708.060666735608,-1708.0606667356078
330,train,3800,6864.57269454912,-3064.5726945491197
1067,train,45000,68322.08073805993,-23322.08073805993
1127,train,43000,43179.03381976209,-179.03381976208766
3834,train,40000,30817.015069541394,9182.984930458606
3343,train,18000,17993.877157532832,6.122842467168084
630,train,310000,210290.3817569402,99709.61824305981
713,train,35000,45379.52675292824,-10379.526752928243
2747,train,9500,9894.628079707214,-394.62807970721406
2094,train,20000,15085.235838146858,4914.764161853142
268,train,6500,9746.516055709884,-3246.5160557098843
3928,train,27000,27058.71588338156,-58.71588338155925
2535,train,16000,9026.042532777416,6973.9574672225845
2105,train,6000,15129.51165506378,-9129.51165506378
3851,train,27500,31407.636105232268,-3907.636105232268
1617,train,12000,14200.275072042654,-2200.275072042654
2895,train,150000,28776.97704112973,121223.02295887028
265,train,40000,29098.10312085146,10901.896879148539
4120,train,80000,68112.40819163184,11887.59180836816
2533,train,28500,26748.534944450726,1751.4650555492735
4250,train,15000,14176.778595184353,823.2214048156475
2249,train,21000,26521.923707038382,-5521.923707038382
3419,train,10500,13324.331365615486,-2824.331365615486
506,train,3300,3480.861953507328,-180.86195350732805
2994,train,6000,8404.363334864089,-2404.3633348640888
4426,train,14000,11075.44659096737,2924.553409032629
1345,train,90000,103043.65714128036,-13043.65714128036
1485,train,280000,322409.1701837223,-42409.17018372228
1796,train,10000,16751.806728904838,-6751.806728904838
233,train,21000,9173.703015615773,11826.296984384227
622,train,220000,203543.82381703038,16456.17618296962
1074,train,67000,90737.82946100365,-23737.829461003654
2821,train,20000,9336.369348417142,10663.630651582858
2601,train,30000,28873.58645405808,1126.4135459419194
1976,train,9000,10365.419013447832,-1365.4190134478322
4689,train,53000,53250.52224222955,-250.52224222954828
3223,train,15000,16234.180061559493,-1234.180061559493
220,train,3000,3720.375357547993,-720.3753575479932
4729,train,17000,18864.040230924667,-1864.0402309246674
1294,train,36000,34084.94397530282,1915.05602469718
3840,train,13000,14159.371545507634,-1159.3715455076344
428,train,5500,5797.91232569437,-297.91232569437034
429,train,8500,12191.984031235292,-3691.9840312352917
1590,train,9000,10584.975804661752,-1584.9758046617517
2460,train,13000,14600.238908930558,-1600.238908930558
2191,train,8000,6939.2850543592685,1060.7149456407315
872,train,130000,132102.49659204402,-2102.4965920440154
107,train,8000,8671.238094417045,-671.2380944170454
2234,train,6000,8981.851331718084,-2981.851331718084
613,train,30000,16556.36345095853,13443.636549041468
1760,train,10000,15320.62961521227,-5320.62961521227
4649,train,6000,6826.82093161542,-826.8209316154198
4366,train,10000,12821.416879524846,-2821.416879524846
1340,train,400000,354300.2523081897,45699.747691810306
4715,train,15000,11148.655469046389,3851.344530953611
1211,train,30000,31872.977017734578,-1872.977017734578
2132,train,8000,7743.890525942816,256.10947405718434
1168,train,150000,192029.8839521615,-42029.8839521615
861,train,95000,63188.640983527184,31811.359016472816
1567,train,14500,13506.899304587852,993.1006954121476
2667,train,11000,11723.398935255007,-723.398935255007
689,train,48000,46253.50633168443,1746.4936683155684
2690,train,9000,13931.032338427827,-4931.032338427827
2165,train,15000,13089.829537876145,1910.170462123855
348,train,20000,20444.71424078699,-444.71424078699056
2413,train,7500,11197.200345848165,-3697.200345848165
4280,train,10000,6876.381489569323,3123.618510430677
3329,train,9000,10855.623164695051,-1855.623164695051
3551,train,25000,28315.769539778572,-3315.769539778572
2054,train,15000,12890.90387000026,2109.09612999974
3298,train,23999,18211.352013561755,5787.647986438245
3029,train,35000,34953.81626552904,46.18373447095655
494,train,12000,11794.096928964385,205.90307103561463
2558,train,10000,13412.373211414842,-3412.3732114148424
4361,train,53000,34531.01461575412,18468.985384245883
3519,train,10000,13755.780816184892,-3755.7808161848916
2429,train,55000,59329.572228009696,-4329.572228009696
2168,train,42000,28495.845526034132,13504.154473965868
4030,train,19800,12383.393577511812,7416.606422488188
1561,train,10000,8712.361477460627,1287.6385225393733
4415,train,9000,10946.6447650344,-1946.6447650343998
3907,train,8000,14086.683126181395,-6086.683126181395
3970,train,12000,12257.041471025797,-257.04147102579736
2148,train,18000,14304.75550052399,3695.24449947601
3953,train,65000,33023.84119361099,31976.15880638901
2166,train,5500,9015.002769391655,-3515.0027693916545
720,train,38000,28032.51118803203,9967.48881196797
863,train,18500,20716.07259152458,-2216.0725915245785
399,train,5000,6397.840230318565,-1397.8402303185649
2214,train,10000,8876.9796978012,1123.0203021988
3594,train,7000,6418.117742019487,581.8822579805128
2430,train,20000,20759.387235560054,-759.3872355600543
3771,train,13000,15106.409663439024,-2106.4096634390244
2112,train,42000,43275.17356095741,-1275.1735609574098
3734,train,15000,24627.869337114244,-9627.869337114244
4176,train,200000,107728.13230551496,92271.86769448504
2428,train,15500,16281.734662209912,-781.7346622099121
925,train,400000,229145.47673484735,170854.52326515265
2950,train,6000,12044.569402600904,-6044.569402600904
109,train,6000,6022.291531310704,-22.29153131070416
2719,train,25000,14056.73920881267,10943.26079118733
4386,train,25000,18252.840673288258,6747.159326711742
2644,train,7000,7932.210200431975,-932.210200431975
3398,train,18000,16946.719616908278,1053.280383091722
4563,train,12000,14338.756614667367,-2338.756614667367
4296,train,8000,7504.751077610069,495.24892238993107
1511,train,15000,21821.96447809702,-6821.964478097019
4195,train,24000,25537.32102989554,-1537.3210298955382
3784,train,12000,8069.061429944014,3930.938570055986
4634,train,16000,11350.956606839738,4649.043393160262
2723,train,6000,8105.781823229791,-2105.7818232297914
1940,train,8000,7312.701542347941,687.2984576520594
1494,train,13000,12515.05412289274,484.94587710726046
4557,train,23000,22349.987928258117,650.0120717418831
2194,train,32000,42359.375637437995,-10359.375637437995
1500,train,7500,7066.932735011784,433.06726498821627
2921,train,10000,12864.42614823004,-2864.426148230041
2948,train,30000,29120.502265010502,879.497734989498
2465,train,15500,25125.464745827583,-9625.464745827583
2488,train,9000,7909.727419194432,1090.2725808055684
86,train,7000,11991.091408126947,-4991.0914081269475
1659,train,14500,11500.581464509442,2999.4185354905585
2457,train,7500,15165.9638673394,-7665.9638673394
3196,train,11000,13319.019395954956,-2319.019395954956
1676,train,150000,96362.82976165872,53637.17023834128
4308,train,17000,15072.967368139007,1927.0326318609932
1148,train,240000,223027.41945860253,16972.580541397474
3437,train,7000,7746.928718935316,-746.9287189353163
3785,train,13000,11775.929668057213,1224.0703319427867
1934,train,9500,9048.707020536636,451.29297946336374
1135,train,40000,26394.407298733622,13605.592701266378
2808,train,12500,17884.26456869849,-5384.264568698491
3607,train,30000,15035.087945540969,14964.912054459031
561,train,20000,23298.897841317143,-3298.8978413171426
3481,train,13000,14636.914429805747,-1636.9144298057472
4148,train,20000,21731.132124607506,-1731.1321246075058
826,train,1000000,195938.01496019415,804061.9850398059
949,train,180000,108944.50984626189,71055.49015373811
898,train,60000,81378.1501857514,-21378.150185751394
3511,train,65000,63691.26579078892,1308.7342092110775
80,train,14500,16024.991570263968,-1524.9915702639682
453,train,7000,9369.686339959248,-2369.6863399592476
2560,train,12000,17336.776163368177,-5336.776163368177
1396,train,30000,26580.37984999278,3419.62015000722
3250,train,14000,20754.42065826785,-6754.420658267849
570,train,45000,63812.6377406047,-18812.637740604703
1606,train,37000,26349.694281388493,10650.305718611507
1399,train,70000,76702.58839038688,-6702.588390386882
1523,train,5500,6394.916862380522,-894.9168623805217
4281,train,10000,12000.50669979163,-2000.5066997916292
240,train,8500,7436.390609195569,1063.6093908044313
451,train,5146,7130.927107872858,-1984.927107872858
1311,train,50000,50647.6191166531,-647.6191166530989
258,train,22000,16309.883728604496,5690.116271395504
3138,train,8000,7531.300311806067,468.69968819393307
102,train,21000,11177.676371502535,9822.323628497465
794,train,150000,168025.1251029829,-18025.125102982915
3575,train,60000,122212.78554554922,-62212.785545549224
1528,train,18000,17563.427020320927,436.5729796790729
4596,train,6000,6779.8346880166955,-779.8346880166955
818,train,50000,74164.36696382103,-24164.366963821027
2781,train,18000,18694.644805524775,-694.6448055247747
1088,train,50000,49556.46135246752,443.5386475324776
219,train,6500,8058.400628627774,-1558.4006286277736
245,train,7000,10414.340408399124,-3414.3404083991245
210,train,13000,12007.138736283,992.8612637170008
4371,train,40000,41276.80237985674,-1276.8023798567374
706,train,20000,32095.55697170451,-12095.556971704511
874,train,250000,225273.70838505597,24726.291614944028
2120,train,8500,8364.27739879916,135.72260120083956
1873,train,120000,87691.27248355409,32308.727516445913
337,train,7000,10909.039553614315,-3909.039553614315
1948,train,14000,13017.366052556741,982.6339474432589
1951,train,12000,8293.609544211093,3706.3904557889073
1134,train,36000,28131.96484407523,7868.035155924768
1563,train,11000,7301.778575053901,3698.2214249460994
2909,train,42000,52944.701553489256,-10944.701553489256
44,train,6000,6791.068857777237,-791.0688577772371
2892,train,20000,28258.65611087502,-8258.656110875021
1622,train,17000,20352.707203772232,-3352.707203772232
4313,train,17000,11705.425753578967,5294.5742464210325
3444,train,120000,70250.97455564956,49749.02544435044
697,train,43000,47401.162165548136,-4401.162165548136
298,train,9000,7443.041317870897,1556.9586821291032
4233,train,16000,13363.1661762608,2636.8338237392
1054,train,100000,113534.1754163064,-13534.175416306403
2406,train,10000,20885.773176347877,-10885.773176347877
2725,train,20000,14442.983770546509,5557.016229453491
4470,train,20000,47934.55764778958,-27934.55764778958
129,train,4700,6071.629416182158,-1371.629416182158
4292,train,20000,17675.661966556694,2324.338033443306
4736,val,15000,13518.949970054327,1481.0500299456726
1052,val,130000,85289.63004617442,44710.369953825575
2600,val,40000,59166.54517060151,-19166.54517060151
2818,val,60000,32711.661456317714,27288.338543682286
2820,val,55000,46447.63095109343,8552.36904890657
1037,val,55000,69852.31003415,-14852.310034149996
2610,val,42000,82283.79964740871,-40283.79964740871
1382,val,80000,68393.34648380367,11606.653516196326
2755,val,65000,53940.81184422348,11059.188155776523
2674,val,35000,42918.219241727274,-7918.2192417272745
1397,val,100000,186616.56442401718,-86616.56442401718
2206,val,21000,33057.20352153393,-12057.203521533927
1980,val,12000,8176.994819789041,3823.005180210959
4277,val,22000,24629.4918507475,-2629.4918507475013
4121,val,7500,5642.818951462205,1857.1810485377946
2033,val,30000,19031.393616107533,10968.606383892467
1446,val,22000,27153.49905043272,-5153.499050432722
3807,val,23000,15121.691939888662,7878.308060111338
2045,val,19000,12648.504762966519,6351.495237033481
4571,val,12000,14067.829399466415,-2067.8293994664145
1574,val,12000,13558.781591361658,-1558.7815913616578
4681,val,9000,11638.150521452531,-2638.1505214525314
2335,val,22000,25624.68709439839,-3624.6870943983886
1817,val,19000,18088.740520879543,911.2594791204574
2553,val,15000,10446.67767710454,4553.322322895459
3498,val,16000,14018.572360418126,1981.4276395818742
2864,val,5500,9384.445385681753,-3884.4453856817527
3777,val,17000,15803.639608556432,1196.360391443568
4599,val,16000,19750.41752362168,-3750.4175236216797
2502,val,11000,20275.44755280364,-9275.447552803638
765,val,140000,108988.57850483245,31011.421495167553
3974,val,12000,19990.776846659548,-7990.776846659548
1503,val,10500,13025.70572104075,-2525.7057210407493
1876,val,5000,5053.348665010859,-53.348665010858895
1886,val,6000,7967.4074756702,-1967.4074756702003
866,val,100000,107620.46089377238,-7620.460893772382
862,val,30000,17866.340667837336,12133.659332162664
347,val,8500,7118.522119977343,1381.4778800226568
1271,val,98000,68289.61199687219,29710.38800312781
1129,val,35000,36917.616955702724,-1917.6169557027242
2738,val,8500,11410.759884041223,-2910.759884041223
1197,val,55000,25991.828021091525,29008.171978908475
3181,val,5000,5471.468593017812,-471.46859301781205
768,val,45000,43909.86904302794,1090.1309569720615
1025,val,100000,86321.46471819116,13678.535281808843
4556,val,11000,14538.509356641938,-3538.509356641938
2453,val,6000,11312.424363357748,-5312.424363357748
1,val,20000,9982.4299391817,10017.5700608183
2843,val,28000,24290.976277922633,3709.023722077367
1281,val,95000,47349.63447747065,47650.36552252935
4377,val,20000,23028.705955063844,-3028.705955063844
1904,val,65000,39396.25828430025,25603.741715699747
3263,val,25000,15260.99073356568,9739.00926643432
2965,val,85000,42717.54124143204,42282.45875856796
4414,val,39000,26160.248057709803,12839.751942290197
209,val,8000,8003.444672729891,-3.4446727298909536
1147,val,8000,36538.72300155173,-28538.723001551727
3385,val,5700,5693.093443043748,6.906556956251734
3839,val,27000,38820.413656216435,-11820.413656216435
4143,val,60000,44964.52402247601,15035.475977523987
2926,val,5500,9941.29001518919,-4441.29001518919
3195,val,12000,12465.192360204788,-465.1923602047882
2597,val,10000,13064.201848776354,-3064.2018487763544
2302,val,60000,50671.27553409768,9328.72446590232
4469,val,16000,13596.9548564572,2403.0451435428004
638,val,190000,134489.45676895994,55510.543231040065
4489,val,15000,16710.51215082673,-1710.5121508267293
3213,val,8000,5798.8447036222,2201.1552963778004
3495,val,70000,71859.21857953268,-1859.2185795326805
285,val,25000,19661.947307126735,5338.052692873265
4667,val,15000,13741.76879100628,1258.2312089937204
3725,val,11000,8444.729514949287,2555.2704850507125
3846,val,14000,14266.107741886948,-266.10774188694813
3331,val,30000,18283.639007676607,11716.360992323393
2220,val,6500,7935.1439013034915,-1435.1439013034915
4622,val,13000,16118.252318276564,-3118.2523182765635
667,val,25000,14713.259335887435,10286.740664112565
1773,val,16000,22440.49243063042,-6440.49243063042
744,val,300000,104678.82939479526,195321.17060520474
3849,val,15000,10240.25415410942,4759.74584589058
4514,val,70000,53729.07319227648,16270.926807723517
2023,val,16000,16040.812203954882,-40.812203954881625
1732,val,10000,14475.961449986897,-4475.961449986897
2277,val,8000,7640.611961435721,359.38803856427876
1801,val,18000,10304.52486591416,7695.47513408584
3715,val,17000,18986.68841702496,-1986.6884170249614
4134,val,25000,24335.234659846625,664.7653401533753
3500,val,100000,51892.04687912988,48107.95312087012
3326,val,12000,14422.984855038163,-2422.984855038163
3583,val,10000,11564.299562347489,-1564.299562347489
3370,val,7500,12014.725878589576,-4514.725878589576
2142,val,30000,39646.1975731903,-9646.1975731903
433,val,8500,9424.360692982638,-924.3606929826383
634,val,150000,88250.55486939082,61749.44513060918
2239,val,8000,6384.7735659573345,1615.2264340426655
3413,val,30000,40703.81008645807,-10703.81008645807
262,val,15000,10739.025208440142,4260.974791559858
2007,val,14000,15857.333486207068,-1857.3334862070678
733,val,25000,28861.639355399715,-3861.639355399715
2069,val,13000,13045.601434824717,-45.60143482471722
3960,val,30000,36663.52235141152,-6663.5223514115205
814,val,100000,96068.71393829929,3931.28606170071
4706,val,12000,11384.745795855097,615.2542041449033
1077,val,98000,177491.7020619638,-79491.70206196379
975,val,100000,36455.619786134375,63544.380213865625
4335,val,30000,27988.822479340277,2011.177520659723
146,val,2200,10687.852893353702,-8487.852893353702
2021,val,35000,34588.08498328988,411.9150167101179
1895,val,6500,8185.393067936864,-1685.393067936864
3218,val,18000,14933.704842103598,3066.295157896402
2195,val,14500,11417.320405847895,3082.679594152105
4312,val,7000,13007.217048248765,-6007.217048248765
2923,val,280000,110216.622279858,169783.37772014202
64,val,3500,4210.734147778195,-710.7341477781947
4118,val,17000,18312.15078753347,-1312.1507875334682
1131,val,47000,55150.88347724524,-8150.883477245239
1196,val,120000,155576.03972368874,-35576.03972368874
336,val,7200,7225.561668362011,-25.561668362011005
1815,val,12000,11374.656468111682,625.3435318883185
4582,val,37000,43663.95515358166,-6663.955153581657
2887,val,10000,12368.41535256772,-2368.4153525677193
2154,val,9000,8605.278980009747,394.7210199902529
3944,val,45000,38217.88370906717,6782.116290932827
1290,val,80000,47434.21962782859,32565.780372171408
747,val,35000,41405.97970890448,-6405.9797089044805
2449,val,9000,9110.949217702218,-110.94921770221845
221,val,5200,9072.077402055793,-3872.077402055793
3102,val,55000,67587.23681677914,-12587.236816779143
2079,val,14000,13409.848140456692,590.1518595433081
1049,val,40000,42341.432649992676,-2341.4326499926756
1051,val,95000,57046.25716566241,37953.74283433759
4014,val,16000,12580.634882946426,3419.365117053574
2860,val,250000,62175.28997573414,187824.71002426586
1433,val,7500,33758.706700741495,-26258.706700741495
4421,val,8000,12083.30935017636,-4083.3093501763597
3009,val,15000,15268.398035165575,-268.3980351655755
4728,val,15000,20778.19246946142,-5778.192469461421
3305,val,14000,15320.51648792743,-1320.5164879274307
2057,val,9500,7247.906082326587,2252.0939176734128
992,val,140000,200780.97651646534,-60780.976516465336
994,val,65000,82894.21912644654,-17894.219126446536
4536,val,38000,21124.548729130758,16875.451270869242
1216,val,43000,65609.92892405717,-22609.928924057167
1277,val,55000,55248.43408943142,-248.43408943142276
2052,val,15000,15485.368473963777,-485.36847396377743
3991,val,18000,8709.812342697145,9290.187657302855
3169,val,10000,12386.50830482469,-2386.5083048246906
965,val,68000,92690.9665096993,-24690.966509699298
2182,val,190000,89798.82674871736,100201.17325128264
99,val,15000,18170.828448683234,-3170.8284486832345
2970,val,24000,24963.070071830018,-963.0700718300177
226,val,7000,6806.379218331528,193.62078166847186
74,val,40000,14485.075420292387,25514.924579707615
752,val,57000,62213.561894910694,-5213.561894910694
4670,val,17000,18735.529623840317,-1735.529623840317
3126,val,25000,15970.699435702109,9029.300564297891
1299,val,140000,259389.02417164954,-119389.02417164954
3448,val,120000,94560.01768048415,25439.982319515853
3193,val,15000,12469.042544574366,2530.957455425634
4650,val,32000,24256.286796628985,7743.713203371015
3573,val,7500,6165.726358645626,1334.2736413543744
2326,val,11000,12071.842956854194,-1071.8429568541942
1988,val,13000,11532.416053721052,1467.5839462789481
791,val,600000,320866.3166457347,279133.6833542653
3039,val,40000,45599.75889769901,-5599.758897699008
170,val,5000,3717.1486214108622,1282.8513785891378
3866,val,50000,49550.12933947818,449.8706605218176
2846,val,27000,38628.34218854441,-11628.342188544411
3982,val,12000,12264.211206565367,-264.2112065653673
2758,val,12000,13575.180410215366,-1575.1804102153656
2712,val,7500,10299.423898788853,-2799.423898788853
3925,val,15000,11276.871136746722,3723.128863253278
3130,val,15000,15913.012712054708,-913.0127120547077
2588,val,4000,7320.438292809736,-3320.4382928097357
906,val,4500,15992.479569082296,-11492.479569082296
4234,val,6000,4230.970101183614,1769.0298988163859
890,val,80000,64894.41004052519,15105.589959474812
1482,val,40000,30423.62056376348,9576.379436236519
535,val,30000,35702.15471424851,-5702.154714248507
1329,val,50000,30716.264851244287,19283.735148755713
2444,val,12000,8262.407684754126,3737.5923152458745
1442,val,55000,67486.93584910514,-12486.935849105139
1943,val,5000,7839.971949570804,-2839.971949570804
4151,val,12000,8032.852037785397,3967.1479622146026
2902,val,30000,69682.87175712099,-39682.871757120985
2943,val,27000,23314.956880013306,3685.0431199866944
271,val,9000,18879.728967707186,-9879.728967707186
1527,val,10000,14053.104389449554,-4053.104389449554
2373,val,8000,13232.775070933754,-5232.775070933754
3474,val,12000,10859.306798140206,1140.6932018597945
4189,val,13900,7905.550091118214,5994.449908881786
4567,val,23000,19747.187386476005,3252.8126135239945
1892,val,7500,6100.811899658646,1399.1881003413537
3291,val,10000,8192.013852600589,1807.9861473994115
3864,val,28000,34817.03516433767,-6817.035164337671
858,val,160000,121060.60181291358,38939.39818708642
3353,val,20000,26959.808183818128,-6959.808183818128
1715,val,21000,15252.39404753811,5747.60595246189
3445,val,20000,19201.827662962918,798.1723370370819
3932,val,25000,29170.061913706057,-4170.061913706057
2040,val,16000,13519.767440740265,2480.2325592597354
663,val,50000,42827.64962008215,7172.350379917851
4192,val,4700,10290.176377419397,-5590.176377419397
3202,val,12000,12657.622593785474,-657.6225937854742
1266,val,85000,42651.47502324174,42348.52497675826
217,val,30000,30317.62408068627,-317.62408068626974
1978,val,27500,20773.18874331188,6726.811256688121
2749,val,30000,30046.073157832223,-46.07315783222293
3609,val,14000,17351.946472129464,-3351.9464721294644
1473,val,45000,49174.73153341165,-4174.73153341165
2059,val,9000,13953.851322963319,-4953.851322963319
4539,val,25000,11099.159186094477,13900.840813905523
653,val,13500,25410.895625447087,-11910.895625447087
2048,val,18000,17729.16184576236,270.838154237641
42,val,5000,6035.889788764516,-1035.8897887645162
4454,val,15000,13153.277149776834,1846.7228502231665
1989,val,11000,10203.831309648442,796.1686903515583
2671,val,20500,28100.387441382354,-7600.387441382354
580,val,13000,18199.972507905033,-5199.972507905033
2792,val,7000,11340.165561480559,-4340.165561480559
916,val,90000,47896.37180028828,42103.62819971172
3789,val,36000,38926.640939780504,-2926.6409397805037
410,val,6500,9011.39119981714,-2511.3911998171407
2089,val,30000,44626.110649342736,-14626.110649342736
3735,val,28000,13673.509283085994,14326.490716914006
201,val,10000,6479.7015192345025,3520.2984807654975
2546,val,12000,9780.222212096689,2219.777787903311
2084,val,12000,15890.964010890588,-3890.964010890588
1710,val,7000,6556.444452545135,443.5555474548646
4079,val,27000,25753.8101692334,1246.1898307666015
4488,val,25000,24088.197344342876,911.802655657124
3035,val,10000,9956.127004556296,43.872995443703985
3920,val,27000,17187.93721465558,9812.06278534442
3277,val,25000,29247.555282799232,-4247.555282799232
3949,val,35000,37123.946127016534,-2123.946127016534
2656,val,5000,9324.525711827999,-4324.525711827999
1941,val,22000,8505.691165414417,13494.308834585583
2383,val,18500,16028.661773077058,2471.3382269229423
2423,val,8500,7026.036510724874,1473.9634892751264
4653,val,12000,7168.494602964967,4831.505397035033
3962,val,25000,27119.1102104108,-2119.1102104107995
565,val,44000,54212.111795154844,-10212.111795154844
3248,val,14000,17710.787266253352,-3710.787266253352
1428,val,31000,30575.63582061585,424.3641793841489
1193,val,250000,119523.93433645704,130476.06566354296
2448,val,35000,45158.720155321476,-10158.720155321476
1512,val,7000,8208.909889208708,-1208.9098892087077
2841,val,10000,10249.399157618855,-249.3991576188546
3400,val,7500,11128.111103761212,-3628.111103761212
395,val,6000,8180.828262896047,-2180.828262896047
2607,val,15500,12459.708926718464,3040.2910732815362
1097,val,29500,44571.54617804115,-15071.54617804115
1917,val,14000,15753.523112938406,-1753.5231129384065
1491,val,250000,355224.6211199281,-105224.62111992808
1453,val,55000,63600.671057396474,-8600.671057396474
1877,val,18000,10908.752025249669,7091.247974750331
3436,val,13500,15436.90345013351,-1936.90345013351
1566,val,24000,21705.031262611392,2294.968737388608
757,val,24000,25903.1780677996,-1903.1780677995994
3956,val,45000,40400.69739400685,4599.302605993151
4251,val,15500,12910.294345584665,2589.7056544153347
3603,val,6500,7408.872768251869,-908.8727682518693
1496,val,21000,27842.091346038826,-6842.091346038826
3377,val,20000,14798.361289903516,5201.638710096484
3507,val,17000,13662.74701512958,3337.25298487042
2197,val,7500,8381.554106043995,-881.5541060439955
1858,val,17000,19457.83104167932,-2457.831041679321
3841,val,9000,15824.341897373224,-6824.341897373224
1578,val,12000,14966.452419790432,-2966.452419790432
247,val,7000,12251.771694835792,-5251.771694835792
2170,val,15000,16120.65511251666,-1120.6551125166607
3069,val,14000,6531.013206481785,7468.986793518215
1093,val,75000,114480.72210630887,-39480.722106308865
808,val,60000,25445.959916041073,34554.04008395893
2837,val,150000,190249.75690447545,-40249.75690447545
4061,val,13000,12947.425289097113,52.57471090288709
2703,val,10000,13144.45948793803,-3144.4594879380293
2417,val,13000,16049.980917131641,-3049.980917131641
2590,val,20000,29294.119511140547,-9294.119511140547
4409,val,46000,63188.945654469106,-17188.945654469106
2245,val,11000,11778.141027559608,-778.1410275596081
3560,val,20000,14660.44377332229,5339.556226677711
4029,val,15000,22479.46442590606,-7479.464425906059
2409,val,7000,12003.736333066945,-5003.736333066945
3568,val,26000,25933.30744669638,66.6925533036192
592,val,170000,149686.61208594835,20313.38791405165
1979,val,16000,14796.860178125156,1203.1398218748436
373,val,15000,14837.030453162402,162.9695468375976
2732,val,20000,11558.928340169168,8441.071659830832
2678,val,17000,13284.965457242317,3715.034542757683
2751,val,13000,14705.446334564129,-1705.4463345641288
1826,val,7000,8138.716774610642,-1138.7167746106416
301,val,15000,16220.63018654504,-1220.6301865450405
2900,val,16000,27150.37455787017,-11150.374557870171
3316,val,7000,7605.620729027455,-605.6207290274551
648,val,80000,80934.09408743994,-934.0940874399384
3645,val,20000,16570.309312991827,3429.690687008173
457,val,8000,7367.408912434575,632.5910875654254
1679,val,40000,28989.387273866785,11010.612726133215
3219,val,15000,17687.00042157878,-2687.0004215787812
3030,val,34999,42456.16136882964,-7457.161368829642
3261,val,12000,9537.092631757747,2462.907368242253
1016,val,45000,53659.336109768024,-8659.336109768024
3033,val,15000,9278.492082271923,5721.507917728077
4369,val,7000,7260.6471017834465,-260.6471017834465
3318,val,20000,35151.75386471086,-15151.75386471086
3662,val,13500,7254.629019293902,6245.370980706098
2830,val,12000,24607.278314630355,-12607.278314630355
4077,val,25000,14842.762526843326,10157.237473156674
1019,val,20000,14280.119021421739,5719.880978578261
3446,val,21000,14266.257388068045,6733.742611931955
1891,val,36000,31624.49915081987,4375.500849180131
1336,val,21000,15403.0332411975,5596.9667588025
3927,val,12000,12505.22458182402,-505.2245818240208
4703,val,60000,40903.639564679805,19096.360435320195
4522,val,9500,8375.988849444871,1124.0111505551286
2655,val,9500,12032.11731162985,-2532.1173116298505
187,val,8000,12589.738168725868,-4589.738168725868
1584,val,27000,24432.549294403354,2567.450705596646
2726,val,10000,10127.891160465806,-127.89116046580602
287,val,7500,19012.999859459815,-11512.999859459815
1156,val,260000,122295.1644807892,137704.83551921078
3348,val,53000,52413.687383162374,586.3126168376257
3679,val,11000,10848.1181162005,151.88188379950043
3740,val,36000,40611.97766471904,-4611.977664719037
1263,val,27000,39843.89928512688,-12843.899285126878
503,val,40000,25552.386114883102,14447.613885116898
1747,val,15000,13015.126152089793,1984.8738479102067
4410,val,12000,13608.860492087806,-1608.860492087806
2329,val,8500,9357.744474423142,-857.7444744231416
600,val,300000,136003.99181273172,163996.00818726828
2592,val,150000,38722.115490737815,111277.88450926219
4497,val,12500,12912.686450515554,-412.6864505155536
3934,val,12000,13221.800757313527,-1221.8007573135274
675,val,21000,18191.796719086913,2808.203280913087
4724,val,5000,8662.098550015422,-3662.098550015422
4019,val,12500,9911.449919401011,2588.5500805989886
2542,val,45000,26551.21157400845,18448.78842599155
2478,val,20000,16194.043314584114,3805.9566854158857
2522,val,65000,27324.00981561791,37675.99018438209
2809,val,30000,41093.32300186034,-11093.323001860343
2501,val,10000,8340.938540655792,1659.0614593442078
2280,val,30000,32057.6437727868,-2057.6437727867997
1868,val,22500,42138.17680328138,-19638.176803281378
3422,val,7500,5059.507184696187,2440.4928153038127
999,val,1200000,243923.26483318486,956076.7351668151
2786,val,150000,92537.9341044191,57462.065895580905
2870,val,21000,12038.403179169623,8961.596820830377
4345,val,5000,7118.048449601873,-2118.0484496018726
1837,val,17000,30508.1419426281,-13508.141942628099
4431,val,12000,13410.1680634551,-1410.1680634550994
3653,val,10000,8232.502258479737,1767.497741520263
1317,val,80000,50141.71128337383,29858.28871662617
1456,val,140000,197569.4866893379,-57569.48668933791
2470,val,2000,7591.29899265157,-5591.29899265157
1545,val,8000,8201.300397905708,-201.30039790570845
595,val,75000,120921.1884936015,-45921.1884936015
230,val,3500,6063.4179782144165,-2563.4179782144165
4623,val,11000,5488.279768275745,5511.720231724255
4441,val,30000,18629.327017834195,11370.672982165805
4105,val,6000,8887.673399610321,-2887.673399610321
3024,val,13000,11256.73120581285,1743.26879418715
2232,val,150000,108765.2069504167,41234.7930495833
2721,val,47000,42880.925810419794,4119.074189580206
3876,val,14000,13405.401682791697,594.5983172083033
40,val,7200,6484.4654291592415,715.5345708407585
3322,val,10000,6751.678027820027,3248.3219721799733
3781,val,27999,28458.655438608894,-459.65543860889375
1681,val,16000,19308.405783655446,-3308.4057836554457
3396,val,8000,10133.128972065811,-2133.1289720658115
4541,val,10000,10872.602212008056,-872.6022120080561
1857,val,27000,17793.030879090562,9206.969120909438
2158,val,24000,23160.27147931294,839.7285206870583
3589,val,7000,11513.491162500137,-4513.491162500137
3244,val,9000,8558.711970033113,441.2880299668868
4391,val,13500,10201.093895732614,3298.9061042673857
824,val,48000,44211.65146208674,3788.3485379132617
55,val,7000,5774.946291592137,1225.0537084078633
2267,val,10000,12712.432377378263,-2712.4323773782635
3531,val,20000,24906.25949707416,-4906.259497074159
3092,val,9000,12607.634708322208,-3607.634708322208
2407,val,40000,23249.14391618843,16750.85608381157
3563,val,18000,15193.98074030713,2806.01925969287
1896,val,6000,8333.505587525235,-2333.5055875252347
333,val,30000,17607.897025755665,12392.102974244335
32,val,6000,6915.828680124459,-915.8286801244594
1235,val,200000,299988.99498080806,-99988.99498080806
4485,val,12000,9244.358578486319,2755.641421513681
1991,val,23500,16316.640579205665,7183.359420794335
1367,val,55000,35936.41137678439,19063.58862321561
4638,val,8000,6921.126934108993,1078.8730658910072
2347,val,10000,12211.865428830446,-2211.865428830446
2454,val,22000,23958.32817869582,-1958.3281786958214
1221,val,6500,19288.36778310522,-12788.36778310522
2371,val,65000,75890.4763707783,-10890.476370778299
1893,val,9000,8048.050211420237,951.9497885797628
1126,val,50000,46560.21024831647,3439.789751683529
2171,val,6000,7566.979804259103,-1566.9798042591028
2131,val,10000,9229.55322857517,770.4467714248294
2468,val,13000,13365.637543566665,-365.63754356666504
1065,val,18000,15438.245799784147,2561.7542002158534
3634,val,19000,21973.62842285877,-2973.6284228587683
1636,val,40000,37223.825811698276,2776.174188301724
1262,val,41000,45347.30213812233,-4347.30213812233
3845,val,9500,9398.378042784461,101.62195721553871
3408,val,5000,10262.756293204122,-5262.756293204122
1616,val,100000,128442.2689853758,-28442.268985375806
2729,val,5500,8483.825231882625,-2983.8252318826253
2509,val,32000,29709.06600306386,2290.933996936139
1548,val,20000,29180.99846610339,-9180.998466103389
3714,val,45000,21377.499961535388,23622.500038464612
2530,val,20000,15895.47324269786,4104.526757302139
4446,val,15000,18242.640779075584,-3242.640779075584
2972,val,10500,19396.754445652696,-8896.754445652696
3141,val,13000,11782.286237127004,1217.713762872996
3197,val,8000,9367.265665384684,-1367.2656653846843
4647,val,16000,17243.706871200353,-1243.706871200353
1206,val,32000,38277.18425007136,-6277.184250071361
4089,val,10000,12212.88572683499,-2212.8857268349893
1935,val,9000,21973.313872804254,-12973.313872804254
2793,val,18500,19068.211772191764,-568.2117721917639
873,val,40000,33581.7202523339,6418.2797476661
772,val,120000,88868.84927286631,31131.15072713369
1953,val,9500,13565.810379619294,-4065.8103796192936
3532,val,17000,17880.279943156143,-880.2799431561434
3401,val,15000,11977.051370917467,3022.9486290825334
207,val,6000,8605.630374168264,-2605.630374168264
3825,val,10000,12347.328619013326,-2347.328619013326
20,val,7900,6770.188055302227,1129.8119446977726
3556,val,9500,14189.877894939034,-4689.877894939034
952,val,59000,43591.523139381374,15408.476860618626
4215,val,40000,36460.9522826335,3539.0477173664985
4686,val,7000,6162.0885798060735,837.9114201939265
3561,val,13000,12020.167477677809,979.8325223221909
3818,val,8500,5851.540881084651,2648.459118915349
1666,val,50000,70946.59798019167,-20946.59798019167
1925,val,15000,13319.541418966757,1680.4585810332428
3752,val,10000,7043.682967153587,2956.317032846413
1735,val,8000,6396.022441465906,1603.977558534094
444,val,10000,11623.91817427897,-1623.9181742789697
3608,val,4000,6968.951380519988,-2968.9513805199877
556,val,32000,21998.230681451318,10001.769318548682
1078,val,16000,14487.849311348375,1512.1506886516254
75,val,12500,13046.341058748005,-546.3410587480048
197,val,15000,15573.785725882975,-573.7857258829754
1120,val,90100,70548.25168195377,19551.74831804623
2845,val,18000,25557.024211160522,-7557.024211160522
10,val,25000,24620.790924031357,379.20907596864345
4093,val,12000,13275.195801875921,-1275.1958018759215
181,val,50000,16558.989276159802,33441.0107238402
4404,val,12000,16891.717645915505,-4891.717645915505
1609,val,8000,8492.077238006299,-492.077238006299
96,val,12000,16670.350030538524,-4670.350030538524
4141,val,15500,11626.095671163805,3873.9043288361954
4707,val,110000,69824.85132545402,40175.148674545984
355,val,5200,6245.977535702212,-1045.9775357022118
2127,val,10000,8301.00275023348,1698.9972497665203
1740,val,6000,7980.705795733075,-1980.7057957330753
292,val,15000,11624.55272587551,3375.44727412449
806,val,19500,39267.32434291477,-19767.32434291477
1114,val,55000,79990.97007859293,-24990.97007859293
2389,val,90000,80254.90526774494,9745.094732255064
2263,val,9000,8282.235484997424,717.7645150025764
158,val,14500,12694.538620700085,1805.4613792999153
4053,val,35000,17313.025828602335,17686.974171397665
3251,val,8000,10975.162419387681,-2975.1624193876814
3080,val,11000,12086.370796654575,-1086.3707966545753
2772,val,20200,18609.591684610943,1590.408315389057
2557,val,12000,16054.80733775371,-4054.8073377537094
127,val,8000,8224.572433098994,-224.57243309899422
1930,val,18000,23491.307503486823,-5491.307503486823
654,val,18000,43801.10361465356,-25801.103614653563
2505,val,35000,9991.492635063347,25008.507364936653
4186,val,20000,22495.090609910487,-2495.090609910487
1429,val,60000,46091.47609184359,13908.523908156407
4721,val,8000,11292.319842036366,-3292.319842036366
443,val,5500,6508.183365716605,-1008.1833657166053
4646,val,10000,10643.611820110034,-643.6118201100344
2394,val,260000,169987.01511548285,90012.98488451715
1145,val,50000,28296.247094867384,21703.752905132616
4128,val,22000,22633.66754438893,-633.667544388929
1583,val,19000,21844.87869372368,-2844.87869372368
3414,val,12500,8805.093006508363,3694.906993491637
4392,val,21000,18284.33775118573,2715.662248814271
2015,val,5000,7089.3968883555735,-2089.3968883555735
978,val,40000,42210.42113768357,-2210.4211376835665
4430,val,22000,19550.51183581558,2449.4881641844186
3186,val,14000,14574.50627564467,-574.5062756446696
1729,val,6500,8386.213527789687,-1886.2135277896869
275,val,30000,15603.993135502405,14396.006864497595
1113,val,70000,67320.8384330025,2679.1615669975
3535,val,12000,12842.95130713917,-842.9513071391702
2945,val,5000,11265.398943113392,-6265.398943113392
117,val,7000,7355.692212157337,-355.69221215733705
671,val,65000,82957.34608534256,-17957.346085342564
3315,val,7000,6223.278476704328,776.7215232956723
574,val,55000,54793.18620419659,206.8137958034131
3406,val,7500,12313.00009532105,-4813.000095321049
3096,val,15000,28808.544115758687,-13808.544115758687
2888,val,20000,17403.12169742344,2596.878302576559
1436,val,80000,32206.20308438622,47793.796915613784
3177,val,7500,11139.60084459323,-3639.6008445932293
647,val,53000,48757.27953238161,4242.72046761839
2244,val,17000,16593.58401333031,406.41598666969
2078,val,4000,5521.602735131767,-1521.602735131767
1932,val,10000,13045.433490942049,-3045.4334909420486
175,val,5500,8121.748224450931,-2621.748224450931
1137,val,32000,42119.231068850524,-10119.231068850524
1356,val,74999,38422.13716668692,36576.86283331308
13,val,5500,6358.963314995971,-858.9633149959709
915,val,10000,19041.161332208823,-9041.161332208823
3922,val,9000,18617.483542211565,-9617.483542211565
3943,val,14000,23309.06764615189,-9309.067646151889
234,val,4500,4945.714967675736,-445.71496767573626
1343,val,80000,101854.25120198898,-21854.251201988984
3167,val,16000,13330.181226426084,2669.8187735739157
1850,val,8900,19637.30245426621,-10737.30245426621
3122,val,12500,15959.201424516392,-3459.201424516392
3678,val,23000,24381.76259166678,-1381.7625916667785
236,val,4500,3608.185599462308,891.8144005376921
4191,val,9000,12330.27292398158,-3330.27292398158
1824,val,16500,21926.739829455055,-5426.739829455055
2938,val,25000,35758.24353299717,-10758.24353299717
3710,val,22000,17607.758814136057,4392.2411858639425
4595,val,12000,8106.105232524847,3893.8947674751525
2222,val,22000,33850.88211266953,-11850.882112669533
3569,val,9000,12608.827878840371,-3608.8278788403713
149,val,20000,18584.45099172407,1415.5490082759316
4020,val,25000,28722.44626816715,-3722.4462681671503
4598,val,10000,6738.356124762361,3261.643875237639
3132,val,15000,11769.676901763713,3230.3230982362875
2458,val,5500,13215.928893520604,-7715.928893520604
383,val,10000,8831.203318516295,1168.7966814837055
4185,val,16000,13933.688116159079,2066.311883840921
4731,val,12000,13356.376704574202,-1356.3767045742024
3320,val,18000,12023.74738622864,5976.252613771359
4592,val,12000,14261.911353195046,-2261.911353195046
3346,val,9000,12780.143651284126,-3780.1436512841265
1808,val,70000,9763.65936151169,60236.34063848831
2013,val,25500,33947.10973200504,-8447.10973200504
3065,val,15000,17007.797147646535,-2007.7971476465354
737,val,22000,27578.09471383345,-5578.094713833449
1757,val,7000,5802.191269736154,1197.808730263846
803,val,50000,127462.34994760818,-77462.34994760818
1226,val,15000,31111.352732026833,-16111.352732026833
3879,val,11000,13823.287535120071,-2823.287535120071
1580,val,15000,13514.603570237328,1485.3964297626717
3780,val,13000,14730.677881405347,-1730.6778814053469
2353,val,22000,15159.98140860386,6840.0185913961395
4247,val,8500,10329.50473305738,-1829.5047330573798
4594,val,30000,36672.15968806171,-6672.159688061707
1265,val,65000,84213.06731561606,-19213.067315616063
4364,val,28000,21035.344171421886,6964.655828578114
3393,val,13000,10598.672814654758,2401.3271853452425
4166,val,14000,18078.513446235847,-4078.5134462358474
118,val,3900,5000.033855180084,-1100.0338551800842
725,val,600000,187397.37977098246,412602.6202290176
2129,val,13000,16391.73291537438,-3391.7329153743813
1791,val,8000,7716.641259435539,283.3587405644612
1426,val,47000,40322.062384826044,6677.937615173956
521,val,18000,18951.01092051964,-951.0109205196386
3952,val,12500,14466.055232144074,-1966.0552321440737
583,val,28000,30224.60668724721,-2224.606687247211
361,val,8000,7733.47599673795,266.5240032620504
1602,val,15000,22384.466442253914,-7384.466442253914
3647,val,600000,14325.445661787347,585674.5543382127
4718,val,30000,25893.523933354605,4106.476066645395
95,val,5000,4272.240988724288,727.7590112757116
4394,val,10000,12238.47753386545,-2238.477533865451
956,val,40000,38204.95931445007,1795.0406855499314
1894,val,18000,30451.48151930496,-12451.481519304962
1727,val,15000,13416.511866904577,1583.488133095423
228,val,14000,14620.869937838082,-620.8699378380825
1944,val,6000,6324.509302841843,-324.50930284184324
1402,val,32000,24318.218623331337,7681.781376668663
1743,val,20000,18451.245960728003,1548.7540392719966
2669,val,55000,47786.976276057074,7213.023723942926
4555,val,15000,17297.238334971513,-2297.238334971513
2332,val,6000,6826.1310346464825,-826.1310346464825
1721,val,22000,34848.376887882114,-12848.376887882114
3229,val,25000,24515.10138286551,484.89861713449136
3692,val,8500,9107.505714312802,-607.5057143128015
4078,val,35000,27117.738737167216,7882.261262832784
934,val,310000,322033.92237086745,-12033.922370867454
3976,val,45000,19213.8500894209,25786.1499105791
4129,val,15000,11935.698985112187,3064.301014887813
4433,val,15000,24590.040973480747,-9590.040973480747
1117,val,150000,98861.96945346455,51138.03054653545
3995,val,130000,7695.141904814865,122304.85809518513
185,val,8000,10013.40530631866,-2013.4053063186602
489,val,8000,7871.8230423689865,128.17695763101347
560,val,44000,64360.16567798594,-20360.16567798594
868,val,45000,43891.43910356346,1108.5608964365383
2145,val,25000,14926.722416335619,10073.277583664381
1713,val,20000,17877.374798747554,2122.6252012524455
3681,val,15000,11908.483059185653,3091.5169408143465
3552,val,10000,7537.774299308675,2462.225700691325
1902,val,8000,17673.1913896309,-9673.191389630902
2388,val,9000,10562.41040727007,-1562.4104072700702
3108,val,15000,9462.354059150279,5537.645940849721
3745,val,8500,14157.40819864535,-5657.408198645349
130,val,4500,5148.6917533400665,-648.6917533400665
2559,val,10000,17671.008224974525,-7671.008224974525
3230,val,9000,11898.166346668715,-2898.166346668715
4550,val,21000,15245.552998512747,5754.447001487253
2138,val,5000,4960.564443248896,39.43555675110383
1752,val,16000,21244.86110721924,-5244.86110721924
3345,val,20000,23842.514131222757,-3842.514131222757
1931,val,120000,109066.30874964118,10933.691250358825
1573,val,10500,15342.096636511278,-4842.096636511278
171,val,9000,9164.09436208241,-164.09436208240913
3027,val,12000,6316.698281000607,5683.301718999393
1637,val,10000,15112.278539775754,-5112.278539775754
2848,val,350000,46398.85297687388,303601.14702312613
3821,val,19000,13472.243304667754,5527.756695332246
2753,val,18000,17438.442978562492,561.5570214375075
3727,val,25000,20170.510432647214,4829.489567352786
4427,val,10000,5256.145744305143,4743.854255694857
3737,val,3500,4804.502560206206,-1304.502560206206
3302,val,10000,14860.138638073819,-4860.138638073819
3557,val,18000,18041.291574873234,-41.29157487323391
2835,val,18000,13950.360170189822,4049.6398298101776
1381,val,45000,48189.23420205632,-3189.234202056323
534,val,32000,39731.85471100036,-7731.8547110003565
3086,val,10000,8355.025450814679,1644.974549185321
1910,val,12000,27332.8245724011,-15332.8245724011
4333,val,10000,18469.972873582472,-8469.972873582472
2043,val,21000,27858.456964062643,-6858.456964062643
3303,val,20000,15869.401320589759,4130.598679410241
1214,val,40000,31345.941738371337,8654.058261628663
374,val,6200,9506.082115781695,-3306.0821157816954
1055,val,35000,13745.53003005886,21254.46996994114
3255,val,20000,26346.782037761364,-6346.782037761364
1907,val,11000,8730.321269963682,2269.6787300363176
100,val,22000,28345.072747053062,-6345.072747053062
3201,val,60000,47075.159608278416,12924.840391721584
2425,val,18000,15901.328092162992,2098.671907837008
255,val,5300,6797.314863664983,-1497.314863664983
1798,val,30000,60045.37538701977,-30045.37538701977
3961,val,7000,10072.62964400741,-3072.6296440074093
828,val,130000,189996.87311518288,-59996.87311518288
1610,val,7500,7452.7019468870985,47.29805311290147
1647,val,8500,15696.070454373606,-7196.0704543736065
1672,val,18000,17114.351893140192,885.6481068598077
1726,val,7000,6058.558003516134,941.4419964838662
4450,val,30000,25563.880972021965,4436.119027978035
606,val,170000,200615.48092731758,-30615.480927317578
2969,val,9000,9218.972878036451,-218.97287803645122
1632,val,20000,7283.043193435596,12716.956806564405
2882,val,15000,14544.8612081341,455.1387918659002
4203,val,7000,8473.968307674917,-1473.968307674917
4666,val,15000,24418.4406776013,-9418.440677601298
1209,val,80000,84508.19330616327,-4508.1933061632735
3282,val,16500,21324.40350262748,-4824.40350262748
3911,val,12000,15059.867633889839,-3059.8676338898385
3482,val,13000,14288.453875671694,-1288.4538756716938
2074,val,11500,8360.8554149979,3139.144585002099
1835,val,16000,16413.640524324826,-413.6405243248264
4299,val,15500,20803.255880358516,-5303.255880358516
1123,val,80000,48065.02866206753,31934.971337932468
3306,val,11000,12487.161005023934,-1487.1610050239342
2240,val,13500,10606.1053981186,2893.8946018814004
1178,val,57000,54472.03982000736,2527.9601799926386
1314,val,14500,22636.00880594824,-8136.0088059482405
1981,val,75000,66620.73827777946,8379.261722220544
4124,val,10000,11239.40726066294,-1239.4072606629397
3754,val,7000,11961.30610916664,-4961.30610916664
70,val,7500,5610.784811148148,1889.215188851852
1918,val,6000,9715.89225185129,-3715.89225185129
896,val,180000,207488.17427500524,-27488.174275005236
3430,val,14000,13726.504394214064,273.4956057859363
1157,val,300000,299698.6381849045,301.3618150954717
4202,val,13000,7830.478873385556,5169.521126614444
3684,val,11000,8772.769960886455,2227.230039113545
4161,val,9500,6807.260743963226,2692.7392560367743
577,val,85000,49800.91489859405,35199.08510140595
3503,val,17000,14106.463203596675,2893.536796403325
690,val,18000,23141.81626070638,-5141.816260706379
2962,val,17000,13106.453664948913,3893.546335051087
3412,val,30000,33510.792137294615,-3510.792137294615
2741,val,30000,26892.08653860715,3107.913461392851
416,val,6500,7043.082920924667,-543.0829209246667
555,val,190000,226029.11394537048,-36029.11394537048
3131,val,22000,15274.338410115528,6725.661589884472
3667,val,20000,14671.027119719402,5328.9728802805985
1013,val,35000,29325.5770787786,5674.422921221401
2979,val,6500,13024.223639987917,-6524.223639987917
4521,val,55000,45011.93033655466,9988.069663445342
1422,val,70000,41131.41022369722,28868.589776302782
4537,val,67000,38539.08623034822,28460.91376965178
3581,val,13000,12878.994991008207,121.00500899179315
4090,val,12000,9050.415170220214,2949.5848297797857
1657,val,6900,5937.22914651383,962.7708534861704
71,val,16000,15422.684132299915,577.3158677000847
4336,val,15000,21739.854416614293,-6739.854416614293
3580,val,6000,6998.669244333064,-998.669244333064
1101,val,33000,32166.37146878096,833.6285312190412
3512,val,7500,6529.871704008567,970.1282959914333
1802,val,30000,32037.689830469943,-2037.6898304699425
481,val,10000,7821.746981336331,2178.2530186636686
3923,val,12000,12392.797314252044,-392.7973142520441
1368,val,15000,14942.345919136209,57.65408086379102
1970,val,30000,32116.52282691252,-2116.522826912518
2028,val,10500,12339.58448496801,-1839.5844849680107
1393,val,60000,79158.47398922307,-19158.473989223072
4527,val,22000,21416.83463426086,583.1653657391398
2827,val,18000,22776.713549020937,-4776.713549020937
3623,val,17000,11599.95246523687,5400.047534763131
2374,val,11000,15400.364757154166,-4400.364757154166
1460,val,17000,15003.03885595494,1996.9611440450608
4612,val,11000,12450.133839641763,-1450.1338396417632
4009,test,38000,30620.655570419585,7379.344429580415
3431,test,18000,14858.45815731604,3141.5418426839606
3613,test,100000,118873.89749937005,-18873.897499370054
1455,test,700000,262268.3790370389,437731.6209629611
4349,test,15500,13715.364718099732,1784.6352819002677
1004,test,35000,18103.64743548894,16896.35256451106
3898,test,9000,11437.493695416508,-2437.4936954165078
2060,test,25000,40674.53753139197,-15674.537531391972
3677,test,11000,10075.44056990527,924.5594300947305
3204,test,23999,19675.270348307764,4323.729651692236
608,test,41000,55317.475595183896,-14317.475595183896
1098,test,53000,69086.03877330327,-16086.03877330327
3165,test,7500,7865.041650141073,-365.04165014107275
3819,test,10000,17140.587060934515,-7140.587060934515
435,test,5500,6517.349693419443,-1017.3496934194427
848,test,50000,20479.2407083767,29520.7592916233
531,test,22000,17878.79308510158,4121.206914898419
3153,test,15000,8218.231443271923,6781.768556728077
4712,test,5500,4257.29249308613,1242.70750691387
4101,test,12000,18504.977890605664,-6504.977890605664
3082,test,15000,17979.901600489604,-2979.901600489604
2896,test,25000,14667.211670589117,10332.788329410883
145,test,7000,13097.144497162864,-6097.144497162864
2025,test,35000,18505.495448333448,16494.504551666552
700,test,120000,99617.21138161134,20382.78861838866
2794,test,8500,13808.553209122514,-5308.553209122514
2327,test,42000,27837.234181117692,14162.765818882308
632,test,65000,74710.36095102652,-9710.360951026523
150,test,7000,10362.722800326317,-3362.722800326317
3152,test,5700,6744.565910635349,-1044.5659106353487
3026,test,8900,7372.403592648347,1527.5964073516534
3805,test,10000,10839.012821091974,-839.0128210919738
2441,test,16500,17221.532142784683,-721.532142784683
694,test,26000,21839.701407795783,4160.298592204217
1814,test,11000,14561.401567295285,-3561.4015672952846
2062,test,11000,13881.733652071018,-2881.733652071018
928,test,110000,90202.70516929947,19797.294830700528
485,test,7000,7340.35256151086,-340.35256151086014
2290,test,5000,5492.894366781123,-492.8943667811227
1043,test,130000,74885.75490893293,55114.245091067074
2614,test,16000,9944.680826279653,6055.319173720347
3889,test,22000,19555.1202626344,2444.8797373656016
2763,test,35000,27290.23655813667,7709.7634418633315
3555,test,5000,7728.670619085296,-2728.6706190852956
3811,test,32000,35867.10412328312,-3867.1041232831194
959,test,24000,20836.828884168695,3163.1711158313046
279,test,4500,10855.85352877442,-6355.85352877442
1360,test,32000,23980.87287148834,8019.12712851166
4381,test,10000,16913.593275377087,-6913.593275377087
676,test,20000,27933.469478791223,-7933.469478791223
735,test,55000,58740.714590678064,-3740.7145906780643
2042,test,7000,9193.67117232383,-2193.6711723238295
2550,test,5000,11961.524342138047,-6961.524342138047
4606,test,25000,16902.51326528438,8097.486734715621
2359,test,5000,7270.751055723039,-2270.751055723039
627,test,40000,43671.126693307546,-3671.126693307546
3652,test,7000,7362.479161159181,-362.4791611591809
31,test,15000,11784.035350610433,3215.964649389567
4091,test,5300,6005.867235971123,-705.8672359711227
2321,test,4000,6945.2625200102475,-2945.2625200102475
3439,test,15000,12437.111880143684,2562.888119856316
1942,test,12000,12735.347218490971,-735.3472184909715
1575,test,32000,22042.356790334397,9957.643209665603
2890,test,15000,11155.76519819915,3844.2348018008506
3134,test,5000,4386.185462323589,613.8145376764114
2219,test,10000,8616.709269931325,1383.2907300686747
887,test,230000,263998.9549467195,-33998.95494671952
672,test,160000,101128.08633708963,58871.913662910374
2272,test,17000,20864.69126598652,-3864.6912659865193
422,test,12000,9524.341914736324,2475.658085263676
1318,test,55000,42489.783433042874,12510.216566957126
1331,test,55000,61004.75920285129,-6004.759202851288
174,test,9000,9683.3217595868,-683.3217595868009
182,test,12000,12413.71300767788,-413.71300767787943
2940,test,24500,21995.183250829883,2504.816749170117
2183,test,90000,16104.901426870778,73895.09857312922
502,test,3700,4967.941390057504,-1267.9413900575037
2426,test,11500,11051.01702104922,448.9829789507803
4365,test,57000,43570.99111231662,13429.008887683383
1060,test,35000,44062.37942764969,-9062.379427649692
184,test,12000,11338.353585555342,661.6464144446581
3166,test,30000,35494.268466674446,-5494.268466674446
714,test,32000,36583.94562649223,-4583.945626492226
2663,test,37000,46822.15226980781,-9822.152269807812
4604,test,15000,12098.913756831704,2901.0862431682963
571,test,57000,54460.91649723888,2539.0835027611174
587,test,32000,34464.92982654418,-2464.929826544183
272,test,6000,4759.218755641286,1240.7812443587136
4507,test,16000,11259.683628517656,4740.316371482344
203,test,5000,5080.466815107227,-80.46681510722738
2436,test,90000,76179.62807430055,13820.371925699452
3772,test,14000,12050.870446279645,1949.129553720355
1349,test,78000,85279.33281997839,-7279.332819978386
243,test,7000,12577.30880319139,-5577.30880319139
3809,test,18500,16971.99277745444,1528.0072225455588
155,test,10000,10725.563131331128,-725.5631313311278
3164,test,15000,14808.758302753646,191.2416972463543
590,test,150000,119714.3197178694,30285.680282130605
4657,test,9000,7198.949911833386,1801.050088166614
805,test,42000,20590.04928309423,21409.95071690577
1913,test,6000,7140.204838008686,-1140.2048380086862
1627,test,20000,30243.304850675886,-10243.304850675886
4210,test,15000,13110.516574985186,1889.4834250148142
1321,test,90000,84004.11845592907,5995.8815440709295
2393,test,20000,8756.656190013673,11243.343809986327
3021,test,14000,14215.1704943348,-215.1704943347995
4140,test,17000,14840.088772162666,2159.911227837334
3355,test,10000,5534.097443206563,4465.902556793437
2438,test,25000,13094.683362412352,11905.316637587648
1044,test,40000,41296.45934809709,-1296.459348097087
2484,test,8500,9713.528923959,-1213.5289239590002
1020,test,75000,70405.04955519401,4594.950444805989
4403,test,8500,10343.16276458859,-1843.1627645885892
3382,test,8500,7234.84973648839,1265.1502635116103
2186,test,22000,27071.918736625004,-5071.918736625004
4609,test,7500,6610.190153293555,889.8098467064447
1173,test,60000,42576.980750366696,17423.019249633304
4423,test,10000,6558.696716190156,3441.3032838098443
93,test,6000,5089.360583874324,910.6394161256758
3148,test,18000,16259.437442882609,1740.5625571173914
1352,test,90000,56287.93998611715,33712.06001388285
1011,test,26000,30420.404454479347,-4420.404454479347
266,test,6000,9931.56904307358,-3931.5690430735795
1242,test,35000,35952.31299133161,-952.3129913316079
363,test,5000,6463.442041921167,-1463.4420419211674
3597,test,14500,20857.94096878584,-6357.940968785839
4097,test,22000,21985.033840990254,14.966159009745752
4459,test,10000,11299.7304327971,-1299.7304327970996
2356,test,24000,29413.150411647897,-5413.150411647897
2589,test,100000,47040.72554805974,52959.27445194026
3123,test,90000,53811.21159171694,36188.78840828306
3600,test,9000,11374.828813553459,-2374.8288135534585
2791,test,14000,14397.045934379918,-397.0459343799175
579,test,80000,65799.4344997029,14200.565500297103
1138,test,17000,16158.144819639125,841.8551803608752
1154,test,95000,89222.31007948786,5777.689920512144
701,test,400000,204584.53313668564,195415.46686331436
669,test,65000,101451.20292327488,-36451.202923274876
3252,test,13500,20201.978790782752,-6701.978790782752
1001,test,45000,40398.672687933664,4601.327312066336
1322,test,43000,47662.425839530806,-4662.425839530806
618,test,80000,79968.1086330207,31.891366979296436
1867,test,8500,11770.70046809741,-3270.7004680974096
4027,test,15000,11130.018840428598,3869.981159571402
3615,test,7500,6519.187810680485,980.8121893195148
3813,test,7000,9895.415487525666,-2895.4154875256663
4496,test,10000,9750.90949729967,249.09050270033003
767,test,130000,170951.53934138408,-40951.53934138408
3403,test,10000,11893.920465125284,-1893.920465125284
4549,test,11000,17992.95309987405,-6992.953099874048
2847,test,17000,21293.461348194356,-4293.461348194356
4479,test,15000,13580.601750956845,1419.3982490431554
4209,test,26000,28311.200931460502,-2311.200931460502
629,test,38000,59312.58715705005,-21312.587157050053
4322,test,7500,11661.574691119982,-4161.574691119982
2391,test,12000,14705.446334564129,-2705.446334564129
304,test,8000,7411.876882565212,588.1231174347877
3260,test,25000,25205.651958386883,-205.65195838688305
4560,test,13000,12631.782369694974,368.2176303050255
2916,test,17500,22409.16948107008,-4909.169481070079
3063,test,11000,11048.406887921701,-48.40688792170113
3642,test,13000,14039.465526289136,-1039.4655262891356
1140,test,290000,139979.32303555938,150020.67696444062
4204,test,12000,21258.354671398916,-9258.354671398916
3214,test,25000,8287.044208764823,16712.955791235177
2279,test,11500,6733.118393140279,4766.881606859721
4217,test,8500,6623.715360114597,1876.2846398854026
2654,test,16000,11410.759884041223,4589.240115958777
3240,test,16000,13230.65499136494,2769.3450086350604
252,test,10000,15984.12684519899,-5984.126845198991
970,test,51500,80171.24442975967,-28671.244429759667
3743,test,10000,12632.797002584368,-2632.797002584368
3124,test,14000,12612.966041912165,1387.0339580878353
448,test,5200,3510.6545525391634,1689.3454474608366
173,test,18000,8334.186393735494,9665.813606264506
3874,test,48000,37433.8308591788,10566.1691408212
132,test,16000,11157.19061169111,4842.8093883088895
1369,test,22000,43092.13382018983,-21092.133820189832
707,test,60000,68850.70600773001,-8850.706007730012
3755,test,6500,7492.748689790839,-992.7486897908393
683,test,47000,41780.624854517475,5219.375145482525
986,test,150000,223633.0892884693,-73633.08928846929
3827,test,35000,27616.3475755364,7383.652424463598
4434,test,6500,6163.219287028684,336.78071297131555
3107,test,15000,13303.701201857806,1696.2987981421938
729,test,23000,31872.645950988,-8872.645950988
4382,test,18000,17980.154248721276,19.845751278724492
691,test,7500,17758.675757635778,-10258.675757635778
899,test,36000,49248.992507606876,-13248.992507606876
1282,test,25000,29266.06834524702,-4266.068345247018
3621,test,15000,14408.130752652658,591.869247347342
2963,test,15000,32598.425216070264,-17598.425216070264
773,test,40000,22157.93220023704,17842.06779976296
2318,test,20000,23271.23218149159,-3271.2321814915886
2372,test,18000,18255.79905903515,-255.799059035151
3830,test,35000,40234.711582010925,-5234.711582010925
1901,test,20000,15500.84733190036,4499.152668099639
3078,test,10000,9378.000076249959,621.9999237500415
4075,test,6500,6209.40571729534,290.59428270466015
778,test,25000,32090.143850724195,-7090.143850724195
2001,test,19000,15049.106944689149,3950.893055310851
2653,test,17000,24923.01268039676,-7923.012680396761
103,test,25000,22965.637157582354,2034.3628424176459
3105,test,16000,13990.33195176343,2009.66804823657
1087,test,65000,42445.21790877269,22554.78209122731
1997,test,10000,10108.394107911618,-108.39410791161754
3887,test,10000,8143.18844319604,1856.8115568039602
1706,test,12000,12664.687161339307,-664.6871613393068
3487,test,17000,18265.28348464285,-1265.2834846428486
3707,test,22000,33729.66252860692,-11729.662528606917
17,test,10000,7580.026365035905,2419.9736349640953
564,test,43000,56388.81566799109,-13388.81566799109
2838,test,75000,89340.40169747069,-14340.40169747069
763,test,80000,110867.20139749486,-30867.201397494864
2088,test,16000,12711.161275376957,3288.838724623043
3640,test,16000,14669.93337692272,1330.0666230772804
3695,test,7000,9958.260069844586,-2958.260069844586
1585,test,48000,60330.58935747569,-12330.589357475692
3644,test,15000,16565.71502697958,-1565.7150269795784
1034,test,75000,70367.95799057728,4632.042009422716
4603,test,17000,15682.456965541684,1317.5430344583165
4037,test,18000,15663.018119830125,2336.981880169875
3753,test,37500,41219.16567332636,-3719.165673326359
851,test,8000,32550.684688227288,-24550.684688227288
366,test,8000,9513.91771861144,-1513.9177186114393
239,test,5000,6638.759517745006,-1638.7595177450057
412,test,36125,17931.180330331143,18193.819669668857
56,test,6000,7931.011182661977,-1931.0111826619768
607,test,20000,74920.33189684061,-54920.33189684061
3726,test,9500,14260.867756221003,-4760.867756221003
4593,test,8000,13448.387110858886,-5448.387110858886
1493,test,10500,15302.50652332555,-4802.50652332555
2659,test,29000,48072.5504430894,-19072.5504430894
1474,test,38000,45231.515971984634,-7231.515971984634
176,test,7500,9506.082115781695,-2006.0821157816954
3018,test,18000,16075.106186455523,1924.8938135444769
2452,test,12000,10162.791769122774,1837.208230877226
3538,test,15000,13345.158271561271,1654.8417284387288
2414,test,9000,15358.487903867224,-6358.487903867224
932,test,70000,63816.6233574119,6183.376642588097
1694,test,17000,14472.77665831745,2527.2233416825493
1663,test,18000,12465.133391729107,5534.866608270893
526,test,75000,70992.90596858154,4007.0940314184554
4197,test,12000,13791.344480923077,-1791.3444809230768
2701,test,22000,19621.440316474764,2378.5596835252363
2345,test,18000,15074.08608909228,2925.9139109077205
2471,test,28000,12667.04992226448,15332.95007773552
1253,test,63000,81839.15976143125,-18839.15976143125
4095,test,20000,25684.964702526617,-5684.964702526617
65,test,8000,10592.749539581642,-2592.7495395816422
2865,test,32000,30659.08279298404,1340.9172070159584
2149,test,15000,8175.138142321948,6824.861857678052
1765,test,10000,11081.48124066726,-1081.4812406672609
3939,test,9000,14074.511118195647,-5074.511118195647
4200,test,32000,37107.353903382354,-5107.3539033823545
4629,test,8000,8604.603493075407,-604.6034930754067
4031,test,8500,8281.713878161832,218.28612183816767
186,test,18000,10818.128710638779,7181.871289361221
1568,test,4000,6736.559748835435,-2736.559748835435
4010,test,20000,17415.872644161507,2584.127355838493
1064,test,28000,41104.137285763165,-13104.137285763165
990,test,150000,156950.71036762695,-6950.710367626947
573,test,57000,29013.12659017382,27986.87340982618
2876,test,10000,6291.101620415868,3708.8983795841323
2706,test,18000,18726.525632366873,-726.5256323668727
3418,test,45000,41990.81266122971,3009.187338770287
2946,test,5000,10792.913077170155,-5792.913077170155
1763,test,11000,6181.907798958395,4818.092201041605
106,test,14000,6918.0848641709335,7081.9151358290665
3859,test,75000,31675.574920289193,43324.42507971081
248,test,3200,18338.758270787184,-15138.758270787184
796,test,35000,36194.66216540863,-1194.6621654086266
4655,test,13000,15029.53855507515,-2029.5385550751507
3103,test,50000,50889.83849688805,-889.8384968880491
4261,test,6500,9543.498566329685,-3043.4985663296848
4252,test,20000,15498.222953302493,4501.777046697507
3070,test,15000,17807.38150570467,-2807.3815057046704
3971,test,20000,13983.992447988812,6016.007552011188
356,test,13000,16555.892655218515,-3555.892655218515
4402,test,22000,24417.232847924173,-2417.2328479241733
3909,test,8000,11163.976320715678,-3163.9763207156775
4451,test,6500,7353.129481082891,-853.1294810828913
517,test,45000,15887.886121480335,29112.113878519667
2080,test,24000,21918.03070867424,2081.9692913257604
1274,test,85000,75286.75235318506,9713.24764681494
3626,test,10500,8963.449322104965,1536.5506778950348
1006,test,15000,13699.780115370637,1300.2198846293632
4223,test,55000,41211.52293016183,13788.477069838169
609,test,65000,55756.28842894718,9243.711571052823
1780,test,30000,24932.71057899545,5067.289421004549
3159,test,8000,13632.079599276329,-5632.079599276329
2834,test,68000,44915.53989292366,23084.46010707634
1756,test,14000,24264.27051799476,-10264.270517994759
2102,test,15000,10699.432897910661,4300.567102089339
2839,test,110000,143803.3591571344,-33803.3591571344
2014,test,6000,5569.945338840257,430.05466115974286
1022,test,140000,70545.75404307546,69454.24595692454
269,test,8000,11356.072777962348,-3356.0727779623485
1254,test,7500,19066.276687184854,-11566.276687184854
2179,test,13500,18419.298708552993,-4919.298708552993
2570,test,12000,13826.410055219767,-1826.410055219767
148,test,5500,6697.714353873837,-1197.7143538738374
696,test,40000,41905.9749230833,-1905.9749230832967
4119,test,9000,12068.162502204068,-3068.162502204068
4286,test,10000,9157.334967321203,842.6650326787967
4267,test,20000,14615.22664575995,5384.773354240049
2514,test,7000,8290.05547646291,-1290.0554764629105
1119,test,300000,297406.4329419909,2593.5670580090955
41,test,12000,22279.120410479612,-10279.120410479612
3104,test,8000,6780.626433547297,1219.373566452703
3590,test,22000,14069.89739027379,7930.102609726209
316,test,8000,7936.698445373755,63.30155462624498
1053,test,14000,24911.420503726404,-10911.420503726404
886,test,17000,33418.879672368006,-16418.879672368006
2334,test,54000,45188.82337620878,8811.176623791223
4343,test,8500,12758.067016398803,-4258.067016398803
4465,test,45000,37491.94180127891,7508.05819872109
1702,test,16000,13252.693249169932,2747.3067508300683
3990,test,14000,15388.625532380554,-1388.6255323805544
539,test,85000,69986.14753537804,15013.85246462196
340,test,8500,8638.130893793208,-138.1308937932081
477,test,22000,15050.91628231674,6949.083717683259
3099,test,6800,7059.265913791139,-259.2659137911387
3185,test,12000,7297.835361230507,4702.164638769493
1875,test,7000,6491.391691994451,508.6083080055487
2204,test,8000,10901.034170929684,-2901.0341709296845
1327,test,34999,36572.27925242446,-1573.2792524244578
1550,test,30000,18451.702869990953,11548.297130009047
946,test,11000,19504.67658029712,-8504.67658029712
3881,test,7500,9734.746497280312,-2234.746497280312
1714,test,380000,139718.09143787253,240281.90856212747
1359,test,22000,16418.99429372782,5581.005706272179
267,test,15000,9230.4693066818,5769.5306933182
4046,test,22000,21612.256875524785,387.74312447521515
2495,test,7500,8416.04523209046,-916.0452320904606
3587,test,7000,13164.759964749055,-6164.759964749055
1264,test,53000,25820.753455328002,27179.246544671998
0,test,10000,9397.572855915914,602.4271440840857
1885,test,17000,14083.433639203382,2916.566360796618
2365,test,10000,14560.841816403217,-4560.841816403217
3407,test,14000,16626.789645658733,-2626.789645658733
4011,test,15000,23639.598999314345,-8639.598999314345
2527,test,12000,15856.108784094979,-3856.1087840949785
1071,test,24000,20392.570067058004,3607.4299329419955
4236,test,13000,13655.598429637572,-655.5984296375718
2995,test,40000,19050.55132022721,20949.44867977279
57,test,6000,10828.059524166354,-4828.059524166354
1524,test,16000,12930.076999147508,3069.923000852492
4332,test,21000,22206.568279455998,-1206.568279455998
1434,test,250000,188522.78226441372,61477.21773558628
2686,test,33000,25132.489808790328,7867.5101912096725
1675,test,25000,16675.870084676888,8324.129915323112
3550,test,10000,15063.399972692552,-5063.399972692552
3899,test,35000,23908.93936774558,11091.060632254419
225,test,3500,8924.25787558288,-5424.25787558288
3736,test,10000,25734.006926513408,-15734.006926513408
2258,test,15000,9449.52123479873,5550.478765201269
4222,test,10000,10995.900635526248,-995.9006355262482
2083,test,62000,36275.59220605986,25724.40779394014
3628,test,10000,13756.503287643633,-3756.5032876436326
3465,test,12000,11696.67003976752,303.3299602324805
3424,test,7000,8066.242533216526,-1066.2425332165258
1479,test,50000,25015.701936765523,24984.298063234477
3703,test,12500,13099.956403757289,-599.9564037572891
2482,test,36000,32498.401349389023,3501.5986506109766
2440,test,12000,11109.735479308449,890.2645206915513
2673,test,5000,8252.654220799823,-3252.6542207998227
1005,test,60000,30767.082852527794,29232.917147472206
699,test,140000,79968.91969724193,60031.08030275807
3650,test,30000,39527.530750966194,-9527.530750966194
3290,test,13000,10774.119879985354,2225.8801200146463
1073,test,70000,92157.93020815107,-22157.93020815107
2640,test,13000,15027.03300117232,-2027.03300117232
3001,test,20000,10652.530712804526,9347.469287195474
4498,test,15000,12675.055014684165,2324.944985315835
3000,test,11000,8498.310795669275,2501.6892043307253
1535,test,10000,10086.21982498413,-86.21982498412945
424,test,9000,15923.555011458564,-6923.555011458564
3693,test,100000,79063.72484117429,20936.27515882571
1255,test,30000,21989.52631536605,8010.473684633951
2774,test,21000,24407.928804923955,-3407.928804923955
4532,test,19000,21199.645808769714,-2199.6458087697138
3319,test,14000,10222.69978694874,3777.3002130512596
1358,test,45000,40644.36770458597,4355.632295414027
1058,test,11000,30271.69451939497,-19271.69451939497
3985,test,10000,6527.891195882325,3472.1088041176754
2434,test,50000,43278.93277369408,6721.067226305917
588,test,350000,523096.0867782992,-173096.08677829918
3071,test,21000,25071.234257818385,-4071.2342578183852
1977,test,5000,8212.414109755755,-3212.414109755755
1665,test,14000,10402.35661399857,3597.6433860014295
4696,test,6000,9421.163920257912,-3421.1639202579117
3614,test,14000,13072.791812028203,927.2081879717971
35,test,15000,8376.083147727864,6623.916852272136
3843,test,12000,9143.106922941623,2856.8930770583775
2421,test,29000,12205.478988581212,16794.521011418787
2233,test,9000,7612.024492687844,1387.975507312156
4624,test,6000,7475.927775934629,-1475.9277759346287
112,test,20000,7636.884673270316,12363.115326729683
3937,test,5000,4585.517524535314,414.4824754646861
2526,test,11000,10735.787412657743,264.2125873422574
594,test,210000,81016.11890277905,128983.88109722095
877,test,48000,29772.98680405692,18227.01319594308
2904,test,3500,6206.441018506404,-2706.4410185064044
1611,test,9500,11756.385509656015,-2256.3855096560146
2569,test,70000,46240.12397281886,23759.87602718114
3470,test,12000,17148.022923699315,-5148.022923699315
2917,test,14500,37280.18291032976,-22780.182910329757
4082,test,8500,6277.048461064734,2222.9515389352664
3045,test,33000,18969.18665196992,14030.813348030078
3766,test,11500,12020.167477677809,-520.1674776778091
4107,test,15000,11845.4260315244,3154.573968475601
1911,test,21500,23102.63093212474,-1602.630932124739
4355,test,20000,20893.656019194896,-893.6560191948956
979,test,45000,77642.83467802157,-32642.834678021565
1513,test,25000,20209.200072277774,4790.799927722226
2109,test,10000,7009.47469908643,2990.5253009135704
4436,test,12000,10984.5395971504,1015.4604028495996
1820,test,55000,51770.495510050125,3229.5044899498753
126,test,8000,6769.911538818369,1230.088461181631
4544,test,17000,32081.361802364623,-15081.361802364623
807,test,90000,113275.33822148792,-23275.338221487924
2325,test,8500,9327.944491570617,-827.9444915706172
3206,test,16000,15471.174383486486,528.8256165135135
2349,test,4500,7131.9984657161,-2631.9984657161003
491,test,13000,11904.193257953006,1095.8067420469943
3618,test,16500,8038.355330111397,8461.644669888603
1445,test,230000,254579.24626132895,-24579.246261328954
2587,test,32000,27436.162790747396,4563.837209252604
1109,test,250000,163805.3280607509,86194.67193924909
1778,test,6000,6013.272675596896,-13.272675596896079
2403,test,14000,29627.2184446547,-15627.2184446547
1017,test,250000,195311.2383626655,54688.76163733451
2957,test,12500,16439.10534824394,-3939.1053482439384
2988,test,10500,14381.562991884139,-3881.5629918841387
4062,test,22000,29095.86458865966,-7095.8645886596605
3272,test,35000,32217.43730128961,2782.5626987103897
3335,test,22000,20462.905634082126,1537.0943659178738
2486,test,7500,7036.314503856131,463.6854961438694
3003,test,22000,61633.81374692459,-39633.81374692459
7,test,5000,6069.361544994612,-1069.361544994612
4508,test,7500,10635.649528843465,-3135.6495288434653
4630,test,15000,11937.983824595416,3062.016175404584
3417,test,12000,11760.675771562637,239.32422843736276
3979,test,40000,24947.91490047098,15052.08509952902
4196,test,9500,9050.151712963845,449.84828703615494
3546,test,10500,11492.353614211232,-992.3536142112316
3215,test,12000,12412.55298165098,-412.55298165098066
4117,test,50000,39440.60953232033,10559.390467679666
3861,test,10000,16800.3241742269,-6800.324174226898
1581,test,11400,16982.010505096667,-5582.010505096667
3351,test,16000,17685.419018221008,-1685.4190182210077
4002,test,35000,35144.073876885916,-144.07387688591552
1229,test,62000,39755.917369447896,22244.082630552104
4178,test,9500,13346.45787773493,-3846.4578777349307
4158,test,22000,13856.652154552741,8143.347845447259
771,test,60000,31907.560957973303,28092.439042026697
945,test,28000,17051.89479737336,10948.10520262664
4570,test,13000,9603.15929641998,3396.840703580019
655,test,75000,59274.337134422,15725.662865578
3094,test,12000,12553.08082669481,-553.0808266948097
89,test,8500,12726.020635973651,-4226.020635973651
2680,test,30000,26173.33682568967,3826.6631743103317
1595,test,16000,10256.946241149817,5743.053758850183
3732,test,10000,18754.416266044158,-8754.416266044158
4323,test,13000,14578.364549516555,-1578.3645495165547
4173,test,20000,19361.8184706001,638.1815293998989
941,test,22000,18655.61727862806,3344.3827213719414
3829,test,32000,25954.63062772887,6045.369372271129
889,test,8500,15905.714443102332,-7405.714443102332
2730,test,14000,9721.384629228973,4278.615370771027
1413,test,85000,107843.4033727966,-22843.4033727966
4553,test,6500,7599.267268858096,-1099.267268858096
2544,test,40000,31238.352116427046,8761.647883572954
1556,test,16000,20424.052607974943,-4424.052607974943
1495,test,17000,18864.380906524228,-1864.3809065242276
164,test,40000,17620.66493004839,22379.33506995161
1829,test,18000,10375.722695231017,7624.2773047689825
1159,test,40000,44526.020674918866,-4526.020674918866
2215,test,48000,46268.583757177876,1731.4162428221243
3334,test,9500,13849.12237889588,-4349.12237889588
3062,test,12500,9589.093189764228,2910.9068102357724
190,test,13000,14322.223115285215,-1322.2231152852146
4297,test,8000,5721.27445221316,2278.7255477868403
4220,test,14000,11441.676479836238,2558.3235201637617
4491,test,10500,12757.034087152133,-2257.034087152133
3957,test,6000,7709.956672253782,-1709.956672253782
4146,test,9000,7170.53364895465,1829.4663510453502
33,test,5000,7501.339116712435,-2501.3391167124346
3270,test,16000,14659.815807114783,1340.1841928852173
1972,test,15000,10828.60068419667,4171.39931580333
3738,test,8000,9337.560310745464,-1337.5603107454644
2442,test,4500,7974.339242551396,-3474.3392425513957
1175,test,35000,37311.18735202849,-2311.1873520284935
914,test,27000,23489.018053347954,3510.9819466520457
2192,test,7500,9679.74737558707,-2179.7473755870706
1220,test,46000,45959.49416072201,40.50583927799016
4341,test,60000,128253.00929752627,-68253.00929752627
4356,test,12500,11680.967636594994,819.0323634050055
2682,test,13000,21740.663840767167,-8740.663840767167
1724,test,10500,10482.818140237578,17.18185976242239
2650,test,190000,99805.06217070272,90194.93782929728
151,test,3500,6436.323692628814,-2936.3236926288137
420,test,10000,6570.593361517581,3429.406638482419
4518,test,9000,9503.325027461808,-503.3250274618076
1874,test,15000,11571.18471033136,3428.8152896686406
136,test,5000,6309.183996710668,-1309.183996710668
3853,test,5000,5888.937064455564,-888.9370644555638
3435,test,90000,52831.165245123084,37168.834754876916
3357,test,15000,10817.385379227373,4182.614620772627
3038,test,35000,28313.728917452838,6686.271082547162
4008,test,15000,13478.906051775704,1521.0939482242957
4710,test,25000,23163.553338411995,1836.4466615880046
2580,test,27000,11293.018308980229,15706.981691019771
3757,test,34000,37477.5007006032,-3477.500700603203
4574,test,13000,11518.612166357623,1481.3878336423768
2524,test,12000,24514.806363583597,-12514.806363583597
1774,test,17000,22391.40585376783,-5391.405853767828
389,test,10000,9860.166091183453,139.83390881654668
716,test,33000,36769.77979732476,-3769.779797324758
2954,test,16500,20972.965870240223,-4472.965870240223
3885,test,8200,6662.227312356325,1537.7726876436755
721,test,100000,44989.48197973624,55010.51802026376
1194,test,25000,47717.64060593536,-22717.64060593536
1852,test,24000,28619.562722917428,-4619.562722917428
3869,test,75000,88001.60167301721,-13001.601673017212
3084,test,24000,14916.881753207832,9083.118246792168
1534,test,30000,11413.753049341796,18586.246950658206
1999,test,24000,24550.433712496568,-550.4337124965678
3965,test,10500,9145.59438569921,1354.4056143007892
1819,test,7500,7461.319282207656,38.680717792343785
1084,test,160000,92745.73903348723,67254.26096651277
1771,test,15000,11931.367348276048,3068.632651723952
3060,test,27000,26240.474577526424,759.5254224735763
4526,test,12500,15949.159286704253,-3449.1592867042527
3375,test,7000,11663.2615401021,-4663.261540102099
1231,test,80000,83634.98894340642,-3634.9889434064244
2586,test,14000,11533.258690259592,2466.741309740408
1768,test,16000,14605.926236778323,1394.073763221677
202,test,15000,10691.16557508929,4308.83442491071
2862,test,14000,16026.795637987301,-2026.7956379873012
47,test,12000,6680.097864531828,5319.902135468172
1365,test,350000,246814.31334023678,103185.68665976322
4226,test,27000,17382.35106255493,9617.648937445068
4072,test,25000,18254.05693619397,6745.943063806029
2958,test,14000,15820.874078961566,-1820.8740789615658
2688,test,70000,49671.30596412902,20328.694035870983
1279,test,52000,31561.3027801707,20438.6972198293
4509,test,35000,97697.64566418264,-62697.64566418264
1204,test,25000,19939.363797983704,5060.636202016296
3655,test,10500,14072.58729475898,-3572.5872947589796
2167,test,18000,13846.789145287921,4153.210854712079
2931,test,7000,11741.46180741169,-4741.46180741169
3091,test,9000,7625.489465755134,1374.510534244866
1900,test,25000,12833.348375405863,12166.651624594137
2146,test,17000,17195.042839616814,-195.04283961681358
4590,test,15000,11077.733588395002,3922.266411604998
2982,test,15000,8609.809021837043,6390.1909781629565
2602,test,29000,41951.02382615405,-12951.02382615405
528,test,60000,26466.35452011442,33533.645479885585
3136,test,15000,21439.236993048955,-6439.236993048955
1143,test,250000,369631.87695741357,-119631.87695741357
3199,test,70000,37384.63768997799,32615.362310022007
493,test,6000,5568.808590056156,431.1914099438436
2176,test,16000,17337.315369294753,-1337.3153692947526
4699,test,13000,12528.666015436005,471.3339845639948
1471,test,54500,49342.24280526124,5157.757194738762
2636,test,130000,97207.18158239072,32792.81841760928
4183,test,12333,11463.545799318767,869.4542006812335
2411,test,95000,69702.55404466511,25297.445955334886
1038,test,70000,108371.76258695866,-38371.76258695866
4164,test,15000,19484.34109453362,-4484.341094533622
4374,test,18000,10765.967549892603,7234.032450107397
2160,test,10000,8172.213728978566,1827.786271021434
4682,test,20000,22042.963488857193,-2042.9634888571927
2174,test,10000,15777.873739132863,-5777.873739132863
2312,test,85000,67882.2722312752,17117.7277687248
3903,test,60000,31703.94772837246,28296.05227162754
2085,test,18000,16593.58401333031,1406.41598666969
4535,test,18500,14318.219543134748,4181.780456865252
1099,test,85000,72673.33533915854,12326.66466084146
1407,test,6500,27970.038162279816,-21470.038162279816
1179,test,130000,111879.77109624306,18120.228903756943
353,test,6500,4417.506495945872,2082.4935040541277
741,test,320000,400115.3315115703,-80115.33151157032
4245,test,30000,25843.03555600471,4156.96444399529
1490,test,90000,106672.73031938785,-16672.730319387847
264,test,8000,9132.690227817116,-1132.6902278171165
2520,test,35000,10665.349925851626,24334.650074148376
4719,test,30000,33640.38038541516,-3640.380385415163
1846,test,12000,18516.764392333436,-6516.764392333436
611,test,85000,71148.04816014536,13851.951839854635
4620,test,20000,13547.61255965743,6452.387440342571
3245,test,20000,13942.792220371668,6057.207779628332
4523,test,35000,29086.94134290411,5913.058657095891
4006,test,12500,14469.63607662953,-1969.6360766295293
3004,test,6000,12289.520773276994,-6289.520773276994
2029,test,8000,7914.98486845901,85.0151315409903
2262,test,8000,10132.604075929901,-2132.6040759299012
572,test,27000,27284.39581351713,-284.3958135171306
1787,test,16500,16765.66821167858,-265.66821167858143
1547,test,7500,7436.970074870494,63.02992512950641
871,test,85000,107657.03499988638,-22657.034999886382
1928,test,35000,20002.45809422138,14997.54190577862
4432,test,10000,19759.742086006056,-9759.742086006056
1924,test,6000,7278.825525599551,-1278.825525599551
456,test,9500,8226.074413444356,1273.9255865556443
3870,test,250000,73731.2256618592,176268.7743381408
4264,test,14000,14363.091646254261,-363.0916462542609
329,test,3000,5063.1451334258345,-2063.1451334258345
1786,test,17000,11582.378069724946,5417.621930275054
280,test,7000,7839.973680020776,-839.9736800207756
2095,test,26000,25514.08651719748,485.91348280251987
2773,test,19500,14788.178891351761,4711.821108648239
2857,test,22999,29133.901354411242,-6134.901354411242
3801,test,9000,6697.592004386973,2302.407995613027
635,test,32000,21227.393848610478,10772.606151389522
1152,test,26500,32903.88544125686,-6403.885441256862
1985,test,13500,6748.6882206108185,6751.3117793891815
3390,test,13000,18962.54500024749,-5962.54500024749
3747,test,8000,6707.126859763832,1292.8731402361682
1177,test,20000,16343.699967745997,3656.300032254003
2144,test,7700,9022.485861837544,-1322.4858618375438
4733,test,29000,25370.881139641424,3629.118860358576
832,test,55000,64319.65193801845,-9319.651938018447
425,test,5000,6044.710277380128,-1044.710277380128
1821,test,11000,13798.212122189285,-2798.212122189285
3426,test,10000,10036.848880929978,-36.848880929977895
1212,test,20000,25658.94905032724,-5658.949050327239
3473,test,12000,17386.781703172706,-5386.781703172706
1898,test,12000,15772.367464291146,-3772.3674642911465
4552,test,7500,7469.368986572865,30.631013427135258
1872,test,9000,13563.93081025968,-4563.930810259681
1754,test,14500,20027.932879566055,-5527.932879566055
1320,test,45000,47063.47696579913,-2063.4769657991274
1012,test,42000,46785.886530633514,-4785.886530633514
3067,test,34000,33737.410052030784,262.58994796921615
1435,test,150000,93939.76571886713,56060.23428113287
903,test,50000,38332.453763927515,11667.546236072485
2775,test,20000,23508.961681227476,-3508.961681227476
1275,test,40000,33115.62074866448,6884.379251335522
2874,test,18000,12484.07919628206,5515.92080371794
1565,test,20000,15199.00997551084,4800.99002448916
963,test,52000,55822.81073626054,-3822.810736260537
2984,test,7600,10660.550617248104,-3060.5506172481037
2922,test,90000,62433.44004150078,27566.559958499223
1501,test,17000,16054.980964622286,945.0190353777143
3178,test,12000,11001.09689211688,998.9031078831194
159,test,6000,7180.770430030049,-1180.7704300300493
2579,test,24000,18378.255466115163,5621.744533884837
3967,test,9000,10476.861246537443,-1476.8612465374426
1151,test,75000,100749.02663625029,-25749.026636250288
3855,test,14000,14216.834469907226,-216.83446990722587
3947,test,13000,13309.944586550853,-309.9445865508533
2462,test,40000,26318.3033770262,13681.6966229738
4248,test,7500,6492.344161009659,1007.6558389903412
4168,test,5500,6977.123086658614,-1477.1230866586138
1860,test,14000,15068.454473178786,-1068.4544731787864
666,test,55000,127308.08619997559,-72308.08619997559
770,test,120000,92397.6920209017,27602.307979098303
4076,test,11000,13321.19440899236,-2321.19440899236
1938,test,7000,8273.174008471311,-1273.174008471311
3514,test,34000,21515.39720520163,12484.602794798371
4175,test,7500,7667.166995020786,-167.1669950207861
2713,test,6000,11650.86253117475,-5650.862531174749
1363,test,23000,29027.12698691366,-6027.1269869136595
3475,test,26000,13497.083933370177,12502.916066629823
2714,test,18000,14213.748678577038,3786.251321422962
4334,test,12000,11765.64064005738,234.35935994262036
2696,test,13500,11011.15541375146,2488.8445862485405
1297,test,55000,70634.55811779965,-15634.55811779965
2316,test,16000,18833.429114318205,-2833.4291143182054
537,test,28000,29730.901199812128,-1730.9011998121277
1409,test,69999,100487.65087327601,-30488.650873276012
3574,test,9500,11935.220823420797,-2435.2208234207974
1651,test,32900,23699.437677030357,9200.562322969643
3117,test,8000,5468.699896128417,2531.300103871583
1769,test,5000,7147.457999010198,-2147.4579990101984
3820,test,13500,13401.029842955659,98.97015704434125
1333,test,25000,19740.36198228988,5259.63801771012
4275,test,12000,15165.497679312302,-3165.4976793123024
1596,test,10000,11701.237934762992,-1701.2379347629922
369,test,9000,6776.176692530839,2223.8233074691607
4368,test,32000,18438.353837160786,13561.646162839214
2606,test,8000,8710.97960938723,-710.9796093872301
4385,test,13000,8193.770875426288,4806.229124573712
3352,test,26000,29491.44285777177,-3491.44285777177
1298,test,66000,47406.10524398652,18593.894756013477
748,test,130000,85659.12979553084,44340.87020446916
2320,test,5000,13897.004836424952,-8897.004836424952
4534,test,200000,95751.56470868617,104248.43529131383
2767,test,18000,13744.562086860738,4255.437913139262
4155,test,12500,12801.57962760354,-301.57962760353985
2113,test,7500,7276.854058121477,223.14594187852344
2114,test,16000,14040.534732402242,1959.4652675977577
4073,test,13000,9161.866353487,3838.1336465130007
576,test,95000,71030.74454789376,23969.25545210624
2645,test,7000,15876.676713564004,-8876.676713564004
907,test,34000,37755.30780774389,-3755.3078077438913
1689,test,18000,13743.11727638322,4256.88272361678
3501,test,7000,6747.49207506832,252.50792493167955
3699,test,13000,7401.35067513015,5598.64932486985
4577,test,4000,6772.143992384318,-2772.143992384318
612,test,50000,40580.09022244969,9419.90977755031
2340,test,19000,16120.16710587691,2879.83289412309
2292,test,12000,8226.55703240023,3773.442967599771
1313,test,23000,22894.63523623221,105.36476376778955
3744,test,10000,12442.421531298116,-2442.421531298116
4081,test,20000,25457.35197580498,-5457.351975804981
3340,test,33000,44702.16486845677,-11702.16486845677
4493,test,16000,13273.589200749273,2726.410799250727
