row_id,split,actual_rent,predicted_rent,residual
1124,train,95000,70680.53144359328,24319.46855640672
3886,train,12000,19749.010175820935,-7749.010175820935
4122,train,14000,13374.951829958032,625.0481700419678
2762,train,6500,8837.090272975629,-2337.090272975629
1963,train,30000,21230.161077644167,8769.838922355833
345,train,12000,9424.36431749863,2575.63568250137
3892,train,20000,17676.594124813873,2323.4058751861267
3420,train,6250,9928.340448986779,-3678.340448986779
2348,train,6000,6659.86363982384,-659.8636398238395
4572,train,37000,27699.158138424325,9300.841861575675
288,train,7000,7129.089266170502,-129.08926617050201
3875,train,58000,46737.39399751866,11262.606002481341
4652,train,9000,12489.188055432825,-3489.1880554328254
2920,train,10000,12340.938529030875,-2340.9385290308746
641,train,68000,62833.8747430065,5166.125256993502
3749,train,5000,5911.225682678035,-911.2256826780349
3972,train,24000,14525.587642100056,9474.412357899944
1625,train,22000,23345.983071037346,-1345.9830710373462
1703,train,20000,14140.916461529461,5859.083538470539
3288,train,35000,16533.388984935307,18466.611015064693
3553,train,13000,15214.677001112454,-2214.6770011124536
1465,train,70000,64684.78615706974,5315.213842930258
3938,train,13000,11747.620861735386,1252.379138264614
885,train,32000,30931.24610462108,1068.753895378919
3121,train,11000,10469.358897263535,530.6411027364647
2055,train,18000,14007.587262747666,3992.4127372523344
381,train,12000,14704.3363829145,-2704.3363829145
2810,train,9500,11749.508425857188,-2249.508425857188
2885,train,33500,28785.15275985343,4714.84724014657
3883,train,16000,18005.54542356687,-2005.5454235668694
2801,train,13000,15559.74891961235,-2559.7489196123497
2695,train,7500,10361.722790515752,-2861.7227905157524
1899,train,75000,59290.39397011225,15709.60602988775
4455,train,16000,15232.512034372894,767.487965627106
3793,train,10000,9803.980612796107,196.01938720389262
3668,train,9000,13087.303137821207,-4087.303137821207
1839,train,16500,18878.67091372749,-2378.6709137274884
3894,train,12500,13232.638966929682,-732.6389669296823
1355,train,52000,45253.353789860674,6746.646210139326
2697,train,14000,14135.841822308961,-135.84182230896113
514,train,22000,23636.055945071043,-1636.0559450710425
927,train,30000,28463.02312731514,1536.9768726848597
1104,train,17000,19354.147298112337,-2354.147298112337
3360,train,8000,8796.701590653824,-796.7015906538236
2768,train,30000,38066.57057177948,-8066.570571779477
1165,train,52000,54297.73765259697,-2297.7376525969667
2715,train,18000,18476.146918201797,-476.14691820179723
4305,train,6000,9301.905501133197,-3301.9055011331966
1257,train,100000,177318.5854674545,-77318.58546745451
2594,train,18000,19230.627784847853,-1230.627784847853
3217,train,20000,22008.077015965464,-2008.077015965464
3163,train,10000,14426.733434709085,-4426.7334347090855
1554,train,15000,14547.01794960133,452.98205039867025
3088,train,26000,27934.84592691241,-1934.8459269124105
998,train,70000,80892.72535458716,-10892.725354587164
417,train,6500,7057.285123960932,-557.2851239609317
427,train,5500,5637.838169955501,-137.83816995550114
2632,train,40000,29727.627867064704,10272.372132935296
4519,train,18000,20216.97351297874,-2216.9735129787405
850,train,190000,230819.4509784599,-40819.45097845991
3968,train,11000,10179.382722861377,820.6172771386227
4003,train,6000,7633.268991878275,-1633.2689918782753
3265,train,24000,29444.33537962608,-5444.335379626082
108,train,8000,9463.808712832924,-1463.8087128329244
3309,train,7500,7119.673172253728,380.3268277462721
3872,train,60000,70993.36211200083,-10993.362112000832
2286,train,15000,11720.820614565451,3279.1793854345487
1950,train,40000,34813.22927417064,5186.770725829359
3657,train,20000,20643.692488912562,-643.6924889125621
4546,train,10000,10333.646904501276,-333.64690450127637
4600,train,20000,12685.502666254142,7314.497333745858
2379,train,80000,55540.81272671419,24459.18727328581
4379,train,12500,11838.13583842137,661.8641615786291
3836,train,20000,17523.837844722388,2476.1621552776123
2806,train,14000,10071.500775666102,3928.4992243338984
376,train,7000,7056.302846769439,-56.302846769439384
2051,train,7000,7579.500487172411,-579.5004871724113
1805,train,15000,9985.125720932738,5014.874279067262
2744,train,12000,13734.66254850676,-1734.6625485067598
549,train,20000,20206.10015597133,-206.1001559713295
1378,train,24000,27734.95511838568,-3734.9551183856784
2728,train,13500,18216.16347823743,-4716.163478237431
3220,train,11000,12503.303945268926,-1503.3039452689263
575,train,40000,42587.39970967941,-2587.399709679412
468,train,6500,7349.660203429023,-849.6602034290227
213,train,11000,8294.79028850542,2705.209711494579
3526,train,15000,19238.888035245185,-4238.888035245185
4278,train,15000,14038.551118409905,961.448881590095
677,train,55000,66366.79893197627,-11366.798931976271
3410,train,15000,22660.981071249334,-7660.9810712493345
3041,train,12000,16009.913954885336,-4009.9139548853364
1994,train,22000,24461.597692785763,-2461.597692785763
1222,train,21000,26985.908419053987,-5985.908419053987
1570,train,8500,10246.408729960967,-1746.4087299609673
4271,train,13000,13513.611838313462,-513.6118383134617
438,train,5000,5548.389242352362,-548.3892423523621
821,train,34000,30522.036906544214,3477.9630934557863
4449,train,9000,8717.64367127903,282.35632872097085
3025,train,11200,10894.448501927114,305.5514980728858
530,train,300000,281180.17162708356,18819.82837291644
2702,train,4000,5296.942726213686,-1296.942726213686
3884,train,18000,26828.259211506433,-8828.259211506433
2745,train,13500,10858.24315451251,2641.756845487491
1722,train,19000,16541.77770661621,2458.222293383791
1704,train,28000,23052.557245673448,4947.442754326552
661,train,35000,42321.528658781186,-7321.528658781186
1243,train,72000,42507.63251309372,29492.36748690628
1027,train,230000,134296.9088643238,95703.0911356762
4463,train,20000,20872.269168968432,-872.2691689684325
2210,train,10000,12491.306391946897,-2491.306391946897
1607,train,6000,9093.639160057008,-3093.6391600570078
163,train,9000,10274.375263181435,-1274.375263181435
3591,train,7000,6607.724336207493,392.27566379250675
4262,train,10000,7067.499439899894,2932.5005601001058
2722,train,20000,21440.52961593784,-1440.5296159378413
4058,train,30000,32489.694425011752,-2489.694425011752
3627,train,15000,14391.086039529655,608.913960470345
3187,train,13000,18159.09542536859,-5159.095425368589
812,train,36000,38720.99787656695,-2720.997876566951
1508,train,13500,8619.589349368,4880.410650632
2811,train,15000,18226.3554875068,-3226.3554875068003
3362,train,12000,12726.375814414616,-726.3758144146159
4457,train,12000,13949.940643713415,-1949.9406437134148
421,train,12000,9261.01551027189,2738.984489728109
1477,train,70000,56305.013451369785,13694.986548630215
1588,train,10000,10206.413014994214,-206.41301499421388
313,train,15000,15661.219710380778,-661.2197103807775
3945,train,12000,14037.321658091365,-2037.321658091365
2161,train,24000,22341.213608196744,1658.7863918032563
277,train,15000,8597.938321882586,6402.061678117414
2750,train,9000,9579.390368994453,-579.3903689944527
140,train,12500,10649.906423181304,1850.0935768186955
1383,train,37000,50894.24761039176,-13894.247610391758
2708,train,10000,8357.113731596815,1642.8862684031847
1881,train,15000,14955.776182222884,44.22381777711598
4448,train,400000,243673.12871338715,156326.87128661285
310,train,9000,6238.724138275127,2761.275861724873
3601,train,18000,16574.917547960897,1425.0824520391034
4279,train,15000,11197.675540805245,3802.324459194755
3190,train,15000,15080.048279175977,-80.04827917597686
1347,train,20000,19964.445344151907,35.55465584809281
2295,train,30000,23095.948974485174,6904.051025514826
189,train,6500,5007.770691122838,1492.229308877162
1923,train,24000,16285.427437025852,7714.572562974148
1842,train,17000,14488.913625191472,2511.0863748085285
1155,train,38000,39340.356005341964,-1340.3560053419642
3933,train,23000,14877.043155579702,8122.956844420298
61,train,30000,25245.537465249123,4754.462534750877
1691,train,20000,16493.741678870287,3506.2583211297133
499,train,6000,6869.885485290159,-869.8854852901586
1733,train,12500,13760.024825982608,-1260.0248259826076
2555,train,6000,6572.83924136501,-572.8392413650099
2004,train,15000,9047.523289031646,5952.476710968354
1337,train,110000,114044.55935339097,-4044.5593533909705
2652,train,60000,67661.406276601,-7661.406276601003
3823,train,22000,20634.48043215003,1365.5195678499695
2193,train,34000,35951.907503960014,-1951.9075039600139
1425,train,35000,35383.51997941644,-383.5199794164364
2893,train,16000,18504.642892183492,-2504.642892183492
687,train,100000,85995.40799632699,14004.59200367301
1517,train,7500,7302.503042377817,197.4969576221829
852,train,75000,100408.46501270864,-25408.465012708635
4726,train,35000,24840.588948437857,10159.411051562143
261,train,7000,7825.7898032720805,-825.7898032720805
4487,train,18000,14866.778459548872,3133.221540451128
3852,train,15000,11592.459139626973,3407.5408603730266
4246,train,18000,13084.443846254926,4915.556153745074
584,train,13000,24397.321212695704,-11397.321212695704
1305,train,51000,60875.1256952002,-9875.1256952002
875,train,15000,12678.329871763066,2321.670128236934
4116,train,14000,14792.107997663832,-792.1079976638321
1608,train,17000,12433.098275439444,4566.9017245605555
4302,train,18000,20415.080861727965,-2415.0808617279654
1560,train,12000,7457.074750425532,4542.925249574468
827,train,40000,45507.58469483616,-5507.584694836158
625,train,85000,78582.1537857039,6417.846214296107
4274,train,25000,16958.278339102057,8041.721660897943
1984,train,11000,7710.739635003278,3289.2603649967223
1642,train,12000,17404.57453119165,-5404.574531191651
1278,train,15000,18321.57423411233,-3321.5742341123296
4468,train,24000,26575.819906083645,-2575.819906083645
1742,train,14000,25003.7354533853,-11003.7354533853
4400,train,50000,60522.810709065496,-10522.810709065496
522,train,25000,13831.690470504225,11168.309529495775
4688,train,12000,11498.48542269952,501.5145773004806
614,train,120000,58202.52854792249,61797.47145207751
2223,train,28000,26053.69806385875,1946.3019361412516
2483,train,12000,14484.496736755264,-2484.4967367552636
2281,train,22000,23331.317828682262,-1331.3178286822622
3394,train,20000,21756.693634065443,-1756.693634065443
2698,train,18000,22219.972912792775,-4219.972912792775
935,train,18000,23036.38947477541,-5036.389474775409
1987,train,55000,52011.11445198095,2988.885548019047
483,train,5000,5259.254627228956,-259.25462722895645
4396,train,24000,16997.202253614687,7002.797746385313
2047,train,11000,8891.0961729658,2108.9038270342007
459,train,22500,15719.96606147947,6780.03393852053
4615,train,5000,7676.441072745591,-2676.4410727455906
4156,train,31000,32666.358743342327,-1666.3587433423272
3871,train,10000,10444.52530840562,-444.5253084056203
2116,train,14000,10849.807274070541,3150.192725929459
3081,train,12000,15115.63455012358,-3115.634550123579
4094,train,12000,10963.93638493461,1036.06361506539
4632,train,9000,11572.404186531112,-2572.404186531112
4229,train,8000,8501.963965049928,-501.96396504992845
3713,train,19000,12973.846828253685,6026.153171746315
2010,train,50000,22725.28855356859,27274.71144643141
1589,train,7000,6651.092874531028,348.90712546897157
1139,train,77000,70035.73422513701,6964.265774862986
2494,train,14000,11287.249556680492,2712.750443319508
1552,train,84000,71956.34751646126,12043.652483538739
3294,train,65000,71550.2194042372,-6550.219404237199
3145,train,8500,6455.027408792358,2044.972591207642
1751,train,7500,9208.095561740372,-1708.0955617403724
30,train,7500,5339.910768787366,2160.0892312126343
462,train,14000,13430.347868485214,569.6521315147857
3110,train,9000,8550.103363682543,449.8966363174568
3479,train,12000,11602.323627067937,397.6763729320628
2545,train,36000,36328.56091525002,-328.5609152500183
2384,train,40000,19912.29021775581,20087.70978224419
1546,train,16000,15845.00507684479,154.9949231552091
917,train,8000,20984.61143067936,-12984.61143067936
4601,train,10000,11155.158436985814,-1155.1584369858138
432,train,5500,7187.698397385137,-1687.6983973851366
4668,train,7000,10711.242090075926,-3711.242090075926
901,train,75000,85028.25517406643,-10028.255174066435
3599,train,22000,24172.935261356197,-2172.935261356197
1882,train,11000,12748.079313942857,-1748.079313942857
1939,train,24000,19501.58117680278,4498.418823197218
2077,train,11000,9918.14869098996,1081.8513090100405
2662,train,35000,41358.688816698814,-6358.688816698814
1685,train,17500,16544.82225982166,955.1777401783402
1036,train,100000,125531.03700601356,-25531.03700601356
3856,train,20000,12969.760999260263,7030.239000739737
406,train,5500,6381.102214494681,-881.102214494681
3233,train,25000,19679.691240936252,5320.308759063748
1880,train,10000,13494.874880495996,-3494.874880495996
3802,train,14000,14555.796573871261,-555.796573871261
1537,train,7500,8229.976286570974,-729.9762865709745
4389,train,15000,20098.255812473253,-5098.255812473253
1185,train,76000,54255.24357208377,21744.756427916232
418,train,4500,5287.24608955917,-787.2460895591703
1068,train,130000,120265.71489616072,9734.285103839284
3838,train,15000,13623.928494121781,1376.0715058782189
4501,train,8000,8269.838667805601,-269.8386678056013
4548,train,10000,11082.701191466518,-1082.7011914665181
2082,train,10000,10343.978593281223,-343.97859328122286
3558,train,24000,21220.466708897056,2779.5332911029436
2248,train,12000,14189.98366833326,-2189.9836683332596
147,train,8000,9044.285794411491,-1044.2857944114912
4133,train,20000,15809.187897789085,4190.812102210915
137,train,17500,19839.807771907548,-2339.807771907548
76,train,5500,6277.446896957723,-777.4468969577229
4565,train,18000,16249.761125419927,1750.2388745800727
2218,train,40000,26671.494088372678,13328.505911627322
833,train,80000,123683.79753281518,-43683.79753281518
1188,train,39000,44038.727561949396,-5038.727561949396
43,train,8500,8154.143947883381,345.85605211661914
3680,train,8000,13145.206669772559,-5145.206669772559
2257,train,7000,8206.19573536816,-1206.1957353681591
2529,train,24000,12956.347341114806,11043.652658885194
4678,train,30000,17225.82913057212,12774.170869427879
4492,train,37000,29512.43885563535,7487.5611443646485
2639,train,15000,10956.347389359691,4043.652610640309
2492,train,14000,13075.937154477433,924.0628455225669
3011,train,22000,16387.97141265483,5612.0285873451685
838,train,450000,554884.1072383508,-104884.10723835079
3332,train,20000,22950.9364845441,-2950.9364845441014
3720,train,40000,36566.63861604262,3433.361383957381
323,train,8500,10271.995640200284,-1771.9956402002845
4023,train,12000,14332.312455490597,-2332.312455490597
3733,train,20000,19554.246058973975,445.75394102602513
274,train,30000,57864.83230040713,-27864.832300407128
1373,train,24000,32174.071565040736,-8174.0715650407365
3336,train,23000,18084.420340866072,4915.579659133928
2783,train,10000,10084.083425872976,-84.08342587297557
169,train,40000,18004.71455040324,21995.28544959676
2541,train,16000,27300.251824942603,-11300.251824942603
1461,train,30000,33326.855966871575,-3326.855966871575
2903,train,110000,85882.77913412351,24117.220865876487
2990,train,26000,23987.755068531726,2012.2449314682744
4685,train,17000,13829.811605137473,3170.1883948625273
894,train,15500,16005.721293630791,-505.7212936307915
4007,train,25000,17532.14500532831,7467.8549946716885
631,train,50000,42668.66415222806,7331.335847771938
2777,train,6500,7863.43662147394,-1363.4366214739402
3455,train,45000,53452.43962140398,-8452.43962140398
2230,train,16000,13339.01230955076,2660.9876904492394
3723,train,35000,17476.485193627796,17523.514806372204
2886,train,9500,7810.018522125056,1689.9814778749442
4472,train,15000,12746.241067983237,2253.7589320167626
2408,train,9000,9040.707618089273,-40.70761808927273
730,train,95000,108264.60885005258,-13264.60885005258
2184,train,24000,20916.659783092604,3083.340216907396
703,train,40000,40095.22495835606,-95.22495835606242
652,train,43000,47790.219770187556,-4790.219770187556
1280,train,13000,23899.43560563634,-10899.43560563634
4213,train,42000,39587.29456758712,2412.7054324128767
1905,train,6000,8170.879708669454,-2170.879708669454
4298,train,13000,13018.795382961393,-18.795382961392534
484,train,10000,10273.901840256225,-273.9018402562251
3146,train,20000,50143.39080882203,-30143.390808822027
1955,train,15000,13544.679690283585,1455.320309716415
4100,train,16500,20481.66946962325,-3981.6694696232516
2053,train,4800,6919.517483446056,-2119.517483446056
4067,train,1200,21731.322335381694,-20531.322335381694
302,train,20000,11824.192073086744,8175.807926913256
2967,train,7500,8582.087913932593,-1082.0879139325934
4127,train,10000,12229.420393865239,-2229.420393865239
3285,train,8000,9182.41887782212,-1182.4188778221196
1809,train,22000,12147.910405088302,9852.089594911698
4360,train,26000,20878.120447746533,5121.879552253467
1973,train,70000,33853.5739407703,36146.4260592297
1614,train,7000,6353.701363516511,646.2986364834887
3192,train,19000,16408.081162594626,2591.918837405374
3764,train,6000,6149.665932756697,-149.66593275669675
2352,train,17500,14096.255800360104,3403.7441996398957
4150,train,12000,13955.661286892886,-1955.661286892886
2241,train,14000,11963.366438528707,2036.6335614712934
2930,train,5500,7837.470727515544,-2337.4707275155442
610,train,50000,55094.064704158125,-5094.064704158125
3791,train,12500,8705.719118621224,3794.280881378776
3056,train,22000,23450.32674353368,-1450.3267435336784
1783,train,20000,14714.00537010522,5285.99462989478
776,train,150000,153738.10027253945,-3738.10027253945
4513,train,60000,55326.05725210514,4673.942747894856
1116,train,55000,67703.72915683073,-12703.729156830726
2140,train,13900,11646.48229616839,2253.5177038316106
3468,train,26000,26634.641809110373,-634.6418091103733
2106,train,12000,9377.939282624691,2622.0607173753087
1380,train,600000,666688.3491006654,-66688.34910066542
4201,train,10000,12637.726194112065,-2637.726194112065
2871,train,30000,23347.54331798885,6652.45668201115
191,train,9000,7172.155242541858,1827.8447574581423
1046,train,27000,26501.646086679593,498.3539133204067
973,train,85000,83698.93625388324,1301.0637461167644
4499,train,35000,31899.86732241078,3100.1326775892194
449,train,4000,4650.750954226174,-650.7509542261741
628,train,50000,67380.56617054954,-17380.566170549544
1403,train,20000,13815.486449861743,6184.513550138257
4311,train,9500,10326.752359847314,-826.7523598473144
3416,train,10000,11511.863841103532,-1511.8638411035317
1303,train,50000,58121.9596911876,-8121.9596911876
3383,train,30000,24659.445088606222,5340.554911393778
4293,train,70000,74456.9035680956,-4456.9035680956
616,train,110000,140663.88258922394,-30663.88258922394
745,train,100000,102949.26931042665,-2949.269310426651
193,train,12000,11327.96441022566,672.0355897743393
1862,train,8000,11815.019946350878,-3815.019946350878
1449,train,45000,28580.14132110826,16419.85867889174
3064,train,40000,45517.050785754785,-5517.0507857547855
46,train,4600,7353.697084943106,-2753.6970849431063
4291,train,12000,11078.195163267586,921.8048367324136
3950,train,4000,6464.776719037628,-2464.776719037628
3506,train,15000,18171.28370988939,-3171.2837098893906
1107,train,35500,40611.79453217927,-5111.794532179272
4102,train,8500,11141.332116777818,-2641.3321167778176
2143,train,13000,14436.492633590575,-1436.4926335905748
2369,train,7500,9932.073838560604,-2432.0738385606037
642,train,150000,158924.68440820996,-8924.684408209956
3061,train,8000,7849.881759539793,150.11824046020683
4074,train,35000,27743.434178189964,7256.565821810036
1225,train,65000,70816.16986133528,-5816.169861335278
777,train,230000,285870.184224734,-55870.184224734025
3545,train,26000,41766.13274566969,-15766.132745669689
4154,train,6000,6739.6269349416,-739.6269349415998
3249,train,15000,12479.815503543077,2520.1844964569227
3931,train,22000,25914.721347696504,-3914.7213476965044
1158,train,180000,102808.35955653919,77191.64044346081
3168,train,14000,22594.673894273204,-8594.673894273204
815,train,42000,48237.638168812606,-6237.638168812606
2381,train,14000,20311.5193424559,-6311.5193424559
4357,train,18000,12437.119811518067,5562.880188481933
1284,train,360000,338110.55736264505,21889.44263735495
331,train,6500,4843.746260205561,1656.2537397944388
788,train,170000,144342.3132712463,25657.686728753702
1834,train,12500,11066.284796449068,1433.7152035509316
4054,train,14000,11174.241694045248,2825.7583059547524
1746,train,55000,48991.00691306292,6008.99308693708
1292,train,65000,72500.6642416708,-7500.6642416708055
883,train,45000,35275.14056777947,9724.859432220532
2269,train,7000,7928.178775332052,-928.1787753320523
4339,train,10000,13504.32518194856,-3504.3251819485595
4284,train,9500,8504.67222309633,995.3277769036704
289,train,3500,4653.85207883945,-1153.8520788394499
4515,train,9000,11874.798257586923,-2874.798257586923
2879,train,28000,33442.73713823457,-5442.737138234566
2201,train,16500,15334.900847940264,1165.0991520597363
1960,train,26969,26583.035962648704,385.9640373512957
4530,train,8000,8158.368059477349,-158.36805947734865
2824,train,9300,11486.804437542334,-2186.804437542334
263,train,6000,5377.571124304165,622.4288756958349
3020,train,5000,6549.357803059914,-1549.3578030599137
3299,train,26000,19347.811116532248,6652.188883467752
2006,train,27000,18692.06018672348,8307.93981327652
3547,train,15000,8347.374541358267,6652.625458641733
1864,train,15000,13366.17055832559,1633.8294416744102
441,train,5500,4619.207984292217,880.7920157077833
1515,train,7500,9162.39753068702,-1662.3975306870198
1412,train,45000,49502.998933522016,-4502.998933522016
2798,train,37000,19844.005931851323,17155.994068148677
4331,train,6000,6684.75943314619,-684.7594331461896
4214,train,20000,17818.544080671636,2181.455919328364
1487,train,65000,73637.13119276824,-8637.13119276824
295,train,10500,9929.253197412718,570.7468025872822
2552,train,13000,9823.427309067161,3176.5726909328387
2877,train,16000,15962.649795119956,37.35020488004375
364,train,10000,8716.59035174349,1283.4096482565092
3948,train,9500,12183.606267907824,-2683.606267907824
3491,train,8500,8372.878536585307,127.1214634146927
1658,train,14000,9343.959575163659,4656.040424836341
2324,train,12000,13147.950586732955,-1147.9505867329553
761,train,36000,41422.822085077845,-5422.822085077845
4418,train,14000,12646.945362040871,1353.0546379591287
758,train,35000,37283.85905409156,-2283.859054091561
1095,train,25000,18161.065871224397,6838.934128775603
2228,train,12000,10595.692657488857,1404.3073425111434
4188,train,7500,6490.218713283486,1009.7812867165139
3456,train,5000,6739.496722705569,-1739.4967227055686
4618,train,9000,11703.43130147909,-2703.4313014790896
2661,train,36000,57194.6886439765,-21194.6886439765
4063,train,15000,9934.759209715823,5065.240790284177
2050,train,9000,12871.347464936809,-3871.347464936809
496,train,14000,10021.617780314697,3978.3822196853034
810,train,40000,36255.676952900256,3744.323047099744
1797,train,5000,8062.573789316984,-3062.5737893169844
2599,train,25000,40569.64523108058,-15569.645231080583
471,train,7500,7372.159292874545,127.84070712545508
2071,train,35000,32005.84136332874,2994.158636671262
1504,train,8000,8513.569256501882,-513.5692565018817
3330,train,12000,7238.575240538246,4761.424759461754
1261,train,70000,96962.54358747664,-26962.54358747664
3578,train,18000,10530.011134026976,7469.988865973024
736,train,46000,40475.94708837774,5524.052911622261
2236,train,16000,17561.997969173048,-1561.9979691730477
955,train,72000,51030.261334706025,20969.738665293975
2718,train,11000,12353.967271697951,-1353.9672716979512
1100,train,26000,29360.478876814257,-3360.478876814257
4028,train,10000,12040.680722288233,-2040.6807222882326
2790,train,22000,30228.591494954533,-8228.591494954533
480,train,6000,11144.401721767776,-5144.401721767776
2278,train,20000,9869.08653776804,10130.91346223196
3411,train,75000,44618.97578393714,30381.024216062862
4416,train,120000,110116.21666333915,9883.783336660854
3083,train,20000,23982.526266731285,-3982.5262667312854
910,train,24000,25852.962629254747,-1852.9626292547473
3098,train,13000,12493.643966646765,506.35603335323503
1200,train,25000,30385.67788528375,-5385.677885283749
3917,train,25000,22018.022429052613,2981.977570947387
1974,train,19000,15253.729850088279,3746.270149911721
2878,train,20000,20842.10858808907,-842.1085880890714
3317,train,45000,18029.182049405783,26970.817950594217
3775,train,18500,22353.09495371604,-3853.0949537160413
1707,train,20000,15434.84035951931,4565.15964048069
1830,train,11000,8381.065878261863,2618.934121738137
2883,train,8000,9886.917837109648,-1886.9178371096477
2121,train,15000,17382.16780394513,-2382.167803945129
2675,train,30000,33270.96897315827,-3270.9689731582694
1142,train,40000,40257.68304669907,-257.6830466990723
393,train,7000,7008.975293329551,-8.975293329551278
1586,train,7000,7856.755169755463,-856.7551697554627
884,train,35000,27085.0454203936,7914.954579606401
3443,train,16000,18177.178225963446,-2177.1782259634456
3891,train,11000,11066.411649074096,-66.4116490740962
3896,train,30000,26971.74262288534,3028.25737711466
1680,train,12000,8908.425616376679,3091.5743836233214
3227,train,30000,34460.594250025024,-4460.594250025024
398,train,8000,6655.289965457607,1344.7100345423933
598,train,55000,54309.33850675229,690.6614932477096
4144,train,45000,44650.187163291426,349.81283670857374
2122,train,9500,9390.333170749884,109.66682925011628
408,train,11000,12087.100897545643,-1087.1008975456425
3850,train,8500,11817.339017180067,-3317.3390171800675
811,train,40000,26241.898855004558,13758.101144995442
135,train,9000,9602.01149506737,-602.0114950673706
4,train,7500,8928.957176656992,-1428.9571766569916
3112,train,17000,24656.70278511846,-7656.702785118461
2493,train,14000,13224.550747756728,775.449252243272
4025,train,45000,40878.96694805358,4121.033051946419
987,train,75000,64908.16327418168,10091.83672581832
996,train,75000,55580.93680801381,19419.06319198619
1828,train,7000,6694.781172404438,305.2188275955623
4517,train,5800,8666.544280204278,-2866.544280204278
2422,train,18000,12637.9587992304,5362.0412007695995
3174,train,7000,8172.538852091549,-1172.5388520915494
2517,train,22000,21967.626030140924,32.37396985907617
1562,train,16000,15640.104918263338,359.8950817366622
3748,train,12000,9280.07734180811,2719.92265819189
2437,train,10000,8456.232617990983,1543.7673820090167
3380,train,16000,14990.71310147559,1009.2868985244095
4627,train,5000,4949.597758688383,50.40224131161722
4045,train,25000,14316.692183738953,10683.307816261047
2065,train,17681,18901.970990563477,-1220.9709905634772
764,train,7500,11996.762186515189,-4496.762186515189
237,train,5500,7145.827758897204,-1645.8277588972041
3188,train,9000,8468.670530841706,531.3294691582942
3404,train,45000,31424.871444236203,13575.128555763797
893,train,40000,69268.1820240265,-29268.182024026493
3241,train,85000,59546.29365390857,25453.70634609143
2330,train,12500,14881.991069774245,-2381.9910697742453
3815,train,100000,75006.6441846582,24993.355815341798
3058,train,6500,8677.603945335606,-2177.603945335606
396,train,35000,15708.100402799633,19291.89959720037
3759,train,15000,11215.332572082782,3784.6674279172184
1996,train,15000,16332.941041551534,-1332.941041551534
479,train,10000,10904.968711782503,-904.9687117825033
4304,train,9000,11937.918663711365,-2937.9186637113653
2815,train,250000,156631.93952039425,93368.06047960575
3566,train,15000,13883.778820692263,1116.2211793077367
4406,train,3000,5518.7562207492065,-2518.7562207492065
2617,train,140000,103530.37908034102,36469.62091965898
154,train,7000,6880.327707085384,119.67229291461626
4182,train,16000,15633.55459126702,366.44540873297956
705,train,230000,192158.51993512496,37841.48006487504
3611,train,8000,7580.251268430893,419.7487315691069
3017,train,12000,10298.54255904637,1701.4574409536308
1045,train,46000,52429.861881961755,-6429.861881961755
2364,train,24000,24041.81850588634,-41.818505886338244
1832,train,60000,53464.589145551654,6535.410854448346
188,train,7000,7101.097088454686,-101.09708845468595
4235,train,26000,19162.132332555415,6837.867667444585
2968,train,10000,12034.627035279902,-2034.627035279902
3207,train,14000,12312.441932027505,1687.5580679724953
1247,train,8000,20460.65749450604,-12460.657494506038
2700,train,65000,33188.56251117502,31811.43748882498
3888,train,13000,9511.301787748833,3488.698212251167
344,train,7500,10732.570737954844,-3232.570737954844
1289,train,130000,162321.9694257106,-32321.969425710588
2342,train,18000,24252.304436694354,-6252.304436694354
1851,train,40000,53151.46037652829,-13151.460376528288
533,train,33000,32644.65098055643,355.349019443569
3954,train,13000,14521.065619366867,-1521.0656193668674
1354,train,55000,37266.31657845222,17733.68342154778
4684,train,22000,19276.816940392226,2723.1830596077743
2985,train,29000,33324.908510696245,-4324.908510696245
1744,train,11000,13474.682462883471,-2474.682462883471
1937,train,14000,13604.52358175687,395.47641824312996
1840,train,13000,8335.64882751567,4664.35117248433
2812,train,12000,11838.590102819284,161.40989718071614
4642,train,8000,11596.453389270264,-3596.453389270264
1806,train,130000,158308.19201257548,-28308.192012575484
3673,train,10000,10549.158369662318,-549.1583696623184
3536,train,12500,14061.861593962061,-1561.8615939620613
341,train,12000,12238.710755538053,-238.7107555380535
2119,train,10000,8859.80362413516,1140.1963758648399
4735,train,45000,42965.45255078788,2034.5474492121211
2782,train,13000,12434.948151672985,565.0518483270153
2665,train,20000,19100.312882717684,899.6871172823157
4042,train,10000,11028.779235093398,-1028.7792350933978
2343,train,70000,62046.52611432017,7953.4738856798285
67,train,7500,6597.5573877659845,902.4426122340155
3629,train,7000,6902.311380927268,97.68861907273185
2273,train,15000,16048.879310109032,-1048.8793101090323
4242,train,12000,13675.011687273998,-1675.0116872739982
206,train,5000,6151.577312293348,-1151.5773122933479
3278,train,4500,7735.344827926271,-3235.344827926271
4503,train,5500,4775.481592852192,724.5184071478079
1775,train,30000,23440.489758768512,6559.510241231488
1506,train,50000,58069.51640434278,-8069.516404342779
1762,train,15000,22843.142376893727,-7843.1423768937275
939,train,32000,43758.34352804563,-11758.343528045632
4243,train,15000,16294.147110588463,-1294.147110588463
4181,train,8000,10082.151134187985,-2082.151134187985
2464,train,6000,8845.952322024006,-2845.952322024006
63,train,30000,20706.21519353012,9293.784806469881
3610,train,25000,24914.984497037796,85.01550296220375
4352,train,12000,12060.434715814654,-60.43471581465383
1400,train,20000,30513.286399723518,-10513.286399723518
2044,train,250000,197715.89813000173,52284.10186999827
3478,train,30000,11749.117369152487,18250.88263084751
2575,train,8000,8216.796144150445,-216.7961441504449
3919,train,45000,48892.2099441392,-3892.2099441391983
3054,train,16000,12079.842843954231,3920.1571560457687
3210,train,7000,8788.630610191747,-1788.630610191747
3494,train,18000,13454.016269905853,4545.983730094147
1069,train,58000,46601.446212416166,11398.553787583834
4512,train,9000,18060.17494613748,-9060.174946137478
1389,train,310000,374062.081771707,-64062.08177170699
4326,train,18000,11832.50578932594,6167.49421067406
1854,train,16000,18703.31754579499,-2703.317545794991
3312,train,12000,12965.317381395907,-965.3173813959074
2928,train,30000,33917.212059393525,-3917.212059393525
1408,train,55000,59202.57984831091,-4202.57984831091
1136,train,40000,27336.825862813595,12663.174137186405
2748,train,200000,166556.88974564138,33443.11025435862
2668,train,14000,13918.15556335641,81.8444366435906
2842,train,24000,23520.45751703943,479.54248296056903
545,train,22000,20282.324699152625,1717.6753008473752
3914,train,12000,12781.630452544685,-781.6304525446849
2528,train,140000,116804.86795422522,23195.13204577478
1564,train,11000,11317.694073538782,-317.6940735387816
842,train,55000,60285.08000577017,-5285.080005770171
2513,train,20000,19631.815132292388,368.1848677076123
2461,train,5000,8259.565753414727,-3259.5657534147267
3832,train,11000,11404.518348948228,-404.51834894822787
541,train,270000,270296.9263177157,-296.9263177157263
855,train,39000,31283.319564686117,7716.680435313883
804,train,50000,45760.66861895146,4239.3313810485415
372,train,35000,33183.8452171615,1816.154782838501
3457,train,30000,21018.00210287002,8981.997897129979
409,train,10000,8080.749719943274,1919.2502800567263
1153,train,45000,43050.273064507586,1949.7269354924138
4325,train,22000,22810.1413901044,-810.1413901043998
4504,train,5000,6947.780150343966,-1947.780150343966
3268,train,16000,12242.103041889412,3757.8969581105885
2387,train,25000,29107.004901419677,-4107.0049014196775
3729,train,12000,12449.818164751989,-449.81816475198866
1324,train,20000,33924.11925871521,-13924.11925871521
2358,train,4500,5774.021038903654,-1274.0210389036538
4456,train,22000,22964.11098367184,-964.1109836718388
4628,train,6000,5983.288737230279,16.711262769720634
4187,train,14000,15619.595163881746,-1619.595163881746
4032,train,130000,127819.56730395996,2180.432696040036
4348,train,12000,11643.602712959104,356.3972870408961
2840,train,150000,136065.47414930395,13934.525850696053
3144,train,30000,45453.464538242995,-15453.464538242995
1518,train,25000,23680.686979991737,1319.3130200082633
334,train,8000,5895.51675229044,2104.4832477095597
1015,train,60000,47485.75389322176,12514.246106778242
3698,train,18000,18116.227437384474,-116.22743738447389
3873,train,12000,7700.098762722083,4299.901237277917
3238,train,22000,16539.71199094686,5460.28800905314
2378,train,20000,8571.966718911703,11428.033281088297
3184,train,12000,13798.909312106172,-1798.9093121061724
2677,train,11000,8448.30371096955,2551.6962890304494
2556,train,100000,49826.919564868425,50173.080435131575
4372,train,9000,6802.1372979752305,2197.8627020247695
2039,train,25000,18281.292960936808,6718.7070390631925
223,train,12500,8679.566893297548,3820.4331067024523
1183,train,18000,28317.62585414161,-10317.62585414161
2301,train,10000,13532.505171872472,-3532.5051718724717
1244,train,180000,214606.0042983122,-34606.00429831221
4087,train,18000,20359.626963281346,-2359.6269632813455
2925,train,80000,75565.90570987601,4434.0942901239905
2126,train,10000,7377.73452435333,2622.26547564667
2760,train,38000,20905.18879082403,17094.81120917597
3428,train,16000,20188.589990054665,-4188.589990054665
3008,train,27000,32031.783020144918,-5031.783020144918
4659,train,12500,13506.84212232177,-1006.8421223217701
3724,train,4000,5809.435545065529,-1809.4355450655294
3296,train,13500,18476.519016974264,-4976.519016974264
2172,train,30000,34296.28360059305,-4296.283600593051
1463,train,90000,93948.70975004425,-3948.709750044247
662,train,15000,20964.79762366381,-5964.79762366381
3462,train,17000,20902.35291292398,-3902.3529129239796
4641,train,15500,11046.996745927556,4453.003254072444
465,train,20000,14442.9027867826,5557.097213217399
1683,train,25000,27482.73861847465,-2482.73861847465
4138,train,12000,11342.511131156569,657.4888688434312
4132,train,6500,7178.463156984149,-678.4631569841486
2081,train,11000,10346.749049201228,653.2509507987725
1334,train,25000,25981.22814654665,-981.2281465466513
711,train,15000,19724.988811747946,-4724.988811747946
1823,train,13500,11923.58945885463,1576.4105411453693
473,train,15000,11578.088796829874,3421.911203170126
4059,train,12000,13374.969992220758,-1374.9699922207583
3074,train,15000,16065.486101458782,-1065.4861014587823
3433,train,6000,7115.249669834445,-1115.2496698344448
3862,train,32000,27695.16703196187,4304.8329680381285
300,train,35000,21780.99320421459,13219.006795785412
2416,train,50000,53832.05736074885,-3832.0573607488477
1909,train,5500,7145.108347053976,-1645.108347053976
2769,train,16000,11420.906640984602,4579.093359015398
4607,train,15000,15968.54549721084,-968.54549721084
3395,train,18000,8009.524539319977,9990.475460680023
24,train,8000,7854.669402835457,145.33059716454318
3301,train,15000,8894.941078435346,6105.058921564654
2097,train,8500,9268.776153051265,-768.7761530512653
450,train,30000,13782.930347808146,16217.069652191854
709,train,300000,86392.98625496755,213607.01374503245
4273,train,8000,10960.416270088153,-2960.4162700881534
2355,train,22000,15087.934762469728,6912.0652375302725
114,train,15000,16806.075713029084,-1806.075713029084
923,train,43500,39070.20494284641,4429.795057153591
2625,train,10000,8415.772178358417,1584.2278216415834
1879,train,21000,30361.857313952096,-9361.857313952096
4640,train,15000,14526.045989196704,473.9540108032961
4380,train,25000,20472.64585677686,4527.3541432231395
969,train,60000,57061.30322447643,2938.6967755235673
1326,train,850000,536512.368213733,313487.63178626704
3392,train,130000,110510.288440102,19489.711559898
3612,train,12500,9847.20230186155,2652.797698138451
4460,train,15000,13903.494859021726,1096.5051409782736
790,train,55000,52021.957939164466,2978.0420608355344
4358,train,21000,18428.27649906968,2571.7235009303186
1887,train,20000,16883.592095542994,3116.407904457006
985,train,22000,25647.003363069587,-3647.003363069587
933,train,65000,51815.212193167805,13184.787806832195
4126,train,6500,8160.907840162608,-1660.9078401626084
2253,train,15000,14255.707781495968,744.2922185040316
1308,train,30000,34847.44329433055,-4847.443294330551
4613,train,15000,16436.26568503001,-1436.2656850300118
1295,train,22000,33763.63928542358,-11763.639285423582
1750,train,12000,9034.436530068991,2965.5634699310085
4429,train,8000,12614.877946927603,-4614.877946927603
3593,train,8000,9514.028311780901,-1514.0283117809013
2153,train,14000,10209.667600676923,3790.332399323077
3572,train,130000,122585.51328524473,7414.486714755272
3128,train,17000,20536.30372059001,-3536.303720590011
2155,train,20000,20687.617986365487,-687.617986365487
2621,train,6000,10659.502259631487,-4659.502259631487
1624,train,11500,12052.685698313984,-552.6856983139842
551,train,25000,16691.813561064297,8308.186438935703
3966,train,100000,104917.95432901126,-4917.954329011263
1741,train,5000,7985.88870393375,-2985.8887039337496
755,train,42000,46893.34938594778,-4893.349385947782
645,train,65000,75941.09088679151,-10941.090886791513
446,train,10000,9620.361348825314,379.63865117468595
390,train,22000,20437.309366462447,1562.6906335375534
4259,train,25000,18634.732618230184,6365.267381769816
222,train,25000,14950.58855089468,10049.41144910532
869,train,200000,161655.28893630818,38344.71106369182
3528,train,35000,37108.37607678135,-2108.376076781351
205,train,15000,13657.197916493584,1342.8020835064162
1593,train,16000,12400.789116328706,3599.210883671294
1370,train,60000,123758.63333161679,-63758.63333161679
2202,train,14500,16798.87089554228,-2298.870895542281
1613,train,9000,7894.40585437537,1105.59414562463
3246,train,15000,13389.098055705686,1610.9019442943136
495,train,10000,6056.549980222812,3943.4500197771877
2380,train,9500,8524.770681566066,975.2293184339342
2477,train,10000,10171.913776446629,-171.91377644662862
123,train,8000,9561.397354837904,-1561.3973548379035
2297,train,9250,10709.803599713641,-1459.8035997136412
1908,train,20000,16856.187967728398,3143.812032271602
359,train,15000,8612.466457708326,6387.533542291674
4137,train,12500,13151.35876303501,-651.3587630350103
2022,train,35000,16021.667081914271,18978.33291808573
1187,train,45000,14146.785805040696,30853.214194959306
3902,train,9000,9893.87524753926,-893.8752475392594
1736,train,10500,10048.392329200116,451.60767079988364
822,train,93000,131546.61855123698,-38546.618551236985
1251,train,45000,57742.24980680464,-12742.24980680464
3817,train,16000,16311.87736495831,-311.87736495831086
3451,train,15000,13288.40512221243,1711.5948777875692
1557,train,9500,10174.324436881314,-674.3244368813139
837,train,33003,40654.05652886457,-7651.056528864567
3617,train,27000,29209.724120515246,-2209.724120515246
4610,train,15000,7410.813077924953,7589.186922075047
3848,train,70000,88151.72259890147,-18151.72259890147
4110,train,10000,7803.697687677861,2196.302312322139
892,train,25000,22974.959914722538,2025.040085277462
1146,train,32000,21242.111384758493,10757.888615241507
1462,train,45000,44608.30242021914,391.6975797808627
831,train,200000,156411.61881429533,43588.38118570467
4716,train,9000,11334.146787587479,-2334.1467875874787
589,train,40000,42340.60832412038,-2340.6083241203814
4730,train,25000,18771.12019029991,6228.879809700091
2366,train,16000,15092.625801575947,907.3741984240532
2274,train,8200,8713.19576884348,-513.1957688434795
98,train,18000,14486.736340978987,3513.263659021013
2115,train,5000,6944.388165401223,-1944.388165401223
3701,train,8000,10958.495181273896,-2958.4951812738964
3415,train,24000,23479.763061926467,520.2369380735327
4104,train,15000,18561.02698660719,-3561.0269866071903
1028,train,180000,178493.4065938775,1506.593406122498
3376,train,38000,28465.064199174438,9534.935800825562
1219,train,260000,283598.7475709364,-23598.747570936393
4723,train,7000,8168.442011977801,-1168.4420119778006
1693,train,15000,12041.246281747297,2958.753718252703
4617,train,8500,7064.048928696512,1435.9510713034879
1922,train,20000,16768.305641742583,3231.6943582574168
1684,train,7000,7626.366751731761,-626.3667517317608
3602,train,8500,9022.555775098,-522.5557750980006
1310,train,15000,17410.93825390044,-2410.93825390044
1047,train,95000,114305.60718780357,-19305.607187803573
620,train,40000,46548.18030597687,-6548.180305976872
2734,train,80000,85222.14172546138,-5222.141725461377
4329,train,13000,19960.49390262523,-6960.493902625229
490,train,8000,7475.695224766937,524.3047752330631
1205,train,150000,147832.01964696834,2167.9803530316567
1853,train,18500,22514.55620944125,-4014.556209441249
2537,train,11000,10561.52621509473,438.4737849052708
250,train,12000,11359.955277023942,640.0447229760575
724,train,85000,120076.22623564844,-35076.22623564844
1444,train,36000,21315.71709184574,14684.282908154259
4568,train,16500,14617.165064603281,1882.8349353967187
2643,train,6500,7664.720597758662,-1164.7205977586618
1160,train,300000,336073.2126559642,-36073.21265596419
3658,train,9000,11057.465550053052,-2057.4655500530516
3356,train,11500,11928.02644395191,-428.02644395191055
1338,train,21000,15648.762388231282,5351.237611768718
2308,train,20000,22614.171450783186,-2614.1714507831857
2875,train,18000,15136.614517605076,2863.385482394924
4694,train,12000,14419.37255067332,-2419.372550673321
3803,train,8500,9593.55155581566,-1093.5515558156603
3313,train,45000,35979.69970995393,9020.30029004607
2390,train,22000,12190.73723828411,9809.26276171589
3534,train,16500,14724.957055736448,1775.0429442635523
379,train,40000,33137.16526654529,6862.834733454707
2532,train,15000,11420.906640984602,3579.093359015398
684,train,150000,146812.59602956945,3187.403970430547
4035,train,9000,10229.925996675045,-1229.925996675045
2475,train,11000,10553.433782473772,446.5662175262278
36,train,12500,10690.211921533324,1809.7880784666759
2642,train,10000,13704.950782752518,-3704.9507827525176
1576,train,15000,14571.499270827337,428.50072917266334
2619,train,12500,13824.455180829058,-1324.455180829058
3059,train,3000,5967.1257855479,-2967.1257855479
3633,train,15000,13933.184010578194,1066.815989421806
658,train,32000,30140.523228516595,1859.4767714834052
463,train,9500,6771.581676161528,2728.418323838472
299,train,20000,15526.64858504985,4473.35141495015
3323,train,25000,20382.17353187731,4617.82646812269
2012,train,25000,40575.94046674812,-15575.940466748121
2503,train,12500,9972.237509720468,2527.7624902795324
3483,train,40000,44871.991681074585,-4871.991681074585
2733,train,9300,8977.94966105557,322.0503389444293
2583,train,15000,13718.729125883729,1281.2708741162714
1249,train,52000,29600.66490791645,22399.33509208355
2135,train,25000,32837.003498494574,-7837.003498494574
3014,train,6500,10111.40148220414,-3611.401482204141
3072,train,12000,13445.310720554822,-1445.3107205548222
2134,train,21000,17954.49269679299,3045.5073032070104
4330,train,6000,7379.075395525192,-1379.075395525192
1995,train,15000,14199.225108679359,800.7748913206415
981,train,23500,23629.867702275576,-129.86770227557645
1167,train,140000,131749.30149176568,8250.698508234316
1701,train,5000,9666.882269670206,-4666.882269670206
3868,train,23000,14891.819766742094,8108.180233257906
540,train,35000,32747.76390965989,2252.2360903401095
919,train,230000,287880.57191275695,-57880.57191275695
4265,train,34000,40591.71933203183,-6591.719332031833
3142,train,6500,12969.83419069062,-6469.834190690621
179,train,15000,15528.419890656714,-528.4198906567144
3690,train,8500,9828.945752563786,-1328.9457525637863
4070,train,17000,19836.198628214188,-2836.198628214188
1195,train,90000,69488.63704226006,20511.36295773994
1245,train,26000,27680.21987334567,-1680.2198733456717
216,train,7000,8794.488759684487,-1794.4887596844874
753,train,170000,150537.54770782063,19462.45229217937
3604,train,40000,38383.20258580963,1616.7974141903687
4462,train,9000,8200.819563769513,799.1804362304865
3496,train,10000,11026.37481151164,-1026.3748115116396
1711,train,7500,7901.620290796227,-401.620290796227
1398,train,140000,117814.81342512835,22185.186574871652
4283,train,15000,12712.606574704643,2287.393425295357
4085,train,16000,14171.049046599514,1828.9509534004865
1213,train,85000,89103.95640264695,-4103.956402646945
3286,train,10000,7596.213657483312,2403.786342516688
2959,train,15000,9323.437749228111,5676.562250771889
3304,train,15000,11663.650647291744,3336.3493527082555
120,train,6300,5190.202575540486,1109.7974244595143
759,train,14000,17013.07724611534,-3013.077246115339
3969,train,24000,18650.936830777347,5349.0631692226525
3773,train,7500,7331.075626098269,168.9243739017311
2056,train,22500,16730.66013066029,5769.33986933971
2620,train,14000,13760.373688534924,239.62631146507556
131,train,6000,6611.76044528508,-611.7604452850801
2300,train,12000,6894.101242567639,5105.898757432361
1096,train,110000,130347.17908405699,-20347.17908405699
2169,train,18000,16965.00996578894,1034.9900342110595
4531,train,20000,9056.76044825681,10943.23955174319
4012,train,130000,102265.99674457294,27734.00325542706
743,train,25000,24601.22223034427,398.7777696557314
3916,train,9000,7295.004116213355,1704.9958837866452
3527,train,12000,16992.189123259082,-4992.189123259082
680,train,30000,24221.92978450721,5778.070215492789
4398,train,8000,10265.866920807786,-2265.8669208077863
4033,train,8500,7737.421385132689,762.5786148673114
2490,train,45000,31566.411357788504,13433.588642211496
2375,train,8000,8178.504858344758,-178.50485834475785
2889,train,10000,10853.083723763784,-853.0837237637843
2328,train,25000,24044.83006702296,955.1699329770418
797,train,200000,215237.07179375025,-15237.071793750249
4337,train,10000,11026.687343711332,-1026.6873437113318
2800,train,12000,12342.241085965527,-342.2410859655265
4478,train,9000,11955.601650995248,-2955.601650995248
467,train,7500,8049.569949226504,-549.5699492265039
1169,train,65000,77148.97143444099,-12148.971434440988
2616,train,14000,7616.486806170508,6383.513193829492
2624,train,8000,28379.600387558436,-20379.600387558436
3826,train,15000,15680.011885167032,-680.0118851670322
4500,train,30000,34594.08030651037,-4594.080306510368
1883,train,7500,7953.885382452156,-453.8853824521557
208,train,18000,17308.429436209582,691.5705637904175
281,train,6500,5978.712626252425,521.2873737475747
492,train,20000,11105.740622747027,8894.259377252973
4704,train,35000,23621.400652838292,11378.599347161708
2828,train,15000,17052.974750256286,-2052.974750256286
3373,train,35000,31717.34578169492,3282.6542183050806
3106,train,15000,13967.90575516664,1032.0942448333608
2350,train,8000,8710.311911790166,-710.311911790166
1110,train,180000,139923.0621112835,40076.93788871649
1182,train,55000,65596.96030452734,-10596.96030452734
1603,train,12000,11657.866151730603,342.1338482693973
2251,train,18500,13252.338205401331,5247.661794598669
4714,train,17000,13580.808515032331,3419.1914849676687
1441,train,65000,71739.89409514905,-6739.894095149051
2817,train,30000,28632.543827298712,1367.4561727012879
512,train,11000,8877.088987301573,2122.911012698427
1076,train,45000,49149.283941682515,-4149.283941682515
1889,train,13000,14095.792882320937,-1095.7928823209368
3955,train,12500,12797.36943114052,-297.36943114051974
2689,train,30000,23721.03769480504,6278.96230519496
507,train,5000,5292.890468573135,-292.89046857313497
1813,train,60000,48171.12882496303,11828.87117503697
2523,train,15000,14075.187780571065,924.8122194289354
3237,train,4500,5433.2907138481405,-933.2907138481405
1605,train,36000,36349.54433816793,-349.5443381679288
2032,train,9000,10973.410377597995,-1973.4103775979947
3175,train,18000,14839.90598504709,3160.0940149529106
1306,train,140000,164422.49143899643,-24422.491438996425
3941,train,28000,27559.812999611637,440.18700038836323
2386,train,3500,5837.237514519658,-2337.2375145196584
4533,train,14000,12571.15173363823,1428.8482663617706
497,train,10000,10065.522480114085,-65.52248011408483
3485,train,8000,7721.454079738104,278.54592026189584
3378,train,7500,6301.764673313221,1198.2353266867794
3438,train,12500,11373.86860744699,1126.1313925530103
3540,train,72000,46318.572744122976,25681.427255877024
249,train,6000,7867.951276867676,-1867.951276867676
954,train,40000,27921.96628585924,12078.033714140762
1649,train,22000,16286.2545960475,5713.7454039525
1415,train,25000,25973.271007956566,-973.2710079565659
4254,train,15000,12138.821400494353,2861.178599505647
45,train,10000,14593.644799755886,-4593.644799755886
1132,train,75000,85788.99891336,-10788.998913360003
3209,train,14000,10044.898060865477,3955.1019391345235
3493,train,60000,51006.05122884083,8993.948771159172
3484,train,25000,21565.166487706527,3434.833512293473
2392,train,11000,9454.492185816274,1545.5078141837257
94,train,20000,13841.8171615791,6158.1828384209
3897,train,11000,10758.602151417765,241.39784858223538
4324,train,52000,63246.131838362075,-11246.131838362075
1387,train,210000,208911.3523102288,1088.6476897711982
1700,train,6000,6186.503366236473,-186.50336623647308
4473,train,8000,11729.823057151667,-3729.823057151667
4413,train,10000,13877.841058413049,-3877.841058413049
3787,train,80000,97978.29906374334,-17978.29906374334
2400,train,16000,11225.992744758914,4774.007255241086
3007,train,12000,10896.153680490557,1103.8463195094428
3641,train,11000,12694.136163092018,-1694.1361630920183
3659,train,18000,16706.94774009258,1293.052259907421
1816,train,11000,11432.774246787489,-432.77424678748866
626,train,180000,255099.10186303823,-75099.10186303823
3588,train,18000,11109.922772891945,6890.077227108055
548,train,8000,21643.0904589957,-13643.090458995699
4586,train,37000,39184.549535355945,-2184.5495353559454
1443,train,55000,52733.63283073381,2266.3671692661883
2807,train,15000,15963.97972176461,-963.9797217646101
4167,train,85000,68860.7043527279,16139.295647272098
73,train,6500,7234.465218325468,-734.4652183254684
2498,train,25000,18508.103993313838,6491.896006686162
2679,train,35000,23359.686615208644,11640.313384791356
980,train,40000,47027.60190328442,-7027.60190328442
1532,train,50000,36508.58734556379,13491.412654436208
2128,train,13000,14185.737229483664,-1185.7372294836641
971,train,130000,146273.71072056552,-16273.71072056552
4013,train,27000,28880.050330723323,-1880.050330723323
195,train,6000,7467.162670214671,-1467.1626702146714
260,train,25000,37906.580571678045,-12906.580571678045
1224,train,60000,53531.156123338056,6468.843876661944
162,train,3500,4018.707801991684,-518.7078019916839
651,train,17500,21023.098959774474,-3523.0989597744738
3584,train,22000,18732.347313173097,3267.652686826903
3900,train,23382,21996.430418367916,1385.569581632084
3998,train,18000,18766.48202242615,-766.4820224261493
4390,train,20000,12873.472305475403,7126.527694524597
2935,train,14000,22312.551677309064,-8312.551677309064
686,train,160000,106836.4952278231,53163.50477217689
1668,train,15000,18446.98039311896,-3446.98039311896
2666,train,8500,10000.353535809485,-1500.353535809485
3490,train,8500,11670.57500942773,-3170.57500942773
3032,train,150000,104763.57752532816,45236.42247467184
4047,train,45000,55240.0640288438,-10240.0640288438
1342,train,18000,17633.90119131868,366.0988086813195
1348,train,140000,85588.32791953214,54411.67208046786
902,train,8000,21790.743959796964,-13790.743959796964
3314,train,22000,15713.081728671601,6286.918271328399
913,train,21000,25195.18109457222,-4195.181094572221
2574,train,45000,42949.777177076874,2050.222822923126
1293,train,33000,29575.936952806667,3424.0630471933327
4228,train,16000,11117.146930070028,4882.853069929972
153,train,20000,19068.025964323955,931.9740356760449
2974,train,9000,7738.209702898686,1261.7902971013136
4656,train,20000,11178.02388710232,8821.97611289768
586,train,38000,39773.319530409244,-1773.3195304092442
3492,train,11000,10998.786409893595,1.2135901064048085
1207,train,40000,29727.973530748746,10272.026469251254
1450,train,14000,17250.543705092263,-3250.543705092263
3639,train,10000,12536.313200477129,-2536.3132004771287
4578,train,15000,18636.240979011647,-3636.240979011647
3344,train,8500,9268.883008459889,-768.8830084598885
3847,train,40000,67362.70410656303,-27362.704106563033
4024,train,15000,13417.87110439151,1582.12889560849
3671,train,11000,11236.634675866111,-236.63467586611114
3226,train,38000,36238.24259451587,1761.7574054841316
829,train,75000,48271.45696114766,26728.54303885234
1133,train,45000,65578.78244436365,-20578.78244436365
2737,train,13000,10440.440275880002,2559.5597241199976
4115,train,18000,13606.089574032654,4393.910425967346
3548,train,8500,10321.830706254037,-1821.830706254037
997,train,39000,49820.95123185143,-10820.951231851432
276,train,5000,6498.622835748776,-1498.6228357487762
601,train,70000,79243.09440759344,-9243.094407593439
3203,train,80000,70399.8388290929,9600.1611709071
2360,train,6000,8927.768906445366,-2927.768906445366
3912,train,25000,16494.891409703017,8505.108590296983
2293,train,9000,7169.125866464991,1830.8741335350087
1745,train,5500,6924.097367105794,-1424.0973671057936
11,train,5000,5220.190477802466,-220.19047780246638
3476,train,13000,14434.048800090066,-1434.048800090066
1420,train,75000,62770.87008754898,12229.129912451019
554,train,23000,32776.96532558669,-9776.965325586687
1268,train,43000,47642.47138334221,-4642.4713833422065
4671,train,18000,19772.144898711966,-1772.1448987119657
1643,train,20000,18644.968068677448,1355.0319313225518
4327,train,7000,11250.623503456536,-4250.623503456536
2515,train,85000,73772.43877373183,11227.561226268168
2941,train,10000,7354.948356066988,2645.051643933012
948,train,45000,44495.44163123194,504.5583687680628
3379,train,12500,11350.160322504878,1149.8396774951216
1480,train,680000,434750.92765845166,245249.07234154834
3464,train,22000,22712.964148711173,-712.964148711173
2125,train,20000,17023.84614715294,2976.153852847059
2285,train,24000,18971.95407964142,5028.0459203585815
1315,train,40000,41051.98754124948,-1051.9875412494803
983,train,110000,126900.36429335317,-16900.364293353166
3387,train,15000,14158.006280021138,841.9937199788619
2814,train,70000,53916.452764719535,16083.547235280465
2780,train,33000,37569.75126103643,-4569.751261036428
2771,train,9000,10455.697794443702,-1455.6977944437022
2017,train,15000,8561.627756805023,6438.372243194977
2152,train,75000,54187.59421144266,20812.405788557342
3109,train,75000,57240.60552750701,17759.39447249299
3363,train,12000,12020.288103681967,-20.288103681967186
1366,train,90000,83542.44109302621,6457.558906973791
414,train,8500,10435.61554016204,-1935.61554016204
2658,train,29000,33270.96897315827,-4270.968973158269
2137,train,13000,16311.59213496013,-3311.5921349601304
1033,train,400000,243110.54613791665,156889.45386208335
2549,train,10000,20431.733602818458,-10431.733602818458
950,train,160000,164413.69822720604,-4413.698227206041
4004,train,9000,7257.865037719967,1742.1349622800326
4113,train,9000,11008.02991918353,-2008.0299191835293
1208,train,52000,52878.07363039586,-878.073630395862
1014,train,44000,53622.84414522115,-9622.844145221148
4080,train,18000,17507.628884731497,492.37111526850276
2398,train,350000,40891.03891740536,309108.96108259464
2420,train,13000,12883.857235932637,116.1427640673628
4231,train,10000,9055.513639696564,944.4863603034355
113,train,12000,12068.57514278317,-68.57514278316921
2500,train,22000,21636.91611578087,363.0838842191297
2489,train,8000,10330.250227511047,-2330.2502275110473
809,train,55000,71428.23569983992,-16428.23569983992
1447,train,170000,211119.0185764603,-41119.01857646031
835,train,40000,26825.129248147776,13174.870751852224
3232,train,7000,5408.813131796547,1591.1868682034528
3596,train,9800,13807.897743451922,-4007.897743451922
4083,train,14000,12041.415631093552,1958.5843689064477
3160,train,12000,11547.398820823792,452.60117917620846
27,train,6000,10276.81099465372,-4276.810994653721
4109,train,6500,7302.430331653073,-802.4303316530732
3709,train,20000,22623.05076041106,-2623.0507604110608
1949,train,22000,12443.927953996894,9556.072046003106
4039,train,17000,14455.486768797613,2544.513231202387
3719,train,12000,12150.204550393892,-150.20455039389162
2221,train,18000,13870.167263490379,4129.832736509621
1719,train,7000,6944.986013632183,55.01398636781687
3381,train,16000,12886.444695600161,3113.555304399839
1971,train,10000,13537.955408452022,-3537.9554084520223
2306,train,8000,7726.995154822787,273.0048451772127
2110,train,8500,13999.44606140741,-5499.4460614074105
3297,train,29000,24855.81495154069,4144.185048459309
4051,train,15000,12557.220871276604,2442.779128723396
2681,train,30000,35238.57968447023,-5238.579684470227
3019,train,8000,8767.533420092937,-767.5334200929374
2189,train,28000,36390.41880301389,-8390.41880301389
3767,train,6000,6745.498568529159,-745.4985685291585
294,train,10000,9965.656019416208,34.34398058379156
115,train,14000,13154.295958780518,845.704041219482
4016,train,10000,11279.023060776728,-1279.023060776728
2447,train,5500,7039.000185366463,-1539.0001853664626
2037,train,10000,9064.453620160673,935.5463798393266
3930,train,20000,18801.019324603865,1198.9806753961348
4362,train,13000,12871.318633888957,128.68136611104273
3799,train,15000,13335.013494292885,1664.9865057071147
1029,train,180000,183861.5948456189,-3861.594845618907
88,train,6500,8200.425349311263,-1700.4253493112628
900,train,180000,156264.9228885993,23735.077111400693
1309,train,85000,63167.96447648947,21832.03552351053
4065,train,8000,14111.924156629417,-6111.924156629417
2147,train,39000,42917.75089097491,-3917.7508909749085
3509,train,110000,39609.0780999046,70390.9219000954
1371,train,49000,58201.190221145895,-9201.190221145895
552,train,14000,20322.019298839194,-6322.019298839194
1692,train,10000,9261.798289822596,738.2017101774036
989,train,150000,119311.29859342206,30688.701406577937
3361,train,16000,17735.927168131184,-1735.9271681311839
646,train,80000,41894.28035021234,38105.71964978766
2243,train,4700,7045.336002953796,-2345.336002953796
2058,train,12000,15782.645489410957,-3782.6454894109575
1591,train,8000,7713.9042017238735,286.0957982761265
3728,train,10000,11084.87985129671,-1084.8798512967096
4171,train,10000,12535.455795654501,-2535.4557956545013
2591,train,30000,31309.57167115981,-1309.5716711598106
4621,train,11500,11349.298538754168,150.70146124583152
739,train,65000,54031.467677679575,10968.532322320425
4169,train,14000,11026.754560290485,2973.2454397095153
3806,train,5000,6914.648894670576,-1914.6488946705758
1108,train,24000,33185.265668547116,-9185.265668547116
2849,train,25000,17720.098463482158,7279.901536517842
4660,train,140000,154371.3706828521,-14371.37068285211
726,train,150000,209265.4455221245,-59265.4455221245
2070,train,8000,13372.487987009019,-5372.487987009019
2543,train,6000,9434.332825898879,-3434.3328258988786
4238,train,8500,11969.587605492357,-3469.5876054923574
4249,train,12000,9987.00087672787,2012.9991232721295
3469,train,9000,13491.400276853501,-4491.400276853501
2851,train,14000,13940.233172619062,59.766827380937684
2151,train,17500,22576.22761824929,-5076.22761824929
2395,train,11000,16553.891934563326,-5553.891934563326
2547,train,45000,33876.79381832838,11123.206181671623
1640,train,15000,16784.28491941649,-1784.2849194164883
3770,train,16000,19115.376641400155,-3115.3766414001548
4212,train,12500,11882.532337375527,617.4676626244727
3935,train,18000,14492.312995166458,3507.6870048335422
400,train,6000,7154.7383628033285,-1154.7383628033285
59,train,8500,10644.503979013953,-2144.5039790139526
563,train,40000,49115.419201021075,-9115.419201021075
3890,train,10500,9733.674342975079,766.3256570249214
775,train,36000,37354.82817582286,-1354.8281758228622
1737,train,6000,6948.563029667838,-948.5630296678382
4359,train,95000,78714.54402326165,16285.455976738347
1454,train,55000,58549.448951478604,-3549.4489514786037
2785,train,23000,19637.032765733402,3362.967234266598
2980,train,90000,85145.74194789173,4854.258052108271
1652,train,15000,13169.383236493311,1830.6167635066886
4576,train,15000,13261.00032428369,1738.9996757163099
2779,train,20000,23701.697035978374,-3701.6970359783736
3425,train,14000,13590.406367785685,409.5936322143152
4674,train,19000,16200.987214892031,2799.0127851079687
2898,train,11000,9122.09064624604,1877.9093537539593
2604,train,21000,34916.032258148516,-13916.032258148516
523,train,25000,16815.34356398484,8184.656436015161
3409,train,20000,16838.991621966466,3161.0083780335335
2141,train,15000,19627.39698455021,-4627.396984550211
4720,train,13000,12135.907583950018,864.0924160499817
1086,train,200000,103096.37892781863,96903.62107218137
286,train,12000,8752.85290888345,3247.1470911165507
1992,train,8500,14699.58857116717,-6199.588571167171
1841,train,12000,11832.92400220819,167.07599779180964
2282,train,6500,8112.805288944356,-1612.805288944356
1416,train,75000,82227.91401881483,-7227.91401881483
1452,train,7000,21826.649483718455,-14826.649483718455
4055,train,25000,17405.576578662625,7594.423421337375
2766,train,10000,11848.817882928863,-1848.8178829288627
967,train,32000,34846.332216197356,-2846.3322161973556
4135,train,14000,18659.31697965589,-4659.3169796558905
2975,train,9000,12881.350601490594,-3881.3506014905943
2683,train,13000,17630.947507272092,-4630.9475072720925
3347,train,7000,6794.776901176639,205.2230988233614
650,train,250000,301747.7701752953,-51747.7701752953
1650,train,6000,5624.4410790875,375.55892091250007
4727,train,15000,17364.82636743363,-2364.8263674336304
3669,train,13500,8716.925144876772,4783.074855123228
5,train,7000,6540.34020516368,459.65979483631963
2294,train,7500,15040.25556112845,-7540.25556112845
4438,train,7000,9067.381849482592,-2067.381849482592
58,train,7000,8244.692497934619,-1244.6924979346186
2649,train,7000,9072.002551499143,-2072.002551499143
754,train,29999,27315.99077026369,2683.0092297363117
3522,train,15000,9748.745723667384,5251.254276332616
4310,train,9000,7869.08899792076,1130.9110020792396
2101,train,18000,17405.479998973467,594.5200010265326
3321,train,20000,26405.469690752012,-6405.469690752012
1406,train,45000,50635.19851776918,-5635.198517769182
2511,train,45000,29654.66738666217,15345.332613337829
26,train,5300,5950.426769432648,-650.4267694326481
4043,train,12000,10488.946427062254,1511.0535729377461
4026,train,20000,13093.749517491055,6906.250482508945
1843,train,15000,14637.16690300947,362.83309699052916
315,train,8000,12055.690455938415,-4055.6904559384147
3489,train,15000,13767.20098463087,1232.7990153691298
660,train,47000,50150.0240996252,-3150.0240996252032
2593,train,19500,14976.3693761819,4523.6306238181005
325,train,14000,10683.829701915844,3316.1702980841565
4481,train,15000,14493.010340865654,506.98965913434586
1394,train,12000,12286.390420114783,-286.3904201147834
1233,train,55000,62871.717327257225,-7871.717327257225
4651,train,22000,35763.12056694411,-13763.120566944111
2710,train,16500,16212.263796588568,287.73620341143214
1189,train,12500,20917.680848736603,-8417.680848736603
678,train,32000,25893.342952810803,6106.657047189197
536,train,49000,25455.996644151466,23544.003355848534
2829,train,20000,19154.83875670494,845.1612432950606
2914,train,150000,175816.3955130957,-25816.39551309569
2336,train,120000,70050.8674869655,49949.13251303451
1002,train,190000,166330.1441893144,23669.855810685607
2578,train,12000,10275.52520304306,1724.4747969569398
2854,train,10000,10006.205877412036,-6.2058774120359885
4573,train,6500,9596.277697758556,-3096.2776977585563
4244,train,6000,9540.029696779353,-3540.029696779353
2067,train,30000,44520.97315106765,-14520.97315106765
2225,train,110000,54882.72981300134,55117.27018699866
49,train,15000,15220.452370373463,-220.45237037346305
2540,train,15000,15982.11871440577,-982.1187144057694
3994,train,9000,7307.8287093840045,1692.1712906159955
3510,train,8500,7093.178954781982,1406.8210452180183
2983,train,15000,15677.62648903125,-677.6264890312505
1421,train,350000,232825.12471424585,117174.87528575415
4399,train,55000,25564.022647184094,29435.977352815906
460,train,12500,12245.508947253626,254.4910527463744
2759,train,15000,13281.742062318477,1718.257937681523
3120,train,8500,20372.075952263036,-11872.075952263036
2481,train,150000,113489.31205579304,36510.68794420696
3915,train,6500,8694.514867068918,-2194.5148670689177
2199,train,19500,14918.27787056188,4581.72212943812
4112,train,12000,12791.960773500261,-791.960773500261
3042,train,30000,28963.83731107348,1036.1626889265208
3327,train,13000,13623.873097322079,-623.873097322079
3292,train,14000,12150.118336075426,1849.8816639245742
3182,train,20000,14442.930049205665,5557.069950794335
1869,train,15000,19317.60627521208,-4317.6062752120815
3368,train,10000,11335.828943987668,-1335.828943987668
2469,train,45000,17807.17843211089,27192.82156788911
119,train,14000,13385.652830962106,614.3471690378938
3730,train,19397,23891.02463783808,-4494.02463783808
367,train,21000,16792.566556516198,4207.433443483802
1986,train,17000,8598.343421284315,8401.656578715685
1912,train,9300,9357.15811122897,-57.158111228969574
3651,train,8000,9316.838799187406,-1316.838799187406
2099,train,8000,8765.023813122294,-765.0238131222941
116,train,5000,4676.88036520801,323.1196347919904
3958,train,50000,48687.48708995873,1312.5129100412669
3111,train,6500,7773.668557373293,-1273.668557373293
3521,train,30000,28294.1328133311,1705.8671866689
3865,train,10677,12245.8272298101,-1568.8272298101
4626,train,45000,37366.95280225484,7633.04719774516
649,train,18000,23734.24506286522,-5734.245062865219
1519,train,54000,47067.86842163755,6932.131578362452
3697,train,12000,15136.739021338724,-3136.7390213387243
1081,train,300000,269330.64935826964,30669.350641730358
2211,train,12000,15365.215936350116,-3365.215936350116
3372,train,16500,22785.053735260688,-6285.053735260688
1391,train,27000,39914.22530139043,-12914.225301390426
1811,train,23000,15525.944655270749,7474.055344729251
2063,train,12500,7812.5711722629385,4687.4288277370615
3467,train,10000,17527.189479296565,-7527.189479296565
4198,train,15000,15056.546289965758,-56.54628996575775
2156,train,12000,15327.093702861479,-3327.093702861479
3570,train,15000,16692.362861103906,-1692.3628611039057
1654,train,10000,11860.359937242054,-1860.359937242054
4056,train,36000,22096.055433604044,13903.944566395956
615,train,60000,43681.18458617743,16318.815413822573
4314,train,19500,15863.191572766584,3636.8084272334163
4687,train,30000,85707.71456219231,-55707.71456219231
3946,train,12500,14853.98244407141,-2353.982444071409
3043,train,10000,11027.403531896352,-1027.4035318963524
509,train,6000,7257.689457364778,-1257.6894573647778
4424,train,35000,32877.81347025446,2122.186529745537
3173,train,10000,12528.602869959055,-2528.602869959055
1357,train,75000,97978.77690047119,-22978.776900471188
947,train,40000,57999.13403953442,-17999.134039534423
912,train,100000,31401.839717266525,68598.16028273347
532,train,130000,166701.3474236222,-36701.34742362221
3342,train,18999,19909.466019182193,-910.4660191821931
3055,train,6000,8171.136939614771,-2171.136939614771
1688,train,22000,19763.95957169783,2236.0404283021708
3034,train,15000,14037.957186860098,962.0428131399021
2947,train,12000,13573.578679897571,-1573.5786798975714
447,train,12000,17115.426938304496,-5115.426938304496
3542,train,17000,18528.773264010855,-1528.7732640108552
3918,train,12500,16883.979589591767,-4383.979589591767
2611,train,20500,27671.77010298466,-7171.770102984661
624,train,150000,171725.5226436517,-21725.522643651697
87,train,22000,13401.204936131435,8598.795063868565
1612,train,13500,13085.166674407794,414.83332559220617
1906,train,160000,200152.63744453716,-40152.63744453716
3700,train,160000,101967.77212958099,58032.22787041901
2691,train,14500,17405.53432341256,-2905.534323412561
2424,train,27000,29103.670616238804,-2103.6706162388036
789,train,180000,159782.28353199296,20217.716468007042
2932,train,10000,11007.062171257969,-1007.0621712579687
1536,train,15000,12455.353155071183,2544.646844928817
4152,train,120000,101041.13245010738,18958.867549892617
1050,train,30000,33147.31685852586,-3147.316858525861
4698,train,25000,12469.543971850426,12530.456028149574
4464,train,6500,7899.617944015458,-1399.6179440154583
2337,train,7000,7751.2827158647715,-751.2827158647715
864,train,18000,22597.18156307047,-4597.18156307047
2000,train,32000,15575.585504576435,16424.414495423567
2784,train,10000,14926.569270911032,-4926.569270911032
4162,train,7000,10453.256632288372,-3453.256632288372
382,train,6500,7975.279163436427,-1475.2791634364266
2086,train,17500,12568.66435513072,4931.335644869279
1712,train,14000,15310.350437401543,-1310.3504374015429
68,train,6500,8468.87949419993,-1968.8794941999295
1863,train,20000,22439.36413228447,-2439.3641322844705
2159,train,12000,12453.762239296151,-453.76223929615117
1601,train,55000,50598.11384779835,4401.886152201652
4040,train,9000,10295.316372769927,-1295.3163727699266
926,train,77500,67027.29878531619,10472.70121468381
4272,train,45000,43950.9989225237,1049.0010774762995
602,train,150000,141247.38643210815,8752.61356789185
77,train,5000,6765.931868042283,-1765.931868042283
2315,train,7000,8280.190606314844,-1280.1906063148435
478,train,18000,17267.99793385075,732.002066149249
3266,train,35000,27651.50547362721,7348.49452637279
2188,train,12500,11768.61110152778,731.3888984722198
4708,train,20000,18824.390796604028,1175.6092033959721
4711,train,17000,13743.918862106932,3256.0811378930684
1785,train,9000,9824.748508255698,-824.7485082556977
371,train,7000,10460.327350722648,-3460.3273507226477
1392,train,26000,22328.17820442243,3671.821795577569
1316,train,650000,576459.5593244662,73540.44067553384
3242,train,15000,18221.80385772831,-3221.8038577283114
1695,train,56000,63899.73038284914,-7899.730382849142
2399,train,16000,18913.469374414883,-2913.4693744148826
895,train,45000,41360.78473423381,3639.2152657661936
1827,train,10000,10927.01576795801,-927.0157679580097
4015,train,13000,11546.302436524016,1453.6975634759838
1749,train,15000,16691.106420955035,-1691.106420955035
2309,train,12500,10481.047858979284,2018.9521410207162
1799,train,6500,7788.191033611343,-1288.1910336113433
3239,train,10000,8393.142923198955,1606.857076801045
2123,train,25000,20204.809341419812,4795.190658580188
1217,train,58000,63037.34093822188,-5037.3409382218815
283,train,10000,9018.59294179638,981.4070582036202
133,train,4700,5407.569811102741,-707.5698111027414
1855,train,8000,8147.585250139942,-147.58525013994222
3959,train,40000,38263.57644073434,1736.4235592656623
908,train,32000,33650.2401371602,-1650.2401371602027
2826,train,20000,21241.38332775869,-1241.3833277586891
731,train,40000,31989.051803267783,8010.948196732217
3224,train,12000,15981.22416181844,-3981.22416181844
3606,train,12000,9425.20814401814,2574.791855981861
1969,train,18000,16957.647090481278,1042.3529095187223
3434,train,20000,16801.14812397589,3198.8518760241095
3450,train,5000,7238.718500717651,-2238.7185007176513
4665,train,14000,11655.034170534818,2344.9658294651817
2036,train,12000,10153.473607875176,1846.5263921248243
4350,train,26000,19171.907952387963,6828.092047612037
4068,train,8000,8883.409041628804,-883.4090416288036
888,train,35000,37392.808636553425,-2392.8086365534255
1283,train,21000,24747.649754345377,-3747.649754345377
4636,train,12000,13008.098761241336,-1008.0987612413355
15,train,40000,23578.693264346497,16421.306735653503
1000,train,25000,23066.464813510014,1933.5351864899858
3205,train,23000,23883.708670909276,-883.7086709092764
4099,train,5400,6504.401133157342,-1104.401133157342
403,train,5000,5471.383969294377,-471.3839692943766
847,train,300000,345353.88462677307,-45353.88462677307
2445,train,23000,12318.091605985885,10681.908394014115
1669,train,11500,8818.0545303099,2681.9454696900993
4445,train,6000,5778.749740741364,221.2502592586361
350,train,5500,7670.681981438089,-2170.6819814380888
278,train,6500,5275.364153445739,1224.6358465542608
375,train,9900,8995.549877062598,904.4501229374018
3620,train,45000,32015.159882125834,12984.840117874166
358,train,12000,9200.60417942017,2799.39582057983
644,train,55000,45190.45252973042,9809.54747026958
617,train,84500,77797.13343041878,6702.866569581223
1655,train,21000,17990.504059388473,3009.4959406115267
2961,train,40000,32794.97826327995,7205.021736720053
3090,train,15000,18726.335439779967,-3726.3354397799667
2317,train,11000,10238.03802336308,761.9619766369196
3508,train,6800,6788.163635765431,11.836364234569373
879,train,28000,38267.64348627944,-10267.643486279441
2942,train,35000,25490.324965945056,9509.675034054944
3216,train,7000,7231.072899871439,-231.0728998714394
2731,train,18000,19725.559229972827,-1725.5592299728269
4227,train,12000,12687.698163664898,-687.698163664898
3275,train,23000,27136.38521981088,-4136.38521981088
4440,train,9000,11838.13583842137,-2838.135838421371
3670,train,26000,18555.343294062222,7444.656705937778
2577,train,25000,29199.296198372434,-4199.296198372434
2038,train,25000,16842.016961817866,8157.983038182134
4447,train,21000,13302.770267495333,7697.2297325046675
407,train,35000,33881.4749038492,1118.525096150799
3996,train,8000,10561.878105067968,-2561.878105067968
1730,train,29000,31143.21583136038,-2143.2158313603795
387,train,6000,7328.827913658069,-1328.8279136580686
1781,train,20000,24760.38791145746,-4760.387911457459
3702,train,6000,7568.504365076292,-1568.5043650762918
4683,train,8000,12722.835737500043,-4722.835737500043
2510,train,11500,10500.247729162173,999.7522708378274
1764,train,4500,7579.340784445198,-3079.3407844451976
4419,train,6000,6249.282347895588,-249.28234789558792
474,train,7000,7168.557813979256,-168.55781397925603
3339,train,12000,6752.737363845098,5247.262636154902
2235,train,12000,12881.48335724368,-881.4833572436801
1042,train,14000,15371.059035321734,-1371.059035321734
3828,train,70000,71609.90919190731,-1609.9091919073107
3093,train,15000,15883.738962556257,-883.7389625562573
738,train,55100,49254.6355282487,5845.364471751302
2412,train,20000,14355.014338215316,5644.9856617846835
3810,train,28000,14150.918061129922,13849.081938870078
273,train,15000,7848.450704149095,7151.549295850905
4693,train,12000,13122.864305017349,-1122.8643050173487
4384,train,13000,16170.88937264712,-3170.8893726471197
1458,train,27000,26888.109271064946,111.89072893505363
943,train,15000,29383.8729266164,-14383.872926616401
3194,train,16000,16870.22696086517,-870.2269608651695
1664,train,20000,17233.37662550698,2766.6233744930214
134,train,14000,8944.327254792024,5055.672745207976
3236,train,7000,6695.953290027029,304.04670997297126
1171,train,54000,46829.396965170235,7170.6030348297645
1818,train,10000,16453.734436080795,-6453.734436080795
413,train,6800,7368.239576863834,-568.2395768638344
1273,train,65000,67832.88964087126,-2832.889640871261
2266,train,15000,13275.24963299933,1724.75036700067
511,train,5000,5688.956061861184,-688.956061861184
2966,train,18000,20956.901314419218,-2956.9013144192177
3171,train,11500,13617.826091557421,-2117.826091557421
569,train,65000,53397.00040457898,11602.999595421017
524,train,70000,79389.25397509953,-9389.253975099535
3646,train,12000,14249.870317404195,-2249.870317404195
1966,train,10000,9083.473259712426,916.5267402875743
4205,train,7500,10354.496649838688,-2854.4966498386875
2981,train,200000,197624.24036570208,2375.759634297923
825,train,55000,76453.44955294847,-21453.44955294847
2595,train,25000,16954.21487714974,8045.785122850259
3992,train,9500,14675.574854285738,-5175.574854285738
2638,train,45000,49374.61260687143,-4374.612606871429
3276,train,11000,11258.505029763997,-258.5050297639973
394,train,8500,10059.929306890563,-1559.9293068905627
81,train,8200,6622.378649150454,1577.6213508495457
3975,train,10000,9647.436984604,352.5630153959992
3049,train,15000,11690.059756769908,3309.940243230092
1615,train,12000,12384.217899976047,-384.2178999760472
72,train,16000,14028.6875073408,1971.3124926592009
2716,train,8000,10531.847491761531,-2531.8474917615313
3047,train,30000,26223.898822438718,3776.1011775612824
2087,train,6500,8640.796383397965,-2140.7963833979647
2971,train,12000,14510.95473832126,-2510.9547383212594
3170,train,25000,25638.513083311274,-638.5130833112744
3878,train,13000,13318.772855471652,-318.7728554716523
1089,train,6000,9111.642205239626,-3111.6422052396265
29,train,12500,9810.058418758137,2689.941581241863
3114,train,15000,10998.535435186264,4001.4645648137357
3300,train,8200,10664.060820758552,-2464.060820758552
339,train,7500,9256.26725717075,-1756.2672571707499
3421,train,6000,9944.816929343111,-3944.816929343111
1125,train,14000,17179.04641210591,-3179.0464121059085
2072,train,8000,8297.181673153871,-297.1816731538711
3616,train,17500,17224.544997599824,275.45500240017645
1748,train,8500,7572.312409126447,927.6875908735528
550,train,20000,34939.53895870453,-14939.538958704528
3287,train,7000,13487.038572603022,-6487.038572603022
2205,train,280000,126054.53513393788,153945.4648660621
785,train,85000,45477.11280780344,39522.88719219656
2124,train,14000,13883.8013252996,116.19867470039935
84,train,6700,9747.128916074884,-3047.128916074884
2504,train,15000,18096.581183320515,-3096.5811833205153
1633,train,20000,13699.466269299231,6300.5337307007685
3073,train,75000,59323.08743990438,15676.912560095618
2743,train,530000,331894.3897145008,198105.6102854992
2761,train,50000,37633.11132570176,12366.888674298243
2181,train,9500,11882.596798504255,-2382.5967985042553
2973,train,31000,26190.2586831239,4809.741316876101
2455,train,5000,8530.47375789649,-3530.4737578964905
1163,train,40000,41951.08566017201,-1951.085660172008
2289,train,4000,5123.257396689597,-1123.257396689597
4253,train,11000,10875.700774348545,124.29922565145534
3515,train,17000,17146.419547914807,-146.41954791480748
4114,train,60000,58711.52947940338,1288.4705205966166
1540,train,12000,12175.285564002688,-175.28556400268826
3513,train,10000,12514.483070102586,-2514.4830701025858
4692,train,7500,9611.76627328133,-2111.7662732813296
1470,train,80000,69069.76572142143,10930.234278578573
2068,train,25000,22012.574028362873,2987.425971637127
3432,train,10500,11495.84854982038,-995.8485498203809
679,train,150000,164234.2444007429,-14234.2444007429
2633,train,22000,15817.616874482197,6182.383125517803
2915,train,13000,16441.057660344835,-3441.0576603448353
543,train,21000,24795.48107465356,-3795.4810746535586
1793,train,30000,38060.01961030512,-8060.01961030512
2402,train,8000,8832.561247044616,-832.5612470446158
940,train,36000,31855.382635761434,4144.617364238566
352,train,7000,6584.353674090198,415.6463259098018
1023,train,45000,50505.0344932868,-5505.034493286803
786,train,75000,79960.27199609665,-4960.27199609665
1964,train,6500,6474.695707994579,25.304292005421303
3051,train,20000,14597.932619564128,5402.067380435872
2647,train,5500,9175.804501676825,-3675.8045016768247
3520,train,8000,8438.545667326987,-438.5456673269873
2866,train,8000,11305.628460194212,-3305.6284601942116
4136,train,25000,21608.89802866124,3391.1019713387614
1031,train,20000,19262.395499060767,737.6045009392328
2472,train,9000,10305.615779674246,-1305.6157796742464
284,train,1500,4173.459225845987,-2673.459225845987
3721,train,16000,21168.043754594695,-5168.043754594695
4554,train,7500,9715.266760058787,-2215.2667600587865
1667,train,14500,14100.011571396113,399.98842860388686
2627,train,25000,19278.813796192113,5721.186203807887
2880,train,7000,6764.053342080066,235.9466579199343
2076,train,6000,9053.002746291575,-3053.002746291575
4052,train,5500,7245.526939766123,-1745.5269397661232
4048,train,20000,19721.110541313476,278.88945868652445
3656,train,16000,16637.09936056052,-637.0993605605217
2260,train,100000,64976.97826593128,35023.02173406872
1945,train,30000,20045.35808444805,9954.64191555195
1486,train,45000,45056.010216988114,-56.010216988113825
308,train,13000,13340.759080360831,-340.7590803608309
1150,train,65000,72822.92225128613,-7822.922251286131
762,train,53500,40781.58587931041,12718.414120689587
1638,train,30000,33072.99921765739,-3072.999217657387
599,train,120000,127428.34998321184,-7428.34998321184
3005,train,20000,16106.381616023395,3893.6183839766054
253,train,12000,16724.722350147007,-4724.722350147007
143,train,8000,9805.585910340807,-1805.5859103408075
1738,train,16000,18023.968912206303,-2023.9689122063028
2341,train,11000,12471.415214208933,-1471.4152142089333
4219,train,9000,10523.178197122077,-1523.178197122077
4486,train,12000,12113.62081169997,-113.62081169996964
3129,train,8500,11168.320704282381,-2668.3207042823815
3388,train,7500,14186.110939738195,-6686.110939738195
1122,train,40000,34450.28244304872,5549.7175569512765
4370,train,30000,30651.283640049885,-651.2836400498854
51,train,7500,5750.381528775957,1749.6184712240429
1770,train,10000,14568.987722072223,-4568.987722072223
3554,train,16000,11052.934400487902,4947.065599512098
2564,train,14500,19912.29021775581,-5412.29021775581
3253,train,12000,11513.509400799368,486.49059920063155
2319,train,60000,58711.18007269402,1288.81992730598
2254,train,17600,16289.953293497314,1310.046706502686
2910,train,13000,16359.943406645714,-3359.9434066457143
2929,train,42000,41399.547049201065,600.4529507989355
4378,train,12000,14270.194039179565,-2270.194039179565
4351,train,8000,7471.286251697431,528.713748302569
845,train,28000,48163.24694766182,-20163.24694766182
4130,train,12000,11703.43130147909,296.5686985209104
3691,train,5000,6132.24111394975,-1132.24111394975
674,train,32000,31567.24695689372,432.75304310628053
1959,train,10000,6744.071235890951,3255.9287641090486
2752,train,7000,11341.028429225717,-4341.0284292257165
1623,train,6500,8031.057574283033,-1531.0575742830333
3964,train,16000,18376.803970198096,-2376.803970198096
4701,train,12500,11481.974770267016,1018.0252297329844
1629,train,15000,13902.549837223076,1097.4501627769241
3085,train,16000,17912.443905490934,-1912.4439054909344
2354,train,17000,15025.964442015204,1974.0355579847965
4159,train,17500,17960.717705720024,-460.71770572002424
1621,train,18000,19655.686513429824,-1655.6865134298241
4614,train,9500,9756.840164602741,-256.8401646027414
1776,train,12000,15514.179961268717,-3514.1799612687173
436,train,7000,10803.063927450168,-3803.063927450168
3384,train,16000,17485.34374283601,-1485.3437428360085
732,train,180000,151176.9323270877,28823.067672912293
415,train,5000,6567.575489721508,-1567.5754897215083
3271,train,13000,12474.329919657974,525.6700803420263
993,train,200000,225214.32840707668,-25214.328407076682
2419,train,16000,17549.863531906165,-1549.863531906165
529,train,160000,36046.74008678894,123953.25991321106
1594,train,4500,7959.246626859888,-3459.2466268598882
52,train,5000,8084.244272910108,-3084.2442729101076
354,train,10000,10284.70319967315,-284.70319967314936
1218,train,130000,88135.7038496957,41864.296150304304
3877,train,7000,4739.96839182355,2260.0316081764504
4282,train,7000,11576.651868654852,-4576.651868654852
4648,train,15000,11597.535525776277,3402.4644742237233
2894,train,23000,24773.40488714282,-1773.4048871428204
454,train,8500,7931.536980574755,568.463019425245
2789,train,30000,26945.063508861065,3054.936491138935
995,train,48000,40645.32085884121,7354.679141158791
2764,train,15000,21211.170724565356,-6211.170724565356
152,train,5000,9475.439429639388,-4475.4394296393875
813,train,45000,49401.32693071082,-4401.32693071082
82,train,15000,11487.044402697438,3512.9555973025617
1662,train,8000,9920.225453032432,-1920.2254530324317
2333,train,9000,11590.775114862043,-2590.7751148620428
723,train,80000,77660.49472061277,2339.505279387231
3863,train,15000,12178.289817291836,2821.710182708164
2832,train,8000,13411.212209603718,-5411.212209603718
695,train,17000,22481.076254680847,-5481.076254680847
2844,train,28000,21089.184157684977,6910.8158423150235
3760,train,8000,5689.460257437975,2310.539742562025
4375,train,25000,22849.612853285107,2150.387146714893
2608,train,32000,34282.73184748417,-2282.731847484167
2684,train,11000,9039.487855353462,1960.5121446465382
1007,train,39000,32859.52478865812,6140.47521134188
4354,train,10000,13905.463053695286,-3905.4630536952864
1082,train,80000,40239.076854679864,39760.923145320136
2518,train,32000,31646.155326836368,353.84467316363225
1717,train,5500,7600.870868296557,-2100.870868296557
4639,train,80000,94047.35977735653,-14047.359777356527
3910,train,5500,5843.101939020753,-343.101939020753
4328,train,16500,17756.3255602587,-1256.3255602587014
3804,train,35000,29525.803730096173,5474.196269903827
1430,train,58000,44461.809938381746,13538.190061618254
3505,train,6500,5450.294175715916,1049.705824284084
3364,train,12000,12061.438740266487,-61.438740266487
2209,train,180000,96597.3777069827,83402.6222930173
4411,train,8000,10262.37136886948,-2262.3713688694806
2231,train,11000,12384.926152996779,-1384.926152996779
2765,train,30000,18360.23071255532,11639.76928744468
2479,train,25000,22799.643899294097,2200.3561007059034
1404,train,50000,36882.946636698354,13117.053363301646
246,train,10000,13532.43664972438,-3532.436649724379
2711,train,100000,119227.00379280256,-19227.003792802556
3541,train,10000,7543.769398419908,2456.2306015800923
1916,train,14000,13634.915836596247,365.08416340375334
2562,train,10000,8476.56351460081,1523.4364853991901
2831,train,40000,30721.271674305062,9278.728325694938
513,train,10000,11805.099562891877,-1805.0995628918772
397,train,6000,4816.715278355974,1183.284721644026
581,train,28000,23545.941943302245,4454.058056697755
3311,train,280000,220565.4012383177,59434.59876168231
2130,train,24000,20748.927025141787,3251.0729748582125
3156,train,18000,19462.819921064478,-1462.819921064478
3837,train,12000,16878.084134868597,-4878.084134868597
984,train,150000,226949.27213286125,-76949.27213286125
4193,train,30000,25110.332424750784,4889.667575249216
3598,train,15000,16618.702558294535,-1618.7025582945353
3665,train,15000,13644.201269809362,1355.7987301906378
244,train,15000,18224.345041671782,-3224.3450416717824
327,train,7000,6873.495612972988,126.50438702701194
1569,train,12000,13979.980694290281,-1979.9806942902815
4388,train,10000,13577.039852573733,-3577.039852573733
3310,train,14500,12650.154069683687,1849.8459303163127
161,train,10000,8935.932120110872,1064.0678798891277
2198,train,7500,9453.588714837782,-1953.5887148377824
3913,train,23000,17319.117571618248,5680.882428381752
1180,train,25000,26095.28318881866,-1095.2831888186593
4111,train,12000,13627.286119529022,-1627.2861195290225
1350,train,21000,23133.6760944929,-2133.676094492901
4575,train,17500,16005.54958323973,1494.45041676027
1794,train,120000,101361.31118695626,18638.688813043744
2859,train,40000,41540.1402500582,-1540.1402500581971
3161,train,16000,11811.883147465214,4188.116852534786
368,train,5000,4832.647913163293,167.3520868367068
4524,train,7500,10628.907612156316,-3128.9076121563157
3686,train,25000,22661.338309045128,2338.661690954872
1697,train,25000,17099.424973881323,7900.575026118677
3358,train,4200,7738.719942502351,-3538.719942502351
4147,train,20000,19224.883504113437,775.1164958865629
3579,train,18000,16378.07767796039,1621.9223220396107
3472,train,7000,15135.049161121153,-8135.049161121153
4145,train,10500,12759.264120869382,-2259.264120869382
4103,train,14000,13343.013668209844,656.9863317901563
18,train,11000,12357.117079988902,-1357.1170799889023
2256,train,8000,9620.910307243157,-1620.9103072431571
2561,train,15000,11459.946514514591,3540.0534854854086
498,train,10500,13238.942313146952,-2738.942313146952
199,train,24000,14419.576204400117,9580.423795599883
1339,train,46700,45751.95674455727,948.0432554427316
657,train,160000,137003.0430052479,22996.95699475211
3893,train,14000,18334.720506987273,-4334.7205069872725
2907,train,40000,48307.29254759091,-8307.292547590907
139,train,15000,15781.636875505948,-781.6368755059484
3739,train,13500,13255.909701501434,244.09029849856597
518,train,5000,5264.18303300904,-264.1830330090397
1057,train,45000,37338.616769839544,7661.383230160456
4216,train,45000,52228.264096273204,-7228.264096273204
3797,train,25000,18402.466122326914,6597.533877673086
3648,train,11000,11432.895568096614,-432.8955680966137
958,train,50000,79108.57701497721,-29108.577014977214
1620,train,11000,8581.12853645675,2418.87146354325
430,train,5000,5065.3941813939155,-65.39418139391546
734,train,140000,155119.787167713,-15119.787167712988
1865,train,20000,21143.50623587877,-1143.506235878769
2664,train,30000,35797.40492099502,-5797.404920995017
3833,train,12000,12056.064884334915,-56.064884334915405
440,train,8000,7296.375775489678,703.6242245103222
4387,train,9000,10146.008402939107,-1146.0084029391073
2720,train,9000,8185.911422262222,814.088577737778
2707,train,70000,92693.89172240596,-22693.891722405955
4174,train,25000,18430.27747859717,6569.722521402829
4363,train,12000,14600.866658275154,-2600.866658275154
974,train,98000,117427.73094637136,-19427.73094637136
3488,train,17000,24743.653218280047,-7743.653218280047
3461,train,25000,24903.495048166213,96.50495183378735
3264,train,14000,13448.47142614453,551.5285738554703
918,train,75000,53981.78891812504,21018.211081874957
3812,train,14000,11465.28456677892,2534.7154332210794
2956,train,52000,38681.0921647033,13318.907835296697
2551,train,8000,11351.493934758117,-3351.4939347581167
1541,train,7000,7818.519792864203,-818.5197928642028
3048,train,13000,14832.532330341426,-1832.5323303414261
4676,train,10000,11798.00290610616,-1798.0029061061596
1191,train,55000,44727.88567710732,10272.114322892681
402,train,9000,8172.195859266162,827.8041407338378
4645,train,5000,6129.758326221201,-1129.758326221201
1646,train,8000,8477.962581901491,-477.9625819014909
4525,train,25000,23250.3378205116,1749.6621794884013
3605,train,17000,14819.989398228552,2180.010601771448
2485,train,17000,18096.581183320515,-1096.5811833205153
4049,train,16000,10650.70943686934,5349.29056313066
3366,train,15723,17654.189206656694,-1931.1892066566943
1514,train,17000,14204.89033780193,2795.1096621980705
1626,train,13000,10604.893428989331,2395.1065710106686
2252,train,4750,6545.075499522885,-1795.0754995228854
357,train,7000,7252.485201408294,-252.48520140829442
4069,train,15000,22967.671097896215,-7967.671097896215
2572,train,200000,76540.89324959346,123459.10675040654
4661,train,65000,56732.9117712543,8267.088228745699
2976,train,27000,24675.301673999682,2324.698326000318
2136,train,8500,8928.218459383417,-428.2184593834172
177,train,4000,7347.30460676387,-3347.3046067638697
1325,train,26000,24814.45230927199,1185.54769072801
1008,train,190000,196557.75014965283,-6557.7501496528275
2778,train,25000,21157.204179885877,3842.7958201141228
4547,train,7500,7392.394454237653,107.60554576234699
3369,train,3000,6127.498143713889,-3127.4981437138886
166,train,8000,11104.93300466831,-3104.93300466831
2030,train,15000,21968.24454745888,-6968.2445474588785
3459,train,15000,17023.186738194534,-2023.186738194534
2034,train,22000,14858.178992063906,7141.821007936094
101,train,35000,35621.20787512722,-621.2078751272202
882,train,75000,41287.85229447568,33712.14770552432
2573,train,20000,25546.109279364402,-5546.109279364402
2265,train,7500,8799.507651597713,-1299.5076515977125
1239,train,100000,56368.67788893098,43631.32211106902
3816,train,18000,12728.472230641073,5271.527769358927
4276,train,19000,13400.997171293313,5599.002828706687
4637,train,14500,14866.863333742716,-366.86333374271635
1009,train,84000,89415.60967458152,-5415.609674581516
3867,train,32500,36526.90087839286,-4026.9008783928584
3267,train,8000,10293.438206229954,-2293.4382062299537
870,train,20000,22915.720499127365,-2915.7204991273647
90,train,18000,18664.80833770633,-664.8083377063303
2311,train,26000,29912.904328881974,-3912.904328881974
2049,train,4300,7135.754330344866,-2835.7543303448656
3906,train,11000,9716.675549678368,1283.324450321632
2796,train,10000,16309.89282055905,-6309.892820559049
34,train,22000,14607.621565891946,7392.378434108054
793,train,19000,15601.320430486383,3398.679569513617
780,train,61000,81534.63794239309,-20534.637942393092
3675,train,24000,19297.601761255555,4702.398238744445
2075,train,140000,131405.6756666471,8594.32433335291
1121,train,57000,129786.2378863678,-72786.2378863678
972,train,25000,27719.390312707426,-2719.3903127074263
3880,train,9500,12549.231556030389,-3049.2315560303887
1844,train,35000,30055.866778485113,4944.133221514887
2288,train,8500,7798.337020231526,701.6629797684736
3664,train,8500,10775.746920472544,-2275.746920472544
2598,train,12000,13423.749049700198,-1423.7490497001982
1405,train,29000,22521.350032124563,6478.649967875437
4405,train,15000,21908.19590635543,-6908.195906355431
2162,train,9000,9292.915072336313,-292.91507233631273
1041,train,75000,65797.13608780553,9202.863912194473
3980,train,300000,108103.86248764963,191896.13751235037
2884,train,9000,17425.43937034066,-8425.43937034066
314,train,7000,7734.768283877194,-734.7682838771943
1164,train,45000,42757.02308923349,2242.9769107665124
1990,train,16000,15385.657066763451,614.3429332365486
4602,train,13000,13030.077025285435,-30.0770252854345
1831,train,9000,6932.9651378633425,2067.0348621366575
54,train,11000,9276.59876600883,1723.4012339911696
1272,train,330000,205068.74430333806,124931.25569666194
2196,train,16000,16238.224986312982,-238.22498631298186
2742,train,40000,39166.85187621904,833.1481237809567
1788,train,7000,7537.120924100591,-537.1209241005909
3235,train,6500,9094.626471244166,-2594.626471244166
2476,train,35000,36872.54855332119,-1872.5485533211904
3157,train,9500,11901.28178835668,-2401.2817883566804
2566,train,24000,19034.23864202106,4965.7613579789395
3279,train,100000,104387.20653426454,-4387.2065342645365
3731,train,12000,12616.516153410914,-616.5161534109138
3986,train,10000,9980.90701062967,19.092989370330542
1696,train,43000,47380.769026291695,-4380.769026291695
1464,train,25000,24710.044139662405,289.95586033759537
1203,train,27000,31280.012344395058,-4280.012344395058
2634,train,4500,6908.549710773133,-2408.5497107731326
3262,train,5250,5807.6557648236485,-557.6557648236485
2822,train,6500,10279.490524234858,-3779.4905242348577
2891,train,55000,63457.61849310617,-8457.618493106173
1533,train,7000,7881.341105722805,-881.341105722805
3822,train,11500,9805.830567020043,1694.1694329799575
1926,train,20000,19678.248858317475,321.7511416825255
1753,train,20000,26101.70181312438,-6101.7018131243785
3525,train,40000,22389.972504996073,17610.027495003927
1498,train,61500,77888.25320349223,-16388.253203492233
1807,train,15000,11039.857634642058,3960.1423653579423
3989,train,9000,10218.417015364703,-1218.4170153647028
3050,train,12000,12563.114222332102,-563.1142223321021
3283,train,18000,14808.3339994654,3191.6660005346002
2991,train,25000,21452.055789629943,3547.9442103700567
4307,train,36000,18057.892762121824,17942.107237878176
2229,train,11500,9532.785034140396,1967.2149658596045
242,train,7500,6813.089013006784,686.9109869932163
782,train,42000,65305.92573363047,-23305.925733630473
2410,train,13500,13494.373297053604,5.626702946396108
4207,train,8000,6737.770819433183,1262.2291805668174
960,train,65000,76071.61636744402,-11071.616367444018
4545,train,47000,48765.983760381765,-1765.983760381765
3402,train,19000,12763.16794906454,6236.83205093546
801,train,45000,32972.79171552171,12027.208284478293
2825,train,7500,9488.863921751488,-1988.8639217514883
4319,train,13000,13881.189317817472,-881.1893178174723
3636,train,10000,9528.909734178598,471.0902658214018
232,train,35000,26740.632942598288,8259.367057401712
1144,train,47000,47191.61833923657,-191.61833923657105
2534,train,30000,29597.52258099332,402.47741900667825
1059,train,50000,37838.731642378785,12161.268357621215
504,train,25000,11776.51185713394,13223.48814286606
751,train,92500,83131.80207886558,9368.197921134415
4038,train,26000,22932.974980328814,3067.025019671186
3097,train,8000,6588.318997077933,1411.681002922067
4584,train,13000,8444.955908693091,4555.044091306909
2027,train,12000,11592.138045190144,407.8619548098559
4263,train,6000,8378.499768037296,-2378.4997680372962
4340,train,8000,10699.474591372631,-2699.474591372631
3350,train,21000,19699.609832647955,1300.390167352045
823,train,69999,65086.09792437516,4912.902075624843
1644,train,13000,14215.77226491237,-1215.7722649123698
2536,train,80000,81131.30799372234,-1131.3079937223374
3983,train,27000,36882.4199265649,-9882.4199265649
4170,train,10000,10421.691196893758,-421.6911968937584
346,train,20000,24575.44999895454,-4575.44999895454
1048,train,94000,58224.26908514203,35775.73091485797
343,train,9500,6913.527702852484,2586.4722971475157
1682,train,23000,23483.751216591445,-483.751216591445
2275,train,8500,6969.473438243023,1530.5265617569767
516,train,7500,7298.499643821542,201.50035617845788
781,train,70000,84126.20438827944,-14126.204388279439
2363,train,35000,39929.20378013174,-4929.203780131742
2020,train,14000,17295.78029354699,-3295.7802935469917
4579,train,9000,7722.907614113602,1277.092385886398
12,train,6500,7964.541980260748,-1464.5419802607476
3624,train,34999,41166.45860756673,-6167.458607566732
3929,train,30000,22509.995499179968,7490.004500820032
256,train,5000,7273.050323131395,-2273.050323131395
2804,train,12000,16056.58411490152,-4056.5841149015196
3993,train,49000,37813.12918569047,11186.870814309528
4268,train,9500,11245.277499120886,-1745.2774991208862
3999,train,18000,16896.5788087508,1103.4211912491992
656,train,18000,19506.454451048085,-1506.4544510480846
105,train,6000,6930.053781394229,-930.0537813942292
3814,train,33000,31258.69098101921,1741.3090189807917
1056,train,57000,57269.103420332634,-269.1034203326344
3089,train,10000,11909.909161931833,-1909.9091619318333
1448,train,34000,22362.335250818825,11637.664749181175
3118,train,17500,15453.800826926134,2046.1991730738664
3349,train,14000,11296.29436175445,2703.7056382455503
4700,train,6000,6343.737135405894,-343.73713540589415
1432,train,45000,57900.838602227195,-12900.838602227195
4589,train,44000,40546.47111073343,3453.5288892665703
25,train,7000,10027.516300142062,-3027.5163001420624
4482,train,6800,7292.396470110573,-492.3964701105733
3625,train,7000,9766.173011907225,-2766.1730119072254
4397,train,13000,14864.394569174096,-1864.3945691740955
104,train,180000,11654.03985271906,168345.96014728094
3722,train,9000,11726.251161344402,-2726.251161344402
332,train,20000,20877.445924499945,-877.4459244999452
4088,train,140000,162785.49446693144,-22785.494466931443
4317,train,16000,14689.955936403805,1310.044063596195
168,train,6500,6971.2607932265355,-471.2607932265355
817,train,40000,34529.39056968837,5470.609430311633
2016,train,10000,8382.929307649076,1617.0706923509242
3857,train,12000,11130.171222155624,869.8287778443755
4106,train,14000,13116.460143775448,883.5398562245518
4071,train,12000,11809.828418569672,190.17158143032793
500,train,12000,11288.618156721637,711.3818432783628
4237,train,28000,21504.914633617165,6495.085366382835
1522,train,10500,11700.903249184012,-1200.9032491840117
1094,train,20000,22229.164509328228,-2229.1645093282277
3529,train,8000,10834.532304089704,-2834.5323040897038
2450,train,22000,27894.25114002794,-5894.25114002794
621,train,34000,32806.63101848362,1193.3689815163816
1215,train,21000,28503.817935708612,-7503.817935708612
2331,train,18000,14779.633053129697,3220.366946870303
1304,train,18500,12738.489490838354,5761.510509161646
391,train,8500,9009.937653444369,-509.93765344436906
1172,train,180000,197162.52757919606,-17162.52757919606
2382,train,65000,60676.4217381365,4323.5782618634985
3921,train,75000,64414.38326848112,10585.61673151888
2952,train,40000,40046.113458244625,-46.11345824462478
3399,train,19000,18857.950685229498,142.04931477050195
2499,train,9000,9348.888102739458,-348.8881027394582
1505,train,9500,9114.358574793641,385.6414252063587
1759,train,18000,14068.666649944314,3931.3333500556855
2019,train,17000,19554.605275967606,-2554.605275967606
4270,train,30000,36466.60185435412,-6466.601854354121
439,train,6500,7045.431438151848,-545.4314381518479
2466,train,75000,63589.45204716748,11410.547952832523
4422,train,6000,5928.366245704971,71.63375429502867
476,train,14000,12288.204230226773,1711.7957697732272
792,train,18000,18441.200894049474,-441.2008940494743
1018,train,65000,64778.690536628324,221.30946337167552
172,train,7000,5415.793751077951,1584.2062489220489
1847,train,10000,10812.582916686131,-812.5829166861313
1475,train,90000,96638.6555238224,-6638.6555238223955
633,train,210000,109906.64260983103,100093.35739016897
79,train,8000,5534.2065911643895,2465.7934088356105
2304,train,12000,10340.940970946558,1659.059029053442
4475,train,22000,20234.167544300657,1765.832455699343
4528,train,7500,11504.73914163261,-4004.73914163261
2178,train,6500,8134.7319604182385,-1634.7319604182385
2338,train,28000,24079.505287815366,3920.4947121846344
1241,train,100000,115920.69631730569,-15920.696317305687
4376,train,8500,7697.0990423249405,802.9009576750595
857,train,190000,130407.83154243672,59592.16845756328
4017,train,10000,12097.936393399463,-2097.9363933994628
2370,train,16000,21740.097262438536,-5740.097262438536
2670,train,25000,23674.32656811779,1325.6734318822091
2906,train,19000,16468.249935229982,2531.750064770018
3307,train,6500,6915.619914144323,-415.61991414432305
1915,train,7000,7443.843288316927,-443.8432883169271
567,train,32000,30793.186983047006,1206.813016952994
4713,train,8000,7494.165328883869,505.8346711161312
3015,train,9000,10082.057588627438,-1082.0575886274382
4142,train,65000,34011.07706579984,30988.922934200164
961,train,33000,35879.69664324988,-2879.696643249881
1184,train,100000,132472.90617101517,-32472.906171015173
4295,train,8500,6468.07442802063,2031.92557197937
1090,train,280000,265717.53502182534,14282.464978174656
2802,train,22000,22457.48766859353,-457.48766859353054
3984,train,10000,12847.331239423269,-2847.331239423269
3295,train,9000,11824.620462151493,-2824.6204621514935
2519,train,20000,15370.822549492614,4629.177450507386
3792,train,18000,13010.920139942891,4989.079860057109
710,train,6500,26848.621332859737,-20348.621332859737
2998,train,10000,9362.889627963395,637.1103720366045
3808,train,15000,10488.818524806065,4511.181475193935
3905,train,11000,10722.706272456462,277.2937275435379
1118,train,50000,60166.92868784206,-10166.92868784206
1677,train,10000,7471.359875945142,2528.6401240548576
2361,train,11000,8527.048644957738,2472.9513550422616
988,train,41000,52816.995481540325,-11816.995481540325
562,train,25000,25987.215568692765,-987.2155686927654
66,train,5000,5314.021935760912,-314.02193576091213
3191,train,15000,14069.851680452473,930.1483195475266
3037,train,10000,14342.231009030185,-4342.231009030185
3926,train,24000,22448.634041476296,1551.3659585237037
3564,train,20000,11268.837185167082,8731.162814832918
3835,train,8000,11301.615209436724,-3301.6152094367244
4165,train,10000,11063.687232353073,-1063.6872323530733
515,train,65000,33595.06821814588,31404.931781854117
91,train,12000,9098.559128648749,2901.440871351251
4315,train,25000,15622.673424551047,9377.326575448953
1957,train,15000,22452.031107849005,-7452.031107849005
2432,train,38000,22296.06038967058,15703.93961032942
1954,train,15000,14962.698645282315,37.30135471768517
4157,train,7000,11834.08190156877,-4834.08190156877
1803,train,20000,22737.607309346906,-2737.607309346906
3458,train,17000,12285.73433875609,4714.26566124391
3116,train,40000,49812.21085651866,-9812.210856518657
251,train,6000,7879.793241781255,-1879.7932417812553
4583,train,25000,17264.772556953925,7735.227443046075
527,train,14000,27815.17392674584,-13815.17392674584
938,train,32000,31954.992248492756,45.00775150724439
1777,train,9000,9580.24327805051,-580.2432780505096
876,train,40000,49362.21070487207,-9362.210704872072
3763,train,85000,79696.97886871049,5303.021131289512
1210,train,55000,71729.87099221106,-16729.870992211057
1728,train,23000,12277.877569988332,10722.122430011668
3115,train,25000,21659.22668170489,3340.7733182951088
2305,train,14000,12239.037421777482,1760.9625782225175
2740,train,45000,53279.54557967962,-8279.545579679623
3769,train,32000,25532.437591863083,6467.562408136917
1914,train,13000,10620.951127418866,2379.0488725811338
1457,train,42000,47623.88466643457,-5623.884666434569
3704,train,6500,7254.419423810865,-754.4194238108648
1427,train,400000,383347.22709488886,16652.77290511114
3354,train,25000,19263.681934974218,5736.318065025782
3273,train,11000,8912.024961567698,2087.9750384323015
437,train,5000,5481.09970687804,-481.0997068780398
3460,train,3500,7398.279182672532,-3898.2791826725324
3149,train,19000,14833.05972552326,4166.940274476739
909,train,50000,67342.44899731681,-17342.44899731681
2213,train,22000,16034.42504648192,5965.57495351808
769,train,110000,71136.19542060302,38863.80457939698
1968,train,13000,12749.95223569433,250.04776430566926
3824,train,12000,20089.283368333003,-8089.283368333003
37,train,7000,6906.984715733625,93.01528426637469
3638,train,12500,9068.9971666533,3431.0028333467
1678,train,8000,11722.13811432914,-3722.13811432914
4084,train,35000,30874.492008756744,4125.507991243256
2576,train,9500,10519.8172367455,-1019.8172367455008
434,train,22000,18266.647307289302,3733.3526927106977
936,train,48000,42556.95280950099,5443.047190499012
856,train,150000,208286.63374501836,-58286.633745018364
4717,train,16000,16405.964006937444,-405.9640069374436
377,train,5000,5965.49954664484,-965.4995466448399
2427,train,80000,68877.39530192765,11122.604698072348
144,train,8000,9589.134879553152,-1589.1348795531521
4474,train,6500,4470.15340239565,2029.8465976043499
4444,train,16000,19993.132151461305,-3993.1321514613046
3643,train,15000,10440.252443417576,4559.747556582424
2024,train,130000,143418.7994954661,-13418.799495466112
2770,train,22000,23249.17293479773,-1249.1729347977307
3341,train,33000,29201.65792190935,3798.342078090649
3256,train,11000,11459.208937367013,-459.2089373670133
4695,train,10500,8291.919718544417,2208.0802814555827
546,train,100000,61432.90818211252,38567.09181788748
1307,train,80000,73127.71409937477,6872.285900625226
3576,train,7000,8163.553002671502,-1163.5530026715023
423,train,12000,8086.42786618422,3913.57213381578
1723,train,15000,16965.00996578894,-1965.0099657889405
2298,train,13000,12401.692598602356,598.3074013976438
307,train,9000,8655.67299749747,344.3270025025304
2284,train,16000,14742.223307796317,1257.7766922036826
544,train,150000,35436.22327433917,114563.77672566083
2093,train,8500,10691.25249585378,-2191.2524958537797
779,train,190000,193373.53591698673,-3373.5359169867297
2672,train,28000,33740.79805406303,-5740.798054063031
2177,train,9500,12298.293118663478,-2798.293118663478
585,train,24000,26404.069584653927,-2404.0695846539274
2203,train,16000,11540.661978953114,4459.338021046886
4631,train,10000,10011.527137796378,-11.527137796378156
2456,train,20500,19577.174749820504,922.8252501794959
4239,train,12500,14178.488646883176,-1678.4886468831755
2911,train,44000,40439.605591045925,3560.3944089540746
1956,train,10000,9617.951338174596,382.04866182540354
2405,train,15000,17765.07612573904,-2765.0761257390404
2899,train,11500,11707.203894666967,-207.20389466696724
3053,train,10000,10505.094509332754,-505.09450933275366
4346,train,30000,23199.07935938266,6800.92064061734
2833,train,95000,76556.2785045543,18443.7214954457
1967,train,6000,10748.261062964446,-4748.261062964446
138,train,8500,9862.419329171415,-1362.4193291714146
2431,train,35000,29425.67353499794,5574.326465002061
2977,train,12500,14668.726250927413,-2168.7262509274133
1731,train,12000,13039.213258307764,-1039.2132583077637
3502,train,17000,12685.64876425696,4314.351235743041
4691,train,7500,8392.449652989359,-892.4496529893586
3427,train,30000,26073.754672255953,3926.2453277440472
1884,train,22000,19389.329573565246,2610.6704264347536
1687,train,39000,24916.497989912594,14083.502010087406
1106,train,27000,27156.76097609858,-156.7609760985797
4260,train,11500,12943.323423582604,-1443.323423582604
715,train,16000,17158.40767393971,-1158.4076739397096
1332,train,39000,25499.030039900168,13500.969960099832
4225,train,25000,16199.158120435366,8800.841879564634
3649,train,10000,9687.461520572435,312.5384794275651
1377,train,32000,31229.726058404194,770.2739415958058
157,train,12000,14438.773294695135,-2438.7732946951346
198,train,9000,10010.672145230958,-1010.6721452309575
1039,train,30000,28091.812168844855,1908.1878311551445
4353,train,15000,18181.049613568473,-3181.0496135684734
3672,train,18000,14392.026444943633,3607.9735550563673
760,train,45000,43273.47260104771,1726.5273989522902
23,train,6500,9067.473555116709,-2567.4735551167087
1542,train,9000,8820.262589843322,179.73741015667838
4559,train,8000,6423.867900670163,1576.1320993298368
4680,train,6500,7222.9464937510775,-722.9464937510775
3101,train,14000,22982.014655119103,-8982.014655119103
931,train,55000,58019.25650004882,-3019.2565000488175
1520,train,14500,11938.057032876646,2561.942967123354
4506,train,8000,9752.305882756307,-1752.3058827563073
2480,train,8000,8393.563488041036,-393.5634880410362
2064,train,21000,24932.43911626786,-3932.4391162678585
3708,train,17000,12324.297362134554,4675.702637865446
1531,train,13000,12053.363671452616,946.6363285473835
3895,train,10500,9080.333972986416,1419.6660270135835
525,train,45000,33415.52558200319,11584.474417996811
1661,train,13000,12367.02093766264,632.9790623373592
639,train,100000,85795.90625138559,14204.09374861441
3705,train,10000,10530.47072427618,-530.4707242761797
3258,train,17500,17061.83312817058,438.1668718294204
2200,train,75000,72406.75377899231,2593.246221007692
3044,train,15000,12966.465209633105,2033.5347903668953
1509,train,13000,10292.919297404103,2707.0807025958966
1070,train,65000,76533.59504139177,-11533.595041391774
419,train,6000,4936.027529131724,1063.972470868276
3135,train,10000,11294.955706421459,-1294.9557064214587
1467,train,110000,107497.7480296109,2502.251970389101
1952,train,15000,11727.195824487206,3272.8041755127942
2226,train,5500,10169.165881101915,-4669.165881101915
2175,train,9500,11007.18639259084,-1507.1863925908401
1267,train,6000,21216.93087673196,-15216.93087673196
2041,train,60000,39903.42257021668,20096.57742978332
3549,train,10000,12794.01373509985,-2794.0137350998502
3208,train,13000,14817.448161032153,-1817.4481610321527
4722,train,13000,11316.447230816093,1683.552769183907
3711,train,11500,16191.849932456158,-4691.849932456158
4417,train,25000,18048.99737721605,6951.002622783952
3761,train,220000,230313.7269803274,-10313.726980327396
4484,train,12000,16703.721717956872,-4703.721717956872
2323,train,18000,19400.170532977852,-1400.1705329778524
1577,train,21000,23345.995050283662,-2345.995050283662
392,train,35000,29088.179447411003,5911.820552588997
3441,train,28000,28504.523239859274,-504.5232398592743
4543,train,11000,11109.713910151451,-109.71391015145127
3076,train,20500,16575.73584763186,3924.2641523681414
951,train,36000,33159.118501763885,2840.8814982361146
404,train,8000,14727.545237802107,-6727.545237802107
2823,train,17000,21978.490799822775,-4978.490799822775
1079,train,95000,75701.76116949202,19298.23883050798
1718,train,10000,11661.635120534485,-1661.6351205344854
1484,train,78000,42568.283455078454,35431.716544921546
321,train,12000,12067.527046382122,-67.52704638212163
2944,train,7000,7961.925352332302,-961.9253523323023
4318,train,15000,10290.125119689332,4709.874880310668
2585,train,70000,54780.19722355399,15219.802776446013
1878,train,45000,69805.15379496144,-24805.153794961443
4677,train,9000,10577.857809518062,-1577.857809518062
2066,train,28000,49437.14535705288,-21437.145357052883
3582,train,15000,12293.099719425738,2706.900280574262
643,train,18000,20333.05051466207,-2333.050514662071
2603,train,35000,48744.9623308219,-13744.962330821902
4597,train,9500,12698.281355683057,-3198.281355683057
2704,train,7500,8223.728462256013,-723.7284622560128
712,train,38000,30987.11529035309,7012.884709646911
14,train,8500,13876.191945013748,-5376.191945013748
962,train,27000,35489.81626507549,-8489.81626507549
401,train,15000,15516.814679043013,-516.8146790430128
2554,train,7500,7756.579473273658,-256.57947327365764
4289,train,12000,8989.498579367713,3010.5014206322867
2487,train,16000,25473.004902619472,-9473.004902619472
3257,train,11000,12546.610550412901,-1546.610550412901
2873,train,15000,8980.18699592517,6019.813004074829
2953,train,8500,9941.518910823077,-1441.518910823077
3788,train,22999,20734.94998656785,2264.0500134321483
2073,train,10000,12760.455405615501,-2760.455405615501
3447,train,22000,14790.886095756836,7209.113904243164
3858,train,17000,11011.521863248787,5988.478136751213
1192,train,90000,89135.16898883689,864.8310111631145
1766,train,10000,13727.137515339406,-3727.1375153394056
156,train,7000,8220.823268346558,-1220.8232683465576
1936,train,31000,24660.51293971409,6339.487060285908
3172,train,11000,13628.873490301508,-2628.8734903015084
1725,train,12000,13158.374677756146,-1158.3746777561464
2397,train,60000,57129.14947973097,2870.8505202690285
442,train,6000,7580.5772217713875,-1580.5772217713875
1790,train,8500,12294.16497276011,-3794.1649727601107
4367,train,21467,9361.026993621259,12105.973006378741
4520,train,45000,48665.87086337926,-3665.870863379263
466,train,6500,5897.10272413754,602.8972758624604
3718,train,60000,85614.903072987,-25614.903072987
362,train,8000,11661.343011801586,-3661.343011801586
1270,train,280000,236962.66870684383,43037.33129315617
48,train,30000,19852.164853121096,10147.835146878904
2521,train,35000,25352.943133492907,9647.056866507093
4643,train,7500,6874.907047762792,625.092952237208
2242,train,14000,15983.448593213785,-1983.448593213785
4199,train,22500,19543.5715328355,2956.4284671645
820,train,50000,51115.61139734624,-1115.6113973462416
1468,train,20000,20844.4012304755,-844.4012304755015
2180,train,25000,22586.517144711568,2413.482855288432
3052,train,36000,24126.740804793826,11873.259195206174
982,train,250000,274574.4142074346,-24574.414207434573
92,train,9000,8031.8605324821165,968.1394675178835
867,train,170000,148186.0732815082,21813.9267184918
4321,train,12000,11031.7998220271,968.2001779728998
1227,train,130000,122234.19015319356,7765.809846806442
1734,train,32000,29443.844834284977,2556.155165715023
597,train,14000,33685.3474782558,-19685.347478255797
3904,train,11000,12691.291177005776,-1691.2911770057763
2313,train,14000,12178.057456626206,1821.9425433737943
2908,train,8000,8270.817976367913,-270.8179763679127
3022,train,6500,6566.052711557782,-66.05271155778155
1761,train,31000,24925.90920531466,6074.09079468534
702,train,21000,31480.924088148902,-10480.924088148902
3800,train,15000,13255.29006250876,1744.7099374912395
4230,train,14000,11494.804399656708,2505.1956003432915
4702,train,26000,20263.019449404197,5736.980550595803
1312,train,60000,49715.08672139004,10284.913278609958
2996,train,23000,14515.665682862631,8484.334317137369
603,train,62000,84413.2433426114,-22413.2433426114
2096,train,8000,7862.37356542018,137.62643457981994
2735,train,7500,9952.322254948493,-2452.3222549484926
784,train,60000,53379.56775132346,6620.432248676538
2268,train,14000,10611.55300859755,3388.4469914024503
2433,train,16000,13536.162041581696,2463.837958418304
4658,train,11000,13127.814747340697,-2127.814747340697
4057,train,20000,19846.620226396302,153.37977360369769
1344,train,88000,56752.44595092407,31247.55404907593
4480,train,15000,17178.609150581284,-2178.6091505812838
1388,train,200000,140225.3993675122,59774.600632487796
1529,train,28000,28184.12336514835,-184.12336514834897
2933,train,17000,16247.296762736936,752.7032372630638
783,train,27000,22443.445161800944,4556.554838199056
4561,train,17000,12693.082206000057,4306.917793999943
911,train,62000,57239.48578542386,4760.514214576142
1061,train,100000,119620.43610695416,-19620.436106954163
878,train,15000,24493.242002143,-9493.242002143
342,train,8500,8825.276848432553,-325.2768484325534
2739,train,44300,45005.927115775514,-705.9271157755138
1539,train,65000,61234.14467718777,3765.8553228122328
1199,train,300000,318284.89377047506,-18284.893770475057
897,train,51000,61562.64782795366,-10562.64782795366
3013,train,7000,8675.618004379048,-1675.6180043790482
4194,train,16500,22282.56523120518,-5782.565231205179
1085,train,44000,35566.14678595539,8433.853214044611
2937,train,27000,25327.39881175904,1672.6011882409584
3842,train,25000,18391.571545307455,6608.428454692545
1141,train,35000,39323.80041129547,-4323.800411295473
2091,train,6500,5935.031886130977,564.968113869023
3774,train,10000,8493.591801462877,1506.408198537123
122,train,6800,5614.353779213438,1185.6462207865616
3371,train,18000,15511.791857404278,2488.208142595722
880,train,25000,22245.159932575716,2754.840067424284
2717,train,14000,16312.00965036117,-2312.0096503611694
2992,train,10000,11512.705016855984,-1512.7050168559836
3901,train,9500,14229.254856999407,-4729.254856999407
1571,train,9000,9009.112263242136,-9.112263242135668
1259,train,38000,48703.95525044276,-10703.955250442763
4452,train,6000,8020.938947369668,-2020.9389473696683
3630,train,200000,116487.41410747607,83512.58589252393
3595,train,9000,7323.198559180028,1676.8014408199724
303,train,12000,10576.034829608729,1423.9651703912714
659,train,55000,49147.42593785906,5852.574062140942
1784,train,25000,22768.17150631196,2231.828493688041
1866,train,11000,14997.27120967454,-3997.27120967454
2676,train,10000,9048.712892078547,951.2871079214528
1998,train,12500,14682.14339058411,-2182.1433905841095
4108,train,37000,42055.84516443968,-5055.845164439677
4241,train,10000,11233.98012352666,-1233.9801235266605
3222,train,75000,72776.31211849497,2223.6878815050295
1488,train,65000,65121.675607853096,-121.67560785309615
1810,train,9750,10415.068506189782,-665.068506189782
4490,train,23000,22223.35670503866,776.6432949613409
4064,train,14000,17153.23587194572,-3153.235871945719
728,train,55000,66889.91985773349,-11889.91985773349
1198,train,70000,70635.28504000869,-635.28504000869
1800,train,10000,13077.312430967222,-3077.312430967222
3746,train,11000,12397.868200777391,-1397.8682007773914
3750,train,7000,9068.170508126115,-2068.1705081261152
4437,train,9000,7197.328138067367,1802.671861932633
2727,train,15000,18020.0863034445,-3020.086303444499
141,train,13000,9264.339089532059,3735.660910467941
16,train,6000,7131.946614442219,-1131.9466144422186
335,train,14000,13983.475965294687,16.52403470531317
4662,train,60000,30720.876828683435,29279.123171316565
1856,train,15000,13185.946808321707,1814.053191678293
1021,train,500000,471595.98432495305,28404.015675046947
1102,train,180000,96838.1930514142,83161.8069485858
1341,train,280000,246256.39562082957,33743.60437917043
4218,train,15000,13179.63130912946,1820.3686908705404
60,train,5000,5823.649692949061,-823.6496929490613
2002,train,9000,9629.661220726515,-629.6612207265152
452,train,12000,8385.824515392413,3614.1754846075874
475,train,6000,8051.009974001115,-2051.0099740011146
2596,train,18000,17267.286959041856,732.7130409581441
3158,train,12000,13519.583035576301,-1519.583035576301
4709,train,12000,11362.219365226927,637.780634773073
2964,train,6000,8293.090102042195,-2293.090102042195
2307,train,11000,12186.708724054986,-1186.7087240549863
212,train,12000,13919.732827942962,-1919.732827942962
1328,train,35000,32884.082244901976,2115.917755098024
1946,train,12000,12072.050761303055,-72.05076130305497
388,train,15000,10861.3006900897,4138.6993099103
1597,train,8000,7684.9195078045295,315.08049219547047
2797,train,15000,12839.930903542496,2160.069096457504
3423,train,6300,5869.802927639331,430.19707236066915
1478,train,380000,345801.45697760954,34198.543022390455
1246,train,72000,73929.6631711493,-1929.6631711492955
4021,train,35000,26712.52966824969,8287.470331750312
4287,train,8000,7629.726006878435,370.2739931215647
2539,train,10500,17260.491803011908,-6760.491803011908
322,train,3200,4140.080492515056,-940.080492515056
1897,train,18000,18746.017247247066,-746.0172472470658
4139,train,10000,6817.0490736969705,3182.9509263030295
819,train,11000,12713.12822784789,-1713.1282278478902
664,train,25500,33215.371667124324,-7715.371667124324
3860,train,19500,17001.945269522694,2498.0547304773063
282,train,17500,10913.261953884994,6586.738046115006
4420,train,15000,12789.344135038627,2210.6558649613726
3212,train,12000,10415.465196913374,1584.5348030866262
2856,train,25000,20365.56805460438,4634.43194539562
3151,train,16000,18551.727442208583,-2551.727442208583
3338,train,13500,14299.312374547428,-799.3123745474277
1240,train,13000,17649.99743003476,-4649.99743003476
1149,train,85000,73949.55931992676,11050.44068007324
1105,train,37000,41960.81329566993,-4960.813295669926
566,train,75000,64330.669693152035,10669.330306847965
3567,train,25000,29493.6409988704,-4493.6409988704
4435,train,25000,17785.017664997904,7214.982335002096
1983,train,7000,6714.047487408627,285.9525125913733
3717,train,45000,41845.979757166504,3154.020242833496
2776,train,13000,16032.4289924832,-3032.428992483199
380,train,40000,40966.664223891385,-966.6642238913846
2104,train,100000,48931.28829236058,51068.71170763942
3742,train,5000,6218.489412687412,-1218.4894126874124
4240,train,25000,22889.21877357433,2110.781226425672
2615,train,8500,10932.719420473832,-2432.7194204738316
3040,train,24000,13521.991749269673,10478.008250730327
2339,train,55000,44377.631617800005,10622.368382199995
1423,train,32000,46211.42307363906,-14211.42307363906
3619,train,12000,13400.19420235011,-1400.1942023501106
1379,train,100000,125975.26138380471,-25975.26138380471
2951,train,45000,37660.61789865662,7339.382101343377
3768,train,24000,28359.815494363767,-4359.815494363767
2035,train,14000,14730.317206886919,-730.3172068869189
2207,train,30000,37752.56527602531,-7752.565276025307
1374,train,270000,198951.94245982668,71048.05754017332
2474,train,13000,10133.851674644515,2866.148325355485
4616,train,20000,23505.72065165246,-3505.72065165246
727,train,130000,159441.9172635272,-29441.917263527197
746,train,33000,27421.448786606314,5578.551213393686
2660,train,37000,77869.40519274388,-40869.405192743885
1848,train,9000,10125.926239853083,-1125.9262398530827
4342,train,8000,10115.501807591056,-2115.5018075910557
1063,train,52000,42669.380231824005,9330.619768175995
578,train,300000,266216.1279359903,33783.872064009716
2612,train,60000,78279.17363550999,-18279.173635509986
231,train,16000,16222.133978374017,-222.1339783740168
3046,train,9000,11497.884048379428,-2497.8840483794284
2986,train,20000,23189.523931749438,-3189.523931749438
2997,train,10000,11624.178791856344,-1624.178791856344
2637,train,23000,23258.919821289706,-258.9198212897063
547,train,60000,65336.98174627905,-5336.9817462790525
2855,train,100000,76862.67514559673,23137.32485440327
38,train,21000,12193.103333344738,8806.896666655262
3741,train,15000,12099.35744394989,2900.64255605011
1671,train,12000,13060.056239371173,-1060.0562393711734
4705,train,16000,16490.62044662118,-490.6204466211784
1538,train,45000,41847.93805522658,3152.0619447734207
312,train,10000,6598.909966654066,3401.090033345934
2443,train,30000,18756.170047259828,11243.829952740172
4619,train,15000,14495.340753419901,504.6592465800986
688,train,45002,36819.9538974905,8182.046102509499
4585,train,20000,19868.130282449816,131.86971755018385
1010,train,68000,84529.54000118737,-16529.54000118737
4320,train,12000,13303.659391517498,-1303.659391517498
2261,train,18000,22194.858734230867,-4194.858734230867
4258,train,12000,12524.955507058046,-524.9555070580464
2185,train,15000,19131.840475331937,-4131.840475331937
4466,train,42000,39346.9299046433,2653.0700953566993
968,train,42000,53718.90668250106,-11718.90668250106
2813,train,8000,8743.90352801763,-743.9035280176304
2548,train,20000,10607.377983185515,9392.622016814485
3666,train,8200,11263.718659238775,-3063.718659238775
3973,train,12000,12578.832331515217,-578.8323315152174
2630,train,7000,9693.74752984083,-2693.74752984083
4044,train,14000,12981.355204802696,1018.6447951973041
3504,train,39000,27384.142305832018,11615.857694167982
1181,train,56000,44602.48270800029,11397.517291999713
3143,train,18000,17766.1119308753,233.88806912469954
2344,train,12000,12431.926894200906,-431.92689420090574
1483,train,32000,29825.86505372282,2174.1349462771796
976,train,65000,40361.258812619155,24638.741187380845
2351,train,20000,31849.02443388354,-11849.02443388354
4344,train,7500,10870.946413780573,-3370.9464137805735
1248,train,130000,130355.43189978707,-355.4318997870723
85,train,10000,5875.869773097351,4124.130226902649
1653,train,10000,9469.823288965503,530.1767110344972
486,train,10000,19781.23380338731,-9781.23380338731
4558,train,11000,10929.990219531604,70.00978046839555
905,train,16500,26281.651960196545,-9781.651960196545
2531,train,16000,21125.419084714726,-5125.419084714726
1890,train,38000,33065.13771841152,4934.862281588481
4669,train,16000,17514.417261053837,-1514.4172610538371
3337,train,9500,11340.284919710133,-1840.2849197101332
853,train,83000,83471.19778415996,-471.19778415995825
194,train,5000,6487.904125654377,-1487.904125654377
2208,train,65000,68611.99573901626,-3611.99573901626
1598,train,6000,8101.952365629607,-2101.952365629607
3006,train,6500,7627.099886491624,-1127.0998864916237
2,train,17000,11846.013205191402,5153.986794808598
2949,train,25000,19769.064396221154,5230.935603778846
4625,train,15000,11225.141755855377,3774.8582441446233
2362,train,20000,15880.761499345948,4119.238500654052
4443,train,10500,12532.43345277292,-2032.4334527729206
1230,train,160000,95929.09993035387,64070.90006964613
929,train,20000,27428.789969372712,-7428.789969372712
2003,train,5500,14382.53635784136,-8882.53635784136
4483,train,5000,6446.083210778296,-1446.0832107782962
1202,train,120000,130073.8294640345,-10073.829464034498
1544,train,30000,16422.185487605515,13577.814512394485
2100,train,52000,58172.90152221414,-6172.901522214139
937,train,10000,11312.483904929684,-1312.4839049296843
3585,train,10000,12348.686138118397,-2348.686138118397
1419,train,30000,49238.36073774899,-19238.36073774899
4257,train,20000,20695.625694572533,-695.6256945725327
3150,train,12000,14126.77252486122,-2126.7725248612205
1521,train,4500,7666.71962894006,-3166.71962894006
3631,train,12000,11940.830573241372,59.169426758628106
293,train,6500,6312.8975398842895,187.10246011571053
2613,train,95000,77229.56200379714,17770.43799620286
178,train,10500,12440.135598560788,-1940.135598560788
1492,train,70000,103927.64919832391,-33927.64919832391
2626,train,8500,6748.571045713285,1751.4289542867155
306,train,20000,17165.682260312704,2834.317739687296
2618,train,8000,9851.66055768686,-1851.6605576868606
1472,train,350000,382006.1056044588,-32006.105604458775
2163,train,12000,11698.514145070065,301.48585492993516
1708,train,25000,42609.40329665808,-17609.403296658078
1232,train,80000,87244.37004309955,-7244.370043099552
1411,train,50000,40190.45441899189,9809.545581008111
1861,train,5000,7222.14387709568,-2222.14387709568
1170,train,50000,50281.595663153654,-281.59566315365373
708,train,35000,46109.455844686716,-11109.455844686716
2496,train,10000,11383.6007112216,-1383.6007112215993
3333,train,12000,12032.425372656366,-32.42537265636565
2516,train,15000,9206.319995487605,5793.680004512395
2924,train,32000,27971.430577046605,4028.5694229533947
2936,train,17000,13226.33457036303,3773.6654296369707
3211,train,3500,6074.161602209737,-2574.161602209737
722,train,65000,65586.98599445519,-586.9859944551863
4663,train,26000,18149.37997530324,7850.62002469676
1510,train,15000,11179.451689301664,3820.5483106983356
1516,train,15000,14121.831712333316,878.1682876666837
4303,train,12000,8519.31678022933,3480.68321977067
2978,train,15000,14669.645939004591,330.3540609954089
3762,train,22000,22668.395483432763,-668.3954834327633
1083,train,380000,387542.29604343255,-7542.2960434325505
4098,train,15000,12550.64118730379,2449.3588126962095
320,train,5000,5804.231203802487,-804.2312038024866
165,train,16500,12351.558980582568,4148.4410194174325
2687,train,25000,23490.280892824285,1509.7191071757152
2026,train,10000,9792.343766459331,207.65623354066884
568,train,16000,22249.226734221644,-6249.226734221644
4294,train,10000,13106.12982697776,-3106.12982697776
3942,train,15000,11862.064237472514,3137.935762527486
2401,train,12000,15523.653844441098,-3523.653844441098
4453,train,45000,43179.07785810179,1820.9221418982124
62,train,10000,9400.434545490702,599.5654545092984
1040,train,330000,284764.7559214995,45235.24407850049
2787,train,25000,37613.270859170545,-12613.270859170545
1699,train,31000,30007.03337009625,992.966629903749
2754,train,3500,6193.273231368653,-2693.273231368653
1410,train,18500,15138.349067718107,3361.650932281893
1236,train,100000,95520.00135690036,4479.998643099636
78,train,6500,7234.465218325468,-734.4652183254684
2858,train,6000,9645.967487310103,-3645.967487310103
2368,train,14000,9615.461124520309,4384.538875479691
718,train,60000,35865.73283916709,24134.26716083291
3231,train,8500,8766.055438152156,-266.05543815215606
1476,train,22000,17414.816148337744,4585.183851662256
1553,train,17000,15077.146200123352,1922.8537998766478
1628,train,10000,14474.4613570117,-4474.4613570117
2685,train,13000,11829.752050102747,1170.2479498972534
4066,train,57000,47676.284983799604,9323.715016200396
3454,train,8000,6437.040563115856,1562.9594368841445
1375,train,69000,71225.39416117164,-2225.3941611716436
4255,train,17000,17621.183143679544,-621.1831436795437
3036,train,12000,13211.84865210213,-1211.8486521021296
2746,train,30000,17615.229898719037,12384.770101280963
4206,train,15000,13569.282879004282,1430.7171209957178
3031,train,11000,13401.803281200648,-2401.8032812006477
3654,train,9300,8669.887193261158,630.1128067388418
110,train,8000,6260.322186863043,1739.6778131369574
3694,train,7500,6638.301636403216,861.6983635967836
4580,train,13000,11411.543882276914,1588.4561177230862
4516,train,11000,12016.155004927972,-1016.1550049279722
4538,train,5000,9145.108475980065,-4145.108475980065
685,train,27000,26888.717697604538,111.28230239546247
1929,train,22000,27950.93481432917,-5950.934814329172
8,train,26000,15849.247618888421,10150.752381111579
4442,train,15500,20210.835144584013,-4710.835144584013
2853,train,10000,11129.680373151326,-1129.6803731513264
4511,train,45000,34326.054706627445,10673.945293372555
324,train,16000,19816.07736603275,-3816.0773660327504
2635,train,15000,20155.52988623506,-5155.529886235061
2276,train,20000,26077.755764159803,-6077.755764159803
3794,train,18000,17698.42411171705,301.5758882829505
1128,train,55000,54573.82352209278,426.1764779072182
3308,train,26000,30465.82751386723,-4465.827513867229
4551,train,15000,15800.758187416639,-800.758187416639
2103,train,12000,10711.722563787984,1288.2774362120163
3562,train,8000,6756.086610070374,1243.9133899296257
2631,train,22000,18270.417155328352,3729.5828446716478
1438,train,66000,75672.81692590738,-9672.816925907377
4149,train,18000,24370.456680146206,-6370.456680146206
1579,train,7000,10286.081750369645,-3286.0817503696453
2133,train,6000,7610.681686756469,-1610.6816867564694
1364,train,20000,20023.005682493873,-23.005682493872882
3137,train,34500,25788.068036960973,8711.931963039027
2881,train,30000,12101.839876825165,17898.160123174835
1335,train,49500,31840.28259938479,17659.71740061521
1822,train,50000,40522.745698240746,9477.254301759254
636,train,26000,31517.761708639897,-5517.761708639897
4502,train,7000,8465.263840029938,-1465.2638400299384
3706,train,12500,13912.36456277406,-1412.3645627740607
257,train,8500,11056.78442864401,-2556.7844286440104
19,train,6000,7032.353961328763,-1032.353961328763
860,train,90000,98539.3192529152,-8539.3192529152
2357,train,12000,8552.526062381623,3447.473937618377
183,train,11000,7626.090119865347,3373.9098801346527
3077,train,13500,14871.52641749147,-1371.52641749147
2912,train,11000,12132.557845455181,-1132.5578454551815
1351,train,95000,137793.44740860225,-42793.44740860225
4697,train,4500,5845.589232873361,-1345.5892328733607
4256,train,20000,22222.986666175555,-2222.986666175555
1660,train,6500,9447.671489254237,-2947.671489254237
1656,train,63000,86364.73942269613,-23364.739422696133
3180,train,40000,35197.334929587414,4802.665070412586
4675,train,7000,7981.975063682769,-981.9750636827694
2303,train,35000,42031.11989670331,-7031.119896703312
3963,train,9000,8641.253555669698,358.74644433030153
83,train,20000,18387.754859969456,1612.2451400305436
3125,train,150000,93104.399123766,56895.600876234006
3530,train,11000,11979.002599392277,-979.0025993922773
142,train,8000,7554.489734272219,445.5102657277812
3831,train,10000,7399.919222830695,2600.0807771693053
1417,train,190000,142982.61604845073,47017.38395154927
2609,train,30000,44338.71313119736,-14338.713131197357
846,train,150000,76148.13389980927,73851.86610019073
3155,train,17000,21490.85497339762,-4490.8549733976215
742,train,33000,21677.114295460477,11322.885704539523
1526,train,12500,14640.156983934321,-2140.156983934321
3386,train,18000,16334.77008563451,1665.229914365489
1673,train,15000,17261.4578444898,-2261.4578444897998
1166,train,90000,115152.9918092885,-25152.991809288505
1888,train,18000,10497.497958654427,7502.502041345573
3200,train,45000,43716.59995694311,1283.4000430568922
2467,train,36000,21296.74837453574,14703.251625464261
1716,train,15000,12276.101644405817,2723.898355594183
1507,train,13000,13234.885383504457,-234.88538350445742
4734,train,35000,36275.06892645495,-1275.068926454951
3140,train,22000,16459.853991436765,5540.146008563235
2605,train,31000,28479.677238563676,2520.322761436324
2641,train,10000,13075.937154477433,-3075.937154477433
1346,train,38000,41138.23257789739,-3138.23257789739
1645,train,17500,17823.09015091681,-323.09015091681067
311,train,9000,6829.907733365637,2170.092266634363
924,train,62000,53903.33504769762,8096.664952302381
4125,train,17000,18027.64405141691,-1027.6440514169117
1062,train,130000,94918.7072129111,35081.292787088896
227,train,3000,3986.4151290863515,-986.4151290863515
966,train,48000,53519.60346090458,-5519.603460904582
1385,train,190000,196175.47430789215,-6175.474307892146
508,train,60000,40919.20967086816,19080.790329131843
2628,train,13000,13238.760940781114,-238.7609407811142
2538,train,21000,11526.222497123701,9473.777502876299
605,train,130000,100167.97357621926,29832.026423780742
1903,train,11000,11388.047740113638,-388.0477401136377
4172,train,13000,14766.755006322073,-1766.7550063220733
774,train,50000,50184.464517406566,-184.4645174065663
3198,train,10000,15560.78739505304,-5560.787395053039
2581,train,18000,14943.916920176689,3056.083079823311
3480,train,10000,7516.482228798897,2483.5177712011027
6,train,10000,14208.280684342008,-4208.280684342008
692,train,50000,62259.87881927922,-12259.87881927922
2090,train,28000,21458.89673281304,6541.103267186962
1604,train,9000,16779.242128179165,-7779.242128179165
405,train,35000,31276.15981160848,3723.840188391521
2525,train,8000,8634.017685260495,-634.0176852604945
4184,train,9500,7853.81748181874,1646.18251818126
3183,train,6500,7604.0521071625535,-1104.0521071625535
2098,train,12500,13183.531208390086,-683.5312083900862
844,train,55000,56784.38829844129,-1784.3882984412921
2508,train,15000,19560.868218794636,-4560.868218794636
1709,train,35000,40267.87502531248,-5267.875025312482
4269,train,10000,10288.606192380823,-288.6061923808229
1871,train,11000,12023.294751338997,-1023.2947513389972
4673,train,18000,14541.709467649089,3458.2905323509112
510,train,7000,14954.004836525864,-7954.004836525864
167,train,12000,9457.358880167907,2542.641119832093
3978,train,6500,7186.603139688066,-686.6031396880662
1549,train,110000,128810.50494214112,-18810.504942141124
922,train,62000,63012.675327906916,-1012.6753279069162
3637,train,13000,12876.163143853812,123.83685614618844
1530,train,12000,17488.248190780974,-5488.248190780974
124,train,10000,9085.060685813,914.9393141870005
200,train,5500,5881.917976925015,-381.91797692501495
121,train,13000,14292.298722901332,-1292.2987229013324
1228,train,90000,87818.38585339757,2181.6141466024274
2955,train,100000,39613.20007181726,60386.79992818274
1630,train,8000,6291.027224626683,1708.9727753733168
1961,train,8000,8013.264540995869,-13.264540995868629
2736,train,30000,29429.219228682214,570.7807713177863
1459,train,60000,71196.94260179292,-11196.942601792922
1927,train,17000,16942.640384207934,57.3596157920656
238,train,8500,8072.385834737502,427.6141652624983
1285,train,60000,66692.7056154715,-6692.705615471496
4060,train,16000,20436.628661691437,-4436.628661691437
1481,train,140000,72382.6622548474,67617.3377451526
4690,train,11000,10171.41700571402,828.58299428598
4588,train,45000,39828.11504532971,5171.884954670291
3499,train,10000,16049.268884465544,-6049.268884465544
2150,train,28000,18718.327652508193,9281.672347491807
3477,train,30000,20244.425678553627,9755.574321446373
445,train,10000,14304.926018162249,-4304.9260181622485
3234,train,8500,12180.382228117533,-3680.3822281175326
4316,train,14000,17945.936285335087,-3945.9362853350867
97,train,10000,7469.651751555969,2530.348248444031
3391,train,25000,17139.260675953712,7860.739324046288
2584,train,13000,13463.960000629051,-463.96000062905114
604,train,42000,50055.639883123964,-8055.639883123964
2934,train,18000,11482.645603845202,6517.354396154798
1587,train,15000,16124.37731237165,-1124.3773123716492
2757,train,23000,17274.441595002274,5725.558404997726
2283,train,6500,6979.071018290464,-479.07101829046405
2287,train,18000,15639.986477594504,2360.0135224054957
4022,train,12000,9131.511412477119,2868.488587522881
553,train,19411,24802.35027590699,-5391.350275906989
1384,train,210000,167579.50344981687,42420.49655018313
2246,train,12000,9172.700352033013,2827.2996479669873
3452,train,19000,13627.327593388678,5372.672406611322
3289,train,100000,125490.7241971964,-25490.724197196396
4266,train,15000,18028.0967025665,-3028.0967025665013
384,train,15000,6580.196176866974,8419.803823133025
482,train,10000,13335.034920416601,-3335.0349204166014
3663,train,16000,18918.156996531405,-2918.1569965314047
472,train,10000,10699.35471945081,-699.3547194508101
920,train,15000,25444.613635353646,-10444.613635353646
370,train,8000,11532.94822287061,-3532.9482228706092
2648,train,20000,9699.059904448955,10300.940095551045
1390,train,26000,23858.10743517075,2141.8925648292497
4036,train,13000,8682.352318067162,4317.647681932838
3254,train,7500,10519.717960088243,-3019.7179600882428
4581,train,25000,19955.619190085414,5044.380809914586
1439,train,45000,28851.676103339254,16148.323896660746
21,train,9000,8732.263946335917,267.73605366408265
3661,train,16000,10259.104482673743,5740.895517326257
1559,train,15000,14185.737229483664,814.2627705163359
2927,train,6000,8840.410528418577,-2840.410528418577
1075,train,75000,64316.99739385811,10683.00260614189
1174,train,65000,51982.392448971375,13017.607551028625
3635,train,25000,17536.78271524019,7463.2172847598085
211,train,7500,7061.897984984324,438.10201501567644
365,train,12000,7747.59817876967,4252.40182123033
4338,train,9000,10562.758896072108,-1562.7588960721077
3147,train,12000,12471.576918668286,-471.57691866828645
830,train,23000,26535.779409160477,-3535.7794091604774
3987,train,18000,22300.37428268417,-4300.37428268417
160,train,9500,9258.819402744508,241.1805972554921
1772,train,3500,6032.991346349876,-2532.991346349876
3189,train,10000,10083.491009829755,-83.49100982975506
4306,train,32000,31430.229567224782,569.7704327752181
1920,train,7000,10214.156288096317,-3214.1562880963174
953,train,40000,29440.401971616346,10559.598028383654
637,train,60000,47435.30761196892,12564.692388031079
3068,train,7500,8295.527788230296,-795.5277882302962
623,train,25000,23765.450557628923,1234.549442371077
1551,train,20000,37738.30408146913,-17738.304081469127
756,train,330000,219880.77817851029,110119.22182148971
668,train,50000,51384.337881102314,-1384.337881102314
1361,train,34000,53083.2877357368,-19083.287735736798
1600,train,10000,15220.437573525682,-5220.437573525682
2565,train,18500,19744.82878815703,-1244.8287881570286
4542,train,25000,18227.009607741693,6772.990392258307
1525,train,7000,5861.997587797922,1138.0024122020777
2999,train,15000,13772.16677934779,1227.83322065221
319,train,5000,6671.548981621138,-1671.5489816211384
3882,train,14000,11569.157879923365,2430.842120076635
2451,train,35000,33234.19560336823,1765.804396631771
944,train,40000,29655.43292343642,10344.56707656358
4383,train,12000,18487.63470990503,-6487.634709905029
4224,train,10000,12947.728971692864,-2947.7289716928644
426,train,6000,7213.023466854393,-1213.0234668543926
4373,train,15000,11981.845389011598,3018.154610988402
1502,train,25000,26603.239673749144,-1603.2396737491435
3463,train,50000,54399.89102003926,-4399.891020039257
4301,train,10000,10669.930886252843,-669.9308862528433
4467,train,12000,9718.568952280948,2281.431047719052
3139,train,330000,226430.97922874498,103569.02077125502
1825,train,120000,75979.78870138788,44020.21129861212
3325,train,5000,7137.914204767526,-2137.914204767526
386,train,7000,6544.445819193018,455.554180806982
2385,train,90000,102490.27449246765,-12490.274492467652
3228,train,9000,7731.477058811081,1268.5229411889186
1286,train,19000,23591.959872052386,-4591.959872052386
385,train,5000,5815.5028927267485,-815.5028927267485
3516,train,23000,16316.603115103053,6683.396884896947
4096,train,13000,11488.792933595916,1511.207066404084
1003,train,140000,132408.88665107667,7591.1133489233325
4566,train,50000,51472.23761069482,-1472.2376106948213
2005,train,14000,14345.775356019441,-345.77535601944146
4654,train,16000,21120.827019527114,-5120.827019527114
3951,train,8000,7582.3796643863825,417.6203356136175
2805,train,9000,6155.875624870526,2844.124375129474
2418,train,12000,11736.43509379946,263.56490620053955
1269,train,65000,24135.008438652905,40864.991561347095
461,train,34000,13701.65518455485,20298.34481544515
2217,train,11000,15791.394736219641,-4791.394736219641
3471,train,8500,8794.38065897717,-294.38065897717024
4034,train,4500,5292.162390709968,-792.1623907099683
3981,train,4000,5329.364193429238,-1329.3641934292382
640,train,35000,35305.206625505845,-305.2066255058453
559,train,110000,130904.17539112287,-20904.175391122873
3324,train,18000,12662.1951722602,5337.804827739799
3133,train,10000,8025.084122577404,1974.9158774225962
3095,train,20000,20186.770093958894,-186.770093958894
1190,train,35000,22318.246150869552,12681.753849130448
1499,train,13000,19328.323678666045,-6328.323678666045
3716,train,9500,10532.466993332884,-1032.4669933328842
3374,train,15000,18847.77761137896,-3847.7776113789587
290,train,10000,14749.075121646523,-4749.075121646523
3586,train,6500,7211.076303510186,-711.0763035101863
2852,train,18000,13942.0898538657,4057.9101461343
1026,train,65000,63487.91370701704,1512.08629298296
1401,train,22000,38963.02478521011,-16963.02478521011
297,train,5000,6208.0843430020805,-1208.0843430020805
4407,train,52000,51335.22981796856,664.7701820314396
1300,train,260000,275167.78515739925,-15167.785157399252
1323,train,22000,23005.450927937633,-1005.4509279376325
2507,train,52000,34580.0003417547,17419.999658245302
3280,train,47500,51326.97723762186,-3826.9772376218607
2061,train,9000,7825.275299574734,1174.7247004252658
4005,train,9500,11573.030216099842,-2073.0302160998417
3544,train,72000,126180.29503230544,-54180.29503230544
411,train,6000,10592.532643510262,-4592.532643510262
2009,train,30000,24059.015292338576,5940.984707661424
2187,train,34000,41583.887889340935,-7583.887889340935
2346,train,30000,26576.426922866074,3423.573077133926
2709,train,15000,11613.746374992052,3386.2536250079484
3689,train,8500,17501.776707536403,-9001.776707536403
3087,train,30000,24919.181327384573,5080.818672615427
4041,train,8000,6986.726910522521,1013.2730894774786
891,train,55000,42669.49663389708,12330.503366102923
3795,train,37000,45594.683455510785,-8594.683455510785
2567,train,11000,9938.300622784745,1061.6993772152546
3517,train,17000,10909.50990016591,6090.490099834091
1234,train,100000,109281.93562473786,-9281.93562473786
224,train,8500,9879.351488365328,-1379.351488365328
1256,train,28500,30881.501731081025,-2381.5017310810254
3559,train,6166,7288.836248179408,-1122.8362481794084
3523,train,25000,26159.566235426697,-1159.566235426697
2296,train,14000,18239.541640548727,-4239.541640548727
2512,train,16000,14840.28262198939,1159.7173780106095
2863,train,20000,18771.912845149407,1228.087154850593
816,train,45000,34105.896967726294,10894.103032273706
750,train,10000,18211.438147182955,-8211.438147182955
2622,train,10000,11414.148374660346,-1414.1483746603462
719,train,20000,20229.70383710321,-229.7038371032104
9,train,10000,13858.076465964694,-3858.076465964694
1353,train,34000,32008.147827019115,1991.8521729808854
2582,train,17000,14923.744270560761,2076.255729439239
2018,train,5000,6462.377841643036,-1462.377841643036
1921,train,13000,16681.08746144941,-3681.0874614494096
254,train,8000,7084.227919821303,915.7720801786973
881,train,34000,38062.37981657617,-4062.379816576169
3075,train,6000,5590.996498508883,409.0035014911173
3687,train,12000,18068.9415078067,-6068.9415078066995
3269,train,28000,20664.126063168987,7335.8739368310125
766,train,95000,49861.467283920545,45138.532716079455
2646,train,17401,18927.483737679926,-1526.483737679926
3844,train,18000,17898.091061423067,101.908938576933
740,train,33000,28225.20058974388,4774.799410256121
378,train,6500,9226.840339045033,-2726.840339045033
2872,train,12000,12700.061277566543,-700.0612775665431
2850,train,16500,25011.097389101153,-8511.097389101153
2473,train,12000,10413.945571628528,1586.0544283714717
1497,train,10000,11422.131236564184,-1422.1312365641843
4000,train,32000,23641.778258563434,8358.221741436566
3988,train,14500,11795.982441156064,2704.017558843936
1698,train,9000,8957.643294979507,42.35670502049288
2255,train,35000,36453.471141115086,-1453.4711411150856
2247,train,30000,31028.484588976004,-1028.4845889760036
1631,train,12000,15080.737680794311,-3080.737680794311
1641,train,12000,13207.324018977926,-1207.3240189779262
4408,train,9500,11162.678531571244,-1662.678531571244
3696,train,26000,21498.887235916365,4501.112764083635
2868,train,28000,23803.126832390622,4196.873167609378
1252,train,180000,169820.47147586467,10179.528524135327
3751,train,15000,17119.05213343568,-2119.0521334356818
1451,train,75000,50413.31520519015,24586.68479480985
4050,train,35000,17520.27342279639,17479.72657720361
2314,train,22000,17424.016357216246,4575.9836427837545
111,train,6000,6664.010055587221,-664.0100555872214
2367,train,100000,103058.53684063333,-3058.536840633329
4232,train,150000,164124.32623537,-14124.326235370012
670,train,50000,73340.57939019341,-23340.57939019341
317,train,5000,5600.179599103451,-600.1795991034514
1779,train,20000,12543.48514802165,7456.514851978351
3674,train,40000,40601.832236402115,-601.8322364021151
4672,train,20000,11553.892954778175,8446.107045221825
1648,train,7500,7785.477234627319,-285.4772346273194
338,train,7000,6435.419776746718,564.5802232532824
1296,train,17000,20257.029371173587,-3257.0293711735867
218,train,7500,7353.292727192974,146.70727280702613
4591,train,37000,42723.58668679833,-5723.586686798328
4587,train,40000,41659.35240099114,-1659.3524009911416
802,train,30000,23736.80938379118,6263.19061620882
1555,train,6000,7617.588907872426,-1617.5889078724258
4477,train,9000,7621.521002572375,1378.4789974276246
673,train,25000,23129.89318393993,1870.1068160600698
3782,train,11000,10715.483560537641,284.5164394623589
2310,train,35000,25616.72841144982,9383.271588550178
1982,train,20000,14986.738508645109,5013.261491354891
4494,train,25000,21964.9560515135,3035.0439484864983
1469,train,35000,16911.5905813899,18088.4094186101
1592,train,35000,35428.5986131989,-428.5986131988975
1958,train,7000,9305.636639134562,-2305.636639134562
1176,train,43000,45323.12480669459,-2323.124806694592
4611,train,7500,7064.048928696512,435.9510713034879
593,train,30000,23441.774423003102,6558.225576996898
2117,train,60000,50315.45403814766,9684.545961852338
3685,train,13000,11994.72233223827,1005.2776677617294
2571,train,22000,22987.526773889105,-987.5267738891052
3176,train,7500,6985.560965491782,514.4390345082184
309,train,7000,5502.1629582907335,1497.8370417092665
4608,train,11000,10426.789424363593,573.2105756364072
3259,train,8000,12238.803179690176,-4238.803179690176
4393,train,10000,12842.439019805399,-2842.439019805399
1030,train,120000,175614.93577664086,-55614.935776640865
3367,train,6000,6354.57684063289,-354.5768406328898
469,train,9500,9085.707908119264,414.2920918807358
2299,train,12000,14538.42919003089,-2538.429190030891
787,train,200000,162568.91263280637,37431.08736719363
2623,train,15000,15098.43515018064,-98.43515018063954
2819,train,35000,29669.59571713765,5330.40428286235
3293,train,46000,49029.2302122499,-3029.2302122499023
2111,train,32000,37318.81785346388,-5318.817853463879
4562,train,16000,13487.589160043413,2512.4108399565866
3389,train,9000,13346.238924274177,-4346.238924274177
1619,train,18000,14226.162766149464,3773.837233850536
1962,train,52000,47583.403783707676,4416.596216292324
4179,train,12000,10220.599038338672,1779.4009616613275
4131,train,52000,71071.80783524876,-19071.807835248765
2031,train,25000,27223.045079324475,-2223.0450793244745
1919,train,12500,6820.780514969108,5679.219485030892
4123,train,14000,14181.246608915479,-181.24660891547865
3028,train,45000,38626.29612769097,6373.70387230903
1705,train,18000,19107.102992680087,-1107.1029926800875
800,train,35000,29128.19094276343,5871.809057236569
2756,train,19000,10811.341426801348,8188.658573198652
2264,train,6000,6675.403798877508,-675.403798877508
1115,train,24000,29378.86811810355,-5378.86811810355
3779,train,9000,9993.67871992351,-993.6787199235096
229,train,18000,11624.312341357243,6375.687658642757
259,train,7000,9283.911884345122,-2283.9118843451215
1395,train,180000,95126.41454671732,84873.58545328268
1720,train,11500,13281.742437396842,-1781.7424373968424
1186,train,270000,197989.18375820472,72010.81624179528
681,train,150000,170740.50008364322,-20740.500083643215
3783,train,140000,109271.97784793223,30728.022152067773
2250,train,6000,7655.168823773747,-1655.1688237737471
904,train,100000,135313.31760403787,-35313.317604037875
3776,train,12000,13105.745116627728,-1105.7451166277278
360,train,5000,5843.736089824595,-843.7360898245952
1287,train,140000,80380.80066508004,59619.19933491996
3660,train,10000,9074.929903763505,925.0700962364954
3113,train,49000,57686.41086176913,-8686.41086176913
2227,train,50000,44933.84395409547,5066.156045904529
4605,train,10000,14810.99627691031,-4810.9962769103095
2960,train,5000,10383.756707586825,-5383.756707586825
3622,train,14000,25050.770486968995,-11050.770486968995
2376,train,30000,22597.856417272247,7402.143582727753
305,train,3000,5385.365693428469,-2385.365693428469
505,train,2200,6321.186843407681,-4121.186843407681
3274,train,5000,7600.845389342374,-2600.845389342374
1112,train,200000,145530.36398123388,54469.63601876612
2799,train,90000,82416.19979549685,7583.800204503146
214,train,6000,5122.6063002107585,877.3936997892415
3592,train,15000,16702.244957856772,-1702.244957856772
1947,train,15000,11688.833967761775,3311.166032238225
865,train,75000,78074.78970201705,-3074.7897020170494
3524,train,16500,13060.455381483485,3439.5446185165147
326,train,8000,8917.473636122764,-917.4736361227642
3154,train,11000,12651.272076463283,-1651.2720764632832
2788,train,21000,12034.627035279902,8965.372964720098
1111,train,18500,29830.99662319864,-11330.99662319864
4153,train,28000,32501.27695202408,-4501.27695202408
2657,train,27000,35006.58148546966,-8006.581485469658
834,train,220000,172424.63571850196,47575.36428149804
839,train,65000,36806.79718726846,28193.202812731543
2694,train,15000,19622.82276846166,-4622.822768461661
1836,train,30000,23367.128410506593,6632.871589493407
3397,train,16000,9562.878563675795,6437.121436324205
328,train,8000,7561.39631416504,438.60368583495983
1376,train,120000,97479.25009505256,22520.749904947443
942,train,5500,18171.56837049228,-12671.568370492281
1223,train,46000,48709.43292555228,-2709.4329255522825
3537,train,25000,17584.004824305513,7415.9951756944865
1690,train,23000,20655.939955428643,2344.060044571357
2563,train,12000,9576.985998926788,2423.014001073212
1975,train,20000,16434.56410250133,3565.4358974986717
2836,train,130000,198168.83915668403,-68168.83915668403
351,train,7000,6180.293935611891,819.7060643881086
4290,train,20000,15427.358110458897,4572.6418895411025
2046,train,42500,33767.93764635309,8732.062353646907
4510,train,8000,22759.041329307747,-14759.041329307747
1618,train,8500,8707.954138837134,-207.95413883713445
1066,train,30000,17414.594044493468,12585.405955506532
1276,train,23000,25319.94263179489,-2319.942631794889
1558,train,8000,6473.780861944359,1526.2191380556415
39,train,10000,6497.2018272856885,3502.7981727143115
270,train,5500,5447.187540074061,52.81245992593904
2435,train,9500,10892.043735731162,-1392.043735731162
4635,train,45000,49758.31026216672,-4758.31026216672
1035,train,350000,322488.751635274,27511.248364726023
854,train,32000,29641.54230734401,2358.4576926559894
69,train,7500,6192.690233617051,1307.3097663829494
3066,train,8000,11690.059756769908,-3690.059756769908
1838,train,8000,7766.660887783591,233.33911221640938
2795,train,8000,10261.263934233519,-2261.2639342335187
1238,train,84500,81515.24387350536,2984.7561264946416
1599,train,13000,14389.313065344768,-1389.313065344768
3796,train,18000,14756.825578085101,3243.1744219148986
4633,train,16000,13508.861921698772,2491.1380783012282
3225,train,8500,9499.495293595453,-999.4952935954534
991,train,53000,67073.39628115333,-14073.396281153327
1091,train,46000,34551.34256507942,11448.657434920577
3571,train,15000,11913.733933980595,3086.266066019405
2463,train,12500,10677.614815647059,1822.385184352941
4401,train,32000,20104.90599322032,11895.09400677968
1466,train,90000,60499.242208157695,29500.757791842305
665,train,350000,322945.0752799162,27054.92472008383
1288,train,30000,39367.68825238631,-9367.68825238631
3977,train,22000,17605.973816013986,4394.026183986014
1080,train,40000,50539.14396306064,-10539.14396306064
1849,train,6000,5896.042317621279,103.95768237872107
3577,train,23000,14841.18174213309,8158.818257866909
4529,train,42000,47968.65075021051,-5968.650750210509
4300,train,30000,26298.637739779446,3701.362260220554
698,train,140000,119410.77984308607,20589.22015691393
3778,train,35000,33051.67185904895,1948.3281409510528
921,train,260000,356266.81599559565,-96266.81599559565
1674,train,12000,13634.137421549936,-1634.1374215499363
2107,train,6500,7102.23633281492,-602.2363328149204
2446,train,70000,42538.82950657915,27461.170493420846
2861,train,13000,16892.639821650802,-3892.6398216508023
2459,train,25000,18793.121040093163,6206.878959906837
2008,train,43000,50570.07398437372,-7570.073984373717
4476,train,6200,7406.516559714065,-1206.516559714065
3179,train,12000,10436.907487451932,1563.092512548068
3497,train,20000,17649.518885227582,2350.4811147724176
3533,train,9000,10487.3756248083,-1487.375624808299
1782,train,15000,16296.220153362803,-1296.220153362803
2118,train,8500,9009.355587222743,-509.35558722274254
1789,train,30000,22214.449535454703,7785.550464545297
215,train,20000,21525.3442594711,-1525.3442594711014
2699,train,14000,10749.121802751253,3250.878197248747
1804,train,16500,11886.199879715285,4613.800120284715
1386,train,25000,33919.338791100316,-8919.338791100316
859,train,25000,30353.470545148983,-5353.470545148983
3405,train,20000,12707.6696355298,7292.330364470199
582,train,89000,88002.39338507885,997.6066149211547
4285,train,6500,6731.5003208469325,-231.50032084693248
3565,train,14000,8940.267853967654,5059.732146032346
3798,train,10000,10736.096317891594,-736.0963178915936
1489,train,35000,27698.948668151166,7301.051331848834
964,train,95000,67748.07626729786,27251.92373270214
1543,train,23000,16763.505040429154,6236.494959570846
4428,train,7000,7163.860838228148,-163.86083822814817
2108,train,13500,19110.983753095188,-5610.983753095188
1431,train,85000,93141.00928544874,-8141.009285448745
296,train,10000,14494.947250356974,-4494.947250356974
2164,train,11000,14854.782986315673,-3854.782986315673
4732,train,15000,14321.891145560585,678.1088544394152
1092,train,35000,33873.15952504307,1126.8404749569308
2989,train,29000,15314.92884311338,13685.07115688662
1372,train,34000,68638.90913482559,-34638.90913482559
2271,train,6000,8037.463988401162,-2037.4639884011622
2491,train,27000,27142.101086824823,-142.10108682482314
557,train,68000,33227.79724851863,34772.20275148137
849,train,180000,186159.40967700785,-6159.409677007847
4208,train,25000,32082.101110486634,-7082.101110486634
3162,train,8000,9493.065608384677,-1493.065608384677
3,train,10000,9707.854072599377,292.1459274006229
4395,train,10000,12590.106194725962,-2590.1061947259623
930,train,150000,111177.87232509226,38822.12767490774
1670,train,15000,21861.851007920013,-6861.851007920013
128,train,4700,5281.546709595038,-581.546709595038
4564,train,20000,13630.858381540898,6369.141618459102
192,train,10000,15774.414471493274,-5774.414471493274
4221,train,11000,11334.214100009196,-334.21410000919604
3688,train,25000,24574.63281148319,425.36718851681144
3359,train,9500,9134.070301112815,365.9296988871847
4180,train,10000,14038.11222452702,-4038.11222452702
196,train,5200,6731.81663938482,-1531.8166393848196
455,train,7000,5806.282817143359,1193.7171828566406
3936,train,55000,58074.053847171046,-3074.053847171046
2190,train,12000,13866.970121803986,-1866.9701218039863
3365,train,13000,13641.460915219286,-641.4609152192861
2237,train,35000,44767.12574610054,-9767.125746100537
487,train,6000,8319.79080991899,-2319.79080991899
520,train,25000,25995.583783022877,-995.5837830228775
501,train,14000,19091.33577519683,-5091.335775196829
4495,train,14000,12617.207123680433,1382.7928763195669
957,train,16000,21359.00673041853,-5359.006730418529
2816,train,31500,29223.088920205464,2276.911079794536
4505,train,8500,12511.374058619118,-4011.374058619118
3429,train,22000,27970.002169481064,-5970.002169481064
1870,train,11000,13022.605339680462,-2022.6053396804618
1812,train,12000,11618.071859154767,381.92814084523343
682,train,27000,16469.46016980515,10530.539830194852
2629,train,6000,7347.000302691618,-1347.0003026916183
3100,train,9000,9602.91624985979,-602.9162498597907
2692,train,50000,28691.273003873328,21308.726996126672
799,train,70000,68167.13930198911,1832.8606980108889
2897,train,9000,12395.113088237149,-3395.113088237149
4018,train,17000,11869.132514550662,5130.867485449338
3908,train,9000,11249.134339758562,-2249.1343397585624
2506,train,35000,16993.466128687505,18006.533871312495
125,train,18000,14956.762791473317,3043.2372085266834
1072,train,54500,40812.780957008006,13687.219042991994
2568,train,52000,59708.57264718709,-7708.572647187088
180,train,15000,9953.207347632137,5046.792652367863
1755,train,6000,7661.345263702964,-1661.345263702964
1258,train,270000,213162.32057615666,56837.679423843336
1201,train,35000,22156.391889153907,12843.608110846093
843,train,56000,54677.24539750715,1322.7546024928524
3281,train,7500,12433.401498533663,-4933.4014985336635
241,train,9000,7879.041733656464,1120.9582663435358
717,train,8500,22264.44886750134,-13764.448867501342
3127,train,18000,17358.243527443392,641.7564725566081
2212,train,9000,8983.787035954962,16.21296404503846
4309,train,20000,20207.509263406824,-207.50926340682418
4092,train,11000,11709.24929059826,-709.2492905982599
619,train,50000,81707.98400584346,-31707.984005843464
3023,train,10000,12568.920658310384,-2568.920658310384
2705,train,17000,9393.929149993244,7606.070850006756
798,train,150000,88794.00972415812,61205.990275841876
749,train,80000,66733.35493084985,13266.645069150152
1130,train,33000,42184.09369832024,-9184.093698320241
1758,train,27500,17046.98939605918,10453.01060394082
2651,train,13000,11474.676081597258,1525.3239184027425
2224,train,6200,7100.99054549544,-900.9905454954396
596,train,47000,47254.553913054675,-254.55391305467492
235,train,15000,10780.377895545833,4219.622104454167
458,train,15000,14195.301407098757,804.6985929012426
2011,train,15000,12802.504248298974,2197.495751701026
318,train,14000,8077.830130609192,5922.169869390808
3683,train,13500,14157.54464195032,-657.5446419503205
4461,train,15000,18605.871419806186,-3605.871419806186
22,train,4000,5401.1623398236325,-1401.1623398236325
4471,train,15000,10240.075533546318,4759.924466453682
1795,train,7000,7709.572495199232,-709.5724951992324
4177,train,12000,12761.289071040597,-761.2890710405973
4163,train,15000,19655.793751250563,-4655.793751250563
2396,train,10000,10615.196643194762,-615.1966431947621
4190,train,5500,6862.430097784617,-1362.430097784617
2939,train,23000,18823.094139071985,4176.905860928015
836,train,35000,34638.90247291724,361.0975270827621
1686,train,10000,11147.463578468403,-1147.4635784684033
1024,train,9400,22121.503092242485,-12721.503092242485
3328,train,30000,21301.392124790895,8698.607875209105
3486,train,6000,6314.237798109695,-314.2377981096952
3079,train,15000,19335.99694173163,-4335.9969417316315
2867,train,25000,35337.351337906504,-10337.351337906504
1739,train,45000,45082.399929512554,-82.39992951255408
4425,train,16000,11223.09318165076,4776.90681834924
3758,train,11500,14704.846782689383,-3204.846782689383
519,train,12000,8838.791866203514,3161.2081337964864
291,train,14000,17717.993571901356,-3717.9935719013556
2377,train,14000,16062.621329342102,-2062.6213293421024
1161,train,85000,71982.84088239688,13017.159117603122
4211,train,3000,5374.669953052838,-2374.6699530528376
693,train,55000,56033.27088310906,-1033.2708831090567
1572,train,180000,134526.92998711826,45473.07001288174
4569,train,25000,22186.94490014059,2813.0550998594117
1582,train,15000,15835.491310600884,-835.4913106008844
2291,train,22000,21824.661130752476,175.3388692475237
2869,train,22000,23378.21304141254,-1378.2130414125386
1250,train,13000,19496.233507302743,-6496.2335073027425
538,train,33500,41276.2333670095,-7776.233367009503
841,train,280000,366534.7226214839,-86534.7226214839
1635,train,11000,13198.61527894095,-2198.61527894095
1162,train,110000,110608.46668614451,-608.4666861445148
3221,train,65000,82488.77050412535,-17488.77050412535
1032,train,130000,143712.63508033758,-13712.635080337583
2919,train,30000,21989.556415365183,8010.443584634817
1767,train,9000,6875.467047832371,2124.5329521676294
464,train,7000,7732.914758088368,-732.9147580883682
3765,train,14000,12711.993467322542,1288.0065326774584
2322,train,15000,12009.759333241369,2990.240666758631
4086,train,20000,24464.49693981271,-4464.4969398127105
3247,train,9000,13106.192697506482,-4106.192697506482
3924,train,24000,27296.964037607093,-3296.964037607093
4439,train,20000,12716.8134434032,7283.1865565968
3012,train,7000,7069.058062378854,-69.05806237885372
3466,train,10000,16701.568615287797,-6701.568615287797
591,train,45000,37241.83266976962,7758.1673302303825
2987,train,12000,12111.899504666462,-111.89950466646224
470,train,1800,5517.066646732611,-3717.066646732611
1440,train,22000,21861.019775934208,138.98022406579184
840,train,45000,36421.437346105464,8578.562653894536
3518,train,8500,12920.81641212275,-4420.816412122749
2918,train,24000,22843.78728270393,1156.2127172960718
488,train,18000,12559.999945717096,5440.000054282904
3016,train,4500,5280.297232608802,-780.297232608802
3442,train,9500,12823.578610976398,-3323.5786109763976
3997,train,13000,15954.228664973607,-2954.228664973607
4458,train,13000,10843.442994117777,2156.557005882223
2724,train,5000,8353.35600414327,-3353.35600414327
1103,train,70000,64913.540204260964,5086.459795739036
4001,train,15000,11241.546860582297,3758.453139417703
3940,train,7000,10767.579209795247,-3767.579209795247
795,train,18500,24924.072713253343,-6424.072713253343
4288,train,3300,4192.760943298533,-892.7609432985328
704,train,40000,39700.591396780175,299.4086032198247
4347,train,7500,7404.060727059956,95.93927294004425
3790,train,70000,19690.629363938522,50309.370636061474
3676,train,18000,15759.831717827225,2240.1682821727754
1319,train,12000,22645.581101917276,-10645.581101917276
2270,train,60000,53165.85944915698,6834.140550843018
3786,train,250000,202754.4521582722,47245.54784172779
1291,train,85000,105351.41137146499,-20351.411371464987
1414,train,85000,79068.81726617528,5931.182733824724
2139,train,7500,8276.070659339017,-776.0706593390169
3119,train,11000,14234.751463532963,-3234.7514635329626
1965,train,22000,26309.621725434747,-4309.621725434747
4725,train,18000,21180.628812938277,-3180.6288129382774
2173,train,12000,12225.791788015349,-225.79178801534908
558,train,30000,25159.402719592144,4840.597280407856
1845,train,13000,16525.39622820595,-3525.396228205951
1634,train,8000,7783.013038322354,216.98696167764592
431,train,23000,15235.749572178287,7764.250427821713
2439,train,30000,14820.301058117371,15179.698941882629
3543,train,12000,9964.488403839336,2035.5115961606643
349,train,6000,10026.677071509683,-4026.6770715096827
53,train,15000,11182.522067112415,3817.4779328875848
3632,train,10000,13117.018909501998,-3117.0189095019978
50,train,7500,7083.108637366771,416.8913626332287
4412,train,9000,8346.881154059922,653.1188459400782
3284,train,7000,10736.096317891594,-3736.0963178915936
2905,train,12100,13831.203782917743,-1731.2037829177425
1418,train,20000,22782.564840698018,-2782.564840698018
2157,train,12000,11121.750444577841,878.2495554221587
1302,train,45000,49375.810495976024,-4375.810495976024
1859,train,50000,43482.47135674613,6517.5286432538705
3539,train,14000,17331.39894474422,-3331.398944744222
1993,train,30000,32349.910219315385,-2349.910219315385
28,train,8500,7636.172286480061,863.8277135199387
2092,train,9000,10971.064992148771,-1971.0649921487711
3243,train,25000,28826.519187791997,-3826.519187791997
3682,train,9500,7863.424724609973,1636.575275390027
3453,train,37500,39027.540986754844,-1527.5409867548442
1260,train,26000,23972.211032574643,2027.7889674253565
1424,train,22000,16888.724384998426,5111.275615001574
3440,train,14000,11552.403499585247,2447.596500414753
1933,train,8000,8871.200644580107,-871.2006445801071
204,train,5000,6772.47828928763,-1772.47828928763
3010,train,20000,22746.84827298441,-2746.848272984411
4540,train,7000,6094.830905222771,905.1690947772286
2803,train,4000,7626.617830440522,-3626.617830440522
3854,train,26000,16912.708956097755,9087.291043902245
1301,train,32000,29029.05850783183,2970.941492168171
4160,train,14000,9211.153614679211,4788.846385320789
1237,train,79500,56262.09989321788,23237.900106782123
3057,train,6000,10613.91113620122,-4613.911136201221
1792,train,20000,16060.930380130305,3939.069619869695
977,train,23000,34143.29814584093,-11143.298145840927
2216,train,11000,9369.212605173627,1630.7873948263732
2913,train,40000,52952.62475808655,-12952.624758086553
1437,train,75000,108186.08941440922,-33186.089414409216
2693,train,20000,10492.55926147545,9507.44073852455
4679,train,20000,19550.398784031502,449.60121596849785
1639,train,8000,8656.129324480613,-656.1293244806129
3449,train,15000,11958.579129844631,3041.420870155369
542,train,400000,373457.9983554939,26542.00164450612
1362,train,170000,138121.34220134487,31878.657798655127
2415,train,80000,67030.96829914993,12969.031700850072
3002,train,15000,11703.157776229362,3296.842223770638
2404,train,14900,11994.044294175143,2905.9557058248574
4664,train,8000,14267.028215089895,-6267.028215089895
2259,train,30000,29561.19518493181,438.8048150681898
2901,train,23000,22718.430953638737,281.56904636126274
2497,train,7000,8617.926448709915,-1617.9264487099153
1330,train,16000,12555.820954704252,3444.1790452957484
2993,train,14000,14476.232545175906,-476.2325451759061
3712,train,23000,18133.12704553057,4866.872954469429
3756,train,16000,12008.923374134201,3991.0766258657986
2238,train,9000,11586.696440538926,-2586.6964405389263
330,train,3800,6352.1061084384555,-2552.1061084384555
1067,train,45000,56219.10422762089,-11219.10422762089
1127,train,43000,46773.0072541112,-3773.007254111202
3834,train,40000,28356.10070003412,11643.89929996588
3343,train,18000,16606.74225372344,1393.2577462765585
630,train,310000,222734.46314466716,87265.53685533284
713,train,35000,50285.99838940027,-15285.998389400273
2747,train,9500,8239.315968758541,1260.6840312414588
2094,train,20000,13650.845091197907,6349.154908802093
268,train,6500,8712.126997831127,-2212.1269978311266
3928,train,27000,32423.74088057224,-5423.740880572241
2535,train,16000,8254.742631942272,7745.257368057728
2105,train,6000,15365.345893178946,-9365.345893178946
3851,train,27500,31811.707279770028,-4311.7072797700275
1617,train,12000,14545.39561895473,-2545.39561895473
2895,train,150000,41596.02537708411,108403.97462291589
265,train,40000,31660.22893778881,8339.771062211192
4120,train,80000,68384.35432490135,11615.645675098654
2533,train,28500,24671.058361120664,3828.941638879336
4250,train,15000,13436.082761771366,1563.9172382286342
2249,train,21000,24878.983892683846,-3878.9838926838456
3419,train,10500,12430.892039820365,-1930.8920398203645
506,train,3300,3617.993748328419,-317.99374832841886
2994,train,6000,8358.149364660761,-2358.1493646607614
4426,train,14000,10595.466390339512,3404.533609660488
1345,train,90000,90947.9993183112,-947.9993183111947
1485,train,280000,297050.2911064403,-17050.2911064403
1796,train,10000,14174.900082553231,-4174.900082553231
233,train,21000,7781.753334730158,13218.246665269842
622,train,220000,212560.88365738586,7439.116342614143
1074,train,67000,68976.38173514936,-1976.3817351493635
2821,train,20000,9881.489131821183,10118.510868178817
2601,train,30000,25498.462702942383,4501.537297057617
1976,train,9000,10321.408888670012,-1321.408888670012
4689,train,53000,60452.52407605516,-7452.524076055161
3223,train,15000,18042.187696209327,-3042.1876962093265
220,train,3000,3873.362511030111,-873.3625110301109
4729,train,17000,17095.102328282414,-95.10232828241351
1294,train,36000,30514.52384731194,5485.476152688061
3840,train,13000,12615.372685159446,384.6273148405544
428,train,5500,6105.835134113609,-605.8351341136085
429,train,8500,13217.577707279515,-4717.577707279515
1590,train,9000,9884.017812445225,-884.017812445225
2460,train,13000,11405.87435903295,1594.1256409670495
2191,train,8000,6194.133447749081,1805.866552250919
872,train,130000,133121.43626982754,-3121.4362698275363
107,train,8000,8943.727813879917,-943.7278138799174
2234,train,6000,8050.515962497214,-2050.515962497214
613,train,30000,22489.42775793222,7510.572242067781
1760,train,10000,14825.574967000965,-4825.5749670009645
4649,train,6000,7071.06708907897,-1071.0670890789697
4366,train,10000,11825.914241453964,-1825.9142414539638
1340,train,400000,374360.0524162223,25639.947583777714
4715,train,15000,10242.610660146778,4757.389339853222
1211,train,30000,26614.499974404433,3385.5000255955674
2132,train,8000,8369.142731646021,-369.1427316460213
1168,train,150000,164259.16195506003,-14259.16195506003
861,train,95000,75007.56416229327,19992.435837706726
1567,train,14500,12955.130361793841,1544.869638206159
2667,train,11000,10462.857533974468,537.1424660255325
689,train,48000,43020.92403943901,4979.075960560993
2690,train,9000,10509.694845786667,-1509.6948457866674
2165,train,15000,12097.983253927898,2902.0167460721023
348,train,20000,23454.14423532515,-3454.1442353251514
2413,train,7500,10423.737901234512,-2923.737901234512
4280,train,10000,8516.832601862647,1483.1673981373533
3329,train,9000,10265.380425858375,-1265.380425858375
3551,train,25000,25899.317450647235,-899.3174506472351
2054,train,15000,11925.392472349598,3074.6075276504016
3298,train,23999,16503.944076970027,7495.055923029973
3029,train,35000,36297.86807901272,-1297.8680790127182
494,train,12000,11088.716558736609,911.2834412633911
2558,train,10000,9945.721410170936,54.278589829064
4361,train,53000,45439.04789924213,7560.952100757873
3519,train,10000,11815.472752513188,-1815.4727525131875
2429,train,55000,40285.18188787725,14714.818112122754
2168,train,42000,27505.539326046193,14494.460673953807
4030,train,19800,13119.32412663608,6680.67587336392
1561,train,10000,7729.71825225434,2270.28174774566
4415,train,9000,9704.870013361473,-704.870013361473
3907,train,8000,13368.372952538019,-5368.372952538019
3970,train,12000,12865.229081229128,-865.2290812291285
2148,train,18000,15604.257278548279,2395.742721451721
3953,train,65000,31349.20175069376,33650.798249306245
2166,train,5500,8236.325493880498,-2736.3254938804985
720,train,38000,27272.720796050136,10727.279203949864
863,train,18500,21770.287634716595,-3270.2876347165948
399,train,5000,5747.504110987877,-747.5041109878766
2214,train,10000,9209.585222754376,790.4147772456236
3594,train,7000,6745.8454551334125,254.15454486658746
2430,train,20000,22930.510838113965,-2930.5108381139653
3771,train,13000,12937.266403349984,62.7335966500159
2112,train,42000,38359.12043870409,3640.8795612959075
3734,train,15000,21329.669148875004,-6329.669148875004
4176,train,200000,61449.00662891635,138550.99337108363
2428,train,15500,12438.159214147465,3061.840785852535
925,train,400000,273644.4358050297,126355.5641949703
2950,train,6000,8522.730391490571,-2522.7303914905715
109,train,6000,5392.401765116906,607.5982348830939
2719,train,25000,16344.011039662222,8655.988960337778
4386,train,25000,21035.681918414608,3964.318081585392
2644,train,7000,7079.188613118137,-79.18861311813725
3398,train,18000,16780.070193109757,1219.9298068902426
4563,train,12000,13469.707165989199,-1469.707165989199
4296,train,8000,9023.405800843499,-1023.4058008434986
1511,train,15000,18114.615143820374,-3114.615143820374
4195,train,24000,23492.17629532387,507.82370467613146
3784,train,12000,7123.762089639484,4876.237910360516
4634,train,16000,11019.20173638403,4980.79826361597
2723,train,6000,7256.590901807812,-1256.5909018078119
1940,train,8000,8415.716766233048,-415.7167662330485
1494,train,13000,12941.95696134152,58.04303865847942
4557,train,23000,20479.11753551396,2520.8824644860397
2194,train,32000,40190.162144131,-8190.162144130998
1500,train,7500,6503.617890174527,996.382109825473
2921,train,10000,9501.708036197839,498.29196380216126
2948,train,30000,25272.115739886976,4727.884260113024
2465,train,15500,22364.291101756393,-6864.291101756393
2488,train,9000,7543.887583028851,1456.1124169711493
86,train,7000,10615.633656223243,-3615.6336562232427
1659,train,14500,11022.15326309146,3477.8467369085392
2457,train,7500,16537.626449514955,-9037.626449514955
3196,train,11000,12960.824139348748,-1960.8241393487478
1676,train,150000,171369.39323813806,-21369.39323813806
4308,train,17000,16702.80502010034,297.1949798996611
1148,train,240000,212040.48143071544,27959.518569284555
3437,train,7000,7569.291168734494,-569.291168734494
3785,train,13000,11018.528199015513,1981.4718009844873
1934,train,9500,9099.20756416948,400.79243583052084
1135,train,40000,34122.04925264079,5877.950747359209
2808,train,12500,17512.544813867622,-5012.544813867622
3607,train,30000,15249.050677989228,14750.949322010772
561,train,20000,24856.66890649257,-4856.66890649257
3481,train,13000,13084.17581784881,-84.17581784881077
4148,train,20000,20526.663135237566,-526.6631352375662
826,train,1000000,403345.24166165746,596654.7583383425
949,train,180000,132881.79243374406,47118.20756625594
898,train,60000,72320.12479251182,-12320.124792511822
3511,train,65000,57209.594809328766,7790.405190671234
80,train,14500,17863.534594853518,-3363.534594853518
453,train,7000,9935.03052063022,-2935.03052063022
2560,train,12000,16989.466997788477,-4989.466997788477
1396,train,30000,31068.449584827318,-1068.4495848273182
3250,train,14000,19583.755775946534,-5583.755775946534
570,train,45000,59842.13760194942,-14842.13760194942
1606,train,37000,20445.27191590022,16554.72808409978
1399,train,70000,66143.85283578599,3856.1471642140095
1523,train,5500,6519.522150990031,-1019.5221509900312
4281,train,10000,12614.781242059771,-2614.781242059771
240,train,8500,7651.499013182277,848.5009868177231
451,train,5146,7172.33057160974,-2026.3305716097402
1311,train,50000,54390.49885217789,-4390.498852177887
258,train,22000,15641.27917356275,6358.720826437249
3138,train,8000,7787.881534272567,212.11846572743343
102,train,21000,16200.006459461476,4799.993540538524
794,train,150000,146618.0784758663,3381.921524133708
3575,train,60000,48070.01378241016,11929.986217589838
1528,train,18000,17090.290446100094,909.7095538999056
4596,train,6000,6697.351135705267,-697.3511357052666
818,train,50000,56743.878416499014,-6743.878416499014
2781,train,18000,19053.161743750265,-1053.1617437502646
1088,train,50000,56524.614783171965,-6524.6147831719645
219,train,6500,6986.634201239575,-486.6342012395753
245,train,7000,9089.166018318763,-2089.1660183187632
210,train,13000,11787.959129190105,1212.0408708098948
4371,train,40000,40077.29980959064,-77.29980959063687
706,train,20000,32076.712793195125,-12076.712793195125
874,train,250000,249003.53767515626,996.462324843742
2120,train,8500,7379.6478974145375,1120.3521025854625
1873,train,120000,111338.41578194126,8661.584218058735
337,train,7000,9563.292190608843,-2563.292190608843
1948,train,14000,13059.8320842224,940.1679157775998
1951,train,12000,8223.7391947087,3776.2608052913
1134,train,36000,24499.045851634888,11500.954148365112
1563,train,11000,7619.121178129979,3380.878821870021
2909,train,42000,40016.028820578365,1983.9711794216346
44,train,6000,8189.745989126581,-2189.7459891265808
2892,train,20000,23974.378586834573,-3974.378586834573
1622,train,17000,18251.90882031636,-1251.9088203163592
4313,train,17000,16233.207867317855,766.7921326821452
3444,train,120000,122222.01609263157,-2222.016092631573
697,train,43000,39031.617670894004,3968.382329105996
298,train,9000,7773.463507714555,1226.536492285445
4233,train,16000,14414.358231957138,1585.6417680428622
1054,train,100000,97700.50849324491,2299.49150675509
2406,train,10000,13102.205235129592,-3102.2052351295915
2725,train,20000,16255.124264655076,3744.8757353449237
4470,train,20000,25039.204537487196,-5039.204537487196
129,train,4700,5116.533697060186,-416.53369706018566
4292,train,20000,16823.15148590158,3176.8485140984194
4736,val,15000,13376.648883521031,1623.3511164789688
1052,val,130000,149650.40760439725,-19650.407604397245
2600,val,40000,71981.59476813143,-31981.59476813143
2818,val,60000,30892.936330182674,29107.063669817326
2820,val,55000,48927.78312262884,6072.21687737116
1037,val,55000,66483.72195081563,-11483.721950815627
2610,val,42000,82047.1916468734,-40047.1916468734
1382,val,80000,66075.1010675547,13924.8989324453
2755,val,65000,80735.4912264346,-15735.491226434606
2674,val,35000,53390.19396862962,-18390.193968629617
1397,val,100000,194704.1527350223,-94704.1527350223
2206,val,21000,29051.345045259917,-8051.345045259917
1980,val,12000,8286.160846086217,3713.839153913783
4277,val,22000,21321.756543325802,678.2434566741977
4121,val,7500,5928.18670932362,1571.8132906763803
2033,val,30000,19992.870393810805,10007.129606189195
1446,val,22000,25378.95522265038,-3378.95522265038
3807,val,23000,13902.499562648192,9097.500437351808
2045,val,19000,11556.83115871019,7443.168841289809
4571,val,12000,16864.148674879965,-4864.148674879965
1574,val,12000,14598.141418907007,-2598.1414189070074
4681,val,9000,10412.026833716067,-1412.026833716067
2335,val,22000,22495.757403919542,-495.7574039195424
1817,val,19000,17565.507024334584,1434.4929756654165
2553,val,15000,12929.522047952638,2070.477952047362
3498,val,16000,14806.63392716655,1193.3660728334507
2864,val,5500,9841.079227198152,-4341.079227198152
3777,val,17000,13779.278822722865,3220.721177277135
4599,val,16000,18096.59555794878,-2096.595557948782
2502,val,11000,17467.91805856093,-6467.918058560928
765,val,140000,108781.29931656664,31218.70068343336
3974,val,12000,17944.330528321057,-5944.3305283210575
1503,val,10500,12625.364583590359,-2125.364583590359
1876,val,5000,5193.099551487559,-193.09955148755944
1886,val,6000,8064.5331485186625,-2064.5331485186625
866,val,100000,113110.70613233627,-13110.706132336272
862,val,30000,22567.282799858585,7432.717200141415
347,val,8500,7288.621457125197,1211.3785428748033
1271,val,98000,99660.38062381801,-1660.3806238180114
1129,val,35000,30304.38493620807,4695.615063791931
2738,val,8500,13653.622462288347,-5153.622462288347
1197,val,55000,33461.122732237054,21538.877267762946
3181,val,5000,5930.519378046579,-930.5193780465788
768,val,45000,41219.41715385709,3780.582846142912
1025,val,100000,95738.82419643,4261.175803570004
4556,val,11000,12956.133292112641,-1956.1332921126414
2453,val,6000,11893.679536501475,-5893.679536501475
1,val,20000,8814.591229711494,11185.408770288506
2843,val,28000,26604.52733693034,1395.4726630696605
1281,val,95000,56740.93868808784,38259.06131191216
4377,val,20000,24687.749712146455,-4687.749712146455
1904,val,65000,37114.666650261366,27885.333349738634
3263,val,25000,15809.016018557968,9190.983981442032
2965,val,85000,60316.66021741373,24683.33978258627
4414,val,39000,29694.734111810812,9305.265888189188
209,val,8000,7101.910609294559,898.0893907054406
1147,val,8000,30309.95006744334,-22309.95006744334
3385,val,5700,6718.251010833652,-1018.2510108336519
3839,val,27000,42775.92425502868,-15775.92425502868
4143,val,60000,43607.29634791407,16392.703652085933
2926,val,5500,9731.864189889886,-4231.864189889886
3195,val,12000,12301.259584117415,-301.2595841174152
2597,val,10000,14088.525543598158,-4088.525543598158
2302,val,60000,82857.25286517432,-22857.25286517432
4469,val,16000,13064.507710530048,2935.492289469952
638,val,190000,140275.1808027702,49724.81919722981
4489,val,15000,14745.925109731905,254.07489026809526
3213,val,8000,6761.594379676434,1238.405620323566
3495,val,70000,89988.96814003334,-19988.968140033336
285,val,25000,17082.899382370953,7917.100617629047
4667,val,15000,11482.006921065655,3517.9930789343452
3725,val,11000,8752.869465485785,2247.1305345142155
3846,val,14000,13586.347386834164,413.65261316583565
3331,val,30000,20245.45782585423,9754.542174145769
2220,val,6500,7677.711458685799,-1177.7114586857988
4622,val,13000,17369.36623790252,-4369.366237902519
667,val,25000,18799.0854380715,6200.914561928501
1773,val,16000,22299.78674535493,-6299.78674535493
744,val,300000,114438.38401447059,185561.6159855294
3849,val,15000,10884.224578470616,4115.775421529384
4514,val,70000,71648.1131860142,-1648.113186014205
2023,val,16000,14495.908249326374,1504.091750673626
1732,val,10000,14319.587535458626,-4319.587535458626
2277,val,8000,7858.294947206546,141.70505279345434
1801,val,18000,9750.814054556426,8249.185945443574
3715,val,17000,18026.347644101606,-1026.3476441016064
4134,val,25000,22516.078515505287,2483.921484494713
3500,val,100000,61172.980701922235,38827.019298077765
3326,val,12000,15507.199660613378,-3507.199660613378
3583,val,10000,11482.555789501255,-1482.5557895012553
3370,val,7500,11903.68549347887,-4403.68549347887
2142,val,30000,40144.644351185445,-10144.644351185445
433,val,8500,8257.416977344428,242.58302265557177
634,val,150000,101748.02761935921,48251.972380640786
2239,val,8000,6375.376052456774,1624.6239475432258
3413,val,30000,36826.99551080138,-6826.995510801382
262,val,15000,9184.94264758639,5815.057352413611
2007,val,14000,14953.352632653381,-953.3526326533811
733,val,25000,23844.620964885245,1155.3790351147545
2069,val,13000,11042.801719910001,1957.1982800899987
3960,val,30000,35206.30240006283,-5206.302400062828
814,val,100000,115602.71624532777,-15602.71624532777
4706,val,12000,11769.006539215838,230.99346078416238
1077,val,98000,125516.47080951573,-27516.470809515726
975,val,100000,31413.20710589858,68586.79289410143
4335,val,30000,28306.3796241324,1693.6203758675983
146,val,2200,8971.62723606256,-6771.627236062561
2021,val,35000,39595.85314936352,-4595.853149363516
1895,val,6500,8639.343022128358,-2139.343022128358
3218,val,18000,15304.807521098324,2695.1924789016757
2195,val,14500,9686.724587401473,4813.275412598527
4312,val,7000,11835.390108450612,-4835.390108450612
2923,val,280000,126224.03512871248,153775.96487128752
64,val,3500,4342.499239232221,-842.499239232221
4118,val,17000,18940.790793756365,-1940.790793756365
1131,val,47000,60510.20821343373,-13510.208213433732
1196,val,120000,132141.27581587085,-12141.275815870846
336,val,7200,8039.689574273429,-839.6895742734287
1815,val,12000,10651.964212877847,1348.0357871221531
4582,val,37000,39725.07078557345,-2725.070785573451
2887,val,10000,9923.175511979323,76.82448802067665
2154,val,9000,8716.866923518428,283.13307648157206
3944,val,45000,31645.92121464323,13354.07878535677
1290,val,80000,51046.03353894401,28953.966461055992
747,val,35000,36174.621165610224,-1174.6211656102241
2449,val,9000,10920.400946792344,-1920.4009467923443
221,val,5200,7570.568085348543,-2370.568085348543
3102,val,55000,78869.0446213637,-23869.044621363704
2079,val,14000,13567.202351560294,432.7976484397059
1049,val,40000,35503.016609555416,4496.983390444584
1051,val,95000,63099.08699763023,31900.913002369773
4014,val,16000,12639.448909499268,3360.5510905007322
2860,val,250000,91517.93839271313,158482.06160728686
1433,val,7500,30953.660015255304,-23453.660015255304
4421,val,8000,12251.677542012998,-4251.677542012998
3009,val,15000,15273.20937320522,-273.2093732052199
4728,val,15000,18217.36601965092,-3217.366019650919
3305,val,14000,15231.719339191084,-1231.7193391910841
2057,val,9500,7788.3910557456375,1711.6089442543625
992,val,140000,178780.43063778442,-38780.43063778442
994,val,65000,76996.85324855277,-11996.853248552768
4536,val,38000,22293.943810488374,15706.056189511626
1216,val,43000,59167.229344793515,-16167.229344793515
1277,val,55000,40517.65311830199,14482.34688169801
2052,val,15000,15844.312637811154,-844.3126378111538
3991,val,18000,10338.788366225397,7661.211633774603
3169,val,10000,11009.038119217443,-1009.0381192174427
965,val,68000,79870.41772885583,-11870.417728855828
2182,val,190000,87844.08797282739,102155.91202717261
99,val,15000,19505.72743647114,-4505.727436471141
2970,val,24000,24494.942475857817,-494.94247585781704
226,val,7000,6568.506206200361,431.4937937996392
74,val,40000,15019.55499930654,24980.44500069346
752,val,57000,56847.07995410151,152.9200458984924
4670,val,17000,18389.23224442126,-1389.2322444212587
3126,val,25000,15961.672839783234,9038.327160216766
1299,val,140000,223807.60564453955,-83807.60564453955
3448,val,120000,150474.39113589333,-30474.391135893326
3193,val,15000,12056.035652058199,2943.964347941801
4650,val,32000,23856.91469682373,8143.085303176271
3573,val,7500,6685.2011239851245,814.7988760148755
2326,val,11000,10894.587600184668,105.41239981533181
1988,val,13000,12602.374538516111,397.625461483889
791,val,600000,363614.30381111737,236385.69618888263
3039,val,40000,47572.40647157545,-7572.40647157545
170,val,5000,3952.3391439068987,1047.6608560931013
3866,val,50000,49287.19805242932,712.8019475706824
2846,val,27000,29796.441563901248,-2796.4415639012477
3982,val,12000,11721.313621927728,278.6863780722724
2758,val,12000,13546.969934362894,-1546.9699343628945
2712,val,7500,11093.580951571272,-3593.5809515712717
3925,val,15000,11255.145586648323,3744.854413351677
3130,val,15000,14405.583096179254,594.4169038207456
2588,val,4000,6424.19799570579,-2424.19799570579
906,val,4500,19662.25939898593,-15162.25939898593
4234,val,6000,5199.096373955954,800.9036260440462
890,val,80000,69935.12311382289,10064.87688617711
1482,val,40000,31844.223283123265,8155.776716876735
535,val,30000,39341.77414272938,-9341.77414272938
1329,val,50000,27546.858368296085,22453.141631703915
2444,val,12000,8150.199473990238,3849.8005260097616
1442,val,55000,56298.580301592345,-1298.5803015923448
1943,val,5000,8082.24798035495,-3082.2479803549504
4151,val,12000,10425.759473949378,1574.240526050622
2902,val,30000,46625.242272199466,-16625.242272199466
2943,val,27000,29972.52870578182,-2972.5287057818205
271,val,9000,19331.727906772496,-10331.727906772496
1527,val,10000,12561.44882679752,-2561.4488267975194
2373,val,8000,12152.986238717773,-4152.986238717773
3474,val,12000,10530.067365054496,1469.932634945504
4189,val,13900,8901.258519676363,4998.741480323637
4567,val,23000,17995.722917141375,5004.277082858625
1892,val,7500,6958.783808282229,541.2161917177709
3291,val,10000,7742.773350354531,2257.2266496454686
3864,val,28000,28946.627767546026,-946.627767546026
858,val,160000,145598.24631778046,14401.75368221954
3353,val,20000,22830.923276727546,-2830.923276727546
1715,val,21000,16262.267917934741,4737.7320820652585
3445,val,20000,19284.316495219417,715.6835047805835
3932,val,25000,23320.182706202824,1679.8172937971758
2040,val,16000,13388.422427467227,2611.577572532773
663,val,50000,48486.82134368771,1513.1786563122878
4192,val,4700,9300.570627657195,-4600.570627657195
3202,val,12000,12581.182939367762,-581.1829393677617
1266,val,85000,41369.4382403331,43630.5617596669
217,val,30000,35607.45091152838,-5607.45091152838
1978,val,27500,19080.436803914472,8419.563196085528
2749,val,30000,33953.64935890112,-3953.6493589011225
3609,val,14000,14634.843359507411,-634.8433595074112
1473,val,45000,44436.98777358483,563.0122264151723
2059,val,9000,13144.298356470696,-4144.298356470696
4539,val,25000,11915.545433882264,13084.454566117736
653,val,13500,22655.50707170781,-9155.507071707809
2048,val,18000,16374.701672842259,1625.2983271577414
42,val,5000,5955.740389074882,-955.7403890748819
4454,val,15000,12358.05884870898,2641.941151291019
1989,val,11000,10002.966140816498,997.0338591835025
2671,val,20500,21884.269991761812,-1384.269991761812
580,val,13000,18052.034089739976,-5052.0340897399765
2792,val,7000,11433.97604089502,-4433.976040895021
916,val,90000,69294.58684072498,20705.41315927502
3789,val,36000,45041.74693520986,-9041.746935209863
410,val,6500,9365.604165717641,-2865.604165717641
2089,val,30000,42177.18471611766,-12177.184716117663
3735,val,28000,14670.189604819254,13329.810395180746
201,val,10000,6969.375263727936,3030.624736272064
2546,val,12000,10958.754450579052,1041.245549420948
2084,val,12000,14291.833849119354,-2291.8338491193535
1710,val,7000,6633.117716331246,366.8822836687541
4079,val,27000,29084.34369517927,-2084.3436951792683
4488,val,25000,23020.180104711897,1979.819895288103
3035,val,10000,10536.667460385142,-536.6674603851425
3920,val,27000,21011.893452877088,5988.106547122912
3277,val,25000,28323.94176483762,-3323.9417648376184
3949,val,35000,36047.32449126063,-1047.3244912606315
2656,val,5000,7690.268621279153,-2690.268621279153
1941,val,22000,9345.8430776899,12654.1569223101
2383,val,18500,13099.895707474278,5400.1042925257225
2423,val,8500,7383.998487052065,1116.0015129479352
4653,val,12000,7889.65858410306,4110.34141589694
3962,val,25000,22567.25669948224,2432.743300517759
565,val,44000,69626.78385316109,-25626.78385316109
3248,val,14000,15561.91415600628,-1561.9141560062799
1428,val,31000,25695.454534691537,5304.5454653084635
1193,val,250000,163101.0930011385,86898.9069988615
2448,val,35000,36447.78151755033,-1447.7815175503274
1512,val,7000,7301.048245163361,-301.04824516336066
2841,val,10000,10183.156205725209,-183.15620572520857
3400,val,7500,10914.466817883702,-3414.466817883702
395,val,6000,6878.229719053438,-878.2297190534382
2607,val,15500,16785.789770316795,-1285.7897703167946
1097,val,29500,39845.274407346405,-10345.274407346405
1917,val,14000,15316.521210993304,-1316.5212109933036
1491,val,250000,299158.81460443384,-49158.814604433835
1453,val,55000,62014.135561267685,-7014.135561267685
1877,val,18000,10303.32277205968,7696.677227940319
3436,val,13500,13628.804952181572,-128.80495218157193
1566,val,24000,22445.02545883164,1554.9745411683616
757,val,24000,27341.788467124657,-3341.7884671246575
3956,val,45000,44912.429201993014,87.57079800698557
4251,val,15500,10169.926882284024,5330.073117715976
3603,val,6500,7855.222498112663,-1355.2224981126628
1496,val,21000,24117.471393762422,-3117.471393762422
3377,val,20000,13463.244450269476,6536.755549730524
3507,val,17000,13093.990504691745,3906.0094953082553
2197,val,7500,8577.884650773109,-1077.8846507731087
1858,val,17000,16847.07039881971,152.92960118029077
3841,val,9000,12496.335401408942,-3496.335401408942
1578,val,12000,13918.921931412739,-1918.9219314127386
247,val,7000,10833.63893700049,-3833.638937000491
2170,val,15000,15265.883735471001,-265.8837354710013
3069,val,14000,6763.707909202579,7236.292090797421
1093,val,75000,77523.5895731495,-2523.5895731494966
808,val,60000,30555.360810323058,29444.639189676942
2837,val,150000,178718.46626450555,-28718.46626450555
4061,val,13000,13199.922400801752,-199.9224008017518
2703,val,10000,11701.68134340413,-1701.6813434041305
2417,val,13000,12490.077004156647,509.9229958433534
2590,val,20000,27059.31762480738,-7059.31762480738
4409,val,46000,72221.3851701277,-26221.3851701277
2245,val,11000,11140.40588625974,-140.40588625973942
3560,val,20000,14547.415863762557,5452.584136237443
4029,val,15000,20405.27350086608,-5405.273500866078
2409,val,7000,8610.35266746461,-1610.352667464609
3568,val,26000,23272.856571334516,2727.143428665484
592,val,170000,176886.22838179627,-6886.228381796274
1979,val,16000,12818.583367911111,3181.416632088889
373,val,15000,17121.881401810522,-2121.881401810522
2732,val,20000,12262.42816089178,7737.571839108219
2678,val,17000,17810.06329691545,-810.0632969154503
2751,val,13000,10383.714033725137,2616.2859662748633
1826,val,7000,8822.730686838073,-1822.7306868380729
301,val,15000,14811.864359924317,188.1356400756831
2900,val,16000,23405.185254813096,-7405.1852548130955
3316,val,7000,6923.955691123093,76.04430887690705
648,val,80000,100705.96698812005,-20705.966988120053
3645,val,20000,13336.331432128347,6663.668567871653
457,val,8000,7148.389446681234,851.6105533187656
1679,val,40000,27245.0601931047,12754.939806895301
3219,val,15000,15898.03533617784,-898.0353361778398
3030,val,34999,51467.65202369633,-16468.652023696333
3261,val,12000,10469.6568219353,1530.3431780647006
1016,val,45000,53959.648308779855,-8959.648308779855
3033,val,15000,9009.40203619746,5990.59796380254
4369,val,7000,7872.3157645270785,-872.3157645270785
3318,val,20000,26416.201463543657,-6416.201463543657
3662,val,13500,8257.14291125292,5242.85708874708
2830,val,12000,22675.544588910485,-10675.544588910485
4077,val,25000,15209.655775299969,9790.344224700031
1019,val,20000,16448.27262042048,3551.727379579519
3446,val,21000,17018.317950902154,3981.682049097846
1891,val,36000,28178.40662701659,7821.5933729834105
1336,val,21000,16965.56113583971,4034.438864160289
3927,val,12000,12432.365365620355,-432.3653656203551
4703,val,60000,44840.36193642713,15159.638063572871
4522,val,9500,8464.915201986401,1035.0847980135986
2655,val,9500,10689.529396405094,-1189.5293964050943
187,val,8000,11393.618934236172,-3393.618934236172
1584,val,27000,22821.362211694206,4178.637788305794
2726,val,10000,10340.191595019356,-340.1915950193561
287,val,7500,16807.03013385705,-9307.03013385705
1156,val,260000,163123.7540918154,96876.24590818459
3348,val,53000,55914.42000784462,-2914.420007844623
3679,val,11000,10889.567315315173,110.43268468482711
3740,val,36000,45142.60392865746,-9142.60392865746
1263,val,27000,33113.21589677539,-6113.215896775393
503,val,40000,29419.686894622057,10580.313105377943
1747,val,15000,11833.619979958155,3166.3800200418445
4410,val,12000,12745.149695050424,-745.1496950504243
2329,val,8500,9148.597875034415,-648.5978750344148
600,val,300000,271905.8780689846,28094.121931015397
2592,val,150000,49686.878807816276,100313.12119218372
4497,val,12500,12933.232980326518,-433.2329803265184
3934,val,12000,12436.324852671965,-436.32485267196535
675,val,21000,19710.00952340569,1289.9904765943102
4724,val,5000,7669.421466914318,-2669.4214669143184
4019,val,12500,11889.44977038277,610.5502296172308
2542,val,45000,42511.58565137525,2488.4143486247485
2478,val,20000,12236.480126897728,7763.519873102272
2522,val,65000,43510.159948169334,21489.840051830666
2809,val,30000,32634.086966414172,-2634.086966414172
2501,val,10000,12402.467397910252,-2402.4673979102517
2280,val,30000,45088.875932840514,-15088.875932840514
1868,val,22500,42002.92072142336,-19502.92072142336
3422,val,7500,6547.539927150274,952.4600728497262
999,val,1200000,446646.21575902175,753353.7842409783
2786,val,150000,143145.39723986588,6854.602760134119
2870,val,21000,11510.497623068575,9489.502376931425
4345,val,5000,6750.607499956529,-1750.607499956529
1837,val,17000,25853.751971297486,-8853.751971297486
4431,val,12000,12625.560958279504,-625.5609582795041
3653,val,10000,8054.602546011134,1945.397453988866
1317,val,80000,54501.03843038239,25498.96156961761
1456,val,140000,225806.1534621533,-85806.1534621533
2470,val,2000,8897.109791848752,-6897.109791848752
1545,val,8000,8124.500428164394,-124.50042816439418
595,val,75000,86430.25952754394,-11430.259527543938
230,val,3500,6928.937570936806,-3428.937570936806
4623,val,11000,6479.051253479987,4520.948746520013
4441,val,30000,19633.38754571018,10366.612454289821
4105,val,6000,7845.927764593957,-1845.9277645939574
3024,val,13000,11154.11938976782,1845.8806102321796
2232,val,150000,185128.5014070128,-35128.50140701281
2721,val,47000,44977.93375523325,2022.0662447667492
3876,val,14000,12607.960502532425,1392.0394974675746
40,val,7200,6550.636106466425,649.3638935335748
3322,val,10000,7444.672536010011,2555.327463989989
3781,val,27999,27849.882868427805,149.11713157219492
1681,val,16000,16772.919872279657,-772.9198722796573
3396,val,8000,8731.535590651507,-731.5355906515069
4541,val,10000,13560.52499207525,-3560.5249920752503
1857,val,27000,16315.001530719457,10684.998469280543
2158,val,24000,21316.41643710546,2683.5835628945388
3589,val,7000,10213.768168166587,-3213.768168166587
3244,val,9000,7731.477058811081,1268.5229411889186
4391,val,13500,11252.386436934605,2247.6135630653953
824,val,48000,44825.93995414548,3174.060045854523
55,val,7000,6187.266830283855,812.7331697161453
2267,val,10000,11149.637242543675,-1149.6372425436748
3531,val,20000,19211.370136427377,788.6298635726234
3092,val,9000,11819.876079037802,-2819.876079037802
2407,val,40000,19158.142989329055,20841.857010670945
3563,val,18000,15915.0818569583,2084.9181430416993
1896,val,6000,7990.881687506678,-1990.8816875066777
333,val,30000,16948.100380059033,13051.899619940967
32,val,6000,7069.5942714294915,-1069.5942714294915
1235,val,200000,247051.22509809103,-47051.22509809103
4485,val,12000,13858.735475806841,-1858.7354758068414
1991,val,23500,14878.050071793406,8621.949928206594
1367,val,55000,43275.709801587174,11724.290198412826
4638,val,8000,7311.057579578818,688.9424204211819
2347,val,10000,12405.152145905935,-2405.152145905935
2454,val,22000,21870.513197384356,129.48680261564368
1221,val,6500,18432.5995859599,-11932.599585959899
2371,val,65000,118382.68083663614,-53382.68083663614
1893,val,9000,8925.94320399848,74.05679600151961
1126,val,50000,60396.72864775412,-10396.72864775412
2171,val,6000,8106.636880485001,-2106.636880485001
2131,val,10000,8653.528175815356,1346.471824184644
2468,val,13000,10741.53009989026,2258.4699001097397
1065,val,18000,18691.62821397354,-691.6282139735413
3634,val,19000,21499.376784150914,-2499.3767841509143
1636,val,40000,41252.19598249376,-1252.1959824937585
1262,val,41000,32617.308970932947,8382.691029067053
3845,val,9500,9398.763197212307,101.2368027876928
3408,val,5000,10066.136901280926,-5066.136901280926
1616,val,100000,145342.7600557296,-45342.760055729595
2729,val,5500,7372.052783123402,-1872.0527831234022
2509,val,32000,28490.68790777223,3509.3120922277703
1548,val,20000,27833.469772724682,-7833.469772724682
3714,val,45000,22808.259564508608,22191.740435491392
2530,val,20000,13584.346563057463,6415.653436942537
4446,val,15000,17387.454214538902,-2387.4542145389023
2972,val,10500,14644.943262744426,-4144.943262744426
3141,val,13000,10801.052836672901,2198.9471633270987
3197,val,8000,8860.35679629241,-860.3567962924099
4647,val,16000,15507.193505835041,492.8064941649591
1206,val,32000,30547.915678213936,1452.0843217860638
4089,val,10000,11711.123056461283,-1711.1230564612833
1935,val,9000,19822.293928401286,-10822.293928401286
2793,val,18500,19203.164551168793,-703.164551168793
873,val,40000,40041.05078513783,-41.050785137827916
772,val,120000,102653.09180082504,17346.908199174955
1953,val,9500,13391.028245752586,-3891.0282457525864
3532,val,17000,14866.787251909462,2133.2127480905383
3401,val,15000,11735.085358807239,3264.9146411927613
207,val,6000,7801.424726164086,-1801.4247261640858
3825,val,10000,12101.2505154031,-2101.2505154031005
20,val,7900,7229.4667349589945,670.5332650410055
3556,val,9500,12371.836579619105,-2871.8365796191047
952,val,59000,43136.39606681068,15863.603933189319
4215,val,40000,36452.472915645536,3547.527084354464
4686,val,7000,6329.045739623748,670.954260376252
3561,val,13000,10357.311867548817,2642.6881324511833
3818,val,8500,6619.419857737355,1880.5801422626446
1666,val,50000,75320.53160716376,-25320.531607163764
1925,val,15000,13628.270636638923,1371.729363361077
3752,val,10000,7515.376623452806,2484.6233765471943
1735,val,8000,8700.315647315334,-700.315647315334
444,val,10000,11796.97912892842,-1796.9791289284203
3608,val,4000,6792.712189189664,-2792.712189189664
556,val,32000,22830.814920643126,9169.185079356874
1078,val,16000,16413.48319662897,-413.4831966289712
75,val,12500,11720.113248993533,779.8867510064665
197,val,15000,15831.562430126743,-831.5624301267435
1120,val,90100,82271.92452781726,7828.07547218274
2845,val,18000,22892.772630189775,-4892.772630189775
10,val,25000,22239.234532294042,2760.765467705958
4093,val,12000,11548.87534028555,451.1246597144509
181,val,50000,18681.86367440685,31318.13632559315
4404,val,12000,15738.207616472511,-3738.2076164725113
1609,val,8000,8883.141320842904,-883.141320842904
96,val,12000,14341.275657007267,-2341.275657007267
4141,val,15500,12204.598602595106,3295.401397404894
4707,val,110000,79847.43172213058,30152.568277869417
355,val,5200,6048.538274360622,-848.5382743606224
2127,val,10000,8417.037041495347,1582.9629585046532
1740,val,6000,7073.801527537787,-1073.8015275377866
292,val,15000,12781.533744300912,2218.466255699088
806,val,19500,42085.10714861457,-22585.107148614567
1114,val,55000,68422.2705468717,-13422.270546871703
2389,val,90000,107710.40512601857,-17710.405126018566
2263,val,9000,8203.127372863817,796.8726271361829
158,val,14500,11981.37860626228,2518.6213937377197
4053,val,35000,16193.02738903373,18806.97261096627
3251,val,8000,10531.153269105756,-2531.1532691057564
3080,val,11000,10762.500143783356,237.49985621664382
2772,val,20200,23847.192874112057,-3647.1928741120573
2557,val,12000,15205.890529666785,-3205.8905296667854
127,val,8000,6823.820630355741,1176.1793696442592
1930,val,18000,21820.876034623398,-3820.8760346233976
654,val,18000,48083.63924423411,-30083.63924423411
2505,val,35000,12152.69788576041,22847.30211423959
4186,val,20000,18217.962962338937,1782.0370376610626
1429,val,60000,47394.62002027057,12605.379979729427
4721,val,8000,10162.50227872203,-2162.5022787220296
443,val,5500,6054.323655125306,-554.3236551253058
4646,val,10000,9987.934180758168,12.065819241832287
2394,val,260000,275762.8374845993,-15762.837484599324
1145,val,50000,25786.643310303683,24213.356689696317
4128,val,22000,19366.903690252366,2633.096309747634
1583,val,19000,19577.810661302334,-577.8106613023338
3414,val,12500,7848.422892819167,4651.577107180833
4392,val,21000,17565.886034636293,3434.1139653637074
2015,val,5000,6275.763868132915,-1275.7638681329154
978,val,40000,35761.229308705406,4238.770691294594
4430,val,22000,19972.540795150075,2027.4592048499253
3186,val,14000,15598.113001850663,-1598.1130018506628
1729,val,6500,9045.058579013083,-2545.0585790130826
275,val,30000,13693.676250908782,16306.323749091218
1113,val,70000,91564.70809104906,-21564.708091049062
3535,val,12000,12416.113519793238,-416.1135197932381
2945,val,5000,8286.19171697796,-3286.191716977961
117,val,7000,7042.938626075459,-42.93862607545907
671,val,65000,69498.28475173173,-4498.284751731728
3315,val,7000,6415.971910059174,584.0280899408262
574,val,55000,63938.74573608428,-8938.745736084282
3406,val,7500,10540.937037787902,-3040.937037787902
3096,val,15000,34676.29018535881,-19676.290185358812
2888,val,20000,14874.333701287534,5125.6662987124655
1436,val,80000,31312.862345590445,48687.137654409555
3177,val,7500,9960.61553220852,-2460.6155322085197
647,val,53000,53446.79762502355,-446.7976250235515
2244,val,17000,15293.798272025213,1706.201727974787
2078,val,4000,5914.8919358340645,-1914.8919358340645
1932,val,10000,12593.952323834017,-2593.952323834017
175,val,5500,7683.325727245981,-2183.3257272459814
1137,val,32000,34054.140237781474,-2054.140237781474
1356,val,74999,53773.3505058178,21225.649494182202
13,val,5500,5701.640408104626,-201.64040810462575
915,val,10000,17198.110921287484,-7198.1109212874835
3922,val,9000,15914.581621922984,-6914.581621922984
3943,val,14000,19096.28636370572,-5096.28636370572
234,val,4500,5303.9049929303455,-803.9049929303455
1343,val,80000,155033.8029609114,-75033.80296091139
3167,val,16000,12329.879807299472,3670.1201927005277
1850,val,8900,19655.481137220027,-10755.481137220027
3122,val,12500,13183.588151337382,-683.5881513373824
3678,val,23000,24680.67245327251,-1680.6724532725093
236,val,4500,4033.814647932547,466.1853520674531
4191,val,9000,11024.741256207595,-2024.7412562075951
1824,val,16500,20886.007970141127,-4386.007970141127
2938,val,25000,28471.526502984918,-3471.526502984918
3710,val,22000,17793.916467941737,4206.083532058263
4595,val,12000,8606.734077715746,3393.265922284254
2222,val,22000,31595.32722466255,-9595.32722466255
3569,val,9000,10508.921976734073,-1508.9219767340728
149,val,20000,15212.16132460156,4787.83867539844
4020,val,25000,23128.557180534222,1871.4428194657776
4598,val,10000,7191.358846659148,2808.641153340852
3132,val,15000,11296.886816827937,3703.113183172063
2458,val,5500,12492.608443755043,-6992.6084437550435
383,val,10000,9820.367610164756,179.63238983524388
4185,val,16000,13745.56953813302,2254.4304618669794
4731,val,12000,12315.777011631168,-315.7770116311676
3320,val,18000,14783.535118261962,3216.4648817380385
4592,val,12000,13597.218284463352,-1597.2182844633517
3346,val,9000,12925.160351147813,-3925.1603511478133
1808,val,70000,8842.27478983809,61157.72521016191
2013,val,25500,36646.977302903135,-11146.977302903135
3065,val,15000,16628.905899284557,-1628.9058992845567
737,val,22000,26116.577293155922,-4116.577293155922
1757,val,7000,6819.384970793935,180.61502920606472
803,val,50000,120717.54142363767,-70717.54142363767
1226,val,15000,25803.80731757191,-10803.807317571911
3879,val,11000,11894.50825243005,-894.5082524300506
1580,val,15000,11723.923652244483,3276.0763477555174
3780,val,13000,16260.002018611014,-3260.002018611014
2353,val,22000,14047.635031709471,7952.364968290529
4247,val,8500,8993.62007568193,-493.62007568193076
4594,val,30000,22530.682554425508,7469.317445574492
1265,val,65000,71825.5313630529,-6825.531363052898
4364,val,28000,21357.169268035537,6642.830731964463
3393,val,13000,10615.002455763615,2384.997544236385
4166,val,14000,17210.10160770565,-3210.1016077056483
118,val,3900,5263.285096936742,-1363.2850969367419
725,val,600000,292702.1362113675,307297.8637886325
2129,val,13000,17296.396763773555,-4296.396763773555
1791,val,8000,8758.094136193173,-758.0941361931727
1426,val,47000,34713.21626964005,12286.783730359952
521,val,18000,16181.973350709619,1818.026649290381
3952,val,12500,14342.247633786888,-1842.2476337868884
583,val,28000,29172.75344583753,-1172.7534458375303
361,val,8000,6950.268648105998,1049.7313518940018
1602,val,15000,19268.01518299131,-4268.015182991308
3647,val,600000,11594.470206895729,588405.5297931043
4718,val,30000,30967.8242645778,-967.8242645778009
95,val,5000,4976.807641388248,23.192358611751843
4394,val,10000,10663.135297056479,-663.1352970564785
956,val,40000,29134.959716257214,10865.040283742786
1894,val,18000,24847.4146086198,-6847.414608619802
1727,val,15000,14146.255729139239,853.7442708607614
228,val,14000,14468.049892690922,-468.0498926909222
1944,val,6000,7040.454018103206,-1040.4540181032062
1402,val,32000,32143.40937595483,-143.40937595483047
1743,val,20000,18378.456891454796,1621.5431085452037
2669,val,55000,41626.635464726845,13373.364535273155
4555,val,15000,18094.598355767495,-3094.5983557674954
2332,val,6000,7336.194746843506,-1336.1947468435064
1721,val,22000,34317.726148558766,-12317.726148558766
3229,val,25000,26947.748118555766,-1947.7481185557663
3692,val,8500,9089.894623561253,-589.894623561253
4078,val,35000,25619.471085668825,9380.528914331175
934,val,310000,358536.86249939067,-48536.86249939067
3976,val,45000,21466.595743531587,23533.404256468413
4129,val,15000,11841.507869395826,3158.4921306041742
4433,val,15000,20443.453034997896,-5443.453034997896
1117,val,150000,140632.8767618386,9367.12323816141
3995,val,130000,8985.377773922653,121014.62222607735
185,val,8000,10365.818655162566,-2365.818655162566
489,val,8000,6941.011232265795,1058.9887677342049
560,val,44000,59309.534530785364,-15309.534530785364
868,val,45000,44610.39957352718,389.60042647281807
2145,val,25000,15050.172318285251,9949.827681714749
1713,val,20000,18286.985203937395,1713.0147960626055
3681,val,15000,12203.76850084418,2796.2314991558196
3552,val,10000,7466.212616375361,2533.787383624639
1902,val,8000,16980.200339385912,-8980.200339385912
2388,val,9000,9748.476379405864,-748.4763794058636
3108,val,15000,11176.294511383765,3823.705488616235
3745,val,8500,15445.865905633556,-6945.865905633556
130,val,4500,5429.322165874162,-929.3221658741622
2559,val,10000,16042.104737137186,-6042.104737137186
3230,val,9000,11388.169461108744,-2388.169461108744
4550,val,21000,16235.098814673465,4764.901185326535
2138,val,5000,6251.748444649417,-1251.7484446494173
1752,val,16000,21114.546973493245,-5114.546973493245
3345,val,20000,25394.087453838983,-5394.0874538389835
1931,val,120000,163531.71465173532,-43531.714651735325
1573,val,10500,13633.891707719044,-3133.8917077190436
171,val,9000,7723.887049429942,1276.1129505700583
3027,val,12000,6796.106041213219,5203.893958786781
1637,val,10000,13356.001989452076,-3356.0019894520756
2848,val,350000,71592.83599039067,278407.1640096093
3821,val,19000,13505.956097627162,5494.043902372838
2753,val,18000,14202.432291570112,3797.5677084298877
3727,val,25000,17800.81195489382,7199.188045106181
4427,val,10000,7096.963635783622,2903.0363642163784
3737,val,3500,5184.496452784529,-1684.4964527845286
3302,val,10000,15183.295039363955,-5183.295039363955
3557,val,18000,16762.382785565558,1237.6172144344418
2835,val,18000,17773.891510353915,226.10848964608522
1381,val,45000,57654.88463805028,-12654.88463805028
534,val,32000,43849.26430630276,-11849.264306302757
3086,val,10000,8429.850214580207,1570.1497854197933
1910,val,12000,21851.009370871423,-9851.009370871423
4333,val,10000,17257.631343201974,-7257.631343201974
2043,val,21000,26265.890996384576,-5265.890996384576
3303,val,20000,15164.242663388848,4835.757336611152
1214,val,40000,28056.178640143276,11943.821359856724
374,val,6200,8268.367823864246,-2068.367823864246
1055,val,35000,14806.35507618759,20193.64492381241
3255,val,20000,25648.564089231535,-5648.564089231535
1907,val,11000,7856.050412133731,3143.949587866269
100,val,22000,36920.00233684027,-14920.002336840269
3201,val,60000,47650.05448905874,12349.94551094126
2425,val,18000,12603.42753227809,5396.57246772191
255,val,5300,6661.274056198885,-1361.2740561988849
1798,val,30000,64779.031895008986,-34779.031895008986
3961,val,7000,8391.634172995711,-1391.6341729957112
828,val,130000,187179.14354964477,-57179.14354964477
1610,val,7500,7930.264733496422,-430.2647334964222
1647,val,8500,14144.877643685952,-5644.877643685952
1672,val,18000,17695.14502446666,304.8549755333406
1726,val,7000,6428.108254585425,571.8917454145749
4450,val,30000,22682.814416714875,7317.185583285125
606,val,170000,209087.79887397212,-39087.79887397212
2969,val,9000,7859.119143047095,1140.8808569529047
1632,val,20000,7736.3491099995945,12263.650890000405
2882,val,15000,15895.440008219874,-895.4400082198736
4203,val,7000,8005.376493594132,-1005.3764935941317
4666,val,15000,20474.629522012077,-5474.629522012077
1209,val,80000,81298.47140193539,-1298.471401935385
3282,val,16500,20832.34883021713,-4332.348830217132
3911,val,12000,15674.533324648452,-3674.5333246484515
3482,val,13000,14906.559671815943,-1906.5596718159431
2074,val,11500,8834.713391521042,2665.2866084789584
1835,val,16000,16712.471954500877,-712.4719545008775
4299,val,15500,17809.66714175015,-2309.6671417501493
1123,val,80000,39940.43699324535,40059.56300675465
3306,val,11000,10309.097653263725,690.9023467362749
2240,val,13500,10490.506157121092,3009.4938428789083
1178,val,57000,42450.81629825017,14549.183701749833
1314,val,14500,23776.183668031554,-9276.183668031554
1981,val,75000,98609.4271572785,-23609.427157278493
4124,val,10000,8899.399866443406,1100.6001335565943
3754,val,7000,12159.637725960898,-5159.637725960898
70,val,7500,5897.144753470077,1602.8552465299226
1918,val,6000,10850.19192467695,-4850.19192467695
896,val,180000,199595.83364800815,-19595.83364800815
3430,val,14000,13871.101487566422,128.8985124335777
1157,val,300000,243059.5902883952,56940.40971160479
4202,val,13000,9878.94550139889,3121.05449860111
3684,val,11000,7834.488113840295,3165.5118861597048
4161,val,9500,9891.596921357333,-391.5969213573335
577,val,85000,50851.52675367098,34148.47324632902
3503,val,17000,13579.541221498102,3420.4587785018975
690,val,18000,20642.32082350994,-2642.320823509941
2962,val,17000,11495.3104429613,5504.6895570387005
3412,val,30000,22848.337234590792,7151.662765409208
2741,val,30000,24986.97205498013,5013.027945019869
416,val,6500,7349.686039805461,-849.6860398054614
555,val,190000,214854.67142230854,-24854.671422308544
3131,val,22000,15554.62180303833,6445.37819696167
3667,val,20000,14735.284255763941,5264.7157442360585
1013,val,35000,41235.433497293474,-6235.433497293474
2979,val,6500,12586.631092559703,-6086.631092559703
4521,val,55000,47909.62896690247,7090.37103309753
1422,val,70000,36497.13777381624,33502.86222618376
4537,val,67000,49017.06453933251,17982.93546066749
3581,val,13000,12337.980278749386,662.0197212506137
4090,val,12000,8227.793370668922,3772.206629331078
1657,val,6900,7969.074811270057,-1069.0748112700567
71,val,16000,14230.84155080148,1769.1584491985195
4336,val,15000,21176.547622368875,-6176.547622368875
3580,val,6000,7265.366932857721,-1265.3669328577207
1101,val,33000,27524.21576613198,5475.78423386802
3512,val,7500,7134.205552186426,365.79444781357415
1802,val,30000,28074.810368826682,1925.189631173318
481,val,10000,7466.066590703805,2533.9334092961954
3923,val,12000,11170.500866991122,829.4991330088778
1368,val,15000,18246.68384396753,-3246.6838439675303
1970,val,30000,31592.09945790161,-1592.0994579016115
2028,val,10500,12257.93658092146,-1757.9365809214596
1393,val,60000,79875.30561981868,-19875.305619818682
4527,val,22000,19952.312132321622,2047.687867678378
2827,val,18000,25099.83939906523,-7099.839399065229
3623,val,17000,12263.927159398425,4736.072840601575
2374,val,11000,13412.337092296702,-2412.3370922967024
1460,val,17000,17464.11416437881,-464.11416437881053
4612,val,11000,12651.669887963742,-1651.6698879637424
4009,test,38000,31903.031529760054,6096.968470239946
3431,test,18000,15949.181887394161,2050.818112605839
3613,test,100000,181159.55907804915,-81159.55907804915
1455,test,700000,392124.2649025091,307875.7350974909
4349,test,15500,13506.6901328938,1993.3098671061998
1004,test,35000,25275.0510386562,9724.948961343802
3898,test,9000,11718.020748976582,-2718.0207489765817
2060,test,25000,40813.831627434956,-15813.831627434956
3677,test,11000,9574.936277039758,1425.0637229602416
3204,test,23999,18002.46843041036,5996.531569589639
608,test,41000,52335.88013847999,-11335.880138479988
1098,test,53000,72691.07297390461,-19691.072973904607
3165,test,7500,7934.162345654227,-434.16234565422656
3819,test,10000,15099.230626914874,-5099.230626914874
435,test,5500,7381.114708035253,-1881.114708035253
848,test,50000,23865.116146806715,26134.883853193285
531,test,22000,22155.748241903697,-155.7482419036969
3153,test,15000,9190.286964290599,5809.713035709401
4712,test,5500,4739.96839182355,760.0316081764504
4101,test,12000,17197.050475065582,-5197.050475065582
3082,test,15000,22658.602320245776,-7658.602320245776
2896,test,25000,18023.219860397952,6976.780139602048
145,test,7000,11731.068472632323,-4731.068472632323
2025,test,35000,17427.577066897717,17572.422933102283
700,test,120000,103136.69987633268,16863.300123667315
2794,test,8500,9846.610820776623,-1346.6108207766229
2327,test,42000,33583.87549343713,8416.124506562868
632,test,65000,66893.65865973032,-1893.6586597303249
150,test,7000,8294.664016069932,-1294.6640160699317
3152,test,5700,6771.306343281574,-1071.3063432815743
3026,test,8900,6937.580410469986,1962.4195895300136
3805,test,10000,9691.52719647049,308.4728035295102
2441,test,16500,15351.676954783836,1148.3230452161642
694,test,26000,21790.52531038191,4209.474689618091
1814,test,11000,14495.77146635561,-3495.7714663556108
2062,test,11000,12639.32378673325,-1639.32378673325
928,test,110000,77092.1017145829,32907.898285417104
485,test,7000,7886.83508554354,-886.8350855435401
2290,test,5000,6033.566367198732,-1033.5663671987322
1043,test,130000,61686.35069218843,68313.64930781157
2614,test,16000,9105.50457026578,6894.495429734219
3889,test,22000,20079.520369354555,1920.4796306454446
2763,test,35000,41704.08321745619,-6704.083217456187
3555,test,5000,6954.191997314309,-1954.1919973143094
3811,test,32000,31854.5940862413,145.40591375869917
959,test,24000,18170.623594801677,5829.3764051983235
279,test,4500,9238.669279881633,-4738.669279881633
1360,test,32000,31151.614613696944,848.3853863030563
4381,test,10000,13591.737920262118,-3591.7379202621178
676,test,20000,25465.902641542507,-5465.902641542507
735,test,55000,59191.82138848578,-4191.821388485783
2042,test,7000,10124.704032922478,-3124.7040329224783
2550,test,5000,9561.869802178164,-4561.869802178164
4606,test,25000,19086.87174615231,5913.128253847692
2359,test,5000,8483.962880636245,-3483.9628806362452
627,test,40000,42155.23957693063,-2155.2395769306313
3652,test,7000,7668.970937284876,-668.9709372848756
31,test,15000,10991.947068963591,4008.052931036409
4091,test,5300,7572.701554550737,-2272.7015545507365
2321,test,4000,8395.038293243093,-4395.038293243093
3439,test,15000,11628.893445170152,3371.1065548298484
1942,test,12000,10811.471212064083,1188.5287879359166
1575,test,32000,20426.795843043317,11573.204156956683
2890,test,15000,10431.644658362347,4568.355341637653
3134,test,5000,4874.268692881812,125.73130711818794
2219,test,10000,8640.796383397965,1359.2036166020353
887,test,230000,257432.11943310418,-27432.119433104177
672,test,160000,92399.6111447395,67600.3888552605
2272,test,17000,19554.162362500585,-2554.162362500585
422,test,12000,7955.297416830537,4044.7025831694627
1318,test,55000,36094.31122983437,18905.68877016563
1331,test,55000,55865.03019236401,-865.0301923640072
174,test,9000,8629.268799612235,370.73120038776506
182,test,12000,11670.112978546927,329.8870214530725
2940,test,24500,26919.654671638702,-2419.654671638702
2183,test,90000,14555.608670781221,75444.39132921878
502,test,3700,7353.68313331021,-3653.68313331021
2426,test,11500,9858.273222045043,1641.7267779549566
4365,test,57000,45275.55414418835,11724.445855811653
1060,test,35000,38557.357515864496,-3557.3575158644962
184,test,12000,15426.234795616838,-3426.234795616838
3166,test,30000,36937.57864258642,-6937.578642586421
714,test,32000,34425.36619119574,-2425.366191195739
2663,test,37000,36599.87976042136,400.1202395786386
4604,test,15000,13651.452117615076,1348.5478823849244
571,test,57000,59921.02175410352,-2921.0217541035236
587,test,32000,30126.60216415803,1873.39783584197
272,test,6000,5389.007889442624,610.9921105573758
4507,test,16000,12319.42326664875,3680.5767333512504
203,test,5000,6134.536624290008,-1134.5366242900081
2436,test,90000,66553.79851342177,23446.201486578226
3772,test,14000,11168.106212262284,2831.8937877377157
1349,test,78000,69981.8966937933,8018.1033062067
243,test,7000,11867.80058593626,-4867.80058593626
3809,test,18500,18592.39480597512,-92.39480597512011
155,test,10000,8938.552503061104,1061.4474969388957
3164,test,15000,15125.564665960614,-125.56466596061364
590,test,150000,145743.24123480543,4256.758765194565
4657,test,9000,6806.220158745733,2193.779841254267
805,test,42000,23281.974967601294,18718.025032398706
1913,test,6000,6822.610328728112,-822.6103287281121
1627,test,20000,26240.374179252274,-6240.374179252274
4210,test,15000,17487.7225300246,-2487.722530024599
1321,test,90000,79339.15812472835,10660.841875271653
2393,test,20000,8328.199097036166,11671.800902963834
3021,test,14000,13016.82497877614,983.1750212238603
4140,test,17000,14925.207472906048,2074.7925270939522
3355,test,10000,5773.817745457564,4226.182254542436
2438,test,25000,19202.430734171405,5797.569265828595
1044,test,40000,43518.15386981267,-3518.153869812668
2484,test,8500,8003.158237925149,496.84176207485143
1020,test,75000,81346.47689459515,-6346.476894595151
4403,test,8500,10398.852049674555,-1898.852049674555
3382,test,8500,7783.856306322697,716.1436936773034
2186,test,22000,23676.68621355799,-1676.6862135579904
4609,test,7500,7082.550985048239,417.44901495176055
1173,test,60000,43916.70169429001,16083.298305709992
4423,test,10000,8619.130733320255,1380.8692666797451
93,test,6000,5217.026618952033,782.9733810479675
3148,test,18000,18073.67189181199,-73.67189181199137
1352,test,90000,63779.297473924285,26220.702526075715
1011,test,26000,29601.62444227161,-3601.6244422716118
266,test,6000,11344.211493829687,-5344.211493829687
1242,test,35000,34719.412543682396,280.58745631760394
363,test,5000,5485.8484562649655,-485.84845626496553
3597,test,14500,20521.41070721426,-6021.4107072142615
4097,test,22000,19632.4354467889,2367.564553211101
4459,test,10000,10095.567085141894,-95.5670851418945
2356,test,24000,25961.212056588098,-1961.2120565880978
2589,test,100000,65604.52704338005,34395.47295661995
3123,test,90000,100151.88286532657,-10151.882865326566
3600,test,9000,9920.676772309225,-920.6767723092253
2791,test,14000,13470.35829097769,529.6417090223094
579,test,80000,67106.20660819799,12893.793391802014
1138,test,17000,19172.819289013412,-2172.8192890134123
1154,test,95000,101797.7213461878,-6797.721346187798
701,test,400000,226142.9202841213,173857.0797158787
669,test,65000,79897.05887149449,-14897.05887149449
3252,test,13500,18328.631921593485,-4828.6319215934855
1001,test,45000,39129.662033700646,5870.337966299354
1322,test,43000,55704.24385274497,-12704.24385274497
618,test,80000,65764.58673770458,14235.41326229542
1867,test,8500,12265.16236501142,-3765.1623650114198
4027,test,15000,10256.6394560762,4743.3605439238
3615,test,7500,6414.587205632821,1085.4127943671792
3813,test,7000,10675.02121281362,-3675.021212813621
4496,test,10000,9526.71175864214,473.2882413578609
767,test,130000,151324.20775035527,-21324.207750355272
3403,test,10000,11530.049328628356,-1530.0493286283563
4549,test,11000,14297.724892936454,-3297.724892936454
2847,test,17000,16347.173114438436,652.8268855615643
4479,test,15000,13477.624555562896,1522.3754444371043
4209,test,26000,29312.591683009436,-3312.5916830094357
629,test,38000,42019.30610472958,-4019.306104729578
4322,test,7500,12245.219447700954,-4745.219447700954
2391,test,12000,10383.714033725137,1616.2859662748633
304,test,8000,7188.993235589563,811.0067644104374
3260,test,25000,21527.519011415337,3472.4809885846626
4560,test,13000,9890.336003122524,3109.663996877476
2916,test,17500,17572.839516616903,-72.83951661690298
3063,test,11000,10497.500777935575,502.49922206442534
3642,test,13000,11919.313784451526,1080.6862155484741
1140,test,290000,163600.69143402224,126399.30856597776
4204,test,12000,17298.738930890268,-5298.7389308902675
3214,test,25000,8451.648413187635,16548.351586812365
2279,test,11500,6721.193437148942,4778.806562851058
4217,test,8500,7026.071428377294,1473.928571622706
2654,test,16000,13653.622462288347,2346.3775377116526
3240,test,16000,10821.149967020372,5178.850032979628
252,test,10000,14393.085537634177,-4393.085537634177
970,test,51500,80855.04535354221,-29355.045353542213
3743,test,10000,13233.882241740352,-3233.8822417403517
3124,test,14000,10665.035835844963,3334.964164155037
448,test,5200,3441.142393494404,1758.8576065055959
173,test,18000,9461.204551735038,8538.795448264962
3874,test,48000,36842.31980090219,11157.680199097813
132,test,16000,9645.685950211626,6354.314049788374
1369,test,22000,38394.195572654186,-16394.195572654186
707,test,60000,64207.471319467586,-4207.471319467586
3755,test,6500,7065.314045418029,-565.3140454180293
683,test,47000,36624.7752939255,10375.2247060745
986,test,150000,236085.87380178383,-86085.87380178383
3827,test,35000,27104.22979354679,7895.7702064532095
4434,test,6500,6106.8345371072355,393.1654628927645
3107,test,15000,11544.20401191005,3455.7959880899507
729,test,23000,27559.733990253015,-4559.733990253015
4382,test,18000,16974.26133885757,1025.73866114243
691,test,7500,23323.88897212928,-15823.88897212928
899,test,36000,42490.057570654084,-6490.057570654084
1282,test,25000,28822.503803284515,-3822.503803284515
3621,test,15000,13866.897285955733,1133.1027140442675
2963,test,15000,33146.395234289805,-18146.395234289805
773,test,40000,20126.874057632635,19873.125942367365
2318,test,20000,22275.143132203215,-2275.143132203215
2372,test,18000,21369.717594305137,-3369.717594305137
3830,test,35000,45684.598661561366,-10684.598661561366
1901,test,20000,15804.340779599122,4195.6592204008775
3078,test,10000,8569.320663542665,1430.679336457335
4075,test,6500,7084.821858416344,-584.8218584163442
778,test,25000,26957.7327782647,-1957.7327782647008
2001,test,19000,14689.504024041124,4310.495975958876
2653,test,17000,22446.18982693152,-5446.189826931521
103,test,25000,22196.63043661748,2803.369563382519
3105,test,16000,13955.11418988439,2044.8858101156093
1087,test,65000,42689.50038094602,22310.499619053982
1997,test,10000,10713.2151094775,-713.2151094774999
3887,test,10000,10263.54972418021,-263.5497241802095
1706,test,12000,11363.016322055988,636.983677944012
3487,test,17000,17859.066239897613,-859.0662398976128
3707,test,22000,31415.606736126494,-9415.606736126494
17,test,10000,7891.315761500728,2108.6842384992724
564,test,43000,78983.30394139698,-35983.30394139698
2838,test,75000,141458.08184083298,-66458.08184083298
763,test,80000,88664.8224879946,-8664.822487994606
2088,test,16000,12852.659327939953,3147.340672060047
3640,test,16000,13987.747977169198,2012.2520228308022
3695,test,7000,7862.4936809868905,-862.4936809868905
1585,test,48000,72501.83003621428,-24501.830036214276
3644,test,15000,16924.87902929561,-1924.879029295611
1034,test,75000,73552.7075403442,1447.2924596558005
4603,test,17000,16381.666040614278,618.3339593857218
4037,test,18000,16647.168775615846,1352.8312243841538
3753,test,37500,46676.524143064744,-9176.524143064744
851,test,8000,37852.573375713655,-29852.573375713655
366,test,8000,10654.806181453594,-2654.806181453594
239,test,5000,5875.076101995834,-875.0761019958336
412,test,36125,24262.60777192071,11862.39222807929
56,test,6000,8084.001944057387,-2084.001944057387
607,test,20000,63295.2798130922,-43295.2798130922
3726,test,9500,12116.689825795245,-2616.6898257952453
4593,test,8000,11999.56063409472,-3999.5606340947197
1493,test,10500,13528.059403327568,-3028.0594033275684
2659,test,29000,41008.92317668445,-12008.923176684453
1474,test,38000,45700.81563434559,-7700.815634345592
176,test,7500,8268.367823864246,-768.367823864246
3018,test,18000,16470.25890267356,1529.7410973264414
2452,test,12000,8473.830760499031,3526.1692395009686
3538,test,15000,12571.577231777925,2428.4227682220753
2414,test,9000,14479.719750569124,-5479.719750569124
932,test,70000,49316.2302835299,20683.769716470102
1694,test,17000,14455.790145088911,2544.2098549110888
1663,test,18000,12540.951913991063,5459.048086008937
526,test,75000,62087.65479163023,12912.34520836977
4197,test,12000,12052.292658266188,-52.29265826618757
2701,test,22000,23176.160628045694,-1176.1606280456945
2345,test,18000,15669.000244592902,2330.999755407098
2471,test,28000,18085.145395523992,9914.854604476008
1253,test,63000,78244.90928594055,-15244.90928594055
4095,test,20000,23588.216026742095,-3588.216026742095
65,test,8000,11680.337119859732,-3680.3371198597324
2865,test,32000,30171.32376978285,1828.6762302171483
2149,test,15000,7240.081092703292,7759.918907296708
1765,test,10000,11302.874588317365,-1302.8745883173651
3939,test,9000,12831.831410852865,-3831.831410852865
4200,test,32000,32951.48774933806,-951.4877493380627
4629,test,8000,8042.734335218045,-42.73433521804509
4031,test,8500,11240.301414654483,-2740.301414654483
186,test,18000,9211.07905393995,8788.92094606005
1568,test,4000,6472.917620069781,-2472.917620069781
4010,test,20000,21437.59842927883,-1437.5984292788307
1064,test,28000,37127.120854254834,-9127.120854254834
990,test,150000,152705.28010104477,-2705.280101044773
573,test,57000,42673.88258126477,14326.11741873523
2876,test,10000,5905.582111886104,4094.417888113896
2706,test,18000,16272.722279912643,1727.277720087357
3418,test,45000,72715.53097970526,-27715.53097970526
2946,test,5000,9544.190296630502,-4544.190296630502
1763,test,11000,7186.32882406641,3813.6711759335903
106,test,14000,8852.996591800596,5147.003408199404
3859,test,75000,34756.77757490067,40243.22242509933
248,test,3200,15800.378711080522,-12600.378711080522
796,test,35000,33679.94226016134,1320.0577398386595
4655,test,13000,15020.772551505363,-2020.7725515053626
3103,test,50000,54432.51840394158,-4432.5184039415835
4261,test,6500,9158.027663124567,-2658.027663124567
4252,test,20000,15544.07410979096,4455.9258902090405
3070,test,15000,16408.26585469413,-1408.2658546941311
3971,test,20000,13389.450850157487,6610.549149842513
356,test,13000,14343.58765227471,-1343.5876522747094
4402,test,22000,21867.39813111596,132.60186888404132
3909,test,8000,11491.845598402217,-3491.8455984022166
4451,test,6500,7114.044727429714,-614.0447274297139
517,test,45000,17604.905407149916,27395.094592850084
2080,test,24000,20087.79070232185,3912.2092976781496
1274,test,85000,63779.515109791384,21220.484890208616
3626,test,10500,10284.399967387053,215.60003261294696
1006,test,15000,16533.147895809834,-1533.1478958098342
4223,test,55000,45066.59429005329,9933.40570994671
609,test,65000,56997.216529406614,8002.783470593386
1780,test,30000,24447.933802930238,5552.066197069762
3159,test,8000,13001.239334049444,-5001.239334049444
2834,test,68000,36552.2491248727,31447.750875127298
1756,test,14000,21369.453932672226,-7369.453932672226
2102,test,15000,12157.984639977918,2842.015360022082
2839,test,110000,175798.08333571383,-65798.08333571383
2014,test,6000,5803.278100715395,196.72189928460466
1022,test,140000,66180.47215780077,73819.52784219923
269,test,8000,11007.190677850362,-3007.1906778503617
1254,test,7500,17400.308348242346,-9900.308348242346
2179,test,13500,16889.18648321197,-3389.186483211972
2570,test,12000,14139.745789934783,-2139.745789934783
148,test,5500,7498.526640590651,-1998.5266405906514
696,test,40000,46935.0436263206,-6935.043626320599
4119,test,9000,10706.975731313594,-1706.9757313135942
4286,test,10000,10365.895009567683,-365.8950095676828
4267,test,20000,15859.184321618706,4140.815678381294
2514,test,7000,8380.4837784414,-1380.4837784413994
1119,test,300000,317599.37264006125,-17599.37264006125
41,test,12000,21094.841665778305,-9094.841665778305
3104,test,8000,6926.329712949952,1073.6702870500476
3590,test,22000,13508.607773893355,8491.392226106645
316,test,8000,6670.149394086589,1329.8506059134106
1053,test,14000,24199.56037703058,-10199.560377030579
886,test,17000,33065.050521498015,-16065.050521498015
2334,test,54000,67471.42421300177,-13471.424213001766
4343,test,8500,15419.751473560942,-6919.751473560942
4465,test,45000,49705.01144039129,-4705.0114403912885
1702,test,16000,13051.564529824887,2948.4354701751126
3990,test,14000,14890.414886337834,-890.4148863378341
539,test,85000,67728.06165299292,17271.938347007075
340,test,8500,10711.749644004589,-2211.749644004589
477,test,22000,13077.635831961401,8922.364168038599
3099,test,6800,7428.900959270059,-628.9009592700586
3185,test,12000,7747.273610740284,4252.726389259716
1875,test,7000,6522.679401106639,477.3205988933614
2204,test,8000,10746.939077990202,-2746.9390779902023
1327,test,34999,34207.614701089464,791.3852989105362
1550,test,30000,17783.709167994497,12216.290832005503
946,test,11000,17859.93506807824,-6859.935068078241
3881,test,7500,9653.384360603864,-2153.3843606038645
1714,test,380000,162924.2111423481,217075.7888576519
1359,test,22000,22999.35547308934,-999.3554730893411
267,test,15000,7859.021308478292,7140.978691521708
4046,test,22000,23947.659348658573,-1947.6593486585734
2495,test,7500,7993.149888731449,-493.1498887314492
3587,test,7000,11840.40173296268,-4840.40173296268
1264,test,53000,24813.817619640657,28186.182380359343
0,test,10000,10625.191592340932,-625.1915923409324
1885,test,17000,15178.03492401835,1821.9650759816504
2365,test,10000,13771.961560261332,-3771.961560261332
3407,test,14000,16133.449512969224,-2133.449512969224
4011,test,15000,21134.18321076108,-6134.183210761079
2527,test,12000,14541.531702646513,-2541.5317026465127
1071,test,24000,25428.91692378425,-1428.9169237842507
4236,test,13000,12182.305217119983,817.6947828800166
2995,test,40000,21220.530799945394,18779.469200054606
57,test,6000,10519.72343342263,-4519.7234334226305
1524,test,16000,11105.3045019748,4894.695498025199
4332,test,21000,20438.33572282439,561.6642771756087
1434,test,250000,204965.29679137628,45034.703208623716
2686,test,33000,20732.315809792086,12267.684190207914
1675,test,25000,17092.99037966516,7907.00962033484
3550,test,10000,13629.915465507882,-3629.915465507882
3899,test,35000,24161.681261384412,10838.318738615588
225,test,3500,6771.226203254593,-3271.226203254593
3736,test,10000,24986.36246003636,-14986.362460036358
2258,test,15000,9476.415112561683,5523.584887438317
4222,test,10000,10865.55453964483,-865.5545396448306
2083,test,62000,32780.53296015951,29219.467039840492
3628,test,10000,14724.957055736448,-4724.957055736448
3465,test,12000,11497.884048379428,502.11595162057165
3424,test,7000,8363.44031934844,-1363.4403193484395
1479,test,50000,24227.643276157218,25772.356723842782
3703,test,12500,12540.365803758814,-40.365803758813854
2482,test,36000,28925.655336881206,7074.344663118794
2440,test,12000,12763.685859061068,-763.6858590610682
2673,test,5000,7539.458531121926,-2539.458531121926
1005,test,60000,37559.508800494026,22440.491199505974
699,test,140000,62880.04163850532,77119.95836149468
3650,test,30000,37048.28011749791,-7048.28011749791
3290,test,13000,9974.782436118065,3025.2175638819353
1073,test,70000,74933.11104517116,-4933.1110451711575
2640,test,13000,19264.060308993692,-6264.060308993692
3001,test,20000,11618.5851477723,8381.4148522277
4498,test,15000,12055.22600190076,2944.773998099239
3000,test,11000,8675.8099303479,2324.1900696521006
1535,test,10000,10827.649401819866,-827.6494018198664
424,test,9000,14885.833697378277,-5885.833697378277
3693,test,100000,98015.89898367324,1984.1010163267638
1255,test,30000,21201.745761526592,8798.254238473408
2774,test,21000,18462.86561511386,2537.1343848861397
4532,test,19000,20959.82234313404,-1959.8223431340411
3319,test,14000,11175.859915994275,2824.140084005725
1358,test,45000,36153.41728002682,8846.58271997318
1058,test,11000,30490.960070659396,-19490.960070659396
3985,test,10000,6997.6885847060585,3002.3114152939415
2434,test,50000,33284.35716257676,16715.642837423242
588,test,350000,443102.17891099415,-93102.17891099415
3071,test,21000,21410.910393246657,-410.9103932466569
1977,test,5000,8068.08634419832,-3068.08634419832
1665,test,14000,10559.941264888354,3440.0587351116465
4696,test,6000,8792.8043795308,-2792.8043795308004
3614,test,14000,12070.858310608148,1929.1416893918522
35,test,15000,9360.031018138308,5639.968981861692
3843,test,12000,9303.223192319154,2696.776807680846
2421,test,29000,14880.753587610605,14119.246412389395
2233,test,9000,6654.317241549015,2345.6827584509847
4624,test,6000,7420.871813057139,-1420.8718130571388
112,test,20000,6556.683930232084,13443.316069767916
3937,test,5000,5569.631201094758,-569.6312010947577
2526,test,11000,9220.594321412016,1779.4056785879839
594,test,210000,113723.24422647327,96276.75577352673
877,test,48000,24807.15358293273,23192.84641706727
2904,test,3500,6206.759857277617,-2706.759857277617
1611,test,9500,11187.587616093742,-1687.5876160937423
2569,test,70000,37066.007992315725,32933.992007684275
3470,test,12000,14824.13183002448,-2824.13183002448
2917,test,14500,31071.76489977329,-16571.76489977329
4082,test,8500,8291.565986542904,208.43401345709572
3045,test,33000,18477.355716883,14522.644283116999
3766,test,11500,10357.311867548817,1142.6881324511833
4107,test,15000,9787.523107437852,5212.476892562148
1911,test,21500,22236.182360777944,-736.1823607779443
4355,test,20000,17570.335327005643,2429.664672994357
979,test,45000,74986.30940602472,-29986.309406024724
1513,test,25000,17496.75324593961,7503.24675406039
2109,test,10000,6796.406093961415,3203.5939060385854
4436,test,12000,11626.619050951247,373.3809490487529
1820,test,55000,69392.5364179275,-14392.536417927506
126,test,8000,6659.783607782741,1340.2163922172595
4544,test,17000,22345.597633393052,-5345.597633393052
807,test,90000,152215.3053860395,-62215.30538603949
2325,test,8500,8993.21698361171,-493.21698361171
3206,test,16000,13787.558078029157,2212.4419219708434
2349,test,4500,7223.88491192325,-2723.88491192325
491,test,13000,12102.497813803693,897.5021861963069
3618,test,16500,11100.908536278317,5399.091463721683
1445,test,230000,236988.7137782075,-6988.713778207486
2587,test,32000,30059.997363932136,1940.002636067864
1109,test,250000,221988.87152349207,28011.128476507933
1778,test,6000,6946.732824235845,-946.7328242358453
2403,test,14000,25901.73240642877,-11901.732406428771
1017,test,250000,209450.4795427653,40549.5204572347
2957,test,12500,12740.110647237554,-240.11064723755408
2988,test,10500,12733.465926672492,-2233.465926672492
4062,test,22000,42994.191115877315,-20994.191115877315
3272,test,35000,30861.785113949154,4138.214886050846
3335,test,22000,20557.05875819719,1442.9412418028114
2486,test,7500,7234.716674676681,265.28332532331933
3003,test,22000,46218.25950274355,-24218.259502743553
7,test,5000,5012.820743792232,-12.820743792231951
4508,test,7500,10093.66939675321,-2593.66939675321
4630,test,15000,9209.926415776281,5790.073584223719
3417,test,12000,11541.19836959059,458.8016304094108
3979,test,40000,25387.432595056103,14612.567404943897
4196,test,9500,9106.466866619918,393.5331333800823
3546,test,10500,11242.447339234348,-742.447339234348
3215,test,12000,11900.52729311993,99.47270688006938
4117,test,50000,44995.86571937963,5004.134280620368
3861,test,10000,19457.79955115142,-9457.79955115142
1581,test,11400,16150.282073119519,-4750.282073119519
3351,test,16000,18581.42298352317,-2581.422983523171
4002,test,35000,35711.777221873184,-711.7772218731843
1229,test,62000,33070.921749583875,28929.078250416125
4178,test,9500,12316.832928338925,-2816.832928338925
4158,test,22000,13392.53697061219,8607.46302938781
771,test,60000,44384.20289373235,15615.797106267652
945,test,28000,21548.431696812306,6451.568303187694
4570,test,13000,8678.40022663172,4321.59977336828
655,test,75000,70144.62331354155,4855.376686458447
3094,test,12000,12082.932543284775,-82.93254328477451
89,test,8500,10910.897206745061,-2410.8972067450613
2680,test,30000,25771.272381548944,4228.727618451056
1595,test,16000,8671.728792907832,7328.271207092168
3732,test,10000,15489.807120883905,-5489.807120883905
4323,test,13000,12911.480634789208,88.51936521079188
4173,test,20000,16978.943443960416,3021.0565560395844
941,test,22000,17159.819815431445,4840.180184568555
3829,test,32000,22582.07853170836,9417.921468291639
889,test,8500,22994.458603515246,-14494.458603515246
2730,test,14000,9934.946134170521,4065.053865829479
1413,test,85000,133871.50492548215,-48871.50492548215
4553,test,6500,7458.806976514334,-958.8069765143337
2544,test,40000,48026.39755211046,-8026.3975521104585
1556,test,16000,15042.457682119992,957.5423178800083
1495,test,17000,18254.809707739634,-1254.8097077396342
164,test,40000,20352.466677257064,19647.533322742936
1829,test,18000,9633.812632641935,8366.187367358065
1159,test,40000,35627.44593729596,4372.554062704039
2215,test,48000,38809.151101990225,9190.848898009775
3334,test,9500,13640.62001282118,-4140.62001282118
3062,test,12500,8242.538051841477,4257.461948158523
190,test,13000,13162.882022309122,-162.88202230912248
4297,test,8000,6203.524142891537,1796.475857108463
4220,test,14000,11526.813302977733,2473.1866970222673
4491,test,10500,11519.359610475229,-1019.3596104752287
3957,test,6000,8144.70261457316,-2144.7026145731597
4146,test,9000,9575.471862904811,-575.4718629048111
33,test,5000,8025.77282569469,-3025.7728256946903
3270,test,16000,13585.048702960707,2414.9512970392934
1972,test,15000,11730.460568700022,3269.539431299978
3738,test,8000,9742.153230201615,-1742.1532302016149
2442,test,4500,6711.309937475209,-2211.309937475209
1175,test,35000,28958.346181148223,6041.653818851777
914,test,27000,22939.40333864861,4060.5966613513883
2192,test,7500,8432.936121917945,-932.9361219179445
1220,test,46000,45190.07370288186,809.9262971181379
4341,test,60000,45960.1929168765,14039.807083123502
4356,test,12500,11386.75923986144,1113.2407601385603
2682,test,13000,21826.96354511939,-8826.96354511939
1724,test,10500,9753.330568364307,746.6694316356934
2650,test,190000,102639.36464182638,87360.63535817362
151,test,3500,5729.744247640013,-2229.744247640013
420,test,10000,5604.143975475013,4395.856024524987
4518,test,9000,9296.174772935867,-296.1747729358667
1874,test,15000,10935.48655347879,4064.5134465212104
136,test,5000,7249.140182303716,-2249.140182303716
3853,test,5000,6160.704795443258,-1160.7047954432583
3435,test,90000,60145.20463283928,29854.795367160717
3357,test,15000,10603.109427752985,4396.890572247015
3038,test,35000,28316.376028333536,6683.623971666464
4008,test,15000,15479.994793698392,-479.99479369839173
4710,test,25000,18855.636247458566,6144.363752541434
2580,test,27000,13266.07783256472,13733.92216743528
3757,test,34000,34563.64793173229,-563.6479317322883
4574,test,13000,12651.16825806001,348.83174193999
2524,test,12000,21613.53260220805,-9613.532602208052
1774,test,17000,19927.012710894604,-2927.0127108946035
389,test,10000,10503.005763495556,-503.0057634955556
716,test,33000,29032.070620914656,3967.9293790853444
2954,test,16500,14566.359614888413,1933.6403851115865
3885,test,8200,7087.589838830198,1112.4101611698024
721,test,100000,45342.38098297506,54657.61901702494
1194,test,25000,46951.363884648286,-21951.363884648286
1852,test,24000,27668.859674382427,-3668.8596743824273
3869,test,75000,151090.1756672715,-76090.17566727151
3084,test,24000,16595.185645034177,7404.814354965823
1534,test,30000,10820.755867402058,19179.24413259794
1999,test,24000,23250.38975977559,749.6102402244105
3965,test,10500,9641.11858255732,858.8814174426807
1819,test,7500,7847.729407582878,-347.7294075828777
1084,test,160000,98895.75400586509,61104.24599413491
1771,test,15000,12418.142166520794,2581.8578334792055
3060,test,27000,27019.671089984044,-19.671089984043647
4526,test,12500,12148.104249536642,351.8957504633581
3375,test,7000,12013.86623528216,-5013.866235282159
1231,test,80000,65463.22936334583,14536.770636654168
2586,test,14000,13804.839646131139,195.16035386886142
1768,test,16000,15297.059889278033,702.9401107219674
202,test,15000,10061.244638017915,4938.755361982085
2862,test,14000,16643.57932539782,-2643.579325397819
47,test,12000,6623.395303511481,5376.604696488519
1365,test,350000,298867.5544263178,51132.4455736822
4226,test,27000,18249.011383223333,8750.988616776667
4072,test,25000,17516.096806903108,7483.903193096892
2958,test,14000,11815.572729606567,2184.427270393433
2688,test,70000,34830.661899638806,35169.338100361194
1279,test,52000,28230.265962473408,23769.734037526592
4509,test,35000,42526.65220757108,-7526.652207571082
1204,test,25000,16950.3475097259,8049.6524902741
3655,test,10500,13343.151031513145,-2843.1510315131454
2167,test,18000,14944.710003674772,3055.2899963252275
2931,test,7000,11298.208799356315,-4298.208799356315
3091,test,9000,9088.236292301612,-88.23629230161168
1900,test,25000,13675.777292546089,11324.222707453911
2146,test,17000,16376.429725095566,623.570274904434
4590,test,15000,12116.997916082177,2883.0020839178233
2982,test,15000,8046.180604174883,6953.819395825117
2602,test,29000,45579.40676739573,-16579.406767395732
528,test,60000,27404.700320687396,32595.299679312604
3136,test,15000,19356.729474489777,-4356.729474489777
1143,test,250000,418384.01252916374,-168384.01252916374
3199,test,70000,38909.457366436014,31090.542633563986
493,test,6000,5975.673804368919,24.326195631080736
2176,test,16000,15207.544843860209,792.4551561397911
4699,test,13000,12506.774767668188,493.22523233181164
1471,test,54500,52909.51741549193,1590.4825845080704
2636,test,130000,193466.21011692044,-63466.21011692044
4183,test,12333,10525.228588855773,1807.7714111442274
2411,test,95000,99641.63171138488,-4641.631711384878
1038,test,70000,74009.33983315431,-4009.339833154314
4164,test,15000,20927.832527982795,-5927.832527982795
4374,test,18000,11224.964853089232,6775.035146910768
2160,test,10000,8423.394414031018,1576.6055859689823
4682,test,20000,17873.133547882295,2126.866452117705
2174,test,10000,14334.463437299464,-4334.463437299464
2312,test,85000,86148.40022272273,-1148.400222722732
3903,test,60000,34908.40607570846,25091.59392429154
2085,test,18000,15293.798272025213,2706.201727974787
4535,test,18500,15186.641518407512,3313.358481592488
1099,test,85000,68228.34441120001,16771.655588799986
1407,test,6500,23095.822423247624,-16595.822423247624
1179,test,130000,106089.89387030443,23910.106129695574
353,test,6500,5019.58213117937,1480.4178688206302
741,test,320000,472736.53795991995,-152736.53795991995
4245,test,30000,26233.861210874107,3766.138789125893
1490,test,90000,94639.79787343144,-4639.797873431438
264,test,8000,9479.652225908498,-1479.6522259084977
2520,test,35000,10335.218192463019,24664.78180753698
4719,test,30000,35370.359539432044,-5370.359539432044
1846,test,12000,18259.501092437047,-6259.501092437047
611,test,85000,67807.54931545992,17192.450684540076
4620,test,20000,12501.705458793213,7498.2945412067875
3245,test,20000,13744.832631233161,6255.167368766839
4523,test,35000,24112.69812508243,10887.301874917572
4006,test,12500,14145.061431278322,-1645.0614312783218
3004,test,6000,11607.517723630832,-5607.517723630832
2029,test,8000,9118.51261497803,-1118.51261497803
2262,test,8000,8526.66322018291,-526.6632201829107
572,test,27000,26210.67911532737,789.3208846726302
1787,test,16500,16271.3803462621,228.61965373790008
1547,test,7500,8887.059696690732,-1387.0596966907324
871,test,85000,76716.09455090067,8283.90544909933
1928,test,35000,19278.95194113239,15721.048058867611
4432,test,10000,16685.137735914064,-6685.137735914064
1924,test,6000,7553.27635968972,-1553.2763596897203
456,test,9500,6962.504349339517,2537.495650660483
3870,test,250000,201663.3400069027,48336.6599930973
4264,test,14000,13613.005617758155,386.9943822418445
329,test,3000,5224.824591953962,-2224.824591953962
1786,test,17000,11587.451359108063,5412.548640891937
280,test,7000,7013.729115044865,-13.729115044864557
2095,test,26000,32655.281108849005,-6655.281108849005
2773,test,19500,16999.8128106275,2500.1871893725
2857,test,22999,23769.14605884741,-770.146058847411
3801,test,9000,7589.790553609727,1410.2094463902731
635,test,32000,21196.975892073908,10803.024107926092
1152,test,26500,28334.14273532971,-1834.1427353297113
1985,test,13500,7693.8039470539425,5806.1960529460575
3390,test,13000,20801.637321957118,-7801.637321957118
3747,test,8000,6537.136407061613,1462.8635929383872
1177,test,20000,18413.522158225744,1586.4778417742564
2144,test,7700,8087.192280161826,-387.1922801618257
4733,test,29000,22446.5561148473,6553.443885152701
832,test,55000,70709.38120119576,-15709.381201195763
425,test,5000,6003.802284563775,-1003.8022845637752
1821,test,11000,14243.320080269323,-3243.3200802693227
3426,test,10000,9846.301203311245,153.69879668875546
1212,test,20000,22271.991622475456,-2271.991622475456
3473,test,12000,14374.566333414365,-2374.5663334143646
1898,test,12000,14459.72996670852,-2459.729966708521
4552,test,7500,7720.324390140493,-220.32439014049305
1872,test,9000,12516.559809967337,-3516.559809967337
1754,test,14500,18993.74346279444,-4493.7434627944385
1320,test,45000,58714.87029927281,-13714.870299272807
1012,test,42000,35327.191323945786,6672.808676054214
3067,test,34000,33999.48332911103,0.5166708889664733
1435,test,150000,73274.01902598595,76725.98097401405
903,test,50000,33906.11812320934,16093.881876790663
2775,test,20000,18120.89229202248,1879.1077079775205
1275,test,40000,33340.10544526994,6659.894554730061
2874,test,18000,11836.389257143876,6163.6107428561245
1565,test,20000,16324.789097751232,3675.2109022487675
963,test,52000,57638.794701972896,-5638.794701972896
2984,test,7600,10597.86277915646,-2997.8627791564595
2922,test,90000,54305.93759154266,35694.06240845734
1501,test,17000,15764.28929743692,1235.7107025630794
3178,test,12000,10319.687377762777,1680.312622237223
159,test,6000,6031.083957293343,-31.08395729334279
2579,test,24000,22841.129273048253,1158.8707269517472
3967,test,9000,10175.658792071941,-1175.6587920719412
1151,test,75000,64780.80444242999,10219.195557570012
3855,test,14000,13483.00943855248,516.9905614475192
3947,test,13000,12936.895458277142,63.1045417228579
2462,test,40000,27553.62678823069,12446.37321176931
4248,test,7500,9039.03961976694,-1539.0396197669397
4168,test,5500,6645.999998969672,-1145.9999989696717
1860,test,14000,13260.344236139104,739.6557638608956
666,test,55000,132977.3945784444,-77977.3945784444
770,test,120000,106372.23331754726,13627.76668245274
4076,test,11000,12458.987150580831,-1458.9871505808314
1938,test,7000,9007.459212545466,-2007.4592125454656
3514,test,34000,21714.753738661806,12285.246261338194
4175,test,7500,7405.799962730785,94.20003726921459
2713,test,6000,9500.016804167386,-3500.016804167386
1363,test,23000,25654.621968630607,-2654.6219686306067
3475,test,26000,13613.641136146254,12386.358863853746
2714,test,18000,13064.581121333345,4935.418878666655
4334,test,12000,11603.236250721027,396.7637492789727
2696,test,13500,10105.771743893069,3394.2282561069314
1297,test,55000,54218.023940358085,781.9760596419146
2316,test,16000,18391.820466059828,-2391.8204660598276
537,test,28000,25910.744505570838,2089.2554944291624
1409,test,69999,82633.61337494703,-12634.613374947032
3574,test,9500,11542.588171687376,-2042.5881716873755
1651,test,32900,20257.9478860966,12642.052113903399
3117,test,8000,5422.386755452071,2577.613244547929
1769,test,5000,6782.371229695025,-1782.3712296950252
3820,test,13500,12929.060711704413,570.9392882955872
1333,test,25000,24367.643067968216,632.3569320317838
4275,test,12000,12477.656991132639,-477.6569911326387
1596,test,10000,10528.048307879379,-528.0483078793786
369,test,9000,6771.039497226459,2228.9605027735406
4368,test,32000,16596.694790006943,15403.305209993057
2606,test,8000,10406.47843238618,-2406.4784323861804
4385,test,13000,7846.137541017551,5153.862458982449
3352,test,26000,29621.81484702162,-3621.8148470216183
1298,test,66000,47042.17800096746,18957.821999032538
748,test,130000,78126.67147332754,51873.328526672456
2320,test,5000,12540.063017858352,-7540.063017858352
4534,test,200000,140431.56025935724,59568.43974064276
2767,test,18000,11568.126752950891,6431.873247049109
4155,test,12500,13507.321619380251,-1007.3216193802509
2113,test,7500,8241.226954737085,-741.2269547370852
2114,test,16000,15286.078083901053,713.9219160989469
4073,test,13000,7926.856907766713,5073.143092233287
576,test,95000,74858.28590607455,20141.714093925446
2645,test,7000,12908.908708717832,-5908.908708717832
907,test,34000,28710.37917753043,5289.620822469569
1689,test,18000,14497.61817046889,3502.3818295311103
3501,test,7000,6101.990136326054,898.0098636739458
3699,test,13000,7588.644428291363,5411.355571708637
4577,test,4000,7119.803796596468,-3119.8037965964677
612,test,50000,41067.923932328835,8932.076067671165
2340,test,19000,17708.669381089305,1291.3306189106952
2292,test,12000,9616.42936402407,2383.5706359759297
1313,test,23000,22684.477462160456,315.5225378395444
3744,test,10000,11613.691030809858,-1613.6910308098577
4081,test,20000,25271.973876974327,-5271.973876974327
3340,test,33000,48115.84289182683,-15115.842891826833
4493,test,16000,12808.937667959619,3191.062332040381
