row_id,split,actual_rent,predicted_rent,residual
1124,train,95000,73071.9111886189,21928.088811381094
3886,train,12000,16348.161292027982,-4348.161292027982
4122,train,14000,13554.377343270502,445.622656729498
2762,train,6500,8165.099526420473,-1665.099526420473
1963,train,30000,22060.79804704867,7939.201952951331
345,train,12000,8397.77192530039,3602.2280746996094
3892,train,20000,17059.420713780542,2940.5792862194576
3420,train,6250,9264.198642391502,-3014.1986423915023
2348,train,6000,6736.266307055035,-736.2663070550352
4572,train,37000,33391.50330042408,3608.496699575917
288,train,7000,7174.443250923015,-174.4432509230146
3875,train,58000,54441.09467910588,3558.9053208941186
4652,train,9000,11403.344358979924,-2403.3443589799244
2920,train,10000,11343.45262958879,-1343.45262958879
641,train,68000,60713.82635378759,7286.17364621241
3749,train,5000,5531.650939834837,-531.6509398348371
3972,train,24000,13953.9073928301,10046.0926071699
1625,train,22000,21030.95801871032,969.0419812896798
1703,train,20000,14952.45274582666,5047.54725417334
3288,train,35000,18782.61433287568,16217.38566712432
3553,train,13000,15339.961160318962,-2339.9611603189624
1465,train,70000,64492.87800929146,5507.12199070854
3938,train,13000,12958.38603452514,41.61396547486038
885,train,32000,31638.90716232991,361.0928376700904
3121,train,11000,10671.158236729418,328.8417632705823
2055,train,18000,15002.979233927552,2997.020766072448
381,train,12000,16044.801132372206,-4044.8011323722058
2810,train,9500,11291.891634336469,-1791.891634336469
2885,train,33500,27502.374699679378,5997.625300320622
3883,train,16000,15773.99260289372,226.0073971062793
2801,train,13000,13778.106728820047,-778.1067288200466
2695,train,7500,9980.351705689422,-2480.3517056894216
1899,train,75000,61044.89705165876,13955.102948341242
4455,train,16000,14814.957220118253,1185.0427798817473
3793,train,10000,10807.694415932901,-807.6944159329014
3668,train,9000,12110.135586789858,-3110.1355867898583
1839,train,16500,18938.557280528818,-2438.5572805288175
3894,train,12500,13539.30015897954,-1039.3001589795404
1355,train,52000,46912.247002969794,5087.752997030206
2697,train,14000,15666.970350916585,-1666.9703509165847
514,train,22000,25148.885823943572,-3148.885823943572
927,train,30000,26277.76638436514,3722.233615634861
1104,train,17000,18850.859575620183,-1850.859575620183
3360,train,8000,8791.832480838491,-791.8324808384914
2768,train,30000,35853.10908642684,-5853.109086426841
1165,train,52000,51881.53848624482,118.46151375518093
2715,train,18000,18670.536174710363,-670.5361747103634
4305,train,6000,9375.693291477828,-3375.693291477828
1257,train,100000,180578.07895333308,-80578.07895333308
2594,train,18000,20000.30810802931,-2000.3081080293086
3217,train,20000,21424.953718304572,-1424.9537183045722
3163,train,10000,13855.144363168907,-3855.144363168907
1554,train,15000,13479.01491170441,1520.9850882955907
3088,train,26000,25547.70092672514,452.29907327485853
998,train,70000,74101.8482336826,-4101.848233682598
417,train,6500,7144.267901100979,-644.2679011009786
427,train,5500,5605.6878662475,-105.6878662475001
2632,train,40000,29496.706844401688,10503.293155598312
4519,train,18000,19770.659830587912,-1770.6598305879124
850,train,190000,248678.43669319642,-58678.43669319642
3968,train,11000,10036.571720011547,963.4282799884531
4003,train,6000,7004.805385034163,-1004.805385034163
3265,train,24000,26746.58441379877,-2746.5844137987697
108,train,8000,9266.988819595648,-1266.9888195956482
3309,train,7500,7576.885880955917,-76.88588095591695
3872,train,60000,73716.10973620675,-13716.109736206752
2286,train,15000,12990.068667833235,2009.931332166765
1950,train,40000,38245.41591019548,1754.5840898045208
3657,train,20000,21744.399976626755,-1744.3999766267552
4546,train,10000,10358.762925071756,-358.7629250717564
4600,train,20000,13141.518359577973,6858.481640422027
2379,train,80000,57594.64831169929,22405.35168830071
4379,train,12500,11515.88455388923,984.1154461107708
3836,train,20000,17452.319654604238,2547.680345395762
2806,train,14000,10450.648691698863,3549.3513083011367
376,train,7000,7055.41788798489,-55.4178879848896
2051,train,7000,7297.287981195931,-297.287981195931
1805,train,15000,10925.364792878825,4074.635207121175
2744,train,12000,13841.963293767587,-1841.963293767587
549,train,20000,17470.139643483402,2529.8603565165977
1378,train,24000,28965.5782580203,-4965.578258020301
2728,train,13500,17993.286271761826,-4493.286271761826
3220,train,11000,10167.088566978598,832.9114330214015
575,train,40000,42264.60716991705,-2264.6071699170498
468,train,6500,7811.165053501676,-1311.165053501676
213,train,11000,9058.62948223797,1941.3705177620304
3526,train,15000,18218.642884073513,-3218.6428840735134
4278,train,15000,13935.36470374412,1064.6352962558794
677,train,55000,67127.11422308019,-12127.114223080192
3410,train,15000,18565.21324321579,-3565.2132432157887
3041,train,12000,16315.896063307282,-4315.896063307282
1994,train,22000,21139.24527299699,860.7547270030118
1222,train,21000,22571.93803867365,-1571.9380386736484
1570,train,8500,10164.860408956252,-1664.8604089562523
4271,train,13000,13952.118920915364,-952.1189209153636
438,train,5000,5134.443080417395,-134.44308041739532
821,train,34000,32974.26950060504,1025.7304993949583
4449,train,9000,9465.07831918616,-465.0783191861592
3025,train,11200,11047.330183436114,152.66981656388634
530,train,300000,267827.03114332387,32172.968856676132
2702,train,4000,5040.837621280937,-1040.8376212809371
3884,train,18000,24487.606640092923,-6487.606640092923
2745,train,13500,11174.287239451463,2325.7127605485366
1722,train,19000,18799.03374736719,200.9662526328102
1704,train,28000,21862.60773119116,6137.392268808839
661,train,35000,43533.42904477388,-8533.429044773882
1243,train,72000,46215.95773012955,25784.04226987045
1027,train,230000,158998.64174373038,71001.35825626962
4463,train,20000,20510.864108239104,-510.8641082391041
2210,train,10000,11422.356997079121,-1422.3569970791214
1607,train,6000,9206.035663399158,-3206.035663399158
163,train,9000,8951.130745053315,48.86925494668503
3591,train,7000,6456.145508899635,543.8544911003646
4262,train,10000,7501.0361094215905,2498.9638905784095
2722,train,20000,20871.0834615698,-871.0834615698004
4058,train,30000,31989.078097244066,-1989.0780972440662
3627,train,15000,14096.361500025001,903.6384999749989
3187,train,13000,17855.275752822916,-4855.275752822916
812,train,36000,42973.23285468559,-6973.232854685593
1508,train,13500,8626.55071539206,4873.449284607939
2811,train,15000,17519.4286842677,-2519.4286842676993
3362,train,12000,12565.832076526647,-565.8320765266471
4457,train,12000,13937.272479198824,-1937.272479198824
421,train,12000,10465.154023273795,1534.8459767262048
1477,train,70000,52557.84883113551,17442.15116886449
1588,train,10000,10856.53179607153,-856.5317960715292
313,train,15000,14370.632594756325,629.3674052436745
3945,train,12000,14588.785865353673,-2588.785865353673
2161,train,24000,21582.700281564772,2417.299718435228
277,train,15000,9192.341563602802,5807.658436397198
2750,train,9000,10044.575509385702,-1044.5755093857024
140,train,12500,10615.89744326861,1884.10255673139
1383,train,37000,43284.88369646245,-6284.88369646245
2708,train,10000,9313.845379549144,686.1546204508559
1881,train,15000,15340.830555305363,-340.8305553053633
4448,train,400000,232835.25471910357,167164.74528089643
310,train,9000,6820.450423029326,2179.549576970674
3601,train,18000,16294.15084677237,1705.8491532276294
4279,train,15000,10919.100762352142,4080.899237647858
3190,train,15000,15757.288456063465,-757.2884560634648
1347,train,20000,19257.749519204735,742.2504807952646
2295,train,30000,24185.490407104982,5814.509592895018
189,train,6500,5493.503959504375,1006.4960404956246
1923,train,24000,17850.342664445343,6149.657335554657
1842,train,17000,14033.981095362766,2966.0189046372343
1155,train,38000,39206.33146586667,-1206.3314658666714
3933,train,23000,15479.689879399419,7520.310120600581
61,train,30000,32522.65230732623,-2522.6523073262288
1691,train,20000,18305.478209766294,1694.5217902337063
499,train,6000,6995.161355655269,-995.1613556552693
1733,train,12500,13265.81662910983,-765.8166291098296
2555,train,6000,6919.8405686478245,-919.8405686478245
2004,train,15000,8624.929671445598,6375.070328554402
1337,train,110000,138780.14917231342,-28780.149172313424
2652,train,60000,65333.15037520546,-5333.150375205463
3823,train,22000,19835.965906545465,2164.0340934545347
2193,train,34000,37795.01895075498,-3795.0189507549803
1425,train,35000,33909.01842941552,1090.9815705844812
2893,train,16000,18180.821372876195,-2180.821372876195
687,train,100000,79990.55450062153,20009.445499378475
1517,train,7500,6934.010937731461,565.9890622685389
852,train,75000,95285.44642358368,-20285.44642358368
4726,train,35000,25568.898272927334,9431.101727072666
261,train,7000,6931.800934619895,68.19906538010491
4487,train,18000,15803.247411132708,2196.7525888672917
3852,train,15000,11970.983448336117,3029.0165516638826
4246,train,18000,14034.35485910083,3965.6451408991707
584,train,13000,22177.995905576507,-9177.995905576507
1305,train,51000,61592.77411664434,-10592.774116644337
875,train,15000,15454.635496468101,-454.63549646810134
4116,train,14000,14258.550523315589,-258.5505233155891
1608,train,17000,13255.136592669132,3744.8634073308676
4302,train,18000,19608.526322040452,-1608.5263220404522
1560,train,12000,7493.012670692342,4506.987329307658
827,train,40000,53261.62618770936,-13261.626187709357
625,train,85000,77510.77683870657,7489.2231612934265
4274,train,25000,17107.35052833788,7892.64947166212
1984,train,11000,7606.037007601563,3393.9629923984367
1642,train,12000,18041.58285378783,-6041.58285378783
1278,train,15000,14334.582304723765,665.4176952762355
4468,train,24000,32799.618368533076,-8799.618368533076
1742,train,14000,22871.6873410786,-8871.6873410786
4400,train,50000,57696.93066478187,-7696.930664781867
522,train,25000,15697.396014769252,9302.603985230748
4688,train,12000,11739.165172452702,260.8348275472981
614,train,120000,71072.42584941196,48927.57415058804
2223,train,28000,23920.857015795,4079.1429842049984
2483,train,12000,13011.999694726941,-1011.999694726941
2281,train,22000,20407.661979271455,1592.3380207285445
3394,train,20000,22717.95248826786,-2717.9524882678597
2698,train,18000,21455.45600021261,-3455.456000212609
935,train,18000,21307.59994370773,-3307.59994370773
1987,train,55000,54769.83647390127,230.16352609873138
483,train,5000,4954.329326047263,45.67067395273716
4396,train,24000,16543.16977170793,7456.83022829207
2047,train,11000,9689.132498055893,1310.867501944107
459,train,22500,18772.24453874876,3727.7554612512395
4615,train,5000,7365.119377556335,-2365.119377556335
4156,train,31000,34146.12240053938,-3146.1224005393815
3871,train,10000,10519.45416832698,-519.4541683269799
2116,train,14000,11230.030938833217,2769.969061166783
3081,train,12000,16340.091917049724,-4340.091917049724
4094,train,12000,12305.090608843862,-305.09060884386236
4632,train,9000,10428.338246735924,-1428.3382467359243
4229,train,8000,8720.827957288722,-720.8279572887222
3713,train,19000,12804.683731642051,6195.3162683579485
2010,train,50000,27868.23992700464,22131.76007299536
1589,train,7000,6786.099792697841,213.9002073021593
1139,train,77000,75024.78895479355,1975.2110452064517
2494,train,14000,11901.164928212866,2098.8350717871344
1552,train,84000,82523.9761847427,1476.0238152573002
3294,train,65000,77147.80393007307,-12147.803930073074
3145,train,8500,6957.580450917935,1542.4195490820648
1751,train,7500,9053.328467439409,-1553.328467439409
30,train,7500,5910.858887043624,1589.1411129563758
462,train,14000,13746.127912549367,253.87208745063253
3110,train,9000,7874.594631629551,1125.4053683704487
3479,train,12000,11603.525083085633,396.474916914367
2545,train,36000,39087.25873321669,-3087.2587332166877
2384,train,40000,23097.56706825007,16902.43293174993
1546,train,16000,17235.989899058015,-1235.989899058015
917,train,8000,16186.800942678785,-8186.800942678785
4601,train,10000,10341.322560629113,-341.32256062911256
432,train,5500,6750.912942772859,-1250.9129427728594
4668,train,7000,9414.660720923792,-2414.660720923792
901,train,75000,81946.30724281758,-6946.30724281758
3599,train,22000,23000.171450428075,-1000.1714504280753
1882,train,11000,12010.62959984616,-1010.6295998461592
1939,train,24000,19279.37988835345,4720.620111646549
2077,train,11000,10170.62870935853,829.3712906414694
2662,train,35000,38783.66988613877,-3783.6698861387704
1685,train,17500,16431.447869481646,1068.5521305183538
1036,train,100000,105857.50102587818,-5857.501025878184
3856,train,20000,13870.805900375946,6129.194099624054
406,train,5500,6932.455254713733,-1432.4552547137328
3233,train,25000,18326.352429462317,6673.647570537683
1880,train,10000,13071.648600078319,-3071.648600078319
3802,train,14000,14924.59870020125,-924.5987002012498
1537,train,7500,8014.096991116485,-514.0969911164848
4389,train,15000,17779.812488498,-2779.812488497999
1185,train,76000,58903.97241784174,17096.02758215826
418,train,4500,5139.111787603596,-639.111787603596
1068,train,130000,109541.69633435617,20458.303665643834
3838,train,15000,13650.239489299378,1349.760510700622
4501,train,8000,8705.726253118357,-705.7262531183569
4548,train,10000,10731.366264832528,-731.366264832528
2082,train,10000,10283.901076413582,-283.9010764135819
3558,train,24000,23027.54355856733,972.4564414326705
2248,train,12000,14596.343568248509,-2596.3435682485087
147,train,8000,9225.6225628907,-1225.6225628906996
4133,train,20000,16076.999774564078,3923.0002254359224
137,train,17500,20825.70377567066,-3325.7037756706595
76,train,5500,5481.751140959247,18.248859040752905
4565,train,18000,16471.416346192058,1528.583653807942
2218,train,40000,29905.564745107986,10094.435254892014
833,train,80000,112117.8802745086,-32117.8802745086
1188,train,39000,42385.40549487466,-3385.4054948746634
43,train,8500,7873.711322999706,626.2886770002942
3680,train,8000,11376.738146513173,-3376.738146513173
2257,train,7000,7908.446340942036,-908.4463409420359
2529,train,24000,17238.051306947258,6761.948693052742
4678,train,30000,20312.166898844913,9687.833101155087
4492,train,37000,31392.20022932351,5607.799770676491
2639,train,15000,12433.131124627143,2566.8688753728566
2492,train,14000,12117.73710878963,1882.26289121037
3011,train,22000,16208.699042196598,5791.300957803402
838,train,450000,520268.38564835436,-70268.38564835436
3332,train,20000,21042.35777168322,-1042.3577716832187
3720,train,40000,41421.065262595526,-1421.0652625955263
323,train,8500,9844.29115527047,-1344.29115527047
4023,train,12000,14288.48869967235,-2288.488699672351
3733,train,20000,19413.522060261348,586.4779397386519
274,train,30000,53345.494243813875,-23345.494243813875
1373,train,24000,30749.512741093324,-6749.512741093324
3336,train,23000,19442.014584463497,3557.985415536503
2783,train,10000,10650.415680893087,-650.4156808930875
169,train,40000,22656.316172026025,17343.683827973975
2541,train,16000,28036.980966637504,-12036.980966637504
1461,train,30000,35423.09905344402,-5423.099053444021
2903,train,110000,95106.53218935188,14893.467810648115
2990,train,26000,23313.766253820526,2686.233746179474
4685,train,17000,14717.093255963813,2282.906744036187
894,train,15500,16246.731621155694,-746.7316211556936
4007,train,25000,20544.168929445867,4455.8310705541335
631,train,50000,46713.42134711149,3286.5786528885073
2777,train,6500,8675.364759706621,-2175.364759706621
3455,train,45000,49498.24119309398,-4498.241193093978
2230,train,16000,14879.058657412616,1120.9413425873845
3723,train,35000,20785.400637922412,14214.599362077588
2886,train,9500,7971.2989888114,1528.7010111886002
4472,train,15000,12199.731273612373,2800.268726387627
2408,train,9000,8836.196207403791,163.80379259620895
730,train,95000,114619.53947608359,-19619.53947608359
2184,train,24000,20813.925072027232,3186.074927972768
703,train,40000,40733.75485588665,-733.7548558866474
652,train,43000,48158.93918791721,-5158.939187917211
1280,train,13000,18181.73564816913,-5181.735648169131
4213,train,42000,39471.03453168437,2528.965468315633
1905,train,6000,8302.102969274678,-2302.102969274678
4298,train,13000,13161.23461296045,-161.23461296045025
484,train,10000,9566.738168419062,433.2618315809377
3146,train,20000,31697.429273264508,-11697.429273264508
1955,train,15000,12748.440190515434,2251.5598094845664
4100,train,16500,18722.11131905708,-2222.1113190570795
2053,train,4800,7138.831015339081,-2338.831015339081
4067,train,1200,9907.605861490756,-8707.605861490756
302,train,20000,14825.14963066329,5174.850369336709
2967,train,7500,8762.182041316593,-1262.1820413165933
4127,train,10000,12601.447028943336,-2601.4470289433357
3285,train,8000,9619.698939513437,-1619.698939513437
1809,train,22000,13980.919241290212,8019.080758709788
4360,train,26000,21811.238149701254,4188.761850298746
1973,train,70000,43440.30782864181,26559.69217135819
1614,train,7000,6174.840673188566,825.1593268114339
3192,train,19000,19012.691701160136,-12.69170116013629
3764,train,6000,5876.032265104741,123.96773489525913
2352,train,17500,15014.70068981647,2485.299310183531
4150,train,12000,13957.803431182965,-1957.8034311829651
2241,train,14000,12491.458076983561,1508.541923016439
2930,train,5500,6927.929552532668,-1427.929552532668
610,train,50000,54807.745033435,-4807.745033435
3791,train,12500,9749.273932715163,2750.726067284837
3056,train,22000,22337.648661150175,-337.64866115017503
1783,train,20000,14424.54176811989,5575.458231880109
776,train,150000,161742.20842583897,-11742.208425838966
4513,train,60000,51740.62597103746,8259.374028962542
1116,train,55000,61205.202840739374,-6205.202840739374
2140,train,13900,12357.533444091277,1542.4665559087225
3468,train,26000,25045.70517579818,954.294824201821
2106,train,12000,10236.033771169698,1763.9662288303025
1380,train,600000,524964.097734821,75035.90226517897
4201,train,10000,12347.419496297014,-2347.419496297014
2871,train,30000,22900.129983998304,7099.870016001696
191,train,9000,7480.791928159004,1519.2080718409961
1046,train,27000,26683.47487958814,316.5251204118613
973,train,85000,80573.50233327015,4426.497666729847
4499,train,35000,33318.60842069169,1681.391579308307
449,train,4000,4410.912529283814,-410.91252928381437
628,train,50000,66701.5896110596,-16701.589611059593
1403,train,20000,14705.526748500735,5294.473251499265
4311,train,9500,10133.7953321135,-633.7953321134992
3416,train,10000,11779.287532658214,-1779.2875326582143
1303,train,50000,52934.55755066428,-2934.557550664278
3383,train,30000,26970.886429297716,3029.113570702284
4293,train,70000,74328.89935755485,-4328.899357554852
616,train,110000,133730.86999192074,-23730.869991920743
745,train,100000,107577.8798971032,-7577.879897103194
193,train,12000,11862.032820944825,137.9671790551747
1862,train,8000,11268.46390622013,-3268.4639062201295
1449,train,45000,33016.185131759914,11983.814868240086
3064,train,40000,44000.14136609176,-4000.1413660917606
46,train,4600,7039.62089216558,-2439.62089216558
4291,train,12000,11233.701051644588,766.298948355412
3950,train,4000,6069.176412841057,-2069.176412841057
3506,train,15000,17741.621433811662,-2741.6214338116624
1107,train,35500,40112.247788999666,-4612.247788999666
4102,train,8500,10862.88718800681,-2362.887188006811
2143,train,13000,12226.339931946792,773.6600680532083
2369,train,7500,9748.735820875489,-2248.7358208754886
642,train,150000,164681.28268859474,-14681.282688594743
3061,train,8000,8306.220336967059,-306.22033696705876
4074,train,35000,29872.843450785993,5127.156549214007
1225,train,65000,66951.49964130677,-1951.499641306771
777,train,230000,327730.03056489094,-97730.03056489094
3545,train,26000,38602.92490585837,-12602.924905858366
4154,train,6000,6635.9843014708795,-635.9843014708795
3249,train,15000,12948.484573519903,2051.5154264800967
3931,train,22000,19409.088220644437,2590.9117793555633
1158,train,180000,130422.3513166678,49577.6486833322
3168,train,14000,20068.890098389355,-6068.8900983893545
815,train,42000,44382.35048999591,-2382.350489995908
2381,train,14000,19705.70422573958,-5705.704225739581
4357,train,18000,12197.802167436043,5802.1978325639575
1284,train,360000,305547.2188200423,54452.781179957674
331,train,6500,4680.048352136101,1819.9516478638989
788,train,170000,162803.33180099467,7196.668199005333
1834,train,12500,11638.78821289142,861.2117871085793
4054,train,14000,12077.429164773686,1922.5708352263136
1746,train,55000,51924.53482195299,3075.4651780470085
1292,train,65000,63102.46044254832,1897.5395574516806
883,train,45000,38086.611066004654,6913.388933995346
2269,train,7000,7561.797718576099,-561.7977185760992
4339,train,10000,13096.761769829356,-3096.761769829356
4284,train,9500,8651.550240117893,848.4497598821072
289,train,3500,4255.790276000057,-755.790276000057
4515,train,9000,11263.585766348111,-2263.585766348111
2879,train,28000,32781.66964975056,-4781.669649750562
2201,train,16500,15712.813429291002,787.1865707089983
1960,train,26969,25373.829335142556,1595.1706648574436
4530,train,8000,8588.467520007447,-588.4675200074471
2824,train,9300,12171.47279743726,-2871.47279743726
263,train,6000,5276.405748688482,723.5942513115178
3020,train,5000,6202.499357406879,-1202.4993574068794
3299,train,26000,20436.72674271587,5563.2732572841305
2006,train,27000,19621.814478657696,7378.185521342304
3547,train,15000,9417.099361130671,5582.900638869329
1864,train,15000,12582.526424244,2417.4735757559993
441,train,5500,4499.725632866669,1000.274367133331
1515,train,7500,9024.074078214593,-1524.074078214593
1412,train,45000,45102.193539767686,-102.19353976768616
2798,train,37000,24012.4719604026,12987.5280395974
4331,train,6000,6400.171347589634,-400.171347589634
4214,train,20000,17334.553575363636,2665.446424636364
1487,train,65000,68014.52191547003,-3014.5219154700317
295,train,10500,9758.578472415278,741.4215275847218
2552,train,13000,9738.438307986717,3261.5616920132834
2877,train,16000,16872.97399059401,-872.9739905940114
364,train,10000,7893.775867811843,2106.2241321881565
3948,train,9500,11731.618620368981,-2231.6186203689813
3491,train,8500,8738.986058175744,-238.9860581757439
1658,train,14000,9988.380026960403,4011.6199730395965
2324,train,12000,11896.664674755895,103.33532524410475
761,train,36000,43450.963336296176,-7450.963336296176
4418,train,14000,12442.231460614017,1557.7685393859829
758,train,35000,37013.03485706766,-2013.0348570676579
1095,train,25000,21182.43336194587,3817.5666380541297
2228,train,12000,11271.911930700737,728.0880692992632
4188,train,7500,6449.838122270076,1050.1618777299236
3456,train,5000,6292.326170844266,-1292.326170844266
4618,train,9000,10703.86523477199,-1703.8652347719908
2661,train,36000,45980.7812362808,-9980.781236280804
4063,train,15000,11636.403062205705,3363.5969377942947
2050,train,9000,11203.00057262564,-2203.0005726256404
496,train,14000,10431.014237224883,3568.985762775117
810,train,40000,38827.1570097233,1172.842990276702
1797,train,5000,8105.658305680144,-3105.6583056801437
2599,train,25000,39368.0138762887,-14368.0138762887
471,train,7500,7633.820301840544,-133.82030184054383
2071,train,35000,36711.118526215134,-1711.118526215134
1504,train,8000,8704.647645091254,-704.6476450912542
3330,train,12000,7248.489773537826,4751.510226462174
1261,train,70000,91982.11192517744,-21982.111925177436
3578,train,18000,13427.229103799174,4572.7708962008255
736,train,46000,42245.0623522626,3754.9376477374026
2236,train,16000,16933.36124642584,-933.3612464258404
955,train,72000,52945.73705947936,19054.26294052064
2718,train,11000,11191.98930059014,-191.98930059013946
1100,train,26000,27545.426600767205,-1545.426600767205
4028,train,10000,12325.137788645134,-2325.1377886451337
2790,train,22000,25959.75938665979,-3959.759386659789
480,train,6000,9872.619953418167,-3872.619953418167
2278,train,20000,11201.622805596799,8798.377194403201
3411,train,75000,45847.39101583296,29152.60898416704
4416,train,120000,104608.93646382543,15391.063536174566
3083,train,20000,22965.965039794522,-2965.9650397945225
910,train,24000,23497.293816943613,502.7061830563871
3098,train,13000,11033.211402290575,1966.7885977094247
1200,train,25000,27544.940393699682,-2544.9403936996823
3917,train,25000,23857.648662409447,1142.3513375905532
1974,train,19000,16742.069671158733,2257.9303288412666
2878,train,20000,21985.32577752511,-1985.3257775251113
3317,train,45000,22493.048826803126,22506.951173196874
3775,train,18500,22462.283556678678,-3962.283556678678
1707,train,20000,16434.158761871433,3565.841238128567
1830,train,11000,8395.168212166243,2604.8317878337566
2883,train,8000,9192.63247412428,-1192.6324741242806
2121,train,15000,18001.213698788775,-3001.213698788775
2675,train,30000,34432.48785106078,-4432.487851060781
1142,train,40000,40230.376707167794,-230.37670716779394
393,train,7000,7132.208071695409,-132.20807169540876
1586,train,7000,7594.930973697403,-594.9309736974028
884,train,35000,30408.10792009202,4591.892079907979
3443,train,16000,17555.09712289083,-1555.097122890831
3891,train,11000,11343.809609920465,-343.80960992046494
3896,train,30000,21739.83595827411,8260.16404172589
1680,train,12000,8930.98936357279,3069.0106364272106
3227,train,30000,34919.61865705343,-4919.618657053426
398,train,8000,7057.421244667051,942.5787553329492
598,train,55000,53497.94718736609,1502.0528126339123
4144,train,45000,43995.19730600154,1004.8026939984629
2122,train,9500,10011.753401555092,-511.75340155509184
408,train,11000,11422.522002391515,-422.52200239151534
3850,train,8500,10946.047562989772,-2446.047562989772
811,train,40000,29215.615784342353,10784.384215657647
135,train,9000,10254.975846185493,-1254.9758461854926
4,train,7500,9472.081021783342,-1972.0810217833423
3112,train,17000,21856.275628766056,-4856.275628766056
2493,train,14000,12476.619493409189,1523.380506590811
4025,train,45000,46713.50014343873,-1713.5001434387304
987,train,75000,71418.07226207857,3581.9277379214327
996,train,75000,44849.83136162697,30150.168638373027
1828,train,7000,6764.632518535596,235.36748146440368
4517,train,5800,8329.71720859331,-2529.7172085933107
2422,train,18000,13313.133391106601,4686.866608893399
3174,train,7000,7660.455032454951,-660.4550324549509
2517,train,22000,22587.993753252358,-587.9937532523581
1562,train,16000,16546.579240243307,-546.5792402433071
3748,train,12000,10270.663613315777,1729.3363866842228
2437,train,10000,9234.40539583842,765.5946041615807
3380,train,16000,15628.40886025252,371.59113974747925
4627,train,5000,4651.1537207946885,348.8462792053115
4045,train,25000,15761.460200296713,9238.539799703287
2065,train,17681,17845.085479077774,-164.08547907777393
764,train,7500,13953.574438660899,-6453.5744386608985
237,train,5500,7041.572247956503,-1541.572247956503
3188,train,9000,8799.849768202917,200.1502317970826
3404,train,45000,30448.254357008722,14551.745642991278
893,train,40000,58244.9051471028,-18244.9051471028
3241,train,85000,70340.88994815836,14659.110051841635
2330,train,12500,14099.595746087614,-1599.5957460876143
3815,train,100000,75297.56621248218,24702.433787517817
3058,train,6500,8765.196251712952,-2265.1962517129523
396,train,35000,19217.26402251278,15782.73597748722
3759,train,15000,12554.62266057675,2445.3773394232503
1996,train,15000,17888.629028488238,-2888.629028488238
479,train,10000,11410.278151309301,-1410.2781513093014
4304,train,9000,12162.6236250462,-3162.6236250462007
2815,train,250000,129536.36526453204,120463.63473546796
3566,train,15000,14856.792535282832,143.20746471716848
4406,train,3000,5406.913940897069,-2406.9139408970686
2617,train,140000,94072.27513752185,45927.72486247815
154,train,7000,7212.338866757172,-212.33886675717167
4182,train,16000,15511.299713381923,488.70028661807737
705,train,230000,236127.79325496318,-6127.7932549631805
3611,train,8000,8830.404159412794,-830.4041594127939
3017,train,12000,10114.969188047351,1885.030811952649
1045,train,46000,50708.132034023445,-4708.132034023445
2364,train,24000,23977.430959762278,22.56904023772222
1832,train,60000,47993.10272543298,12006.897274567018
188,train,7000,6485.743088122058,514.256911877942
4235,train,26000,18923.97615684086,7076.023843159139
2968,train,10000,12772.91392135874,-2772.9139213587405
3207,train,14000,11625.209810226757,2374.7901897732427
1247,train,8000,15831.05733675811,-7831.057336758109
2700,train,65000,33766.3535277839,31233.646472216104
3888,train,13000,9441.37467609668,3558.6253239033194
344,train,7500,9626.790343757255,-2126.790343757255
1289,train,130000,152191.58029206737,-22191.580292067374
2342,train,18000,23976.43309256559,-5976.433092565589
1851,train,40000,50985.36874198261,-10985.36874198261
533,train,33000,34175.3008160009,-1175.3008160008976
3954,train,13000,14081.32482236931,-1081.32482236931
1354,train,55000,45092.066298701844,9907.933701298156
4684,train,22000,17970.478112924797,4029.5218870752033
2985,train,29000,35910.85544335923,-6910.855443359229
1744,train,11000,13473.057058013055,-2473.057058013055
1937,train,14000,13865.778648439296,134.22135156070362
1840,train,13000,9103.58232276703,3896.41767723297
2812,train,12000,12205.886566598965,-205.88656659896515
4642,train,8000,11313.362517053905,-3313.3625170539053
1806,train,130000,149837.13408629782,-19837.134086297825
3673,train,10000,10386.80369801525,-386.8036980152501
3536,train,12500,14014.836630500908,-1514.8366305009076
341,train,12000,11369.499678931707,630.5003210682935
2119,train,10000,8380.385446742053,1619.6145532579467
4735,train,45000,48592.45300860357,-3592.4530086035666
2782,train,13000,13149.494719848206,-149.49471984820593
2665,train,20000,20592.121826847604,-592.1218268476041
4042,train,10000,10427.06844568507,-427.0684456850704
2343,train,70000,64386.490519277424,5613.509480722576
67,train,7500,7637.866483681466,-137.86648368146598
3629,train,7000,6811.672315806652,188.32768419334843
2273,train,15000,15244.206419238613,-244.2064192386133
4242,train,12000,13665.625264079707,-1665.6252640797065
206,train,5000,5183.42885764098,-183.4288576409799
3278,train,4500,6939.7325403369905,-2439.7325403369905
4503,train,5500,4916.885888969663,583.114111030337
1775,train,30000,21920.46982930368,8079.530170696318
1506,train,50000,55446.49010574865,-5446.4901057486495
1762,train,15000,21801.074740262113,-6801.074740262113
939,train,32000,41134.777574501946,-9134.777574501946
4243,train,15000,14749.467975301981,250.5320246980191
4181,train,8000,8812.822885334348,-812.822885334348
2464,train,6000,7981.615128779621,-1981.615128779621
63,train,30000,20041.644226874192,9958.355773125808
3610,train,25000,25390.7210848949,-390.72108489489983
4352,train,12000,12333.369545784319,-333.3695457843187
1400,train,20000,24589.340220331833,-4589.340220331833
2044,train,250000,186438.1801718082,63561.8198281918
3478,train,30000,14185.99070282382,15814.00929717618
2575,train,8000,8289.777151820179,-289.7771518201789
3919,train,45000,48116.89252912795,-3116.892529127952
3054,train,16000,12497.767702486593,3502.2322975134066
3210,train,7000,8978.399452350772,-1978.3994523507718
3494,train,18000,14940.176263037703,3059.8237369622966
1069,train,58000,51480.88279814658,6519.11720185342
4512,train,9000,14306.735759062827,-5306.735759062827
1389,train,310000,350743.305590698,-40743.30559069797
4326,train,18000,12054.389186725704,5945.610813274296
1854,train,16000,17322.679206186047,-1322.679206186047
3312,train,12000,13170.74650263938,-1170.7465026393802
2928,train,30000,31747.256234418488,-1747.256234418488
1408,train,55000,64539.138348215085,-9539.138348215085
1136,train,40000,27337.94785935177,12662.05214064823
2748,train,200000,168876.235004924,31123.764995075995
2668,train,14000,13962.116714683445,37.883285316554975
2842,train,24000,23954.61438573247,45.38561426752858
545,train,22000,22483.779582512485,-483.7795825124849
3914,train,12000,12677.53131011277,-677.5313101127704
2528,train,140000,121656.34988854924,18343.650111450756
1564,train,11000,11179.818011930754,-179.81801193075444
842,train,55000,58123.362206586135,-3123.3622065861346
2513,train,20000,19670.191210104673,329.8087898953272
2461,train,5000,8278.871234936636,-3278.871234936636
3832,train,11000,11341.817223267826,-341.8172232678262
541,train,270000,260236.3616278177,9763.638372182293
855,train,39000,33478.92070825839,5521.079291741611
804,train,50000,45387.775763020814,4612.224236979186
372,train,35000,30412.101526439743,4587.898473560257
3457,train,30000,23253.57484755153,6746.425152448472
409,train,10000,8261.003257831173,1738.996742168827
1153,train,45000,43058.3065954449,1941.6934045551025
4325,train,22000,21783.24836418231,216.75163581769084
4504,train,5000,6709.607887943212,-1709.6078879432116
3268,train,16000,12029.271104428179,3970.7288955718213
2387,train,25000,27446.61432734626,-2446.6143273462585
3729,train,12000,11241.71290558325,758.2870944167498
1324,train,20000,27514.950336635007,-7514.950336635007
2358,train,4500,5958.605371003706,-1458.6053710037058
4456,train,22000,22542.10270222898,-542.1027022289818
4628,train,6000,5950.696605181334,49.303394818665765
4187,train,14000,15281.495852855327,-1281.495852855327
4032,train,130000,131592.144559333,-1592.1445593330136
4348,train,12000,11960.018397584363,39.9816024156371
2840,train,150000,153205.93977837628,-3205.9397783762834
3144,train,30000,46099.453402550906,-16099.453402550906
1518,train,25000,23288.48630221291,1711.5136977870898
334,train,8000,6426.309486893305,1573.690513106695
1015,train,60000,48673.327357526134,11326.672642473866
3698,train,18000,21797.47384519378,-3797.473845193781
3873,train,12000,8690.365086600732,3309.634913399268
3238,train,22000,17990.422149443468,4009.577850556532
2378,train,20000,9165.647373839267,10834.352626160733
3184,train,12000,13953.3074912019,-1953.3074912019001
2677,train,11000,7876.024185656224,3123.9758143437757
2556,train,100000,73964.55692042832,26035.443079571676
4372,train,9000,7606.071519505758,1393.9284804942417
2039,train,25000,19033.779487663876,5966.220512336124
223,train,12500,9414.543560202266,3085.4564397977338
1183,train,18000,26472.75364860296,-8472.75364860296
2301,train,10000,13609.153594740761,-3609.153594740761
1244,train,180000,201008.60642277543,-21008.606422775425
4087,train,18000,16912.445768970014,1087.554231029986
2925,train,80000,78206.80434447943,1793.1956555205688
2126,train,10000,7680.0180330068915,2319.9819669931085
2760,train,38000,24654.552981750046,13345.447018249954
3428,train,16000,18206.28731164263,-2206.287311642631
3008,train,27000,33394.31883668005,-6394.318836680053
4659,train,12500,13535.571951985175,-1035.5719519851755
3724,train,4000,5805.618076160837,-1805.6180761608366
3296,train,13500,16344.348474189359,-2844.348474189359
2172,train,30000,33493.55624206019,-3493.5562420601927
1463,train,90000,85078.57008079127,4921.429919208735
662,train,15000,20443.87116720354,-5443.871167203539
3462,train,17000,20174.48407799213,-3174.4840779921287
4641,train,15500,11162.880011066967,4337.119988933033
465,train,20000,15750.591377052735,4249.408622947265
1683,train,25000,25445.64684153468,-445.64684153467897
4138,train,12000,12671.185174400907,-671.1851744009073
4132,train,6500,6958.781450170178,-458.7814501701778
2081,train,11000,11101.792242953734,-101.79224295373388
1334,train,25000,26763.343297803935,-1763.3432978039345
711,train,15000,17964.41924637478,-2964.4192463747786
1823,train,13500,11847.975695413486,1652.0243045865136
473,train,15000,12626.631438406366,2373.368561593634
4059,train,12000,14134.350399864652,-2134.350399864652
3074,train,15000,15472.850933235022,-472.85093323502224
3433,train,6000,6857.991932481986,-857.9919324819857
3862,train,32000,28340.04561353153,3659.954386468471
300,train,35000,21495.835031549017,13504.164968450983
2416,train,50000,56987.903721439805,-6987.903721439805
1909,train,5500,6808.626278286562,-1308.6262782865624
2769,train,16000,12929.880797299655,3070.1192027003453
4607,train,15000,15878.588165905783,-878.5881659057832
3395,train,18000,8343.276629409485,9656.723370590515
24,train,8000,7744.341763875402,255.65823612459826
3301,train,15000,10653.739879171531,4346.260120828469
2097,train,8500,9386.07962978799,-886.0796297879897
450,train,30000,13946.40327419213,16053.59672580787
709,train,300000,135282.78192876137,164717.21807123863
4273,train,8000,10051.441393724603,-2051.4413937246027
2355,train,22000,14637.367083479025,7362.632916520975
114,train,15000,16750.282779276065,-1750.2827792760654
923,train,43500,45122.54410382439,-1622.544103824388
2625,train,10000,10448.813472630109,-448.81347263010866
1879,train,21000,35797.81824860413,-14797.818248604133
4640,train,15000,14571.78018722218,428.21981277781924
4380,train,25000,18716.925372251622,6283.074627748378
969,train,60000,54906.998591550466,5093.001408449534
1326,train,850000,545954.1691034628,304045.83089653717
3392,train,130000,118901.40345226755,11098.59654773245
3612,train,12500,11205.359570072605,1294.6404299273945
4460,train,15000,15209.689192258831,-209.6891922588311
790,train,55000,54116.22961821391,883.7703817860893
4358,train,21000,18193.422296904453,2806.577703095547
1887,train,20000,17897.141517828306,2102.858482171694
985,train,22000,22168.36349480119,-168.36349480118952
933,train,65000,54146.95290506603,10853.047094933972
4126,train,6500,8092.44123067063,-1592.44123067063
2253,train,15000,14583.171437008172,416.8285629918282
1308,train,30000,32798.042956534744,-2798.042956534744
4613,train,15000,17862.967997268835,-2862.9679972688355
1295,train,22000,26105.556959558424,-4105.556959558424
1750,train,12000,9546.437069514493,2453.5629304855065
4429,train,8000,12636.367444366715,-4636.367444366715
3593,train,8000,9920.142441294964,-1920.1424412949636
2153,train,14000,11255.212451722067,2744.7875482779327
3572,train,130000,116203.46699127178,13796.53300872822
3128,train,17000,19026.77341075594,-2026.7734107559409
2155,train,20000,22754.54969977109,-2754.5496997710907
2621,train,6000,10855.973286185752,-4855.973286185752
1624,train,11500,11672.060266563596,-172.0602665635961
551,train,25000,19073.968896749135,5926.031103250865
3966,train,100000,107557.72639549029,-7557.726395490288
1741,train,5000,8259.57267180055,-3259.57267180055
755,train,42000,47427.958337997356,-5427.958337997356
645,train,65000,68215.65008255663,-3215.6500825566327
446,train,10000,9034.154899918945,965.8451000810546
390,train,22000,21434.13550911554,565.8644908844617
4259,train,25000,22509.676351956256,2490.3236480437445
222,train,25000,17208.477706145324,7791.522293854676
869,train,200000,196156.66030232908,3843.339697670919
3528,train,35000,37177.82822430228,-2177.828224302277
205,train,15000,11565.51801951812,3434.48198048188
1593,train,16000,11991.464002159308,4008.5359978406923
1370,train,60000,96496.45758137302,-36496.45758137302
2202,train,14500,15605.713768562578,-1105.7137685625785
1613,train,9000,7785.334712713914,1214.665287286086
3246,train,15000,14474.841974637278,525.1580253627217
495,train,10000,6373.910886685737,3626.089113314263
2380,train,9500,8348.89256287677,1151.1074371232298
2477,train,10000,8864.915273346114,1135.0847266538858
123,train,8000,9146.135635629542,-1146.1356356295419
2297,train,9250,10982.369890322681,-1732.3698903226814
1908,train,20000,17316.47465596646,2683.52534403354
359,train,15000,9069.428515269123,5930.571484730877
4137,train,12500,12101.267698732008,398.7323012679917
2022,train,35000,18764.700667522364,16235.299332477636
1187,train,45000,17298.023055893427,27701.976944106573
3902,train,9000,10035.481338624175,-1035.481338624175
1736,train,10500,10227.737442659361,272.2625573406385
822,train,93000,129750.00217539123,-36750.00217539123
1251,train,45000,58423.21785625156,-13423.217856251562
3817,train,16000,16665.371978931184,-665.3719789311835
3451,train,15000,13373.45859576783,1626.54140423217
1557,train,9500,10180.465834220031,-680.465834220031
837,train,33003,33999.67384772516,-996.6738477251565
3617,train,27000,33025.720621998255,-6025.7206219982545
4610,train,15000,8697.067685386539,6302.932314613461
3848,train,70000,106399.2073281089,-36399.207328108896
4110,train,10000,8619.890954117916,1380.1090458820836
892,train,25000,20444.68385130094,4555.316148699061
1146,train,32000,20589.850344919123,11410.149655080877
1462,train,45000,46005.68027414798,-1005.6802741479769
831,train,200000,186188.09319118806,13811.906808811938
4716,train,9000,12432.893834249373,-3432.893834249373
589,train,40000,44025.08869839632,-4025.088698396321
4730,train,25000,20965.99024605503,4034.0097539449707
2366,train,16000,15382.583178054654,617.4168219453459
2274,train,8200,8230.482659946258,-30.482659946257627
98,train,18000,16548.889062657647,1451.1109373423533
2115,train,5000,6965.748992123329,-1965.7489921233291
3701,train,8000,10828.030785906463,-2828.0307859064633
3415,train,24000,23525.61241550904,474.38758449095985
4104,train,15000,16968.149691912975,-1968.149691912975
1028,train,180000,177210.71997287337,2789.2800271266315
3376,train,38000,28788.64798554453,9211.352014455471
1219,train,260000,268434.46879568585,-8434.468795685854
4723,train,7000,8161.104987032376,-1161.104987032376
1693,train,15000,14060.27764587156,939.7223541284402
4617,train,8500,7100.400871636083,1399.5991283639169
1922,train,20000,16397.994662581863,3602.005337418137
1684,train,7000,6963.080983988885,36.91901601111476
3602,train,8500,9043.11497323122,-543.1149732312206
1310,train,15000,17713.11361516233,-2713.1136151623286
1047,train,95000,126545.78222603063,-31545.782226030627
620,train,40000,47948.95332618806,-7948.953326188057
2734,train,80000,77084.73430187846,2915.2656981215405
4329,train,13000,17664.198346079324,-4664.1983460793235
490,train,8000,8116.462537628201,-116.46253762820106
1205,train,150000,155664.21759721913,-5664.217597219133
1853,train,18500,19036.170711056464,-536.1707110564639
2537,train,11000,11586.583631880678,-586.5836318806778
250,train,12000,10988.910323846098,1011.0896761539025
724,train,85000,117255.74042685557,-32255.74042685557
1444,train,36000,21999.043463519814,14000.956536480186
4568,train,16500,14120.932272836746,2379.067727163254
2643,train,6500,7499.372875333012,-999.3728753330124
1160,train,300000,331683.54761631653,-31683.54761631653
3658,train,9000,10331.369678514598,-1331.3696785145985
3356,train,11500,11299.320888267292,200.6791117327084
1338,train,21000,18128.78876017229,2871.2112398277095
2308,train,20000,21391.186770931272,-1391.186770931272
2875,train,18000,13598.348101325322,4401.651898674678
4694,train,12000,14150.821343677811,-2150.8213436778115
3803,train,8500,9100.51796491999,-600.5179649199908
3313,train,45000,37949.840109499295,7050.159890500705
2390,train,22000,11787.429255142479,10212.570744857521
3534,train,16500,15213.792928760784,1286.207071239216
379,train,40000,37581.168884008854,2418.8311159911464
2532,train,15000,12929.880797299655,2070.1192027003453
684,train,150000,149975.40389279503,24.596107204968575
4035,train,9000,10139.315068789596,-1139.315068789596
2475,train,11000,11043.657637802264,-43.65763780226371
36,train,12500,10893.634309166844,1606.365690833156
2642,train,10000,13437.907195239604,-3437.9071952396043
1576,train,15000,15158.2350078132,-158.23500781320035
2619,train,12500,15707.41181597833,-3207.41181597833
3059,train,3000,5690.663414431583,-2690.663414431583
3633,train,15000,15213.79645583062,-213.79645583061938
658,train,32000,23608.780309577705,8391.219690422295
463,train,9500,7528.954666187132,1971.0453338128682
299,train,20000,16831.499145186153,3168.5008548138467
3323,train,25000,21385.54258545506,3614.4574145449405
2012,train,25000,34969.23098752942,-9969.230987529423
2503,train,12500,10716.30264729634,1783.6973527036607
3483,train,40000,44486.43291984119,-4486.432919841187
2733,train,9300,9343.797150841187,-43.79715084118652
2583,train,15000,13230.077592934458,1769.9224070655418
1249,train,52000,31109.829088904815,20890.170911095185
2135,train,25000,29957.085132903147,-4957.085132903147
3014,train,6500,9995.885275415349,-3495.8852754153486
3072,train,12000,12694.344915026559,-694.3449150265587
2134,train,21000,18384.230642116872,2615.7693578831277
4330,train,6000,6923.336844360059,-923.3368443600593
1995,train,15000,14531.066007112846,468.9339928871541
981,train,23500,23099.082776679774,400.9172233202262
1167,train,140000,153318.4104814681,-13318.410481468105
1701,train,5000,8535.033638606876,-3535.0336386068757
3868,train,23000,15539.661637191499,7460.338362808501
540,train,35000,32680.393790801805,2319.606209198195
919,train,230000,322546.62965592137,-92546.62965592137
4265,train,34000,38719.90032389085,-4719.900323890848
3142,train,6500,12068.196147032402,-5568.196147032402
179,train,15000,17222.331468572193,-2222.3314685721925
3690,train,8500,9192.367946863696,-692.3679468636965
4070,train,17000,21435.63175917098,-4435.631759170981
1195,train,90000,80265.9604914898,9734.039508510206
1245,train,26000,27602.72361862114,-1602.7236186211412
216,train,7000,8589.995192618107,-1589.9951926181075
753,train,170000,158011.72074816938,11988.279251830623
3604,train,40000,36063.68240708216,3936.3175929178396
4462,train,9000,8105.757415869214,894.2425841307859
3496,train,10000,10524.797879189651,-524.7978791896512
1711,train,7500,7378.087264880469,121.91273511953113
1398,train,140000,115988.16241727532,24011.83758272468
4283,train,15000,13136.892821081048,1863.1071789189518
4085,train,16000,14376.914690144922,1623.0853098550779
1213,train,85000,97123.71549598945,-12123.715495989454
3286,train,10000,7597.652189316292,2402.3478106837083
2959,train,15000,10065.37967663476,4934.6203233652395
3304,train,15000,11892.562279052647,3107.4377209473532
120,train,6300,5296.9719101794435,1003.0280898205565
759,train,14000,16217.549172888503,-2217.5491728885027
3969,train,24000,19197.651860986036,4802.348139013964
3773,train,7500,7169.262886813563,330.73711318643745
2056,train,22500,16551.489416843753,5948.510583156247
2620,train,14000,14594.932717875843,-594.9327178758431
131,train,6000,6283.9239871326145,-283.92398713261446
2300,train,12000,7187.7727396664695,4812.2272603335305
1096,train,110000,119270.68745082301,-9270.68745082301
2169,train,18000,16504.03884501712,1495.9611549828805
4531,train,20000,10363.369146704703,9636.630853295297
4012,train,130000,110162.20457457192,19837.795425428078
743,train,25000,16611.882245222296,8388.117754777704
3916,train,9000,7779.741368607594,1220.2586313924057
3527,train,12000,16251.750267567628,-4251.750267567628
680,train,30000,25992.69582060063,4007.304179399369
4398,train,8000,9816.146558559607,-1816.146558559607
4033,train,8500,8418.142254394044,81.85774560595564
2490,train,45000,35721.115975412315,9278.884024587685
2375,train,8000,7770.582760061019,229.41723993898086
2889,train,10000,11567.958463642906,-1567.9584636429063
2328,train,25000,24434.244774340874,565.7552256591262
797,train,200000,224296.47879750803,-24296.478797508025
4337,train,10000,10416.280491750716,-416.28049175071646
2800,train,12000,11733.412004056381,266.5879959436188
4478,train,9000,10913.219986609382,-1913.2199866093815
467,train,7500,8726.649659547515,-1226.6496595475146
1169,train,65000,82310.7940515778,-17310.794051577803
2616,train,14000,7623.588841916322,6376.411158083678
2624,train,8000,20993.45212331301,-12993.45212331301
3826,train,15000,16243.689369394597,-1243.6893693945967
4500,train,30000,33750.75475949038,-3750.754759490381
1883,train,7500,7384.300666680473,115.69933331952689
208,train,18000,13568.548718752008,4431.451281247992
281,train,6500,5581.431509471514,918.5684905284861
492,train,20000,11541.436104923858,8458.563895076142
4704,train,35000,25500.258369442705,9499.741630557295
2828,train,15000,17798.80992966682,-2798.809929666819
3373,train,35000,33942.16607072042,1057.833929279579
3106,train,15000,14105.832098847686,894.1679011523138
2350,train,8000,8939.049590028197,-939.0495900281967
1110,train,180000,159103.77653923506,20896.223460764944
1182,train,55000,62994.76936388831,-7994.7693638883065
1603,train,12000,12792.587522746828,-792.5875227468277
2251,train,18500,13044.7598993988,5455.2401006012005
4714,train,17000,13749.77635179415,3250.2236482058506
1441,train,65000,65610.05848864981,-610.0584886498109
2817,train,30000,31586.962015802692,-1586.962015802692
512,train,11000,9323.342063452568,1676.6579365474317
1076,train,45000,57136.91255569654,-12136.912555696537
1889,train,13000,13958.170450828942,-958.1704508289422
3955,train,12500,13436.880635918396,-936.8806359183964
2689,train,30000,23234.139335587606,6765.860664412394
507,train,5000,4392.788046730558,607.2119532694423
1813,train,60000,49320.97489016044,10679.02510983956
2523,train,15000,14083.006565587468,916.9934344125322
3237,train,4500,5159.73199599461,-659.7319959946099
1605,train,36000,33837.25049742368,2162.74950257632
2032,train,9000,10476.940795582797,-1476.9407955827974
3175,train,18000,15105.226875838493,2894.7731241615074
1306,train,140000,162363.96622855213,-22363.966228552134
3941,train,28000,29848.641197947636,-1848.641197947636
2386,train,3500,5111.6431346221025,-1611.6431346221025
4533,train,14000,12885.788428913575,1114.2115710864255
497,train,10000,10347.012102310535,-347.01210231053483
3485,train,8000,7822.267874722306,177.73212527769374
3378,train,7500,6628.183370814778,871.8166291852222
3438,train,12500,10654.038463954588,1845.9615360454118
3540,train,72000,50167.573639130074,21832.426360869926
249,train,6000,7543.240250577559,-1543.240250577559
954,train,40000,26772.155261093576,13227.844738906424
1649,train,22000,17539.692515523002,4460.307484476998
1415,train,25000,24774.678748851304,225.32125114869632
4254,train,15000,13209.913401083753,1790.0865989162467
45,train,10000,12542.105504094057,-2542.1055040940573
1132,train,75000,92968.72320065646,-17968.72320065646
3209,train,14000,9883.718407723674,4116.281592276326
3493,train,60000,50911.58590747788,9088.414092522122
3484,train,25000,22575.26358997701,2424.7364100229897
2392,train,11000,9734.875559190055,1265.1244408099446
94,train,20000,14576.816183442437,5423.183816557563
3897,train,11000,10435.29125170532,564.7087482946808
4324,train,52000,65438.15969808452,-13438.15969808452
1387,train,210000,215942.1637272499,-5942.163727249892
1700,train,6000,6659.662290126197,-659.6622901261971
4473,train,8000,11129.859526671953,-3129.859526671953
4413,train,10000,12623.74069138906,-2623.740691389061
3787,train,80000,96354.52044090569,-16354.52044090569
2400,train,16000,11678.022765112575,4321.977234887425
3007,train,12000,12483.359491723711,-483.35949172371147
3641,train,11000,12978.63532825229,-1978.6353282522905
3659,train,18000,16386.277577875673,1613.7224221243268
1816,train,11000,12308.861343875367,-1308.8613438753673
626,train,180000,234500.3988360525,-54500.39883605251
3588,train,18000,10781.09980624807,7218.90019375193
548,train,8000,11522.451155560255,-3522.451155560255
4586,train,37000,40175.3196393601,-3175.319639360103
1443,train,55000,50671.189033426905,4328.810966573095
2807,train,15000,15656.391333936956,-656.3913339369556
4167,train,85000,66966.29119714521,18033.708802854788
73,train,6500,7277.599669685334,-777.5996696853344
2498,train,25000,19631.805648896607,5368.194351103393
2679,train,35000,23267.09457028426,11732.905429715742
980,train,40000,41946.44022440487,-1946.4402244048688
1532,train,50000,43984.85004552626,6015.149954473738
2128,train,13000,14254.657512615739,-1254.6575126157386
971,train,130000,163928.45830212862,-33928.45830212862
4013,train,27000,29900.92188248767,-2900.92188248767
195,train,6000,7197.508483097899,-1197.5084830978994
260,train,25000,37920.86855831798,-12920.868558317983
1224,train,60000,53438.79459661646,6561.2054033835375
162,train,3500,3592.019002922381,-92.01900292238088
651,train,17500,20807.223700637616,-3307.2237006376163
3584,train,22000,20458.64611540904,1541.3538845909607
3900,train,23382,23089.43807022079,292.5619297792109
3998,train,18000,18913.887732440835,-913.887732440835
4390,train,20000,13478.401319321769,6521.598680678231
2935,train,14000,22601.331406526257,-8601.331406526257
686,train,160000,113279.66097384792,46720.33902615208
1668,train,15000,17457.923851975705,-2457.9238519757055
2666,train,8500,10178.457777788048,-1678.4577777880477
3490,train,8500,11613.109834936997,-3113.109834936997
3032,train,150000,106969.90466511782,43030.09533488218
4047,train,45000,62925.388719057206,-17925.388719057206
1342,train,18000,19212.635010228987,-1212.635010228987
1348,train,140000,98691.09002586656,41308.909974133436
902,train,8000,11885.450695310376,-3885.4506953103755
3314,train,22000,17063.3491177667,4936.650882233302
913,train,21000,21271.29884777457,-271.2988477745712
2574,train,45000,42210.71210730699,2789.2878926930134
1293,train,33000,28020.60073095687,4979.39926904313
4228,train,16000,11453.248320786855,4546.751679213145
153,train,20000,17460.69461794544,2539.305382054561
2974,train,9000,6891.477449085764,2108.5225509142356
4656,train,20000,12132.64544734209,7867.354552657909
586,train,38000,39183.027145895525,-1183.0271458955249
3492,train,11000,10605.427281819522,394.57271818047775
1207,train,40000,27055.341931545623,12944.658068454377
1450,train,14000,15643.14567153595,-1643.145671535951
3639,train,10000,12585.648957447334,-2585.6489574473344
4578,train,15000,19095.721797503425,-4095.7217975034255
3344,train,8500,10016.30817756157,-1516.3081775615701
3847,train,40000,62595.903160083515,-22595.903160083515
4024,train,15000,13124.287569802265,1875.7124301977346
3671,train,11000,10957.166460859908,42.8335391400924
3226,train,38000,37712.35729873264,287.64270126735937
829,train,75000,47741.67924350068,27258.32075649932
1133,train,45000,61301.90494819594,-16301.904948195937
2737,train,13000,11131.731347974459,1868.268652025541
4115,train,18000,14507.9219854753,3492.078014524701
3548,train,8500,9846.792906307635,-1346.7929063076353
997,train,39000,43412.524996605425,-4412.524996605425
276,train,5000,6417.089449763257,-1417.089449763257
601,train,70000,69102.64170053614,897.3582994638564
3203,train,80000,69936.57202736339,10063.427972636608
2360,train,6000,8413.469390441738,-2413.469390441738
3912,train,25000,18938.954054618174,6061.045945381826
2293,train,9000,6685.071283031795,2314.9287169682048
1745,train,5500,6689.415431082495,-1189.4154310824952
11,train,5000,5570.675521478585,-570.6755214785853
3476,train,13000,18127.386751552956,-5127.386751552956
1420,train,75000,57763.73513048217,17236.26486951783
554,train,23000,34225.28807992391,-11225.288079923906
1268,train,43000,49413.99912198624,-6413.999121986242
4671,train,18000,18757.69531907091,-757.69531907091
1643,train,20000,19070.936561133607,929.063438866393
4327,train,7000,11325.178654178519,-4325.178654178519
2515,train,85000,71449.62522028359,13550.37477971641
2941,train,10000,6807.418739378682,3192.5812606213176
948,train,45000,44469.30045347879,530.6995465212094
3379,train,12500,11371.168524345832,1128.8314756541677
1480,train,680000,389479.0915410804,290520.9084589196
3464,train,22000,18445.619364607344,3554.3806353926557
2125,train,20000,16233.227672832742,3766.7723271672585
2285,train,24000,19952.46537006831,4047.5346299316916
1315,train,40000,43053.87164996377,-3053.8716499637667
983,train,110000,119930.25608362992,-9930.256083629924
3387,train,15000,13891.536682040773,1108.4633179592274
2814,train,70000,54797.448254679955,15202.551745320045
2780,train,33000,36802.314350219116,-3802.314350219116
2771,train,9000,10263.114496621361,-1263.1144966213615
2017,train,15000,9607.911195228204,5392.088804771796
2152,train,75000,57538.48544718106,17461.51455281894
3109,train,75000,67146.96739893005,7853.03260106995
3363,train,12000,11271.559391547486,728.4406084525144
1366,train,90000,76989.881110315,13010.118889685007
414,train,8500,10310.554375234551,-1810.5543752345511
2658,train,29000,34432.48785106078,-5432.487851060781
2137,train,13000,16741.41689588916,-3741.4168958891605
1033,train,400000,273069.9406545216,126930.05934547842
2549,train,10000,19095.77904842793,-9095.779048427929
950,train,160000,170857.291495037,-10857.291495037003
4004,train,9000,7242.246769048651,1757.753230951349
4113,train,9000,10851.00116620108,-1851.0011662010802
1208,train,52000,52925.568458805996,-925.5684588059958
1014,train,44000,52170.06704339645,-8170.067043396448
4080,train,18000,16366.30157879707,1633.6984212029292
2398,train,350000,93951.15276190235,256048.84723809763
2420,train,13000,14484.915562167362,-1484.9155621673617
4231,train,10000,8915.015007754373,1084.984992245627
113,train,12000,11426.846229723882,573.1537702761179
2500,train,22000,25117.635710070917,-3117.6357100709174
2489,train,8000,10236.719339051473,-2236.719339051473
809,train,55000,64685.42274136719,-9685.42274136719
1447,train,170000,214225.2204243729,-44225.22042437291
835,train,40000,32013.70294010768,7986.29705989232
3232,train,7000,5731.588566321802,1268.4114336781977
3596,train,9800,14186.241552421645,-4386.241552421645
4083,train,14000,13055.672938128477,944.3270618715233
3160,train,12000,11399.49373747125,600.5062625287501
27,train,6000,8698.948262161042,-2698.9482621610423
4109,train,6500,7253.54055015471,-753.5405501547102
3709,train,20000,23868.303585378522,-3868.3035853785223
1949,train,22000,14572.623171398869,7427.376828601131
4039,train,17000,15949.69780869349,1050.3021913065095
3719,train,12000,11831.579328012958,168.42067198704171
2221,train,18000,13598.598028559867,4401.401971440133
1719,train,7000,7627.293627926115,-627.2936279261148
3381,train,16000,13338.637049686462,2661.362950313538
1971,train,10000,13047.741823681123,-3047.7418236811227
2306,train,8000,8334.303607261585,-334.30360726158506
2110,train,8500,12209.178654075242,-3709.178654075242
3297,train,29000,25562.140807456824,3437.8591925431756
4051,train,15000,12606.048873637272,2393.9511263627282
2681,train,30000,37793.30272285977,-7793.302722859771
3019,train,8000,8885.063113298533,-885.0631132985327
2189,train,28000,36365.707585834774,-8365.707585834774
3767,train,6000,6765.064509133202,-765.0645091332017
294,train,10000,10158.088683156948,-158.0886831569478
115,train,14000,14105.198110542675,-105.19811054267484
4016,train,10000,11638.545442620469,-1638.5454426204687
2447,train,5500,6427.48784164293,-927.4878416429301
2037,train,10000,8651.436164312576,1348.5638356874242
3930,train,20000,18277.540765732254,1722.459234267746
4362,train,13000,13086.75416396655,-86.75416396655055
3799,train,15000,13943.06164219341,1056.93835780659
1029,train,180000,172991.1989006431,7008.801099356904
88,train,6500,7604.24468376278,-1104.2446837627804
900,train,180000,153699.72613603264,26300.273863967363
1309,train,85000,66164.30047093125,18835.69952906875
4065,train,8000,13188.232890878495,-5188.232890878495
2147,train,39000,39999.21996275416,-999.2199627541631
3509,train,110000,60216.267596440295,49783.732403559705
1371,train,49000,51494.79109430603,-2494.791094306027
552,train,14000,20254.38666817437,-6254.386668174371
1692,train,10000,9173.381056739043,826.6189432609572
989,train,150000,120500.38722314913,29499.612776850874
3361,train,16000,18138.395841890182,-2138.395841890182
646,train,80000,46102.325578756354,33897.674421243646
2243,train,4700,6200.9785342204505,-1500.9785342204505
2058,train,12000,14703.864526396826,-2703.8645263968265
1591,train,8000,6969.221890961406,1030.7781090385943
3728,train,10000,11132.821122982434,-1132.8211229824337
4171,train,10000,12639.786909203856,-2639.7869092038563
2591,train,30000,30970.793712976792,-970.7937129767924
4621,train,11500,12177.545856022169,-677.5458560221687
739,train,65000,53622.96939317706,11377.03060682294
4169,train,14000,10410.888316948221,3589.1116830517785
3806,train,5000,6510.5173159815795,-1510.5173159815795
1108,train,24000,32748.62824661962,-8748.62824661962
2849,train,25000,18858.777018127985,6141.222981872015
4660,train,140000,190750.57889351866,-50750.57889351866
726,train,150000,202680.74611898873,-52680.746118988725
2070,train,8000,10085.26935034265,-2085.269350342651
2543,train,6000,10758.87896181218,-4758.878961812179
4238,train,8500,10548.582156789,-2048.582156789
4249,train,12000,9421.435354557872,2578.5646454421276
3469,train,9000,12110.230292588874,-3110.2302925888744
2851,train,14000,12482.543557865552,1517.4564421344476
2151,train,17500,22168.958844558332,-4668.958844558332
2395,train,11000,17950.21214788765,-6950.212147887651
2547,train,45000,31716.152874428957,13283.847125571043
1640,train,15000,17727.131710543334,-2727.1317105433336
3770,train,16000,20354.74760961608,-4354.747609616079
4212,train,12500,12936.429555672312,-436.42955567231184
3935,train,18000,17239.05298651615,760.9470134838484
400,train,6000,6262.282004107845,-262.28200410784484
59,train,8500,10606.168681482626,-2106.168681482626
563,train,40000,50945.466112419366,-10945.466112419366
3890,train,10500,10376.620285751393,123.37971424860734
775,train,36000,38969.07919002073,-2969.079190020733
1737,train,6000,6925.921261815491,-925.9212618154907
4359,train,95000,72800.45654990824,22199.54345009176
1454,train,55000,61729.28221392562,-6729.282213925617
2785,train,23000,23822.203150224042,-822.2031502240425
2980,train,90000,82238.58056379491,7761.419436205091
1652,train,15000,12582.02059466976,2417.9794053302394
4576,train,15000,13341.538283344036,1658.4617166559638
2779,train,20000,23243.30168164893,-3243.301681648929
3425,train,14000,14041.93670291872,-41.936702918719675
4674,train,19000,18357.1537437103,642.8462562897002
2898,train,11000,9862.678233830746,1137.3217661692543
2604,train,21000,32752.681200096926,-11752.681200096926
523,train,25000,20072.102213972365,4927.897786027635
3409,train,20000,19612.099674174926,387.9003258250741
2141,train,15000,17435.01107273758,-2435.0110727375795
4720,train,13000,11964.462985337168,1035.537014662832
1086,train,200000,123058.6949711944,76941.3050288056
286,train,12000,9379.985819140476,2620.0141808595235
1992,train,8500,11283.758760087358,-2783.7587600873576
1841,train,12000,11660.25296947122,339.74703052878067
2282,train,6500,8803.156435860365,-2303.1564358603646
1416,train,75000,74965.82163376099,34.17836623900803
1452,train,7000,16262.811143602677,-9262.811143602677
4055,train,25000,20409.941794536826,4590.058205463174
2766,train,10000,12184.277693200442,-2184.2776932004417
967,train,32000,35760.25300618783,-3760.253006187828
4135,train,14000,15561.997343926063,-1561.997343926063
2975,train,9000,11850.625324778102,-2850.6253247781024
2683,train,13000,17096.15500750141,-4096.155007501409
3347,train,7000,6795.374046803662,204.62595319633783
650,train,250000,289059.48802390456,-39059.48802390456
1650,train,6000,5781.113835624558,218.8861643754417
4727,train,15000,17371.14168732006,-2371.1416873200615
3669,train,13500,10045.06592959257,3454.9340704074293
5,train,7000,7428.326919956379,-428.32691995637924
2294,train,7500,14558.086501503172,-7058.086501503172
4438,train,7000,9381.681146549041,-2381.681146549041
58,train,7000,8788.829137119794,-1788.8291371197938
2649,train,7000,9953.126340412507,-2953.1263404125075
754,train,29999,27958.994623553204,2040.0053764467957
3522,train,15000,10124.59864078181,4875.401359218189
4310,train,9000,7675.26582894334,1324.7341710566598
2101,train,18000,17744.506854326617,255.49314567338297
3321,train,20000,26856.75003786896,-6856.750037868958
1406,train,45000,51874.50140557143,-6874.501405571427
2511,train,45000,35382.15750069767,9617.842499302329
26,train,5300,5723.32152453891,-423.3215245389101
4043,train,12000,10765.323779032382,1234.676220967618
4026,train,20000,14533.58922029292,5466.410779707079
1843,train,15000,16698.78764622081,-1698.7876462208114
315,train,8000,11013.04811199835,-3013.0481119983506
3489,train,15000,13796.385695405595,1203.6143045944045
660,train,47000,49578.095212185835,-2578.0952121858354
2593,train,19500,16424.315983385506,3075.684016614494
325,train,14000,11618.96142996346,2381.0385700365405
4481,train,15000,15083.941375821145,-83.9413758211449
1394,train,12000,12649.63391880849,-649.6339188084894
1233,train,55000,58769.4161144584,-3769.4161144583995
4651,train,22000,30932.73756794023,-8932.737567940228
2710,train,16500,15903.80932902803,596.1906709719697
1189,train,12500,15497.164725264503,-2997.1647252645034
678,train,32000,23150.773458789627,8849.226541210373
536,train,49000,27300.950007131076,21699.049992868924
2829,train,20000,20770.475463986637,-770.4754639866369
2914,train,150000,165800.5114016196,-15800.511401619588
2336,train,120000,78691.46354807961,41308.53645192039
1002,train,190000,168013.7139535026,21986.286046497407
2578,train,12000,8795.854472952504,3204.145527047496
2854,train,10000,11669.20862809351,-1669.208628093509
4573,train,6500,8929.14409904129,-2429.1440990412902
4244,train,6000,8301.10263587365,-2301.102635873651
2067,train,30000,38361.98930447758,-8361.989304477582
2225,train,110000,65014.69864962747,44985.30135037253
49,train,15000,15098.598009606005,-98.59800960600478
2540,train,15000,16341.51659312439,-1341.51659312439
3994,train,9000,7412.712046166555,1587.2879538334446
3510,train,8500,6988.050451043359,1511.9495489566407
2983,train,15000,15734.61401416282,-734.6140141628202
1421,train,350000,257766.95890564958,92233.04109435042
4399,train,55000,30487.82795070408,24512.17204929592
460,train,12500,13494.7525853865,-994.7525853865009
2759,train,15000,13766.73064870517,1233.26935129483
3120,train,8500,16374.650674263028,-7874.650674263028
2481,train,150000,118433.77801652395,31566.221983476047
3915,train,6500,8916.577659744207,-2416.5776597442073
2199,train,19500,15584.961257207136,3915.0387427928636
4112,train,12000,13027.92061317232,-1027.9206131723204
3042,train,30000,31025.66293338322,-1025.6629333832207
3327,train,13000,13542.89050729225,-542.8905072922498
3292,train,14000,12718.667147350323,1281.332852649677
3182,train,20000,15222.042286019181,4777.957713980819
1869,train,15000,18427.898693871637,-3427.898693871637
3368,train,10000,11285.168631166289,-1285.1686311662888
2469,train,45000,24995.7031157637,20004.2968842363
119,train,14000,13580.723181037016,419.2768189629842
3730,train,19397,22614.719066631562,-3217.719066631562
367,train,21000,17149.20144589636,3850.7985541036396
1986,train,17000,8785.382395774539,8214.617604225461
1912,train,9300,9690.93169318674,-390.9316931867397
3651,train,8000,9909.802768707066,-1909.8027687070662
2099,train,8000,8148.453050362732,-148.45305036273203
116,train,5000,4584.357823155788,415.6421768442124
3958,train,50000,53348.0295965392,-3348.0295965391997
3111,train,6500,7516.123564932979,-1016.1235649329792
3521,train,30000,29912.30282333619,87.69717666380893
3865,train,10677,12376.381031498355,-1699.3810314983548
4626,train,45000,42620.778475742736,2379.221524257264
649,train,18000,22083.58916893178,-4083.5891689317796
1519,train,54000,46435.32462509423,7564.675374905768
3697,train,12000,15143.23879605073,-3143.2387960507294
1081,train,300000,279588.77895397216,20411.221046027844
2211,train,12000,14012.933908937173,-2012.9339089371733
3372,train,16500,21720.440252535605,-5220.440252535605
1391,train,27000,42523.02340665687,-15523.023406656866
1811,train,23000,16288.578498216197,6711.421501783803
2063,train,12500,7662.5593924766135,4837.4406075233865
3467,train,10000,16917.30164372783,-6917.301643727831
4198,train,15000,14797.383268661946,202.6167313380538
2156,train,12000,16348.233888649222,-4348.233888649222
3570,train,15000,15890.668664110026,-890.6686641100259
1654,train,10000,11148.533025387469,-1148.533025387469
4056,train,36000,20324.082535960762,15675.917464039238
615,train,60000,44858.15403070264,15141.845969297363
4314,train,19500,18278.36347299424,1221.6365270057613
4687,train,30000,70608.99951555734,-40608.99951555734
3946,train,12500,13973.190290684266,-1473.190290684266
3043,train,10000,10732.479114141444,-732.4791141414444
509,train,6000,7126.108225697875,-1126.1082256978752
4424,train,35000,37379.1318310294,-2379.131831029401
3173,train,10000,12015.754466891714,-2015.7544668917144
1357,train,75000,80920.13439703277,-5920.1343970327725
947,train,40000,56718.30280632971,-16718.30280632971
912,train,100000,49406.88590997338,50593.11409002662
532,train,130000,162803.09481875304,-32803.094818753045
3342,train,18999,19753.367172354363,-754.367172354363
3055,train,6000,8358.794287195271,-2358.794287195271
1688,train,22000,19681.451832680992,2318.548167319008
3034,train,15000,13400.764327883273,1599.235672116727
2947,train,12000,12903.091868875894,-903.0918688758939
447,train,12000,17342.88703643484,-5342.88703643484
3542,train,17000,16268.961995583599,731.0380044164012
3918,train,12500,16778.015296898193,-4278.015296898193
2611,train,20500,21479.026184302784,-979.0261843027838
624,train,150000,158584.61398526205,-8584.613985262054
87,train,22000,16928.967877732135,5071.032122267865
1612,train,13500,12717.132785065605,782.8672149343947
1906,train,160000,188016.40104892664,-28016.401048926637
3700,train,160000,111878.41745820602,48121.58254179398
2691,train,14500,14205.476280037743,294.523719962257
2424,train,27000,25572.422022588395,1427.5779774116054
789,train,180000,157023.67205915073,22976.327940849267
2932,train,10000,11584.250963894941,-1584.2509638949414
1536,train,15000,12301.988500611013,2698.0114993889874
4152,train,120000,133445.3637726632,-13445.3637726632
1050,train,30000,35944.38979246333,-5944.3897924633275
4698,train,25000,13195.645959130514,11804.354040869486
4464,train,6500,8315.226886374223,-1815.2268863742229
2337,train,7000,7516.726938996054,-516.7269389960538
864,train,18000,22968.172436614543,-4968.172436614543
2000,train,32000,17661.17832150305,14338.821678496952
2784,train,10000,13347.733047855456,-3347.733047855456
4162,train,7000,11134.252201324323,-4134.252201324323
382,train,6500,7809.576620527777,-1309.5766205277769
2086,train,17500,12675.567747509085,4824.432252490915
1712,train,14000,14741.22621874739,-741.2262187473898
68,train,6500,8669.26179744187,-2169.26179744187
1863,train,20000,23444.372163430126,-3444.3721634301255
2159,train,12000,12052.968925267312,-52.96892526731244
1601,train,55000,54104.04641893517,895.9535810648304
4040,train,9000,10547.58331313802,-1547.5833131380205
926,train,77500,72117.4714281335,5382.528571866496
4272,train,45000,46959.7354260884,-1959.7354260884022
602,train,150000,137224.87039399648,12775.129606003524
77,train,5000,6337.46007579428,-1337.4600757942799
2315,train,7000,8457.128881385453,-1457.1288813854535
478,train,18000,17345.15689847763,654.8431015223687
3266,train,35000,27441.41209568987,7558.58790431013
2188,train,12500,11374.627009707265,1125.3729902927353
4708,train,20000,20399.552248683118,-399.5522486831178
4711,train,17000,13581.255149511964,3418.744850488036
1785,train,9000,9342.436606659849,-342.4366066598486
371,train,7000,10980.137337072369,-3980.1373370723686
1392,train,26000,20408.628880232154,5591.371119767846
1316,train,650000,543127.3517061411,106872.64829385886
3242,train,15000,19204.662450309268,-4204.662450309268
1695,train,56000,68741.91542456107,-12741.91542456107
2399,train,16000,18729.12552612359,-2729.125526123589
895,train,45000,47503.36568397645,-2503.3656839764517
1827,train,10000,11109.002394817317,-1109.0023948173166
4015,train,13000,13411.317735322627,-411.3177353226274
1749,train,15000,17713.8525738326,-2713.852573832599
2309,train,12500,11107.486801393883,1392.513198606117
1799,train,6500,7641.398558214732,-1141.3985582147316
3239,train,10000,9287.455178009524,712.5448219904756
2123,train,25000,20711.46324905072,4288.536750949279
1217,train,58000,61327.7261887476,-3327.726188747598
283,train,10000,8688.136983026634,1311.863016973366
133,train,4700,5350.196037168761,-650.196037168761
1855,train,8000,7465.847829868477,534.1521701315232
3959,train,40000,40325.307136319076,-325.30713631907565
908,train,32000,28938.08311140141,3061.916888598589
2826,train,20000,22333.189001868388,-2333.189001868388
731,train,40000,32106.222841653842,7893.777158346158
3224,train,12000,14806.987988462428,-2806.987988462428
3606,train,12000,9812.817950789802,2187.182049210198
1969,train,18000,16538.98658688528,1461.0134131147206
3434,train,20000,16920.85523497576,3079.1447650242408
3450,train,5000,6475.289588981502,-1475.2895889815018
4665,train,14000,11769.81260471015,2230.1873952898495
2036,train,12000,10473.53761677303,1526.46238322697
4350,train,26000,20158.21573048039,5841.784269519609
4068,train,8000,8803.42052634042,-803.4205263404201
888,train,35000,37477.055219582275,-2477.0552195822747
1283,train,21000,25045.43113009998,-4045.43113009998
4636,train,12000,12462.153360479175,-462.1533604791748
15,train,40000,24756.726187089975,15243.273812910025
1000,train,25000,24791.332523098237,208.6674769017627
3205,train,23000,27543.094611956567,-4543.094611956567
4099,train,5400,6357.679041269784,-957.6790412697837
403,train,5000,5935.734284572784,-935.7342845727844
847,train,300000,351019.3161184581,-51019.31611845811
2445,train,23000,11958.471904690394,11041.528095309606
1669,train,11500,8671.37301747121,2828.626982528791
4445,train,6000,6541.037664829735,-541.0376648297351
350,train,5500,7318.223144508116,-1818.223144508116
278,train,6500,5522.848331474019,977.1516685259812
375,train,9900,9003.442466317221,896.5575336827787
3620,train,45000,36762.47721369678,8237.52278630322
358,train,12000,10314.878951364382,1685.1210486356176
644,train,55000,48029.532801498346,6970.467198501654
617,train,84500,75553.90031286444,8946.09968713556
1655,train,21000,18254.945631499086,2745.0543685009143
2961,train,40000,32051.031988488914,7948.968011511086
3090,train,15000,18540.84294390155,-3540.842943901549
2317,train,11000,10391.554206825667,608.4457931743327
3508,train,6800,6159.9958943714355,640.0041056285645
879,train,28000,35709.81683106572,-7709.81683106572
2942,train,35000,29044.86529628655,5955.134703713451
3216,train,7000,7062.52269948485,-62.52269948484991
2731,train,18000,20291.474928583644,-2291.474928583644
4227,train,12000,11655.051475458236,344.9485245417636
3275,train,23000,27889.34112480331,-4889.341124803312
4440,train,9000,11515.88455388923,-2515.884553889229
3670,train,26000,18394.27805365112,7605.72194634888
2577,train,25000,27992.502831314352,-2992.502831314352
2038,train,25000,17106.910135950493,7893.089864049507
4447,train,21000,13972.193325940563,7027.806674059437
407,train,35000,35446.67471195181,-446.67471195181133
3996,train,8000,10127.052322917747,-2127.052322917747
1730,train,29000,30724.10230027742,-1724.10230027742
387,train,6000,6926.038718953954,-926.0387189539542
1781,train,20000,23652.88258694786,-3652.8825869478605
3702,train,6000,6800.550739432334,-800.550739432334
4683,train,8000,11966.271082655367,-3966.2710826553666
2510,train,11500,11221.403456985576,278.59654301442424
1764,train,4500,6844.460977174802,-2344.460977174802
4419,train,6000,6154.895494089367,-154.89549408936728
474,train,7000,7017.244913370345,-17.244913370344875
3339,train,12000,6879.813105355461,5120.186894644539
2235,train,12000,12268.843793469565,-268.84379346956484
1042,train,14000,16308.076643286788,-2308.0766432867877
3828,train,70000,75244.70993852524,-5244.709938525237
3093,train,15000,16504.888797974,-1504.8887979739993
738,train,55100,47823.20392615907,7276.796073840931
2412,train,20000,13833.194400254919,6166.805599745081
3810,train,28000,14964.607215418326,13035.392784581674
273,train,15000,7985.051674849041,7014.948325150959
4693,train,12000,13059.011489911685,-1059.0114899116852
4384,train,13000,16753.201953746546,-3753.2019537465458
1458,train,27000,29420.520857335956,-2420.520857335956
943,train,15000,29500.30502497724,-14500.305024977239
3194,train,16000,17558.544644871166,-1558.5446448711664
1664,train,20000,17142.1443634074,2857.8556365926015
134,train,14000,10367.448148575235,3632.551851424765
3236,train,7000,6698.342931332432,301.6570686675677
1171,train,54000,53804.904915939675,195.09508406032546
1818,train,10000,15006.386547104603,-5006.386547104603
413,train,6800,7359.71364010862,-559.71364010862
1273,train,65000,67707.84831416153,-2707.848314161529
2266,train,15000,14305.957538141949,694.042461858051
511,train,5000,6079.306046417402,-1079.3060464174023
2966,train,18000,20086.345796227986,-2086.3457962279863
3171,train,11500,12547.804599094341,-1047.804599094341
569,train,65000,52043.06512097058,12956.934879029417
524,train,70000,78285.3830182512,-8285.383018251203
3646,train,12000,14412.053917114394,-2412.0539171143937
1966,train,10000,9574.20504453543,425.7949554645693
4205,train,7500,10673.789124878767,-3173.7891248787673
2981,train,200000,194986.8996476424,5013.100352357607
825,train,55000,75134.35934237919,-20134.35934237919
2595,train,25000,17253.06871896918,7746.931281030818
3992,train,9500,12148.560447759979,-2648.560447759979
2638,train,45000,52909.545439399924,-7909.545439399924
3276,train,11000,10805.762084978234,194.23791502176573
394,train,8500,9492.253398054467,-992.2533980544667
81,train,8200,6483.198382408458,1716.8016175915418
3975,train,10000,8994.61689286474,1005.3831071352597
3049,train,15000,10844.126929634473,4155.873070365527
1615,train,12000,11697.007634806292,302.9923651937079
72,train,16000,14341.76098196331,1658.2390180366892
2716,train,8000,9866.616282878636,-1866.6162828786364
3047,train,30000,25005.497766021435,4994.502233978565
2087,train,6500,8470.783655971396,-1970.783655971396
2971,train,12000,12579.750147168872,-579.750147168872
3170,train,25000,24861.361357253256,138.63864274674415
3878,train,13000,13348.659419242747,-348.6594192427474
1089,train,6000,6844.591002498648,-844.5910024986479
29,train,12500,9270.728061149008,3229.2719388509922
3114,train,15000,11142.35872099819,3857.6412790018094
3300,train,8200,10351.411571760076,-2151.411571760076
339,train,7500,8908.725958583018,-1408.725958583018
3421,train,6000,9466.143472987878,-3466.1434729878783
1125,train,14000,17029.4256072733,-3029.4256072733006
2072,train,8000,7667.412634976779,332.5873650232206
3616,train,17500,17493.48533752726,6.514662472738564
1748,train,8500,7446.46329697411,1053.5367030258903
550,train,20000,28875.82860535902,-8875.82860535902
3287,train,7000,13032.785358518811,-6032.785358518811
2205,train,280000,179552.9508326318,100447.04916736821
785,train,85000,47058.54015349472,37941.45984650528
2124,train,14000,13257.85559615891,742.14440384109
84,train,6700,9360.228547603108,-2660.2285476031084
2504,train,15000,16893.053096704527,-1893.053096704527
1633,train,20000,13058.28216517175,6941.7178348282505
3073,train,75000,60084.1580666318,14915.841933368203
2743,train,530000,314725.3946048739,215274.6053951261
2761,train,50000,42555.44003976284,7444.5599602371585
2181,train,9500,11174.277204872793,-1674.277204872793
2973,train,31000,28713.705024951796,2286.294975048204
2455,train,5000,7836.9572386002465,-2836.9572386002465
1163,train,40000,41092.98931766811,-1092.989317668107
2289,train,4000,4860.567352637007,-860.5673526370074
4253,train,11000,12292.071328180322,-1292.0713281803219
3515,train,17000,17635.223138830166,-635.2231388301661
4114,train,60000,65563.78614789437,-5563.786147894367
1540,train,12000,12241.248772436647,-241.2487724366474
3513,train,10000,11875.276917054673,-1875.2769170546726
4692,train,7500,10190.504210144889,-2690.504210144889
1470,train,80000,84249.18876275806,-4249.188762758058
2068,train,25000,23711.906093171725,1288.093906828275
3432,train,10500,12218.199492157613,-1718.1994921576133
679,train,150000,158947.2361481696,-8947.236148169613
2633,train,22000,16666.38962871319,5333.61037128681
2915,train,13000,14384.661638968004,-1384.661638968004
543,train,21000,24631.07499571092,-3631.0749957109183
1793,train,30000,34456.95652666121,-4456.956526661212
2402,train,8000,8020.871038984948,-20.871038984948427
940,train,36000,28577.11833916354,7422.881660836461
352,train,7000,7078.217916761284,-78.21791676128396
1023,train,45000,50610.174871805284,-5610.174871805284
786,train,75000,81610.46398339847,-6610.463983398469
1964,train,6500,6760.643050301461,-260.6430503014608
3051,train,20000,16493.319397854335,3506.680602145665
2647,train,5500,10573.934058663035,-5073.934058663035
3520,train,8000,9208.332142918478,-1208.332142918478
2866,train,8000,10946.806476631325,-2946.8064766313255
4136,train,25000,20677.579478121563,4322.420521878437
1031,train,20000,18851.33640981375,1148.66359018625
2472,train,9000,9118.673084968143,-118.67308496814258
284,train,1500,3245.9669974106205,-1745.9669974106205
3721,train,16000,21364.306354395052,-5364.306354395052
4554,train,7500,9584.579911238006,-2084.5799112380064
1667,train,14500,14500.400484969086,-0.4004849690863921
2627,train,25000,19998.183759867614,5001.816240132386
2880,train,7000,6516.803180868999,483.19681913100067
2076,train,6000,9280.566697952207,-3280.5666979522066
4052,train,5500,6729.653293015616,-1229.6532930156163
4048,train,20000,17750.61584704138,2249.3841529586207
3656,train,16000,14454.927095747596,1545.0729042524035
2260,train,100000,69834.64083812799,30165.35916187201
1945,train,30000,23739.611078715414,6260.388921284586
1486,train,45000,48364.66038811882,-3364.6603881188203
308,train,13000,16386.017910971033,-3386.0179109710334
1150,train,65000,65588.83360125756,-588.8336012575601
762,train,53500,49558.969541334984,3941.0304586650163
1638,train,30000,32759.9816811025,-2759.981681102501
599,train,120000,129316.86913713647,-9316.86913713647
3005,train,20000,17215.1032845323,2784.896715467701
253,train,12000,16466.502634503737,-4466.502634503737
143,train,8000,9225.499380678013,-1225.499380678013
1738,train,16000,17701.194065405845,-1701.1940654058453
2341,train,11000,14109.950487805036,-3109.9504878050357
4219,train,9000,10761.028777165626,-1761.0287771656258
4486,train,12000,12510.069420234422,-510.06942023442207
3129,train,8500,11234.688544769013,-2734.688544769013
3388,train,7500,13881.516787990175,-6381.516787990175
1122,train,40000,35020.99439125864,4979.005608741361
4370,train,30000,36091.78837797905,-6091.78837797905
51,train,7500,5784.812368754375,1715.1876312456252
1770,train,10000,14384.237994809058,-4384.237994809058
3554,train,16000,11023.183180700482,4976.816819299518
2564,train,14500,23097.56706825007,-8597.567068250071
3253,train,12000,11527.152871114005,472.8471288859946
2319,train,60000,61519.433720735506,-1519.4337207355056
2254,train,17600,16545.730450522413,1054.2695494775871
2910,train,13000,17189.128348533035,-4189.128348533035
2929,train,42000,43849.24618042152,-1849.24618042152
4378,train,12000,14018.127515174643,-2018.1275151746431
4351,train,8000,7667.511193524602,332.4888064753977
845,train,28000,44358.314661755954,-16358.314661755954
4130,train,12000,10703.86523477199,1296.1347652280092
3691,train,5000,6157.8450191195225,-1157.8450191195225
674,train,32000,32021.393552238118,-21.39355223811799
1959,train,10000,6556.854381821088,3443.1456181789117
2752,train,7000,10555.28306326406,-3555.28306326406
1623,train,6500,8545.784798292887,-2045.784798292887
3964,train,16000,15489.661043227274,510.3389567727263
4701,train,12500,11747.037710737515,752.9622892624848
1629,train,15000,14167.143470067293,832.8565299327074
3085,train,16000,16957.678890093874,-957.6788900938736
2354,train,17000,15897.077883975282,1102.922116024718
4159,train,17500,18853.06975229861,-1353.0697522986084
1621,train,18000,18247.57767182473,-247.5776718247289
4614,train,9500,10176.472120128969,-676.4721201289685
1776,train,12000,15790.637908153069,-3790.6379081530686
436,train,7000,11035.99925355581,-4035.9992535558104
3384,train,16000,17998.007830395814,-1998.0078303958144
732,train,180000,187589.61431138852,-7589.614311388519
415,train,5000,6376.353453050395,-1376.3534530503948
3271,train,13000,12702.768056816043,297.2319431839569
993,train,200000,223362.79634384735,-23362.796343847353
2419,train,16000,14328.631783148398,1671.3682168516025
529,train,160000,59998.63001386924,100001.36998613077
1594,train,4500,7387.744861289263,-2887.744861289263
52,train,5000,7601.519027891844,-2601.5190278918444
354,train,10000,10753.405529041222,-753.4055290412216
1218,train,130000,99034.76672481437,30965.23327518563
3877,train,7000,4937.084214448535,2062.915785551465
4282,train,7000,11187.810757132684,-4187.810757132684
4648,train,15000,13368.600929228518,1631.399070771482
2894,train,23000,27140.47059981595,-4140.470599815952
454,train,8500,8650.29452726148,-150.29452726147974
2789,train,30000,26343.77930554109,3656.220694458909
995,train,48000,43435.25336380088,4564.746636199117
2764,train,15000,18967.156561141383,-3967.1565611413826
152,train,5000,9660.177809725858,-4660.1778097258575
813,train,45000,54629.83435816731,-9629.83435816731
82,train,15000,12779.426202604453,2220.5737973955474
1662,train,8000,10278.76472731348,-2278.7647273134808
2333,train,9000,11706.009713462088,-2706.0097134620883
723,train,80000,70450.50996204047,9549.490037959535
3863,train,15000,12984.806020693522,2015.1939793064776
2832,train,8000,12614.881593004222,-4614.881593004222
695,train,17000,23311.693793014972,-6311.6937930149725
2844,train,28000,23237.754302134475,4762.245697865525
3760,train,8000,6246.137536118245,1753.8624638817546
4375,train,25000,21310.794959983145,3689.2050400168555
2608,train,32000,34956.51394780043,-2956.5139478004276
2684,train,11000,9656.968698379571,1343.031301620429
1007,train,39000,28974.380500994026,10025.619499005974
4354,train,10000,12866.955999033502,-2866.955999033502
1082,train,80000,50327.98034075207,29672.019659247933
2518,train,32000,29937.511563253574,2062.4884367464256
1717,train,5500,6950.684151358589,-1450.6841513585887
4639,train,80000,76337.85797604219,3662.1420239578147
3910,train,5500,5990.766917146409,-490.76691714640856
4328,train,16500,17429.373154689332,-929.3731546893323
3804,train,35000,29289.62785348567,5710.372146514332
1430,train,58000,51169.06543328176,6830.934566718242
3505,train,6500,5696.483249592742,803.5167504072579
3364,train,12000,11506.636712645222,493.36328735477764
2209,train,180000,104120.29191292016,75879.70808707984
4411,train,8000,10527.848518654397,-2527.8485186543967
2231,train,11000,13277.585941787325,-2277.5859417873253
2765,train,30000,25940.630432612008,4059.369567387992
2479,train,25000,21610.875762769487,3389.1242372305132
1404,train,50000,44580.98383685067,5419.016163149332
246,train,10000,12010.40816839316,-2010.40816839316
2711,train,100000,113402.03445578445,-13402.034455784451
3541,train,10000,7542.970609451416,2457.029390548584
1916,train,14000,14476.592459621372,-476.59245962137175
2562,train,10000,8043.378813173902,1956.621186826098
2831,train,40000,30624.286217462235,9375.713782537765
513,train,10000,10813.364182823567,-813.3641828235668
397,train,6000,5033.506905513055,966.4930944869448
581,train,28000,23289.404580962368,4710.595419037632
3311,train,280000,202973.87094601948,77026.12905398052
2130,train,24000,21202.85152816628,2797.1484718337197
3156,train,18000,19697.15919150412,-1697.1591915041208
3837,train,12000,15469.507110972856,-3469.507110972856
984,train,150000,196521.8891982343,-46521.889198234305
4193,train,30000,26996.341187558563,3003.6588124414375
3598,train,15000,17588.056854728424,-2588.056854728424
3665,train,15000,13436.546766449243,1563.4532335507574
244,train,15000,16560.523299911045,-1560.523299911045
327,train,7000,7132.390918361054,-132.390918361054
1569,train,12000,13070.015057422861,-1070.015057422861
4388,train,10000,13595.453297232982,-3595.4532972329816
3310,train,14500,13087.135818055849,1412.864181944151
161,train,10000,9180.931111158294,819.0688888417062
2198,train,7500,9461.585921076045,-1961.5859210760445
3913,train,23000,19109.769711130702,3890.2302888692975
1180,train,25000,25225.72034229157,-225.72034229156998
4111,train,12000,13431.75165528546,-1431.7516552854595
1350,train,21000,21113.835910874055,-113.83591087405512
4575,train,17500,17540.557324823087,-40.557324823086674
1794,train,120000,102737.73756086652,17262.262439133483
2859,train,40000,39394.55785848634,605.4421415136603
3161,train,16000,11340.507609879423,4659.492390120577
368,train,5000,4709.695221045119,290.30477895488093
4524,train,7500,8395.13789498505,-895.1378949850496
3686,train,25000,22244.06476571856,2755.935234281442
1697,train,25000,18072.876776764486,6927.123223235514
3358,train,4200,7340.350720448069,-3140.3507204480693
4147,train,20000,18091.990159218676,1908.0098407813239
3579,train,18000,17615.005123208033,384.9948767919668
3472,train,7000,15097.78048618703,-8097.78048618703
4145,train,10500,12939.296865353102,-2439.2968653531025
4103,train,14000,13185.77381961036,814.2261803896399
18,train,11000,10901.38784777307,98.61215222692954
2256,train,8000,9744.216606667935,-1744.2166066679347
2561,train,15000,11992.249404596827,3007.750595403173
498,train,10500,11803.684038315278,-1303.6840383152776
199,train,24000,20737.14054392396,3262.8594560760394
1339,train,46700,45614.02757193165,1085.9724280683513
657,train,160000,137885.64887272258,22114.35112727742
3893,train,14000,17615.495529909662,-3615.495529909662
2907,train,40000,39288.3586116265,711.6413883735004
139,train,15000,16647.989391107563,-1647.9893911075633
3739,train,13500,12584.97175814443,915.0282418555707
518,train,5000,5587.427594553931,-587.4275945539312
1057,train,45000,38840.33433468559,6159.665665314409
4216,train,45000,45675.58979421767,-675.5897942176671
3797,train,25000,20902.10240097502,4097.897599024978
3648,train,11000,11060.810643224706,-60.81064322470593
958,train,50000,55024.22688755078,-5024.22688755078
1620,train,11000,9230.456796740691,1769.543203259309
430,train,5000,4746.3411056528685,253.65889434713154
734,train,140000,125016.38902730144,14983.61097269856
1865,train,20000,20185.255454123806,-185.25545412380598
2664,train,30000,34925.066327350134,-4925.066327350134
3833,train,12000,11986.95871140828,13.041288591719422
440,train,8000,7021.8492618142745,978.1507381857255
4387,train,9000,9495.165747420844,-495.1657474208441
2720,train,9000,7665.509574239161,1334.4904257608387
2707,train,70000,91287.32643423336,-21287.326434233357
4174,train,25000,17723.344183232068,7276.655816767932
4363,train,12000,15508.088577421458,-3508.0885774214585
974,train,98000,114123.50139674108,-16123.501396741078
3488,train,17000,22229.11448204965,-5229.114482049648
3461,train,25000,25445.558120162525,-445.5581201625246
3264,train,14000,12834.181685934038,1165.818314065962
918,train,75000,51548.17777400109,23451.822225998912
3812,train,14000,11566.204556926448,2433.7954430735517
2956,train,52000,42358.404775805044,9641.595224194956
2551,train,8000,11387.901849849102,-3387.9018498491023
1541,train,7000,7772.378959430107,-772.378959430107
3048,train,13000,15103.863618929934,-2103.863618929934
4676,train,10000,11098.166211717893,-1098.166211717893
1191,train,55000,48859.18119281763,6140.818807182368
402,train,9000,8870.688692914182,129.31130708581804
4645,train,5000,6783.513478885794,-1783.513478885794
1646,train,8000,8708.769506840643,-708.7695068406429
4525,train,25000,21722.145093748117,3277.854906251883
3605,train,17000,17429.867302676816,-429.8673026768156
2485,train,17000,16893.053096704527,106.94690329547302
4049,train,16000,10638.081401377634,5361.918598622366
3366,train,15723,17515.15117158132,-1792.1511715813213
1514,train,17000,14819.672089922555,2180.3279100774453
1626,train,13000,10550.86965071401,2449.1303492859897
2252,train,4750,5856.876879089139,-1106.876879089139
357,train,7000,7223.751266583961,-223.7512665839613
4069,train,15000,22306.643178198832,-7306.643178198832
2572,train,200000,95826.07041768977,104173.92958231023
4661,train,65000,56337.92484421464,8662.075155785358
2976,train,27000,25296.161840136978,1703.8381598630222
2136,train,8500,9200.06482060024,-700.0648206002406
177,train,4000,6827.67827550636,-2827.6782755063596
1325,train,26000,24991.829655605936,1008.1703443940642
1008,train,190000,191582.3982843296,-1582.3982843295962
2778,train,25000,23982.805261230347,1017.1947387696528
4547,train,7500,7550.258490361835,-50.25849036183536
3369,train,3000,5525.173008424021,-2525.1730084240207
166,train,8000,11606.69771518544,-3606.6977151854408
2030,train,15000,20175.897744311613,-5175.897744311613
3459,train,15000,16045.243360151606,-1045.2433601516059
2034,train,22000,15574.722452562697,6425.277547437303
101,train,35000,35142.28965104896,-142.28965104895906
882,train,75000,46540.836981884786,28459.163018115214
2573,train,20000,21821.030157708392,-1821.030157708392
2265,train,7500,10000.300722863432,-2500.3007228634324
1239,train,100000,57767.83842984562,42232.16157015438
3816,train,18000,12513.919621052866,5486.080378947134
4276,train,19000,13666.271370083063,5333.728629916937
4637,train,14500,15960.886102450802,-1460.8861024508024
1009,train,84000,93325.16462130955,-9325.164621309552
3867,train,32500,36904.12438918508,-4404.124389185083
3267,train,8000,10534.947271045785,-2534.947271045785
870,train,20000,21512.91203502471,-1512.9120350247103
90,train,18000,18152.841214342792,-152.84121434279223
2311,train,26000,27655.36383181918,-1655.3638318191806
2049,train,4300,7133.591410577427,-2833.5914105774273
3906,train,11000,9814.671046076031,1185.3289539239686
2796,train,10000,15413.099638188274,-5413.099638188274
34,train,22000,13931.326591063518,8068.673408936482
793,train,19000,16517.724340249515,2482.275659750485
780,train,61000,82220.44876642071,-21220.44876642071
3675,train,24000,22149.104093911763,1850.895906088237
2075,train,140000,136384.3264270785,3615.6735729215143
1121,train,57000,90933.71005794825,-33933.71005794825
972,train,25000,27981.388726996407,-2981.388726996407
3880,train,9500,12092.31976824905,-2592.31976824905
1844,train,35000,33874.93924159517,1125.0607584048266
2288,train,8500,7984.60937026927,515.3906297307303
3664,train,8500,10580.031000867863,-2080.0310008678625
2598,train,12000,11368.971218882016,631.0287811179842
1405,train,29000,25680.376187345064,3319.623812654936
4405,train,15000,20099.934628037812,-5099.934628037812
2162,train,9000,9477.107425822485,-477.1074258224853
1041,train,75000,64558.21223182503,10441.787768174967
3980,train,300000,124457.80914598092,175542.19085401908
2884,train,9000,16030.327357228158,-7030.327357228158
314,train,7000,7603.5963309312365,-603.5963309312365
1164,train,45000,41553.445788286415,3446.5542117135847
1990,train,16000,14567.06247054796,1432.9375294520396
4602,train,13000,12344.737602351734,655.2623976482664
1831,train,9000,7178.88288200986,1821.1171179901403
54,train,11000,9582.34755322198,1417.65244677802
1272,train,330000,234593.14793029125,95406.85206970875
2196,train,16000,17262.2732724381,-1262.2732724380985
2742,train,40000,45427.18627634131,-5427.186276341308
1788,train,7000,7461.030199426601,-461.03019942660103
3235,train,6500,9205.73342594848,-2705.7334259484796
2476,train,35000,34576.677884707846,423.3221152921542
3157,train,9500,12308.35116644075,-2808.3511664407506
2566,train,24000,20768.02018430333,3231.9798156966717
3279,train,100000,92738.94809573234,7261.051904267661
3731,train,12000,11947.740353047839,52.25964695216135
3986,train,10000,8643.45955400359,1356.5404459964102
1696,train,43000,43879.87973523381,-879.8797352338079
1464,train,25000,22971.809249182108,2028.190750817892
1203,train,27000,29029.207549875777,-2029.2075498757767
2634,train,4500,6736.697256366527,-2236.6972563665267
3262,train,5250,5869.885193788602,-619.885193788602
2822,train,6500,9581.527043090033,-3081.5270430900327
2891,train,55000,63221.000090200876,-8221.000090200876
1533,train,7000,7502.236221226232,-502.2362212262324
3822,train,11500,10812.097368494484,687.9026315055162
1926,train,20000,21244.993370490047,-1244.9933704900468
1753,train,20000,26891.2846518863,-6891.284651886301
3525,train,40000,22221.640939283163,17778.359060716837
1498,train,61500,73204.94125365336,-11704.941253653364
1807,train,15000,10891.638686198821,4108.361313801179
3989,train,9000,10631.601991728097,-1631.6019917280973
3050,train,12000,12299.10279870115,-299.10279870114937
3283,train,18000,16087.753196590329,1912.246803409671
2991,train,25000,22974.976110222728,2025.0238897772724
4307,train,36000,23089.832976355738,12910.167023644262
2229,train,11500,11783.277770088323,-283.27777008832345
242,train,7500,7437.316309534219,62.68369046578118
782,train,42000,61918.23432320786,-19918.234323207857
2410,train,13500,14307.671500547112,-807.6715005471124
4207,train,8000,6851.0922215902365,1148.9077784097635
960,train,65000,66350.84017723928,-1350.8401772392826
4545,train,47000,49769.27057472196,-2769.270574721959
3402,train,19000,12692.504102117968,6307.495897882032
801,train,45000,36138.099731696995,8861.900268303005
2825,train,7500,9073.476691780736,-1573.4766917807356
4319,train,13000,13431.191848850633,-431.1918488506326
3636,train,10000,9453.496646316997,546.5033536830033
232,train,35000,32262.059006614407,2737.940993385593
1144,train,47000,44625.19676888822,2374.8032311117786
2534,train,30000,26460.01723583364,3539.9827641663614
1059,train,50000,42717.218055603706,7282.781944396294
504,train,25000,13520.791111604261,11479.208888395739
751,train,92500,81293.60214538727,11206.397854612733
4038,train,26000,23279.38950129768,2720.610498702321
3097,train,8000,6452.7043994504065,1547.2956005495935
4584,train,13000,9184.554994997046,3815.4450050029536
2027,train,12000,11606.036843735012,393.96315626498836
4263,train,6000,7668.05482524972,-1668.0548252497201
4340,train,8000,10295.49333781994,-2295.4933378199403
3350,train,21000,21861.383828451497,-861.3838284514968
823,train,69999,62725.63797637801,7273.362023621987
1644,train,13000,11862.685936918842,1137.3140630811577
2536,train,80000,76958.65188507867,3041.348114921333
3983,train,27000,35361.772789293536,-8361.772789293536
4170,train,10000,10268.342384328767,-268.34238432876737
346,train,20000,24316.059973725336,-4316.059973725336
1048,train,94000,70733.82033112885,23266.179668871147
343,train,9500,7405.7338031364125,2094.2661968635875
1682,train,23000,23003.08162595086,-3.081625950861053
2275,train,8500,6970.530727292333,1529.4692727076672
516,train,7500,7499.953661545567,0.04633845443277096
781,train,70000,73999.48978477439,-3999.489784774385
2363,train,35000,39051.43933033043,-4051.4393303304314
2020,train,14000,17161.292610826647,-3161.2926108266474
4579,train,9000,8169.300412422671,830.6995875773291
12,train,6500,7096.686542002759,-596.6865420027589
3624,train,34999,38391.57764062126,-3392.577640621261
3929,train,30000,24529.613757600207,5470.3862423997925
256,train,5000,7156.707101898531,-2156.7071018985307
2804,train,12000,16811.635128449536,-4811.635128449536
3993,train,49000,41539.43626733022,7460.563732669783
4268,train,9500,11050.980982226534,-1550.9809822265343
3999,train,18000,17570.245572715598,429.7544272844025
656,train,18000,18598.236013399488,-598.236013399488
105,train,6000,5733.612974968973,266.3870250310274
3814,train,33000,35169.884326918465,-2169.8843269184654
1056,train,57000,65427.47144332645,-8427.471443326453
3089,train,10000,10813.934588074986,-813.9345880749861
1448,train,34000,24608.449329495,9391.550670505
3118,train,17500,15337.711191863882,2162.288808136118
3349,train,14000,11427.537723782185,2572.462276217815
4700,train,6000,6901.83417473534,-901.8341747353397
1432,train,45000,48265.42452803439,-3265.4245280343894
4589,train,44000,43771.551011669326,228.44898833067418
25,train,7000,10773.945761714202,-3773.9457617142016
4482,train,6800,7154.033075236649,-354.033075236649
3625,train,7000,9664.822703237272,-2664.8227032372724
4397,train,13000,14261.397312181556,-1261.3973121815561
104,train,180000,16966.117473353905,163033.8825266461
3722,train,9000,11460.369355414257,-2460.3693554142574
332,train,20000,19623.807631141874,376.19236885812643
4088,train,140000,178595.054885118,-38595.05488511801
4317,train,16000,14781.271564630988,1218.728435369012
168,train,6500,6924.682488372513,-424.68248837251303
817,train,40000,35672.77077657651,4327.229223423492
2016,train,10000,8947.325791723111,1052.6742082768887
3857,train,12000,10520.870229445614,1479.1297705543857
4106,train,14000,13936.014594857279,63.98540514272099
4071,train,12000,10727.234401405149,1272.7655985948513
500,train,12000,11500.523221871554,499.4767781284463
4237,train,28000,22438.03246722481,5561.96753277519
1522,train,10500,12282.862341170743,-1782.862341170743
1094,train,20000,24277.78361130128,-4277.783611301282
3529,train,8000,10242.527911599349,-2242.527911599349
2450,train,22000,33647.4706678122,-11647.470667812202
621,train,34000,30361.93355587835,3638.0664441216504
1215,train,21000,28043.33054460636,-7043.3305446063605
2331,train,18000,14980.71184070685,3019.28815929315
1304,train,18500,14321.861434158896,4178.138565841104
391,train,8500,9071.00421779236,-571.0042177923606
1172,train,180000,196654.6311265867,-16654.631126586697
2382,train,65000,62204.42229365213,2795.577706347867
3921,train,75000,61763.74847807984,13236.25152192016
2952,train,40000,47125.99040395392,-7125.990403953918
3399,train,19000,20410.653633795475,-1410.653633795475
2499,train,9000,8978.856995454878,21.143004545121585
1505,train,9500,9565.44364287123,-65.44364287123062
1759,train,18000,13534.082793861913,4465.917206138087
2019,train,17000,18680.650582154838,-1680.650582154838
4270,train,30000,34712.65667461717,-4712.656674617167
439,train,6500,6939.13759861008,-439.1375986100802
2466,train,75000,67642.75692761866,7357.243072381345
4422,train,6000,6203.433153194231,-203.43315319423073
476,train,14000,11388.71519046392,2611.2848095360805
792,train,18000,17723.51333636962,276.4866636303814
1018,train,65000,61185.80816494632,3814.19183505368
172,train,7000,5561.206839713561,1438.7931602864392
1847,train,10000,10944.758274035114,-944.7582740351136
1475,train,90000,87932.2902363266,2067.709763673396
633,train,210000,117868.44378668109,92131.55621331891
79,train,8000,5326.136166718536,2673.8638332814644
2304,train,12000,10384.39031098361,1615.60968901639
4475,train,22000,22896.261516216757,-896.2615162167567
4528,train,7500,11521.336254575328,-4021.336254575328
2178,train,6500,8391.410821336262,-1891.4108213362615
2338,train,28000,21864.426141716758,6135.573858283242
1241,train,100000,109535.80700077095,-9535.807000770947
4376,train,8500,7728.543826940397,771.4561730596033
857,train,190000,149949.12171223212,40050.878287767875
4017,train,10000,11767.887014922977,-1767.887014922977
2370,train,16000,20025.88903513106,-4025.8890351310583
2670,train,25000,23563.576501788422,1436.4234982115777
2906,train,19000,14011.724991202324,4988.2750087976765
3307,train,6500,6729.433712594133,-229.43371259413288
1915,train,7000,6751.034619487362,248.96538051263815
567,train,32000,36403.87398837786,-4403.873988377862
4713,train,8000,7744.798227601726,255.20177239827444
3015,train,9000,9757.59922076247,-757.5992207624695
4142,train,65000,37100.02740854821,27899.97259145179
961,train,33000,34464.21611525201,-1464.216115252013
1184,train,100000,117671.40762210089,-17671.407622100887
4295,train,8500,6508.50897400313,1991.4910259968701
1090,train,280000,290452.03781995235,-10452.037819952355
2802,train,22000,21295.976931696434,704.0230683035661
3984,train,10000,12539.471240471463,-2539.471240471463
3295,train,9000,11468.244164306683,-2468.244164306683
2519,train,20000,15625.454424541622,4374.545575458378
3792,train,18000,13545.680763672723,4454.319236327277
710,train,6500,25013.782575535195,-18513.782575535195
2998,train,10000,9482.274530151888,517.725469848112
3808,train,15000,12636.743288411622,2363.2567115883776
3905,train,11000,11275.74676579198,-275.7467657919806
1118,train,50000,59460.53785447712,-9460.537854477123
1677,train,10000,7262.952677567639,2737.0473224323614
2361,train,11000,8750.775074131312,2249.224925868688
988,train,41000,54407.96071526607,-13407.960715266068
562,train,25000,27416.264483581443,-2416.2644835814426
66,train,5000,5258.779839522538,-258.77983952253817
3191,train,15000,14664.240738648452,335.75926135154805
3037,train,10000,13657.91935325671,-3657.9193532567097
3926,train,24000,21295.30627794242,2704.6937220575783
3564,train,20000,11777.704160088913,8222.295839911087
3835,train,8000,11346.251646364533,-3346.2516463645334
4165,train,10000,11202.146505361794,-1202.146505361794
515,train,65000,45298.720748255066,19701.279251744934
91,train,12000,10497.888770458534,1502.111229541466
4315,train,25000,15888.503812219953,9111.496187780047
1957,train,15000,22521.642469944658,-7521.642469944658
2432,train,38000,22726.499311154344,15273.500688845656
1954,train,15000,15545.597153149827,-545.5971531498271
4157,train,7000,10487.481050832354,-3487.4810508323535
1803,train,20000,22468.52507345728,-2468.52507345728
3458,train,17000,12832.571537316131,4167.428462683869
3116,train,40000,47472.90860827993,-7472.908608279933
251,train,6000,7849.380013443419,-1849.3800134434186
4583,train,25000,18178.806761486565,6821.193238513435
527,train,14000,21139.404155095795,-7139.404155095795
938,train,32000,30294.42226124061,1705.5777387593917
1777,train,9000,8950.693547578467,49.30645242153332
876,train,40000,48613.67839678689,-8613.67839678689
3763,train,85000,76627.09461297044,8372.905387029561
1210,train,55000,69600.96439166211,-14600.964391662113
1728,train,23000,12126.3791240693,10873.6208759307
3115,train,25000,22521.5038480542,2478.496151945801
2305,train,14000,13669.563141476145,330.43685852385534
2740,train,45000,57668.4032977405,-12668.4032977405
3769,train,32000,29084.420273837615,2915.5797261623848
1914,train,13000,11555.828017283957,1444.1719827160432
1457,train,42000,43937.81931104162,-1937.8193110416178
3704,train,6500,6835.186610544575,-335.18661054457516
1427,train,400000,416840.67029308894,-16840.670293088944
3354,train,25000,19303.102507639942,5696.897492360058
3273,train,11000,9160.037083945068,1839.962916054932
437,train,5000,5823.98274418312,-823.9827441831203
3460,train,3500,6832.326037355304,-3332.326037355304
3149,train,19000,15818.675766936953,3181.3242330630474
909,train,50000,63792.15880000002,-13792.15880000002
2213,train,22000,18583.27051714545,3416.729482854549
769,train,110000,75737.03853441072,34262.96146558928
1968,train,13000,12569.0095441112,430.99045588879926
3824,train,12000,18573.09467021086,-6573.0946702108595
37,train,7000,6566.63489783728,433.3651021627202
3638,train,12500,9858.16745924668,2641.8325407533193
1678,train,8000,11437.39363651812,-3437.39363651812
4084,train,35000,34170.49768085612,829.5023191438813
2576,train,9500,9701.34393944203,-201.3439394420293
434,train,22000,17316.199437467305,4683.800562532695
936,train,48000,45289.17938536714,2710.8206146328594
856,train,150000,204894.97479882697,-54894.97479882697
4717,train,16000,14858.536063898639,1141.4639361013615
377,train,5000,5898.008470079472,-898.0084700794723
2427,train,80000,68218.94874953678,11781.05125046322
144,train,8000,8730.573185330366,-730.573185330366
4474,train,6500,4953.496048497531,1546.5039515024691
4444,train,16000,17828.480081486206,-1828.4800814862065
3643,train,15000,11307.884711612465,3692.1152883875347
2024,train,130000,150385.35835433053,-20385.35835433053
2770,train,22000,24540.309281926602,-2540.309281926602
3341,train,33000,31849.275848034107,1150.7241519658928
3256,train,11000,11649.192203114953,-649.1922031149534
4695,train,10500,8082.92323879895,2417.0767612010504
546,train,100000,66891.69942925808,33108.30057074192
1307,train,80000,79272.71934388414,727.280656115865
3576,train,7000,7339.302366862308,-339.3023668623082
423,train,12000,8803.531494150024,3196.4685058499763
1723,train,15000,16504.03884501712,-1504.0388450171195
2298,train,13000,12688.822974481393,311.1770255186075
307,train,9000,10194.748465955352,-1194.748465955352
2284,train,16000,16729.71552143998,-729.715521439979
544,train,150000,61679.137834996094,88320.8621650039
2093,train,8500,10291.678820833893,-1791.678820833893
779,train,190000,192673.2814495119,-2673.281449511909
2672,train,28000,33172.09836460044,-5172.098364600439
2177,train,9500,10979.80690528753,-1479.8069052875308
585,train,24000,25687.134621960697,-1687.1346219606967
2203,train,16000,12161.532012376594,3838.467987623406
4631,train,10000,10391.42802507112,-391.4280250711199
2456,train,20500,19518.444456615423,981.5555433845766
4239,train,12500,13856.34559810144,-1356.3455981014395
2911,train,44000,39467.26504553418,4532.734954465821
1956,train,10000,10668.0028539657,-668.0028539656996
2405,train,15000,18219.35356534297,-3219.3535653429717
2899,train,11500,11523.705032063177,-23.705032063176986
3053,train,10000,10366.099412385374,-366.0994123853743
4346,train,30000,27796.09268006633,2203.907319933671
2833,train,95000,75441.64650155096,19558.35349844904
1967,train,6000,9245.636713491373,-3245.6367134913726
138,train,8500,10311.784640526334,-1811.7846405263335
2431,train,35000,29015.856502144405,5984.143497855595
2977,train,12500,12763.743957670657,-263.7439576706565
1731,train,12000,14301.708910915953,-2301.7089109159533
3502,train,17000,13140.713718750354,3859.286281249646
4691,train,7500,7460.523682458337,39.476317541662866
3427,train,30000,25806.68286496353,4193.317135036468
1884,train,22000,20398.96154004413,1601.038459955871
1687,train,39000,24140.805835146133,14859.194164853867
1106,train,27000,24413.630912336954,2586.3690876630462
4260,train,11500,12894.810182500914,-1394.8101825009144
715,train,16000,20401.174307569574,-4401.174307569574
1332,train,39000,27866.523917076272,11133.476082923728
4225,train,25000,18278.70551262462,6721.29448737538
3649,train,10000,10017.21569856202,-17.215698562020407
1377,train,32000,30355.979285384772,1644.020714615228
157,train,12000,14196.322037225858,-2196.3220372258584
198,train,9000,11119.569260619804,-2119.5692606198045
1039,train,30000,28274.18499207423,1725.8150079257684
4353,train,15000,18689.885017462948,-3689.885017462948
3672,train,18000,14174.170598511711,3825.8294014882886
760,train,45000,47742.954806672606,-2742.9548066726056
23,train,6500,8991.51467426452,-2491.5146742645193
1542,train,9000,8512.97404605514,487.0259539448598
4559,train,8000,6795.998406445213,1204.0015935547872
4680,train,6500,6705.061839831168,-205.06183983116807
3101,train,14000,19175.29127782228,-5175.291277822282
931,train,55000,57351.647028545296,-2351.647028545296
1520,train,14500,11893.585023878963,2606.4149761210374
4506,train,8000,8926.73714149082,-926.7371414908193
2480,train,8000,8272.449246693735,-272.4492466937354
2064,train,21000,21610.437258613805,-610.4372586138052
3708,train,17000,13283.352138321585,3716.647861678415
1531,train,13000,11420.578206037211,1579.4217939627888
3895,train,10500,9902.671478997017,597.3285210029826
525,train,45000,38591.10689279571,6408.893107204291
1661,train,13000,12747.770447322982,252.22955267701764
639,train,100000,94827.32302637884,5172.676973621157
3705,train,10000,10867.421074075117,-867.4210740751168
3258,train,17500,16080.155223422744,1419.8447765772562
2200,train,75000,75919.43649636662,-919.4364963666158
3044,train,15000,12867.778580430433,2132.221419569567
1509,train,13000,11745.911699709855,1254.0883002901446
1070,train,65000,75766.13799485833,-10766.137994858334
419,train,6000,5651.241184268387,348.75881573161314
3135,train,10000,11006.770141902429,-1006.7701419024288
1467,train,110000,119487.34545607267,-9487.345456072668
1952,train,15000,12678.387373837111,2321.612626162889
2226,train,5500,9674.74946742525,-4174.74946742525
2175,train,9500,11260.958807242048,-1760.9588072420484
1267,train,6000,15028.26863739005,-9028.26863739005
2041,train,60000,39434.786894414814,20565.213105585186
3549,train,10000,12239.420887496986,-2239.4208874969863
3208,train,13000,14548.441798577769,-1548.441798577769
4722,train,13000,11568.108694968085,1431.8913050319152
3711,train,11500,15235.344782281714,-3735.3447822817143
4417,train,25000,18680.44050784965,6319.559492150351
3761,train,220000,214159.69883959866,5840.3011604013445
4484,train,12000,15047.322884174693,-3047.322884174693
2323,train,18000,19784.99677866339,-1784.9967786633897
1577,train,21000,21114.37953678271,-114.37953678271151
392,train,35000,31888.588773815285,3111.411226184715
3441,train,28000,24191.21869551266,3808.78130448734
4543,train,11000,11356.609053414972,-356.60905341497164
3076,train,20500,15290.60877283376,5209.391227166239
951,train,36000,30563.83267881975,5436.167321180252
404,train,8000,14121.713942400122,-6121.713942400122
2823,train,17000,19792.657372344627,-2792.657372344627
1079,train,95000,72370.62797443134,22629.372025568664
1718,train,10000,10951.550096574201,-951.5500965742012
1484,train,78000,49943.17171170922,28056.82828829078
321,train,12000,11811.523086584151,188.47691341584868
2944,train,7000,7638.480697592057,-638.4806975920574
4318,train,15000,10823.426981589548,4176.573018410452
2585,train,70000,58318.334643936105,11681.665356063895
1878,train,45000,61040.994817604726,-16040.994817604726
4677,train,9000,9611.44058688433,-611.4405868843296
2066,train,28000,49062.11663736617,-21062.11663736617
3582,train,15000,12168.168899921193,2831.831100078807
643,train,18000,20687.55685185075,-2687.55685185075
2603,train,35000,49860.8100885919,-14860.810088591898
4597,train,9500,12200.682332710801,-2700.6823327108013
2704,train,7500,8143.622183201228,-643.6221832012279
712,train,38000,29093.819328840375,8906.180671159625
14,train,8500,14752.486098364161,-6252.486098364161
962,train,27000,38400.89392847212,-11400.89392847212
401,train,15000,14897.26517568869,102.73482431131015
2554,train,7500,8154.901598088268,-654.9015980882677
4289,train,12000,11049.759822804279,950.2401771957211
2487,train,16000,23594.392980185792,-7594.392980185792
3257,train,11000,12174.676427908946,-1174.6764279089457
2873,train,15000,9255.006885267638,5744.993114732362
2953,train,8500,10204.265669882303,-1704.265669882303
3788,train,22999,20897.406749558868,2101.593250441132
2073,train,10000,12751.017699241822,-2751.017699241822
3447,train,22000,14497.189537965984,7502.810462034016
3858,train,17000,10804.977631497755,6195.022368502245
1192,train,90000,99573.4267114031,-9573.426711403095
1766,train,10000,13237.274239602168,-3237.2742396021677
156,train,7000,8108.442319822071,-1108.442319822071
1936,train,31000,24938.948557880063,6061.051442119937
3172,train,11000,13648.29928126342,-2648.29928126342
1725,train,12000,12764.971875586365,-764.9718755863651
2397,train,60000,53436.81528895811,6563.184711041889
442,train,6000,6400.165104940185,-400.1651049401853
1790,train,8500,11773.096511831129,-3273.0965118311287
4367,train,21467,12536.5069319346,8930.4930680654
4520,train,45000,51374.94925312371,-6374.949253123712
466,train,6500,6492.207689021125,7.792310978875321
3718,train,60000,89795.95217222034,-29795.952172220335
362,train,8000,10380.658958485186,-2380.6589584851863
1270,train,280000,236255.5167596003,43744.48324039971
48,train,30000,21451.529374519032,8548.470625480968
2521,train,35000,26763.629012192545,8236.370987807455
4643,train,7500,6765.579089215707,734.4209107842926
2242,train,14000,15987.650464463282,-1987.6504644632823
4199,train,22500,20481.564383427984,2018.4356165720164
820,train,50000,48664.63730634365,1335.3626936563523
1468,train,20000,21358.20895518249,-1358.2089551824902
2180,train,25000,23493.9589965758,1506.0410034242013
3052,train,36000,25440.210902224957,10559.789097775043
982,train,250000,262732.3224278252,-12732.322427825187
92,train,9000,8061.001961039607,938.9980389603934
867,train,170000,180438.939890812,-10438.939890812006
4321,train,12000,11325.611586010125,674.3884139898746
1227,train,130000,141515.045380038,-11515.045380038006
1734,train,32000,28920.66562971082,3079.33437028918
597,train,14000,22589.281420120566,-8589.281420120566
3904,train,11000,13233.120150045983,-2233.120150045983
2313,train,14000,13448.321202050372,551.6787979496276
2908,train,8000,8648.051508906989,-648.0515089069886
3022,train,6500,7023.736270877859,-523.7362708778592
1761,train,31000,25592.262766425552,5407.737233574448
702,train,21000,27564.92366565204,-6564.923665652041
3800,train,15000,12974.347303686833,2025.6526963131673
4230,train,14000,11597.333792755078,2402.6662072449217
4702,train,26000,21843.533012371885,4156.466987628115
1312,train,60000,50021.47282883684,9978.527171163158
2996,train,23000,17536.69065847374,5463.309341526259
603,train,62000,76726.14986514341,-14726.149865143409
2096,train,8000,7812.012714467042,187.98728553295769
2735,train,7500,9556.766978289992,-2056.766978289992
784,train,60000,60934.93916503613,-934.9391650361285
2268,train,14000,10512.028858974692,3487.9711410253076
2433,train,16000,14201.003191386539,1798.9968086134613
4658,train,11000,13454.670101079342,-2454.670101079342
4057,train,20000,21050.17236026383,-1050.1723602638303
1344,train,88000,67400.95942879548,20599.040571204518
4480,train,15000,17947.438242609405,-2947.4382426094053
1388,train,200000,172494.79675855054,27505.20324144946
1529,train,28000,27090.788028155275,909.2119718447248
2933,train,17000,17390.276664566096,-390.27666456609586
783,train,27000,22340.583771402158,4659.416228597842
4561,train,17000,13183.423631748998,3816.5763682510024
911,train,62000,54185.41342725172,7814.5865727482815
1061,train,100000,108662.04955884746,-8662.049558847459
878,train,15000,20351.504423434497,-5351.504423434497
342,train,8500,9148.749312856467,-648.7493128564674
2739,train,44300,44862.518065538796,-562.5180655387958
1539,train,65000,64121.73291712752,878.2670828724804
1199,train,300000,313212.06594360794,-13212.065943607944
897,train,51000,64917.22092144678,-13917.22092144678
3013,train,7000,9438.294567812287,-2438.294567812287
4194,train,16500,21058.589982179543,-4558.589982179543
1085,train,44000,40290.24530326707,3709.7546967329326
2937,train,27000,25835.926111383145,1164.0738886168547
3842,train,25000,17947.944512426748,7052.055487573252
1141,train,35000,39571.089634130665,-4571.089634130665
2091,train,6500,5616.910720378891,883.0892796211092
3774,train,10000,8724.161817758695,1275.8381822413048
122,train,6800,6093.760831391321,706.2391686086794
3371,train,18000,17075.083974706213,924.9160252937872
880,train,25000,21785.53075507069,3214.4692449293107
2717,train,14000,16203.641097564197,-2203.6410975641975
2992,train,10000,11716.338893920642,-1716.3388939206416
3901,train,9500,13590.94079181636,-4090.9407918163597
1571,train,9000,8733.03402685252,266.9659731474803
1259,train,38000,48877.921927246454,-10877.921927246454
4452,train,6000,8382.815020582962,-2382.8150205829625
3630,train,200000,140646.72537255505,59353.274627444946
3595,train,9000,7298.895710737666,1701.1042892623336
303,train,12000,10195.610287283664,1804.3897127163364
659,train,55000,48260.23700776936,6739.762992230637
1784,train,25000,22827.037282354482,2172.962717645518
1866,train,11000,14543.124898539641,-3543.1248985396414
2676,train,10000,9406.585527454334,593.4144725456663
1998,train,12500,12454.400308334043,45.599691665956925
4108,train,37000,41608.100407645325,-4608.100407645325
4241,train,10000,10498.24023090214,-498.24023090213996
3222,train,75000,76237.51376802695,-1237.5137680269545
1488,train,65000,69414.31223507765,-4414.312235077654
1810,train,9750,10098.193161976767,-348.19316197676744
4490,train,23000,21533.111106962235,1466.8888930377652
4064,train,14000,16051.061499986205,-2051.0614999862046
728,train,55000,57846.566636448944,-2846.5666364489443
1198,train,70000,69050.74065468929,949.2593453107111
1800,train,10000,12499.260820798796,-2499.260820798796
3746,train,11000,11637.198552057598,-637.1985520575981
3750,train,7000,8446.550446338519,-1446.5504463385187
4437,train,9000,7472.215583396491,1527.7844166035093
2727,train,15000,21638.22216177145,-6638.2221617714495
141,train,13000,10074.488981454891,2925.5110185451085
16,train,6000,7566.527928668675,-1566.5279286686746
335,train,14000,15259.809457895784,-1259.8094578957844
4662,train,60000,31977.61890398223,28022.38109601777
1856,train,15000,12567.472554454547,2432.527445545453
1021,train,500000,482488.41770010337,17511.582299896632
1102,train,180000,103004.9520450102,76995.0479549898
1341,train,280000,246639.7516145633,33360.24838543669
4218,train,15000,13414.72089670964,1585.2791032903606
60,train,5000,5296.817119611143,-296.8171196111434
2002,train,9000,9200.466536754242,-200.46653675424204
452,train,12000,10176.349068047784,1823.6509319522156
475,train,6000,8159.620938617926,-2159.620938617926
2596,train,18000,17965.686054044963,34.313945955036615
3158,train,12000,13765.919148968003,-1765.9191489680034
4709,train,12000,11739.165172452702,260.8348275472981
2964,train,6000,7753.524235466414,-1753.5242354664142
2307,train,11000,12177.007459089262,-1177.0074590892618
212,train,12000,14295.36453337591,-2295.3645333759105
1328,train,35000,31657.69497692575,3342.3050230742483
1946,train,12000,11960.785237880118,39.214762119881925
388,train,15000,10302.868301986287,4697.131698013713
1597,train,8000,7976.814485781749,23.185514218251228
2797,train,15000,12452.995051664835,2547.004948335165
3423,train,6300,5898.5263325008145,401.47366749918547
1478,train,380000,287396.1177217021,92603.88227829791
1246,train,72000,73863.952561098,-1863.9525610980054
4021,train,35000,29771.231210538976,5228.768789461024
4287,train,8000,7598.849912360271,401.15008763972855
2539,train,10500,18538.986609470536,-8038.986609470536
322,train,3200,4208.692407420336,-1008.6924074203362
1897,train,18000,19906.22531083058,-1906.2253108305813
4139,train,10000,6651.604463001689,3348.3955369983114
819,train,11000,9253.543301016434,1746.4566989835657
664,train,25500,35269.82760702639,-9769.82760702639
3860,train,19500,17560.091795545093,1939.9082044549068
282,train,17500,13583.711780169995,3916.288219830005
4420,train,15000,13161.500466649088,1838.4995333509123
3212,train,12000,10854.264744801576,1145.735255198424
2856,train,25000,21514.022680000548,3485.9773199994524
3151,train,16000,17095.153322116108,-1095.153322116108
3338,train,13500,13887.295544088487,-387.2955440884871
1240,train,13000,14148.604755807482,-1148.6047558074824
1149,train,85000,84377.64924810045,622.3507518995466
1105,train,37000,44298.634996576126,-7298.634996576126
566,train,75000,61141.17169328002,13858.82830671998
3567,train,25000,29807.988911829845,-4807.988911829845
4435,train,25000,19748.81541689413,5251.184583105871
1983,train,7000,6794.578435836709,205.4215641632909
3717,train,45000,39083.42773606428,5916.572263935719
2776,train,13000,14328.312524438084,-1328.3125244380844
380,train,40000,34033.06626507542,5966.933734924583
2104,train,100000,51604.52437633369,48395.47562366631
3742,train,5000,5353.072738266034,-353.0727382660343
4240,train,25000,24745.35802136817,254.64197863182926
2615,train,8500,12285.493567233756,-3785.493567233756
3040,train,24000,15849.57042165407,8150.429578345929
2339,train,55000,48547.99220841975,6452.007791580247
1423,train,32000,44850.81432372274,-12850.814323722741
3619,train,12000,12590.59339550581,-590.5933955058099
1379,train,100000,117186.7732357161,-17186.7732357161
2951,train,45000,34690.66263293175,10309.337367068249
3768,train,24000,26448.72381211562,-2448.723812115619
2035,train,14000,14552.635279211181,-552.6352792111811
2207,train,30000,37366.37176252994,-7366.37176252994
1374,train,270000,190830.99107336966,79169.00892663034
2474,train,13000,12001.24722662333,998.7527733766692
4616,train,20000,26073.69141777082,-6073.69141777082
727,train,130000,145096.21566970003,-15096.215669700032
746,train,33000,31607.203253475043,1392.7967465249567
2660,train,37000,74452.2493964237,-37452.24939642369
1848,train,9000,10401.449873174626,-1401.4498731746262
4342,train,8000,10223.95931690776,-2223.95931690776
1063,train,52000,42794.40019168331,9205.599808316692
578,train,300000,240431.6771017179,59568.32289828209
2612,train,60000,70179.18945287335,-10179.189452873354
231,train,16000,16359.37560220062,-359.37560220062005
3046,train,9000,10657.135924485434,-1657.1359244854339
2986,train,20000,23897.82737939229,-3897.827379392289
2997,train,10000,10894.408504146857,-894.408504146857
2637,train,23000,23107.979954128212,-107.97995412821183
547,train,60000,57310.318428430015,2689.681571569985
2855,train,100000,107414.25282836996,-7414.252828369965
38,train,21000,13711.46134370709,7288.538656292911
3741,train,15000,12590.189988925906,2409.8100110740943
1671,train,12000,12346.176854418143,-346.1768544181432
4705,train,16000,17814.61886744278,-1814.6188674427794
1538,train,45000,42715.30099120001,2284.6990087999875
312,train,10000,7503.532855697587,2496.4671443024126
2443,train,30000,19954.453139487774,10045.546860512226
4619,train,15000,13902.806779204608,1097.1932207953923
688,train,45002,42200.282154411616,2801.717845588384
4585,train,20000,21180.196128989817,-1180.1961289898172
1010,train,68000,87280.80608461122,-19280.80608461122
4320,train,12000,13156.303917601375,-1156.3039176013754
2261,train,18000,21542.475894911026,-3542.4758949110255
4258,train,12000,12994.469220404531,-994.4692204045314
2185,train,15000,17955.89955537312,-2955.8995553731183
4466,train,42000,34973.10174719651,7026.89825280349
968,train,42000,59171.954314648996,-17171.954314648996
2813,train,8000,8554.829876957392,-554.8298769573921
2548,train,20000,11931.967639322907,8068.032360677093
3666,train,8200,10149.95068994667,-1949.9506899466705
3973,train,12000,11686.27106119026,313.7289388097397
2630,train,7000,9583.79148081252,-2583.7914808125206
4044,train,14000,12907.259100260813,1092.7408997391867
3504,train,39000,30916.44669290901,8083.553307090991
1181,train,56000,50478.53006549458,5521.469934505418
3143,train,18000,18388.848763060956,-388.8487630609561
2344,train,12000,12501.5350478523,-501.5350478522996
1483,train,32000,26211.737642924185,5788.262357075815
976,train,65000,50277.40339896986,14722.596601030142
2351,train,20000,27200.204178707314,-7200.204178707314
4344,train,7500,11182.220111820858,-3682.2201118208577
1248,train,130000,135958.2337704683,-5958.233770468301
85,train,10000,6052.868734416797,3947.1312655832025
1653,train,10000,10052.915369458897,-52.91536945889675
486,train,10000,17384.21388504302,-7384.21388504302
4558,train,11000,11449.791288797174,-449.7912887971743
905,train,16500,21436.955757235093,-4936.955757235093
2531,train,16000,20202.572165417063,-4202.572165417063
1890,train,38000,35846.81399653705,2153.18600346295
4669,train,16000,16700.88762491117,-700.8876249111709
3337,train,9500,10830.418761281977,-1330.418761281977
853,train,83000,73729.36399802552,9270.636001974475
194,train,5000,6344.514881957787,-1344.514881957787
2208,train,65000,61427.35978593665,3572.640214063351
1598,train,6000,8357.718578469854,-2357.718578469854
3006,train,6500,7246.790905438395,-746.7909054383954
2,train,17000,13295.007345721719,3704.9926542782814
2949,train,25000,21001.694130192973,3998.305869807027
4625,train,15000,11611.538051990117,3388.4619480098827
2362,train,20000,16139.257989228561,3860.742010771439
4443,train,10500,11713.063233375307,-1213.0632333753074
1230,train,160000,110473.68577878016,49526.31422121984
929,train,20000,29537.54098579016,-9537.540985790161
2003,train,5500,9989.902677579426,-4489.902677579426
4483,train,5000,5922.9754950465085,-922.9754950465085
1202,train,120000,134229.61325773862,-14229.613257738616
1544,train,30000,16802.403009848178,13197.596990151822
2100,train,52000,61240.326798245485,-9240.326798245485
937,train,10000,11457.970889069926,-1457.9708890699258
3585,train,10000,11276.801809620092,-1276.8018096200922
1419,train,30000,50815.61027559206,-20815.61027559206
4257,train,20000,20591.55864630405,-591.558646304049
3150,train,12000,13036.878783385913,-1036.8787833859133
1521,train,4500,7458.952177023867,-2958.952177023867
3631,train,12000,11228.804480880159,771.1955191198413
293,train,6500,6298.216958533511,201.7830414664886
2613,train,95000,94759.80656982817,240.19343017182837
178,train,10500,12934.146949348069,-2434.146949348069
1492,train,70000,107646.3779616081,-37646.3779616081
2626,train,8500,5921.993458429972,2578.0065415700283
306,train,20000,15605.104304663875,4394.895695336125
2618,train,8000,10168.512339427543,-2168.5123394275433
1472,train,350000,398124.8843716131,-48124.884371613094
2163,train,12000,11488.360281960706,511.63971803929417
1708,train,25000,36715.45774454469,-11715.457744544692
1232,train,80000,96119.19636622688,-16119.196366226883
1411,train,50000,55269.739464083876,-5269.739464083876
1861,train,5000,6663.114671668781,-1663.1146716687808
1170,train,50000,52503.74188949562,-2503.741889495621
708,train,35000,41097.430431913046,-6097.430431913046
2496,train,10000,11331.595419105795,-1331.5954191057954
3333,train,12000,12345.088946750888,-345.08894675088777
2516,train,15000,9941.142895311994,5058.857104688006
2924,train,32000,29390.682900020263,2609.3170999797367
2936,train,17000,15784.930675904458,1215.0693240955425
3211,train,3500,5330.941262007772,-1830.941262007772
722,train,65000,73650.12237422391,-8650.122374223909
4663,train,26000,20729.898774053698,5270.101225946302
1510,train,15000,12033.375803495524,2966.6241965044755
1516,train,15000,14024.392935960415,975.6070640395847
4303,train,12000,8217.353580958501,3782.646419041499
2978,train,15000,14481.89399523962,518.1060047603805
3762,train,22000,21145.572611287153,854.4273887128475
1083,train,380000,317587.294472788,62412.705527212005
4098,train,15000,13307.868922349186,1692.1310776508144
320,train,5000,5792.520653740015,-792.5206537400154
165,train,16500,11549.528811356739,4950.4711886432615
2687,train,25000,24181.555991209367,818.4440087906332
2026,train,10000,8871.253289402806,1128.7467105971937
568,train,16000,18947.478159150414,-2947.4781591504143
4294,train,10000,12939.403974314026,-2939.4039743140256
3942,train,15000,12290.260269761748,2709.7397302382524
2401,train,12000,15081.361402705605,-3081.3614027056046
4453,train,45000,46224.708072198606,-1224.7080721986058
62,train,10000,10300.4683003237,-300.46830032370053
1040,train,330000,295320.7951478695,34679.2048521305
2787,train,25000,38091.1840823313,-13091.184082331303
1699,train,31000,35206.37766106327,-4206.37766106327
2754,train,3500,5195.251437071429,-1695.2514370714289
1410,train,18500,16977.618591774888,1522.381408225112
1236,train,100000,98174.00484079108,1825.99515920892
78,train,6500,7277.599669685334,-777.5996696853344
2858,train,6000,9419.102700609548,-3419.1027006095483
2368,train,14000,10868.458000385494,3131.5419996145065
718,train,60000,39768.11972529434,20231.88027470566
3231,train,8500,9145.02191151978,-645.0219115197797
1476,train,22000,17206.75903052416,4793.240969475839
1553,train,17000,15952.829308070022,1047.1706919299777
1628,train,10000,13657.450062533804,-3657.450062533804
2685,train,13000,11222.315558730155,1777.6844412698447
4066,train,57000,51331.825366361656,5668.174633638344
3454,train,8000,6492.896600497713,1507.1033995022872
1375,train,69000,65254.31955324096,3745.680446759041
4255,train,17000,16705.070759193408,294.92924080659213
3036,train,12000,13259.234515015445,-1259.2345150154451
2746,train,30000,21029.54325450482,8970.45674549518
4206,train,15000,13024.980126818746,1975.0198731812543
3031,train,11000,12592.692451150873,-1592.6924511508732
3654,train,9300,9267.42841114388,32.5715888561208
110,train,8000,5999.2111237196195,2000.7888762803805
3694,train,7500,6625.181908856069,874.8180911439313
4580,train,13000,11580.856775669168,1419.1432243308318
4516,train,11000,11186.931116279993,-186.93111627999315
4538,train,5000,8736.348880826707,-3736.3488808267066
685,train,27000,23784.844482766875,3215.1555172331246
1929,train,22000,29087.94326821012,-7087.9432682101215
8,train,26000,18105.3562789534,7894.643721046599
4442,train,15500,19615.460217122014,-4115.460217122014
2853,train,10000,11601.602117857978,-1601.6021178579776
4511,train,45000,36171.3310372527,8828.668962747302
324,train,16000,19471.58491899038,-3471.5849189903784
2635,train,15000,21138.65225567072,-6138.6522556707205
2276,train,20000,27060.448218918224,-7060.448218918224
3794,train,18000,18271.884675580262,-271.8846755802624
1128,train,55000,56909.48112293863,-1909.4811229386323
3308,train,26000,27001.09037425179,-1001.0903742517912
4551,train,15000,17894.337893874872,-2894.337893874872
2103,train,12000,10152.331986164258,1847.6680138357424
3562,train,8000,6422.659148446946,1577.3408515530537
2631,train,22000,18438.40910718517,3561.590892814831
1438,train,66000,71035.1634557062,-5035.163455706206
4149,train,18000,22088.70889937966,-4088.7088993796606
1579,train,7000,9522.519170315449,-2522.5191703154487
2133,train,6000,6973.3675347871385,-973.3675347871385
1364,train,20000,19579.8907516246,420.10924837540006
3137,train,34500,31390.856769910846,3109.143230089154
2881,train,30000,15092.390016066864,14907.609983933136
1335,train,49500,35386.4843321587,14113.515667841297
1822,train,50000,37421.06174931316,12578.938250686842
636,train,26000,32029.920724035943,-6029.920724035943
4502,train,7000,7556.252803728343,-556.2528037283428
3706,train,12500,13826.380513468155,-1326.3805134681552
257,train,8500,11493.827034730095,-2993.827034730095
19,train,6000,7523.781603340583,-1523.7816033405834
860,train,90000,109685.77379571475,-19685.773795714747
2357,train,12000,9063.391215527052,2936.608784472948
183,train,11000,7230.7294161139,3769.2705838861
3077,train,13500,14732.862415787311,-1232.862415787311
2912,train,11000,12179.149327511126,-1179.149327511126
1351,train,95000,122016.66923379514,-27016.66923379514
4697,train,4500,5978.76459628201,-1478.7645962820097
4256,train,20000,17266.73543627518,2733.2645637248206
1660,train,6500,8952.66591623312,-2452.66591623312
1656,train,63000,82905.97101653297,-19905.971016532974
3180,train,40000,33022.562109737555,6977.437890262445
4675,train,7000,7794.301288030522,-794.3012880305223
2303,train,35000,36875.242662514735,-1875.2426625147345
3963,train,9000,8965.248307157986,34.751692842013654
83,train,20000,18666.28505740536,1333.714942594641
3125,train,150000,107120.16710445799,42879.832895542015
3530,train,11000,11892.60797454026,-892.6079745402603
142,train,8000,7648.963775335943,351.03622466405704
3831,train,10000,7592.39511729736,2407.6048827026398
1417,train,190000,145605.91394120897,44394.08605879103
2609,train,30000,42757.286491666375,-12757.286491666375
846,train,150000,81947.7101969516,68052.2898030484
3155,train,17000,21367.036016041675,-4367.036016041675
742,train,33000,25897.65155408006,7102.348445919939
1526,train,12500,12915.617620756873,-415.6176207568733
3386,train,18000,16751.36477367641,1248.6352263235894
1673,train,15000,18030.45784215212,-3030.4578421521182
1166,train,90000,108037.42287871466,-18037.422878714657
1888,train,18000,10711.095132495999,7288.904867504001
3200,train,45000,46582.7727362437,-1582.7727362437
2467,train,36000,27529.091965444957,8470.908034555043
1716,train,15000,11826.975358196236,3173.024641803764
1507,train,13000,12360.725656785617,639.2743432143834
4734,train,35000,37460.95962685728,-2460.9596268572786
3140,train,22000,17343.016123477715,4656.983876522285
2605,train,31000,25304.745434153367,5695.254565846633
2641,train,10000,12117.73710878963,-2117.73710878963
1346,train,38000,43928.08211363418,-5928.0821136341765
1645,train,17500,17211.91022883513,288.0897711648686
311,train,9000,6953.885431105158,2046.1145688948418
924,train,62000,54125.33181185792,7874.668188142081
4125,train,17000,18032.14187916568,-1032.1418791656797
1062,train,130000,110933.20541083651,19066.794589163488
227,train,3000,3778.4025648119186,-778.4025648119186
966,train,48000,56637.61426494812,-8637.614264948119
1385,train,190000,182598.65486358688,7401.345136413118
508,train,60000,36904.46501152794,23095.534988472064
2628,train,13000,12453.729716222058,546.2702837779416
2538,train,21000,12117.556850335523,8882.443149664477
605,train,130000,104554.24525516867,25445.754744831327
1903,train,11000,11092.500412286789,-92.50041228678856
4172,train,13000,15117.397173016843,-2117.397173016843
774,train,50000,49580.68217895414,419.3178210458573
3198,train,10000,15397.966803513225,-5397.966803513225
2581,train,18000,14458.909248898155,3541.090751101845
3480,train,10000,7461.921216574696,2538.078783425304
6,train,10000,13307.150680304985,-3307.150680304985
692,train,50000,53570.329529411436,-3570.329529411436
2090,train,28000,22230.354429774823,5769.645570225177
1604,train,9000,16211.991962493948,-7211.991962493948
405,train,35000,32541.078539128812,2458.921460871188
2525,train,8000,8351.256755776158,-351.25675577615766
4184,train,9500,8091.169762760712,1408.8302372392882
3183,train,6500,7140.383746206722,-640.3837462067222
2098,train,12500,12401.621574567936,98.37842543206352
844,train,55000,47990.818217935615,7009.181782064385
2508,train,15000,18965.245260473825,-3965.2452604738246
1709,train,35000,38948.489411509676,-3948.489411509676
4269,train,10000,10033.362219362167,-33.3622193621668
1871,train,11000,11582.697423661004,-582.697423661004
4673,train,18000,14102.614098217482,3897.385901782518
510,train,7000,14276.207874467524,-7276.207874467524
167,train,12000,10262.08891425969,1737.9110857403102
3978,train,6500,6991.758362856833,-491.7583628568327
1549,train,110000,116593.79313637313,-6593.793136373133
922,train,62000,64837.20466047614,-2837.2046604761417
3637,train,13000,13391.461401060507,-391.46140106050734
1530,train,12000,17699.99322809249,-5699.993228092491
124,train,10000,8775.212991683891,1224.7870083161088
200,train,5500,6163.910067777302,-663.9100677773022
121,train,13000,13517.377428311014,-517.3774283110142
1228,train,90000,87248.7653679325,2751.2346320674988
2955,train,100000,39766.96992325324,60233.03007674676
1630,train,8000,6078.655681271862,1921.3443187281382
1961,train,8000,7618.9030146221,381.0969853778997
2736,train,30000,33463.617079278556,-3463.617079278556
1459,train,60000,68970.0315502156,-8970.0315502156
1927,train,17000,17208.28050664392,-208.2805066439214
238,train,8500,8441.389468136094,58.610531863905635
1285,train,60000,67370.54313770808,-7370.543137708082
4060,train,16000,19348.861878100568,-3348.861878100568
1481,train,140000,83321.69079941403,56678.309200585965
4690,train,11000,10215.555726762906,784.4442732370935
4588,train,45000,41635.711912839004,3364.288087160996
3499,train,10000,14213.349407356014,-4213.349407356014
2150,train,28000,20985.035377684282,7014.964622315718
3477,train,30000,21825.721660837797,8174.278339162203
445,train,10000,16187.649662736787,-6187.649662736787
3234,train,8500,12781.026732716648,-4281.0267327166475
4316,train,14000,16770.55058790541,-2770.550587905411
97,train,10000,7684.148945343569,2315.851054656431
3391,train,25000,19419.17164320636,5580.828356793641
2584,train,13000,15065.615128670237,-2065.615128670237
604,train,42000,49690.68861201963,-7690.688612019629
2934,train,18000,12911.537922590307,5088.462077409693
1587,train,15000,15029.493466701222,-29.493466701222133
2757,train,23000,17311.199153229645,5688.800846770355
2283,train,6500,6900.028061016738,-400.0280610167383
2287,train,18000,16720.905581224273,1279.0944187757268
4022,train,12000,10057.905361369743,1942.0946386302567
553,train,19411,19418.700696032032,-7.700696032032283
1384,train,210000,167114.29594351884,42885.70405648116
2246,train,12000,9692.54628661913,2307.45371338087
3452,train,19000,14151.129645786556,4848.870354213444
3289,train,100000,124478.67006710819,-24478.670067108193
4266,train,15000,18142.321615114324,-3142.3216151143242
384,train,15000,7451.774828298499,7548.225171701501
482,train,10000,14652.68798039991,-4652.687980399911
3663,train,16000,19025.100734941785,-3025.100734941785
472,train,10000,9772.911934971698,227.08806502830157
920,train,15000,19882.27007493912,-4882.270074939119
370,train,8000,10503.596936310025,-2503.596936310025
2648,train,20000,11767.535185439596,8232.464814560404
1390,train,26000,23905.74792571841,2094.2520742815905
4036,train,13000,10061.068702829878,2938.931297170122
3254,train,7500,10172.083384596393,-2672.0833845963934
4581,train,25000,19725.866692007636,5274.133307992364
1439,train,45000,31980.48191981158,13019.51808018842
21,train,9000,9621.630580859759,-621.630580859759
3661,train,16000,9940.383028497092,6059.616971502908
1559,train,15000,14254.657512615739,745.3424873842614
2927,train,6000,8821.916856110733,-2821.9168561107326
1075,train,75000,60241.29401969039,14758.705980309613
1174,train,65000,52475.958688944294,12524.041311055706
3635,train,25000,21132.08255937401,3867.9174406259917
211,train,7500,7275.566630933656,224.4333690663443
365,train,12000,8538.480027171294,3461.519972828706
4338,train,9000,10452.004196332384,-1452.0041963323838
3147,train,12000,12507.14464084558,-507.1446408455795
830,train,23000,28112.255707884764,-5112.255707884764
3987,train,18000,21021.74769781523,-3021.74769781523
160,train,9500,9610.450455631872,-110.45045563187159
1772,train,3500,5852.237297122575,-2352.237297122575
3189,train,10000,10802.618720469341,-802.6187204693415
4306,train,32000,32422.1695439317,-422.1695439317009
1920,train,7000,8820.765273047296,-1820.7652730472964
953,train,40000,31047.469637675295,8952.530362324705
637,train,60000,47733.17916737725,12266.820832622747
3068,train,7500,8539.142018900477,-1039.1420189004766
623,train,25000,23946.397005778646,1053.6029942213536
1551,train,20000,35484.175765976186,-15484.175765976186
756,train,330000,264663.1712227202,65336.82877727982
668,train,50000,53959.502433965696,-3959.5024339656957
1361,train,34000,49223.51240367744,-15223.512403677443
1600,train,10000,14972.32591851785,-4972.32591851785
2565,train,18500,20368.003164216694,-1868.0031642166941
4542,train,25000,20873.236604236947,4126.763395763053
1525,train,7000,6002.092086530073,997.9079134699268
2999,train,15000,13884.644604168358,1115.3553958316425
319,train,5000,6598.2393569955475,-1598.2393569955475
3882,train,14000,11217.269916457222,2782.7300835427777
2451,train,35000,28270.6891759154,6729.310824084601
944,train,40000,32382.939874575313,7617.060125424687
4383,train,12000,16629.96586604837,-4629.965866048369
4224,train,10000,12283.23486571531,-2283.2348657153107
426,train,6000,7782.976785154533,-1782.976785154533
4373,train,15000,12388.37758735072,2611.62241264928
1502,train,25000,23874.562033893108,1125.4379661068924
3463,train,50000,57488.79813095271,-7488.7981309527095
4301,train,10000,10670.57858843523,-670.5785884352299
4467,train,12000,10647.843808908834,1352.156191091166
3139,train,330000,197679.06952181598,132320.93047818402
1825,train,120000,84385.3803230963,35614.619676903705
3325,train,5000,6875.465951330867,-1875.465951330867
386,train,7000,6363.534640311509,636.4653596884909
2385,train,90000,132650.68382804518,-42650.68382804518
3228,train,9000,8204.705425912653,795.2945740873474
1286,train,19000,23359.830270485643,-4359.830270485643
385,train,5000,5732.8417140707925,-732.8417140707925
3516,train,23000,17324.444654495543,5675.555345504457
4096,train,13000,11739.165172452702,1260.8348275472981
1003,train,140000,133477.914649084,6522.085350915993
4566,train,50000,50840.14138782468,-840.1413878246822
2005,train,14000,14265.357200950155,-265.35720095015495
4654,train,16000,20813.622646395423,-4813.622646395423
3951,train,8000,7866.572987412695,133.4270125873054
2805,train,9000,6274.768833268532,2725.231166731468
2418,train,12000,13300.966290599683,-1300.966290599683
1269,train,65000,29496.03692484627,35503.96307515373
461,train,34000,17068.051568971197,16931.948431028803
2217,train,11000,14823.888278327187,-3823.8882783271874
3471,train,8500,9368.529231952749,-868.5292319527489
4034,train,4500,5235.652705139635,-735.6527051396351
3981,train,4000,6201.01398751155,-2201.01398751155
640,train,35000,35575.11054963505,-575.1105496350501
559,train,110000,124228.49992257479,-14228.499922574789
3324,train,18000,13582.61712817527,4417.38287182473
3133,train,10000,8748.796043683815,1251.2039563161852
3095,train,20000,20489.535170629402,-489.5351706294023
1190,train,35000,24817.958774084393,10182.041225915607
1499,train,13000,19697.413845238385,-6697.413845238385
3716,train,9500,10694.736154055036,-1194.7361540550355
3374,train,15000,16158.314925564908,-1158.3149255649078
290,train,10000,15509.13426258366,-5509.1342625836605
3586,train,6500,6966.826424132694,-466.8264241326942
2852,train,18000,13838.917799218245,4161.082200781755
1026,train,65000,67098.49501421899,-2098.495014218992
1401,train,22000,27104.409305913327,-5104.4093059133265
297,train,5000,5757.117651023621,-757.117651023621
4407,train,52000,52124.39164476643,-124.39164476643055
1300,train,260000,263248.4747012407,-3248.474701240717
1323,train,22000,23034.606078622557,-1034.606078622557
2507,train,52000,42029.58724975327,9970.41275024673
3280,train,47500,45024.475031379574,2475.524968620426
2061,train,9000,7669.134460786174,1330.8655392138262
4005,train,9500,12571.61966384459,-3071.619663844591
3544,train,72000,107570.18282636572,-35570.18282636572
411,train,6000,9800.704213403853,-3800.704213403853
2009,train,30000,22519.72636500932,7480.273634990681
2187,train,34000,37316.57400579636,-3316.574005796363
2346,train,30000,25044.966123957816,4955.033876042184
2709,train,15000,10934.777354169004,4065.222645830996
3689,train,8500,16257.670137011943,-7757.670137011943
3087,train,30000,24997.926022976157,5002.073977023843
4041,train,8000,6660.576239515753,1339.4237604842474
891,train,55000,50397.84311511655,4602.15688488345
3795,train,37000,38174.28364237007,-1174.283642370072
2567,train,11000,10135.540757181276,864.4592428187243
3517,train,17000,11098.178272763875,5901.821727236125
1234,train,100000,117271.57925943247,-17271.579259432474
224,train,8500,10117.233993499327,-1617.233993499327
1256,train,28500,31824.498548323823,-3324.4985483238233
3559,train,6166,7111.428184605677,-945.4281846056774
3523,train,25000,27535.854495105028,-2535.854495105028
2296,train,14000,19063.24984841411,-5063.249848414111
2512,train,16000,13515.231846528002,2484.7681534719977
2863,train,20000,19944.594035815844,55.40596418415589
816,train,45000,40410.97195303739,4589.028046962609
750,train,10000,13949.678525945437,-3949.6785259454373
2622,train,10000,11421.145276960113,-1421.1452769601128
719,train,20000,17035.116884632,2964.8831153680003
9,train,10000,14340.690076807265,-4340.690076807265
1353,train,34000,34742.840326928555,-742.8403269285554
2582,train,17000,15963.494039695526,1036.5059603044738
2018,train,5000,6690.5146455724935,-1690.5146455724935
1921,train,13000,16037.836198800962,-3037.836198800962
254,train,8000,7202.255200470284,797.7447995297161
881,train,34000,36423.83117066386,-2423.8311706638633
3075,train,6000,5726.288681711064,273.7113182889361
3687,train,12000,18451.548580352624,-6451.548580352624
3269,train,28000,23432.22884494521,4567.77115505479
766,train,95000,50136.88954256987,44863.11045743013
2646,train,17401,20801.700279025343,-3400.7002790253428
3844,train,18000,17930.67798083244,69.32201916756094
740,train,33000,33482.03248051983,-482.03248051983246
378,train,6500,9129.20854887831,-2629.2085488783105
2872,train,12000,12117.220747077112,-117.22074707711181
2850,train,16500,25224.93822127823,-8724.93822127823
2473,train,12000,11391.307527306017,608.6924726939833
1497,train,10000,10698.219841343634,-698.2198413436345
4000,train,32000,25034.266983558697,6965.733016441303
3988,train,14500,12814.464121002142,1685.5358789978582
1698,train,9000,8348.95303696361,651.0469630363896
2255,train,35000,33282.3416040546,1717.6583959454001
2247,train,30000,31063.230784067382,-1063.230784067382
1631,train,12000,14745.226758327623,-2745.2267583276225
1641,train,12000,13165.016234114302,-1165.0162341143023
4408,train,9500,10381.668654032763,-881.6686540327628
3696,train,26000,20065.074684371335,5934.925315628665
2868,train,28000,21872.52522907926,6127.47477092074
1252,train,180000,172691.2889762622,7308.711023737793
3751,train,15000,17004.681087057506,-2004.6810870575064
1451,train,75000,61101.30159048661,13898.698409513388
4050,train,35000,19016.253865939896,15983.746134060104
2314,train,22000,17489.273694363063,4510.7263056369375
111,train,6000,7804.214425852515,-1804.214425852515
2367,train,100000,93083.8685653207,6916.131434679293
4232,train,150000,147367.80368986147,2632.1963101385336
670,train,50000,67375.43159370589,-17375.431593705885
317,train,5000,4407.540273206583,592.4597267934168
1779,train,20000,14571.381219920573,5428.618780079427
3674,train,40000,44772.82490979291,-4772.824909792907
4672,train,20000,11463.799686076658,8536.200313923342
1648,train,7500,7794.872220411955,-294.8722204119549
338,train,7000,7298.6592370238095,-298.6592370238095
1296,train,17000,18595.30260152722,-1595.302601527219
218,train,7500,7719.183581055092,-219.18358105509196
4591,train,37000,46817.17634361433,-9817.17634361433
4587,train,40000,43899.643253698785,-3899.643253698785
802,train,30000,26038.718597801268,3961.2814021987324
1555,train,6000,7819.679111848149,-1819.6791118481488
4477,train,9000,7399.156482530023,1600.843517469977
673,train,25000,25120.10953497299,-120.10953497299124
3782,train,11000,10424.642646467462,575.3573535325377
2310,train,35000,26534.4804721831,8465.519527816901
1982,train,20000,15371.489946402176,4628.510053597824
4494,train,25000,20396.38479974845,4603.615200251548
1469,train,35000,20150.47113962419,14849.528860375809
1592,train,35000,31826.052859848813,3173.9471401511873
1958,train,7000,8813.139932306989,-1813.139932306989
1176,train,43000,45752.92505300774,-2752.9250530077406
4611,train,7500,7100.400871636083,399.59912836391686
593,train,30000,25388.403933505862,4611.596066494138
2117,train,60000,56159.45486683161,3840.545133168387
3685,train,13000,12878.012786341444,121.98721365855636
2571,train,22000,23617.45585112634,-1617.4558511263385
3176,train,7500,6940.234693339188,559.7653066608118
309,train,7000,6096.714084370344,903.2859156296563
4608,train,11000,10028.358349623992,971.6416503760083
3259,train,8000,12303.341762164982,-4303.341762164982
4393,train,10000,12606.318117840216,-2606.3181178402156
1030,train,120000,160946.2978132822,-40946.2978132822
3367,train,6000,6246.233469610065,-246.23346961006519
469,train,9500,9581.392814552504,-81.3928145525042
2299,train,12000,15231.110808323552,-3231.110808323552
787,train,200000,159251.28843369253,40748.711566307466
2623,train,15000,17300.859305816964,-2300.8593058169645
2819,train,35000,25962.95653959391,9037.04346040609
3293,train,46000,45312.625672904396,687.3743270956038
2111,train,32000,32579.340024626083,-579.3400246260826
4562,train,16000,13189.281564384919,2810.718435615081
3389,train,9000,11996.746051427905,-2996.7460514279046
1619,train,18000,14160.806217667305,3839.1937823326953
1962,train,52000,46290.90608735316,5709.0939126468365
4179,train,12000,9801.822383779101,2198.177616220899
4131,train,52000,71385.89507607158,-19385.89507607158
2031,train,25000,27190.51233069302,-2190.512330693022
1919,train,12500,7050.238370073185,5449.761629926815
4123,train,14000,13050.07569043403,949.9243095659695
3028,train,45000,34567.878516213896,10432.121483786104
1705,train,18000,18864.60696415751,-864.6069641575086
800,train,35000,27504.29962671136,7495.700373288641
2756,train,19000,13177.881549611238,5822.118450388762
2264,train,6000,6289.194862614125,-289.19486261412476
1115,train,24000,29295.960809361244,-5295.960809361244
3779,train,9000,9668.147341698523,-668.1473416985227
229,train,18000,11712.784447596356,6287.215552403644
259,train,7000,9187.10511371745,-2187.105113717451
1395,train,180000,111485.98790876618,68514.01209123382
1720,train,11500,13608.134707840518,-2108.134707840518
1186,train,270000,218998.0478962427,51001.9521037573
681,train,150000,175478.0221201258,-25478.022120125795
3783,train,140000,109353.34428759765,30646.655712402353
2250,train,6000,7503.963354877885,-1503.9633548778847
904,train,100000,110483.57201398117,-10483.572013981175
3776,train,12000,11664.400654134704,335.5993458652956
360,train,5000,5471.938817484371,-471.9388174843707
1287,train,140000,92424.48692962376,47575.51307037624
3660,train,10000,9186.882778619984,813.1172213800164
3113,train,49000,60485.20995645285,-11485.209956452847
2227,train,50000,46625.47764978021,3374.5223502197914
4605,train,10000,14773.916917228733,-4773.916917228733
2960,train,5000,8950.725916985322,-3950.7259169853223
3622,train,14000,22371.060430847592,-8371.060430847592
2376,train,30000,21074.802665283616,8925.197334716384
305,train,3000,4371.619570586256,-1371.6195705862556
505,train,2200,5612.765635842672,-3412.765635842672
3274,train,5000,6613.953436748643,-1613.953436748643
1112,train,200000,137896.02012267834,62103.97987732166
2799,train,90000,80451.96035810311,9548.039641896888
214,train,6000,5460.417054604933,539.5829453950673
3592,train,15000,13327.950998118018,1672.049001881982
1947,train,15000,11321.160312843414,3678.8396871565856
865,train,75000,77631.21444032906,-2631.2144403290586
3524,train,16500,12655.141040332785,3844.8589596672155
326,train,8000,11493.61897350885,-3493.61897350885
3154,train,11000,12427.48055836833,-1427.48055836833
2788,train,21000,12772.91392135874,8227.08607864126
1111,train,18500,28070.881758678344,-9570.881758678344
4153,train,28000,34088.45759984445,-6088.457599844449
2657,train,27000,35815.90135399989,-8815.901353999892
834,train,220000,194602.47766738545,25397.52233261455
839,train,65000,38645.59982800327,26354.400171996727
2694,train,15000,17787.36983350619,-2787.369833506189
1836,train,30000,21530.921619901583,8469.078380098417
3397,train,16000,10880.552770780652,5119.447229219348
328,train,8000,8388.698371463328,-388.69837146332793
1376,train,120000,93172.18229457423,26827.81770542577
942,train,5500,13479.623894295984,-7979.623894295984
1223,train,46000,44091.88213031937,1908.117869680631
3537,train,25000,20363.401452367587,4636.598547632413
1690,train,23000,20719.133116809353,2280.866883190647
2563,train,12000,9936.476840314477,2063.523159685523
1975,train,20000,17029.45127469048,2970.54872530952
2836,train,130000,206327.02683374434,-76327.02683374434
351,train,7000,5832.224892770171,1167.7751072298288
4290,train,20000,15365.275043640735,4634.724956359265
2046,train,42500,40388.043549594135,2111.9564504058653
4510,train,8000,15097.757819725533,-7097.757819725533
1618,train,8500,9423.257084608791,-923.257084608791
1066,train,30000,20283.971734308132,9716.028265691868
1276,train,23000,24219.212261205754,-1219.2122612057537
1558,train,8000,6539.353353337237,1460.6466466627626
39,train,10000,6540.631243303952,3459.368756696048
270,train,5500,5901.062051293023,-401.0620512930227
2435,train,9500,11835.637675895916,-2335.637675895916
4635,train,45000,44619.36268483287,380.6373151671287
1035,train,350000,348206.39893739595,1793.6010626040515
854,train,32000,30735.05749584592,1264.9425041540817
69,train,7500,5446.357275115132,2053.6427248848677
3066,train,8000,10844.126929634473,-2844.1269296344726
1838,train,8000,7651.047457708815,348.9525422911847
2795,train,8000,11294.672680503567,-3294.672680503567
1238,train,84500,87197.30156665761,-2697.3015666576102
1599,train,13000,14866.060723059118,-1866.0607230591177
3796,train,18000,15494.101188571278,2505.898811428722
4633,train,16000,12235.246627357401,3764.753372642599
3225,train,8500,9760.07105651894,-1260.0710565189402
991,train,53000,57428.69394592842,-4428.6939459284185
1091,train,46000,37372.20411567264,8627.795884327359
3571,train,15000,11532.943019553331,3467.0569804466686
2463,train,12500,12729.84483771466,-229.84483771465966
4401,train,32000,22589.09746952034,9410.90253047966
1466,train,90000,67192.29728690263,22807.702713097373
665,train,350000,328982.1479931105,21017.852006889472
1288,train,30000,35145.45679939619,-5145.45679939619
3977,train,22000,18544.444891715717,3455.555108284283
1080,train,40000,46796.529809112246,-6796.529809112246
1849,train,6000,5500.999912050468,499.0000879495319
3577,train,23000,16698.26001182007,6301.739988179928
4529,train,42000,45476.21772118264,-3476.217721182642
4300,train,30000,27111.785847305167,2888.2141526948326
698,train,140000,128384.36800958961,11615.631990410388
3778,train,35000,35038.89745246301,-38.89745246301027
921,train,260000,347100.0142501687,-87100.0142501687
1674,train,12000,13177.042983638925,-1177.0429836389249
2107,train,6500,6735.568362950886,-235.56836295088578
2446,train,70000,46144.258465507424,23855.741534492576
2861,train,13000,15423.27570755925,-2423.275707559251
2459,train,25000,25376.29043716971,-376.29043716971137
2008,train,43000,50217.74888751473,-7217.748887514732
4476,train,6200,7087.865917369757,-887.865917369757
3179,train,12000,10842.342232515395,1157.6577674846048
3497,train,20000,17700.31619786186,2299.683802138141
3533,train,9000,10157.84133732657,-1157.8413373265703
1782,train,15000,15437.599457161441,-437.599457161441
2118,train,8500,8484.689598312014,15.310401687986086
1789,train,30000,23126.410046650664,6873.589953349336
215,train,20000,21225.076522963765,-1225.0765229637655
2699,train,14000,10876.231110802184,3123.768889197816
1804,train,16500,12621.007123611296,3878.9928763887037
1386,train,25000,31558.98974099274,-6558.98974099274
859,train,25000,29153.648191428063,-4153.648191428063
3405,train,20000,14990.024486794633,5009.975513205367
582,train,89000,88807.94922461297,192.05077538703335
4285,train,6500,6335.674526511225,164.32547348877506
3565,train,14000,9850.426753527561,4149.573246472439
3798,train,10000,10887.737848839048,-887.7378488390477
1489,train,35000,25830.520908407587,9169.479091592413
964,train,95000,70003.7892584232,24996.210741576797
1543,train,23000,17945.62136099995,5054.37863900005
4428,train,7000,7261.344878003983,-261.34487800398256
2108,train,13500,18057.738074437377,-4557.738074437377
1431,train,85000,91141.29690820817,-6141.296908208169
296,train,10000,14322.804374233438,-4322.804374233438
2164,train,11000,13951.70773449196,-2951.70773449196
4732,train,15000,14520.783074265708,479.2169257342921
1092,train,35000,35207.54046965098,-207.5404696509795
2989,train,29000,16940.817112394037,12059.182887605963
1372,train,34000,59053.32748006708,-25053.327480067077
2271,train,6000,8056.191734174505,-2056.1917341745047
2491,train,27000,28765.904685873036,-1765.9046858730362
557,train,68000,44182.26029821989,23817.739701780112
849,train,180000,203997.16249239875,-23997.162492398755
4208,train,25000,27772.10970171485,-2772.1097017148495
3162,train,8000,9652.577840500866,-1652.577840500866
3,train,10000,10215.555041138266,-215.55504113826646
4395,train,10000,10980.394212992316,-980.3942129923162
930,train,150000,116149.17587523715,33850.82412476285
1670,train,15000,19829.573650111215,-4829.573650111215
128,train,4700,5482.140756000431,-782.1407560004309
4564,train,20000,14028.716246228381,5971.283753771619
192,train,10000,15539.063148247504,-5539.063148247504
4221,train,11000,9996.27838157719,1003.7216184228091
3688,train,25000,26144.516302944452,-1144.516302944452
3359,train,9500,10031.900692121433,-531.9006921214332
4180,train,10000,12568.34805242489,-2568.34805242489
196,train,5200,6072.546786421997,-872.5467864219972
455,train,7000,5355.148113155561,1644.851886844439
3936,train,55000,59923.1123333757,-4923.112333375699
2190,train,12000,13723.66340963691,-1723.6634096369107
3365,train,13000,13152.364775111035,-152.36477511103476
2237,train,35000,43907.081398262104,-8907.081398262104
487,train,6000,7600.5652224385585,-1600.5652224385585
520,train,25000,24815.369555181624,184.63044481837642
501,train,14000,18347.403168385423,-4347.403168385423
4495,train,14000,12685.791638851768,1314.2083611482321
957,train,16000,16201.296724817026,-201.2967248170262
2816,train,31500,28706.070889342747,2793.9291106572527
4505,train,8500,11899.454953304292,-3399.454953304292
3429,train,22000,25297.765169592873,-3297.7651695928726
1870,train,11000,12168.536221934215,-1168.536221934215
1812,train,12000,12215.67311993759,-215.67311993758995
682,train,27000,17517.757494458838,9482.242505541162
2629,train,6000,7006.7606072869685,-1006.7606072869685
3100,train,9000,9271.31663725129,-271.31663725128965
2692,train,50000,31040.343293798745,18959.656706201255
799,train,70000,74354.96314432092,-4354.963144320922
2897,train,9000,12350.679818338984,-3350.6798183389838
4018,train,17000,11846.26683899884,5153.733161001161
3908,train,9000,11202.110019398873,-2202.110019398873
2506,train,35000,20987.261976864764,14012.738023135236
125,train,18000,15137.325118574276,2862.6748814257244
1072,train,54500,40709.5907520337,13790.409247966301
2568,train,52000,60496.937987415426,-8496.937987415426
180,train,15000,11022.587059413354,3977.412940586646
1755,train,6000,7706.589135124243,-1706.5891351242426
1258,train,270000,212788.5421614595,57211.45783854049
1201,train,35000,23196.79179332136,11803.208206678639
843,train,56000,52192.01354321124,3807.9864567887635
3281,train,7500,11417.933293931765,-3917.9332939317646
241,train,9000,7393.270997744896,1606.7290022551042
717,train,8500,17385.828279364512,-8885.828279364512
3127,train,18000,15746.11591283893,2253.88408716107
2212,train,9000,8764.013821025019,235.98617897498116
4309,train,20000,15776.9136826099,4223.0863173901
4092,train,11000,11606.826197916833,-606.8261979168328
619,train,50000,66338.04405597737,-16338.04405597737
3023,train,10000,11861.137682155819,-1861.1376821558188
2705,train,17000,10005.52670242669,6994.4732975733095
798,train,150000,125848.99487416689,24151.005125833108
749,train,80000,66827.66974142767,13172.330258572329
1130,train,33000,42229.26298557355,-9229.26298557355
1758,train,27500,18460.003530530834,9039.996469469166
2651,train,13000,12123.69577831599,876.3042216840095
2224,train,6200,7143.890621909229,-943.8906219092287
596,train,47000,45088.405427593665,1911.594572406335
235,train,15000,10773.66170607482,4226.338293925181
458,train,15000,14277.132771797833,722.8672282021671
2011,train,15000,13636.430237191871,1363.5697628081289
318,train,14000,8526.882687698586,5473.117312301414
3683,train,13500,13854.85893599387,-354.85893599387055
4461,train,15000,16079.086648667973,-1079.0866486679733
22,train,4000,5129.622543225535,-1129.622543225535
4471,train,15000,10268.342384328767,4731.657615671233
1795,train,7000,7413.062953642522,-413.0629536425222
4177,train,12000,11661.361745370314,338.63825462968634
4163,train,15000,19084.50182945994,-4084.5018294599395
2396,train,10000,10908.414002924792,-908.4140029247919
4190,train,5500,6955.693304840865,-1455.6933048408646
2939,train,23000,18850.976834546185,4149.023165453815
836,train,35000,37248.01510482914,-2248.0151048291373
1686,train,10000,11282.404935090684,-1282.4049350906844
1024,train,9400,15349.775801667753,-5949.775801667753
3328,train,30000,23421.696971966416,6578.303028033584
3486,train,6000,6059.450897753538,-59.4508977535379
3079,train,15000,17253.187230963053,-2253.1872309630526
2867,train,25000,36600.6495921222,-11600.649592122201
1739,train,45000,43489.18995911569,1510.8100408843093
4425,train,16000,11541.492203157972,4458.507796842028
3758,train,11500,14609.682130676207,-3109.6821306762067
519,train,12000,8691.586230350895,3308.4137696491052
291,train,14000,19385.337486322587,-5385.337486322587
2377,train,14000,15733.11916813814,-1733.1191681381406
1161,train,85000,75045.96719053655,9954.032809463446
4211,train,3000,5057.444221614809,-2057.444221614809
693,train,55000,53988.43146443205,1011.5685355679525
1572,train,180000,149374.919463865,30625.080536135007
4569,train,25000,22151.730304213786,2848.2696957862136
1582,train,15000,14766.85673003129,233.14326996871023
2291,train,22000,20878.971803573997,1121.028196426003
2869,train,22000,22448.457738545898,-448.4577385458979
1250,train,13000,16800.306271036727,-3800.3062710367267
538,train,33500,40079.332497396834,-6579.332497396834
841,train,280000,353588.5916989732,-73588.5916989732
1635,train,11000,13066.284184452927,-2066.2841844529266
1162,train,110000,115007.41797209907,-5007.417972099065
3221,train,65000,71960.12436652841,-6960.124366528413
1032,train,130000,145101.82036704352,-15101.820367043518
2919,train,30000,24689.458537066883,5310.541462933117
1767,train,9000,7132.960098032717,1867.0399019672832
464,train,7000,7317.34083320232,-317.34083320232
3765,train,14000,12006.239996491315,1993.7600035086853
2322,train,15000,11678.34351112079,3321.656488879211
4086,train,20000,21732.354380822788,-1732.3543808227878
3247,train,9000,12714.265524179635,-3714.2655241796347
3924,train,24000,27631.25841022594,-3631.258410225939
4439,train,20000,13354.425627014056,6645.574372985944
3012,train,7000,6782.198029292974,217.80197070702616
3466,train,10000,19265.93114813386,-9265.93114813386
591,train,45000,44726.029156526616,273.97084347338387
2987,train,12000,10408.732037502743,1591.267962497257
470,train,1800,4381.976702162742,-2581.976702162742
1440,train,22000,18022.694753122734,3977.3052468772657
840,train,45000,44773.02050599966,226.97949400034122
3518,train,8500,12518.816652715144,-4018.8166527151443
2918,train,24000,23008.928387233063,991.0716127669366
488,train,18000,14159.780861646574,3840.2191383534264
3016,train,4500,4982.388436841994,-482.388436841994
3442,train,9500,13316.873134510235,-3816.873134510235
3997,train,13000,16867.82359492874,-3867.823594928741
4458,train,13000,10454.688104745172,2545.3118952548284
2724,train,5000,8382.417549902917,-3382.417549902917
1103,train,70000,53119.048033815285,16880.951966184715
4001,train,15000,11242.59411732018,3757.405882679819
3940,train,7000,10166.46945045089,-3166.46945045089
795,train,18500,19865.63246412127,-1365.6324641212705
4288,train,3300,3928.021376499563,-628.0213764995628
704,train,40000,39921.52247016705,78.47752983294777
4347,train,7500,7313.988847065957,186.0111529340429
3790,train,70000,26986.267368151348,43013.73263184865
3676,train,18000,15507.43455131056,2492.56544868944
1319,train,12000,20269.71984331636,-8269.719843316361
2270,train,60000,55844.69993308323,4155.300066916767
3786,train,250000,224538.34810477085,25461.65189522915
1291,train,85000,103963.45266645288,-18963.452666452882
1414,train,85000,76208.02507021508,8791.97492978492
2139,train,7500,8459.344260299325,-959.3442602993255
3119,train,11000,15904.739032216881,-4904.739032216881
1965,train,22000,25142.120937548236,-3142.120937548236
4725,train,18000,18854.172915186693,-854.172915186693
2173,train,12000,12035.311575448308,-35.31157544830785
558,train,30000,25877.247761788156,4122.752238211844
1845,train,13000,15675.393860150374,-2675.393860150374
1634,train,8000,7872.458732974185,127.5412670258147
431,train,23000,17532.483474279146,5467.516525720854
2439,train,30000,17298.863403054198,12701.136596945802
3543,train,12000,9715.55186609607,2284.4481339039303
349,train,6000,9869.265677081172,-3869.265677081172
53,train,15000,12150.345260918026,2849.654739081974
3632,train,10000,12798.610020522101,-2798.610020522101
50,train,7500,7110.035860018172,389.96413998182834
4412,train,9000,8860.080683704055,139.91931629594546
3284,train,7000,10887.737848839048,-3887.7378488390477
2905,train,12100,13600.82139737764,-1500.82139737764
1418,train,20000,19997.413999988275,2.5860000117245363
2157,train,12000,12142.097841574481,-142.0978415744812
1302,train,45000,51255.56522125116,-6255.565221251163
1859,train,50000,47375.12244179266,2624.877558207343
3539,train,14000,17136.089719953008,-3136.089719953008
1993,train,30000,30639.468467312054,-639.4684673120537
28,train,8500,8661.035103562326,-161.03510356232619
2092,train,9000,10975.574244661359,-1975.5742446613585
3243,train,25000,29509.31856456658,-4509.31856456658
3682,train,9500,8188.125333359728,1311.8746666402722
3453,train,37500,44765.427200478276,-7265.427200478276
1260,train,26000,21593.89793477082,4406.102065229181
1424,train,22000,15305.773335812615,6694.226664187385
3440,train,14000,11859.005920834466,2140.9940791655335
1933,train,8000,9391.31164866902,-1391.3116486690196
204,train,5000,6437.125384934227,-1437.1253849342274
3010,train,20000,22098.04919673627,-2098.0491967362686
4540,train,7000,6356.1239726808,643.8760273192001
2803,train,4000,7583.935045263391,-3583.9350452633907
3854,train,26000,18941.581585694174,7058.418414305826
1301,train,32000,26248.64342337471,5751.3565766252905
4160,train,14000,9955.875113430586,4044.1248865694142
1237,train,79500,63145.81785692529,16354.182143074708
3057,train,6000,9093.584598333742,-3093.584598333742
1792,train,20000,16193.48744672392,3806.5125532760794
977,train,23000,31508.130571433587,-8508.130571433587
2216,train,11000,9839.332069474454,1160.6679305255457
2913,train,40000,58005.3607702405,-18005.3607702405
1437,train,75000,100717.72781041393,-25717.727810413926
2693,train,20000,12180.324206849193,7819.675793150807
4679,train,20000,19308.893496363395,691.1065036366053
1639,train,8000,9349.119997274971,-1349.119997274971
3449,train,15000,11643.982363001545,3356.0176369984547
542,train,400000,429818.9031540662,-29818.90315406618
1362,train,170000,161309.61392955325,8690.386070446752
2415,train,80000,64361.514476965574,15638.485523034426
3002,train,15000,13250.95733660196,1749.0426633980405
2404,train,14900,12752.991655538237,2147.008344461763
4664,train,8000,13496.253183952407,-5496.253183952407
2259,train,30000,31097.070625830438,-1097.070625830438
2901,train,23000,23093.28286355561,-93.28286355561067
2497,train,7000,7901.885829127851,-901.8858291278511
1330,train,16000,11246.168936457005,4753.831063542995
2993,train,14000,14825.999785118236,-825.9997851182361
3712,train,23000,17632.171096880335,5367.8289031196655
3756,train,16000,12092.318948342747,3907.681051657253
2238,train,9000,12719.76421438738,-3719.76421438738
330,train,3800,6014.776920948921,-2214.7769209489206
1067,train,45000,55919.135442361934,-10919.135442361934
1127,train,43000,48001.1777068225,-5001.177706822498
3834,train,40000,30359.303391457546,9640.696608542454
3343,train,18000,16013.93003406498,1986.0699659350194
630,train,310000,249172.7650166674,60827.2349833326
713,train,35000,44909.90581612738,-9909.905816127379
2747,train,9500,8230.249181497089,1269.750818502911
2094,train,20000,13897.25181889978,6102.74818110022
268,train,6500,8431.51809235236,-1931.5180923523603
3928,train,27000,28513.391709709118,-1513.391709709118
2535,train,16000,8424.843082869394,7575.1569171306055
2105,train,6000,11795.259268871883,-5795.259268871883
3851,train,27500,31029.45776607094,-3529.45776607094
1617,train,12000,13931.72967549398,-1931.7296754939798
2895,train,150000,55281.150288495795,94718.84971150421
265,train,40000,35155.09052567641,4844.909474323591
4120,train,80000,68408.78812996662,11591.211870033381
2533,train,28500,24236.058693435887,4263.941306564113
4250,train,15000,13627.38669235669,1372.6133076433107
2249,train,21000,25874.682465177088,-4874.682465177088
3419,train,10500,12411.961186131035,-1911.961186131035
506,train,3300,3211.772771940351,88.22722805964895
2994,train,6000,8719.616548635468,-2719.6165486354676
4426,train,14000,10942.282470273442,3057.7175297265585
1345,train,90000,96935.68216961398,-6935.682169613981
1485,train,280000,294817.33041392645,-14817.330413926451
1796,train,10000,12170.11929344211,-2170.1192934421106
233,train,21000,9016.483472154083,11983.516527845917
622,train,220000,197012.31417364712,22987.685826352885
1074,train,67000,75964.7262650759,-8964.726265075893
2821,train,20000,10946.62559198946,9053.37440801054
2601,train,30000,26297.255770754535,3702.7442292454652
1976,train,9000,10104.741703479347,-1104.741703479347
4689,train,53000,59077.49727169487,-6077.497271694869
3223,train,15000,20456.045256491452,-5456.045256491452
220,train,3000,3846.571113067697,-846.5711130676968
4729,train,17000,18833.757397548696,-1833.7573975486957
1294,train,36000,29094.40479496532,6905.595205034679
3840,train,13000,13349.10397557247,-349.1039755724705
428,train,5500,6588.253610973544,-1088.2536109735438
429,train,8500,15886.503985154224,-7386.503985154224
1590,train,9000,10074.805760803292,-1074.8057608032923
2460,train,13000,13223.138918730063,-223.13891873006287
2191,train,8000,6610.148311616949,1389.8516883830507
872,train,130000,129039.36555802992,960.6344419700763
107,train,8000,8130.860036185521,-130.86003618552058
2234,train,6000,7625.042357200052,-1625.0423572000518
613,train,30000,22507.34774797608,7492.65225202392
1760,train,10000,14087.152239869973,-4087.1522398699726
4649,train,6000,6841.817350211488,-841.8173502114878
4366,train,10000,11291.945883154422,-1291.9458831544216
1340,train,400000,366126.3185143366,33873.6814856634
4715,train,15000,11467.724824624018,3532.275175375982
1211,train,30000,24945.022738317155,5054.977261682845
2132,train,8000,8120.667417919531,-120.66741791953064
1168,train,150000,165230.8957745694,-15230.895774569392
861,train,95000,82473.97059175419,12526.029408245813
1567,train,14500,12933.918368375182,1566.0816316248183
2667,train,11000,10756.964999746473,243.03500025352696
689,train,48000,44505.86075245189,3494.1392475481116
2690,train,9000,11157.26242352387,-2157.262423523871
2165,train,15000,12617.199030038853,2382.8009699611466
348,train,20000,23441.017618609098,-3441.0176186090976
2413,train,7500,9784.891375232475,-2284.891375232475
4280,train,10000,9082.468088391703,917.5319116082974
3329,train,9000,10200.273819932678,-1200.2738199326777
3551,train,25000,24830.617619801447,169.3823801985527
2054,train,15000,11827.013067379174,3172.9869326208263
3298,train,23999,18033.40742617821,5965.592573821788
3029,train,35000,34109.438844725846,890.5611552741539
494,train,12000,11621.788775733216,378.2112242667845
2558,train,10000,10512.476489577604,-512.4764895776043
4361,train,53000,46635.34359046725,6364.6564095327485
3519,train,10000,11915.707026529482,-1915.7070265294824
2429,train,55000,42347.29695874756,12652.70304125244
2168,train,42000,29517.5612076026,12482.438792397399
4030,train,19800,13586.234472230146,6213.765527769854
1561,train,10000,7850.263279807972,2149.736720192028
4415,train,9000,9858.923663196403,-858.9236631964031
3907,train,8000,13676.336007858166,-5676.336007858166
3970,train,12000,13336.277622985013,-1336.2776229850133
2148,train,18000,15429.519506547036,2570.480493452964
3953,train,65000,39771.30153301456,25228.698466985443
2166,train,5500,7730.868907798277,-2230.868907798277
720,train,38000,29215.615784342353,8784.384215657647
863,train,18500,21307.646929299273,-2807.6469292992733
399,train,5000,5380.099965261246,-380.0999652612463
2214,train,10000,8699.335662745609,1300.6643372543913
3594,train,7000,6404.255292021523,595.744707978477
2430,train,20000,23525.894203761545,-3525.894203761545
3771,train,13000,12977.946187144687,22.05381285531257
2112,train,42000,36728.04512080257,5271.95487919743
3734,train,15000,18664.143697594434,-3664.1436975944343
4176,train,200000,106742.57607730528,93257.42392269472
2428,train,15500,13061.260996051917,2438.7390039480833
925,train,400000,315103.0529759122,84896.94702408783
2950,train,6000,7818.445109802569,-1818.4451098025693
109,train,6000,5073.110593866741,926.8894061332594
2719,train,25000,20050.659085586227,4949.340914413773
4386,train,25000,24645.856981982277,354.1430180177231
2644,train,7000,6248.657150996968,751.3428490030319
3398,train,18000,15896.918112716905,2103.081887283095
4563,train,12000,13320.382790728188,-1320.3827907281884
4296,train,8000,9219.998281448003,-1219.9982814480027
1511,train,15000,18104.554340279883,-3104.554340279883
4195,train,24000,23643.499475655623,356.5005243443775
3784,train,12000,7408.294026288879,4591.705973711121
4634,train,16000,11682.256113995298,4317.743886004702
2723,train,6000,7033.014754040804,-1033.0147540408043
1940,train,8000,7984.500642236715,15.499357763284934
1494,train,13000,12628.562289175645,371.43771082435524
4557,train,23000,19880.07514799303,3119.9248520069705
2194,train,32000,39664.22393121432,-7664.223931214321
1500,train,7500,6567.914062876114,932.0859371238857
2921,train,10000,9678.019252347645,321.9807476523547
2948,train,30000,28293.561897707415,1706.4381022925845
2465,train,15500,20824.99786783128,-5324.99786783128
2488,train,9000,7455.457546363755,1544.5424536362452
86,train,7000,9308.081673837958,-2308.081673837958
1659,train,14500,13108.363560318614,1391.636439681386
2457,train,7500,13091.995099494481,-5591.995099494481
3196,train,11000,11829.047706166491,-829.0477061664915
1676,train,150000,196501.4233962364,-46501.42339623641
4308,train,17000,16018.477607340417,981.5223926595827
1148,train,240000,229759.79123579524,10240.208764204755
3437,train,7000,7701.392069063678,-701.3920690636778
3785,train,13000,11640.622735506613,1359.377264493387
1934,train,9500,9153.290375739805,346.7096242601947
1135,train,40000,33465.714326787056,6534.285673212944
2808,train,12500,18356.955739681947,-5856.955739681947
3607,train,30000,15931.815095644315,14068.184904355685
561,train,20000,27663.875970081648,-7663.875970081648
3481,train,13000,12457.404150548973,542.5958494510269
4148,train,20000,19702.044250208677,297.9557497913229
826,train,1000000,477166.5116121621,522833.4883878379
949,train,180000,163843.53002543218,16156.469974567823
898,train,60000,69965.82910198158,-9965.82910198158
3511,train,65000,56445.434689151974,8554.565310848026
80,train,14500,19109.81870443201,-4609.818704432011
453,train,7000,8488.013528165488,-1488.0135281654875
2560,train,12000,17076.101334764247,-5076.101334764247
1396,train,30000,30671.11724481163,-671.1172448116304
3250,train,14000,17476.244792487076,-3476.2447924870758
570,train,45000,53496.72617103576,-8496.726171035763
1606,train,37000,20338.110542460057,16661.889457539943
1399,train,70000,65590.52513497436,4409.474865025637
1523,train,5500,6462.60200176562,-962.6020017656201
4281,train,10000,12398.081579980639,-2398.0815799806387
240,train,8500,8028.31952667246,471.6804733275403
451,train,5146,7072.337079422954,-1926.337079422954
1311,train,50000,56318.77421096328,-6318.774210963282
258,train,22000,16535.930505238142,5464.069494761858
3138,train,8000,7432.855503560694,567.1444964393058
102,train,21000,18172.837281956858,2827.1627180431424
794,train,150000,163647.15045843454,-13647.150458434538
3575,train,60000,49266.51952167434,10733.480478325662
1528,train,18000,16618.770192002543,1381.229807997457
4596,train,6000,6627.065362261541,-627.0653622615409
818,train,50000,54521.96600688021,-4521.966006880211
2781,train,18000,16620.125106210708,1379.8748937892924
1088,train,50000,57720.52079305939,-7720.52079305939
219,train,6500,7152.410748980383,-652.4107489803828
245,train,7000,8316.560361524545,-1316.5603615245454
210,train,13000,15232.934367481605,-2232.9343674816046
4371,train,40000,40999.76550339713,-999.7655033971314
706,train,20000,28825.72130658726,-8825.72130658726
874,train,250000,261517.94460271677,-11517.944602716772
2120,train,8500,7110.785157866875,1389.2148421331249
1873,train,120000,123531.92064100245,-3531.920641002449
337,train,7000,9562.169861381235,-2562.169861381235
1948,train,14000,12585.032979495472,1414.9670205045277
1951,train,12000,7935.90276129738,4064.0972387026204
1134,train,36000,25669.90883635562,10330.091163644382
1563,train,11000,7437.953979317355,3562.0460206826447
2909,train,42000,37260.39965506315,4739.600344936851
44,train,6000,6602.992610230425,-602.9926102304253
2892,train,20000,23341.192189353886,-3341.1921893538856
1622,train,17000,20364.697473283675,-3364.697473283675
4313,train,17000,17015.723225382397,-15.723225382396777
3444,train,120000,143126.32298959093,-23126.32298959093
697,train,43000,43040.4761707998,-40.47617079979682
298,train,9000,7546.48566582867,1453.5143341713301
4233,train,16000,16909.57394419949,-909.5739441994883
1054,train,100000,94681.365392186,5318.634607814005
2406,train,10000,10925.273399306025,-925.2733993060247
2725,train,20000,15294.10822327706,4705.8917767229395
4470,train,20000,26606.28584068697,-6606.285840686971
129,train,4700,4975.969951209923,-275.96995120992324
4292,train,20000,17459.78502580181,2540.2149741981884
4736,val,15000,13866.72229553332,1133.27770446668
1052,val,130000,131280.62353495488,-1280.6235349548806
2600,val,40000,77179.1399105809,-37179.139910580896
2818,val,60000,29689.50378121192,30310.49621878808
2820,val,55000,53860.933730237535,1139.0662697624648
1037,val,55000,58906.86177763179,-3906.8617776317915
2610,val,42000,88319.13783826213,-46319.13783826213
1382,val,80000,68027.437207435,11972.562792565004
2755,val,65000,113963.45449498358,-48963.45449498358
2674,val,35000,55264.49539561545,-20264.49539561545
1397,val,100000,170830.58200917658,-70830.58200917658
2206,val,21000,24035.50875918466,-3035.5087591846604
1980,val,12000,8221.832496077306,3778.167503922694
4277,val,22000,21638.099875943597,361.900124056403
4121,val,7500,5955.078898743286,1544.9211012567139
2033,val,30000,20020.3582270191,9979.6417729809
1446,val,22000,22797.2336154977,-797.2336154976983
3807,val,23000,15206.34125882579,7793.658741174209
2045,val,19000,12543.026556594003,6456.973443405997
4571,val,12000,19130.768416576764,-7130.768416576764
1574,val,12000,15304.540506278727,-3304.5405062787268
4681,val,9000,9656.537776215835,-656.537776215835
2335,val,22000,21529.48428941167,470.51571058832997
1817,val,19000,15918.383403402317,3081.6165965976834
2553,val,15000,13634.60461792632,1365.3953820736806
3498,val,16000,15213.950483618175,786.049516381825
2864,val,5500,9839.845236756179,-4339.845236756179
3777,val,17000,13972.119674104577,3027.880325895423
4599,val,16000,16302.940250726286,-302.94025072628574
2502,val,11000,24698.108842132107,-13698.108842132107
765,val,140000,84261.79741375415,55738.202586245854
3974,val,12000,17696.111474820318,-5696.111474820318
1503,val,10500,12439.448818674864,-1939.448818674864
1876,val,5000,5055.6860201297695,-55.68602012976953
1886,val,6000,8357.718578469854,-2357.718578469854
866,val,100000,110205.76598662179,-10205.765986621787
862,val,30000,21389.298299111146,8610.701700888854
347,val,8500,7821.692649150929,678.3073508490706
1271,val,98000,114383.747471171,-16383.747471170995
1129,val,35000,28540.640790747322,6459.359209252678
2738,val,8500,13437.907195239604,-4937.907195239604
1197,val,55000,38335.129401650905,16664.870598349095
3181,val,5000,5523.506437846448,-523.5064378464476
768,val,45000,40079.332497396834,4920.667502603166
1025,val,100000,89655.82463728527,10344.175362714726
4556,val,11000,12470.929509542577,-1470.9295095425769
2453,val,6000,12692.428832180954,-6692.4288321809545
1,val,20000,9759.854248045078,10240.145751954922
2843,val,28000,26962.77137778678,1037.2286222132207
1281,val,95000,57164.33243950911,37835.66756049089
4377,val,20000,27232.969818111,-7232.969818111
1904,val,65000,42620.72125967061,22379.27874032939
3263,val,25000,15593.98505294463,9406.01494705537
2965,val,85000,60832.493363018264,24167.506636981736
4414,val,39000,33685.970021293455,5314.029978706545
209,val,8000,6999.64169438151,1000.3583056184898
1147,val,8000,32261.687041433062,-24261.687041433062
3385,val,5700,7457.864756917053,-1757.8647569170525
3839,val,27000,45838.72671521535,-18838.72671521535
4143,val,60000,44098.47790128395,15901.52209871605
2926,val,5500,8934.617267581534,-3434.617267581534
3195,val,12000,11752.339755126255,247.6602448737449
2597,val,10000,15827.523931389393,-5827.523931389393
2302,val,60000,75131.0539261263,-15131.053926126304
4469,val,16000,12018.145683969627,3981.8543160303725
638,val,190000,153781.01281162142,36218.98718837858
4489,val,15000,14274.749949489527,725.2500505104726
3213,val,8000,6355.689447854557,1644.3105521454427
3495,val,70000,80547.49211672113,-10547.492116721129
285,val,25000,20007.136146005476,4992.863853994524
4667,val,15000,10538.326525724447,4461.6734742755525
3725,val,11000,9138.237842409355,1861.762157590645
3846,val,14000,12921.787465056645,1078.2125349433554
3331,val,30000,20573.832566929224,9426.167433070776
2220,val,6500,7549.049112723287,-1049.0491127232872
4622,val,13000,16752.895770208408,-3752.895770208408
667,val,25000,19543.767941934355,5456.232058065645
1773,val,16000,26088.902225885737,-10088.902225885737
744,val,300000,115345.46748065739,184654.5325193426
3849,val,15000,10598.540328534255,4401.4596714657455
4514,val,70000,80819.91719208144,-10819.91719208144
2023,val,16000,13953.55402940399,2046.4459705960107
1732,val,10000,14172.935494915368,-4172.935494915368
2277,val,8000,7701.428368475582,298.5716315244181
1801,val,18000,10522.744879027752,7477.255120972248
3715,val,17000,17687.037416679665,-687.0374166796646
4134,val,25000,21385.545105456553,3614.454894543447
3500,val,100000,60705.99448462849,39294.00551537151
3326,val,12000,15167.729453329428,-3167.729453329428
3583,val,10000,10844.64408213345,-844.6440821334509
3370,val,7500,11394.94701017091,-3894.9470101709103
2142,val,30000,33396.197461598356,-3396.1974615983563
433,val,8500,8557.366114768529,-57.36611476852886
634,val,150000,96960.68090624448,53039.31909375552
2239,val,8000,6660.623505762302,1339.3764942376984
3413,val,30000,32997.85672044057,-2997.85672044057
262,val,15000,10029.770013313799,4970.229986686201
2007,val,14000,16011.919208891948,-2011.919208891948
733,val,25000,20853.355108858857,4146.644891141143
2069,val,13000,10591.523858515433,2408.476141484567
3960,val,30000,33403.85530010637,-3403.85530010637
814,val,100000,97639.02990872257,2360.970091277428
4706,val,12000,12199.498290154519,-199.49829015451905
1077,val,98000,117764.50639121394,-19764.506391213945
975,val,100000,38257.869477847555,61742.130522152445
4335,val,30000,29444.070235827432,555.929764172568
146,val,2200,8990.71795871103,-6790.7179587110295
2021,val,35000,28458.73832992992,6541.261670070078
1895,val,6500,8129.995563775125,-1629.9955637751254
3218,val,18000,17937.07198430611,62.92801569389121
2195,val,14500,10745.357541602882,3754.6424583971184
4312,val,7000,11616.599570018047,-4616.5995700180465
2923,val,280000,204296.18449039233,75703.81550960767
64,val,3500,4272.916208178647,-772.9162081786471
4118,val,17000,18375.75333943078,-1375.7533394307793
1131,val,47000,52015.34776237648,-5015.3477623764775
1196,val,120000,125964.94771665698,-5964.947716656985
336,val,7200,8206.324010523138,-1006.324010523138
1815,val,12000,11331.425776075532,668.5742239244682
4582,val,37000,40103.26898627178,-3103.2689862717816
2887,val,10000,10511.802781067761,-511.8027810677613
2154,val,9000,8626.737918501,373.2620814990005
3944,val,45000,33826.88688219172,11173.11311780828
1290,val,80000,54110.223404270706,25889.776595729294
747,val,35000,37041.15388962412,-2041.1538896241182
2449,val,9000,10377.497269388723,-1377.497269388723
221,val,5200,7412.4731320807205,-2212.4731320807205
3102,val,55000,109145.63134954522,-54145.63134954522
2079,val,14000,12706.64351689936,1293.3564831006406
1049,val,40000,38735.453366893365,1264.5466331066345
1051,val,95000,56568.6054638243,38431.3945361757
4014,val,16000,13249.886467789816,2750.1135322101836
2860,val,250000,72018.87365511512,177981.12634488486
1433,val,7500,35782.10374566087,-28282.10374566087
4421,val,8000,12161.392421374258,-4161.3924213742575
3009,val,15000,15873.661273774549,-873.661273774549
4728,val,15000,19916.687083656572,-4916.687083656572
3305,val,14000,14835.81342738467,-835.8134273846699
2057,val,9500,7949.688084551243,1550.3119154487567
992,val,140000,180671.89714792455,-40671.89714792455
994,val,65000,64857.697716349845,142.302283650155
4536,val,38000,18047.10749397494,19952.89250602506
1216,val,43000,60663.229441151074,-17663.229441151074
1277,val,55000,35436.35972699643,19563.64027300357
2052,val,15000,15542.537694692439,-542.5376946924389
3991,val,18000,10755.47635701041,7244.52364298959
3169,val,10000,11183.567250389644,-1183.567250389644
965,val,68000,65771.83077023216,2228.1692297678383
2182,val,190000,86412.59829121917,103587.40170878083
99,val,15000,20398.30951340784,-5398.309513407839
2970,val,24000,24892.530766648357,-892.5307666483568
226,val,7000,6425.448912544147,574.5510874558531
74,val,40000,16582.513009071085,23417.486990928915
752,val,57000,54461.81576959879,2538.18423040121
4670,val,17000,18405.24853012347,-1405.2485301234701
3126,val,25000,18104.816547371258,6895.183452628742
1299,val,140000,214323.89618865013,-74323.89618865013
3448,val,120000,153200.6482457923,-33200.64824579231
3193,val,15000,12519.244938420872,2480.755061579128
4650,val,32000,21854.758669077513,10145.241330922487
3573,val,7500,6663.90928544388,836.0907145561196
2326,val,11000,11261.651018290868,-261.6510182908678
1988,val,13000,12866.695350055546,133.30464994445356
791,val,600000,391202.29350204713,208797.70649795287
3039,val,40000,42506.545110075065,-2506.545110075065
170,val,5000,3629.6559697989046,1370.3440302010954
3866,val,50000,42335.8866678983,7664.113332101697
2846,val,27000,28387.403593411073,-1387.4035934110725
3982,val,12000,13110.487431693298,-1110.4874316932983
2758,val,12000,16557.404714128505,-4557.404714128505
2712,val,7500,10098.786124080914,-2598.7861240809143
3925,val,15000,11378.87677990521,3621.1232200947907
3130,val,15000,15967.381857416603,-967.3818574166035
2588,val,4000,5793.480305017083,-1793.480305017083
906,val,4500,17947.64035401732,-13447.64035401732
4234,val,6000,4936.289501362887,1063.7104986371132
890,val,80000,67975.178817965,12024.821182034997
1482,val,40000,36483.957517179435,3516.042482820565
535,val,30000,37807.531349390905,-7807.531349390905
1329,val,50000,27872.78069571812,22127.21930428188
2444,val,12000,8770.422391303355,3229.5776086966453
1442,val,55000,51207.56366589259,3792.436334107413
1943,val,5000,9203.853935024377,-4203.853935024377
4151,val,12000,10694.948107145148,1305.0518928548518
2902,val,30000,42433.12149355734,-12433.121493557337
2943,val,27000,30333.563913872586,-3333.5639138725855
271,val,9000,20392.09119527137,-11392.091195271369
1527,val,10000,13105.72528497399,-3105.7252849739907
2373,val,8000,10903.958456439244,-2903.9584564392444
3474,val,12000,10210.065140971334,1789.9348590286663
4189,val,13900,8299.687383365128,5600.312616634872
4567,val,23000,18973.919081901164,4026.0809180988363
1892,val,7500,7100.2827586223775,399.7172413776225
3291,val,10000,8428.059548305419,1571.9404516945815
3864,val,28000,30006.02928581734,-2006.0292858173416
858,val,160000,119817.73916525705,40182.26083474295
3353,val,20000,21228.28771872812,-1228.2877187281192
1715,val,21000,17320.64542442146,3679.3545755785417
3445,val,20000,19151.193606853103,848.8063931468969
3932,val,25000,21464.868514127586,3535.1314858724145
2040,val,16000,12829.777896986689,3170.2221030133114
663,val,50000,47830.17964596501,2169.820354034993
4192,val,4700,10296.358533795912,-5596.358533795912
3202,val,12000,12762.085862151358,-762.085862151358
1266,val,85000,43658.26875387592,41341.73124612408
217,val,30000,36529.05155721334,-6529.051557213337
1978,val,27500,19012.009601989674,8487.990398010326
2749,val,30000,32005.266736230056,-2005.2667362300563
3609,val,14000,13720.019932579233,279.9800674207672
1473,val,45000,50642.4151839075,-5642.415183907498
2059,val,9000,15731.960022439409,-6731.960022439409
4539,val,25000,12909.50416863916,12090.49583136084
653,val,13500,23062.04700756181,-9562.04700756181
2048,val,18000,16802.403009848178,1197.596990151822
42,val,5000,6014.928543723547,-1014.9285437235467
4454,val,15000,12371.883331961388,2628.1166680386123
1989,val,11000,10669.014339769003,330.9856602309974
2671,val,20500,20881.222979837054,-381.2229798370536
580,val,13000,16996.423694347646,-3996.4236943476462
2792,val,7000,11614.691822841647,-4614.691822841647
916,val,90000,62311.80359737513,27688.196402624868
3789,val,36000,42157.61279128271,-6157.612791282707
410,val,6500,9359.994912066122,-2859.994912066122
2089,val,30000,47758.1873320409,-17758.1873320409
3735,val,28000,15488.780327297267,12511.219672702733
201,val,10000,6998.974393829026,3001.0256061709742
2546,val,12000,10040.550936063351,1959.4490639366486
2084,val,12000,14085.722362078834,-2085.7223620788336
1710,val,7000,6590.523950199986,409.47604980001415
4079,val,27000,26557.831440027323,442.16855997267703
4488,val,25000,25351.611891632732,-351.6118916327323
3035,val,10000,10547.559471279215,-547.5594712792154
3920,val,27000,22842.853715657344,4157.146284342656
3277,val,25000,27811.23391136667,-2811.2339113666712
3949,val,35000,37747.67704800943,-2747.6770480094274
2656,val,5000,7637.2487053333425,-2637.2487053333425
1941,val,22000,8823.15477661572,13176.84522338428
2383,val,18500,13500.63667485313,4999.363325146869
2423,val,8500,8267.951456087441,232.04854391255867
4653,val,12000,8806.174320613996,3193.8256793860037
3962,val,25000,17875.13241728867,7124.867582711329
565,val,44000,81259.35717528794,-37259.357175287936
3248,val,14000,15457.51951195141,-1457.51951195141
1428,val,31000,30232.199263802777,767.8007361972232
1193,val,250000,177667.80667160728,72332.19332839272
2448,val,35000,37510.418442996604,-2510.4184429966044
1512,val,7000,7153.888717427262,-153.88871742726224
2841,val,10000,10144.75227132367,-144.75227132367036
3400,val,7500,11026.715632973926,-3526.7156329739264
395,val,6000,6311.30219145199,-311.30219145199044
2607,val,15500,16988.213029783725,-1488.2130297837248
1097,val,29500,38473.67825712637,-8973.678257126368
1917,val,14000,14252.348450343976,-252.34845034397586
1491,val,250000,322633.2826953912,-72633.28269539122
1453,val,55000,66611.95391596563,-11611.953915965627
1877,val,18000,10686.333091047483,7313.666908952517
3436,val,13500,12852.519758560733,647.480241439267
1566,val,24000,21998.620050597678,2001.3799494023224
757,val,24000,26151.30684260268,-2151.3068426026803
3956,val,45000,42814.65493667984,2185.3450633201574
4251,val,15500,9240.914195694835,6259.085804305165
3603,val,6500,8508.070286918799,-2008.070286918799
1496,val,21000,21634.90807867516,-634.9080786751583
3377,val,20000,13373.523792523194,6626.476207476806
3507,val,17000,12819.362113841007,4180.637886158993
2197,val,7500,8830.723143605133,-1330.7231436051334
1858,val,17000,15517.321703429834,1482.678296570166
3841,val,9000,14172.155033829762,-5172.155033829762
1578,val,12000,12835.463094985387,-835.4630949853872
247,val,7000,10348.60432541874,-3348.6043254187407
2170,val,15000,15091.39205265225,-91.39205265225064
3069,val,14000,6704.56757620138,7295.43242379862
1093,val,75000,67182.24280342218,7817.757196577819
808,val,60000,30696.2455099997,29303.7544900003
2837,val,150000,192344.48806865173,-42344.48806865173
4061,val,13000,13972.193325940563,-972.1933259405632
2703,val,10000,12141.004170259444,-2141.0041702594444
2417,val,13000,12698.51710324783,301.48289675216984
2590,val,20000,28253.732107828517,-8253.732107828517
4409,val,46000,81789.3971434241,-35789.397143424096
2245,val,11000,11028.29269015228,-28.292690152280557
3560,val,20000,15337.98681908778,4662.0131809122195
4029,val,15000,20998.68864643171,-5998.68864643171
2409,val,7000,8550.345064644918,-1550.3450646449182
3568,val,26000,22182.69080022178,3817.3091997782212
592,val,170000,171242.66273378363,-1242.6627337836253
1979,val,16000,12543.235586747149,3456.764413252851
373,val,15000,15096.5913931129,-96.59139311289982
2732,val,20000,12065.172646683483,7934.8273533165175
2678,val,17000,17093.253355774723,-93.25335577472288
2751,val,13000,9241.897174909747,3758.1028250902527
1826,val,7000,8582.070740247003,-1582.0707402470034
301,val,15000,14809.141894481721,190.85810551827853
2900,val,16000,18599.85060162235,-2599.850601622351
3316,val,7000,6767.323295239667,232.67670476033345
648,val,80000,103453.24581022657,-23453.245810226566
3645,val,20000,14068.08853599368,5931.91146400632
457,val,8000,7234.300560794036,765.6994392059642
1679,val,40000,30485.483632188552,9514.516367811448
3219,val,15000,15530.996484437841,-530.996484437841
3030,val,34999,54412.66688159678,-19413.66688159678
3261,val,12000,10949.905781373704,1050.0942186262964
1016,val,45000,45690.44309993019,-690.4430999301912
3033,val,15000,9736.160955862564,5263.839044137436
4369,val,7000,7674.388037643291,-674.3880376432908
3318,val,20000,30562.258878730147,-10562.258878730147
3662,val,13500,8881.057065465211,4618.942934534789
2830,val,12000,27147.15117179963,-15147.151171799629
4077,val,25000,15278.55732606078,9721.44267393922
1019,val,20000,20286.639183506373,-286.63918350637323
3446,val,21000,19699.930551812944,1300.069448187056
1891,val,36000,29198.68890279287,6801.31109720713
1336,val,21000,18876.99542878502,2123.0045712149804
3927,val,12000,12532.633454656723,-532.6334546567232
4703,val,60000,53464.182675438766,6535.817324561234
4522,val,9500,8985.240213622727,514.7597863772735
2655,val,9500,10318.725544860403,-818.7255448604028
187,val,8000,11411.08834262063,-3411.088342620629
1584,val,27000,23162.99056882418,3837.0094311758185
2726,val,10000,11156.781394983173,-1156.7813949831725
287,val,7500,17272.02888425165,-9772.02888425165
1156,val,260000,192968.685917146,67031.31408285399
3348,val,53000,56881.64097797663,-3881.6409779766327
3679,val,11000,11298.107876603484,-298.1078766034843
3740,val,36000,38107.35138225291,-2107.351382252913
1263,val,27000,36732.45503654739,-9732.455036547392
503,val,40000,32232.321378791894,7767.678621208106
1747,val,15000,12213.39987992471,2786.6001200752908
4410,val,12000,12173.438683247912,-173.4386832479122
2329,val,8500,9440.660210672435,-940.6602106724349
600,val,300000,282437.64933247416,17562.35066752584
2592,val,150000,39373.26642964854,110626.73357035147
4497,val,12500,12358.05644459538,141.94355540461947
3934,val,12000,12987.989777576719,-987.9897775767186
675,val,21000,19437.435681785373,1562.5643182146268
4724,val,5000,8441.566390099539,-3441.5663900995387
4019,val,12500,10726.136577808496,1773.8634221915036
2542,val,45000,37834.95078046424,7165.049219535758
2478,val,20000,12158.22772328876,7841.772276711239
2522,val,65000,50704.188974018434,14295.811025981566
2809,val,30000,36515.45863473697,-6515.4586347369695
2501,val,10000,13532.985933800126,-3532.985933800126
2280,val,30000,41129.884035520074,-11129.884035520074
1868,val,22500,40705.19529616907,-18205.19529616907
3422,val,7500,6620.311348065269,879.6886519347308
999,val,1200000,360873.511124227,839126.488875773
2786,val,150000,111478.62463460128,38521.37536539872
2870,val,21000,11437.724946825814,9562.275053174186
4345,val,5000,8281.088982429803,-3281.088982429803
1837,val,17000,24949.832986080637,-7949.832986080637
4431,val,12000,12931.864681168388,-931.8646811683884
3653,val,10000,7710.633523979669,2289.366476020331
1317,val,80000,51022.085924323364,28977.914075676636
1456,val,140000,228507.08081164962,-88507.08081164962
2470,val,2000,9835.899566674709,-7835.899566674709
1545,val,8000,7661.6320340396505,338.36796596034947
595,val,75000,71677.97467790119,3322.025322098809
230,val,3500,7074.750342585349,-3574.7503425853492
4623,val,11000,6918.287857739563,4081.712142260437
4441,val,30000,19001.496851409793,10998.503148590207
4105,val,6000,8528.852793589193,-2528.8527935891925
3024,val,13000,10836.280578683167,2163.719421316833
2232,val,150000,200875.88569228086,-50875.88569228086
2721,val,47000,50125.047049661924,-3125.0470496619237
3876,val,14000,13152.28293461477,847.71706538523
40,val,7200,6651.740160617723,548.2598393822773
3322,val,10000,7310.193240826722,2689.806759173278
3781,val,27999,26956.19145878793,1042.8085412120708
1681,val,16000,15524.597464909984,475.4025350900156
3396,val,8000,9743.014760936245,-1743.0147609362448
4541,val,10000,18524.014840346186,-8524.014840346186
1857,val,27000,17340.60342043361,9659.39657956639
2158,val,24000,20842.169102357482,3157.830897642518
3589,val,7000,9309.07818613804,-2309.07818613804
3244,val,9000,8438.862574723053,561.1374252769474
4391,val,13500,11769.216732517933,1730.7832674820675
824,val,48000,44169.463859019284,3830.5361409807156
55,val,7000,6247.4450622625,752.5549377375
2267,val,10000,11991.301450039708,-1991.3014500397076
3531,val,20000,16644.23055067804,3355.7694493219606
3092,val,9000,10880.725691877533,-1880.7256918775329
2407,val,40000,20594.817081243404,19405.182918756596
3563,val,18000,16946.165610931064,1053.8343890689357
1896,val,6000,9377.975411112218,-3377.9754111122184
333,val,30000,18758.358516006763,11241.641483993237
32,val,6000,7073.802050747001,-1073.802050747001
1235,val,200000,302009.08871361933,-102009.08871361933
4485,val,12000,13069.742000540771,-1069.7420005407712
1991,val,23500,12871.918591082964,10628.081408917036
1367,val,55000,40169.26951942033,14830.730480579667
4638,val,8000,6986.376413545442,1013.6235864545579
2347,val,10000,12366.028119648703,-2366.028119648703
2454,val,22000,21435.353396510935,564.6466034890655
1221,val,6500,18143.040366489924,-11643.040366489924
2371,val,65000,127855.0691801896,-62855.0691801896
1893,val,9000,9002.855965270504,-2.8559652705043845
1126,val,50000,66301.40977243058,-16301.409772430576
2171,val,6000,8039.478707642727,-2039.4787076427274
2131,val,10000,8669.404391005977,1330.5956089940228
2468,val,13000,11834.204877835218,1165.7951221647818
1065,val,18000,19187.134177354565,-1187.1341773545646
3634,val,19000,19331.62261722621,-331.6226172262104
1636,val,40000,44857.0935960646,-4857.093596064602
1262,val,41000,25560.901121122388,15439.098878877612
3845,val,9500,8798.077848791072,701.922151208928
3408,val,5000,10515.833093158783,-5515.8330931587825
1616,val,100000,200550.29194996424,-100550.29194996424
2729,val,5500,7250.650549191959,-1750.6505491919588
2509,val,32000,24272.66059020742,7727.339409792581
1548,val,20000,25177.71736961978,-5177.717369619779
3714,val,45000,25883.43181052142,19116.56818947858
2530,val,20000,17177.842021710723,2822.157978289277
4446,val,15000,16240.761669021196,-1240.7616690211962
2972,val,10500,12690.217993231343,-2190.217993231343
3141,val,13000,11443.322073141559,1556.6779268584414
3197,val,8000,8447.10757300727,-447.1075730072698
4647,val,16000,15918.97565945756,81.02434054244077
1206,val,32000,30719.396039065916,1280.6039609340842
4089,val,10000,11804.395941774443,-1804.3959417744427
1935,val,9000,21276.351192896193,-12276.351192896193
2793,val,18500,19265.61201602548,-765.6120160254795
873,val,40000,33877.98607699411,6122.013923005892
772,val,120000,99060.50613655841,20939.49386344159
1953,val,9500,12715.108354509262,-3215.1083545092624
3532,val,17000,15097.227226216419,1902.7727737835812
3401,val,15000,11309.408750083925,3690.591249916075
207,val,6000,8578.05630239684,-2578.0563023968407
3825,val,10000,11927.43564586653,-1927.4356458665297
20,val,7900,7496.361700592059,403.6382994079413
3556,val,9500,12099.02373242276,-2599.02373242276
952,val,59000,39768.5550470024,19231.444952997597
4215,val,40000,39160.078942129454,839.9210578705461
4686,val,7000,6426.555810640827,573.4441893591729
3561,val,13000,10023.813511020742,2976.186488979258
3818,val,8500,6640.9395079513815,1859.0604920486185
1666,val,50000,94099.4167768865,-44099.4167768865
1925,val,15000,14086.520459501935,913.479540498065
3752,val,10000,7195.232296024624,2804.767703975376
1735,val,8000,7531.787945062702,468.2120549372976
444,val,10000,12476.824741289807,-2476.824741289807
3608,val,4000,6894.068900500312,-2894.0689005003123
556,val,32000,23131.176107959047,8868.823892040953
1078,val,16000,17170.86914710089,-1170.8691471008897
75,val,12500,13963.375962131255,-1463.3759621312547
197,val,15000,18063.670314481187,-3063.6703144811872
1120,val,90100,74367.68866592065,15732.31133407935
2845,val,18000,22676.915920563268,-4676.915920563268
10,val,25000,20108.514822818186,4891.485177181814
4093,val,12000,11098.741640833412,901.258359166588
181,val,50000,33831.90592678475,16168.094073215252
4404,val,12000,15964.99452828028,-3964.99452828028
1609,val,8000,8671.552442221458,-671.5524422214585
96,val,12000,15776.057473190549,-3776.057473190549
4141,val,15500,12350.696913300762,3149.3030866992376
4707,val,110000,70336.95187892583,39663.04812107417
355,val,5200,6420.583174169683,-1220.583174169683
2127,val,10000,8148.061888459436,1851.938111540564
1740,val,6000,6952.877530244461,-952.877530244461
292,val,15000,14602.545413134707,397.4545868652931
806,val,19500,54097.829928496256,-34597.829928496256
1114,val,55000,62769.17649426241,-7769.176494262407
2389,val,90000,98015.15616607472,-8015.156166074725
2263,val,9000,9064.873098293914,-64.87309829391415
158,val,14500,13911.394321501384,588.6056784986158
4053,val,35000,16589.68085234441,18410.31914765559
3251,val,8000,9676.414575733614,-1676.4145757336137
3080,val,11000,10696.058797061452,303.9412029385476
2772,val,20200,21816.852174687803,-1616.8521746878032
2557,val,12000,14425.737204216928,-2425.737204216928
127,val,8000,5407.617615989823,2592.382384010177
1930,val,18000,20305.80939576946,-2305.809395769458
654,val,18000,52250.16263840474,-34250.16263840474
2505,val,35000,12014.803155558808,22985.19684444119
4186,val,20000,17539.58819825977,2460.411801740229
1429,val,60000,42352.643034132954,17647.356965867046
4721,val,8000,10104.052967921734,-2104.0529679217343
443,val,5500,6037.434040760191,-537.4340407601912
4646,val,10000,10551.667207213113,-551.6672072131132
2394,val,260000,244777.49903910773,15222.50096089227
1145,val,50000,31849.886132515694,18150.113867484306
4128,val,22000,18918.352543697096,3081.647456302904
1583,val,19000,19495.93824806287,-495.9382480628701
3414,val,12500,7561.086082909432,4938.913917090568
4392,val,21000,17743.76539390841,3256.2346060915916
2015,val,5000,6658.442499943432,-1658.4424999434323
978,val,40000,40544.425571616,-544.4255716159969
4430,val,22000,21241.56504174074,758.4349582592586
3186,val,14000,15150.994656317454,-1150.9946563174544
1729,val,6500,9217.985184340074,-2717.985184340074
275,val,30000,13970.668432304095,16029.331567695905
1113,val,70000,85727.93222897485,-15727.932228974852
3535,val,12000,12316.594296779851,-316.594296779851
2945,val,5000,8516.214523005343,-3516.214523005343
117,val,7000,7172.250929685512,-172.25092968551235
671,val,65000,68316.34439856392,-3316.344398563917
3315,val,7000,6233.991982736387,766.0080172636126
574,val,55000,65052.385897811706,-10052.385897811706
3406,val,7500,10324.849613322736,-2824.8496133227363
3096,val,15000,42415.494073863156,-27415.494073863156
2888,val,20000,17188.24980468863,2811.7501953113715
1436,val,80000,33765.21948494291,46234.78051505709
3177,val,7500,11498.719451100533,-3998.7194511005328
647,val,53000,52967.96501168564,32.03498831435718
2244,val,17000,15546.943225347526,1453.056774652474
2078,val,4000,5820.292586343626,-1820.2925863436258
1932,val,10000,12390.922551112513,-2390.9225511125132
175,val,5500,7818.372185416787,-2318.372185416787
1137,val,32000,40273.52391475035,-8273.523914750353
1356,val,74999,56236.30558520967,18762.694414790327
13,val,5500,6648.380170167904,-1148.380170167904
915,val,10000,21834.603372943642,-11834.603372943642
3922,val,9000,14847.76434539275,-5847.76434539275
3943,val,14000,17960.3260721756,-3960.3260721756014
234,val,4500,5371.009739337337,-871.0097393373371
1343,val,80000,209200.8938715552,-129200.89387155519
3167,val,16000,12838.238798801172,3161.7612011988276
1850,val,8900,19546.60171094016,-10646.601710940158
3122,val,12500,13263.85496159596,-763.85496159596
3678,val,23000,24752.114179174692,-1752.1141791746923
236,val,4500,3609.909777009626,890.0902229903741
4191,val,9000,11429.143049857857,-2429.1430498578575
1824,val,16500,20614.361711548656,-4114.361711548656
2938,val,25000,25546.132903966543,-546.1329039665434
3710,val,22000,18506.05251940022,3493.9474805997816
4595,val,12000,8791.29656475078,3208.703435249219
2222,val,22000,34375.23490848581,-12375.234908485807
3569,val,9000,9811.842748846879,-811.8427488468787
149,val,20000,15988.28208544036,4011.71791455964
4020,val,25000,20873.969209789942,4126.030790210058
4598,val,10000,7037.82228221131,2962.1777177886897
3132,val,15000,11480.954947176011,3519.045052823989
2458,val,5500,13866.696799102438,-8366.696799102438
383,val,10000,10394.137888111281,-394.1378881112814
4185,val,16000,13673.148356081383,2326.851643918617
4731,val,12000,11398.238088623573,601.7619113764267
3320,val,18000,15599.222695942464,2400.7773040575357
4592,val,12000,13627.38669235669,-1627.3866923566893
3346,val,9000,12222.916172709907,-3222.916172709907
1808,val,70000,8443.195534561053,61556.804465438945
2013,val,25500,44158.294718885794,-18658.294718885794
3065,val,15000,17507.901117252924,-2507.9011172529245
737,val,22000,29113.455696098412,-7113.455696098412
1757,val,7000,6823.83003730711,176.1699626928903
803,val,50000,96925.21843063415,-46925.21843063415
1226,val,15000,23238.977970889155,-8238.977970889155
3879,val,11000,11717.443879552558,-717.4438795525584
1580,val,15000,11148.533025387469,3851.466974612531
3780,val,13000,16141.428880782785,-3141.428880782785
2353,val,22000,14146.632126476767,7853.367873523233
4247,val,8500,10395.770317322864,-1895.7703173228638
4594,val,30000,21603.25126582411,8396.74873417589
1265,val,65000,65606.1433470757,-606.1433470757038
4364,val,28000,21942.15508018263,6057.844919817369
3393,val,13000,10267.54037449175,2732.4596255082506
4166,val,14000,16625.4286703576,-2625.4286703576
118,val,3900,5464.182281717125,-1564.182281717125
725,val,600000,342509.6142122524,257490.38578774763
2129,val,13000,18145.65581546484,-5145.655815464841
1791,val,8000,8547.541293104896,-547.5412931048959
1426,val,47000,36634.019120164514,10365.980879835486
521,val,18000,14407.179519599757,3592.8204804002435
3952,val,12500,14383.990074035848,-1883.990074035848
583,val,28000,29410.616617070445,-1410.6166170704455
361,val,8000,6813.065269170139,1186.934730829861
1602,val,15000,18789.822453553672,-3789.822453553672
3647,val,600000,11708.930420175671,588291.0695798243
4718,val,30000,31620.850557593007,-1620.8505575930067
95,val,5000,5410.823303327364,-410.82330332736365
4394,val,10000,10411.54128613048,-411.5412861304794
956,val,40000,28292.74573841821,11707.254261581791
1894,val,18000,24391.830636375933,-6391.830636375933
1727,val,15000,14460.368008738782,539.631991261218
228,val,14000,15986.54348776709,-1986.5434877670905
1944,val,6000,7086.806999189211,-1086.8069991892107
1402,val,32000,31831.951614182428,168.04838581757213
1743,val,20000,18040.311676790752,1959.6883232092478
2669,val,55000,40174.386983800745,14825.613016199255
4555,val,15000,17671.92447005554,-2671.924470055539
2332,val,6000,7423.249268527125,-1423.2492685271254
1721,val,22000,40436.41872737814,-18436.418727378143
3229,val,25000,24100.54308515918,899.4569148408191
3692,val,8500,8772.995636786562,-272.9956367865616
4078,val,35000,25744.335670733006,9255.664329266994
934,val,310000,333662.04057118157,-23662.04057118157
3976,val,45000,23170.054758833146,21829.945241166854
4129,val,15000,12032.706588327113,2967.2934116728866
4433,val,15000,18838.163472659322,-3838.163472659322
1117,val,150000,126120.4074889201,23879.5925110799
3995,val,130000,9681.179466915208,120318.8205330848
185,val,8000,9114.999909753928,-1114.9999097539276
489,val,8000,7261.016025062214,738.9839749377861
560,val,44000,56083.7319354378,-12083.731935437798
868,val,45000,44542.16709390672,457.83290609328105
2145,val,25000,14182.431495633538,10817.568504366462
1713,val,20000,17634.47928855081,2365.5207114491895
3681,val,15000,11244.986523183326,3755.0134768166736
3552,val,10000,7353.280386899091,2646.7196131009086
1902,val,8000,17450.33687440959,-9450.33687440959
2388,val,9000,9394.740055247397,-394.7400552473973
3108,val,15000,10757.394198481126,4242.605801518874
3745,val,8500,16482.858076961504,-7982.858076961504
130,val,4500,5536.372781494575,-1036.372781494575
2559,val,10000,15829.76246032642,-5829.762460326419
3230,val,9000,10888.498002803792,-1888.4980028037917
4550,val,21000,15563.017557926838,5436.982442073162
2138,val,5000,5963.7106994988935,-963.7106994988935
1752,val,16000,20301.724717182628,-4301.7247171826275
3345,val,20000,25557.218007582946,-5557.218007582946
1931,val,120000,152223.07678485473,-32223.076784854726
1573,val,10500,13841.840226470458,-3341.840226470458
171,val,9000,9016.483472154083,-16.483472154082847
3027,val,12000,6588.10572246115,5411.89427753885
1637,val,10000,12701.455218380079,-2701.455218380079
2848,val,350000,67743.43903320981,282256.5609667902
3821,val,19000,13499.288408259352,5500.711591740648
2753,val,18000,17560.264441593015,439.73555840698464
3727,val,25000,17944.863359648734,7055.136640351266
4427,val,10000,8040.28271692186,1959.71728307814
3737,val,3500,5085.459739770417,-1585.4597397704174
3302,val,10000,15408.700472961005,-5408.700472961005
3557,val,18000,15702.06662924251,2297.9333707574897
2835,val,18000,20758.270698164044,-2758.270698164044
1381,val,45000,55191.8517962717,-10191.851796271701
534,val,32000,42325.032098108524,-10325.032098108524
3086,val,10000,9616.342636306681,383.657363693319
1910,val,12000,19208.43952891656,-7208.439528916559
4333,val,10000,20018.14413963582,-10018.14413963582
2043,val,21000,25165.479604304557,-4165.479604304557
3303,val,20000,16453.90047949971,3546.099520500291
1214,val,40000,25788.504477709208,14211.495522290792
374,val,6200,8557.366114768529,-2357.366114768529
1055,val,35000,18133.274778160092,16866.725221839908
3255,val,20000,26948.988532393098,-6948.988532393098
1907,val,11000,8092.103620943732,2907.8963790562684
100,val,22000,44785.98486935403,-22785.984869354033
3201,val,60000,41533.40268148099,18466.59731851901
2425,val,18000,12977.168906108911,5022.831093891089
255,val,5300,6347.011318557755,-1047.0113185577547
1798,val,30000,59282.799370957044,-29282.799370957044
3961,val,7000,9325.258772001345,-2325.2587720013453
828,val,130000,167196.04631618652,-37196.04631618652
1610,val,7500,7828.777025672599,-328.77702567259894
1647,val,8500,14160.806217667305,-5660.806217667305
1672,val,18000,18783.872945327523,-783.8729453275228
1726,val,7000,6580.470645484599,419.5293545154009
4450,val,30000,25421.345081146646,4578.654918853354
606,val,170000,196891.26551697394,-26891.265516973945
2969,val,9000,7987.407133363082,1012.5928666369182
1632,val,20000,7410.6651553695565,12589.334844630444
2882,val,15000,14363.65763843732,636.3423615626798
4203,val,7000,8211.177220094385,-1211.1772200943851
4666,val,15000,22147.481917419405,-7147.481917419405
1209,val,80000,82335.55329597971,-2335.553295979713
3282,val,16500,24152.523077554095,-7652.523077554095
3911,val,12000,16244.209193850671,-4244.209193850671
3482,val,13000,15352.679550658766,-2352.679550658766
2074,val,11500,8788.840066779632,2711.1599332203677
1835,val,16000,16793.135867775676,-793.1358677756762
4299,val,15500,19170.7684079815,-3670.768407981501
1123,val,80000,35982.39405142304,44017.60594857696
3306,val,11000,9585.14350348587,1414.8564965141304
2240,val,13500,10775.636738643554,2724.363261356446
1178,val,57000,44333.78012671356,12666.219873286442
1314,val,14500,23819.17542166228,-9319.17542166228
1981,val,75000,106517.93377449673,-31517.933774496734
4124,val,10000,9594.137454245803,405.8625457541966
3754,val,7000,11876.149592703707,-4876.149592703707
70,val,7500,5910.026424781446,1589.9735752185543
1918,val,6000,11067.263934692885,-5067.2639346928845
896,val,180000,159516.05443543888,20483.945564561116
3430,val,14000,13058.043766930034,941.9562330699664
1157,val,300000,287646.6073921295,12353.392607870512
4202,val,13000,10226.98790537113,2773.01209462887
3684,val,11000,8478.22812265609,2521.77187734391
4161,val,9500,10037.424215393074,-537.4242153930736
577,val,85000,48284.090736075705,36715.909263924295
3503,val,17000,13969.607908391949,3030.3920916080515
690,val,18000,19540.489289491354,-1540.4892894913537
2962,val,17000,13363.103088636177,3636.896911363823
3412,val,30000,24863.51668585436,5136.48331414564
2741,val,30000,23304.195442145996,6695.804557854004
416,val,6500,8130.073576731348,-1630.073576731348
555,val,190000,244370.40689136513,-54370.40689136513
3131,val,22000,14306.240423718682,7693.759576281318
3667,val,20000,15482.90822497941,4517.09177502059
1013,val,35000,49784.49475834253,-14784.494758342531
2979,val,6500,12967.6061254485,-6467.606125448499
4521,val,55000,46512.326535133936,8487.673464866064
1422,val,70000,39204.728469687885,30795.271530312115
4537,val,67000,48550.976463912346,18449.023536087654
3581,val,13000,12116.471643684312,883.5283563156881
4090,val,12000,8418.098103452501,3581.901896547499
1657,val,6900,8173.506055705842,-1273.5060557058423
71,val,16000,13665.002278934286,2334.9977210657144
4336,val,15000,26965.125428526542,-11965.125428526542
3580,val,6000,6901.058687576147,-901.0586875761473
1101,val,33000,24715.927103092945,8284.072896907055
3512,val,7500,6932.199788809902,567.8002111900978
1802,val,30000,33243.82342222928,-3243.8234222292813
481,val,10000,7121.444593506917,2878.555406493083
3923,val,12000,12592.953305831514,-592.9533058315137
1368,val,15000,20340.478086745436,-5340.478086745436
1970,val,30000,33294.00388436571,-3294.0038843657094
2028,val,10500,12312.230693805139,-1812.2306938051388
1393,val,60000,75351.3963035288,-15351.396303528803
4527,val,22000,20492.64852614658,1507.3514738534213
2827,val,18000,21446.038060992945,-3446.0380609929452
3623,val,17000,11836.416982716615,5163.583017283385
2374,val,11000,13099.920563018522,-2099.9205630185224
1460,val,17000,21382.037709509965,-4382.037709509965
4612,val,11000,13207.183753245752,-2207.183753245752
4009,test,38000,34247.454200871674,3752.5457991283256
3431,test,18000,15961.35333748196,2038.64666251804
3613,test,100000,156827.1791460146,-56827.17914601459
1455,test,700000,385003.5048953906,314996.4951046094
4349,test,15500,13379.231900456145,2120.768099543855
1004,test,35000,21812.581301226433,13187.418698773567
3898,test,9000,11532.906876033936,-2532.906876033936
2060,test,25000,38022.87470910954,-13022.874709109543
3677,test,11000,10437.713266325823,562.2867336741765
3204,test,23999,18231.669644074595,5767.3303559254055
608,test,41000,51645.556337609036,-10645.556337609036
1098,test,53000,73973.66926936457,-20973.669269364575
3165,test,7500,8880.963586314738,-1380.9635863147378
3819,test,10000,13876.055861608069,-3876.055861608069
435,test,5500,7385.3547076789955,-1885.3547076789955
848,test,50000,22596.506776053124,27403.493223946876
531,test,22000,22108.697061068287,-108.69706106828744
3153,test,15000,9242.234461705924,5757.765538294076
4712,test,5500,4961.729076256062,538.2709237439376
4101,test,12000,17873.15053144432,-5873.15053144432
3082,test,15000,23749.35940882971,-8749.35940882971
2896,test,25000,17459.89864294663,7540.101357053369
145,test,7000,11944.28853356601,-4944.28853356601
2025,test,35000,17676.264682995035,17323.735317004965
700,test,120000,92516.30489191224,27483.695108087762
2794,test,8500,10319.62074306324,-1819.6207430632403
2327,test,42000,37265.03288129627,4734.967118703731
632,test,65000,63046.74003808638,1953.2599619136236
150,test,7000,8946.624549231818,-1946.6245492318176
3152,test,5700,6797.9869062216985,-1097.9869062216985
3026,test,8900,6662.970595939057,2237.0294040609433
3805,test,10000,10262.178827027496,-262.1788270274956
2441,test,16500,15320.241012107746,1179.7589878922536
694,test,26000,22624.394278380874,3375.6057216191257
1814,test,11000,15197.285422262703,-4197.285422262703
2062,test,11000,12542.206589786232,-1542.2065897862321
928,test,110000,70707.3261095105,39292.6738904895
485,test,7000,8509.793588671471,-1509.7935886714713
2290,test,5000,6021.878964749076,-1021.8789647490757
1043,test,130000,50503.10771314589,79496.89228685411
2614,test,16000,9097.10224406444,6902.897755935561
3889,test,22000,18789.769208493246,3210.230791506754
2763,test,35000,45456.556230406895,-10456.556230406895
3555,test,5000,6100.976235596709,-1100.9762355967086
3811,test,32000,35594.085189845195,-3594.0851898451947
959,test,24000,17471.613105799708,6528.386894200292
279,test,4500,10270.496903233614,-5770.496903233614
1360,test,32000,28200.74222430392,3799.257775696082
4381,test,10000,12748.387081289278,-2748.3870812892783
676,test,20000,19003.0180524883,996.9819475117001
735,test,55000,54675.362939369414,324.63706063058635
2042,test,7000,10305.91138007966,-3305.9113800796604
2550,test,5000,9831.913001449011,-4831.913001449011
4606,test,25000,19277.39796578932,5722.6020342106785
2359,test,5000,8730.806670038763,-3730.8066700387626
627,test,40000,39460.00299765838,539.9970023416172
3652,test,7000,8676.518932162535,-1676.5189321625348
31,test,15000,12044.408902132915,2955.5910978670854
4091,test,5300,7456.398210695973,-2156.398210695973
2321,test,4000,8691.076598893715,-4691.076598893715
3439,test,15000,11513.637636637559,3486.362363362441
1942,test,12000,10632.306086754672,1367.693913245328
1575,test,32000,19762.810600201992,12237.189399798008
2890,test,15000,10065.555209004651,4934.444790995349
3134,test,5000,4889.840519033557,110.15948096644297
2219,test,10000,8470.783655971396,1529.216344028604
887,test,230000,238781.28200928154,-8781.282009281538
672,test,160000,83763.52234302541,76236.47765697459
2272,test,17000,19198.29562789289,-2198.2956278928905
422,test,12000,7485.8469941716485,4514.1530058283515
1318,test,55000,43191.177508508954,11808.822491491046
1331,test,55000,52620.47885141209,2379.5211485879117
174,test,9000,11455.42264673091,-2455.422646730911
182,test,12000,13750.230607981464,-1750.2306079814643
2940,test,24500,21721.64658119577,2778.3534188042286
2183,test,90000,16209.048362697478,73790.95163730253
502,test,3700,7723.797009567409,-4023.797009567409
2426,test,11500,10234.787209079286,1265.2127909207138
4365,test,57000,45433.50871771941,11566.491282280593
1060,test,35000,42251.35526650718,-7251.355266507177
184,test,12000,14531.57240936402,-2531.57240936402
3166,test,30000,42328.252791663166,-12328.252791663166
714,test,32000,37557.54361996424,-5557.543619964243
2663,test,37000,36432.776013025854,567.2239869741461
4604,test,15000,14400.039217726524,599.9607822734761
571,test,57000,58760.815684464025,-1760.8156844640253
587,test,32000,29420.31189731943,2579.6881026805713
272,test,6000,5064.378400544169,935.6215994558306
4507,test,16000,12311.382183375388,3688.617816624612
203,test,5000,5917.194601884702,-917.194601884702
2436,test,90000,88697.32081747879,1302.679182521213
3772,test,14000,11167.336823934544,2832.6631760654564
1349,test,78000,72805.34065036259,5194.659349637412
243,test,7000,12598.61213978967,-5598.6121397896695
3809,test,18500,17110.71277885066,1389.2872211493413
155,test,10000,8793.151087770204,1206.848912229796
3164,test,15000,15312.854757591054,-312.8547575910543
590,test,150000,126096.9884637152,23903.0115362848
4657,test,9000,6558.302659130162,2441.6973408698377
805,test,42000,20027.192513537568,21972.807486462432
1913,test,6000,6741.435553466547,-741.4355534665474
1627,test,20000,23302.774105601366,-3302.7741056013656
4210,test,15000,17480.51990205394,-2480.5199020539403
1321,test,90000,78684.5528873284,11315.447112671594
2393,test,20000,8075.160166057286,11924.839833942715
3021,test,14000,12571.40679877245,1428.5932012275498
4140,test,17000,14004.577640608972,2995.4223593910283
3355,test,10000,5869.885193788602,4130.114806211398
2438,test,25000,18987.95844972356,6012.041550276441
1044,test,40000,46375.94759182097,-6375.947591820972
2484,test,8500,8252.94799454072,247.05200545927983
1020,test,75000,74576.71598966443,423.2840103355702
4403,test,8500,9720.262725129296,-1220.262725129296
3382,test,8500,8694.311685385432,-194.3116853854317
2186,test,22000,25879.24831170673,-3879.2483117067313
4609,test,7500,7268.388355465702,231.61164453429774
1173,test,60000,40735.30529137974,19264.694708620264
4423,test,10000,8610.337040586764,1389.6629594132355
93,test,6000,4982.66313208953,1017.3368679104697
3148,test,18000,17386.196351018356,613.8036489816441
1352,test,90000,65225.048141065134,24774.951858934866
1011,test,26000,29826.788225806857,-3826.7882258068566
266,test,6000,9843.202732589287,-3843.202732589287
1242,test,35000,39553.478815063834,-4553.478815063834
363,test,5000,5483.990015125267,-483.99001512526684
3597,test,14500,19698.287027364888,-5198.287027364888
4097,test,22000,18498.25415308119,3501.7458469188095
4459,test,10000,10051.963692696698,-51.96369269669776
2356,test,24000,23533.390410240554,466.60958975944595
2589,test,100000,66569.5023017224,33430.4976982776
3123,test,90000,85153.18908520609,4846.81091479391
3600,test,9000,9731.59955210369,-731.5995521036893
2791,test,14000,13800.395461019527,199.60453898047308
579,test,80000,63062.34289843743,16937.657101562567
1138,test,17000,17336.74262787231,-336.74262787231055
1154,test,95000,95526.7227966312,-526.7227966312057
701,test,400000,266756.9028666933,133243.09713330673
669,test,65000,60387.829036974625,4612.170963025375
3252,test,13500,13641.93771305766,-141.9377130576595
1001,test,45000,43665.77322593743,1334.2267740625684
1322,test,43000,55552.455122374406,-12552.455122374406
618,test,80000,65810.67563785774,14189.324362142259
1867,test,8500,10739.196455870766,-2239.196455870766
4027,test,15000,10383.871540974933,4616.128459025067
3615,test,7500,6957.580450917935,542.4195490820648
3813,test,7000,9226.816193715968,-2226.8161937159675
4496,test,10000,10322.3769953418,-322.37699534179956
767,test,130000,171555.84670744775,-41555.84670744775
3403,test,10000,11638.713294062314,-1638.7132940623142
4549,test,11000,13827.06256361955,-2827.062563619549
2847,test,17000,14706.64334761122,2293.3566523887803
4479,test,15000,13247.981862675484,1752.018137324516
4209,test,26000,28449.731108333788,-2449.731108333788
629,test,38000,39735.01330133037,-1735.0133013303712
4322,test,7500,11897.946665235902,-4397.946665235902
2391,test,12000,9241.897174909747,2758.1028250902527
304,test,8000,6529.937999728554,1470.0620002714459
3260,test,25000,19416.92468327008,5583.075316729919
4560,test,13000,8673.40360974515,4326.59639025485
2916,test,17500,14328.631783148398,3171.3682168516025
3063,test,11000,11598.484225325437,-598.4842253254374
3642,test,13000,11449.613415093678,1550.3865849063222
1140,test,290000,131762.01856557807,158237.98143442193
4204,test,12000,16155.426079330082,-4155.426079330082
3214,test,25000,8881.048709913268,16118.951290086732
2279,test,11500,6750.2838107094085,4749.7161892905915
4217,test,8500,8079.0895942375055,420.9104057624945
2654,test,16000,13437.907195239604,2562.0928047603957
3240,test,16000,10233.208913689463,5766.791086310537
252,test,10000,15587.564000565197,-5587.564000565197
970,test,51500,84590.74465564587,-33090.744655645874
3743,test,10000,13328.833370657698,-3328.8333706576977
3124,test,14000,10525.999618252006,3474.0003817479937
448,test,5200,3327.628145814201,1872.3718541857988
173,test,18000,10661.677798936755,7338.322201063245
3874,test,48000,39884.619974857545,8115.3800251424545
132,test,16000,9104.538051426774,6895.4619485732255
1369,test,22000,34936.32327618396,-12936.32327618396
707,test,60000,69833.85412813559,-9833.854128135587
3755,test,6500,6813.6247824616685,-313.6247824616685
683,test,47000,40462.664769531686,6537.335230468314
986,test,150000,258553.03379088524,-108553.03379088524
3827,test,35000,28090.61550005969,6909.384499940312
4434,test,6500,6605.936536091278,-105.93653609127796
3107,test,15000,11883.983614577966,3116.0163854220336
729,test,23000,27082.215276390616,-4082.215276390616
4382,test,18000,18006.605739799368,-6.605739799368166
691,test,7500,20850.7660282254,-13350.7660282254
899,test,36000,43130.59404081632,-7130.594040816322
1282,test,25000,29970.36673145618,-4970.366731456179
3621,test,15000,13586.916763785315,1413.0832362146848
2963,test,15000,29054.2244221082,-14054.2244221082
773,test,40000,23462.982674452225,16537.017325547775
2318,test,20000,21454.2171988988,-1454.2171988988011
2372,test,18000,20221.977413740526,-2221.9774137405257
3830,test,35000,44113.47652765816,-9113.47652765816
1901,test,20000,16578.928342094896,3421.071657905104
3078,test,10000,8294.052671628599,1705.9473283714015
4075,test,6500,7041.633613946071,-541.6336139460709
778,test,25000,26825.947671957558,-1825.9476719575578
2001,test,19000,14131.98684305671,4868.013156943291
2653,test,17000,22107.10081693198,-5107.100816931979
103,test,25000,24180.30566953215,819.6943304678498
3105,test,16000,13592.05288245925,2407.9471175407507
1087,test,65000,40064.596945789686,24935.403054210314
1997,test,10000,9849.27539076101,150.72460923899052
3887,test,10000,11355.586187602676,-1355.5861876026756
1706,test,12000,11649.18659085028,350.8134091497195
3487,test,17000,18165.657810515808,-1165.6578105158078
3707,test,22000,27417.2428707985,-5417.242870798498
17,test,10000,8326.386353499556,1673.6136465004438
564,test,43000,75517.69412685742,-32517.694126857416
2838,test,75000,156128.43930212106,-81128.43930212106
763,test,80000,76824.29820821797,3175.701791782034
2088,test,16000,14495.014760458584,1504.9852395414164
3640,test,16000,13154.651371945945,2845.3486280540546
3695,test,7000,7507.879432642134,-507.8794326421339
1585,test,48000,61253.00104695529,-13253.001046955287
3644,test,15000,16272.26475305567,-1272.2647530556696
1034,test,75000,85782.09925766329,-10782.099257663285
4603,test,17000,15908.377600019163,1091.6223999808371
4037,test,18000,17093.020911669468,906.9790883305322
3753,test,37500,41091.882113848216,-3591.8821138482162
851,test,8000,44858.84752606979,-36858.84752606979
366,test,8000,11031.801402959514,-3031.8014029595142
239,test,5000,5351.799248176769,-351.79924817676874
412,test,36125,25202.452647580187,10922.547352419813
56,test,6000,8879.700205240812,-2879.7002052408116
607,test,20000,63888.0197831715,-43888.0197831715
3726,test,9500,11186.202310804509,-1686.2023108045087
4593,test,8000,11427.783377708549,-3427.783377708549
1493,test,10500,12610.372629270514,-2110.372629270514
2659,test,29000,41994.355755794386,-12994.355755794386
1474,test,38000,50074.05853760417,-12074.05853760417
176,test,7500,8557.366114768529,-1057.3661147685289
3018,test,18000,14952.614758263398,3047.3852417366015
2452,test,12000,8871.551884712275,3128.448115287725
3538,test,15000,11602.575746141723,3397.4242538582766
2414,test,9000,14059.805141081852,-5059.805141081852
932,test,70000,57204.6035768172,12795.3964231828
1694,test,17000,14983.667341111634,2016.3326588883665
1663,test,18000,12123.09138961033,5876.90861038967
526,test,75000,64556.521239178575,10443.478760821425
4197,test,12000,12344.659788712239,-344.6597887122389
2701,test,22000,25019.081460793077,-3019.081460793077
2345,test,18000,16570.0935872954,1429.9064127046004
2471,test,28000,16717.57826789295,11282.42173210705
1253,test,63000,69658.09572076579,-6658.095720765792
4095,test,20000,25379.42913758612,-5379.429137586121
65,test,8000,11064.693916081089,-3064.693916081089
2865,test,32000,34698.14205383955,-2698.142053839547
2149,test,15000,6934.010937731461,8065.989062268539
1765,test,10000,12312.222201762255,-2312.2222017622553
3939,test,9000,13607.69691281069,-4607.69691281069
4200,test,32000,36576.59887040271,-4576.598870402711
4629,test,8000,8900.95708784083,-900.9570878408304
4031,test,8500,11868.344101252374,-3368.3441012523745
186,test,18000,8985.518086672413,9014.481913327587
1568,test,4000,6284.536795934,-2284.536795934
4010,test,20000,22171.293164887094,-2171.2931648870945
1064,test,28000,35646.240916620256,-7646.240916620256
990,test,150000,146984.33530147938,3015.664698520617
573,test,57000,41744.67145855305,15255.32854144695
2876,test,10000,5392.298524938702,4607.701475061298
2706,test,18000,14289.787070909591,3710.2129290904086
3418,test,45000,71220.66997518366,-26220.669975183657
2946,test,5000,10195.06209850594,-5195.0620985059395
1763,test,11000,7376.694907229404,3623.3050927705963
106,test,14000,8783.248160888954,5216.751839111046
3859,test,75000,32991.63684653439,42008.36315346561
248,test,3200,17328.45237711533,-14128.452377115329
796,test,35000,33193.58012770263,1806.419872297367
4655,test,13000,14380.71906670789,-1380.7190667078903
3103,test,50000,50317.67177301707,-317.67177301707125
4261,test,6500,10046.131075149411,-3546.131075149411
4252,test,20000,15442.99524214815,4557.00475785185
3070,test,15000,17057.981195269032,-2057.9811952690325
3971,test,20000,15163.56035065108,4836.43964934892
356,test,13000,14844.766626789737,-1844.7666267897366
4402,test,22000,21655.61271695391,344.3872830460896
3909,test,8000,10989.105575626741,-2989.1055756267415
4451,test,6500,6742.516799137908,-242.51679913790758
517,test,45000,16437.601327543234,28562.398672456766
2080,test,24000,18748.086899406397,5251.913100593603
1274,test,85000,62122.66842412185,22877.331575878146
3626,test,10500,10794.24354868205,-294.24354868205046
1006,test,15000,18304.15294748302,-3304.1529474830204
4223,test,55000,43108.660357041656,11891.339642958344
609,test,65000,52408.53168230938,12591.468317690618
1780,test,30000,21364.522986132295,8635.477013867705
3159,test,8000,13195.197935454275,-5195.197935454275
2834,test,68000,37818.72235747326,30181.277642526737
1756,test,14000,21131.751875800648,-7131.751875800648
2102,test,15000,13223.862929480063,1776.137070519937
2839,test,110000,189012.88421994433,-79012.88421994433
2014,test,6000,6053.485364486036,-53.485364486035905
1022,test,140000,72914.8066236112,67085.1933763888
269,test,8000,9508.417244352064,-1508.4172443520638
1254,test,7500,15814.226960507718,-8314.226960507718
2179,test,13500,17206.46132564484,-3706.4613256448392
2570,test,12000,12947.396727473671,-947.3967274736715
148,test,5500,7824.9008825482615,-2324.9008825482615
696,test,40000,46178.14254985299,-6178.142549852993
4119,test,9000,11219.268723370309,-2219.268723370309
4286,test,10000,9122.037165419362,877.9628345806377
4267,test,20000,15302.447163002214,4697.552836997786
2514,test,7000,8244.367874048829,-1244.3678740488285
1119,test,300000,354595.44776010286,-54595.44776010286
41,test,12000,21896.40258653015,-9896.402586530148
3104,test,8000,7053.157827477335,946.8421725226654
3590,test,22000,13459.937170135765,8540.062829864235
316,test,8000,6803.209802367478,1196.790197632522
1053,test,14000,22701.668378703154,-8701.668378703154
886,test,17000,35584.33489627075,-18584.334896270753
2334,test,54000,75884.51439784085,-21884.514397840845
4343,test,8500,15596.06155864914,-7096.06155864914
4465,test,45000,56720.696709477066,-11720.696709477066
1702,test,16000,12301.620824554833,3698.3791754451668
3990,test,14000,13801.374734619769,198.6252653802312
539,test,85000,70774.28267136947,14225.717328630533
340,test,8500,10896.626719172646,-2396.6267191726456
477,test,22000,12759.848464112152,9240.151535887848
3099,test,6800,7013.49731187226,-213.49731187226007
3185,test,12000,7316.0293148283545,4683.9706851716455
1875,test,7000,6518.47229861646,481.52770138354026
2204,test,8000,11522.969408173738,-3522.969408173738
1327,test,34999,29480.399614627877,5518.600385372123
1550,test,30000,17185.209899668473,12814.790100331527
946,test,11000,22503.25220189181,-11503.25220189181
3881,test,7500,10013.412593604082,-2513.412593604082
1714,test,380000,197978.61089270088,182021.38910729912
1359,test,22000,20774.98394825361,1225.0160517463883
267,test,15000,8141.256938704902,6858.743061295098
4046,test,22000,27446.222662455242,-5446.222662455242
2495,test,7500,7550.487588405364,-50.48758840536357
3587,test,7000,11879.477301186309,-4879.477301186309
1264,test,53000,22476.860619886596,30523.139380113404
0,test,10000,11611.937910213423,-1611.9379102134226
1885,test,17000,14963.513338121256,2036.4866618787437
2365,test,10000,14545.106915918419,-4545.106915918419
3407,test,14000,12931.734165386113,1068.265834613887
4011,test,15000,20090.553550066612,-5090.553550066612
2527,test,12000,14771.964686382264,-2771.9646863822636
1071,test,24000,20881.187520948028,3118.8124790519723
4236,test,13000,11013.114962534146,1986.885037465854
2995,test,40000,25962.720768176623,14037.279231823377
57,test,6000,13252.954779802469,-7252.954779802469
1524,test,16000,11156.005047291163,4843.994952708837
4332,test,21000,18752.530986727772,2247.469013272228
1434,test,250000,232275.25300805466,17724.746991945343
2686,test,33000,20892.298445414286,12107.701554585714
1675,test,25000,16460.6389746997,8539.361025300299
3550,test,10000,13609.355470064325,-3609.3554700643253
3899,test,35000,26924.072389443038,8075.9276105569625
225,test,3500,7319.323199465455,-3819.323199465455
3736,test,10000,25600.781833830508,-15600.781833830508
2258,test,15000,10394.095710878533,4605.904289121467
4222,test,10000,11810.03324621584,-1810.0332462158403
2083,test,62000,36780.96953437652,25219.03046562348
3628,test,10000,14368.00682806619,-4368.006828066191
3465,test,12000,10657.135924485434,1342.8640755145661
3424,test,7000,8718.433781422364,-1718.4337814223636
1479,test,50000,25251.736338225783,24748.263661774217
3703,test,12500,12641.443800829207,-141.44380082920725
2482,test,36000,27778.34727132299,8221.65272867701
2440,test,12000,12958.19551287008,-958.1955128700793
2673,test,5000,7321.722644058712,-2321.722644058712
1005,test,60000,39580.58270854137,20419.41729145863
699,test,140000,66338.64575444955,73661.35424555045
3650,test,30000,35615.69992692009,-5615.69992692009
3290,test,13000,11024.00778270088,1975.9922172991191
1073,test,70000,73929.78145881898,-3929.7814588189794
2640,test,13000,23822.203150224042,-10822.203150224042
3001,test,20000,12386.027927343952,7613.972072656048
4498,test,15000,14027.344505942721,972.6554940572787
3000,test,11000,9270.835605110393,1729.1643948896071
1535,test,10000,11033.66444537073,-1033.6644453707304
424,test,9000,16673.736867020845,-7673.736867020845
3693,test,100000,87122.0120409462,12877.987959053804
1255,test,30000,19011.528768640004,10988.471231359996
2774,test,21000,19276.78175850207,1723.2182414979288
4532,test,19000,21936.363959884857,-2936.3639598848567
3319,test,14000,10973.594418163555,3026.405581836445
1358,test,45000,38273.64401593711,6726.355984062888
1058,test,11000,35486.050043599855,-24486.050043599855
3985,test,10000,8396.622220086616,1603.377779913384
2434,test,50000,36510.914016923,13489.085983076999
588,test,350000,460061.6062216293,-110061.6062216293
3071,test,21000,19547.89001856606,1452.1099814339395
1977,test,5000,8423.807209051736,-3423.807209051736
1665,test,14000,11040.99286336234,2959.0071366376596
4696,test,6000,8862.346637570221,-2862.346637570221
3614,test,14000,12057.75883904568,1942.2411609543196
35,test,15000,9883.815504990287,5116.184495009713
3843,test,12000,10836.396220876612,1163.6037791233884
2421,test,29000,15278.82474101449,13721.17525898551
2233,test,9000,6856.727847805924,2143.2721521940757
4624,test,6000,7361.747799028241,-1361.7477990282414
112,test,20000,7305.0776776827815,12694.92232231722
3937,test,5000,5639.788253370781,-639.7882533707807
2526,test,11000,9098.661249410461,1901.338750589539
594,test,210000,149270.1574314489,60729.8425685511
877,test,48000,28681.43780553433,19318.56219446567
2904,test,3500,5740.847885164492,-2240.8478851644923
1611,test,9500,11357.301937046774,-1857.3019370467737
2569,test,70000,36091.4218027563,33908.5781972437
3470,test,12000,15391.655922850809,-3391.6559228508086
2917,test,14500,30152.425535208757,-15652.425535208757
4082,test,8500,8066.988245332868,433.01175466713175
3045,test,33000,19247.081618889446,13752.918381110554
3766,test,11500,10023.813511020742,1476.1864889792578
4107,test,15000,9206.134960307703,5793.865039692297
1911,test,21500,20774.64164555774,725.3583544422618
4355,test,20000,17286.981607640024,2713.018392359976
979,test,45000,68354.72275545361,-23354.722755453608
1513,test,25000,14196.446145806727,10803.553854193273
2109,test,10000,6504.092585742236,3495.907414257764
4436,test,12000,13215.516505811747,-1215.5165058117473
1820,test,55000,62333.08586562869,-7333.085865628687
126,test,8000,7397.415107546174,602.5848924538259
4544,test,17000,25662.746252258294,-8662.746252258294
807,test,90000,135114.9797458013,-45114.979745801305
2325,test,8500,8750.386733960959,-250.38673396095874
3206,test,16000,14181.02454682839,1818.9754531716098
2349,test,4500,7630.6768450007,-3130.6768450007003
491,test,13000,10783.141475398525,2216.8585246014754
3618,test,16500,11116.338633490634,5383.661366509366
1445,test,230000,280853.7088967046,-50853.7088967046
2587,test,32000,28780.1809017056,3219.8190982943997
1109,test,250000,271135.4153792821,-21135.415379282087
1778,test,6000,7360.488263189675,-1360.4882631896753
2403,test,14000,19344.543199840777,-5344.543199840777
1017,test,250000,222379.17687579535,27620.823124204646
2957,test,12500,16047.415754555823,-3547.415754555823
2988,test,10500,12243.193524272338,-1743.1935242723375
4062,test,22000,38886.338532906615,-16886.338532906615
3272,test,35000,32482.729949179986,2517.270050820014
3335,test,22000,21662.49378251989,337.5062174801096
2486,test,7500,7656.939728155594,-156.9397281555939
3003,test,22000,68156.8875980568,-46156.8875980568
7,test,5000,5189.682826238799,-189.68282623879895
4508,test,7500,10168.586814089256,-2668.586814089256
4630,test,15000,9930.203740249814,5069.796259750186
3417,test,12000,11159.485488097233,840.5145119027675
3979,test,40000,27133.711039067664,12866.288960932336
4196,test,9500,9740.169544258151,-240.1695442581513
3546,test,10500,11167.686918187983,-667.6869181879829
3215,test,12000,11820.892140990847,179.1078590091529
4117,test,50000,44688.69170031,5311.3082996899975
3861,test,10000,17527.35895475448,-7527.35895475448
1581,test,11400,17975.91177391389,-6575.911773913889
3351,test,16000,19048.4179547255,-3048.4179547255007
4002,test,35000,37680.107295237765,-2680.1072952377654
1229,test,62000,30053.862456328563,31946.137543671437
4178,test,9500,11044.424601223556,-1544.4246012235562
4158,test,22000,13588.889036551496,8411.110963448504
771,test,60000,52831.57714036047,7168.422859639533
945,test,28000,21759.017932092625,6240.982067907375
4570,test,13000,9013.167398444395,3986.832601555605
655,test,75000,74367.12922439782,632.8707756021759
3094,test,12000,10976.25403270934,1023.7459672906607
89,test,8500,10279.12697403816,-1779.1269740381595
2680,test,30000,28344.333217635067,1655.6667823649332
1595,test,16000,9629.11487309665,6370.885126903349
3732,test,10000,14112.245557951239,-4112.245557951239
4323,test,13000,12606.55026987707,393.4497301229294
4173,test,20000,16999.78422966208,3000.21577033792
941,test,22000,17548.782525971128,4451.217474028872
3829,test,32000,20906.512694336117,11093.487305663883
889,test,8500,21359.864499752715,-12859.864499752715
2730,test,14000,11271.478271297168,2728.5217287028318
1413,test,85000,112236.68692223204,-27236.68692223204
4553,test,6500,7440.894733402381,-940.8947334023806
2544,test,40000,50742.265784888565,-10742.265784888565
1556,test,16000,16533.858409362932,-533.8584093629324
1495,test,17000,17989.548195939486,-989.5481959394856
164,test,40000,18014.490870803922,21985.509129196078
1829,test,18000,9280.533156941918,8719.466843058082
1159,test,40000,40544.66964996103,-544.6696499610334
2215,test,48000,40458.42316507501,7541.576834924992
3334,test,9500,13258.575525560229,-3758.575525560229
3062,test,12500,9368.017892592869,3131.9821074071315
190,test,13000,11570.954615967301,1429.045384032699
4297,test,8000,6709.740856959367,1290.2591430406328
4220,test,14000,11443.477120683092,2556.522879316908
4491,test,10500,10544.546235180405,-44.54623518040535
3957,test,6000,8001.829676002749,-2001.8296760027488
4146,test,9000,9747.791076941623,-747.791076941623
33,test,5000,9705.028582243121,-4705.0285822431215
3270,test,16000,13242.58778887366,2757.4122111263405
1972,test,15000,11580.488295983505,3419.511704016495
3738,test,8000,10083.440078827165,-2083.440078827165
2442,test,4500,6124.419540344272,-1624.4195403442718
1175,test,35000,29755.303744329125,5244.696255670875
914,test,27000,22407.789793659435,4592.2102063405655
2192,test,7500,8320.513037406397,-820.5130374063974
1220,test,46000,49275.896179686606,-3275.896179686606
4341,test,60000,51693.47760820606,8306.522391793937
4356,test,12500,11713.51678283131,786.4832171686903
2682,test,13000,20780.73432042857,-7780.734320428572
1724,test,10500,11850.856038250571,-1350.8560382505711
2650,test,190000,116160.89935519888,73839.10064480112
151,test,3500,5227.311715878144,-1727.3117158781442
420,test,10000,6430.702461248042,3569.297538751958
4518,test,9000,9875.37626627124,-875.3762662712397
1874,test,15000,11260.617946935288,3739.3820530647117
136,test,5000,7130.380228424868,-2130.3802284248677
3853,test,5000,6089.0277722476485,-1089.0277722476485
3435,test,90000,57409.78768773862,32590.212312261378
3357,test,15000,10514.458273835602,4485.541726164398
3038,test,35000,29336.24829303897,5663.751706961029
4008,test,15000,16402.026304015395,-1402.026304015395
4710,test,25000,18624.562608136643,6375.437391863357
2580,test,27000,13280.060376776155,13719.939623223845
3757,test,34000,35300.77978507894,-1300.779785078943
4574,test,13000,12801.666264905401,198.33373509459852
2524,test,12000,23475.514028158712,-11475.514028158712
1774,test,17000,17838.865417486428,-838.8654174864278
389,test,10000,10142.136036505619,-142.1360365056189
716,test,33000,31157.810706382355,1842.1892936176446
2954,test,16500,15229.311999717751,1270.688000282249
3885,test,8200,7201.073843168118,998.9261568318816
721,test,100000,45197.214467897036,54802.785532102964
1194,test,25000,41372.842367150086,-16372.842367150086
1852,test,24000,29240.31926607901,-5240.319266079008
3869,test,75000,189367.65316469513,-114367.65316469513
3084,test,24000,16799.087728203678,7200.912271796322
1534,test,30000,10665.280544861012,19334.719455138988
1999,test,24000,22169.585565700996,1830.414434299004
3965,test,10500,10239.654377113806,260.3456228861942
1819,test,7500,7498.0117362116,1.988263788400218
1084,test,160000,85909.44453897062,74090.55546102938
1771,test,15000,14578.643787613597,421.35621238640306
3060,test,27000,29591.374858044524,-2591.3748580445244
4526,test,12500,11654.920711980774,845.0792880192257
3375,test,7000,10994.783814892518,-3994.7838148925184
1231,test,80000,64175.20407098688,15824.795929013118
2586,test,14000,12133.55417254917,1866.4458274508306
1768,test,16000,15366.740471565108,633.2595284348918
202,test,15000,10012.71840529534,4987.28159470466
2862,test,14000,15604.297073529564,-1604.297073529564
47,test,12000,7105.943506525665,4894.056493474335
1365,test,350000,259610.8610190488,90389.13898095119
4226,test,27000,22837.073427774318,4162.926572225682
4072,test,25000,16661.662423263595,8338.337576736405
2958,test,14000,11953.64889016838,2046.3511098316194
2688,test,70000,36600.62837226281,33399.37162773719
1279,test,52000,24203.07951993697,27796.92048006303
4509,test,35000,47671.729591079544,-12671.729591079544
1204,test,25000,14160.432370548373,10839.567629451627
3655,test,10500,13961.27044781905,-3461.27044781905
2167,test,18000,15719.170666976966,2280.8293330230335
2931,test,7000,10947.197028123204,-3947.1970281232043
3091,test,9000,9155.079093182596,-155.0790931825959
1900,test,25000,14140.504776310552,10859.495223689448
2146,test,17000,16991.300192041763,8.699807958237216
4590,test,15000,13249.672745181415,1750.327254818585
2982,test,15000,8002.254971404298,6997.745028595702
2602,test,29000,47878.14344895959,-18878.143448959592
528,test,60000,28675.617529460236,31324.382470539764
3136,test,15000,20239.395672636903,-5239.395672636903
1143,test,250000,381458.3962219994,-131458.39622199943
3199,test,70000,47442.27058847225,22557.729411527747
493,test,6000,5816.827261241648,183.17273875835235
2176,test,16000,15839.980018938866,160.01998106113388
4699,test,13000,11721.971709472871,1278.0282905271288
1471,test,54500,51917.26061334878,2582.739386651221
2636,test,130000,213224.76527614793,-83224.76527614793
4183,test,12333,9824.390911578283,2508.6090884217174
2411,test,95000,92984.92960913127,2015.0703908687283
1038,test,70000,66710.68137706535,3289.3186229346466
4164,test,15000,22632.6093490769,-7632.609349076902
4374,test,18000,11637.982308725328,6362.017691274672
2160,test,10000,8011.380677998002,1988.6193220019977
4682,test,20000,16869.227557902843,3130.772442097157
2174,test,10000,15030.426028124377,-5030.426028124377
2312,test,85000,88010.75221964844,-3010.752219648435
3903,test,60000,37936.43737727826,22063.562622721744
2085,test,18000,15546.943225347526,2453.056774652474
4535,test,18500,16396.380582971036,2103.6194170289637
1099,test,85000,72258.08867543624,12741.911324563756
1407,test,6500,21795.830213397487,-15295.830213397487
1179,test,130000,88707.55965596504,41292.440344034956
353,test,6500,5599.1723787992205,900.8276212007795
741,test,320000,418417.28064539534,-98417.28064539534
4245,test,30000,26937.69374969099,3062.3062503090114
1490,test,90000,79081.25807749346,10918.741922506539
264,test,8000,9640.13014726369,-1640.1301472636897
2520,test,35000,10140.14884702948,24859.85115297052
4719,test,30000,36272.89803164715,-6272.89803164715
1846,test,12000,17430.112268625253,-5430.112268625253
611,test,85000,63621.76163464094,21378.23836535906
4620,test,20000,12603.032160495835,7396.967839504165
3245,test,20000,13505.006117455987,6494.993882544013
4523,test,35000,21874.237011097426,13125.762988902574
4006,test,12500,14032.654228408315,-1532.6542284083152
3004,test,6000,11553.765151156864,-5553.765151156864
2029,test,8000,8898.305531823338,-898.3055318233382
2262,test,8000,10944.267128206897,-2944.267128206897
572,test,27000,30561.838477980713,-3561.838477980713
1787,test,16500,15806.982712782346,693.0172872176536
1547,test,7500,9126.98815784716,-1626.9881578471595
871,test,85000,70708.29388240883,14291.706117591166
1928,test,35000,19702.70136184886,15297.29863815114
4432,test,10000,13366.902867182765,-3366.9028671827655
1924,test,6000,7469.919011907723,-1469.919011907723
456,test,9500,7051.405655572728,2448.5943444272716
3870,test,250000,183783.8187461264,66216.1812538736
4264,test,14000,15298.975389693533,-1298.9753896935326
329,test,3000,4471.062745733173,-1471.062745733173
1786,test,17000,12388.897550210599,4611.102449789401
280,test,7000,7148.398808800602,-148.39880880060173
2095,test,26000,28466.998566168622,-2466.9985661686223
2773,test,19500,13047.685873170714,6452.314126829286
2857,test,22999,21787.811029679284,1211.1889703207162
3801,test,9000,9303.65877142826,-303.65877142825957
635,test,32000,26412.11440694218,5587.885593057821
1152,test,26500,23353.402307538923,3146.597692461077
1985,test,13500,7122.584793571543,6377.415206428457
3390,test,13000,20564.627292673675,-7564.627292673675
3747,test,8000,5810.988406875016,2189.011593124984
1177,test,20000,19671.786923910277,328.2130760897235
2144,test,7700,8144.124511637853,-444.1245116378532
4733,test,29000,20570.527786634375,8429.472213365625
832,test,55000,68840.46366918435,-13840.463669184348
425,test,5000,5909.989883524696,-909.9898835246959
1821,test,11000,14902.854885298366,-3902.854885298366
3426,test,10000,9661.193317071538,338.80668292846167
1212,test,20000,18260.713975268285,1739.2860247317149
3473,test,12000,13829.279628127075,-1829.2796281270748
1898,test,12000,14418.649229076484,-2418.6492290764836
4552,test,7500,7224.862468723504,275.1375312764958
1872,test,9000,12785.13434505877,-3785.13434505877
1754,test,14500,18170.245008729747,-3670.2450087297475
1320,test,45000,62161.16903580163,-17161.169035801628
1012,test,42000,36388.179327893624,5611.820672106376
3067,test,34000,46193.206343526654,-12193.206343526654
1435,test,150000,62643.00292732269,87356.9970726773
903,test,50000,37131.0987933565,12868.901206643503
2775,test,20000,18258.048046777247,1741.9519532227532
1275,test,40000,36068.47640561192,3931.5235943880834
2874,test,18000,12577.104847231605,5422.895152768395
1565,test,20000,16487.670508107443,3512.3294918925567
963,test,52000,48246.91120486932,3753.0887951306795
2984,test,7600,10708.351874134087,-3108.3518741340868
2922,test,90000,59604.09211773967,30395.907882260333
1501,test,17000,15291.404396453803,1708.5956035461968
3178,test,12000,10247.399458691225,1752.600541308775
159,test,6000,6471.083406006377,-471.0834060063771
2579,test,24000,21635.625757102876,2364.3742428971236
3967,test,9000,10097.671079562651,-1097.6710795626514
1151,test,75000,63781.600428322585,11218.399571677415
3855,test,14000,13817.793880715119,182.20611928488142
3947,test,13000,13040.355767814523,-40.35576781452255
2462,test,40000,29335.044173311966,10664.955826688034
4248,test,7500,9459.376116528976,-1959.3761165289761
4168,test,5500,6668.960078730744,-1168.9600787307436
1860,test,14000,15023.793589049708,-1023.7935890497083
666,test,55000,106430.15908495497,-51430.15908495497
770,test,120000,99153.86406783531,20846.13593216469
4076,test,11000,12697.55066040167,-1697.55066040167
1938,test,7000,8838.413927974601,-1838.4139279746014
3514,test,34000,22096.049670201606,11903.950329798394
4175,test,7500,7415.6450077837535,84.3549922162465
2713,test,6000,10044.575509385702,-4044.5755093857024
1363,test,23000,25775.650866927117,-2775.650866927117
3475,test,26000,13956.70380123591,12043.29619876409
2714,test,18000,13101.353317855239,4898.646682144761
4334,test,12000,11975.861856351756,24.138143648244295
2696,test,13500,11584.663122760048,1915.3368772399517
1297,test,55000,51501.186718548364,3498.8132814516357
2316,test,16000,17342.889423942288,-1342.889423942288
537,test,28000,23917.44227863712,4082.5577213628785
1409,test,69999,78087.29270806232,-8088.292708062319
3574,test,9500,11340.507609879423,-1840.5076098794234
1651,test,32900,21261.863872843645,11638.136127156355
3117,test,8000,5297.713095679373,2702.2869043206274
1769,test,5000,6135.025706037389,-1135.0257060373888
3820,test,13500,11214.78015942006,2285.219840579941
1333,test,25000,29382.081022095328,-4382.081022095328
4275,test,12000,12318.288074927785,-318.2880749277847
1596,test,10000,11450.557676200158,-1450.5576762001583
369,test,9000,7086.149523848982,1913.8504761510176
4368,test,32000,19278.91422041436,12721.08577958564
2606,test,8000,11031.502979967077,-3031.5029799670774
4385,test,13000,7740.226643661335,5259.773356338665
3352,test,26000,32818.69593543508,-6818.6959354350765
1298,test,66000,45139.08640893982,20860.913591060184
748,test,130000,82646.74097952049,47353.25902047951
2320,test,5000,12322.072218444548,-7322.072218444548
4534,test,200000,102495.38195073273,97504.61804926727
2767,test,18000,13121.74262675988,4878.25737324012
4155,test,12500,13509.490614898472,-1009.4906148984719
2113,test,7500,8250.129111082972,-750.1291110829716
2114,test,16000,15164.446007131617,835.5539928683829
4073,test,13000,8729.465127246876,4270.534872753124
576,test,95000,73147.2061151481,21852.793884851897
2645,test,7000,12702.60007011515,-5702.60007011515
907,test,34000,27759.696783426105,6240.303216573895
1689,test,18000,15109.574033589457,2890.425966410543
3501,test,7000,6396.671967451775,603.3280325482247
3699,test,13000,7723.508660509482,5276.491339490518
4577,test,4000,6991.758362856833,-2991.7583628568327
612,test,50000,37985.52550125684,12014.474498743162
2340,test,19000,19206.125867037408,-206.12586703740817
2292,test,12000,9631.733679970848,2368.2663200291518
1313,test,23000,22646.947327586015,353.0526724139854
3744,test,10000,11474.659685620105,-1474.659685620105
4081,test,20000,28338.702619434833,-8338.702619434833
3340,test,33000,48117.58186520824,-15117.581865208238
4493,test,16000,12654.150920169755,3345.8490798302446
